environment,agent,metric,n_seeds,minimum,maximum,median,mad,skew,excess_kurtosis,catastrophic_low_outliers,catastrophic_high_outliers,heavy_tail_flag
Crazyflie-sensorized-motor-control-shift,double_dqn,return_auc,30,-10.127531105552585,-7.1792994747707475,-8.370106170148496,0.45014605289582654,-0.5781935176554882,-0.10751742783135887,0,0,False
Crazyflie-sensorized-motor-control-shift,double_dqn,mean_return,30,-10.999064087557684,-6.375002201016372,-8.488480927798024,0.8149198059431466,-0.10856626299687873,-0.3537467355169541,0,0,False
Crazyflie-sensorized-motor-control-shift,dqn,return_auc,30,-9.829622589922085,-7.374227257552382,-8.62408135037271,0.3731192971953332,0.22269208182651784,-0.26784752429586733,0,0,False
Crazyflie-sensorized-motor-control-shift,dqn,mean_return,30,-10.427389669959899,-6.5296865044938555,-8.670962608813657,0.8864843030601826,0.2796414002356446,-1.0406620656894736,0,0,False
Crazyflie-sensorized-motor-control-shift,fuzzy_reliability,return_auc,30,-10.127531105552585,-7.1792994747707475,-8.370106170148496,0.45014605289582654,-0.5801175765469149,-0.07750394220027523,0,0,False
Crazyflie-sensorized-motor-control-shift,fuzzy_reliability,mean_return,30,-10.999064087557684,-6.375002201016372,-8.488480927798024,0.8149198059431466,-0.07026034791763425,-0.34386036540159504,0,0,False
Crazyflie-sensorized-motor-control-shift,sensorized_controller,return_auc,30,-3.32318039375921,0.19684506384339612,-1.5165079320798762,0.5089933366468515,-0.3923688347069736,0.5431989947238294,0,0,False
Crazyflie-sensorized-motor-control-shift,sensorized_controller,mean_return,30,-4.3530444729942825,1.9606273372067378,-1.2446011207229069,0.7666176744119828,0.11481801414846766,0.9187241651491562,0,0,False
