environment,metric,left,right,n_pairs,mean_difference,median_difference,bootstrap_ci_low,bootstrap_ci_high,cohen_dz,rank_biserial,paired_t_p,wilcoxon_p,sign_test_p,wins,losses,ties,difference_skew,difference_excess_kurtosis,catastrophic_low_outliers,catastrophic_high_outliers,win_rate_non_ties,contrast,paired_t_holm_p,wilcoxon_holm_p,sign_test_holm_p,analysis_status
Crazyflie-sensorized-motor-control-shift,risk_adjusted_score,double_dqn,dqn,30,-0.0008307027905513544,-0.0010379453350166197,-0.0031483040003550985,0.0013736555288737869,-0.1288857486942473,-0.0967741935483871,0.48586061156110827,0.6554384250193834,0.36159460805356514,12,18,0,-0.4806427787015465,0.6486981034307395,0,0,0.4,double_dqn_vs_dqn,0.9659925737996489,1.0,0.7231892161071303,main_sensorized_motor_control_sil_validation
Crazyflie-sensorized-motor-control-shift,risk_adjusted_score,fuzzy_reliability,dqn,30,-0.0008349581095958562,-0.0007910731997970637,-0.003158141327292876,0.0013600619314569063,-0.12974079815428863,-0.11397849462365592,0.48299628689982443,0.5978077705949545,0.36159460805356514,12,18,0,-0.4825043903615209,0.6702099316002172,0,0,0.4,fuzzy_reliability_vs_dqn,0.9659925737996489,1.0,0.7231892161071303,main_sensorized_motor_control_sil_validation
Crazyflie-sensorized-motor-control-shift,risk_adjusted_score,fuzzy_reliability,sensorized_controller,30,-0.47883743416320085,-0.4676374965877135,-0.5277610153662952,-0.4320723835276287,-3.5357406116978365,-1.0,3.9233020103681826e-18,1.862645149230957e-09,1.862645149230957e-09,0,30,0,-0.6199150459110434,1.49330107131897,0,0,0.0,fuzzy_reliability_vs_sensorized_controller,1.1769906031104548e-17,5.587935447692871e-09,5.587935447692871e-09,main_sensorized_motor_control_sil_validation
