result_family,environment,agent,seed_aggregation_level,seed_source_file,seed_source_column,seed_n_seed_rows,seed_n_finite_returns,seed_nonfinite_returns_dropped,seed_mean_return,seed_minimum_return,seed_return_quantile_0_05,seed_worst_decile_mean_return,seed_cvar_0_10_return,seed_cvar_0_10_tail_count,seed_cvar_0_05_return,seed_cvar_0_05_tail_count,seed_cvar_0_05_available,seed_cvar_0_05_reason,seed_failure_probability,seed_failure_probability_n,seed_failure_probability_reason,seed_collision_rate,seed_collision_rate_n,seed_collision_rate_reason,seed_risk_zone_rate,seed_risk_zone_rate_n,seed_risk_zone_rate_reason,seed_motor_saturation_rate,seed_motor_saturation_rate_n,seed_motor_saturation_rate_reason,episode_aggregation_level,episode_source_file,episode_source_column,episode_n_episode_rows,episode_n_finite_returns,episode_nonfinite_returns_dropped,episode_n_seeds,episode_final_checkpoint_min,episode_final_checkpoint_max,episode_mean_return,episode_minimum_return,episode_return_quantile_0_05,episode_worst_decile_mean_return,episode_cvar_0_10_return,episode_cvar_0_10_tail_count,episode_cvar_0_05_return,episode_cvar_0_05_tail_count,episode_cvar_0_05_available,episode_cvar_0_05_reason,checkpoint_source_file,checkpoint_source_column,n_checkpoints,worst_checkpoint,worst_checkpoint_return,maximum_learning_curve_drawdown
adaptive_gate_compact_validation,CliffWalking-adaptive,count_gated_tau_20,seed,results/adaptive_gate_compact_validation/seed_metrics.csv,mean_return,30,30,0,-13,-13,-13,-13,-13,3,-13,2,True,,0,30,,0,30,,0,30,,,0,source column motor_saturation_rate is absent,episode,results/adaptive_gate_compact_validation/raw.csv.gz,return,900,900,0,30,10000,10000,-13,-13,-13,-13,-13,90,-13,45,True,,results/adaptive_gate_compact_validation/raw.csv.gz,return,5,2000,-1437.2,0
adaptive_gate_compact_validation,CliffWalking-adaptive,fuzzy_support_adaptive,seed,results/adaptive_gate_compact_validation/seed_metrics.csv,mean_return,30,30,0,-13,-13,-13,-13,-13,3,-13,2,True,,0,30,,0,30,,0,30,,,0,source column motor_saturation_rate is absent,episode,results/adaptive_gate_compact_validation/raw.csv.gz,return,900,900,0,30,10000,10000,-13,-13,-13,-13,-13,90,-13,45,True,,results/adaptive_gate_compact_validation/raw.csv.gz,return,5,2000,-704.6,0
adaptive_gate_compact_validation,CliffWalking-adaptive,support_abstain_tau_20,seed,results/adaptive_gate_compact_validation/seed_metrics.csv,mean_return,30,30,0,-13.0388888889,-14.1666666667,-13,-13.3888888889,-13.3888888889,3,-13.5833333333,2,True,,0,30,,0,30,,0,30,,,0,source column motor_saturation_rate is absent,episode,results/adaptive_gate_compact_validation/raw.csv.gz,return,900,900,0,30,10000,10000,-13.0388888889,-18,-13,-13.3888888889,-13.3888888889,90,-13.7777777778,45,True,,results/adaptive_gate_compact_validation/raw.csv.gz,return,5,2000,-869.6,0
adaptive_gate_compact_validation,CliffWalking-adaptive,tabular,seed,results/adaptive_gate_compact_validation/seed_metrics.csv,mean_return,30,30,0,-13,-13,-13,-13,-13,3,-13,2,True,,0,30,,0,30,,0,30,,,0,source column motor_saturation_rate is absent,episode,results/adaptive_gate_compact_validation/raw.csv.gz,return,900,900,0,30,10000,10000,-13,-13,-13,-13,-13,90,-13,45,True,,results/adaptive_gate_compact_validation/raw.csv.gz,return,5,2000,-1238.21,0
adaptive_gate_compact_validation,CliffWalking-adaptive,validated_dqn,seed,results/adaptive_gate_compact_validation/seed_metrics.csv,mean_return,30,30,0,-500,-500,-500,-500,-500,3,-500,2,True,,1,30,,0,30,,0,30,,,0,source column motor_saturation_rate is absent,episode,results/adaptive_gate_compact_validation/raw.csv.gz,return,900,900,0,30,10000,10000,-500,-500,-500,-500,-500,90,-500,45,True,,results/adaptive_gate_compact_validation/raw.csv.gz,return,5,2000,-7100,0
adaptive_gate_compact_validation,FourRooms-9-support-shift-adaptive,count_gated_tau_20,seed,results/adaptive_gate_compact_validation/seed_metrics.csv,mean_return,30,30,0,-2.09176666667,-2.98566666667,-2.80116666667,-2.85966666667,-2.85966666667,3,-2.91366666667,2,True,,0.796666666667,30,,0,30,,0,30,,,0,source column motor_saturation_rate is absent,episode,results/adaptive_gate_compact_validation/raw.csv.gz,return,900,900,0,30,12000,12000,-2.09176666667,-3.16,-3.09,-3.09688888889,-3.09688888889,90,-3.11488888889,45,True,,results/adaptive_gate_compact_validation/raw.csv.gz,return,6,4000,-2.44695555556,0.0662222222222
adaptive_gate_compact_validation,FourRooms-9-support-shift-adaptive,fuzzy_support_adaptive,seed,results/adaptive_gate_compact_validation/seed_metrics.csv,mean_return,30,30,0,-2.19026666667,-2.89733333333,-2.63368333333,-2.72122222222,-2.72122222222,3,-2.76783333333,2,True,,0.812222222222,30,,0,30,,0,30,,,0,source column motor_saturation_rate is absent,episode,results/adaptive_gate_compact_validation/raw.csv.gz,return,900,900,0,30,12000,12000,-2.19026666667,-3.16,-3.1,-3.10122222222,-3.10122222222,90,-3.11622222222,45,True,,results/adaptive_gate_compact_validation/raw.csv.gz,return,6,4000,-2.42097777778,0.0481555555556
adaptive_gate_compact_validation,FourRooms-9-support-shift-adaptive,support_abstain_tau_20,seed,results/adaptive_gate_compact_validation/seed_metrics.csv,mean_return,30,30,0,-1.05321111111,-1.449,-1.32443333333,-1.36322222222,-1.36322222222,3,-1.40516666667,2,True,,0.584444444444,30,,0,30,,0,30,,,0,source column motor_saturation_rate is absent,episode,results/adaptive_gate_compact_validation/raw.csv.gz,return,900,900,0,30,12000,12000,-1.05321111111,-2.18,-2.08,-2.08211111111,-2.08211111111,90,-2.108,45,True,,results/adaptive_gate_compact_validation/raw.csv.gz,return,6,6000,-1.11657777778,0.0202777777778
adaptive_gate_compact_validation,FourRooms-9-support-shift-adaptive,tabular,seed,results/adaptive_gate_compact_validation/seed_metrics.csv,mean_return,30,30,0,-1.04543333333,-1.46566666667,-1.4149,-1.42944444444,-1.42944444444,3,-1.45633333333,2,True,,0.591111111111,30,,0,30,,0,30,,,0,source column motor_saturation_rate is absent,episode,results/adaptive_gate_compact_validation/raw.csv.gz,return,900,900,0,30,12000,12000,-1.04543333333,-2.19,-2.09,-2.09144444444,-2.09144444444,90,-2.11822222222,45,True,,results/adaptive_gate_compact_validation/raw.csv.gz,return,6,2000,-1.17628888889,0.0189444444444
adaptive_gate_compact_validation,FourRooms-9-support-shift-adaptive,validated_dqn,seed,results/adaptive_gate_compact_validation/seed_metrics.csv,mean_return,30,30,0,-2.13163333333,-2.785,-2.68273333333,-2.71077777778,-2.71077777778,3,-2.77466666667,2,True,,0.804444444444,30,,0,30,,0,30,,,0,source column motor_saturation_rate is absent,episode,results/adaptive_gate_compact_validation/raw.csv.gz,return,900,900,0,30,12000,12000,-2.13163333333,-3.17,-3.09,-3.09622222222,-3.09622222222,90,-3.11444444444,45,True,,results/adaptive_gate_compact_validation/raw.csv.gz,return,6,4000,-2.43355555556,0.0305111111111
adaptive_gate_compact_validation,FrozenLake-4x4-slippery-adaptive,count_gated_tau_20,seed,results/adaptive_gate_compact_validation/seed_metrics.csv,mean_return,30,30,0,0.666666666667,0.266666666667,0.4,0.355555555556,0.355555555556,3,0.333333333333,2,True,,0.333333333333,30,,0,30,,0,30,,,0,source column motor_saturation_rate is absent,episode,results/adaptive_gate_compact_validation/raw.csv.gz,return,900,900,0,30,10000,10000,0.666666666667,0,0,0,0,90,0,45,True,,results/adaptive_gate_compact_validation/raw.csv.gz,return,5,2000,0.201111111111,0
adaptive_gate_compact_validation,FrozenLake-4x4-slippery-adaptive,fuzzy_support_adaptive,seed,results/adaptive_gate_compact_validation/seed_metrics.csv,mean_return,30,30,0,0.653333333333,0.4,0.496666666667,0.466666666667,0.466666666667,3,0.433333333333,2,True,,0.346666666667,30,,0,30,,0,30,,,0,source column motor_saturation_rate is absent,episode,results/adaptive_gate_compact_validation/raw.csv.gz,return,900,900,0,30,10000,10000,0.653333333333,0,0,0,0,90,0,45,True,,results/adaptive_gate_compact_validation/raw.csv.gz,return,5,2000,0.18,0
adaptive_gate_compact_validation,FrozenLake-4x4-slippery-adaptive,support_abstain_tau_20,seed,results/adaptive_gate_compact_validation/seed_metrics.csv,mean_return,30,30,0,0.665555555556,0.266666666667,0.4,0.355555555556,0.355555555556,3,0.333333333333,2,True,,0.334444444444,30,,0,30,,0,30,,,0,source column motor_saturation_rate is absent,episode,results/adaptive_gate_compact_validation/raw.csv.gz,return,900,900,0,30,10000,10000,0.665555555556,0,0,0,0,90,0,45,True,,results/adaptive_gate_compact_validation/raw.csv.gz,return,5,2000,0.196666666667,0
adaptive_gate_compact_validation,FrozenLake-4x4-slippery-adaptive,tabular,seed,results/adaptive_gate_compact_validation/seed_metrics.csv,mean_return,30,30,0,0.645555555556,0,0.381666666667,0.255555555556,0.255555555556,3,0.183333333333,2,True,,0.354444444444,30,,0,30,,0,30,,,0,source column motor_saturation_rate is absent,episode,results/adaptive_gate_compact_validation/raw.csv.gz,return,900,900,0,30,10000,10000,0.645555555556,0,0,0,0,90,0,45,True,,results/adaptive_gate_compact_validation/raw.csv.gz,return,5,2000,0.117777777778,0
adaptive_gate_compact_validation,FrozenLake-4x4-slippery-adaptive,validated_dqn,seed,results/adaptive_gate_compact_validation/seed_metrics.csv,mean_return,30,30,0,0.247777777778,0,0,0,0,3,0,2,True,,0.752222222222,30,,0,30,,0,30,,,0,source column motor_saturation_rate is absent,episode,results/adaptive_gate_compact_validation/raw.csv.gz,return,900,900,0,30,10000,10000,0.247777777778,0,0,0,0,90,0,45,True,,results/adaptive_gate_compact_validation/raw.csv.gz,return,5,4000,0.112222222222,0.0588888888889
application_navigation_case_study,ApplicationNavigation-deployment-goal-shift,count_gated_tau_20,seed,results/application_navigation_case_study/seed_metrics.csv,mean_return,30,30,0,-4.54175555556,-12.7736666667,-11.07825,-11.6417777778,-11.6417777778,3,-11.9368333333,2,True,,0.41,30,,0.232902141545,30,,0.0205567728942,30,,,0,source column motor_saturation_rate is absent,episode,results/application_navigation_case_study/raw.csv.gz,return,900,900,0,30,12000,12000,-4.54175555556,-29.77,-28.39,-28.5801111111,-28.5801111111,90,-28.9744444444,45,True,,results/application_navigation_case_study/raw.csv.gz,return,6,2000,-4.57545555556,1.64913333333
application_navigation_case_study,ApplicationNavigation-deployment-goal-shift,fixed_hybrid,seed,results/application_navigation_case_study/seed_metrics.csv,mean_return,30,30,0,-4.99525555556,-12.256,-10.6864666667,-11.2017777778,-11.2017777778,3,-11.5243333333,2,True,,0.658888888889,30,,0.182533252521,30,,0.0155992747017,30,,,0,source column motor_saturation_rate is absent,episode,results/application_navigation_case_study/raw.csv.gz,return,900,900,0,30,12000,12000,-4.99525555556,-29.77,-28.16,-28.3247777778,-28.3247777778,90,-28.7584444444,45,True,,results/application_navigation_case_study/raw.csv.gz,return,6,12000,-4.99525555556,1.78366666667
application_navigation_case_study,ApplicationNavigation-deployment-goal-shift,fuzzy_support_adaptive,seed,results/application_navigation_case_study/seed_metrics.csv,mean_return,30,30,0,-5.54234444444,-12.775,-11.1112166667,-11.622,-11.622,3,-12.2388333333,2,True,,0.502222222222,30,,0.244377849732,30,,0.0169056447086,30,,,0,source column motor_saturation_rate is absent,episode,results/application_navigation_case_study/raw.csv.gz,return,900,900,0,30,12000,12000,-5.54234444444,-29.54,-28.39,-28.4942222222,-28.4942222222,90,-28.8502222222,45,True,,results/application_navigation_case_study/raw.csv.gz,return,6,12000,-5.54234444444,3.43696666667
application_navigation_case_study,ApplicationNavigation-deployment-goal-shift,support_abstain_tau_20,seed,results/application_navigation_case_study/seed_metrics.csv,mean_return,30,30,0,1.23342222222,-0.755666666667,-0.09725,-0.316222222222,-0.316222222222,3,-0.429833333333,2,True,,0.455555555556,30,,0.00670581692147,30,,0.0327830547725,30,,,0,source column motor_saturation_rate is absent,episode,results/application_navigation_case_study/raw.csv.gz,return,900,900,0,30,12000,12000,1.23342222222,-9.76,-3.5515,-4.16055555556,-4.16055555556,90,-5.11333333333,45,True,,results/application_navigation_case_study/raw.csv.gz,return,6,2000,-2.95893333333,0
application_navigation_case_study,ApplicationNavigation-deployment-goal-shift,tabular,seed,results/application_navigation_case_study/seed_metrics.csv,mean_return,30,30,0,1.2795,-1.09866666667,-0.603483333333,-0.768111111111,-0.768111111111,3,-0.854,2,True,,0.248888888889,30,,0.0695517983337,30,,0.0356371324482,30,,,0,source column motor_saturation_rate is absent,episode,results/application_navigation_case_study/raw.csv.gz,return,900,900,0,30,12000,12000,1.2795,-11.03,-9.0935,-9.18744444444,-9.18744444444,90,-9.74911111111,45,True,,results/application_navigation_case_study/raw.csv.gz,return,6,2000,-5.28312222222,0
application_navigation_case_study,ApplicationNavigation-deployment-goal-shift,validated_dqn,seed,results/application_navigation_case_study/seed_metrics.csv,mean_return,30,30,0,-3.60431111111,-9.894,-7.03626666667,-7.92066666667,-7.92066666667,3,-8.92533333333,2,True,,0.935555555556,30,,0.0435593107951,30,,0.0465728087848,30,,,0,source column motor_saturation_rate is absent,episode,results/application_navigation_case_study/raw.csv.gz,return,900,900,0,30,12000,12000,-3.60431111111,-29.31,-10.0065,-14.8436666667,-14.8436666667,90,-22.4711111111,45,True,,results/application_navigation_case_study/raw.csv.gz,return,6,2000,-5.0313,0.00674444444444
application_risk_variants,ApplicationNavigation-risk-adjusted-fallbacks,support_hold_penalized,seed,results/application_risk_variants/seed_metrics.csv,mean_return,30,30,0,-0.320433333333,-2.85266666667,-2.25903333333,-2.45355555556,-2.45355555556,3,-2.5785,2,True,,0.374444444444,30,,0.00601404329485,30,,0.0287846819295,30,,,0,source column motor_saturation_rate is absent,episode,results/application_risk_variants/raw.csv.gz,return,900,900,0,30,12000,12000,-0.320433333333,-15.66,-9.232,-9.81255555556,-9.81255555556,90,-10.7651111111,45,True,,results/application_risk_variants/raw.csv.gz,return,6,2000,-7.75348888889,0
application_risk_variants,ApplicationNavigation-risk-adjusted-fallbacks,support_no_hold,seed,results/application_risk_variants/seed_metrics.csv,mean_return,30,30,0,0.865888888889,-2.155,-1.19225,-1.50888888889,-1.50888888889,3,-1.7025,2,True,,0.257777777778,30,,0.086789693339,30,,0.0366775440436,30,,,0,source column motor_saturation_rate is absent,episode,results/application_risk_variants/raw.csv.gz,return,900,900,0,30,12000,12000,0.865888888889,-26.6,-10.452,-10.9352222222,-10.9352222222,90,-11.7415555556,45,True,,results/application_risk_variants/raw.csv.gz,return,6,2000,-5.98946666667,0
application_risk_variants,ApplicationNavigation-risk-adjusted-fallbacks,support_shortest_path,seed,results/application_risk_variants/seed_metrics.csv,mean_return,30,30,0,0.604911111111,-3.20633333333,-2.49085,-2.70488888889,-2.70488888889,3,-3.01366666667,2,True,,0.121111111111,30,,0.132044828642,30,,0.0130153130668,30,,,0,source column motor_saturation_rate is absent,episode,results/application_risk_variants/raw.csv.gz,return,900,900,0,30,12000,12000,0.604911111111,-29.54,-28.49,-28.5274444444,-28.5274444444,90,-28.9153333333,45,True,,results/application_risk_variants/raw.csv.gz,return,6,2000,-6.68245555556,0
application_risk_variants,ApplicationNavigation-risk-adjusted-fallbacks,support_verified_safe,seed,results/application_risk_variants/seed_metrics.csv,mean_return,30,30,0,3.84487777778,2.783,3.0996,2.99988888889,2.99988888889,3,2.902,2,True,,0.128888888889,30,,0.00427383184099,30,,0.0126922776801,30,,,0,source column motor_saturation_rate is absent,episode,results/application_risk_variants/raw.csv.gz,return,900,900,0,30,12000,12000,3.84487777778,-6.99,-2.96,-3.11133333333,-3.11133333333,90,-3.38488888889,45,True,,results/application_risk_variants/raw.csv.gz,return,6,2000,-3.43065555556,0
approx_support/feature_distance_support,ApplicationNavigation-deployment-goal-shift,feature_distance_support_gate,seed,results/approx_support/feature_distance_support/seed_metrics.csv,mean_return,30,30,0,-2.89595555556,-10.2803333333,-6.16301666667,-7.52911111111,-7.52911111111,3,-8.2645,2,True,,0.677777777778,30,,0.102897114544,30,,0.0220463363861,30,,,0,source column motor_saturation_rate is absent,episode,results/approx_support/feature_distance_support/raw.csv.gz,return,900,900,0,30,12000,12000,-2.89595555556,-29.77,-26.3355,-24.1115555556,-24.1115555556,90,-28.0286666667,45,True,,results/approx_support/feature_distance_support/raw.csv.gz,return,6,2000,-4.48347777778,0.738888888889
approx_support/knn_support,ApplicationNavigation-deployment-goal-shift,knn_support_gate,seed,results/approx_support/knn_support/seed_metrics.csv,mean_return,30,30,0,-3.49624444444,-9.41133333333,-8.0088,-8.44333333333,-8.44333333333,3,-8.93266666667,2,True,,0.653333333333,30,,0.133545634984,30,,0.0317507344541,30,,,0,source column motor_saturation_rate is absent,episode,results/approx_support/knn_support/raw.csv.gz,return,900,900,0,30,12000,12000,-3.49624444444,-29.54,-28.39,-27.8362222222,-27.8362222222,90,-28.8491111111,45,True,,results/approx_support/knn_support/raw.csv.gz,return,6,2000,-3.86593333333,0.951444444444
approximate_support_baseline_validation,ApplicationNavigation-deployment-goal-shift,approx_count_gated_k5,seed,results/approximate_support_baseline_validation/seed_metrics.csv,mean_return,3,3,0,-7.51666666667,-18.85,-17.175,-18.85,-18.85,1,,1,False,fewer than two observations fall in the alpha=0.05 empirical tail,1,3,,0.315277777778,3,,0.0180555555556,3,,,0,source column motor_saturation_rate is absent,episode,results/approximate_support_baseline_validation/raw.csv,return,9,9,0,3,600,600,-7.51666666667,-19.54,-19.264,-19.54,-19.54,1,,1,False,fewer than two observations fall in the alpha=0.05 empirical tail,results/approximate_support_baseline_validation/raw.csv,return,3,600,-7.51666666667,2.87222222222
approximate_support_baseline_validation,ApplicationNavigation-deployment-goal-shift,count_gated_tau_20,seed,results/approximate_support_baseline_validation/seed_metrics.csv,mean_return,3,3,0,-7.51666666667,-18.85,-17.175,-18.85,-18.85,1,,1,False,fewer than two observations fall in the alpha=0.05 empirical tail,1,3,,0.315277777778,3,,0.0180555555556,3,,,0,source column motor_saturation_rate is absent,episode,results/approximate_support_baseline_validation/raw.csv,return,9,9,0,3,600,600,-7.51666666667,-19.54,-19.264,-19.54,-19.54,1,,1,False,fewer than two observations fall in the alpha=0.05 empirical tail,results/approximate_support_baseline_validation/raw.csv,return,3,600,-7.51666666667,2.87222222222
approximate_support_baseline_validation,ApplicationNavigation-deployment-goal-shift,support_abstain_tau_20,seed,results/approximate_support_baseline_validation/seed_metrics.csv,mean_return,3,3,0,-1.76666666667,-2.1,-2.05,-2.1,-2.1,1,,1,False,fewer than two observations fall in the alpha=0.05 empirical tail,1,3,,0.00277777777778,3,,0.0180555555556,3,,,0,source column motor_saturation_rate is absent,episode,results/approximate_support_baseline_validation/raw.csv,return,9,9,0,3,600,600,-1.76666666667,-2.48,-2.312,-2.48,-2.48,1,,1,False,fewer than two observations fall in the alpha=0.05 empirical tail,results/approximate_support_baseline_validation/raw.csv,return,3,200,-1.86333333333,0.01
approximate_support_baseline_validation,ApplicationNavigation-deployment-goal-shift,tabular,seed,results/approximate_support_baseline_validation/seed_metrics.csv,mean_return,3,3,0,-1.96888888889,-6.48666666667,-5.826,-6.48666666667,-6.48666666667,1,,1,False,fewer than two observations fall in the alpha=0.05 empirical tail,0.555555555556,3,,0.190075973409,3,,0.0132495590829,3,,,0,source column motor_saturation_rate is absent,episode,results/approximate_support_baseline_validation/raw.csv,return,9,9,0,3,600,600,-1.96888888889,-8.96,-7.584,-8.96,-8.96,1,,1,False,fewer than two observations fall in the alpha=0.05 empirical tail,results/approximate_support_baseline_validation/raw.csv,return,3,200,-4.75,0
confirmatory_extended_compact,CliffWalking-v1,count_gated_tau_20,seed,results/confirmatory_extended_compact/seed_metrics.csv,mean_return,30,30,0,-29.2333333333,-500,-13,-175.333333333,-175.333333333,3,-256.5,2,True,,,0,source column failure_rate has no finite observations,,0,source column collision_rate has no finite observations,,0,source column risk_zone_rate has no finite observations,,0,source column motor_saturation_rate is absent,episode,results/confirmatory_extended_compact/raw.csv.gz,return,900,900,0,30,10000,10000,-29.2333333333,-500,-13,-175.333333333,-175.333333333,90,-337.666666667,45,True,,results/confirmatory_extended_compact/raw.csv.gz,return,4,2500,-500,0
confirmatory_extended_compact,CliffWalking-v1,fixed_hybrid,seed,results/confirmatory_extended_compact/seed_metrics.csv,mean_return,30,30,0,-192.433333333,-500,-500,-500,-500,3,-500,2,True,,,0,source column failure_rate has no finite observations,,0,source column collision_rate has no finite observations,,0,source column risk_zone_rate has no finite observations,,0,source column motor_saturation_rate is absent,episode,results/confirmatory_extended_compact/raw.csv.gz,return,900,900,0,30,10000,10000,-192.433333333,-500,-500,-500,-500,90,-500,45,True,,results/confirmatory_extended_compact/raw.csv.gz,return,4,2500,-830,0
confirmatory_extended_compact,CliffWalking-v1,random,seed,results/confirmatory_extended_compact/seed_metrics.csv,mean_return,30,30,0,-5005.05666667,-5409.13333333,-5398.75833333,-5401.72222222,-5401.72222222,3,-5407.28333333,2,True,,,0,source column failure_rate has no finite observations,,0,source column collision_rate has no finite observations,,0,source column risk_zone_rate has no finite observations,,0,source column motor_saturation_rate is absent,episode,results/confirmatory_extended_compact/raw.csv.gz,return,900,900,0,30,10000,10000,-5005.05666667,-9014,-6935,-7026.3,-7026.3,90,-7328.8,45,True,,results/confirmatory_extended_compact/raw.csv.gz,return,4,10000,-5005.05666667,58.6066666667
confirmatory_extended_compact,CliffWalking-v1,reliability_gated,seed,results/confirmatory_extended_compact/seed_metrics.csv,mean_return,30,30,0,-175.6,-500,-500,-500,-500,3,-500,2,True,,,0,source column failure_rate has no finite observations,,0,source column collision_rate has no finite observations,,0,source column risk_zone_rate has no finite observations,,0,source column motor_saturation_rate is absent,episode,results/confirmatory_extended_compact/raw.csv.gz,return,900,900,0,30,10000,10000,-175.6,-500,-500,-500,-500,90,-500,45,True,,results/confirmatory_extended_compact/raw.csv.gz,return,4,2500,-704.6,0
confirmatory_extended_compact,CliffWalking-v1,support_abstain_tau_20,seed,results/confirmatory_extended_compact/seed_metrics.csv,mean_return,30,30,0,-13.2,-17,-14.1,-15,-15,3,-16,2,True,,,0,source column failure_rate has no finite observations,,0,source column collision_rate has no finite observations,,0,source column risk_zone_rate has no finite observations,,0,source column motor_saturation_rate is absent,episode,results/confirmatory_extended_compact/raw.csv.gz,return,900,900,0,30,10000,10000,-13.2,-17,-15,-15,-15,90,-16.3333333333,45,True,,results/confirmatory_extended_compact/raw.csv.gz,return,4,2500,-665,0
confirmatory_extended_compact,CliffWalking-v1,tabular,seed,results/confirmatory_extended_compact/seed_metrics.csv,mean_return,30,30,0,-13,-13,-13,-13,-13,3,-13,2,True,,,0,source column failure_rate has no finite observations,,0,source column collision_rate has no finite observations,,0,source column risk_zone_rate has no finite observations,,0,source column motor_saturation_rate is absent,episode,results/confirmatory_extended_compact/raw.csv.gz,return,900,900,0,30,10000,10000,-13,-13,-13,-13,-13,90,-13,45,True,,results/confirmatory_extended_compact/raw.csv.gz,return,4,2500,-693.71,0
confirmatory_extended_compact,CliffWalking-v1,validated_dqn,seed,results/confirmatory_extended_compact/seed_metrics.csv,mean_return,30,30,0,-500,-500,-500,-500,-500,3,-500,2,True,,,0,source column failure_rate has no finite observations,,0,source column collision_rate has no finite observations,,0,source column risk_zone_rate has no finite observations,,0,source column motor_saturation_rate is absent,episode,results/confirmatory_extended_compact/raw.csv.gz,return,900,900,0,30,10000,10000,-500,-500,-500,-500,-500,90,-500,45,True,,results/confirmatory_extended_compact/raw.csv.gz,return,4,2500,-500,0
confirmatory_extended_compact,FourRooms-11-slip-unseen-goals,count_gated_tau_20,seed,results/confirmatory_extended_compact/seed_metrics.csv,mean_return,30,30,0,-3.17228888889,-3.94533333333,-3.8377,-3.87355555556,-3.87355555556,3,-3.89166666667,2,True,,,0,source column failure_rate has no finite observations,,0,source column collision_rate has no finite observations,,0,source column risk_zone_rate has no finite observations,,0,source column motor_saturation_rate is absent,episode,results/confirmatory_extended_compact/raw.csv.gz,return,900,900,0,30,16000,16000,-3.17228888889,-4.33,-4.24,-4.24933333333,-4.24933333333,90,-4.26755555556,45,True,,results/confirmatory_extended_compact/raw.csv.gz,return,7,2500,-3.46031111111,0.185722222222
confirmatory_extended_compact,FourRooms-11-slip-unseen-goals,fixed_hybrid,seed,results/confirmatory_extended_compact/seed_metrics.csv,mean_return,30,30,0,-3.0441,-3.78033333333,-3.51106666667,-3.59766666667,-3.59766666667,3,-3.667,2,True,,,0,source column failure_rate has no finite observations,,0,source column collision_rate has no finite observations,,0,source column risk_zone_rate has no finite observations,,0,source column motor_saturation_rate is absent,episode,results/confirmatory_extended_compact/raw.csv.gz,return,900,900,0,30,16000,16000,-3.0441,-4.31,-4.24,-4.24288888889,-4.24288888889,90,-4.262,45,True,,results/confirmatory_extended_compact/raw.csv.gz,return,7,2500,-3.53231111111,0.0255555555556
confirmatory_extended_compact,FourRooms-11-slip-unseen-goals,random,seed,results/confirmatory_extended_compact/seed_metrics.csv,mean_return,30,30,0,-1.6936,-2.14933333333,-2.08866666667,-2.10577777778,-2.10577777778,3,-2.14,2,True,,,0,source column failure_rate has no finite observations,,0,source column collision_rate has no finite observations,,0,source column risk_zone_rate has no finite observations,,0,source column motor_saturation_rate is absent,episode,results/confirmatory_extended_compact/raw.csv.gz,return,900,900,0,30,16000,16000,-1.6936,-2.93,-2.75,-2.76366666667,-2.76366666667,90,-2.79777777778,45,True,,results/confirmatory_extended_compact/raw.csv.gz,return,7,16000,-1.6936,0.0974111111111
confirmatory_extended_compact,FourRooms-11-slip-unseen-goals,reliability_gated,seed,results/confirmatory_extended_compact/seed_metrics.csv,mean_return,30,30,0,-3.0269,-3.91766666667,-3.79096666667,-3.825,-3.825,3,-3.90966666667,2,True,,,0,source column failure_rate has no finite observations,,0,source column collision_rate has no finite observations,,0,source column risk_zone_rate has no finite observations,,0,source column motor_saturation_rate is absent,episode,results/confirmatory_extended_compact/raw.csv.gz,return,900,900,0,30,16000,16000,-3.0269,-4.31,-4.24,-4.24244444444,-4.24244444444,90,-4.26266666667,45,True,,results/confirmatory_extended_compact/raw.csv.gz,return,7,2500,-3.52655555556,0.153166666667
confirmatory_extended_compact,FourRooms-11-slip-unseen-goals,support_abstain_tau_20,seed,results/confirmatory_extended_compact/seed_metrics.csv,mean_return,30,30,0,-1.68511111111,-2.39766666667,-2.08148333333,-2.17933333333,-2.17933333333,3,-2.2905,2,True,,,0,source column failure_rate has no finite observations,,0,source column collision_rate has no finite observations,,0,source column risk_zone_rate has no finite observations,,0,source column motor_saturation_rate is absent,episode,results/confirmatory_extended_compact/raw.csv.gz,return,900,900,0,30,16000,16000,-1.68511111111,-2.87,-2.76,-2.76688888889,-2.76688888889,90,-2.79622222222,45,True,,results/confirmatory_extended_compact/raw.csv.gz,return,7,2500,-1.72412222222,0.0544444444444
confirmatory_extended_compact,FourRooms-11-slip-unseen-goals,tabular,seed,results/confirmatory_extended_compact/seed_metrics.csv,mean_return,30,30,0,-1.65867777778,-2.25466666667,-2.14611666667,-2.18211111111,-2.18211111111,3,-2.20166666667,2,True,,,0,source column failure_rate has no finite observations,,0,source column collision_rate has no finite observations,,0,source column risk_zone_rate has no finite observations,,0,source column motor_saturation_rate is absent,episode,results/confirmatory_extended_compact/raw.csv.gz,return,900,900,0,30,16000,16000,-1.65867777778,-2.83,-2.74,-2.74644444444,-2.74644444444,90,-2.77533333333,45,True,,results/confirmatory_extended_compact/raw.csv.gz,return,7,5000,-1.72418888889,0.0829777777778
confirmatory_extended_compact,FourRooms-11-slip-unseen-goals,validated_dqn,seed,results/confirmatory_extended_compact/seed_metrics.csv,mean_return,30,30,0,-3.10976666667,-3.84566666667,-3.82261666667,-3.82955555556,-3.82955555556,3,-3.83916666667,2,True,,,0,source column failure_rate has no finite observations,,0,source column collision_rate has no finite observations,,0,source column risk_zone_rate has no finite observations,,0,source column motor_saturation_rate is absent,episode,results/confirmatory_extended_compact/raw.csv.gz,return,900,900,0,30,16000,16000,-3.10976666667,-4.32,-4.24,-4.25144444444,-4.25144444444,90,-4.27222222222,45,True,,results/confirmatory_extended_compact/raw.csv.gz,return,7,2500,-3.48544444444,0.253955555556
confirmatory_extended_compact,FourRooms-7-unseen-goals,count_gated_tau_20,seed,results/confirmatory_extended_compact/seed_metrics.csv,mean_return,30,30,0,-1.60935555556,-1.99,-1.88685,-1.921,-1.921,3,-1.94,2,True,,,0,source column failure_rate has no finite observations,,0,source column collision_rate has no finite observations,,0,source column risk_zone_rate has no finite observations,,0,source column motor_saturation_rate is absent,episode,results/confirmatory_extended_compact/raw.csv.gz,return,900,900,0,30,8000,8000,-1.60935555556,-2,-2,-2,-2,90,-2,45,True,,results/confirmatory_extended_compact/raw.csv.gz,return,4,2500,-1.73311111111,0
confirmatory_extended_compact,FourRooms-7-unseen-goals,fixed_hybrid,seed,results/confirmatory_extended_compact/seed_metrics.csv,mean_return,30,30,0,-1.67681111111,-1.98366666667,-1.91616666667,-1.93855555556,-1.93855555556,3,-1.95066666667,2,True,,,0,source column failure_rate has no finite observations,,0,source column collision_rate has no finite observations,,0,source column risk_zone_rate has no finite observations,,0,source column motor_saturation_rate is absent,episode,results/confirmatory_extended_compact/raw.csv.gz,return,900,900,0,30,8000,8000,-1.67681111111,-2,-2,-2,-2,90,-2,45,True,,results/confirmatory_extended_compact/raw.csv.gz,return,4,5000,-1.71095555556,0.0380333333333
confirmatory_extended_compact,FourRooms-7-unseen-goals,random,seed,results/confirmatory_extended_compact/seed_metrics.csv,mean_return,30,30,0,-0.507722222222,-0.778666666667,-0.74395,-0.755,-0.755,3,-0.764833333333,2,True,,,0,source column failure_rate has no finite observations,,0,source column collision_rate has no finite observations,,0,source column risk_zone_rate has no finite observations,,0,source column motor_saturation_rate is absent,episode,results/confirmatory_extended_compact/raw.csv.gz,return,900,900,0,30,8000,8000,-0.507722222222,-1.5,-1.38,-1.38477777778,-1.38477777778,90,-1.40533333333,45,True,,results/confirmatory_extended_compact/raw.csv.gz,return,4,2500,-0.595744444444,0.009
confirmatory_extended_compact,FourRooms-7-unseen-goals,reliability_gated,seed,results/confirmatory_extended_compact/seed_metrics.csv,mean_return,30,30,0,-1.61974444444,-1.98566666667,-1.8841,-1.91788888889,-1.91788888889,3,-1.93533333333,2,True,,,0,source column failure_rate has no finite observations,,0,source column collision_rate has no finite observations,,0,source column risk_zone_rate has no finite observations,,0,source column motor_saturation_rate is absent,episode,results/confirmatory_extended_compact/raw.csv.gz,return,900,900,0,30,8000,8000,-1.61974444444,-2,-2,-2,-2,90,-2,45,True,,results/confirmatory_extended_compact/raw.csv.gz,return,4,5000,-1.709,0.00105555555556
confirmatory_extended_compact,FourRooms-7-unseen-goals,support_abstain_tau_20,seed,results/confirmatory_extended_compact/seed_metrics.csv,mean_return,30,30,0,-0.509411111111,-0.829,-0.791466666667,-0.803222222222,-0.803222222222,3,-0.815333333333,2,True,,,0,source column failure_rate has no finite observations,,0,source column collision_rate has no finite observations,,0,source column risk_zone_rate has no finite observations,,0,source column motor_saturation_rate is absent,episode,results/confirmatory_extended_compact/raw.csv.gz,return,900,900,0,30,8000,8000,-0.509411111111,-1.48,-1.38,-1.38344444444,-1.38344444444,90,-1.40155555556,45,True,,results/confirmatory_extended_compact/raw.csv.gz,return,4,2500,-0.5606,0.0465777777778
confirmatory_extended_compact,FourRooms-7-unseen-goals,tabular,seed,results/confirmatory_extended_compact/seed_metrics.csv,mean_return,30,30,0,-0.508444444444,-0.932333333333,-0.746533333333,-0.808333333333,-0.808333333333,3,-0.840333333333,2,True,,,0,source column failure_rate has no finite observations,,0,source column collision_rate has no finite observations,,0,source column risk_zone_rate has no finite observations,,0,source column motor_saturation_rate is absent,episode,results/confirmatory_extended_compact/raw.csv.gz,return,900,900,0,30,8000,8000,-0.508444444444,-1.45,-1.38,-1.38666666667,-1.38666666667,90,-1.40422222222,45,True,,results/confirmatory_extended_compact/raw.csv.gz,return,4,2500,-0.558211111111,0.00114444444444
confirmatory_extended_compact,FourRooms-7-unseen-goals,validated_dqn,seed,results/confirmatory_extended_compact/seed_metrics.csv,mean_return,30,30,0,-1.57733333333,-1.94933333333,-1.91923333333,-1.92911111111,-1.92911111111,3,-1.93533333333,2,True,,,0,source column failure_rate has no finite observations,,0,source column collision_rate has no finite observations,,0,source column risk_zone_rate has no finite observations,,0,source column motor_saturation_rate is absent,episode,results/confirmatory_extended_compact/raw.csv.gz,return,900,900,0,30,8000,8000,-1.57733333333,-2,-2,-2,-2,90,-2,45,True,,results/confirmatory_extended_compact/raw.csv.gz,return,4,2500,-1.72113333333,0
confirmatory_extended_compact,FourRooms-9-slip-unseen-goals,count_gated_tau_20,seed,results/confirmatory_extended_compact/seed_metrics.csv,mean_return,30,30,0,-2.07556666667,-2.96066666667,-2.74006666667,-2.808,-2.808,3,-2.88816666667,2,True,,,0,source column failure_rate has no finite observations,,0,source column collision_rate has no finite observations,,0,source column risk_zone_rate has no finite observations,,0,source column motor_saturation_rate is absent,episode,results/confirmatory_extended_compact/raw.csv.gz,return,900,900,0,30,12000,12000,-2.07556666667,-3.18,-3.0905,-3.09733333333,-3.09733333333,90,-3.11288888889,45,True,,results/confirmatory_extended_compact/raw.csv.gz,return,5,2500,-2.47433333333,0
confirmatory_extended_compact,FourRooms-9-slip-unseen-goals,fixed_hybrid,seed,results/confirmatory_extended_compact/seed_metrics.csv,mean_return,30,30,0,-2.12696666667,-2.62866666667,-2.53318333333,-2.563,-2.563,3,-2.5945,2,True,,,0,source column failure_rate has no finite observations,,0,source column collision_rate has no finite observations,,0,source column risk_zone_rate has no finite observations,,0,source column motor_saturation_rate is absent,episode,results/confirmatory_extended_compact/raw.csv.gz,return,900,900,0,30,12000,12000,-2.12696666667,-3.19,-3.09,-3.09666666667,-3.09666666667,90,-3.11222222222,45,True,,results/confirmatory_extended_compact/raw.csv.gz,return,5,2500,-2.47703333333,0
confirmatory_extended_compact,FourRooms-9-slip-unseen-goals,random,seed,results/confirmatory_extended_compact/seed_metrics.csv,mean_return,30,30,0,-1.08887777778,-1.565,-1.48048333333,-1.50844444444,-1.50844444444,3,-1.52416666667,2,True,,,0,source column failure_rate has no finite observations,,0,source column collision_rate has no finite observations,,0,source column risk_zone_rate has no finite observations,,0,source column motor_saturation_rate is absent,episode,results/confirmatory_extended_compact/raw.csv.gz,return,900,900,0,30,12000,12000,-1.08887777778,-2.19,-2.07,-2.083,-2.083,90,-2.10844444444,45,True,,results/confirmatory_extended_compact/raw.csv.gz,return,5,2500,-1.12407777778,0.0381333333333
confirmatory_extended_compact,FourRooms-9-slip-unseen-goals,reliability_gated,seed,results/confirmatory_extended_compact/seed_metrics.csv,mean_return,30,30,0,-2.15166666667,-2.73333333333,-2.5057,-2.58044444444,-2.58044444444,3,-2.62716666667,2,True,,,0,source column failure_rate has no finite observations,,0,source column collision_rate has no finite observations,,0,source column risk_zone_rate has no finite observations,,0,source column motor_saturation_rate is absent,episode,results/confirmatory_extended_compact/raw.csv.gz,return,900,900,0,30,12000,12000,-2.15166666667,-3.18,-3.09,-3.09466666667,-3.09466666667,90,-3.10977777778,45,True,,results/confirmatory_extended_compact/raw.csv.gz,return,5,2500,-2.47685555556,0.0330666666667
confirmatory_extended_compact,FourRooms-9-slip-unseen-goals,support_abstain_tau_20,seed,results/confirmatory_extended_compact/seed_metrics.csv,mean_return,30,30,0,-0.9865,-1.522,-1.20365,-1.309,-1.309,3,-1.368,2,True,,,0,source column failure_rate has no finite observations,,0,source column collision_rate has no finite observations,,0,source column risk_zone_rate has no finite observations,,0,source column motor_saturation_rate is absent,episode,results/confirmatory_extended_compact/raw.csv.gz,return,900,900,0,30,12000,12000,-0.9865,-2.21,-2.07,-2.08166666667,-2.08166666667,90,-2.10888888889,45,True,,results/confirmatory_extended_compact/raw.csv.gz,return,5,2500,-1.04203333333,0.0180666666667
confirmatory_extended_compact,FourRooms-9-slip-unseen-goals,tabular,seed,results/confirmatory_extended_compact/seed_metrics.csv,mean_return,30,30,0,-1.05141111111,-1.38566666667,-1.34158333333,-1.35622222222,-1.35622222222,3,-1.364,2,True,,,0,source column failure_rate has no finite observations,,0,source column collision_rate has no finite observations,,0,source column risk_zone_rate has no finite observations,,0,source column motor_saturation_rate is absent,episode,results/confirmatory_extended_compact/raw.csv.gz,return,900,900,0,30,12000,12000,-1.05141111111,-2.2,-2.07,-2.08033333333,-2.08033333333,90,-2.108,45,True,,results/confirmatory_extended_compact/raw.csv.gz,return,5,2500,-1.07484444444,0.0685555555556
confirmatory_extended_compact,FourRooms-9-slip-unseen-goals,validated_dqn,seed,results/confirmatory_extended_compact/seed_metrics.csv,mean_return,30,30,0,-2.14476666667,-2.88766666667,-2.78095,-2.81244444444,-2.81244444444,3,-2.86183333333,2,True,,,0,source column failure_rate has no finite observations,,0,source column collision_rate has no finite observations,,0,source column risk_zone_rate has no finite observations,,0,source column motor_saturation_rate is absent,episode,results/confirmatory_extended_compact/raw.csv.gz,return,900,900,0,30,12000,12000,-2.14476666667,-3.18,-3.09,-3.09233333333,-3.09233333333,90,-3.10844444444,45,True,,results/confirmatory_extended_compact/raw.csv.gz,return,5,5000,-2.44788888889,0.0627555555556
confirmatory_extended_compact,FrozenLake-4x4-slippery,count_gated_tau_20,seed,results/confirmatory_extended_compact/seed_metrics.csv,mean_return,30,30,0,0.631111111111,0.266666666667,0.345,0.322222222222,0.322222222222,3,0.283333333333,2,True,,,0,source column failure_rate has no finite observations,,0,source column collision_rate has no finite observations,,0,source column risk_zone_rate has no finite observations,,0,source column motor_saturation_rate is absent,episode,results/confirmatory_extended_compact/raw.csv.gz,return,900,900,0,30,10000,10000,0.631111111111,0,0,0,0,90,0,45,True,,results/confirmatory_extended_compact/raw.csv.gz,return,4,2500,0.253333333333,0
confirmatory_extended_compact,FrozenLake-4x4-slippery,fixed_hybrid,seed,results/confirmatory_extended_compact/seed_metrics.csv,mean_return,30,30,0,0.652222222222,0.4,0.466666666667,0.444444444444,0.444444444444,3,0.433333333333,2,True,,,0,source column failure_rate has no finite observations,,0,source column collision_rate has no finite observations,,0,source column risk_zone_rate has no finite observations,,0,source column motor_saturation_rate is absent,episode,results/confirmatory_extended_compact/raw.csv.gz,return,900,900,0,30,10000,10000,0.652222222222,0,0,0,0,90,0,45,True,,results/confirmatory_extended_compact/raw.csv.gz,return,4,2500,0.237777777778,0
confirmatory_extended_compact,FrozenLake-4x4-slippery,random,seed,results/confirmatory_extended_compact/seed_metrics.csv,mean_return,30,30,0,0.0233333333333,0,0,0,0,3,0,2,True,,,0,source column failure_rate has no finite observations,,0,source column collision_rate has no finite observations,,0,source column risk_zone_rate has no finite observations,,0,source column motor_saturation_rate is absent,episode,results/confirmatory_extended_compact/raw.csv.gz,return,900,900,0,30,10000,10000,0.0233333333333,0,0,0,0,90,0,45,True,,results/confirmatory_extended_compact/raw.csv.gz,return,4,7500,0.00666666666667,0.0122222222222
confirmatory_extended_compact,FrozenLake-4x4-slippery,reliability_gated,seed,results/confirmatory_extended_compact/seed_metrics.csv,mean_return,30,30,0,0.524444444444,0,0.105,0.0777777777778,0.0777777777778,3,0,2,True,,,0,source column failure_rate has no finite observations,,0,source column collision_rate has no finite observations,,0,source column risk_zone_rate has no finite observations,,0,source column motor_saturation_rate is absent,episode,results/confirmatory_extended_compact/raw.csv.gz,return,900,900,0,30,10000,10000,0.524444444444,0,0,0,0,90,0,45,True,,results/confirmatory_extended_compact/raw.csv.gz,return,4,2500,0.2,0
confirmatory_extended_compact,FrozenLake-4x4-slippery,support_abstain_tau_20,seed,results/confirmatory_extended_compact/seed_metrics.csv,mean_return,30,30,0,0.631111111111,0.266666666667,0.345,0.322222222222,0.322222222222,3,0.283333333333,2,True,,,0,source column failure_rate has no finite observations,,0,source column collision_rate has no finite observations,,0,source column risk_zone_rate has no finite observations,,0,source column motor_saturation_rate is absent,episode,results/confirmatory_extended_compact/raw.csv.gz,return,900,900,0,30,10000,10000,0.631111111111,0,0,0,0,90,0,45,True,,results/confirmatory_extended_compact/raw.csv.gz,return,4,2500,0.253333333333,0
confirmatory_extended_compact,FrozenLake-4x4-slippery,tabular,seed,results/confirmatory_extended_compact/seed_metrics.csv,mean_return,30,30,0,0.655555555556,0.466666666667,0.533333333333,0.511111111111,0.511111111111,3,0.5,2,True,,,0,source column failure_rate has no finite observations,,0,source column collision_rate has no finite observations,,0,source column risk_zone_rate has no finite observations,,0,source column motor_saturation_rate is absent,episode,results/confirmatory_extended_compact/raw.csv.gz,return,900,900,0,30,10000,10000,0.655555555556,0,0,0,0,90,0,45,True,,results/confirmatory_extended_compact/raw.csv.gz,return,4,2500,0.231111111111,0
confirmatory_extended_compact,FrozenLake-4x4-slippery,validated_dqn,seed,results/confirmatory_extended_compact/seed_metrics.csv,mean_return,30,30,0,0.343333333333,0,0,0,0,3,0,2,True,,,0,source column failure_rate has no finite observations,,0,source column collision_rate has no finite observations,,0,source column risk_zone_rate has no finite observations,,0,source column motor_saturation_rate is absent,episode,results/confirmatory_extended_compact/raw.csv.gz,return,900,900,0,30,10000,10000,0.343333333333,0,0,0,0,90,0,45,True,,results/confirmatory_extended_compact/raw.csv.gz,return,4,2500,0.0888888888889,0
confirmatory_extended_compact,FrozenLake-8x8-slippery,count_gated_tau_20,seed,results/confirmatory_extended_compact/seed_metrics.csv,mean_return,30,30,0,0.126666666667,0,0,0,0,3,0,2,True,,,0,source column failure_rate has no finite observations,,0,source column collision_rate has no finite observations,,0,source column risk_zone_rate has no finite observations,,0,source column motor_saturation_rate is absent,episode,results/confirmatory_extended_compact/raw.csv.gz,return,900,900,0,30,20000,20000,0.126666666667,0,0,0,0,90,0,45,True,,results/confirmatory_extended_compact/raw.csv.gz,return,8,2500,0,0.00333333333333
confirmatory_extended_compact,FrozenLake-8x8-slippery,fixed_hybrid,seed,results/confirmatory_extended_compact/seed_metrics.csv,mean_return,30,30,0,0.131111111111,0,0,0,0,3,0,2,True,,,0,source column failure_rate has no finite observations,,0,source column collision_rate has no finite observations,,0,source column risk_zone_rate has no finite observations,,0,source column motor_saturation_rate is absent,episode,results/confirmatory_extended_compact/raw.csv.gz,return,900,900,0,30,20000,20000,0.131111111111,0,0,0,0,90,0,45,True,,results/confirmatory_extended_compact/raw.csv.gz,return,8,2500,0,0.0188888888889
confirmatory_extended_compact,FrozenLake-8x8-slippery,random,seed,results/confirmatory_extended_compact/seed_metrics.csv,mean_return,30,30,0,0.00222222222222,0,0,0,0,3,0,2,True,,,0,source column failure_rate has no finite observations,,0,source column collision_rate has no finite observations,,0,source column risk_zone_rate has no finite observations,,0,source column motor_saturation_rate is absent,episode,results/confirmatory_extended_compact/raw.csv.gz,return,900,900,0,30,20000,20000,0.00222222222222,0,0,0,0,90,0,45,True,,results/confirmatory_extended_compact/raw.csv.gz,return,8,12500,0.00111111111111,0.00222222222222
confirmatory_extended_compact,FrozenLake-8x8-slippery,reliability_gated,seed,results/confirmatory_extended_compact/seed_metrics.csv,mean_return,30,30,0,0.122222222222,0,0,0,0,3,0,2,True,,,0,source column failure_rate has no finite observations,,0,source column collision_rate has no finite observations,,0,source column risk_zone_rate has no finite observations,,0,source column motor_saturation_rate is absent,episode,results/confirmatory_extended_compact/raw.csv.gz,return,900,900,0,30,20000,20000,0.122222222222,0,0,0,0,90,0,45,True,,results/confirmatory_extended_compact/raw.csv.gz,return,8,2500,0,0.00333333333333
confirmatory_extended_compact,FrozenLake-8x8-slippery,support_abstain_tau_20,seed,results/confirmatory_extended_compact/seed_metrics.csv,mean_return,30,30,0,0.131111111111,0,0,0,0,3,0,2,True,,,0,source column failure_rate has no finite observations,,0,source column collision_rate has no finite observations,,0,source column risk_zone_rate has no finite observations,,0,source column motor_saturation_rate is absent,episode,results/confirmatory_extended_compact/raw.csv.gz,return,900,900,0,30,20000,20000,0.131111111111,0,0,0,0,90,0,45,True,,results/confirmatory_extended_compact/raw.csv.gz,return,8,2500,0.00222222222222,0
confirmatory_extended_compact,FrozenLake-8x8-slippery,tabular,seed,results/confirmatory_extended_compact/seed_metrics.csv,mean_return,30,30,0,0.03,0,0,0,0,3,0,2,True,,,0,source column failure_rate has no finite observations,,0,source column collision_rate has no finite observations,,0,source column risk_zone_rate has no finite observations,,0,source column motor_saturation_rate is absent,episode,results/confirmatory_extended_compact/raw.csv.gz,return,900,900,0,30,20000,20000,0.03,0,0,0,0,90,0,45,True,,results/confirmatory_extended_compact/raw.csv.gz,return,8,2500,0.00222222222222,0.00222222222222
confirmatory_extended_compact,FrozenLake-8x8-slippery,validated_dqn,seed,results/confirmatory_extended_compact/seed_metrics.csv,mean_return,30,30,0,0.0788888888889,0,0,0,0,3,0,2,True,,,0,source column failure_rate has no finite observations,,0,source column collision_rate has no finite observations,,0,source column risk_zone_rate has no finite observations,,0,source column motor_saturation_rate is absent,episode,results/confirmatory_extended_compact/raw.csv.gz,return,900,900,0,30,20000,20000,0.0788888888889,0,0,0,0,90,0,45,True,,results/confirmatory_extended_compact/raw.csv.gz,return,8,2500,0,0.0122222222222
confirmatory_extended_compact,Taxi-v3-compatible,count_gated_tau_20,seed,results/confirmatory_extended_compact/seed_metrics.csv,mean_return,30,30,0,-200,-200,-200,-200,-200,3,-200,2,True,,,0,source column failure_rate has no finite observations,,0,source column collision_rate has no finite observations,,0,source column risk_zone_rate has no finite observations,,0,source column motor_saturation_rate is absent,episode,results/confirmatory_extended_compact/raw.csv.gz,return,900,900,0,30,20000,20000,-200,-200,-200,-200,-200,90,-200,45,True,,results/confirmatory_extended_compact/raw.csv.gz,return,8,2500,-539.17,0
confirmatory_extended_compact,Taxi-v3-compatible,fixed_hybrid,seed,results/confirmatory_extended_compact/seed_metrics.csv,mean_return,30,30,0,-200,-200,-200,-200,-200,3,-200,2,True,,,0,source column failure_rate has no finite observations,,0,source column collision_rate has no finite observations,,0,source column risk_zone_rate has no finite observations,,0,source column motor_saturation_rate is absent,episode,results/confirmatory_extended_compact/raw.csv.gz,return,900,900,0,30,20000,20000,-200,-200,-200,-200,-200,90,-200,45,True,,results/confirmatory_extended_compact/raw.csv.gz,return,8,2500,-578.88,0
confirmatory_extended_compact,Taxi-v3-compatible,random,seed,results/confirmatory_extended_compact/seed_metrics.csv,mean_return,30,30,0,-772.276666667,-797.6,-796.428333333,-796.766666667,-796.766666667,3,-797.366666667,2,True,,,0,source column failure_rate has no finite observations,,0,source column collision_rate has no finite observations,,0,source column risk_zone_rate has no finite observations,,0,source column motor_saturation_rate is absent,episode,results/confirmatory_extended_compact/raw.csv.gz,return,900,900,0,30,20000,20000,-772.276666667,-965,-893,-898.1,-898.1,90,-916,45,True,,results/confirmatory_extended_compact/raw.csv.gz,return,8,12500,-775.458888889,8.22
confirmatory_extended_compact,Taxi-v3-compatible,reliability_gated,seed,results/confirmatory_extended_compact/seed_metrics.csv,mean_return,30,30,0,-291.4,-675.8,-471.77,-537.8,-537.8,3,-587.15,2,True,,,0,source column failure_rate has no finite observations,,0,source column collision_rate has no finite observations,,0,source column risk_zone_rate has no finite observations,,0,source column motor_saturation_rate is absent,episode,results/confirmatory_extended_compact/raw.csv.gz,return,900,900,0,30,20000,20000,-291.4,-2000,-1937.45,-1114,-1114,90,-1989.4,45,True,,results/confirmatory_extended_compact/raw.csv.gz,return,8,2500,-636.71,91.4
confirmatory_extended_compact,Taxi-v3-compatible,support_abstain_tau_20,seed,results/confirmatory_extended_compact/seed_metrics.csv,mean_return,30,30,0,-200,-200,-200,-200,-200,3,-200,2,True,,,0,source column failure_rate has no finite observations,,0,source column collision_rate has no finite observations,,0,source column risk_zone_rate has no finite observations,,0,source column motor_saturation_rate is absent,episode,results/confirmatory_extended_compact/raw.csv.gz,return,900,900,0,30,20000,20000,-200,-200,-200,-200,-200,90,-200,45,True,,results/confirmatory_extended_compact/raw.csv.gz,return,8,2500,-654.141111111,6.27
confirmatory_extended_compact,Taxi-v3-compatible,tabular,seed,results/confirmatory_extended_compact/seed_metrics.csv,mean_return,30,30,0,-218.64,-379.4,-292.835,-319.7,-319.7,3,-349.55,2,True,,,0,source column failure_rate has no finite observations,,0,source column collision_rate has no finite observations,,0,source column risk_zone_rate has no finite observations,,0,source column motor_saturation_rate is absent,episode,results/confirmatory_extended_compact/raw.csv.gz,return,900,900,0,30,20000,20000,-218.64,-2000,-200,-386.4,-386.4,90,-572.8,45,True,,results/confirmatory_extended_compact/raw.csv.gz,return,8,2500,-788.393333333,7.65444444444
confirmatory_extended_compact,Taxi-v3-compatible,validated_dqn,seed,results/confirmatory_extended_compact/seed_metrics.csv,mean_return,30,30,0,-200,-200,-200,-200,-200,3,-200,2,True,,,0,source column failure_rate has no finite observations,,0,source column collision_rate has no finite observations,,0,source column risk_zone_rate has no finite observations,,0,source column motor_saturation_rate is absent,episode,results/confirmatory_extended_compact/raw.csv.gz,return,900,900,0,30,20000,20000,-200,-200,-200,-200,-200,90,-200,45,True,,results/confirmatory_extended_compact/raw.csv.gz,return,8,2500,-372.77,0
cost_support_metrics,ApplicationNavigation-cost-support,count_gated_tau_20,seed,results/cost_support_metrics/seed_metrics.csv,mean_return,10,10,0,-5.1052,-10.3216666667,-10.0294666667,-10.3216666667,-10.3216666667,1,,1,False,fewer than two observations fall in the alpha=0.05 empirical tail,0.436666666667,10,,0.245744375509,10,,0.0129125183494,10,,,0,source column motor_saturation_rate is absent,episode,results/cost_support_metrics/raw.csv.gz,return,300,300,0,10,12000,12000,-5.1052,-29.77,-28.85,-28.8016666667,-28.8016666667,30,-29.1413333333,15,True,,results/cost_support_metrics/raw.csv.gz,return,6,12000,-5.1052,2.64783333333
cost_support_metrics,ApplicationNavigation-cost-support,fuzzy_support_adaptive,seed,results/cost_support_metrics/seed_metrics.csv,mean_return,10,10,0,-4.0387,-10.4483333333,-10.1045333333,-10.4483333333,-10.4483333333,1,,1,False,fewer than two observations fall in the alpha=0.05 empirical tail,0.463333333333,10,,0.200295524164,10,,0.0105259462759,10,,,0,source column motor_saturation_rate is absent,episode,results/cost_support_metrics/raw.csv.gz,return,300,300,0,10,12000,12000,-4.0387,-29.54,-28.7075,-28.7353333333,-28.7353333333,30,-29.034,15,True,,results/cost_support_metrics/raw.csv.gz,return,6,10000,-5.0709,2.60016666667
cost_support_metrics,ApplicationNavigation-cost-support,support_abstain_tau_20,seed,results/cost_support_metrics/seed_metrics.csv,mean_return,10,10,0,0.5426,-1.96933333333,-1.44103333333,-1.96933333333,-1.96933333333,1,,1,False,fewer than two observations fall in the alpha=0.05 empirical tail,0.54,10,,0.0104854166409,10,,0.0240393552271,10,,,0,source column motor_saturation_rate is absent,episode,results/cost_support_metrics/raw.csv.gz,return,300,300,0,10,12000,12000,0.5426,-8.32,-4.0005,-4.57633333333,-4.57633333333,30,-5.64,15,True,,results/cost_support_metrics/raw.csv.gz,return,6,2000,-2.64076666667,0
cost_support_metrics,ApplicationNavigation-cost-support,tabular,seed,results/cost_support_metrics/seed_metrics.csv,mean_return,10,10,0,0.863866666667,-1.10933333333,-0.624233333333,-1.10933333333,-1.10933333333,1,,1,False,fewer than two observations fall in the alpha=0.05 empirical tail,0.286666666667,10,,0.077618399014,10,,0.0340366352317,10,,,0,source column motor_saturation_rate is absent,episode,results/cost_support_metrics/raw.csv.gz,return,300,300,0,10,12000,12000,0.863866666667,-10.97,-8.8535,-9.09866666667,-9.09866666667,30,-9.53466666667,15,True,,results/cost_support_metrics/raw.csv.gz,return,6,2000,-5.5578,0
cost_support_metrics,ApplicationNavigation-cost-support,validated_dqn,seed,results/cost_support_metrics/seed_metrics.csv,mean_return,10,10,0,-4.8303,-17.6143333333,-12.3310333333,-17.6143333333,-17.6143333333,1,,1,False,fewer than two observations fall in the alpha=0.05 empirical tail,0.93,10,,0.0905921058747,10,,0.0451764905533,10,,,0,source column motor_saturation_rate is absent,episode,results/cost_support_metrics/raw.csv.gz,return,300,300,0,10,12000,12000,-4.8303,-29.54,-27.7875,-25.0796666667,-25.0796666667,30,-28.7426666667,15,True,,results/cost_support_metrics/raw.csv.gz,return,6,4000,-5.2752,0.7109
cost_support_metrics,FourRooms-9-cost-support,count_gated_tau_20,seed,results/cost_support_metrics/seed_metrics.csv,mean_return,10,10,0,-1.9976,-2.427,-2.3178,-2.427,-2.427,1,,1,False,fewer than two observations fall in the alpha=0.05 empirical tail,0.773333333333,10,,0,10,,0,10,,,0,source column motor_saturation_rate is absent,episode,results/cost_support_metrics/raw.csv.gz,return,300,300,0,10,12000,12000,-1.9976,-3.15,-3.1,-3.10433333333,-3.10433333333,30,-3.12066666667,15,True,,results/cost_support_metrics/raw.csv.gz,return,6,2000,-2.44533333333,0.00153333333333
cost_support_metrics,FourRooms-9-cost-support,fuzzy_support_adaptive,seed,results/cost_support_metrics/seed_metrics.csv,mean_return,10,10,0,-2.12243333333,-2.42666666667,-2.41901666667,-2.42666666667,-2.42666666667,1,,1,False,fewer than two observations fall in the alpha=0.05 empirical tail,0.79,10,,0,10,,0,10,,,0,source column motor_saturation_rate is absent,episode,results/cost_support_metrics/raw.csv.gz,return,300,300,0,10,12000,12000,-2.12243333333,-3.14,-3.1,-3.09933333333,-3.09933333333,30,-3.11333333333,15,True,,results/cost_support_metrics/raw.csv.gz,return,6,2000,-2.44513333333,0.0483666666667
cost_support_metrics,FourRooms-9-cost-support,support_abstain_tau_20,seed,results/cost_support_metrics/seed_metrics.csv,mean_return,10,10,0,-1.0653,-1.52466666667,-1.41051666667,-1.52466666667,-1.52466666667,1,,1,False,fewer than two observations fall in the alpha=0.05 empirical tail,0.603333333333,10,,0,10,,0,10,,,0,source column motor_saturation_rate is absent,episode,results/cost_support_metrics/raw.csv.gz,return,300,300,0,10,12000,12000,-1.0653,-2.2,-2.07,-2.077,-2.077,30,-2.104,15,True,,results/cost_support_metrics/raw.csv.gz,return,6,10000,-1.2126,0.209433333333
cost_support_metrics,FourRooms-9-cost-support,tabular,seed,results/cost_support_metrics/seed_metrics.csv,mean_return,10,10,0,-1.05956666667,-1.37266666667,-1.33006666667,-1.37266666667,-1.37266666667,1,,1,False,fewer than two observations fall in the alpha=0.05 empirical tail,0.586666666667,10,,0,10,,0,10,,,0,source column motor_saturation_rate is absent,episode,results/cost_support_metrics/raw.csv.gz,return,300,300,0,10,12000,12000,-1.05956666667,-2.17,-2.06,-2.06833333333,-2.06833333333,30,-2.09666666667,15,True,,results/cost_support_metrics/raw.csv.gz,return,6,4000,-1.12356666667,0.0893666666667
cost_support_metrics,FourRooms-9-cost-support,validated_dqn,seed,results/cost_support_metrics/seed_metrics.csv,mean_return,10,10,0,-2.0198,-2.72066666667,-2.61596666667,-2.72066666667,-2.72066666667,1,,1,False,fewer than two observations fall in the alpha=0.05 empirical tail,0.806666666667,10,,0,10,,0,10,,,0,source column motor_saturation_rate is absent,episode,results/cost_support_metrics/raw.csv.gz,return,300,300,0,10,12000,12000,-2.0198,-3.15,-3.1,-3.10166666667,-3.10166666667,30,-3.11933333333,15,True,,results/cost_support_metrics/raw.csv.gz,return,6,4000,-2.43566666667,0.125866666667
dqn_strong_validation,CliffWalking-v1,original_selected_dqn,seed,results/dqn_strong_validation/seed_metrics.csv,mean_return,30,30,0,-500,-500,-500,-500,-500,3,-500,2,True,,,0,source column failure_rate has no finite observations,,0,source column collision_rate has no finite observations,,0,source column risk_zone_rate has no finite observations,,0,source column motor_saturation_rate is absent,episode,results/dqn_strong_validation/raw.csv.gz,return,900,900,0,30,10000,10000,-500,-500,-500,-500,-500,90,-500,45,True,,results/dqn_strong_validation/raw.csv.gz,return,4,2500,-500,0
dqn_strong_validation,CliffWalking-v1,validated_dqn,seed,results/dqn_strong_validation/seed_metrics.csv,mean_return,30,30,0,-500,-500,-500,-500,-500,3,-500,2,True,,,0,source column failure_rate has no finite observations,,0,source column collision_rate has no finite observations,,0,source column risk_zone_rate has no finite observations,,0,source column motor_saturation_rate is absent,episode,results/dqn_strong_validation/raw.csv.gz,return,900,900,0,30,10000,10000,-500,-500,-500,-500,-500,90,-500,45,True,,results/dqn_strong_validation/raw.csv.gz,return,4,2500,-500,0
dqn_strong_validation,FourRooms-11-slip-unseen-goals,original_selected_dqn,seed,results/dqn_strong_validation/seed_metrics.csv,mean_return,30,30,0,-3.28382222222,-3.66566666667,-3.63538333333,-3.64533333333,-3.64533333333,3,-3.6515,2,True,,,0,source column failure_rate has no finite observations,,0,source column collision_rate has no finite observations,,0,source column risk_zone_rate has no finite observations,,0,source column motor_saturation_rate is absent,episode,results/dqn_strong_validation/raw.csv.gz,return,900,900,0,30,16000,16000,-3.28382222222,-4.32,-4.24,-4.24422222222,-4.24422222222,90,-4.26488888889,45,True,,results/dqn_strong_validation/raw.csv.gz,return,7,2500,-3.44484444444,0.179333333333
dqn_strong_validation,FourRooms-11-slip-unseen-goals,validated_dqn,seed,results/dqn_strong_validation/seed_metrics.csv,mean_return,30,30,0,-3.02742222222,-3.80266666667,-3.64323333333,-3.68666666667,-3.68666666667,3,-3.7885,2,True,,,0,source column failure_rate has no finite observations,,0,source column collision_rate has no finite observations,,0,source column risk_zone_rate has no finite observations,,0,source column motor_saturation_rate is absent,episode,results/dqn_strong_validation/raw.csv.gz,return,900,900,0,30,16000,16000,-3.02742222222,-4.31,-4.24,-4.24688888889,-4.24688888889,90,-4.27,45,True,,results/dqn_strong_validation/raw.csv.gz,return,7,5000,-3.48036666667,0.101022222222
dqn_strong_validation,FourRooms-7-unseen-goals,original_selected_dqn,seed,results/dqn_strong_validation/seed_metrics.csv,mean_return,30,30,0,-1.63075555556,-1.98333333333,-1.83866666667,-1.886,-1.886,3,-1.917,2,True,,,0,source column failure_rate has no finite observations,,0,source column collision_rate has no finite observations,,0,source column risk_zone_rate has no finite observations,,0,source column motor_saturation_rate is absent,episode,results/dqn_strong_validation/raw.csv.gz,return,900,900,0,30,8000,8000,-1.63075555556,-2,-2,-2,-2,90,-2,45,True,,results/dqn_strong_validation/raw.csv.gz,return,4,2500,-1.72386666667,0
dqn_strong_validation,FourRooms-7-unseen-goals,validated_dqn,seed,results/dqn_strong_validation/seed_metrics.csv,mean_return,30,30,0,-1.64515555556,-1.956,-1.93373333333,-1.94,-1.94,3,-1.95266666667,2,True,,,0,source column failure_rate has no finite observations,,0,source column collision_rate has no finite observations,,0,source column risk_zone_rate has no finite observations,,0,source column motor_saturation_rate is absent,episode,results/dqn_strong_validation/raw.csv.gz,return,900,900,0,30,8000,8000,-1.64515555556,-2,-2,-2,-2,90,-2,45,True,,results/dqn_strong_validation/raw.csv.gz,return,4,2500,-1.68767777778,0.0593777777778
dqn_strong_validation,FourRooms-9-slip-unseen-goals,original_selected_dqn,seed,results/dqn_strong_validation/seed_metrics.csv,mean_return,30,30,0,-2.21803333333,-2.89833333333,-2.64931666667,-2.72955555556,-2.72955555556,3,-2.7925,2,True,,,0,source column failure_rate has no finite observations,,0,source column collision_rate has no finite observations,,0,source column risk_zone_rate has no finite observations,,0,source column motor_saturation_rate is absent,episode,results/dqn_strong_validation/raw.csv.gz,return,900,900,0,30,12000,12000,-2.21803333333,-3.15,-3.09,-3.09944444444,-3.09944444444,90,-3.114,45,True,,results/dqn_strong_validation/raw.csv.gz,return,5,2500,-2.41736666667,0.1118
dqn_strong_validation,FourRooms-9-slip-unseen-goals,validated_dqn,seed,results/dqn_strong_validation/seed_metrics.csv,mean_return,30,30,0,-2.14613333333,-2.77733333333,-2.5154,-2.60244444444,-2.60244444444,3,-2.64816666667,2,True,,,0,source column failure_rate has no finite observations,,0,source column collision_rate has no finite observations,,0,source column risk_zone_rate has no finite observations,,0,source column motor_saturation_rate is absent,episode,results/dqn_strong_validation/raw.csv.gz,return,900,900,0,30,12000,12000,-2.14613333333,-3.15,-3.1,-3.10477777778,-3.10477777778,90,-3.118,45,True,,results/dqn_strong_validation/raw.csv.gz,return,5,2500,-2.39984444444,0.0356111111111
dqn_strong_validation,FrozenLake-4x4-slippery,original_selected_dqn,seed,results/dqn_strong_validation/seed_metrics.csv,mean_return,30,30,0,0.193333333333,0,0,0,0,3,0,2,True,,,0,source column failure_rate has no finite observations,,0,source column collision_rate has no finite observations,,0,source column risk_zone_rate has no finite observations,,0,source column motor_saturation_rate is absent,episode,results/dqn_strong_validation/raw.csv.gz,return,900,900,0,30,10000,10000,0.193333333333,0,0,0,0,90,0,45,True,,results/dqn_strong_validation/raw.csv.gz,return,4,2500,0.0877777777778,0
dqn_strong_validation,FrozenLake-4x4-slippery,validated_dqn,seed,results/dqn_strong_validation/seed_metrics.csv,mean_return,30,30,0,0.358888888889,0,0,0,0,3,0,2,True,,,0,source column failure_rate has no finite observations,,0,source column collision_rate has no finite observations,,0,source column risk_zone_rate has no finite observations,,0,source column motor_saturation_rate is absent,episode,results/dqn_strong_validation/raw.csv.gz,return,900,900,0,30,10000,10000,0.358888888889,0,0,0,0,90,0,45,True,,results/dqn_strong_validation/raw.csv.gz,return,4,2500,0.153333333333,0
dqn_strong_validation,FrozenLake-8x8-slippery,original_selected_dqn,seed,results/dqn_strong_validation/seed_metrics.csv,mean_return,30,30,0,0.00888888888889,0,0,0,0,3,0,2,True,,,0,source column failure_rate has no finite observations,,0,source column collision_rate has no finite observations,,0,source column risk_zone_rate has no finite observations,,0,source column motor_saturation_rate is absent,episode,results/dqn_strong_validation/raw.csv.gz,return,900,900,0,30,20000,20000,0.00888888888889,0,0,0,0,90,0,45,True,,results/dqn_strong_validation/raw.csv.gz,return,8,7500,0.00222222222222,0.00888888888889
dqn_strong_validation,FrozenLake-8x8-slippery,validated_dqn,seed,results/dqn_strong_validation/seed_metrics.csv,mean_return,30,30,0,0.0355555555556,0,0,0,0,3,0,2,True,,,0,source column failure_rate has no finite observations,,0,source column collision_rate has no finite observations,,0,source column risk_zone_rate has no finite observations,,0,source column motor_saturation_rate is absent,episode,results/dqn_strong_validation/raw.csv.gz,return,900,900,0,30,20000,20000,0.0355555555556,0,0,0,0,90,0,45,True,,results/dqn_strong_validation/raw.csv.gz,return,8,5000,0,0.0111111111111
dqn_strong_validation,MiniGrid-Empty-5x5-validation,original_selected_dqn,seed,results/dqn_strong_validation/seed_metrics.csv,mean_return,10,10,0,0,0,0,0,0,1,,1,False,fewer than two observations fall in the alpha=0.05 empirical tail,,0,source column failure_rate has no finite observations,,0,source column collision_rate has no finite observations,,0,source column risk_zone_rate has no finite observations,,0,source column motor_saturation_rate is absent,episode,results/dqn_strong_validation/raw.csv.gz,return,300,300,0,10,20000,20000,0,0,0,0,0,30,0,15,True,,results/dqn_strong_validation/raw.csv.gz,return,8,2500,0,0
dqn_strong_validation,MiniGrid-Empty-5x5-validation,validated_dqn,seed,results/dqn_strong_validation/seed_metrics.csv,mean_return,10,10,0,0,0,0,0,0,1,,1,False,fewer than two observations fall in the alpha=0.05 empirical tail,,0,source column failure_rate has no finite observations,,0,source column collision_rate has no finite observations,,0,source column risk_zone_rate has no finite observations,,0,source column motor_saturation_rate is absent,episode,results/dqn_strong_validation/raw.csv.gz,return,300,300,0,10,20000,20000,0,0,0,0,0,30,0,15,True,,results/dqn_strong_validation/raw.csv.gz,return,8,2500,0,0
dqn_strong_validation,Taxi-v3-compatible,original_selected_dqn,seed,results/dqn_strong_validation/seed_metrics.csv,mean_return,30,30,0,-200,-200,-200,-200,-200,3,-200,2,True,,,0,source column failure_rate has no finite observations,,0,source column collision_rate has no finite observations,,0,source column risk_zone_rate has no finite observations,,0,source column motor_saturation_rate is absent,episode,results/dqn_strong_validation/raw.csv.gz,return,900,900,0,30,20000,20000,-200,-200,-200,-200,-200,90,-200,45,True,,results/dqn_strong_validation/raw.csv.gz,return,8,2500,-260,0
dqn_strong_validation,Taxi-v3-compatible,validated_dqn,seed,results/dqn_strong_validation/seed_metrics.csv,mean_return,30,30,0,-200,-200,-200,-200,-200,3,-200,2,True,,,0,source column failure_rate has no finite observations,,0,source column collision_rate has no finite observations,,0,source column risk_zone_rate has no finite observations,,0,source column motor_saturation_rate is absent,episode,results/dqn_strong_validation/raw.csv.gz,return,900,900,0,30,20000,20000,-200,-200,-200,-200,-200,90,-200,45,True,,results/dqn_strong_validation/raw.csv.gz,return,8,2500,-487.82,0
dqn_tuning_development,CliffWalking-v1,double_dqn_lr3e4_h128,seed,results/dqn_tuning_development/seed_metrics.csv,mean_return,5,5,0,-500,-500,-500,-500,-500,1,,1,False,fewer than two observations fall in the alpha=0.05 empirical tail,,0,source column failure_rate has no finite observations,,0,source column collision_rate has no finite observations,,0,source column risk_zone_rate has no finite observations,,0,source column motor_saturation_rate is absent,episode,results/dqn_tuning_development/raw.csv.gz,return,100,100,0,5,10000,10000,-500,-500,-500,-500,-500,10,-500,5,True,,results/dqn_tuning_development/raw.csv.gz,return,4,2500,-500,0
dqn_tuning_development,CliffWalking-v1,vanilla_dqn_buffer100k,seed,results/dqn_tuning_development/seed_metrics.csv,mean_return,5,5,0,-500,-500,-500,-500,-500,1,,1,False,fewer than two observations fall in the alpha=0.05 empirical tail,,0,source column failure_rate has no finite observations,,0,source column collision_rate has no finite observations,,0,source column risk_zone_rate has no finite observations,,0,source column motor_saturation_rate is absent,episode,results/dqn_tuning_development/raw.csv.gz,return,100,100,0,5,10000,10000,-500,-500,-500,-500,-500,10,-500,5,True,,results/dqn_tuning_development/raw.csv.gz,return,4,2500,-500,0
dqn_tuning_development,CliffWalking-v1,vanilla_dqn_h128,seed,results/dqn_tuning_development/seed_metrics.csv,mean_return,5,5,0,-500,-500,-500,-500,-500,1,,1,False,fewer than two observations fall in the alpha=0.05 empirical tail,,0,source column failure_rate has no finite observations,,0,source column collision_rate has no finite observations,,0,source column risk_zone_rate has no finite observations,,0,source column motor_saturation_rate is absent,episode,results/dqn_tuning_development/raw.csv.gz,return,100,100,0,5,10000,10000,-500,-500,-500,-500,-500,10,-500,5,True,,results/dqn_tuning_development/raw.csv.gz,return,4,2500,-500,0
dqn_tuning_development,CliffWalking-v1,vanilla_dqn_h64,seed,results/dqn_tuning_development/seed_metrics.csv,mean_return,5,5,0,-500,-500,-500,-500,-500,1,,1,False,fewer than two observations fall in the alpha=0.05 empirical tail,,0,source column failure_rate has no finite observations,,0,source column collision_rate has no finite observations,,0,source column risk_zone_rate has no finite observations,,0,source column motor_saturation_rate is absent,episode,results/dqn_tuning_development/raw.csv.gz,return,100,100,0,5,10000,10000,-500,-500,-500,-500,-500,10,-500,5,True,,results/dqn_tuning_development/raw.csv.gz,return,4,2500,-500,0
dqn_tuning_development,CliffWalking-v1,vanilla_dqn_lr3e4_h128,seed,results/dqn_tuning_development/seed_metrics.csv,mean_return,5,5,0,-500,-500,-500,-500,-500,1,,1,False,fewer than two observations fall in the alpha=0.05 empirical tail,,0,source column failure_rate has no finite observations,,0,source column collision_rate has no finite observations,,0,source column risk_zone_rate has no finite observations,,0,source column motor_saturation_rate is absent,episode,results/dqn_tuning_development/raw.csv.gz,return,100,100,0,5,10000,10000,-500,-500,-500,-500,-500,10,-500,5,True,,results/dqn_tuning_development/raw.csv.gz,return,4,2500,-500,0
dqn_tuning_development,CliffWalking-v1,vanilla_dqn_target1000,seed,results/dqn_tuning_development/seed_metrics.csv,mean_return,5,5,0,-500,-500,-500,-500,-500,1,,1,False,fewer than two observations fall in the alpha=0.05 empirical tail,,0,source column failure_rate has no finite observations,,0,source column collision_rate has no finite observations,,0,source column risk_zone_rate has no finite observations,,0,source column motor_saturation_rate is absent,episode,results/dqn_tuning_development/raw.csv.gz,return,100,100,0,5,10000,10000,-500,-500,-500,-500,-500,10,-500,5,True,,results/dqn_tuning_development/raw.csv.gz,return,4,2500,-500,0
dqn_tuning_development,CliffWalking-v1,vanilla_dqn_target250,seed,results/dqn_tuning_development/seed_metrics.csv,mean_return,5,5,0,-500,-500,-500,-500,-500,1,,1,False,fewer than two observations fall in the alpha=0.05 empirical tail,,0,source column failure_rate has no finite observations,,0,source column collision_rate has no finite observations,,0,source column risk_zone_rate has no finite observations,,0,source column motor_saturation_rate is absent,episode,results/dqn_tuning_development/raw.csv.gz,return,100,100,0,5,10000,10000,-500,-500,-500,-500,-500,10,-500,5,True,,results/dqn_tuning_development/raw.csv.gz,return,4,2500,-10400,0
dqn_tuning_development,FourRooms-11-slip-unseen-goals,double_dqn_lr3e4_h128,seed,results/dqn_tuning_development/seed_metrics.csv,mean_return,5,5,0,-2.9056,-3.617,-3.515,-3.617,-3.617,1,,1,False,fewer than two observations fall in the alpha=0.05 empirical tail,,0,source column failure_rate has no finite observations,,0,source column collision_rate has no finite observations,,0,source column risk_zone_rate has no finite observations,,0,source column motor_saturation_rate is absent,episode,results/dqn_tuning_development/raw.csv.gz,return,100,100,0,5,16000,16000,-2.9056,-4.3,-4.2305,-4.239,-4.239,10,-4.268,5,True,,results/dqn_tuning_development/raw.csv.gz,return,7,10000,-3.6431,0.4061
dqn_tuning_development,FourRooms-11-slip-unseen-goals,vanilla_dqn_buffer100k,seed,results/dqn_tuning_development/seed_metrics.csv,mean_return,5,5,0,-3.4595,-3.918,-3.8622,-3.918,-3.918,1,,1,False,fewer than two observations fall in the alpha=0.05 empirical tail,,0,source column failure_rate has no finite observations,,0,source column collision_rate has no finite observations,,0,source column risk_zone_rate has no finite observations,,0,source column motor_saturation_rate is absent,episode,results/dqn_tuning_development/raw.csv.gz,return,100,100,0,5,16000,16000,-3.4595,-4.29,-4.2705,-4.269,-4.269,10,-4.282,5,True,,results/dqn_tuning_development/raw.csv.gz,return,7,2500,-3.5968,0.6099
dqn_tuning_development,FourRooms-11-slip-unseen-goals,vanilla_dqn_h128,seed,results/dqn_tuning_development/seed_metrics.csv,mean_return,5,5,0,-3.3241,-3.85,-3.8256,-3.85,-3.85,1,,1,False,fewer than two observations fall in the alpha=0.05 empirical tail,,0,source column failure_rate has no finite observations,,0,source column collision_rate has no finite observations,,0,source column risk_zone_rate has no finite observations,,0,source column motor_saturation_rate is absent,episode,results/dqn_tuning_development/raw.csv.gz,return,100,100,0,5,16000,16000,-3.3241,-4.29,-4.251,-4.26,-4.26,10,-4.282,5,True,,results/dqn_tuning_development/raw.csv.gz,return,7,12500,-3.6353,0.4546
dqn_tuning_development,FourRooms-11-slip-unseen-goals,vanilla_dqn_h64,seed,results/dqn_tuning_development/seed_metrics.csv,mean_return,5,5,0,-3.1309,-3.5425,-3.5281,-3.5425,-3.5425,1,,1,False,fewer than two observations fall in the alpha=0.05 empirical tail,,0,source column failure_rate has no finite observations,,0,source column collision_rate has no finite observations,,0,source column risk_zone_rate has no finite observations,,0,source column motor_saturation_rate is absent,episode,results/dqn_tuning_development/raw.csv.gz,return,100,100,0,5,16000,16000,-3.1309,-4.29,-4.25,-4.256,-4.256,10,-4.274,5,True,,results/dqn_tuning_development/raw.csv.gz,return,7,2500,-3.7475,0.1621
dqn_tuning_development,FourRooms-11-slip-unseen-goals,vanilla_dqn_lr3e4_h128,seed,results/dqn_tuning_development/seed_metrics.csv,mean_return,5,5,0,-2.992,-3.4915,-3.4343,-3.4915,-3.4915,1,,1,False,fewer than two observations fall in the alpha=0.05 empirical tail,,0,source column failure_rate has no finite observations,,0,source column collision_rate has no finite observations,,0,source column risk_zone_rate has no finite observations,,0,source column motor_saturation_rate is absent,episode,results/dqn_tuning_development/raw.csv.gz,return,100,100,0,5,16000,16000,-2.992,-4.29,-4.2105,-4.228,-4.228,10,-4.25,5,True,,results/dqn_tuning_development/raw.csv.gz,return,7,2500,-3.4973,0.2408
dqn_tuning_development,FourRooms-11-slip-unseen-goals,vanilla_dqn_target1000,seed,results/dqn_tuning_development/seed_metrics.csv,mean_return,5,5,0,-2.975,-3.491,-3.3814,-3.491,-3.491,1,,1,False,fewer than two observations fall in the alpha=0.05 empirical tail,,0,source column failure_rate has no finite observations,,0,source column collision_rate has no finite observations,,0,source column risk_zone_rate has no finite observations,,0,source column motor_saturation_rate is absent,episode,results/dqn_tuning_development/raw.csv.gz,return,100,100,0,5,16000,16000,-2.975,-4.29,-4.2405,-4.246,-4.246,10,-4.272,5,True,,results/dqn_tuning_development/raw.csv.gz,return,7,2500,-3.58,0.2842
dqn_tuning_development,FourRooms-11-slip-unseen-goals,vanilla_dqn_target250,seed,results/dqn_tuning_development/seed_metrics.csv,mean_return,5,5,0,-2.7632,-3.7625,-3.5303,-3.7625,-3.7625,1,,1,False,fewer than two observations fall in the alpha=0.05 empirical tail,,0,source column failure_rate has no finite observations,,0,source column collision_rate has no finite observations,,0,source column risk_zone_rate has no finite observations,,0,source column motor_saturation_rate is absent,episode,results/dqn_tuning_development/raw.csv.gz,return,100,100,0,5,16000,16000,-2.7632,-4.28,-4.2105,-4.228,-4.228,10,-4.258,5,True,,results/dqn_tuning_development/raw.csv.gz,return,7,7500,-3.5986,0.5694
dqn_tuning_development,FourRooms-7-unseen-goals,double_dqn_lr3e4_h128,seed,results/dqn_tuning_development/seed_metrics.csv,mean_return,5,5,0,-1.688,-1.9345,-1.9054,-1.9345,-1.9345,1,,1,False,fewer than two observations fall in the alpha=0.05 empirical tail,,0,source column failure_rate has no finite observations,,0,source column collision_rate has no finite observations,,0,source column risk_zone_rate has no finite observations,,0,source column motor_saturation_rate is absent,episode,results/dqn_tuning_development/raw.csv.gz,return,100,100,0,5,8000,8000,-1.688,-2,-2,-2,-2,10,-2,5,True,,results/dqn_tuning_development/raw.csv.gz,return,4,7500,-1.808,0.1395
dqn_tuning_development,FourRooms-7-unseen-goals,vanilla_dqn_buffer100k,seed,results/dqn_tuning_development/seed_metrics.csv,mean_return,5,5,0,-1.6363,-1.836,-1.8053,-1.836,-1.836,1,,1,False,fewer than two observations fall in the alpha=0.05 empirical tail,,0,source column failure_rate has no finite observations,,0,source column collision_rate has no finite observations,,0,source column risk_zone_rate has no finite observations,,0,source column motor_saturation_rate is absent,episode,results/dqn_tuning_development/raw.csv.gz,return,100,100,0,5,8000,8000,-1.6363,-2,-2,-2,-2,10,-2,5,True,,results/dqn_tuning_development/raw.csv.gz,return,4,7500,-1.709,0.2297
dqn_tuning_development,FourRooms-7-unseen-goals,vanilla_dqn_h128,seed,results/dqn_tuning_development/seed_metrics.csv,mean_return,5,5,0,-1.5121,-1.695,-1.6739,-1.695,-1.695,1,,1,False,fewer than two observations fall in the alpha=0.05 empirical tail,,0,source column failure_rate has no finite observations,,0,source column collision_rate has no finite observations,,0,source column risk_zone_rate has no finite observations,,0,source column motor_saturation_rate is absent,episode,results/dqn_tuning_development/raw.csv.gz,return,100,100,0,5,8000,8000,-1.5121,-2,-2,-2,-2,10,-2,5,True,,results/dqn_tuning_development/raw.csv.gz,return,4,2500,-1.6543,0.0105
dqn_tuning_development,FourRooms-7-unseen-goals,vanilla_dqn_h64,seed,results/dqn_tuning_development/seed_metrics.csv,mean_return,5,5,0,-1.4914,-1.6425,-1.632,-1.6425,-1.6425,1,,1,False,fewer than two observations fall in the alpha=0.05 empirical tail,,0,source column failure_rate has no finite observations,,0,source column collision_rate has no finite observations,,0,source column risk_zone_rate has no finite observations,,0,source column motor_saturation_rate is absent,episode,results/dqn_tuning_development/raw.csv.gz,return,100,100,0,5,8000,8000,-1.4914,-2,-2,-2,-2,10,-2,5,True,,results/dqn_tuning_development/raw.csv.gz,return,4,5000,-1.708,0.1866
dqn_tuning_development,FourRooms-7-unseen-goals,vanilla_dqn_lr3e4_h128,seed,results/dqn_tuning_development/seed_metrics.csv,mean_return,5,5,0,-1.5407,-1.742,-1.7124,-1.742,-1.742,1,,1,False,fewer than two observations fall in the alpha=0.05 empirical tail,,0,source column failure_rate has no finite observations,,0,source column collision_rate has no finite observations,,0,source column risk_zone_rate has no finite observations,,0,source column motor_saturation_rate is absent,episode,results/dqn_tuning_development/raw.csv.gz,return,100,100,0,5,8000,8000,-1.5407,-2,-2,-2,-2,10,-2,5,True,,results/dqn_tuning_development/raw.csv.gz,return,4,5000,-1.6384,0.08
dqn_tuning_development,FourRooms-7-unseen-goals,vanilla_dqn_target1000,seed,results/dqn_tuning_development/seed_metrics.csv,mean_return,5,5,0,-1.6762,-1.9285,-1.8894,-1.9285,-1.9285,1,,1,False,fewer than two observations fall in the alpha=0.05 empirical tail,,0,source column failure_rate has no finite observations,,0,source column collision_rate has no finite observations,,0,source column risk_zone_rate has no finite observations,,0,source column motor_saturation_rate is absent,episode,results/dqn_tuning_development/raw.csv.gz,return,100,100,0,5,8000,8000,-1.6762,-2,-2,-2,-2,10,-2,5,True,,results/dqn_tuning_development/raw.csv.gz,return,4,2500,-1.8341,0.0674
dqn_tuning_development,FourRooms-7-unseen-goals,vanilla_dqn_target250,seed,results/dqn_tuning_development/seed_metrics.csv,mean_return,5,5,0,-1.3834,-1.7435,-1.7323,-1.7435,-1.7435,1,,1,False,fewer than two observations fall in the alpha=0.05 empirical tail,,0,source column failure_rate has no finite observations,,0,source column collision_rate has no finite observations,,0,source column risk_zone_rate has no finite observations,,0,source column motor_saturation_rate is absent,episode,results/dqn_tuning_development/raw.csv.gz,return,100,100,0,5,8000,8000,-1.3834,-2,-2,-2,-2,10,-2,5,True,,results/dqn_tuning_development/raw.csv.gz,return,4,7500,-1.7675,0.2092
dqn_tuning_development,FourRooms-9-slip-unseen-goals,double_dqn_lr3e4_h128,seed,results/dqn_tuning_development/seed_metrics.csv,mean_return,5,5,0,-2.0145,-2.177,-2.1765,-2.177,-2.177,1,,1,False,fewer than two observations fall in the alpha=0.05 empirical tail,,0,source column failure_rate has no finite observations,,0,source column collision_rate has no finite observations,,0,source column risk_zone_rate has no finite observations,,0,source column motor_saturation_rate is absent,episode,results/dqn_tuning_development/raw.csv.gz,return,100,100,0,5,12000,12000,-2.0145,-3.17,-3.08,-3.088,-3.088,10,-3.104,5,True,,results/dqn_tuning_development/raw.csv.gz,return,5,2500,-2.4044,0.1559
dqn_tuning_development,FourRooms-9-slip-unseen-goals,vanilla_dqn_buffer100k,seed,results/dqn_tuning_development/seed_metrics.csv,mean_return,5,5,0,-1.5214,-2.1555,-2.0668,-2.1555,-2.1555,1,,1,False,fewer than two observations fall in the alpha=0.05 empirical tail,,0,source column failure_rate has no finite observations,,0,source column collision_rate has no finite observations,,0,source column risk_zone_rate has no finite observations,,0,source column motor_saturation_rate is absent,episode,results/dqn_tuning_development/raw.csv.gz,return,100,100,0,5,12000,12000,-1.5214,-3.11,-3.08,-3.08,-3.08,10,-3.096,5,True,,results/dqn_tuning_development/raw.csv.gz,return,5,7500,-2.304,0.1671
dqn_tuning_development,FourRooms-9-slip-unseen-goals,vanilla_dqn_h128,seed,results/dqn_tuning_development/seed_metrics.csv,mean_return,5,5,0,-2.0009,-2.5655,-2.5188,-2.5655,-2.5655,1,,1,False,fewer than two observations fall in the alpha=0.05 empirical tail,,0,source column failure_rate has no finite observations,,0,source column collision_rate has no finite observations,,0,source column risk_zone_rate has no finite observations,,0,source column motor_saturation_rate is absent,episode,results/dqn_tuning_development/raw.csv.gz,return,100,100,0,5,12000,12000,-2.0009,-3.17,-3.09,-3.096,-3.096,10,-3.12,5,True,,results/dqn_tuning_development/raw.csv.gz,return,5,7500,-2.4978,0.2704
dqn_tuning_development,FourRooms-9-slip-unseen-goals,vanilla_dqn_h64,seed,results/dqn_tuning_development/seed_metrics.csv,mean_return,5,5,0,-2.1155,-2.53,-2.4584,-2.53,-2.53,1,,1,False,fewer than two observations fall in the alpha=0.05 empirical tail,,0,source column failure_rate has no finite observations,,0,source column collision_rate has no finite observations,,0,source column risk_zone_rate has no finite observations,,0,source column motor_saturation_rate is absent,episode,results/dqn_tuning_development/raw.csv.gz,return,100,100,0,5,12000,12000,-2.1155,-3.17,-3.09,-3.1,-3.1,10,-3.124,5,True,,results/dqn_tuning_development/raw.csv.gz,return,5,7500,-2.399,0.1713
dqn_tuning_development,FourRooms-9-slip-unseen-goals,vanilla_dqn_lr3e4_h128,seed,results/dqn_tuning_development/seed_metrics.csv,mean_return,5,5,0,-1.8221,-2.45,-2.3302,-2.45,-2.45,1,,1,False,fewer than two observations fall in the alpha=0.05 empirical tail,,0,source column failure_rate has no finite observations,,0,source column collision_rate has no finite observations,,0,source column risk_zone_rate has no finite observations,,0,source column motor_saturation_rate is absent,episode,results/dqn_tuning_development/raw.csv.gz,return,100,100,0,5,12000,12000,-1.8221,-3.17,-3.08,-3.094,-3.094,10,-3.112,5,True,,results/dqn_tuning_development/raw.csv.gz,return,5,5000,-2.3393,0.049
dqn_tuning_development,FourRooms-9-slip-unseen-goals,vanilla_dqn_target1000,seed,results/dqn_tuning_development/seed_metrics.csv,mean_return,5,5,0,-1.7737,-1.9705,-1.9604,-1.9705,-1.9705,1,,1,False,fewer than two observations fall in the alpha=0.05 empirical tail,,0,source column failure_rate has no finite observations,,0,source column collision_rate has no finite observations,,0,source column risk_zone_rate has no finite observations,,0,source column motor_saturation_rate is absent,episode,results/dqn_tuning_development/raw.csv.gz,return,100,100,0,5,12000,12000,-1.7737,-3.17,-3.081,-3.104,-3.104,10,-3.14,5,True,,results/dqn_tuning_development/raw.csv.gz,return,5,7500,-2.3541,0.1442
dqn_tuning_development,FourRooms-9-slip-unseen-goals,vanilla_dqn_target250,seed,results/dqn_tuning_development/seed_metrics.csv,mean_return,5,5,0,-2.1191,-2.7365,-2.6256,-2.7365,-2.7365,1,,1,False,fewer than two observations fall in the alpha=0.05 empirical tail,,0,source column failure_rate has no finite observations,,0,source column collision_rate has no finite observations,,0,source column risk_zone_rate has no finite observations,,0,source column motor_saturation_rate is absent,episode,results/dqn_tuning_development/raw.csv.gz,return,100,100,0,5,12000,12000,-2.1191,-3.12,-3.09,-3.094,-3.094,10,-3.106,5,True,,results/dqn_tuning_development/raw.csv.gz,return,5,7500,-2.3497,0.2334
dqn_tuning_development,FrozenLake-4x4-slippery,double_dqn_lr3e4_h128,seed,results/dqn_tuning_development/seed_metrics.csv,mean_return,5,5,0,0.15,0,0.02,0,0,1,,1,False,fewer than two observations fall in the alpha=0.05 empirical tail,,0,source column failure_rate has no finite observations,,0,source column collision_rate has no finite observations,,0,source column risk_zone_rate has no finite observations,,0,source column motor_saturation_rate is absent,episode,results/dqn_tuning_development/raw.csv.gz,return,100,100,0,5,10000,10000,0.15,0,0,0,0,10,0,5,True,,results/dqn_tuning_development/raw.csv.gz,return,4,5000,0.02,0.01
dqn_tuning_development,FrozenLake-4x4-slippery,vanilla_dqn_buffer100k,seed,results/dqn_tuning_development/seed_metrics.csv,mean_return,5,5,0,0.23,0,0.01,0,0,1,,1,False,fewer than two observations fall in the alpha=0.05 empirical tail,,0,source column failure_rate has no finite observations,,0,source column collision_rate has no finite observations,,0,source column risk_zone_rate has no finite observations,,0,source column motor_saturation_rate is absent,episode,results/dqn_tuning_development/raw.csv.gz,return,100,100,0,5,10000,10000,0.23,0,0,0,0,10,0,5,True,,results/dqn_tuning_development/raw.csv.gz,return,4,2500,0.05,0
dqn_tuning_development,FrozenLake-4x4-slippery,vanilla_dqn_h128,seed,results/dqn_tuning_development/seed_metrics.csv,mean_return,5,5,0,0.34,0,0.05,0,0,1,,1,False,fewer than two observations fall in the alpha=0.05 empirical tail,,0,source column failure_rate has no finite observations,,0,source column collision_rate has no finite observations,,0,source column risk_zone_rate has no finite observations,,0,source column motor_saturation_rate is absent,episode,results/dqn_tuning_development/raw.csv.gz,return,100,100,0,5,10000,10000,0.34,0,0,0,0,10,0,5,True,,results/dqn_tuning_development/raw.csv.gz,return,4,2500,0.09,0
dqn_tuning_development,FrozenLake-4x4-slippery,vanilla_dqn_h64,seed,results/dqn_tuning_development/seed_metrics.csv,mean_return,5,5,0,0.43,0,0.09,0,0,1,,1,False,fewer than two observations fall in the alpha=0.05 empirical tail,,0,source column failure_rate has no finite observations,,0,source column collision_rate has no finite observations,,0,source column risk_zone_rate has no finite observations,,0,source column motor_saturation_rate is absent,episode,results/dqn_tuning_development/raw.csv.gz,return,100,100,0,5,10000,10000,0.43,0,0,0,0,10,0,5,True,,results/dqn_tuning_development/raw.csv.gz,return,4,2500,0.08,0.13
dqn_tuning_development,FrozenLake-4x4-slippery,vanilla_dqn_lr3e4_h128,seed,results/dqn_tuning_development/seed_metrics.csv,mean_return,5,5,0,0.38,0.15,0.18,0.15,0.15,1,,1,False,fewer than two observations fall in the alpha=0.05 empirical tail,,0,source column failure_rate has no finite observations,,0,source column collision_rate has no finite observations,,0,source column risk_zone_rate has no finite observations,,0,source column motor_saturation_rate is absent,episode,results/dqn_tuning_development/raw.csv.gz,return,100,100,0,5,10000,10000,0.38,0,0,0,0,10,0,5,True,,results/dqn_tuning_development/raw.csv.gz,return,4,2500,0.15,0
dqn_tuning_development,FrozenLake-4x4-slippery,vanilla_dqn_target1000,seed,results/dqn_tuning_development/seed_metrics.csv,mean_return,5,5,0,0.22,0,0.02,0,0,1,,1,False,fewer than two observations fall in the alpha=0.05 empirical tail,,0,source column failure_rate has no finite observations,,0,source column collision_rate has no finite observations,,0,source column risk_zone_rate has no finite observations,,0,source column motor_saturation_rate is absent,episode,results/dqn_tuning_development/raw.csv.gz,return,100,100,0,5,10000,10000,0.22,0,0,0,0,10,0,5,True,,results/dqn_tuning_development/raw.csv.gz,return,4,2500,0.1,0.03
dqn_tuning_development,FrozenLake-4x4-slippery,vanilla_dqn_target250,seed,results/dqn_tuning_development/seed_metrics.csv,mean_return,5,5,0,0.19,0,0,0,0,1,,1,False,fewer than two observations fall in the alpha=0.05 empirical tail,,0,source column failure_rate has no finite observations,,0,source column collision_rate has no finite observations,,0,source column risk_zone_rate has no finite observations,,0,source column motor_saturation_rate is absent,episode,results/dqn_tuning_development/raw.csv.gz,return,100,100,0,5,10000,10000,0.19,0,0,0,0,10,0,5,True,,results/dqn_tuning_development/raw.csv.gz,return,4,5000,0.13,0.23
dqn_tuning_development,FrozenLake-8x8-slippery,double_dqn_lr3e4_h128,seed,results/dqn_tuning_development/seed_metrics.csv,mean_return,5,5,0,0.02,0,0,0,0,1,,1,False,fewer than two observations fall in the alpha=0.05 empirical tail,,0,source column failure_rate has no finite observations,,0,source column collision_rate has no finite observations,,0,source column risk_zone_rate has no finite observations,,0,source column motor_saturation_rate is absent,episode,results/dqn_tuning_development/raw.csv.gz,return,100,100,0,5,20000,20000,0.02,0,0,0,0,10,0,5,True,,results/dqn_tuning_development/raw.csv.gz,return,8,2500,0,0.04
dqn_tuning_development,FrozenLake-8x8-slippery,vanilla_dqn_buffer100k,seed,results/dqn_tuning_development/seed_metrics.csv,mean_return,5,5,0,0.01,0,0,0,0,1,,1,False,fewer than two observations fall in the alpha=0.05 empirical tail,,0,source column failure_rate has no finite observations,,0,source column collision_rate has no finite observations,,0,source column risk_zone_rate has no finite observations,,0,source column motor_saturation_rate is absent,episode,results/dqn_tuning_development/raw.csv.gz,return,100,100,0,5,20000,20000,0.01,0,0,0,0,10,0,5,True,,results/dqn_tuning_development/raw.csv.gz,return,8,2500,0,0.09
dqn_tuning_development,FrozenLake-8x8-slippery,vanilla_dqn_h128,seed,results/dqn_tuning_development/seed_metrics.csv,mean_return,5,5,0,0,0,0,0,0,1,,1,False,fewer than two observations fall in the alpha=0.05 empirical tail,,0,source column failure_rate has no finite observations,,0,source column collision_rate has no finite observations,,0,source column risk_zone_rate has no finite observations,,0,source column motor_saturation_rate is absent,episode,results/dqn_tuning_development/raw.csv.gz,return,100,100,0,5,20000,20000,0,0,0,0,0,10,0,5,True,,results/dqn_tuning_development/raw.csv.gz,return,8,2500,0,0.12
dqn_tuning_development,FrozenLake-8x8-slippery,vanilla_dqn_h64,seed,results/dqn_tuning_development/seed_metrics.csv,mean_return,5,5,0,0.07,0,0,0,0,1,,1,False,fewer than two observations fall in the alpha=0.05 empirical tail,,0,source column failure_rate has no finite observations,,0,source column collision_rate has no finite observations,,0,source column risk_zone_rate has no finite observations,,0,source column motor_saturation_rate is absent,episode,results/dqn_tuning_development/raw.csv.gz,return,100,100,0,5,20000,20000,0.07,0,0,0,0,10,0,5,True,,results/dqn_tuning_development/raw.csv.gz,return,8,7500,0,0.06
dqn_tuning_development,FrozenLake-8x8-slippery,vanilla_dqn_lr3e4_h128,seed,results/dqn_tuning_development/seed_metrics.csv,mean_return,5,5,0,0,0,0,0,0,1,,1,False,fewer than two observations fall in the alpha=0.05 empirical tail,,0,source column failure_rate has no finite observations,,0,source column collision_rate has no finite observations,,0,source column risk_zone_rate has no finite observations,,0,source column motor_saturation_rate is absent,episode,results/dqn_tuning_development/raw.csv.gz,return,100,100,0,5,20000,20000,0,0,0,0,0,10,0,5,True,,results/dqn_tuning_development/raw.csv.gz,return,8,2500,0,0.16
dqn_tuning_development,FrozenLake-8x8-slippery,vanilla_dqn_target1000,seed,results/dqn_tuning_development/seed_metrics.csv,mean_return,5,5,0,0.02,0,0,0,0,1,,1,False,fewer than two observations fall in the alpha=0.05 empirical tail,,0,source column failure_rate has no finite observations,,0,source column collision_rate has no finite observations,,0,source column risk_zone_rate has no finite observations,,0,source column motor_saturation_rate is absent,episode,results/dqn_tuning_development/raw.csv.gz,return,100,100,0,5,20000,20000,0.02,0,0,0,0,10,0,5,True,,results/dqn_tuning_development/raw.csv.gz,return,8,2500,0,0.08
dqn_tuning_development,FrozenLake-8x8-slippery,vanilla_dqn_target250,seed,results/dqn_tuning_development/seed_metrics.csv,mean_return,5,5,0,0.03,0,0,0,0,1,,1,False,fewer than two observations fall in the alpha=0.05 empirical tail,,0,source column failure_rate has no finite observations,,0,source column collision_rate has no finite observations,,0,source column risk_zone_rate has no finite observations,,0,source column motor_saturation_rate is absent,episode,results/dqn_tuning_development/raw.csv.gz,return,100,100,0,5,20000,20000,0.03,0,0,0,0,10,0,5,True,,results/dqn_tuning_development/raw.csv.gz,return,8,5000,0,0.02
dqn_tuning_development,Taxi-v3-compatible,double_dqn_lr3e4_h128,seed,results/dqn_tuning_development/seed_metrics.csv,mean_return,5,5,0,-200,-200,-200,-200,-200,1,,1,False,fewer than two observations fall in the alpha=0.05 empirical tail,,0,source column failure_rate has no finite observations,,0,source column collision_rate has no finite observations,,0,source column risk_zone_rate has no finite observations,,0,source column motor_saturation_rate is absent,episode,results/dqn_tuning_development/raw.csv.gz,return,100,100,0,5,20000,20000,-200,-200,-200,-200,-200,10,-200,5,True,,results/dqn_tuning_development/raw.csv.gz,return,8,2500,-649.19,0
dqn_tuning_development,Taxi-v3-compatible,vanilla_dqn_buffer100k,seed,results/dqn_tuning_development/seed_metrics.csv,mean_return,5,5,0,-200,-200,-200,-200,-200,1,,1,False,fewer than two observations fall in the alpha=0.05 empirical tail,,0,source column failure_rate has no finite observations,,0,source column collision_rate has no finite observations,,0,source column risk_zone_rate has no finite observations,,0,source column motor_saturation_rate is absent,episode,results/dqn_tuning_development/raw.csv.gz,return,100,100,0,5,20000,20000,-200,-200,-200,-200,-200,10,-200,5,True,,results/dqn_tuning_development/raw.csv.gz,return,8,2500,-649.37,0
dqn_tuning_development,Taxi-v3-compatible,vanilla_dqn_h128,seed,results/dqn_tuning_development/seed_metrics.csv,mean_return,5,5,0,-200,-200,-200,-200,-200,1,,1,False,fewer than two observations fall in the alpha=0.05 empirical tail,,0,source column failure_rate has no finite observations,,0,source column collision_rate has no finite observations,,0,source column risk_zone_rate has no finite observations,,0,source column motor_saturation_rate is absent,episode,results/dqn_tuning_development/raw.csv.gz,return,100,100,0,5,20000,20000,-200,-200,-200,-200,-200,10,-200,5,True,,results/dqn_tuning_development/raw.csv.gz,return,8,2500,-200,0
dqn_tuning_development,Taxi-v3-compatible,vanilla_dqn_h64,seed,results/dqn_tuning_development/seed_metrics.csv,mean_return,5,5,0,-200,-200,-200,-200,-200,1,,1,False,fewer than two observations fall in the alpha=0.05 empirical tail,,0,source column failure_rate has no finite observations,,0,source column collision_rate has no finite observations,,0,source column risk_zone_rate has no finite observations,,0,source column motor_saturation_rate is absent,episode,results/dqn_tuning_development/raw.csv.gz,return,100,100,0,5,20000,20000,-200,-200,-200,-200,-200,10,-200,5,True,,results/dqn_tuning_development/raw.csv.gz,return,8,2500,-200,0
dqn_tuning_development,Taxi-v3-compatible,vanilla_dqn_lr3e4_h128,seed,results/dqn_tuning_development/seed_metrics.csv,mean_return,5,5,0,-200,-200,-200,-200,-200,1,,1,False,fewer than two observations fall in the alpha=0.05 empirical tail,,0,source column failure_rate has no finite observations,,0,source column collision_rate has no finite observations,,0,source column risk_zone_rate has no finite observations,,0,source column motor_saturation_rate is absent,episode,results/dqn_tuning_development/raw.csv.gz,return,100,100,0,5,20000,20000,-200,-200,-200,-200,-200,10,-200,5,True,,results/dqn_tuning_development/raw.csv.gz,return,8,2500,-559.64,0
dqn_tuning_development,Taxi-v3-compatible,vanilla_dqn_target1000,seed,results/dqn_tuning_development/seed_metrics.csv,mean_return,5,5,0,-200,-200,-200,-200,-200,1,,1,False,fewer than two observations fall in the alpha=0.05 empirical tail,,0,source column failure_rate has no finite observations,,0,source column collision_rate has no finite observations,,0,source column risk_zone_rate has no finite observations,,0,source column motor_saturation_rate is absent,episode,results/dqn_tuning_development/raw.csv.gz,return,100,100,0,5,20000,20000,-200,-200,-200,-200,-200,10,-200,5,True,,results/dqn_tuning_development/raw.csv.gz,return,8,2500,-559.91,0
dqn_tuning_development,Taxi-v3-compatible,vanilla_dqn_target250,seed,results/dqn_tuning_development/seed_metrics.csv,mean_return,5,5,0,-200,-200,-200,-200,-200,1,,1,False,fewer than two observations fall in the alpha=0.05 empirical tail,,0,source column failure_rate has no finite observations,,0,source column collision_rate has no finite observations,,0,source column risk_zone_rate has no finite observations,,0,source column motor_saturation_rate is absent,episode,results/dqn_tuning_development/raw.csv.gz,return,100,100,0,5,20000,20000,-200,-200,-200,-200,-200,10,-200,5,True,,results/dqn_tuning_development/raw.csv.gz,return,8,2500,-919.82,0
fuzzy_ablation,ApplicationNavigation-deployment-goal-shift,crisp_threshold_gate,seed,results/fuzzy_ablation/seed_metrics.csv,mean_return,30,30,0,-6.72428888889,-13.0286666667,-12.4678166667,-12.643,-12.643,3,-12.8276666667,2,True,,0.383333333333,30,,0.321018775463,30,,0.0129633727384,30,,,0,source column motor_saturation_rate is absent,episode,results/fuzzy_ablation/raw.csv.gz,return,900,900,0,30,12000,12000,-6.72428888889,-29.54,-28.62,-28.6841111111,-28.6841111111,90,-28.9831111111,45,True,,results/fuzzy_ablation/raw.csv.gz,return,6,12000,-6.72428888889,4.56822222222
fuzzy_ablation,ApplicationNavigation-deployment-goal-shift,fuzzy_no_confidence,seed,results/fuzzy_ablation/seed_metrics.csv,mean_return,30,30,0,-5.43805555556,-12.471,-11.5066166667,-11.8268888889,-11.8268888889,3,-11.9968333333,2,True,,0.373333333333,30,,0.276825975918,30,,0.0128265524442,30,,,0,source column motor_saturation_rate is absent,episode,results/fuzzy_ablation/raw.csv.gz,return,900,900,0,30,12000,12000,-5.43805555556,-29.77,-28.62,-28.6211111111,-28.6211111111,90,-28.9064444444,45,True,,results/fuzzy_ablation/raw.csv.gz,return,6,12000,-5.43805555556,3.20681111111
fuzzy_ablation,ApplicationNavigation-deployment-goal-shift,fuzzy_no_count,seed,results/fuzzy_ablation/seed_metrics.csv,mean_return,30,30,0,-3.59936666667,-9.43133333333,-8.29435,-8.667,-8.667,3,-8.90566666667,2,True,,0.71,30,,0.116811379779,30,,0.0227234002616,30,,,0,source column motor_saturation_rate is absent,episode,results/fuzzy_ablation/raw.csv.gz,return,900,900,0,30,12000,12000,-3.59936666667,-29.77,-27.93,-27.8567777778,-27.8567777778,90,-28.6291111111,45,True,,results/fuzzy_ablation/raw.csv.gz,return,6,2000,-4.48846666667,1.48422222222
fuzzy_ablation,ApplicationNavigation-deployment-goal-shift,fuzzy_no_td_residual,seed,results/fuzzy_ablation/seed_metrics.csv,mean_return,30,30,0,-4.632,-14.8126666667,-12.28705,-13.0585555556,-13.0585555556,3,-14.0248333333,2,True,,0.498888888889,30,,0.21095308124,30,,0.0159590286949,30,,,0,source column motor_saturation_rate is absent,episode,results/fuzzy_ablation/raw.csv.gz,return,900,900,0,30,12000,12000,-4.632,-29.77,-28.39,-28.4771111111,-28.4771111111,90,-28.8688888889,45,True,,results/fuzzy_ablation/raw.csv.gz,return,6,12000,-4.632,2.08605555556
fuzzy_reliability_confirmatory,CliffWalking-confirmatory,count_gate_tau_20,seed,results/fuzzy_reliability_confirmatory/seed_metrics.csv,mean_return,30,30,0,-13,-13,-13,-13,-13,3,-13,2,True,,0,30,,0,30,,0,30,,,0,source column motor_saturation_rate is absent,episode,results/fuzzy_reliability_confirmatory/raw.csv.gz,return,900,900,0,30,10000,10000,-13,-13,-13,-13,-13,90,-13,45,True,,results/fuzzy_reliability_confirmatory/raw.csv.gz,return,5,2000,-750.8,0
fuzzy_reliability_confirmatory,CliffWalking-confirmatory,crisp_relative_gate,seed,results/fuzzy_reliability_confirmatory/seed_metrics.csv,mean_return,30,30,0,-321.833333333,-500,-500,-500,-500,3,-500,2,True,,0.633333333333,30,,0,30,,0,30,,,0,source column motor_saturation_rate is absent,episode,results/fuzzy_reliability_confirmatory/raw.csv.gz,return,900,900,0,30,10000,10000,-321.833333333,-500,-500,-500,-500,90,-500,45,True,,results/fuzzy_reliability_confirmatory/raw.csv.gz,return,5,2000,-500,16.1666666667
fuzzy_reliability_confirmatory,CliffWalking-confirmatory,fuzzy_no_reliability,seed,results/fuzzy_reliability_confirmatory/seed_metrics.csv,mean_return,30,30,0,-29.2333333333,-500,-13,-175.333333333,-175.333333333,3,-256.5,2,True,,0.0333333333333,30,,0,30,,0,30,,,0,source column motor_saturation_rate is absent,episode,results/fuzzy_reliability_confirmatory/raw.csv.gz,return,900,900,0,30,10000,10000,-29.2333333333,-500,-13,-175.333333333,-175.333333333,90,-337.666666667,45,True,,results/fuzzy_reliability_confirmatory/raw.csv.gz,return,5,2000,-500,0
fuzzy_reliability_confirmatory,CliffWalking-confirmatory,fuzzy_no_support,seed,results/fuzzy_reliability_confirmatory/seed_metrics.csv,mean_return,30,30,0,-78.9333333333,-500,-500,-500,-500,3,-500,2,True,,0.133333333333,30,,0,30,,0,30,,,0,source column motor_saturation_rate is absent,episode,results/fuzzy_reliability_confirmatory/raw.csv.gz,return,900,900,0,30,10000,10000,-78.9333333333,-500,-500,-500,-500,90,-500,45,True,,results/fuzzy_reliability_confirmatory/raw.csv.gz,return,5,2000,-602.3,0
fuzzy_reliability_confirmatory,CliffWalking-confirmatory,fuzzy_reliability_full,seed,results/fuzzy_reliability_confirmatory/seed_metrics.csv,mean_return,30,30,0,-13,-13,-13,-13,-13,3,-13,2,True,,0,30,,0,30,,0,30,,,0,source column motor_saturation_rate is absent,episode,results/fuzzy_reliability_confirmatory/raw.csv.gz,return,900,900,0,30,10000,10000,-13,-13,-13,-13,-13,90,-13,45,True,,results/fuzzy_reliability_confirmatory/raw.csv.gz,return,5,2000,-500,0
fuzzy_reliability_confirmatory,CliffWalking-confirmatory,original_fuzzy,seed,results/fuzzy_reliability_confirmatory/seed_metrics.csv,mean_return,30,30,0,-13,-13,-13,-13,-13,3,-13,2,True,,0,30,,0,30,,0,30,,,0,source column motor_saturation_rate is absent,episode,results/fuzzy_reliability_confirmatory/raw.csv.gz,return,900,900,0,30,10000,10000,-13,-13,-13,-13,-13,90,-13,45,True,,results/fuzzy_reliability_confirmatory/raw.csv.gz,return,5,2000,-500,0
fuzzy_reliability_confirmatory,FourRooms-9-support-shift-confirmatory,count_gate_tau_20,seed,results/fuzzy_reliability_confirmatory/seed_metrics.csv,mean_return,30,30,0,-2.15917777778,-2.874,-2.75796666667,-2.79088888889,-2.79088888889,3,-2.85483333333,2,True,,0.797777777778,30,,0,30,,0,30,,,0,source column motor_saturation_rate is absent,episode,results/fuzzy_reliability_confirmatory/raw.csv.gz,return,900,900,0,30,12000,12000,-2.15917777778,-3.15,-3.1,-3.10155555556,-3.10155555556,90,-3.11644444444,45,True,,results/fuzzy_reliability_confirmatory/raw.csv.gz,return,6,2000,-2.39806666667,0.0893666666667
fuzzy_reliability_confirmatory,FourRooms-9-support-shift-confirmatory,crisp_relative_gate,seed,results/fuzzy_reliability_confirmatory/seed_metrics.csv,mean_return,30,30,0,-2.26291111111,-2.909,-2.81541666667,-2.84177777778,-2.84177777778,3,-2.89483333333,2,True,,0.836666666667,30,,0,30,,0,30,,,0,source column motor_saturation_rate is absent,episode,results/fuzzy_reliability_confirmatory/raw.csv.gz,return,900,900,0,30,12000,12000,-2.26291111111,-3.16,-3.1,-3.10155555556,-3.10155555556,90,-3.11755555556,45,True,,results/fuzzy_reliability_confirmatory/raw.csv.gz,return,6,2000,-2.40858888889,0.103177777778
fuzzy_reliability_confirmatory,FourRooms-9-support-shift-confirmatory,fuzzy_no_reliability,seed,results/fuzzy_reliability_confirmatory/seed_metrics.csv,mean_return,30,30,0,-2.02686666667,-2.54833333333,-2.50045,-2.51555555556,-2.51555555556,3,-2.53016666667,2,True,,0.777777777778,30,,0,30,,0,30,,,0,source column motor_saturation_rate is absent,episode,results/fuzzy_reliability_confirmatory/raw.csv.gz,return,900,900,0,30,12000,12000,-2.02686666667,-3.18,-3.09,-3.09722222222,-3.09722222222,90,-3.11377777778,45,True,,results/fuzzy_reliability_confirmatory/raw.csv.gz,return,6,2000,-2.37778888889,0
fuzzy_reliability_confirmatory,FourRooms-9-support-shift-confirmatory,fuzzy_no_support,seed,results/fuzzy_reliability_confirmatory/seed_metrics.csv,mean_return,30,30,0,-2.10567777778,-2.65133333333,-2.62145,-2.63055555556,-2.63055555556,3,-2.64216666667,2,True,,0.782222222222,30,,0,30,,0,30,,,0,source column motor_saturation_rate is absent,episode,results/fuzzy_reliability_confirmatory/raw.csv.gz,return,900,900,0,30,12000,12000,-2.10567777778,-3.16,-3.09,-3.09533333333,-3.09533333333,90,-3.11155555556,45,True,,results/fuzzy_reliability_confirmatory/raw.csv.gz,return,6,2000,-2.38675555556,0.0610111111111
fuzzy_reliability_confirmatory,FourRooms-9-support-shift-confirmatory,fuzzy_reliability_full,seed,results/fuzzy_reliability_confirmatory/seed_metrics.csv,mean_return,30,30,0,-2.10611111111,-2.888,-2.66386666667,-2.73222222222,-2.73222222222,3,-2.81883333333,2,True,,0.797777777778,30,,0,30,,0,30,,,0,source column motor_saturation_rate is absent,episode,results/fuzzy_reliability_confirmatory/raw.csv.gz,return,900,900,0,30,12000,12000,-2.10611111111,-3.16,-3.09,-3.09633333333,-3.09633333333,90,-3.112,45,True,,results/fuzzy_reliability_confirmatory/raw.csv.gz,return,6,4000,-2.38637777778,0.00858888888889
fuzzy_reliability_confirmatory,FourRooms-9-support-shift-confirmatory,original_fuzzy,seed,results/fuzzy_reliability_confirmatory/seed_metrics.csv,mean_return,30,30,0,-2.21301111111,-2.92766666667,-2.78585,-2.83222222222,-2.83222222222,3,-2.86283333333,2,True,,0.812222222222,30,,0,30,,0,30,,,0,source column motor_saturation_rate is absent,episode,results/fuzzy_reliability_confirmatory/raw.csv.gz,return,900,900,0,30,12000,12000,-2.21301111111,-3.16,-3.1,-3.10011111111,-3.10011111111,90,-3.11488888889,45,True,,results/fuzzy_reliability_confirmatory/raw.csv.gz,return,6,2000,-2.40481111111,0.110588888889
fuzzy_reliability_confirmatory,FrozenLake-4x4-slippery-confirmatory,count_gate_tau_20,seed,results/fuzzy_reliability_confirmatory/seed_metrics.csv,mean_return,30,30,0,0.657777777778,0.4,0.415,0.411111111111,0.411111111111,3,0.4,2,True,,0.342222222222,30,,0,30,,0,30,,,0,source column motor_saturation_rate is absent,episode,results/fuzzy_reliability_confirmatory/raw.csv.gz,return,900,900,0,30,10000,10000,0.657777777778,0,0,0,0,90,0,45,True,,results/fuzzy_reliability_confirmatory/raw.csv.gz,return,5,2000,0.205555555556,0
fuzzy_reliability_confirmatory,FrozenLake-4x4-slippery-confirmatory,crisp_relative_gate,seed,results/fuzzy_reliability_confirmatory/seed_metrics.csv,mean_return,30,30,0,0.415555555556,0,0,0,0,3,0,2,True,,0.584444444444,30,,0,30,,0,30,,,0,source column motor_saturation_rate is absent,episode,results/fuzzy_reliability_confirmatory/raw.csv.gz,return,900,900,0,30,10000,10000,0.415555555556,0,0,0,0,90,0,45,True,,results/fuzzy_reliability_confirmatory/raw.csv.gz,return,5,2000,0.106666666667,0.0355555555556
fuzzy_reliability_confirmatory,FrozenLake-4x4-slippery-confirmatory,fuzzy_no_reliability,seed,results/fuzzy_reliability_confirmatory/seed_metrics.csv,mean_return,30,30,0,0.647777777778,0.166666666667,0.29,0.255555555556,0.255555555556,3,0.183333333333,2,True,,0.352222222222,30,,0,30,,0,30,,,0,source column motor_saturation_rate is absent,episode,results/fuzzy_reliability_confirmatory/raw.csv.gz,return,900,900,0,30,10000,10000,0.647777777778,0,0,0,0,90,0,45,True,,results/fuzzy_reliability_confirmatory/raw.csv.gz,return,5,2000,0.211111111111,0
fuzzy_reliability_confirmatory,FrozenLake-4x4-slippery-confirmatory,fuzzy_no_support,seed,results/fuzzy_reliability_confirmatory/seed_metrics.csv,mean_return,30,30,0,0.638888888889,0.333333333333,0.366666666667,0.355555555556,0.355555555556,3,0.35,2,True,,0.361111111111,30,,0,30,,0,30,,,0,source column motor_saturation_rate is absent,episode,results/fuzzy_reliability_confirmatory/raw.csv.gz,return,900,900,0,30,10000,10000,0.638888888889,0,0,0,0,90,0,45,True,,results/fuzzy_reliability_confirmatory/raw.csv.gz,return,5,2000,0.15,0.0188888888889
fuzzy_reliability_confirmatory,FrozenLake-4x4-slippery-confirmatory,fuzzy_reliability_full,seed,results/fuzzy_reliability_confirmatory/seed_metrics.csv,mean_return,30,30,0,0.708888888889,0.533333333333,0.581666666667,0.566666666667,0.566666666667,3,0.55,2,True,,0.291111111111,30,,0,30,,0,30,,,0,source column motor_saturation_rate is absent,episode,results/fuzzy_reliability_confirmatory/raw.csv.gz,return,900,900,0,30,10000,10000,0.708888888889,0,0,0,0,90,0,45,True,,results/fuzzy_reliability_confirmatory/raw.csv.gz,return,5,2000,0.183333333333,0
fuzzy_reliability_confirmatory,FrozenLake-4x4-slippery-confirmatory,original_fuzzy,seed,results/fuzzy_reliability_confirmatory/seed_metrics.csv,mean_return,30,30,0,0.651111111111,0,0.381666666667,0.255555555556,0.255555555556,3,0.183333333333,2,True,,0.348888888889,30,,0,30,,0,30,,,0,source column motor_saturation_rate is absent,episode,results/fuzzy_reliability_confirmatory/raw.csv.gz,return,900,900,0,30,10000,10000,0.651111111111,0,0,0,0,90,0,45,True,,results/fuzzy_reliability_confirmatory/raw.csv.gz,return,5,2000,0.207777777778,0.0155555555556
fuzzy_reliability_shift_confirmatory,ReliabilityShift-boundary-020-confirmatory,count_gate,seed,results/fuzzy_reliability_shift_confirmatory/seed_metrics.csv,mean_return,30,30,0,0.582666666667,0.43,0.4545,0.446666666667,0.446666666667,3,0.44,2,True,,0.208666666667,30,,0,30,,0,30,,,0,source column motor_saturation_rate is absent,episode,results/fuzzy_reliability_shift_confirmatory/raw_parts/ReliabilityShift-boundary-020-confirmatory__count_gate.csv.gz;results/fuzzy_reliability_shift_confirmatory/raw_parts/ReliabilityShift-boundary-020-confirmatory__fuzzy_shift_crisp.csv.gz;results/fuzzy_reliability_shift_confirmatory/raw_parts/ReliabilityShift-boundary-020-confirmatory__fuzzy_shift_full.csv.gz;results/fuzzy_reliability_shift_confirmatory/raw_parts/ReliabilityShift-boundary-020-confirmatory__fuzzy_shift_no_reliability.csv.gz;results/fuzzy_reliability_shift_confirmatory/raw_parts/ReliabilityShift-boundary-020-confirmatory__fuzzy_shift_no_support.csv.gz;results/fuzzy_reliability_shift_confirmatory/raw_parts/ReliabilityShift-boundary-020-confirmatory__original_fuzzy.csv.gz;results/fuzzy_reliability_shift_confirmatory/raw_parts/ReliabilityShift-boundary-030-confirmatory__count_gate.csv.gz;results/fuzzy_reliability_shift_confirmatory/raw_parts/ReliabilityShift-boundary-030-confirmatory__fuzzy_shift_crisp.csv.gz;results/fuzzy_reliability_shift_confirmatory/raw_parts/ReliabilityShift-boundary-030-confirmatory__fuzzy_shift_full.csv.gz;results/fuzzy_reliability_shift_confirmatory/raw_parts/ReliabilityShift-boundary-030-confirmatory__fuzzy_shift_no_reliability.csv.gz;results/fuzzy_reliability_shift_confirmatory/raw_parts/ReliabilityShift-boundary-030-confirmatory__fuzzy_shift_no_support.csv.gz;results/fuzzy_reliability_shift_confirmatory/raw_parts/ReliabilityShift-boundary-030-confirmatory__original_fuzzy.csv.gz,return,6000,6000,0,30,8000,8000,0.582666666667,-1,-1,-1,-1,600,-1,300,True,,results/fuzzy_reliability_shift_confirmatory/raw_parts/ReliabilityShift-boundary-020-confirmatory__count_gate.csv.gz;results/fuzzy_reliability_shift_confirmatory/raw_parts/ReliabilityShift-boundary-020-confirmatory__fuzzy_shift_crisp.csv.gz;results/fuzzy_reliability_shift_confirmatory/raw_parts/ReliabilityShift-boundary-020-confirmatory__fuzzy_shift_full.csv.gz;results/fuzzy_reliability_shift_confirmatory/raw_parts/ReliabilityShift-boundary-020-confirmatory__fuzzy_shift_no_reliability.csv.gz;results/fuzzy_reliability_shift_confirmatory/raw_parts/ReliabilityShift-boundary-020-confirmatory__fuzzy_shift_no_support.csv.gz;results/fuzzy_reliability_shift_confirmatory/raw_parts/ReliabilityShift-boundary-020-confirmatory__original_fuzzy.csv.gz;results/fuzzy_reliability_shift_confirmatory/raw_parts/ReliabilityShift-boundary-030-confirmatory__count_gate.csv.gz;results/fuzzy_reliability_shift_confirmatory/raw_parts/ReliabilityShift-boundary-030-confirmatory__fuzzy_shift_crisp.csv.gz;results/fuzzy_reliability_shift_confirmatory/raw_parts/ReliabilityShift-boundary-030-confirmatory__fuzzy_shift_full.csv.gz;results/fuzzy_reliability_shift_confirmatory/raw_parts/ReliabilityShift-boundary-030-confirmatory__fuzzy_shift_no_reliability.csv.gz;results/fuzzy_reliability_shift_confirmatory/raw_parts/ReliabilityShift-boundary-030-confirmatory__fuzzy_shift_no_support.csv.gz;results/fuzzy_reliability_shift_confirmatory/raw_parts/ReliabilityShift-boundary-030-confirmatory__original_fuzzy.csv.gz,return,16,4000,0.405333333333,0.0126666666667
fuzzy_reliability_shift_confirmatory,ReliabilityShift-boundary-020-confirmatory,fuzzy_shift_crisp,seed,results/fuzzy_reliability_shift_confirmatory/seed_metrics.csv,mean_return,30,30,0,0.997333333333,0.94,0.989,0.973333333333,0.973333333333,3,0.96,2,True,,0.00133333333333,30,,0,30,,0,30,,,0,source column motor_saturation_rate is absent,episode,results/fuzzy_reliability_shift_confirmatory/raw_parts/ReliabilityShift-boundary-020-confirmatory__count_gate.csv.gz;results/fuzzy_reliability_shift_confirmatory/raw_parts/ReliabilityShift-boundary-020-confirmatory__fuzzy_shift_crisp.csv.gz;results/fuzzy_reliability_shift_confirmatory/raw_parts/ReliabilityShift-boundary-020-confirmatory__fuzzy_shift_full.csv.gz;results/fuzzy_reliability_shift_confirmatory/raw_parts/ReliabilityShift-boundary-020-confirmatory__fuzzy_shift_no_reliability.csv.gz;results/fuzzy_reliability_shift_confirmatory/raw_parts/ReliabilityShift-boundary-020-confirmatory__fuzzy_shift_no_support.csv.gz;results/fuzzy_reliability_shift_confirmatory/raw_parts/ReliabilityShift-boundary-020-confirmatory__original_fuzzy.csv.gz;results/fuzzy_reliability_shift_confirmatory/raw_parts/ReliabilityShift-boundary-030-confirmatory__count_gate.csv.gz;results/fuzzy_reliability_shift_confirmatory/raw_parts/ReliabilityShift-boundary-030-confirmatory__fuzzy_shift_crisp.csv.gz;results/fuzzy_reliability_shift_confirmatory/raw_parts/ReliabilityShift-boundary-030-confirmatory__fuzzy_shift_full.csv.gz;results/fuzzy_reliability_shift_confirmatory/raw_parts/ReliabilityShift-boundary-030-confirmatory__fuzzy_shift_no_reliability.csv.gz;results/fuzzy_reliability_shift_confirmatory/raw_parts/ReliabilityShift-boundary-030-confirmatory__fuzzy_shift_no_support.csv.gz;results/fuzzy_reliability_shift_confirmatory/raw_parts/ReliabilityShift-boundary-030-confirmatory__original_fuzzy.csv.gz,return,6000,6000,0,30,8000,8000,0.997333333333,-1,1,0.973333333333,0.973333333333,600,0.946666666667,300,True,,results/fuzzy_reliability_shift_confirmatory/raw_parts/ReliabilityShift-boundary-020-confirmatory__count_gate.csv.gz;results/fuzzy_reliability_shift_confirmatory/raw_parts/ReliabilityShift-boundary-020-confirmatory__fuzzy_shift_crisp.csv.gz;results/fuzzy_reliability_shift_confirmatory/raw_parts/ReliabilityShift-boundary-020-confirmatory__fuzzy_shift_full.csv.gz;results/fuzzy_reliability_shift_confirmatory/raw_parts/ReliabilityShift-boundary-020-confirmatory__fuzzy_shift_no_reliability.csv.gz;results/fuzzy_reliability_shift_confirmatory/raw_parts/ReliabilityShift-boundary-020-confirmatory__fuzzy_shift_no_support.csv.gz;results/fuzzy_reliability_shift_confirmatory/raw_parts/ReliabilityShift-boundary-020-confirmatory__original_fuzzy.csv.gz;results/fuzzy_reliability_shift_confirmatory/raw_parts/ReliabilityShift-boundary-030-confirmatory__count_gate.csv.gz;results/fuzzy_reliability_shift_confirmatory/raw_parts/ReliabilityShift-boundary-030-confirmatory__fuzzy_shift_crisp.csv.gz;results/fuzzy_reliability_shift_confirmatory/raw_parts/ReliabilityShift-boundary-030-confirmatory__fuzzy_shift_full.csv.gz;results/fuzzy_reliability_shift_confirmatory/raw_parts/ReliabilityShift-boundary-030-confirmatory__fuzzy_shift_no_reliability.csv.gz;results/fuzzy_reliability_shift_confirmatory/raw_parts/ReliabilityShift-boundary-030-confirmatory__fuzzy_shift_no_support.csv.gz;results/fuzzy_reliability_shift_confirmatory/raw_parts/ReliabilityShift-boundary-030-confirmatory__original_fuzzy.csv.gz,return,16,1000,0.405,0.00866666666667
fuzzy_reliability_shift_confirmatory,ReliabilityShift-boundary-020-confirmatory,fuzzy_shift_full,seed,results/fuzzy_reliability_shift_confirmatory/seed_metrics.csv,mean_return,30,30,0,1,1,1,1,1,3,1,2,True,,0,30,,0,30,,0,30,,,0,source column motor_saturation_rate is absent,episode,results/fuzzy_reliability_shift_confirmatory/raw_parts/ReliabilityShift-boundary-020-confirmatory__count_gate.csv.gz;results/fuzzy_reliability_shift_confirmatory/raw_parts/ReliabilityShift-boundary-020-confirmatory__fuzzy_shift_crisp.csv.gz;results/fuzzy_reliability_shift_confirmatory/raw_parts/ReliabilityShift-boundary-020-confirmatory__fuzzy_shift_full.csv.gz;results/fuzzy_reliability_shift_confirmatory/raw_parts/ReliabilityShift-boundary-020-confirmatory__fuzzy_shift_no_reliability.csv.gz;results/fuzzy_reliability_shift_confirmatory/raw_parts/ReliabilityShift-boundary-020-confirmatory__fuzzy_shift_no_support.csv.gz;results/fuzzy_reliability_shift_confirmatory/raw_parts/ReliabilityShift-boundary-020-confirmatory__original_fuzzy.csv.gz;results/fuzzy_reliability_shift_confirmatory/raw_parts/ReliabilityShift-boundary-030-confirmatory__count_gate.csv.gz;results/fuzzy_reliability_shift_confirmatory/raw_parts/ReliabilityShift-boundary-030-confirmatory__fuzzy_shift_crisp.csv.gz;results/fuzzy_reliability_shift_confirmatory/raw_parts/ReliabilityShift-boundary-030-confirmatory__fuzzy_shift_full.csv.gz;results/fuzzy_reliability_shift_confirmatory/raw_parts/ReliabilityShift-boundary-030-confirmatory__fuzzy_shift_no_reliability.csv.gz;results/fuzzy_reliability_shift_confirmatory/raw_parts/ReliabilityShift-boundary-030-confirmatory__fuzzy_shift_no_support.csv.gz;results/fuzzy_reliability_shift_confirmatory/raw_parts/ReliabilityShift-boundary-030-confirmatory__original_fuzzy.csv.gz,return,6000,6000,0,30,8000,8000,1,1,1,1,1,600,1,300,True,,results/fuzzy_reliability_shift_confirmatory/raw_parts/ReliabilityShift-boundary-020-confirmatory__count_gate.csv.gz;results/fuzzy_reliability_shift_confirmatory/raw_parts/ReliabilityShift-boundary-020-confirmatory__fuzzy_shift_crisp.csv.gz;results/fuzzy_reliability_shift_confirmatory/raw_parts/ReliabilityShift-boundary-020-confirmatory__fuzzy_shift_full.csv.gz;results/fuzzy_reliability_shift_confirmatory/raw_parts/ReliabilityShift-boundary-020-confirmatory__fuzzy_shift_no_reliability.csv.gz;results/fuzzy_reliability_shift_confirmatory/raw_parts/ReliabilityShift-boundary-020-confirmatory__fuzzy_shift_no_support.csv.gz;results/fuzzy_reliability_shift_confirmatory/raw_parts/ReliabilityShift-boundary-020-confirmatory__original_fuzzy.csv.gz;results/fuzzy_reliability_shift_confirmatory/raw_parts/ReliabilityShift-boundary-030-confirmatory__count_gate.csv.gz;results/fuzzy_reliability_shift_confirmatory/raw_parts/ReliabilityShift-boundary-030-confirmatory__fuzzy_shift_crisp.csv.gz;results/fuzzy_reliability_shift_confirmatory/raw_parts/ReliabilityShift-boundary-030-confirmatory__fuzzy_shift_full.csv.gz;results/fuzzy_reliability_shift_confirmatory/raw_parts/ReliabilityShift-boundary-030-confirmatory__fuzzy_shift_no_reliability.csv.gz;results/fuzzy_reliability_shift_confirmatory/raw_parts/ReliabilityShift-boundary-030-confirmatory__fuzzy_shift_no_support.csv.gz;results/fuzzy_reliability_shift_confirmatory/raw_parts/ReliabilityShift-boundary-030-confirmatory__original_fuzzy.csv.gz,return,16,4000,0.405333333333,0.0126666666667
fuzzy_reliability_shift_confirmatory,ReliabilityShift-boundary-020-confirmatory,fuzzy_shift_no_reliability,seed,results/fuzzy_reliability_shift_confirmatory/seed_metrics.csv,mean_return,30,30,0,0.998,0.95,0.9945,0.98,0.98,3,0.97,2,True,,0.001,30,,0,30,,0,30,,,0,source column motor_saturation_rate is absent,episode,results/fuzzy_reliability_shift_confirmatory/raw_parts/ReliabilityShift-boundary-020-confirmatory__count_gate.csv.gz;results/fuzzy_reliability_shift_confirmatory/raw_parts/ReliabilityShift-boundary-020-confirmatory__fuzzy_shift_crisp.csv.gz;results/fuzzy_reliability_shift_confirmatory/raw_parts/ReliabilityShift-boundary-020-confirmatory__fuzzy_shift_full.csv.gz;results/fuzzy_reliability_shift_confirmatory/raw_parts/ReliabilityShift-boundary-020-confirmatory__fuzzy_shift_no_reliability.csv.gz;results/fuzzy_reliability_shift_confirmatory/raw_parts/ReliabilityShift-boundary-020-confirmatory__fuzzy_shift_no_support.csv.gz;results/fuzzy_reliability_shift_confirmatory/raw_parts/ReliabilityShift-boundary-020-confirmatory__original_fuzzy.csv.gz;results/fuzzy_reliability_shift_confirmatory/raw_parts/ReliabilityShift-boundary-030-confirmatory__count_gate.csv.gz;results/fuzzy_reliability_shift_confirmatory/raw_parts/ReliabilityShift-boundary-030-confirmatory__fuzzy_shift_crisp.csv.gz;results/fuzzy_reliability_shift_confirmatory/raw_parts/ReliabilityShift-boundary-030-confirmatory__fuzzy_shift_full.csv.gz;results/fuzzy_reliability_shift_confirmatory/raw_parts/ReliabilityShift-boundary-030-confirmatory__fuzzy_shift_no_reliability.csv.gz;results/fuzzy_reliability_shift_confirmatory/raw_parts/ReliabilityShift-boundary-030-confirmatory__fuzzy_shift_no_support.csv.gz;results/fuzzy_reliability_shift_confirmatory/raw_parts/ReliabilityShift-boundary-030-confirmatory__original_fuzzy.csv.gz,return,6000,6000,0,30,8000,8000,0.998,-1,1,0.98,0.98,600,0.96,300,True,,results/fuzzy_reliability_shift_confirmatory/raw_parts/ReliabilityShift-boundary-020-confirmatory__count_gate.csv.gz;results/fuzzy_reliability_shift_confirmatory/raw_parts/ReliabilityShift-boundary-020-confirmatory__fuzzy_shift_crisp.csv.gz;results/fuzzy_reliability_shift_confirmatory/raw_parts/ReliabilityShift-boundary-020-confirmatory__fuzzy_shift_full.csv.gz;results/fuzzy_reliability_shift_confirmatory/raw_parts/ReliabilityShift-boundary-020-confirmatory__fuzzy_shift_no_reliability.csv.gz;results/fuzzy_reliability_shift_confirmatory/raw_parts/ReliabilityShift-boundary-020-confirmatory__fuzzy_shift_no_support.csv.gz;results/fuzzy_reliability_shift_confirmatory/raw_parts/ReliabilityShift-boundary-020-confirmatory__original_fuzzy.csv.gz;results/fuzzy_reliability_shift_confirmatory/raw_parts/ReliabilityShift-boundary-030-confirmatory__count_gate.csv.gz;results/fuzzy_reliability_shift_confirmatory/raw_parts/ReliabilityShift-boundary-030-confirmatory__fuzzy_shift_crisp.csv.gz;results/fuzzy_reliability_shift_confirmatory/raw_parts/ReliabilityShift-boundary-030-confirmatory__fuzzy_shift_full.csv.gz;results/fuzzy_reliability_shift_confirmatory/raw_parts/ReliabilityShift-boundary-030-confirmatory__fuzzy_shift_no_reliability.csv.gz;results/fuzzy_reliability_shift_confirmatory/raw_parts/ReliabilityShift-boundary-030-confirmatory__fuzzy_shift_no_support.csv.gz;results/fuzzy_reliability_shift_confirmatory/raw_parts/ReliabilityShift-boundary-030-confirmatory__original_fuzzy.csv.gz,return,16,4000,0.405333333333,0.0126666666667
fuzzy_reliability_shift_confirmatory,ReliabilityShift-boundary-020-confirmatory,fuzzy_shift_no_support,seed,results/fuzzy_reliability_shift_confirmatory/seed_metrics.csv,mean_return,30,30,0,1,1,1,1,1,3,1,2,True,,0,30,,0,30,,0,30,,,0,source column motor_saturation_rate is absent,episode,results/fuzzy_reliability_shift_confirmatory/raw_parts/ReliabilityShift-boundary-020-confirmatory__count_gate.csv.gz;results/fuzzy_reliability_shift_confirmatory/raw_parts/ReliabilityShift-boundary-020-confirmatory__fuzzy_shift_crisp.csv.gz;results/fuzzy_reliability_shift_confirmatory/raw_parts/ReliabilityShift-boundary-020-confirmatory__fuzzy_shift_full.csv.gz;results/fuzzy_reliability_shift_confirmatory/raw_parts/ReliabilityShift-boundary-020-confirmatory__fuzzy_shift_no_reliability.csv.gz;results/fuzzy_reliability_shift_confirmatory/raw_parts/ReliabilityShift-boundary-020-confirmatory__fuzzy_shift_no_support.csv.gz;results/fuzzy_reliability_shift_confirmatory/raw_parts/ReliabilityShift-boundary-020-confirmatory__original_fuzzy.csv.gz;results/fuzzy_reliability_shift_confirmatory/raw_parts/ReliabilityShift-boundary-030-confirmatory__count_gate.csv.gz;results/fuzzy_reliability_shift_confirmatory/raw_parts/ReliabilityShift-boundary-030-confirmatory__fuzzy_shift_crisp.csv.gz;results/fuzzy_reliability_shift_confirmatory/raw_parts/ReliabilityShift-boundary-030-confirmatory__fuzzy_shift_full.csv.gz;results/fuzzy_reliability_shift_confirmatory/raw_parts/ReliabilityShift-boundary-030-confirmatory__fuzzy_shift_no_reliability.csv.gz;results/fuzzy_reliability_shift_confirmatory/raw_parts/ReliabilityShift-boundary-030-confirmatory__fuzzy_shift_no_support.csv.gz;results/fuzzy_reliability_shift_confirmatory/raw_parts/ReliabilityShift-boundary-030-confirmatory__original_fuzzy.csv.gz,return,6000,6000,0,30,8000,8000,1,1,1,1,1,600,1,300,True,,results/fuzzy_reliability_shift_confirmatory/raw_parts/ReliabilityShift-boundary-020-confirmatory__count_gate.csv.gz;results/fuzzy_reliability_shift_confirmatory/raw_parts/ReliabilityShift-boundary-020-confirmatory__fuzzy_shift_crisp.csv.gz;results/fuzzy_reliability_shift_confirmatory/raw_parts/ReliabilityShift-boundary-020-confirmatory__fuzzy_shift_full.csv.gz;results/fuzzy_reliability_shift_confirmatory/raw_parts/ReliabilityShift-boundary-020-confirmatory__fuzzy_shift_no_reliability.csv.gz;results/fuzzy_reliability_shift_confirmatory/raw_parts/ReliabilityShift-boundary-020-confirmatory__fuzzy_shift_no_support.csv.gz;results/fuzzy_reliability_shift_confirmatory/raw_parts/ReliabilityShift-boundary-020-confirmatory__original_fuzzy.csv.gz;results/fuzzy_reliability_shift_confirmatory/raw_parts/ReliabilityShift-boundary-030-confirmatory__count_gate.csv.gz;results/fuzzy_reliability_shift_confirmatory/raw_parts/ReliabilityShift-boundary-030-confirmatory__fuzzy_shift_crisp.csv.gz;results/fuzzy_reliability_shift_confirmatory/raw_parts/ReliabilityShift-boundary-030-confirmatory__fuzzy_shift_full.csv.gz;results/fuzzy_reliability_shift_confirmatory/raw_parts/ReliabilityShift-boundary-030-confirmatory__fuzzy_shift_no_reliability.csv.gz;results/fuzzy_reliability_shift_confirmatory/raw_parts/ReliabilityShift-boundary-030-confirmatory__fuzzy_shift_no_support.csv.gz;results/fuzzy_reliability_shift_confirmatory/raw_parts/ReliabilityShift-boundary-030-confirmatory__original_fuzzy.csv.gz,return,16,4000,0.405333333333,0.0153333333333
fuzzy_reliability_shift_confirmatory,ReliabilityShift-boundary-020-confirmatory,original_fuzzy,seed,results/fuzzy_reliability_shift_confirmatory/seed_metrics.csv,mean_return,30,30,0,0.930333333333,0.83,0.86,0.85,0.85,3,0.845,2,True,,0.0348333333333,30,,0,30,,0,30,,,0,source column motor_saturation_rate is absent,episode,results/fuzzy_reliability_shift_confirmatory/raw_parts/ReliabilityShift-boundary-020-confirmatory__count_gate.csv.gz;results/fuzzy_reliability_shift_confirmatory/raw_parts/ReliabilityShift-boundary-020-confirmatory__fuzzy_shift_crisp.csv.gz;results/fuzzy_reliability_shift_confirmatory/raw_parts/ReliabilityShift-boundary-020-confirmatory__fuzzy_shift_full.csv.gz;results/fuzzy_reliability_shift_confirmatory/raw_parts/ReliabilityShift-boundary-020-confirmatory__fuzzy_shift_no_reliability.csv.gz;results/fuzzy_reliability_shift_confirmatory/raw_parts/ReliabilityShift-boundary-020-confirmatory__fuzzy_shift_no_support.csv.gz;results/fuzzy_reliability_shift_confirmatory/raw_parts/ReliabilityShift-boundary-020-confirmatory__original_fuzzy.csv.gz;results/fuzzy_reliability_shift_confirmatory/raw_parts/ReliabilityShift-boundary-030-confirmatory__count_gate.csv.gz;results/fuzzy_reliability_shift_confirmatory/raw_parts/ReliabilityShift-boundary-030-confirmatory__fuzzy_shift_crisp.csv.gz;results/fuzzy_reliability_shift_confirmatory/raw_parts/ReliabilityShift-boundary-030-confirmatory__fuzzy_shift_full.csv.gz;results/fuzzy_reliability_shift_confirmatory/raw_parts/ReliabilityShift-boundary-030-confirmatory__fuzzy_shift_no_reliability.csv.gz;results/fuzzy_reliability_shift_confirmatory/raw_parts/ReliabilityShift-boundary-030-confirmatory__fuzzy_shift_no_support.csv.gz;results/fuzzy_reliability_shift_confirmatory/raw_parts/ReliabilityShift-boundary-030-confirmatory__original_fuzzy.csv.gz,return,6000,6000,0,30,8000,8000,0.930333333333,-1,1,0.303333333333,0.303333333333,600,-0.393333333333,300,True,,results/fuzzy_reliability_shift_confirmatory/raw_parts/ReliabilityShift-boundary-020-confirmatory__count_gate.csv.gz;results/fuzzy_reliability_shift_confirmatory/raw_parts/ReliabilityShift-boundary-020-confirmatory__fuzzy_shift_crisp.csv.gz;results/fuzzy_reliability_shift_confirmatory/raw_parts/ReliabilityShift-boundary-020-confirmatory__fuzzy_shift_full.csv.gz;results/fuzzy_reliability_shift_confirmatory/raw_parts/ReliabilityShift-boundary-020-confirmatory__fuzzy_shift_no_reliability.csv.gz;results/fuzzy_reliability_shift_confirmatory/raw_parts/ReliabilityShift-boundary-020-confirmatory__fuzzy_shift_no_support.csv.gz;results/fuzzy_reliability_shift_confirmatory/raw_parts/ReliabilityShift-boundary-020-confirmatory__original_fuzzy.csv.gz;results/fuzzy_reliability_shift_confirmatory/raw_parts/ReliabilityShift-boundary-030-confirmatory__count_gate.csv.gz;results/fuzzy_reliability_shift_confirmatory/raw_parts/ReliabilityShift-boundary-030-confirmatory__fuzzy_shift_crisp.csv.gz;results/fuzzy_reliability_shift_confirmatory/raw_parts/ReliabilityShift-boundary-030-confirmatory__fuzzy_shift_full.csv.gz;results/fuzzy_reliability_shift_confirmatory/raw_parts/ReliabilityShift-boundary-030-confirmatory__fuzzy_shift_no_reliability.csv.gz;results/fuzzy_reliability_shift_confirmatory/raw_parts/ReliabilityShift-boundary-030-confirmatory__fuzzy_shift_no_support.csv.gz;results/fuzzy_reliability_shift_confirmatory/raw_parts/ReliabilityShift-boundary-030-confirmatory__original_fuzzy.csv.gz,return,16,4000,0.405333333333,0.0153333333333
fuzzy_reliability_shift_confirmatory,ReliabilityShift-boundary-030-confirmatory,count_gate,seed,results/fuzzy_reliability_shift_confirmatory/seed_metrics.csv,mean_return,30,30,0,0.699,0.56,0.579,0.573333333333,0.573333333333,3,0.565,2,True,,0.1505,30,,0,30,,0,30,,,0,source column motor_saturation_rate is absent,episode,results/fuzzy_reliability_shift_confirmatory/raw_parts/ReliabilityShift-boundary-020-confirmatory__count_gate.csv.gz;results/fuzzy_reliability_shift_confirmatory/raw_parts/ReliabilityShift-boundary-020-confirmatory__fuzzy_shift_crisp.csv.gz;results/fuzzy_reliability_shift_confirmatory/raw_parts/ReliabilityShift-boundary-020-confirmatory__fuzzy_shift_full.csv.gz;results/fuzzy_reliability_shift_confirmatory/raw_parts/ReliabilityShift-boundary-020-confirmatory__fuzzy_shift_no_reliability.csv.gz;results/fuzzy_reliability_shift_confirmatory/raw_parts/ReliabilityShift-boundary-020-confirmatory__fuzzy_shift_no_support.csv.gz;results/fuzzy_reliability_shift_confirmatory/raw_parts/ReliabilityShift-boundary-020-confirmatory__original_fuzzy.csv.gz;results/fuzzy_reliability_shift_confirmatory/raw_parts/ReliabilityShift-boundary-030-confirmatory__count_gate.csv.gz;results/fuzzy_reliability_shift_confirmatory/raw_parts/ReliabilityShift-boundary-030-confirmatory__fuzzy_shift_crisp.csv.gz;results/fuzzy_reliability_shift_confirmatory/raw_parts/ReliabilityShift-boundary-030-confirmatory__fuzzy_shift_full.csv.gz;results/fuzzy_reliability_shift_confirmatory/raw_parts/ReliabilityShift-boundary-030-confirmatory__fuzzy_shift_no_reliability.csv.gz;results/fuzzy_reliability_shift_confirmatory/raw_parts/ReliabilityShift-boundary-030-confirmatory__fuzzy_shift_no_support.csv.gz;results/fuzzy_reliability_shift_confirmatory/raw_parts/ReliabilityShift-boundary-030-confirmatory__original_fuzzy.csv.gz,return,6000,6000,0,30,8000,8000,0.699,-1,-1,-1,-1,600,-1,300,True,,results/fuzzy_reliability_shift_confirmatory/raw_parts/ReliabilityShift-boundary-020-confirmatory__count_gate.csv.gz;results/fuzzy_reliability_shift_confirmatory/raw_parts/ReliabilityShift-boundary-020-confirmatory__fuzzy_shift_crisp.csv.gz;results/fuzzy_reliability_shift_confirmatory/raw_parts/ReliabilityShift-boundary-020-confirmatory__fuzzy_shift_full.csv.gz;results/fuzzy_reliability_shift_confirmatory/raw_parts/ReliabilityShift-boundary-020-confirmatory__fuzzy_shift_no_reliability.csv.gz;results/fuzzy_reliability_shift_confirmatory/raw_parts/ReliabilityShift-boundary-020-confirmatory__fuzzy_shift_no_support.csv.gz;results/fuzzy_reliability_shift_confirmatory/raw_parts/ReliabilityShift-boundary-020-confirmatory__original_fuzzy.csv.gz;results/fuzzy_reliability_shift_confirmatory/raw_parts/ReliabilityShift-boundary-030-confirmatory__count_gate.csv.gz;results/fuzzy_reliability_shift_confirmatory/raw_parts/ReliabilityShift-boundary-030-confirmatory__fuzzy_shift_crisp.csv.gz;results/fuzzy_reliability_shift_confirmatory/raw_parts/ReliabilityShift-boundary-030-confirmatory__fuzzy_shift_full.csv.gz;results/fuzzy_reliability_shift_confirmatory/raw_parts/ReliabilityShift-boundary-030-confirmatory__fuzzy_shift_no_reliability.csv.gz;results/fuzzy_reliability_shift_confirmatory/raw_parts/ReliabilityShift-boundary-030-confirmatory__fuzzy_shift_no_support.csv.gz;results/fuzzy_reliability_shift_confirmatory/raw_parts/ReliabilityShift-boundary-030-confirmatory__original_fuzzy.csv.gz,return,16,5500,0.597,0.012
fuzzy_reliability_shift_confirmatory,ReliabilityShift-boundary-030-confirmatory,fuzzy_shift_crisp,seed,results/fuzzy_reliability_shift_confirmatory/seed_metrics.csv,mean_return,30,30,0,0.996333333333,0.93,0.978,0.963333333333,0.963333333333,3,0.945,2,True,,0.00183333333333,30,,0,30,,0,30,,,0,source column motor_saturation_rate is absent,episode,results/fuzzy_reliability_shift_confirmatory/raw_parts/ReliabilityShift-boundary-020-confirmatory__count_gate.csv.gz;results/fuzzy_reliability_shift_confirmatory/raw_parts/ReliabilityShift-boundary-020-confirmatory__fuzzy_shift_crisp.csv.gz;results/fuzzy_reliability_shift_confirmatory/raw_parts/ReliabilityShift-boundary-020-confirmatory__fuzzy_shift_full.csv.gz;results/fuzzy_reliability_shift_confirmatory/raw_parts/ReliabilityShift-boundary-020-confirmatory__fuzzy_shift_no_reliability.csv.gz;results/fuzzy_reliability_shift_confirmatory/raw_parts/ReliabilityShift-boundary-020-confirmatory__fuzzy_shift_no_support.csv.gz;results/fuzzy_reliability_shift_confirmatory/raw_parts/ReliabilityShift-boundary-020-confirmatory__original_fuzzy.csv.gz;results/fuzzy_reliability_shift_confirmatory/raw_parts/ReliabilityShift-boundary-030-confirmatory__count_gate.csv.gz;results/fuzzy_reliability_shift_confirmatory/raw_parts/ReliabilityShift-boundary-030-confirmatory__fuzzy_shift_crisp.csv.gz;results/fuzzy_reliability_shift_confirmatory/raw_parts/ReliabilityShift-boundary-030-confirmatory__fuzzy_shift_full.csv.gz;results/fuzzy_reliability_shift_confirmatory/raw_parts/ReliabilityShift-boundary-030-confirmatory__fuzzy_shift_no_reliability.csv.gz;results/fuzzy_reliability_shift_confirmatory/raw_parts/ReliabilityShift-boundary-030-confirmatory__fuzzy_shift_no_support.csv.gz;results/fuzzy_reliability_shift_confirmatory/raw_parts/ReliabilityShift-boundary-030-confirmatory__original_fuzzy.csv.gz,return,6000,6000,0,30,8000,8000,0.996333333333,-1,1,0.963333333333,0.963333333333,600,0.926666666667,300,True,,results/fuzzy_reliability_shift_confirmatory/raw_parts/ReliabilityShift-boundary-020-confirmatory__count_gate.csv.gz;results/fuzzy_reliability_shift_confirmatory/raw_parts/ReliabilityShift-boundary-020-confirmatory__fuzzy_shift_crisp.csv.gz;results/fuzzy_reliability_shift_confirmatory/raw_parts/ReliabilityShift-boundary-020-confirmatory__fuzzy_shift_full.csv.gz;results/fuzzy_reliability_shift_confirmatory/raw_parts/ReliabilityShift-boundary-020-confirmatory__fuzzy_shift_no_reliability.csv.gz;results/fuzzy_reliability_shift_confirmatory/raw_parts/ReliabilityShift-boundary-020-confirmatory__fuzzy_shift_no_support.csv.gz;results/fuzzy_reliability_shift_confirmatory/raw_parts/ReliabilityShift-boundary-020-confirmatory__original_fuzzy.csv.gz;results/fuzzy_reliability_shift_confirmatory/raw_parts/ReliabilityShift-boundary-030-confirmatory__count_gate.csv.gz;results/fuzzy_reliability_shift_confirmatory/raw_parts/ReliabilityShift-boundary-030-confirmatory__fuzzy_shift_crisp.csv.gz;results/fuzzy_reliability_shift_confirmatory/raw_parts/ReliabilityShift-boundary-030-confirmatory__fuzzy_shift_full.csv.gz;results/fuzzy_reliability_shift_confirmatory/raw_parts/ReliabilityShift-boundary-030-confirmatory__fuzzy_shift_no_reliability.csv.gz;results/fuzzy_reliability_shift_confirmatory/raw_parts/ReliabilityShift-boundary-030-confirmatory__fuzzy_shift_no_support.csv.gz;results/fuzzy_reliability_shift_confirmatory/raw_parts/ReliabilityShift-boundary-030-confirmatory__original_fuzzy.csv.gz,return,16,5500,0.597,0.01
fuzzy_reliability_shift_confirmatory,ReliabilityShift-boundary-030-confirmatory,fuzzy_shift_full,seed,results/fuzzy_reliability_shift_confirmatory/seed_metrics.csv,mean_return,30,30,0,0.994666666667,0.93,0.9545,0.946666666667,0.946666666667,3,0.94,2,True,,0.00266666666667,30,,0,30,,0,30,,,0,source column motor_saturation_rate is absent,episode,results/fuzzy_reliability_shift_confirmatory/raw_parts/ReliabilityShift-boundary-020-confirmatory__count_gate.csv.gz;results/fuzzy_reliability_shift_confirmatory/raw_parts/ReliabilityShift-boundary-020-confirmatory__fuzzy_shift_crisp.csv.gz;results/fuzzy_reliability_shift_confirmatory/raw_parts/ReliabilityShift-boundary-020-confirmatory__fuzzy_shift_full.csv.gz;results/fuzzy_reliability_shift_confirmatory/raw_parts/ReliabilityShift-boundary-020-confirmatory__fuzzy_shift_no_reliability.csv.gz;results/fuzzy_reliability_shift_confirmatory/raw_parts/ReliabilityShift-boundary-020-confirmatory__fuzzy_shift_no_support.csv.gz;results/fuzzy_reliability_shift_confirmatory/raw_parts/ReliabilityShift-boundary-020-confirmatory__original_fuzzy.csv.gz;results/fuzzy_reliability_shift_confirmatory/raw_parts/ReliabilityShift-boundary-030-confirmatory__count_gate.csv.gz;results/fuzzy_reliability_shift_confirmatory/raw_parts/ReliabilityShift-boundary-030-confirmatory__fuzzy_shift_crisp.csv.gz;results/fuzzy_reliability_shift_confirmatory/raw_parts/ReliabilityShift-boundary-030-confirmatory__fuzzy_shift_full.csv.gz;results/fuzzy_reliability_shift_confirmatory/raw_parts/ReliabilityShift-boundary-030-confirmatory__fuzzy_shift_no_reliability.csv.gz;results/fuzzy_reliability_shift_confirmatory/raw_parts/ReliabilityShift-boundary-030-confirmatory__fuzzy_shift_no_support.csv.gz;results/fuzzy_reliability_shift_confirmatory/raw_parts/ReliabilityShift-boundary-030-confirmatory__original_fuzzy.csv.gz,return,6000,6000,0,30,8000,8000,0.994666666667,-1,1,0.946666666667,0.946666666667,600,0.893333333333,300,True,,results/fuzzy_reliability_shift_confirmatory/raw_parts/ReliabilityShift-boundary-020-confirmatory__count_gate.csv.gz;results/fuzzy_reliability_shift_confirmatory/raw_parts/ReliabilityShift-boundary-020-confirmatory__fuzzy_shift_crisp.csv.gz;results/fuzzy_reliability_shift_confirmatory/raw_parts/ReliabilityShift-boundary-020-confirmatory__fuzzy_shift_full.csv.gz;results/fuzzy_reliability_shift_confirmatory/raw_parts/ReliabilityShift-boundary-020-confirmatory__fuzzy_shift_no_reliability.csv.gz;results/fuzzy_reliability_shift_confirmatory/raw_parts/ReliabilityShift-boundary-020-confirmatory__fuzzy_shift_no_support.csv.gz;results/fuzzy_reliability_shift_confirmatory/raw_parts/ReliabilityShift-boundary-020-confirmatory__original_fuzzy.csv.gz;results/fuzzy_reliability_shift_confirmatory/raw_parts/ReliabilityShift-boundary-030-confirmatory__count_gate.csv.gz;results/fuzzy_reliability_shift_confirmatory/raw_parts/ReliabilityShift-boundary-030-confirmatory__fuzzy_shift_crisp.csv.gz;results/fuzzy_reliability_shift_confirmatory/raw_parts/ReliabilityShift-boundary-030-confirmatory__fuzzy_shift_full.csv.gz;results/fuzzy_reliability_shift_confirmatory/raw_parts/ReliabilityShift-boundary-030-confirmatory__fuzzy_shift_no_reliability.csv.gz;results/fuzzy_reliability_shift_confirmatory/raw_parts/ReliabilityShift-boundary-030-confirmatory__fuzzy_shift_no_support.csv.gz;results/fuzzy_reliability_shift_confirmatory/raw_parts/ReliabilityShift-boundary-030-confirmatory__original_fuzzy.csv.gz,return,16,5500,0.597,0.012
fuzzy_reliability_shift_confirmatory,ReliabilityShift-boundary-030-confirmatory,fuzzy_shift_no_reliability,seed,results/fuzzy_reliability_shift_confirmatory/seed_metrics.csv,mean_return,30,30,0,0.991666666667,0.93,0.9445,0.94,0.94,3,0.935,2,True,,0.00416666666667,30,,0,30,,0,30,,,0,source column motor_saturation_rate is absent,episode,results/fuzzy_reliability_shift_confirmatory/raw_parts/ReliabilityShift-boundary-020-confirmatory__count_gate.csv.gz;results/fuzzy_reliability_shift_confirmatory/raw_parts/ReliabilityShift-boundary-020-confirmatory__fuzzy_shift_crisp.csv.gz;results/fuzzy_reliability_shift_confirmatory/raw_parts/ReliabilityShift-boundary-020-confirmatory__fuzzy_shift_full.csv.gz;results/fuzzy_reliability_shift_confirmatory/raw_parts/ReliabilityShift-boundary-020-confirmatory__fuzzy_shift_no_reliability.csv.gz;results/fuzzy_reliability_shift_confirmatory/raw_parts/ReliabilityShift-boundary-020-confirmatory__fuzzy_shift_no_support.csv.gz;results/fuzzy_reliability_shift_confirmatory/raw_parts/ReliabilityShift-boundary-020-confirmatory__original_fuzzy.csv.gz;results/fuzzy_reliability_shift_confirmatory/raw_parts/ReliabilityShift-boundary-030-confirmatory__count_gate.csv.gz;results/fuzzy_reliability_shift_confirmatory/raw_parts/ReliabilityShift-boundary-030-confirmatory__fuzzy_shift_crisp.csv.gz;results/fuzzy_reliability_shift_confirmatory/raw_parts/ReliabilityShift-boundary-030-confirmatory__fuzzy_shift_full.csv.gz;results/fuzzy_reliability_shift_confirmatory/raw_parts/ReliabilityShift-boundary-030-confirmatory__fuzzy_shift_no_reliability.csv.gz;results/fuzzy_reliability_shift_confirmatory/raw_parts/ReliabilityShift-boundary-030-confirmatory__fuzzy_shift_no_support.csv.gz;results/fuzzy_reliability_shift_confirmatory/raw_parts/ReliabilityShift-boundary-030-confirmatory__original_fuzzy.csv.gz,return,6000,6000,0,30,8000,8000,0.991666666667,-1,1,0.916666666667,0.916666666667,600,0.833333333333,300,True,,results/fuzzy_reliability_shift_confirmatory/raw_parts/ReliabilityShift-boundary-020-confirmatory__count_gate.csv.gz;results/fuzzy_reliability_shift_confirmatory/raw_parts/ReliabilityShift-boundary-020-confirmatory__fuzzy_shift_crisp.csv.gz;results/fuzzy_reliability_shift_confirmatory/raw_parts/ReliabilityShift-boundary-020-confirmatory__fuzzy_shift_full.csv.gz;results/fuzzy_reliability_shift_confirmatory/raw_parts/ReliabilityShift-boundary-020-confirmatory__fuzzy_shift_no_reliability.csv.gz;results/fuzzy_reliability_shift_confirmatory/raw_parts/ReliabilityShift-boundary-020-confirmatory__fuzzy_shift_no_support.csv.gz;results/fuzzy_reliability_shift_confirmatory/raw_parts/ReliabilityShift-boundary-020-confirmatory__original_fuzzy.csv.gz;results/fuzzy_reliability_shift_confirmatory/raw_parts/ReliabilityShift-boundary-030-confirmatory__count_gate.csv.gz;results/fuzzy_reliability_shift_confirmatory/raw_parts/ReliabilityShift-boundary-030-confirmatory__fuzzy_shift_crisp.csv.gz;results/fuzzy_reliability_shift_confirmatory/raw_parts/ReliabilityShift-boundary-030-confirmatory__fuzzy_shift_full.csv.gz;results/fuzzy_reliability_shift_confirmatory/raw_parts/ReliabilityShift-boundary-030-confirmatory__fuzzy_shift_no_reliability.csv.gz;results/fuzzy_reliability_shift_confirmatory/raw_parts/ReliabilityShift-boundary-030-confirmatory__fuzzy_shift_no_support.csv.gz;results/fuzzy_reliability_shift_confirmatory/raw_parts/ReliabilityShift-boundary-030-confirmatory__original_fuzzy.csv.gz,return,16,5500,0.597,0.012
fuzzy_reliability_shift_confirmatory,ReliabilityShift-boundary-030-confirmatory,fuzzy_shift_no_support,seed,results/fuzzy_reliability_shift_confirmatory/seed_metrics.csv,mean_return,30,30,0,0.997,0.95,0.978,0.97,0.97,3,0.955,2,True,,0.0015,30,,0,30,,0,30,,,0,source column motor_saturation_rate is absent,episode,results/fuzzy_reliability_shift_confirmatory/raw_parts/ReliabilityShift-boundary-020-confirmatory__count_gate.csv.gz;results/fuzzy_reliability_shift_confirmatory/raw_parts/ReliabilityShift-boundary-020-confirmatory__fuzzy_shift_crisp.csv.gz;results/fuzzy_reliability_shift_confirmatory/raw_parts/ReliabilityShift-boundary-020-confirmatory__fuzzy_shift_full.csv.gz;results/fuzzy_reliability_shift_confirmatory/raw_parts/ReliabilityShift-boundary-020-confirmatory__fuzzy_shift_no_reliability.csv.gz;results/fuzzy_reliability_shift_confirmatory/raw_parts/ReliabilityShift-boundary-020-confirmatory__fuzzy_shift_no_support.csv.gz;results/fuzzy_reliability_shift_confirmatory/raw_parts/ReliabilityShift-boundary-020-confirmatory__original_fuzzy.csv.gz;results/fuzzy_reliability_shift_confirmatory/raw_parts/ReliabilityShift-boundary-030-confirmatory__count_gate.csv.gz;results/fuzzy_reliability_shift_confirmatory/raw_parts/ReliabilityShift-boundary-030-confirmatory__fuzzy_shift_crisp.csv.gz;results/fuzzy_reliability_shift_confirmatory/raw_parts/ReliabilityShift-boundary-030-confirmatory__fuzzy_shift_full.csv.gz;results/fuzzy_reliability_shift_confirmatory/raw_parts/ReliabilityShift-boundary-030-confirmatory__fuzzy_shift_no_reliability.csv.gz;results/fuzzy_reliability_shift_confirmatory/raw_parts/ReliabilityShift-boundary-030-confirmatory__fuzzy_shift_no_support.csv.gz;results/fuzzy_reliability_shift_confirmatory/raw_parts/ReliabilityShift-boundary-030-confirmatory__original_fuzzy.csv.gz,return,6000,6000,0,30,8000,8000,0.997,-1,1,0.97,0.97,600,0.94,300,True,,results/fuzzy_reliability_shift_confirmatory/raw_parts/ReliabilityShift-boundary-020-confirmatory__count_gate.csv.gz;results/fuzzy_reliability_shift_confirmatory/raw_parts/ReliabilityShift-boundary-020-confirmatory__fuzzy_shift_crisp.csv.gz;results/fuzzy_reliability_shift_confirmatory/raw_parts/ReliabilityShift-boundary-020-confirmatory__fuzzy_shift_full.csv.gz;results/fuzzy_reliability_shift_confirmatory/raw_parts/ReliabilityShift-boundary-020-confirmatory__fuzzy_shift_no_reliability.csv.gz;results/fuzzy_reliability_shift_confirmatory/raw_parts/ReliabilityShift-boundary-020-confirmatory__fuzzy_shift_no_support.csv.gz;results/fuzzy_reliability_shift_confirmatory/raw_parts/ReliabilityShift-boundary-020-confirmatory__original_fuzzy.csv.gz;results/fuzzy_reliability_shift_confirmatory/raw_parts/ReliabilityShift-boundary-030-confirmatory__count_gate.csv.gz;results/fuzzy_reliability_shift_confirmatory/raw_parts/ReliabilityShift-boundary-030-confirmatory__fuzzy_shift_crisp.csv.gz;results/fuzzy_reliability_shift_confirmatory/raw_parts/ReliabilityShift-boundary-030-confirmatory__fuzzy_shift_full.csv.gz;results/fuzzy_reliability_shift_confirmatory/raw_parts/ReliabilityShift-boundary-030-confirmatory__fuzzy_shift_no_reliability.csv.gz;results/fuzzy_reliability_shift_confirmatory/raw_parts/ReliabilityShift-boundary-030-confirmatory__fuzzy_shift_no_support.csv.gz;results/fuzzy_reliability_shift_confirmatory/raw_parts/ReliabilityShift-boundary-030-confirmatory__original_fuzzy.csv.gz,return,16,5500,0.597,0.0146666666667
fuzzy_reliability_shift_confirmatory,ReliabilityShift-boundary-030-confirmatory,original_fuzzy,seed,results/fuzzy_reliability_shift_confirmatory/seed_metrics.csv,mean_return,30,30,0,0.937333333333,0.83,0.859,0.85,0.85,3,0.84,2,True,,0.0313333333333,30,,0,30,,0,30,,,0,source column motor_saturation_rate is absent,episode,results/fuzzy_reliability_shift_confirmatory/raw_parts/ReliabilityShift-boundary-020-confirmatory__count_gate.csv.gz;results/fuzzy_reliability_shift_confirmatory/raw_parts/ReliabilityShift-boundary-020-confirmatory__fuzzy_shift_crisp.csv.gz;results/fuzzy_reliability_shift_confirmatory/raw_parts/ReliabilityShift-boundary-020-confirmatory__fuzzy_shift_full.csv.gz;results/fuzzy_reliability_shift_confirmatory/raw_parts/ReliabilityShift-boundary-020-confirmatory__fuzzy_shift_no_reliability.csv.gz;results/fuzzy_reliability_shift_confirmatory/raw_parts/ReliabilityShift-boundary-020-confirmatory__fuzzy_shift_no_support.csv.gz;results/fuzzy_reliability_shift_confirmatory/raw_parts/ReliabilityShift-boundary-020-confirmatory__original_fuzzy.csv.gz;results/fuzzy_reliability_shift_confirmatory/raw_parts/ReliabilityShift-boundary-030-confirmatory__count_gate.csv.gz;results/fuzzy_reliability_shift_confirmatory/raw_parts/ReliabilityShift-boundary-030-confirmatory__fuzzy_shift_crisp.csv.gz;results/fuzzy_reliability_shift_confirmatory/raw_parts/ReliabilityShift-boundary-030-confirmatory__fuzzy_shift_full.csv.gz;results/fuzzy_reliability_shift_confirmatory/raw_parts/ReliabilityShift-boundary-030-confirmatory__fuzzy_shift_no_reliability.csv.gz;results/fuzzy_reliability_shift_confirmatory/raw_parts/ReliabilityShift-boundary-030-confirmatory__fuzzy_shift_no_support.csv.gz;results/fuzzy_reliability_shift_confirmatory/raw_parts/ReliabilityShift-boundary-030-confirmatory__original_fuzzy.csv.gz,return,6000,6000,0,30,8000,8000,0.937333333333,-1,1,0.373333333333,0.373333333333,600,-0.253333333333,300,True,,results/fuzzy_reliability_shift_confirmatory/raw_parts/ReliabilityShift-boundary-020-confirmatory__count_gate.csv.gz;results/fuzzy_reliability_shift_confirmatory/raw_parts/ReliabilityShift-boundary-020-confirmatory__fuzzy_shift_crisp.csv.gz;results/fuzzy_reliability_shift_confirmatory/raw_parts/ReliabilityShift-boundary-020-confirmatory__fuzzy_shift_full.csv.gz;results/fuzzy_reliability_shift_confirmatory/raw_parts/ReliabilityShift-boundary-020-confirmatory__fuzzy_shift_no_reliability.csv.gz;results/fuzzy_reliability_shift_confirmatory/raw_parts/ReliabilityShift-boundary-020-confirmatory__fuzzy_shift_no_support.csv.gz;results/fuzzy_reliability_shift_confirmatory/raw_parts/ReliabilityShift-boundary-020-confirmatory__original_fuzzy.csv.gz;results/fuzzy_reliability_shift_confirmatory/raw_parts/ReliabilityShift-boundary-030-confirmatory__count_gate.csv.gz;results/fuzzy_reliability_shift_confirmatory/raw_parts/ReliabilityShift-boundary-030-confirmatory__fuzzy_shift_crisp.csv.gz;results/fuzzy_reliability_shift_confirmatory/raw_parts/ReliabilityShift-boundary-030-confirmatory__fuzzy_shift_full.csv.gz;results/fuzzy_reliability_shift_confirmatory/raw_parts/ReliabilityShift-boundary-030-confirmatory__fuzzy_shift_no_reliability.csv.gz;results/fuzzy_reliability_shift_confirmatory/raw_parts/ReliabilityShift-boundary-030-confirmatory__fuzzy_shift_no_support.csv.gz;results/fuzzy_reliability_shift_confirmatory/raw_parts/ReliabilityShift-boundary-030-confirmatory__original_fuzzy.csv.gz,return,16,5500,0.597,0.0146666666667
fuzzy_sensitivity_ablation,ApplicationNavigation-deployment-goal-shift,fuzzy_kappa_025,seed,results/fuzzy_sensitivity_ablation/seed_metrics.csv,mean_return,2,2,0,-7.24,-9.31,-9.103,-9.31,-9.31,1,,1,False,fewer than two observations fall in the alpha=0.05 empirical tail,1,2,,0.7,2,,0,2,,,0,source column motor_saturation_rate is absent,episode,results/fuzzy_sensitivity_ablation/raw.csv,return,4,4,0,2,100,100,-7.24,-9.54,-9.5055,-9.54,-9.54,1,,1,False,fewer than two observations fall in the alpha=0.05 empirical tail,results/fuzzy_sensitivity_ablation/raw.csv,return,2,100,-7.24,9.33
fuzzy_sensitivity_ablation,ApplicationNavigation-deployment-goal-shift,fuzzy_kappa_4,seed,results/fuzzy_sensitivity_ablation/seed_metrics.csv,mean_return,2,2,0,-7.24,-9.31,-9.103,-9.31,-9.31,1,,1,False,fewer than two observations fall in the alpha=0.05 empirical tail,1,2,,0.7,2,,0,2,,,0,source column motor_saturation_rate is absent,episode,results/fuzzy_sensitivity_ablation/raw.csv,return,4,4,0,2,100,100,-7.24,-9.54,-9.5055,-9.54,-9.54,1,,1,False,fewer than two observations fall in the alpha=0.05 empirical tail,results/fuzzy_sensitivity_ablation/raw.csv,return,2,100,-7.24,9.33
fuzzy_sensitivity_ablation,ApplicationNavigation-deployment-goal-shift,fuzzy_shoulder_conservative,seed,results/fuzzy_sensitivity_ablation/seed_metrics.csv,mean_return,2,2,0,-7.24,-9.31,-9.103,-9.31,-9.31,1,,1,False,fewer than two observations fall in the alpha=0.05 empirical tail,1,2,,0.7,2,,0,2,,,0,source column motor_saturation_rate is absent,episode,results/fuzzy_sensitivity_ablation/raw.csv,return,4,4,0,2,100,100,-7.24,-9.54,-9.5055,-9.54,-9.54,1,,1,False,fewer than two observations fall in the alpha=0.05 empirical tail,results/fuzzy_sensitivity_ablation/raw.csv,return,2,100,-7.24,9.33
fuzzy_sensitivity_ablation,ApplicationNavigation-deployment-goal-shift,fuzzy_tau_20,seed,results/fuzzy_sensitivity_ablation/seed_metrics.csv,mean_return,2,2,0,-7.24,-9.31,-9.103,-9.31,-9.31,1,,1,False,fewer than two observations fall in the alpha=0.05 empirical tail,1,2,,0.7,2,,0,2,,,0,source column motor_saturation_rate is absent,episode,results/fuzzy_sensitivity_ablation/raw.csv,return,4,4,0,2,100,100,-7.24,-9.54,-9.5055,-9.54,-9.54,1,,1,False,fewer than two observations fall in the alpha=0.05 empirical tail,results/fuzzy_sensitivity_ablation/raw.csv,return,2,100,-7.24,9.33
fuzzy_sensitivity_ablation,ApplicationNavigation-deployment-goal-shift,fuzzy_tau_5,seed,results/fuzzy_sensitivity_ablation/seed_metrics.csv,mean_return,2,2,0,-7.24,-9.31,-9.103,-9.31,-9.31,1,,1,False,fewer than two observations fall in the alpha=0.05 empirical tail,1,2,,0.7,2,,0,2,,,0,source column motor_saturation_rate is absent,episode,results/fuzzy_sensitivity_ablation/raw.csv,return,4,4,0,2,100,100,-7.24,-9.54,-9.5055,-9.54,-9.54,1,,1,False,fewer than two observations fall in the alpha=0.05 empirical tail,results/fuzzy_sensitivity_ablation/raw.csv,return,2,100,-7.24,9.33
fuzzy_sensitivity_ablation,ApplicationNavigation-deployment-goal-shift,fuzzy_tau_80,seed,results/fuzzy_sensitivity_ablation/seed_metrics.csv,mean_return,2,2,0,-7.24,-9.31,-9.103,-9.31,-9.31,1,,1,False,fewer than two observations fall in the alpha=0.05 empirical tail,1,2,,0.7,2,,0,2,,,0,source column motor_saturation_rate is absent,episode,results/fuzzy_sensitivity_ablation/raw.csv,return,4,4,0,2,100,100,-7.24,-9.54,-9.5055,-9.54,-9.54,1,,1,False,fewer than two observations fall in the alpha=0.05 empirical tail,results/fuzzy_sensitivity_ablation/raw.csv,return,2,100,-7.24,9.33
fuzzy_sensitivity_ablation,ApplicationNavigation-deployment-goal-shift,fuzzy_zero_support_abstain,seed,results/fuzzy_sensitivity_ablation/seed_metrics.csv,mean_return,2,2,0,-0.8,-0.8,-0.8,-0.8,-0.8,1,,1,False,fewer than two observations fall in the alpha=0.05 empirical tail,1,2,,0,2,,0,2,,,0,source column motor_saturation_rate is absent,episode,results/fuzzy_sensitivity_ablation/raw.csv,return,4,4,0,2,100,100,-0.8,-0.8,-0.8,-0.8,-0.8,1,,1,False,fewer than two observations fall in the alpha=0.05 empirical tail,results/fuzzy_sensitivity_ablation/raw.csv,return,2,50,-0.8575,0
minigrid_extended_diagnostic,MiniGrid-DoorKey-5x5,count_gated_tau_20,seed,results/minigrid_extended_diagnostic/seed_metrics.csv,mean_return,10,10,0,0.113006666667,0,0,0,0,1,,1,False,fewer than two observations fall in the alpha=0.05 empirical tail,,0,source column failure_rate has no finite observations,,0,source column collision_rate has no finite observations,,0,source column risk_zone_rate has no finite observations,,0,source column motor_saturation_rate is absent,episode,results/minigrid_extended_diagnostic/raw.csv.gz,return,300,300,0,10,30000,30000,0.113006666667,0,0,0,0,30,0,15,True,,results/minigrid_extended_diagnostic/raw.csv.gz,return,6,5000,0,0
minigrid_extended_diagnostic,MiniGrid-DoorKey-5x5,fixed_hybrid,seed,results/minigrid_extended_diagnostic/seed_metrics.csv,mean_return,10,10,0,0.0517973333333,0,0,0,0,1,,1,False,fewer than two observations fall in the alpha=0.05 empirical tail,,0,source column failure_rate has no finite observations,,0,source column collision_rate has no finite observations,,0,source column risk_zone_rate has no finite observations,,0,source column motor_saturation_rate is absent,episode,results/minigrid_extended_diagnostic/raw.csv.gz,return,300,300,0,10,30000,30000,0.0517973333333,0,0,0,0,30,0,15,True,,results/minigrid_extended_diagnostic/raw.csv.gz,return,6,5000,0,0
minigrid_extended_diagnostic,MiniGrid-DoorKey-5x5,random,seed,results/minigrid_extended_diagnostic/seed_metrics.csv,mean_return,10,10,0,0.036332,0,0.005226,0,0,1,,1,False,fewer than two observations fall in the alpha=0.05 empirical tail,,0,source column failure_rate has no finite observations,,0,source column collision_rate has no finite observations,,0,source column risk_zone_rate has no finite observations,,0,source column motor_saturation_rate is absent,episode,results/minigrid_extended_diagnostic/raw.csv.gz,return,300,300,0,10,30000,30000,0.036332,0,0,0,0,30,0,15,True,,results/minigrid_extended_diagnostic/raw.csv.gz,return,6,15000,0.0256866666667,0.0101066666667
minigrid_extended_diagnostic,MiniGrid-DoorKey-5x5,reliability_gated,seed,results/minigrid_extended_diagnostic/seed_metrics.csv,mean_return,10,10,0,0.048428,0,0,0,0,1,,1,False,fewer than two observations fall in the alpha=0.05 empirical tail,,0,source column failure_rate has no finite observations,,0,source column collision_rate has no finite observations,,0,source column risk_zone_rate has no finite observations,,0,source column motor_saturation_rate is absent,episode,results/minigrid_extended_diagnostic/raw.csv.gz,return,300,300,0,10,30000,30000,0.048428,0,0,0,0,30,0,15,True,,results/minigrid_extended_diagnostic/raw.csv.gz,return,6,5000,0,0
minigrid_extended_diagnostic,MiniGrid-DoorKey-5x5,support_abstain_tau_20,seed,results/minigrid_extended_diagnostic/seed_metrics.csv,mean_return,10,10,0,0.0934866666667,0,0,0,0,1,,1,False,fewer than two observations fall in the alpha=0.05 empirical tail,,0,source column failure_rate has no finite observations,,0,source column collision_rate has no finite observations,,0,source column risk_zone_rate has no finite observations,,0,source column motor_saturation_rate is absent,episode,results/minigrid_extended_diagnostic/raw.csv.gz,return,300,300,0,10,30000,30000,0.0934866666667,0,0,0,0,30,0,15,True,,results/minigrid_extended_diagnostic/raw.csv.gz,return,6,5000,0,0.009748
minigrid_extended_diagnostic,MiniGrid-DoorKey-5x5,tabular,seed,results/minigrid_extended_diagnostic/seed_metrics.csv,mean_return,10,10,0,0.563270666667,0.0559066666667,0.0710686666667,0.0559066666667,0.0559066666667,1,,1,False,fewer than two observations fall in the alpha=0.05 empirical tail,,0,source column failure_rate has no finite observations,,0,source column collision_rate has no finite observations,,0,source column risk_zone_rate has no finite observations,,0,source column motor_saturation_rate is absent,episode,results/minigrid_extended_diagnostic/raw.csv.gz,return,300,300,0,10,30000,30000,0.563270666667,0,0,0,0,30,0,15,True,,results/minigrid_extended_diagnostic/raw.csv.gz,return,6,5000,0.0362373333333,0
minigrid_extended_diagnostic,MiniGrid-DoorKey-5x5,validated_dqn,seed,results/minigrid_extended_diagnostic/seed_metrics.csv,mean_return,10,10,0,0,0,0,0,0,1,,1,False,fewer than two observations fall in the alpha=0.05 empirical tail,,0,source column failure_rate has no finite observations,,0,source column collision_rate has no finite observations,,0,source column risk_zone_rate has no finite observations,,0,source column motor_saturation_rate is absent,episode,results/minigrid_extended_diagnostic/raw.csv.gz,return,300,300,0,10,30000,30000,0,0,0,0,0,30,0,15,True,,results/minigrid_extended_diagnostic/raw.csv.gz,return,6,5000,0,0
minigrid_extended_diagnostic,MiniGrid-DoorKey-6x6,count_gated_tau_20,seed,results/minigrid_extended_diagnostic/seed_metrics.csv,mean_return,10,10,0,0,0,0,0,0,1,,1,False,fewer than two observations fall in the alpha=0.05 empirical tail,,0,source column failure_rate has no finite observations,,0,source column collision_rate has no finite observations,,0,source column risk_zone_rate has no finite observations,,0,source column motor_saturation_rate is absent,episode,results/minigrid_extended_diagnostic/raw.csv.gz,return,300,300,0,10,40000,40000,0,0,0,0,0,30,0,15,True,,results/minigrid_extended_diagnostic/raw.csv.gz,return,8,5000,0,0
minigrid_extended_diagnostic,MiniGrid-DoorKey-6x6,fixed_hybrid,seed,results/minigrid_extended_diagnostic/seed_metrics.csv,mean_return,10,10,0,0,0,0,0,0,1,,1,False,fewer than two observations fall in the alpha=0.05 empirical tail,,0,source column failure_rate has no finite observations,,0,source column collision_rate has no finite observations,,0,source column risk_zone_rate has no finite observations,,0,source column motor_saturation_rate is absent,episode,results/minigrid_extended_diagnostic/raw.csv.gz,return,300,300,0,10,40000,40000,0,0,0,0,0,30,0,15,True,,results/minigrid_extended_diagnostic/raw.csv.gz,return,8,5000,0,0
minigrid_extended_diagnostic,MiniGrid-DoorKey-6x6,random,seed,results/minigrid_extended_diagnostic/seed_metrics.csv,mean_return,10,10,0,0.0223166666667,0,0,0,0,1,,1,False,fewer than two observations fall in the alpha=0.05 empirical tail,,0,source column failure_rate has no finite observations,,0,source column collision_rate has no finite observations,,0,source column risk_zone_rate has no finite observations,,0,source column motor_saturation_rate is absent,episode,results/minigrid_extended_diagnostic/raw.csv.gz,return,300,300,0,10,40000,40000,0.0223166666667,0,0,0,0,30,0,15,True,,results/minigrid_extended_diagnostic/raw.csv.gz,return,8,30000,0.0151333333333,0.0120166666667
minigrid_extended_diagnostic,MiniGrid-DoorKey-6x6,reliability_gated,seed,results/minigrid_extended_diagnostic/seed_metrics.csv,mean_return,10,10,0,0,0,0,0,0,1,,1,False,fewer than two observations fall in the alpha=0.05 empirical tail,,0,source column failure_rate has no finite observations,,0,source column collision_rate has no finite observations,,0,source column risk_zone_rate has no finite observations,,0,source column motor_saturation_rate is absent,episode,results/minigrid_extended_diagnostic/raw.csv.gz,return,300,300,0,10,40000,40000,0,0,0,0,0,30,0,15,True,,results/minigrid_extended_diagnostic/raw.csv.gz,return,8,5000,0,0
minigrid_extended_diagnostic,MiniGrid-DoorKey-6x6,support_abstain_tau_20,seed,results/minigrid_extended_diagnostic/seed_metrics.csv,mean_return,10,10,0,0,0,0,0,0,1,,1,False,fewer than two observations fall in the alpha=0.05 empirical tail,,0,source column failure_rate has no finite observations,,0,source column collision_rate has no finite observations,,0,source column risk_zone_rate has no finite observations,,0,source column motor_saturation_rate is absent,episode,results/minigrid_extended_diagnostic/raw.csv.gz,return,300,300,0,10,40000,40000,0,0,0,0,0,30,0,15,True,,results/minigrid_extended_diagnostic/raw.csv.gz,return,8,10000,0,0.00341666666667
minigrid_extended_diagnostic,MiniGrid-DoorKey-6x6,tabular,seed,results/minigrid_extended_diagnostic/seed_metrics.csv,mean_return,10,10,0,0.027625,0,0,0,0,1,,1,False,fewer than two observations fall in the alpha=0.05 empirical tail,,0,source column failure_rate has no finite observations,,0,source column collision_rate has no finite observations,,0,source column risk_zone_rate has no finite observations,,0,source column motor_saturation_rate is absent,episode,results/minigrid_extended_diagnostic/raw.csv.gz,return,300,300,0,10,40000,40000,0.027625,0,0,0,0,30,0,15,True,,results/minigrid_extended_diagnostic/raw.csv.gz,return,8,35000,0.0163833333333,0.00848333333333
minigrid_extended_diagnostic,MiniGrid-DoorKey-6x6,validated_dqn,seed,results/minigrid_extended_diagnostic/seed_metrics.csv,mean_return,10,10,0,0,0,0,0,0,1,,1,False,fewer than two observations fall in the alpha=0.05 empirical tail,,0,source column failure_rate has no finite observations,,0,source column collision_rate has no finite observations,,0,source column risk_zone_rate has no finite observations,,0,source column motor_saturation_rate is absent,episode,results/minigrid_extended_diagnostic/raw.csv.gz,return,300,300,0,10,40000,40000,0,0,0,0,0,30,0,15,True,,results/minigrid_extended_diagnostic/raw.csv.gz,return,8,5000,0,0
minigrid_extended_diagnostic,MiniGrid-Empty-5x5,count_gated_tau_20,seed,results/minigrid_extended_diagnostic/seed_metrics.csv,mean_return,10,10,0,0.0955,0,0,0,0,1,,1,False,fewer than two observations fall in the alpha=0.05 empirical tail,,0,source column failure_rate has no finite observations,,0,source column collision_rate has no finite observations,,0,source column risk_zone_rate has no finite observations,,0,source column motor_saturation_rate is absent,episode,results/minigrid_extended_diagnostic/raw.csv.gz,return,300,300,0,10,20000,20000,0.0955,0,0,0,0,30,0,15,True,,results/minigrid_extended_diagnostic/raw.csv.gz,return,4,15000,0,0.4775
minigrid_extended_diagnostic,MiniGrid-Empty-5x5,fixed_hybrid,seed,results/minigrid_extended_diagnostic/seed_metrics.csv,mean_return,10,10,0,0,0,0,0,0,1,,1,False,fewer than two observations fall in the alpha=0.05 empirical tail,,0,source column failure_rate has no finite observations,,0,source column collision_rate has no finite observations,,0,source column risk_zone_rate has no finite observations,,0,source column motor_saturation_rate is absent,episode,results/minigrid_extended_diagnostic/raw.csv.gz,return,300,300,0,10,20000,20000,0,0,0,0,0,30,0,15,True,,results/minigrid_extended_diagnostic/raw.csv.gz,return,4,15000,0,0.0955
minigrid_extended_diagnostic,MiniGrid-Empty-5x5,random,seed,results/minigrid_extended_diagnostic/seed_metrics.csv,mean_return,10,10,0,0.202966666667,0.1521,0.15717,0.1521,0.1521,1,,1,False,fewer than two observations fall in the alpha=0.05 empirical tail,,0,source column failure_rate has no finite observations,,0,source column collision_rate has no finite observations,,0,source column risk_zone_rate has no finite observations,,0,source column motor_saturation_rate is absent,episode,results/minigrid_extended_diagnostic/raw.csv.gz,return,300,300,0,10,20000,20000,0.202966666667,0,0,0,0,30,0,15,True,,results/minigrid_extended_diagnostic/raw.csv.gz,return,4,20000,0.202966666667,0.0105
minigrid_extended_diagnostic,MiniGrid-Empty-5x5,reliability_gated,seed,results/minigrid_extended_diagnostic/seed_metrics.csv,mean_return,10,10,0,0,0,0,0,0,1,,1,False,fewer than two observations fall in the alpha=0.05 empirical tail,,0,source column failure_rate has no finite observations,,0,source column collision_rate has no finite observations,,0,source column risk_zone_rate has no finite observations,,0,source column motor_saturation_rate is absent,episode,results/minigrid_extended_diagnostic/raw.csv.gz,return,300,300,0,10,20000,20000,0,0,0,0,0,30,0,15,True,,results/minigrid_extended_diagnostic/raw.csv.gz,return,4,5000,0,0
minigrid_extended_diagnostic,MiniGrid-Empty-5x5,support_abstain_tau_20,seed,results/minigrid_extended_diagnostic/seed_metrics.csv,mean_return,10,10,0,0.0955,0,0,0,0,1,,1,False,fewer than two observations fall in the alpha=0.05 empirical tail,,0,source column failure_rate has no finite observations,,0,source column collision_rate has no finite observations,,0,source column risk_zone_rate has no finite observations,,0,source column motor_saturation_rate is absent,episode,results/minigrid_extended_diagnostic/raw.csv.gz,return,300,300,0,10,20000,20000,0.0955,0,0,0,0,30,0,15,True,,results/minigrid_extended_diagnostic/raw.csv.gz,return,4,15000,0,0.5721
minigrid_extended_diagnostic,MiniGrid-Empty-5x5,tabular,seed,results/minigrid_extended_diagnostic/seed_metrics.csv,mean_return,10,10,0,0.18935,0,0,0,0,1,,1,False,fewer than two observations fall in the alpha=0.05 empirical tail,,0,source column failure_rate has no finite observations,,0,source column collision_rate has no finite observations,,0,source column risk_zone_rate has no finite observations,,0,source column motor_saturation_rate is absent,episode,results/minigrid_extended_diagnostic/raw.csv.gz,return,300,300,0,10,20000,20000,0.18935,0,0,0,0,30,0,15,True,,results/minigrid_extended_diagnostic/raw.csv.gz,return,4,15000,0.0946,0.2865
minigrid_extended_diagnostic,MiniGrid-Empty-5x5,validated_dqn,seed,results/minigrid_extended_diagnostic/seed_metrics.csv,mean_return,10,10,0,0,0,0,0,0,1,,1,False,fewer than two observations fall in the alpha=0.05 empirical tail,,0,source column failure_rate has no finite observations,,0,source column collision_rate has no finite observations,,0,source column risk_zone_rate has no finite observations,,0,source column motor_saturation_rate is absent,episode,results/minigrid_extended_diagnostic/raw.csv.gz,return,300,300,0,10,20000,20000,0,0,0,0,0,30,0,15,True,,results/minigrid_extended_diagnostic/raw.csv.gz,return,4,5000,0,0
minigrid_extended_diagnostic,MiniGrid-Empty-6x6,count_gated_tau_20,seed,results/minigrid_extended_diagnostic/seed_metrics.csv,mean_return,10,10,0,0,0,0,0,0,1,,1,False,fewer than two observations fall in the alpha=0.05 empirical tail,,0,source column failure_rate has no finite observations,,0,source column collision_rate has no finite observations,,0,source column risk_zone_rate has no finite observations,,0,source column motor_saturation_rate is absent,episode,results/minigrid_extended_diagnostic/raw.csv.gz,return,300,300,0,10,25000,25000,0,0,0,0,0,30,0,15,True,,results/minigrid_extended_diagnostic/raw.csv.gz,return,5,20000,0,0.85875
minigrid_extended_diagnostic,MiniGrid-Empty-6x6,fixed_hybrid,seed,results/minigrid_extended_diagnostic/seed_metrics.csv,mean_return,10,10,0,0.095625,0,0,0,0,1,,1,False,fewer than two observations fall in the alpha=0.05 empirical tail,,0,source column failure_rate has no finite observations,,0,source column collision_rate has no finite observations,,0,source column risk_zone_rate has no finite observations,,0,source column motor_saturation_rate is absent,episode,results/minigrid_extended_diagnostic/raw.csv.gz,return,300,300,0,10,25000,25000,0.095625,0,0,0,0,30,0,15,True,,results/minigrid_extended_diagnostic/raw.csv.gz,return,5,10000,0,0.86
minigrid_extended_diagnostic,MiniGrid-Empty-6x6,random,seed,results/minigrid_extended_diagnostic/seed_metrics.csv,mean_return,10,10,0,0.1288125,0.0947916666667,0.0948854166667,0.0947916666667,0.0947916666667,1,,1,False,fewer than two observations fall in the alpha=0.05 empirical tail,,0,source column failure_rate has no finite observations,,0,source column collision_rate has no finite observations,,0,source column risk_zone_rate has no finite observations,,0,source column motor_saturation_rate is absent,episode,results/minigrid_extended_diagnostic/raw.csv.gz,return,300,300,0,10,25000,25000,0.1288125,0,0,0,0,30,0,15,True,,results/minigrid_extended_diagnostic/raw.csv.gz,return,5,5000,0.128604166667,0.024375
minigrid_extended_diagnostic,MiniGrid-Empty-6x6,reliability_gated,seed,results/minigrid_extended_diagnostic/seed_metrics.csv,mean_return,10,10,0,0,0,0,0,0,1,,1,False,fewer than two observations fall in the alpha=0.05 empirical tail,,0,source column failure_rate has no finite observations,,0,source column collision_rate has no finite observations,,0,source column risk_zone_rate has no finite observations,,0,source column motor_saturation_rate is absent,episode,results/minigrid_extended_diagnostic/raw.csv.gz,return,300,300,0,10,25000,25000,0,0,0,0,0,30,0,15,True,,results/minigrid_extended_diagnostic/raw.csv.gz,return,5,10000,0,0.286875
minigrid_extended_diagnostic,MiniGrid-Empty-6x6,support_abstain_tau_20,seed,results/minigrid_extended_diagnostic/seed_metrics.csv,mean_return,10,10,0,0,0,0,0,0,1,,1,False,fewer than two observations fall in the alpha=0.05 empirical tail,,0,source column failure_rate has no finite observations,,0,source column collision_rate has no finite observations,,0,source column risk_zone_rate has no finite observations,,0,source column motor_saturation_rate is absent,episode,results/minigrid_extended_diagnostic/raw.csv.gz,return,300,300,0,10,25000,25000,0,0,0,0,0,30,0,15,True,,results/minigrid_extended_diagnostic/raw.csv.gz,return,5,25000,0,0.954375
minigrid_extended_diagnostic,MiniGrid-Empty-6x6,tabular,seed,results/minigrid_extended_diagnostic/seed_metrics.csv,mean_return,10,10,0,0.190625,0,0,0,0,1,,1,False,fewer than two observations fall in the alpha=0.05 empirical tail,,0,source column failure_rate has no finite observations,,0,source column collision_rate has no finite observations,,0,source column risk_zone_rate has no finite observations,,0,source column motor_saturation_rate is absent,episode,results/minigrid_extended_diagnostic/raw.csv.gz,return,300,300,0,10,25000,25000,0.190625,0,0,0,0,30,0,15,True,,results/minigrid_extended_diagnostic/raw.csv.gz,return,5,10000,0,0.950625
minigrid_extended_diagnostic,MiniGrid-Empty-6x6,validated_dqn,seed,results/minigrid_extended_diagnostic/seed_metrics.csv,mean_return,10,10,0,0,0,0,0,0,1,,1,False,fewer than two observations fall in the alpha=0.05 empirical tail,,0,source column failure_rate has no finite observations,,0,source column collision_rate has no finite observations,,0,source column risk_zone_rate has no finite observations,,0,source column motor_saturation_rate is absent,episode,results/minigrid_extended_diagnostic/raw.csv.gz,return,300,300,0,10,25000,25000,0,0,0,0,0,30,0,15,True,,results/minigrid_extended_diagnostic/raw.csv.gz,return,5,5000,0,0
minigrid_extended_diagnostic,MiniGrid-Empty-8x8,count_gated_tau_20,seed,results/minigrid_extended_diagnostic/seed_metrics.csv,mean_return,10,10,0,0.576796875,0,0,0,0,1,,1,False,fewer than two observations fall in the alpha=0.05 empirical tail,,0,source column failure_rate has no finite observations,,0,source column collision_rate has no finite observations,,0,source column risk_zone_rate has no finite observations,,0,source column motor_saturation_rate is absent,episode,results/minigrid_extended_diagnostic/raw.csv.gz,return,300,300,0,10,30000,30000,0.576796875,0,0,0,0,30,0,15,True,,results/minigrid_extended_diagnostic/raw.csv.gz,return,6,5000,0,0.192265625
minigrid_extended_diagnostic,MiniGrid-Empty-8x8,fixed_hybrid,seed,results/minigrid_extended_diagnostic/seed_metrics.csv,mean_return,10,10,0,0,0,0,0,0,1,,1,False,fewer than two observations fall in the alpha=0.05 empirical tail,,0,source column failure_rate has no finite observations,,0,source column collision_rate has no finite observations,,0,source column risk_zone_rate has no finite observations,,0,source column motor_saturation_rate is absent,episode,results/minigrid_extended_diagnostic/raw.csv.gz,return,300,300,0,10,30000,30000,0,0,0,0,0,30,0,15,True,,results/minigrid_extended_diagnostic/raw.csv.gz,return,6,5000,0,0.6729296875
minigrid_extended_diagnostic,MiniGrid-Empty-8x8,random,seed,results/minigrid_extended_diagnostic/seed_metrics.csv,mean_return,10,10,0,0.0968216145833,0.0474348958333,0.0586673177083,0.0474348958333,0.0474348958333,1,,1,False,fewer than two observations fall in the alpha=0.05 empirical tail,,0,source column failure_rate has no finite observations,,0,source column collision_rate has no finite observations,,0,source column risk_zone_rate has no finite observations,,0,source column motor_saturation_rate is absent,episode,results/minigrid_extended_diagnostic/raw.csv.gz,return,300,300,0,10,30000,30000,0.0968216145833,0,0,0,0,30,0,15,True,,results/minigrid_extended_diagnostic/raw.csv.gz,return,6,20000,0.0776067708333,0.0205559895833
minigrid_extended_diagnostic,MiniGrid-Empty-8x8,reliability_gated,seed,results/minigrid_extended_diagnostic/seed_metrics.csv,mean_return,10,10,0,0.38453125,0,0,0,0,1,,1,False,fewer than two observations fall in the alpha=0.05 empirical tail,,0,source column failure_rate has no finite observations,,0,source column collision_rate has no finite observations,,0,source column risk_zone_rate has no finite observations,,0,source column motor_saturation_rate is absent,episode,results/minigrid_extended_diagnostic/raw.csv.gz,return,300,300,0,10,30000,30000,0.38453125,0,0,0,0,30,0,15,True,,results/minigrid_extended_diagnostic/raw.csv.gz,return,6,5000,0,0.2883984375
minigrid_extended_diagnostic,MiniGrid-Empty-8x8,support_abstain_tau_20,seed,results/minigrid_extended_diagnostic/seed_metrics.csv,mean_return,10,10,0,0.383828125,0,0,0,0,1,,1,False,fewer than two observations fall in the alpha=0.05 empirical tail,,0,source column failure_rate has no finite observations,,0,source column collision_rate has no finite observations,,0,source column risk_zone_rate has no finite observations,,0,source column motor_saturation_rate is absent,episode,results/minigrid_extended_diagnostic/raw.csv.gz,return,300,300,0,10,30000,30000,0.383828125,0,0,0,0,30,0,15,True,,results/minigrid_extended_diagnostic/raw.csv.gz,return,6,5000,0.0961328125,0.4806640625
minigrid_extended_diagnostic,MiniGrid-Empty-8x8,tabular,seed,results/minigrid_extended_diagnostic/seed_metrics.csv,mean_return,10,10,0,0.76484375,0,0,0,0,1,,1,False,fewer than two observations fall in the alpha=0.05 empirical tail,,0,source column failure_rate has no finite observations,,0,source column collision_rate has no finite observations,,0,source column risk_zone_rate has no finite observations,,0,source column motor_saturation_rate is absent,episode,results/minigrid_extended_diagnostic/raw.csv.gz,return,300,300,0,10,30000,30000,0.76484375,0,0,0,0,30,0,15,True,,results/minigrid_extended_diagnostic/raw.csv.gz,return,6,5000,0.29155078125,0.1915625
minigrid_extended_diagnostic,MiniGrid-Empty-8x8,validated_dqn,seed,results/minigrid_extended_diagnostic/seed_metrics.csv,mean_return,10,10,0,0,0,0,0,0,1,,1,False,fewer than two observations fall in the alpha=0.05 empirical tail,,0,source column failure_rate has no finite observations,,0,source column collision_rate has no finite observations,,0,source column risk_zone_rate has no finite observations,,0,source column motor_saturation_rate is absent,episode,results/minigrid_extended_diagnostic/raw.csv.gz,return,300,300,0,10,30000,30000,0,0,0,0,0,30,0,15,True,,results/minigrid_extended_diagnostic/raw.csv.gz,return,6,5000,0,0
minigrid_extended_diagnostic,MiniGrid-FourRooms,count_gated_tau_20,seed,results/minigrid_extended_diagnostic/seed_metrics.csv,mean_return,10,10,0,0.00630666666667,0,0,0,0,1,,1,False,fewer than two observations fall in the alpha=0.05 empirical tail,,0,source column failure_rate has no finite observations,,0,source column collision_rate has no finite observations,,0,source column risk_zone_rate has no finite observations,,0,source column motor_saturation_rate is absent,episode,results/minigrid_extended_diagnostic/raw.csv.gz,return,300,300,0,10,40000,40000,0.00630666666667,0,0,0,0,30,0,15,True,,results/minigrid_extended_diagnostic/raw.csv.gz,return,8,15000,0,0.00642666666667
minigrid_extended_diagnostic,MiniGrid-FourRooms,fixed_hybrid,seed,results/minigrid_extended_diagnostic/seed_metrics.csv,mean_return,10,10,0,0.00630666666667,0,0,0,0,1,,1,False,fewer than two observations fall in the alpha=0.05 empirical tail,,0,source column failure_rate has no finite observations,,0,source column collision_rate has no finite observations,,0,source column risk_zone_rate has no finite observations,,0,source column motor_saturation_rate is absent,episode,results/minigrid_extended_diagnostic/raw.csv.gz,return,300,300,0,10,40000,40000,0.00630666666667,0,0,0,0,30,0,15,True,,results/minigrid_extended_diagnostic/raw.csv.gz,return,8,15000,0,0.00642666666667
minigrid_extended_diagnostic,MiniGrid-FourRooms,random,seed,results/minigrid_extended_diagnostic/seed_metrics.csv,mean_return,10,10,0,0.0186266666667,0,0,0,0,1,,1,False,fewer than two observations fall in the alpha=0.05 empirical tail,,0,source column failure_rate has no finite observations,,0,source column collision_rate has no finite observations,,0,source column risk_zone_rate has no finite observations,,0,source column motor_saturation_rate is absent,episode,results/minigrid_extended_diagnostic/raw.csv.gz,return,300,300,0,10,40000,40000,0.0186266666667,0,0,0,0,30,0,15,True,,results/minigrid_extended_diagnostic/raw.csv.gz,return,8,10000,0.00916333333333,0.0148733333333
minigrid_extended_diagnostic,MiniGrid-FourRooms,reliability_gated,seed,results/minigrid_extended_diagnostic/seed_metrics.csv,mean_return,10,10,0,0.00630666666667,0,0,0,0,1,,1,False,fewer than two observations fall in the alpha=0.05 empirical tail,,0,source column failure_rate has no finite observations,,0,source column collision_rate has no finite observations,,0,source column risk_zone_rate has no finite observations,,0,source column motor_saturation_rate is absent,episode,results/minigrid_extended_diagnostic/raw.csv.gz,return,300,300,0,10,40000,40000,0.00630666666667,0,0,0,0,30,0,15,True,,results/minigrid_extended_diagnostic/raw.csv.gz,return,8,15000,0,0.00642666666667
minigrid_extended_diagnostic,MiniGrid-FourRooms,support_abstain_tau_20,seed,results/minigrid_extended_diagnostic/seed_metrics.csv,mean_return,10,10,0,0.0174533333333,0,0,0,0,1,,1,False,fewer than two observations fall in the alpha=0.05 empirical tail,,0,source column failure_rate has no finite observations,,0,source column collision_rate has no finite observations,,0,source column risk_zone_rate has no finite observations,,0,source column motor_saturation_rate is absent,episode,results/minigrid_extended_diagnostic/raw.csv.gz,return,300,300,0,10,40000,40000,0.0174533333333,0,0,0,0,30,0,15,True,,results/minigrid_extended_diagnostic/raw.csv.gz,return,8,35000,0.00709666666667,0.0141733333333
minigrid_extended_diagnostic,MiniGrid-FourRooms,tabular,seed,results/minigrid_extended_diagnostic/seed_metrics.csv,mean_return,10,10,0,0.0186266666667,0,0,0,0,1,,1,False,fewer than two observations fall in the alpha=0.05 empirical tail,,0,source column failure_rate has no finite observations,,0,source column collision_rate has no finite observations,,0,source column risk_zone_rate has no finite observations,,0,source column motor_saturation_rate is absent,episode,results/minigrid_extended_diagnostic/raw.csv.gz,return,300,300,0,10,40000,40000,0.0186266666667,0,0,0,0,30,0,15,True,,results/minigrid_extended_diagnostic/raw.csv.gz,return,8,10000,0.00916333333333,0.0148733333333
minigrid_extended_diagnostic,MiniGrid-FourRooms,validated_dqn,seed,results/minigrid_extended_diagnostic/seed_metrics.csv,mean_return,10,10,0,0.00630666666667,0,0,0,0,1,,1,False,fewer than two observations fall in the alpha=0.05 empirical tail,,0,source column failure_rate has no finite observations,,0,source column collision_rate has no finite observations,,0,source column risk_zone_rate has no finite observations,,0,source column motor_saturation_rate is absent,episode,results/minigrid_extended_diagnostic/raw.csv.gz,return,300,300,0,10,40000,40000,0.00630666666667,0,0,0,0,30,0,15,True,,results/minigrid_extended_diagnostic/raw.csv.gz,return,8,15000,0,0.00642666666667
strong_baselines/double_dqn,ApplicationNavigation-deployment-goal-shift,double_dqn,seed,results/strong_baselines/double_dqn/seed_metrics.csv,mean_return,30,30,0,-3.43357777778,-12.477,-7.44858333333,-9.02822222222,-9.02822222222,3,-10.6141666667,2,True,,0.932222222222,30,,0.0414663301435,30,,0.0365319973153,30,,,0,source column motor_saturation_rate is absent,episode,results/strong_baselines/double_dqn/raw.csv.gz,return,900,900,0,30,12000,12000,-3.43357777778,-29.54,-7.749,-14.0194444444,-14.0194444444,90,-22.0853333333,45,True,,results/strong_baselines/double_dqn/raw.csv.gz,return,6,2000,-4.94343333333,0.9282
strong_baselines/dueling_double_dqn,ApplicationNavigation-deployment-goal-shift,dueling_double_dqn,seed,results/strong_baselines/dueling_double_dqn/seed_metrics.csv,mean_return,30,30,0,-3.82807777778,-10.2606666667,-7.67001666667,-8.47788888889,-8.47788888889,3,-9.34116666667,2,True,,0.93,30,,0.0550872798178,30,,0.0407405079903,30,,,0,source column motor_saturation_rate is absent,episode,results/strong_baselines/dueling_double_dqn/raw.csv.gz,return,900,900,0,30,12000,12000,-3.82807777778,-29.54,-14.521,-17.1623333333,-17.1623333333,90,-25.91,45,True,,results/strong_baselines/dueling_double_dqn/raw.csv.gz,return,6,10000,-4.79812222222,1.24434444444
stronger_baseline_validation,ApplicationNavigation-deployment-goal-shift,a2c_actor_critic,seed,results/stronger_baseline_validation/seed_metrics.csv,mean_return,2,2,0,-9.08,-9.195,-9.1835,-9.195,-9.195,1,,1,False,fewer than two observations fall in the alpha=0.05 empirical tail,1,2,,0.9,2,,0,2,,,0,source column motor_saturation_rate is absent,episode,results/stronger_baseline_validation/raw.csv,return,4,4,0,2,100,100,-9.08,-9.54,-9.5055,-9.54,-9.54,1,,1,False,fewer than two observations fall in the alpha=0.05 empirical tail,results/stronger_baseline_validation/raw.csv,return,2,100,-9.08,4.1975
stronger_baseline_validation,ApplicationNavigation-deployment-goal-shift,dueling_double_dqn,seed,results/stronger_baseline_validation/seed_metrics.csv,mean_return,2,2,0,-9.08,-9.195,-9.1835,-9.195,-9.195,1,,1,False,fewer than two observations fall in the alpha=0.05 empirical tail,1,2,,0.9,2,,0,2,,,0,source column motor_saturation_rate is absent,episode,results/stronger_baseline_validation/raw.csv,return,4,4,0,2,100,100,-9.08,-9.54,-9.5055,-9.54,-9.54,1,,1,False,fewer than two observations fall in the alpha=0.05 empirical tail,results/stronger_baseline_validation/raw.csv,return,2,100,-9.08,0.6325
stronger_baseline_validation,ApplicationNavigation-deployment-goal-shift,validated_dqn,seed,results/stronger_baseline_validation/seed_metrics.csv,mean_return,2,2,0,-3.8325,-9.195,-8.65875,-9.195,-9.195,1,,1,False,fewer than two observations fall in the alpha=0.05 empirical tail,0.75,2,,0.58125,2,,0.03125,2,,,0,source column motor_saturation_rate is absent,episode,results/stronger_baseline_validation/raw.csv,return,4,4,0,2,100,100,-3.8325,-9.54,-9.4365,-9.54,-9.54,1,,1,False,fewer than two observations fall in the alpha=0.05 empirical tail,results/stronger_baseline_validation/raw.csv,return,2,50,-4.8175,0
stronger_baseline_validation,FourRooms-7-unseen-goals,a2c_actor_critic,seed,results/stronger_baseline_validation/seed_metrics.csv,mean_return,2,2,0,-0.3375,-0.785,-0.74025,-0.785,-0.785,1,,1,False,fewer than two observations fall in the alpha=0.05 empirical tail,0.75,2,,0,2,,0,2,,,0,source column motor_saturation_rate is absent,episode,results/stronger_baseline_validation/raw.csv,return,4,4,0,2,100,100,-0.3375,-0.79,-0.7885,-0.79,-0.79,1,,1,False,fewer than two observations fall in the alpha=0.05 empirical tail,results/stronger_baseline_validation/raw.csv,return,2,50,-0.7,0
stronger_baseline_validation,FourRooms-7-unseen-goals,dueling_double_dqn,seed,results/stronger_baseline_validation/seed_metrics.csv,mean_return,2,2,0,-0.79,-0.795,-0.7945,-0.795,-0.795,1,,1,False,fewer than two observations fall in the alpha=0.05 empirical tail,1,2,,0,2,,0,2,,,0,source column motor_saturation_rate is absent,episode,results/stronger_baseline_validation/raw.csv,return,4,4,0,2,100,100,-0.79,-0.8,-0.7985,-0.8,-0.8,1,,1,False,fewer than two observations fall in the alpha=0.05 empirical tail,results/stronger_baseline_validation/raw.csv,return,2,100,-0.79,0.0025
stronger_baseline_validation,FourRooms-7-unseen-goals,validated_dqn,seed,results/stronger_baseline_validation/seed_metrics.csv,mean_return,2,2,0,-0.3425,-0.795,-0.74975,-0.795,-0.795,1,,1,False,fewer than two observations fall in the alpha=0.05 empirical tail,0.75,2,,0,2,,0,2,,,0,source column motor_saturation_rate is absent,episode,results/stronger_baseline_validation/raw.csv,return,4,4,0,2,100,100,-0.3425,-0.8,-0.7985,-0.8,-0.8,1,,1,False,fewer than two observations fall in the alpha=0.05 empirical tail,results/stronger_baseline_validation/raw.csv,return,2,50,-0.6975,0
support_abstention_replication,FourRooms-11-slip-unseen-goals,count_gated_tau_20,seed,results/support_abstention_replication/seed_metrics.csv,mean_return,30,30,0,-3.01351111111,-3.715,-3.43086666667,-3.52522222222,-3.52522222222,3,-3.57533333333,2,True,,,0,source column failure_rate has no finite observations,,0,source column collision_rate has no finite observations,,0,source column risk_zone_rate has no finite observations,,0,source column motor_saturation_rate is absent,episode,results/support_abstention_replication/raw.csv.gz,return,900,900,0,30,16000,16000,-3.01351111111,-4.32,-4.23,-4.24077777778,-4.24077777778,90,-4.26622222222,45,True,,results/support_abstention_replication/raw.csv.gz,return,8,2000,-3.51364444444,0.0884777777778
support_abstention_replication,FourRooms-11-slip-unseen-goals,fixed_hybrid,seed,results/support_abstention_replication/seed_metrics.csv,mean_return,30,30,0,-3.0744,-3.956,-3.84236666667,-3.87377777778,-3.87377777778,3,-3.94283333333,2,True,,,0,source column failure_rate has no finite observations,,0,source column collision_rate has no finite observations,,0,source column risk_zone_rate has no finite observations,,0,source column motor_saturation_rate is absent,episode,results/support_abstention_replication/raw.csv.gz,return,900,900,0,30,16000,16000,-3.0744,-4.32,-4.24,-4.24688888889,-4.24688888889,90,-4.26844444444,45,True,,results/support_abstention_replication/raw.csv.gz,return,8,2000,-3.55661111111,0.0620666666667
support_abstention_replication,FourRooms-11-slip-unseen-goals,random,seed,results/support_abstention_replication/seed_metrics.csv,mean_return,30,30,0,-1.74654444444,-2.113,-2.04785,-2.06666666667,-2.06666666667,3,-2.1,2,True,,,0,source column failure_rate has no finite observations,,0,source column collision_rate has no finite observations,,0,source column risk_zone_rate has no finite observations,,0,source column motor_saturation_rate is absent,episode,results/support_abstention_replication/raw.csv.gz,return,900,900,0,30,16000,16000,-1.74654444444,-2.88,-2.74,-2.75,-2.75,90,-2.78133333333,45,True,,results/support_abstention_replication/raw.csv.gz,return,8,16000,-1.74654444444,0.106822222222
support_abstention_replication,FourRooms-11-slip-unseen-goals,reliability_gated,seed,results/support_abstention_replication/seed_metrics.csv,mean_return,30,30,0,-3.17971111111,-4.05466666667,-3.90726666667,-3.94777777778,-3.94777777778,3,-4.03916666667,2,True,,,0,source column failure_rate has no finite observations,,0,source column collision_rate has no finite observations,,0,source column risk_zone_rate has no finite observations,,0,source column motor_saturation_rate is absent,episode,results/support_abstention_replication/raw.csv.gz,return,900,900,0,30,16000,16000,-3.17971111111,-4.33,-4.24,-4.24488888889,-4.24488888889,90,-4.26711111111,45,True,,results/support_abstention_replication/raw.csv.gz,return,8,2000,-3.55661111111,0.0469888888889
support_abstention_replication,FourRooms-11-slip-unseen-goals,support_abstain_tau_20,seed,results/support_abstention_replication/seed_metrics.csv,mean_return,30,30,0,-1.66702222222,-2.095,-2.05473333333,-2.06522222222,-2.06522222222,3,-2.09466666667,2,True,,,0,source column failure_rate has no finite observations,,0,source column collision_rate has no finite observations,,0,source column risk_zone_rate has no finite observations,,0,source column motor_saturation_rate is absent,episode,results/support_abstention_replication/raw.csv.gz,return,900,900,0,30,16000,16000,-1.66702222222,-2.94,-2.76,-2.76333333333,-2.76333333333,90,-2.79711111111,45,True,,results/support_abstention_replication/raw.csv.gz,return,8,6000,-1.71718888889,0.100622222222
support_abstention_replication,FourRooms-11-slip-unseen-goals,tabular,seed,results/support_abstention_replication/seed_metrics.csv,mean_return,30,30,0,-1.72698888889,-2.20066666667,-2.03235,-2.08833333333,-2.08833333333,3,-2.11733333333,2,True,,,0,source column failure_rate has no finite observations,,0,source column collision_rate has no finite observations,,0,source column risk_zone_rate has no finite observations,,0,source column motor_saturation_rate is absent,episode,results/support_abstention_replication/raw.csv.gz,return,900,900,0,30,16000,16000,-1.72698888889,-2.9,-2.7405,-2.75288888889,-2.75288888889,90,-2.78244444444,45,True,,results/support_abstention_replication/raw.csv.gz,return,8,16000,-1.72698888889,0.121844444444
support_abstention_replication,FourRooms-11-slip-unseen-goals,validated_dqn,seed,results/support_abstention_replication/seed_metrics.csv,mean_return,30,30,0,-3.15717777778,-3.98533333333,-3.86338333333,-3.90077777778,-3.90077777778,3,-3.94633333333,2,True,,,0,source column failure_rate has no finite observations,,0,source column collision_rate has no finite observations,,0,source column risk_zone_rate has no finite observations,,0,source column motor_saturation_rate is absent,episode,results/support_abstention_replication/raw.csv.gz,return,900,900,0,30,16000,16000,-3.15717777778,-4.33,-4.25,-4.25033333333,-4.25033333333,90,-4.27066666667,45,True,,results/support_abstention_replication/raw.csv.gz,return,8,4000,-3.59765555556,0.0640444444444
support_abstention_replication,FourRooms-7-unseen-goals,count_gated_tau_20,seed,results/support_abstention_replication/seed_metrics.csv,mean_return,30,30,0,-1.63624444444,-1.95166666667,-1.84863333333,-1.88277777778,-1.88277777778,3,-1.9015,2,True,,,0,source column failure_rate has no finite observations,,0,source column collision_rate has no finite observations,,0,source column risk_zone_rate has no finite observations,,0,source column motor_saturation_rate is absent,episode,results/support_abstention_replication/raw.csv.gz,return,900,900,0,30,8000,8000,-1.63624444444,-2,-2,-2,-2,90,-2,45,True,,results/support_abstention_replication/raw.csv.gz,return,4,2000,-1.71711111111,0.0153222222222
support_abstention_replication,FourRooms-7-unseen-goals,fixed_hybrid,seed,results/support_abstention_replication/seed_metrics.csv,mean_return,30,30,0,-1.63634444444,-1.98166666667,-1.95306666667,-1.96055555556,-1.96055555556,3,-1.98116666667,2,True,,,0,source column failure_rate has no finite observations,,0,source column collision_rate has no finite observations,,0,source column risk_zone_rate has no finite observations,,0,source column motor_saturation_rate is absent,episode,results/support_abstention_replication/raw.csv.gz,return,900,900,0,30,8000,8000,-1.63634444444,-2,-2,-2,-2,90,-2,45,True,,results/support_abstention_replication/raw.csv.gz,return,4,2000,-1.72323333333,0
support_abstention_replication,FourRooms-7-unseen-goals,random,seed,results/support_abstention_replication/seed_metrics.csv,mean_return,30,30,0,-0.532455555556,-0.886666666667,-0.795766666667,-0.825333333333,-0.825333333333,3,-0.846166666667,2,True,,,0,source column failure_rate has no finite observations,,0,source column collision_rate has no finite observations,,0,source column risk_zone_rate has no finite observations,,0,source column motor_saturation_rate is absent,episode,results/support_abstention_replication/raw.csv.gz,return,900,900,0,30,8000,8000,-0.532455555556,-1.48,-1.38,-1.38644444444,-1.38644444444,90,-1.40533333333,45,True,,results/support_abstention_replication/raw.csv.gz,return,4,4000,-0.544055555556,0.0313777777778
support_abstention_replication,FourRooms-7-unseen-goals,reliability_gated,seed,results/support_abstention_replication/seed_metrics.csv,mean_return,30,30,0,-1.61632222222,-1.953,-1.91945,-1.92844444444,-1.92844444444,3,-1.951,2,True,,,0,source column failure_rate has no finite observations,,0,source column collision_rate has no finite observations,,0,source column risk_zone_rate has no finite observations,,0,source column motor_saturation_rate is absent,episode,results/support_abstention_replication/raw.csv.gz,return,900,900,0,30,8000,8000,-1.61632222222,-2,-2,-2,-2,90,-2,45,True,,results/support_abstention_replication/raw.csv.gz,return,4,2000,-1.72323333333,0
support_abstention_replication,FourRooms-7-unseen-goals,support_abstain_tau_20,seed,results/support_abstention_replication/seed_metrics.csv,mean_return,30,30,0,-0.4968,-0.726333333333,-0.67785,-0.693777777778,-0.693777777778,3,-0.703666666667,2,True,,,0,source column failure_rate has no finite observations,,0,source column collision_rate has no finite observations,,0,source column risk_zone_rate has no finite observations,,0,source column motor_saturation_rate is absent,episode,results/support_abstention_replication/raw.csv.gz,return,900,900,0,30,8000,8000,-0.4968,-1.54,-1.37,-1.38255555556,-1.38255555556,90,-1.40466666667,45,True,,results/support_abstention_replication/raw.csv.gz,return,4,2000,-0.532277777778,0.0275444444444
support_abstention_replication,FourRooms-7-unseen-goals,tabular,seed,results/support_abstention_replication/seed_metrics.csv,mean_return,30,30,0,-0.520766666667,-0.904333333333,-0.837766666667,-0.858777777778,-0.858777777778,3,-0.879,2,True,,,0,source column failure_rate has no finite observations,,0,source column collision_rate has no finite observations,,0,source column risk_zone_rate has no finite observations,,0,source column motor_saturation_rate is absent,episode,results/support_abstention_replication/raw.csv.gz,return,900,900,0,30,8000,8000,-0.520766666667,-1.46,-1.39,-1.38977777778,-1.38977777778,90,-1.40933333333,45,True,,results/support_abstention_replication/raw.csv.gz,return,4,4000,-0.562811111111,0.0336555555556
support_abstention_replication,FourRooms-7-unseen-goals,validated_dqn,seed,results/support_abstention_replication/seed_metrics.csv,mean_return,30,30,0,-1.5971,-1.95333333333,-1.86048333333,-1.887,-1.887,3,-1.93683333333,2,True,,,0,source column failure_rate has no finite observations,,0,source column collision_rate has no finite observations,,0,source column risk_zone_rate has no finite observations,,0,source column motor_saturation_rate is absent,episode,results/support_abstention_replication/raw.csv.gz,return,900,900,0,30,8000,8000,-1.5971,-2,-2,-2,-2,90,-2,45,True,,results/support_abstention_replication/raw.csv.gz,return,4,2000,-1.7189,0
support_abstention_replication,FourRooms-9-slip-unseen-goals,count_gated_tau_20,seed,results/support_abstention_replication/seed_metrics.csv,mean_return,30,30,0,-2.04422222222,-2.83266666667,-2.53528333333,-2.63144444444,-2.63144444444,3,-2.704,2,True,,,0,source column failure_rate has no finite observations,,0,source column collision_rate has no finite observations,,0,source column risk_zone_rate has no finite observations,,0,source column motor_saturation_rate is absent,episode,results/support_abstention_replication/raw.csv.gz,return,900,900,0,30,12000,12000,-2.04422222222,-3.15,-3.1,-3.09977777778,-3.09977777778,90,-3.11622222222,45,True,,results/support_abstention_replication/raw.csv.gz,return,6,2000,-2.49555555556,0
support_abstention_replication,FourRooms-9-slip-unseen-goals,fixed_hybrid,seed,results/support_abstention_replication/seed_metrics.csv,mean_return,30,30,0,-2.1542,-2.65733333333,-2.52186666667,-2.56333333333,-2.56333333333,3,-2.6145,2,True,,,0,source column failure_rate has no finite observations,,0,source column collision_rate has no finite observations,,0,source column risk_zone_rate has no finite observations,,0,source column motor_saturation_rate is absent,episode,results/support_abstention_replication/raw.csv.gz,return,900,900,0,30,12000,12000,-2.1542,-3.16,-3.09,-3.09688888889,-3.09688888889,90,-3.11266666667,45,True,,results/support_abstention_replication/raw.csv.gz,return,6,2000,-2.44508888889,0.0282444444444
support_abstention_replication,FourRooms-9-slip-unseen-goals,random,seed,results/support_abstention_replication/seed_metrics.csv,mean_return,30,30,0,-1.08691111111,-1.42066666667,-1.36625,-1.38344444444,-1.38344444444,3,-1.39983333333,2,True,,,0,source column failure_rate has no finite observations,,0,source column collision_rate has no finite observations,,0,source column risk_zone_rate has no finite observations,,0,source column motor_saturation_rate is absent,episode,results/support_abstention_replication/raw.csv.gz,return,900,900,0,30,12000,12000,-1.08691111111,-2.2,-2.07,-2.08366666667,-2.08366666667,90,-2.10933333333,45,True,,results/support_abstention_replication/raw.csv.gz,return,6,6000,-1.09562222222,0.0515333333333
support_abstention_replication,FourRooms-9-slip-unseen-goals,reliability_gated,seed,results/support_abstention_replication/seed_metrics.csv,mean_return,30,30,0,-2.22812222222,-2.92633333333,-2.7227,-2.79033333333,-2.79033333333,3,-2.82616666667,2,True,,,0,source column failure_rate has no finite observations,,0,source column collision_rate has no finite observations,,0,source column risk_zone_rate has no finite observations,,0,source column motor_saturation_rate is absent,episode,results/support_abstention_replication/raw.csv.gz,return,900,900,0,30,12000,12000,-2.22812222222,-3.16,-3.0905,-3.10022222222,-3.10022222222,90,-3.11533333333,45,True,,results/support_abstention_replication/raw.csv.gz,return,6,2000,-2.44508888889,0.0445888888889
support_abstention_replication,FourRooms-9-slip-unseen-goals,support_abstain_tau_20,seed,results/support_abstention_replication/seed_metrics.csv,mean_return,30,30,0,-1.07244444444,-1.52533333333,-1.41561666667,-1.44811111111,-1.44811111111,3,-1.498,2,True,,,0,source column failure_rate has no finite observations,,0,source column collision_rate has no finite observations,,0,source column risk_zone_rate has no finite observations,,0,source column motor_saturation_rate is absent,episode,results/support_abstention_replication/raw.csv.gz,return,900,900,0,30,12000,12000,-1.07244444444,-2.2,-2.08,-2.08455555556,-2.08455555556,90,-2.11,45,True,,results/support_abstention_replication/raw.csv.gz,return,6,4000,-1.1296,0.0898222222222
support_abstention_replication,FourRooms-9-slip-unseen-goals,tabular,seed,results/support_abstention_replication/seed_metrics.csv,mean_return,30,30,0,-1.09222222222,-1.70233333333,-1.3764,-1.48477777778,-1.48477777778,3,-1.54116666667,2,True,,,0,source column failure_rate has no finite observations,,0,source column collision_rate has no finite observations,,0,source column risk_zone_rate has no finite observations,,0,source column motor_saturation_rate is absent,episode,results/support_abstention_replication/raw.csv.gz,return,900,900,0,30,12000,12000,-1.09222222222,-2.22,-2.09,-2.09855555556,-2.09855555556,90,-2.12266666667,45,True,,results/support_abstention_replication/raw.csv.gz,return,6,12000,-1.09222222222,0.0439888888889
support_abstention_replication,FourRooms-9-slip-unseen-goals,validated_dqn,seed,results/support_abstention_replication/seed_metrics.csv,mean_return,30,30,0,-2.12838888889,-2.71766666667,-2.60595,-2.63822222222,-2.63822222222,3,-2.69533333333,2,True,,,0,source column failure_rate has no finite observations,,0,source column collision_rate has no finite observations,,0,source column risk_zone_rate has no finite observations,,0,source column motor_saturation_rate is absent,episode,results/support_abstention_replication/raw.csv.gz,return,900,900,0,30,12000,12000,-2.12838888889,-3.17,-3.09,-3.09988888889,-3.09988888889,90,-3.118,45,True,,results/support_abstention_replication/raw.csv.gz,return,6,2000,-2.49392222222,0
support_abstention_replication,MiniGrid-Empty-5x5-replication,count_gated_tau_20,seed,results/support_abstention_replication/seed_metrics.csv,mean_return,30,30,0,0.441766666667,0,0,0,0,3,0,2,True,,,0,source column failure_rate has no finite observations,,0,source column collision_rate has no finite observations,,0,source column risk_zone_rate has no finite observations,,0,source column motor_saturation_rate is absent,episode,results/support_abstention_replication/raw.csv.gz,return,900,900,0,30,20000,20000,0.441766666667,0,0,0,0,90,0,45,True,,results/support_abstention_replication/raw.csv.gz,return,10,6000,0.0318333333333,0.8577
support_abstention_replication,MiniGrid-Empty-5x5-replication,fixed_hybrid,seed,results/support_abstention_replication/seed_metrics.csv,mean_return,30,30,0,0.2853,0,0,0,0,3,0,2,True,,,0,source column failure_rate has no finite observations,,0,source column collision_rate has no finite observations,,0,source column risk_zone_rate has no finite observations,,0,source column motor_saturation_rate is absent,episode,results/support_abstention_replication/raw.csv.gz,return,900,900,0,30,20000,20000,0.2853,0,0,0,0,90,0,45,True,,results/support_abstention_replication/raw.csv.gz,return,10,8000,0.0955,0.826466666667
support_abstention_replication,MiniGrid-Empty-5x5-replication,random,seed,results/support_abstention_replication/seed_metrics.csv,mean_return,30,30,0,0.210751111111,0.1004,0.125295,0.117366666667,0.117366666667,3,0.11035,2,True,,,0,source column failure_rate has no finite observations,,0,source column collision_rate has no finite observations,,0,source column risk_zone_rate has no finite observations,,0,source column motor_saturation_rate is absent,episode,results/support_abstention_replication/raw.csv.gz,return,900,900,0,30,20000,20000,0.210751111111,0,0,0,0,90,0,45,True,,results/support_abstention_replication/raw.csv.gz,return,10,12000,0.179791111111,0.0304177777778
support_abstention_replication,MiniGrid-Empty-5x5-replication,reliability_gated,seed,results/support_abstention_replication/seed_metrics.csv,mean_return,30,30,0,0.1901,0,0,0,0,3,0,2,True,,,0,source column failure_rate has no finite observations,,0,source column collision_rate has no finite observations,,0,source column risk_zone_rate has no finite observations,,0,source column motor_saturation_rate is absent,episode,results/support_abstention_replication/raw.csv.gz,return,900,900,0,30,20000,20000,0.1901,0,0,0,0,90,0,45,True,,results/support_abstention_replication/raw.csv.gz,return,10,4000,0.0318333333333,0.317733333333
support_abstention_replication,MiniGrid-Empty-5x5-replication,support_abstain_tau_20,seed,results/support_abstention_replication/seed_metrics.csv,mean_return,30,30,0,0.536366666667,0,0,0,0,3,0,2,True,,,0,source column failure_rate has no finite observations,,0,source column collision_rate has no finite observations,,0,source column risk_zone_rate has no finite observations,,0,source column motor_saturation_rate is absent,episode,results/support_abstention_replication/raw.csv.gz,return,900,900,0,30,20000,20000,0.536366666667,0,0,0,0,90,0,45,True,,results/support_abstention_replication/raw.csv.gz,return,10,6000,0,0.890133333333
support_abstention_replication,MiniGrid-Empty-5x5-replication,tabular,seed,results/support_abstention_replication/seed_metrics.csv,mean_return,30,30,0,0.3763,0,0,0,0,3,0,2,True,,,0,source column failure_rate has no finite observations,,0,source column collision_rate has no finite observations,,0,source column risk_zone_rate has no finite observations,,0,source column motor_saturation_rate is absent,episode,results/support_abstention_replication/raw.csv.gz,return,900,900,0,30,20000,20000,0.3763,0,0,0,0,90,0,45,True,,results/support_abstention_replication/raw.csv.gz,return,10,6000,0.0318333333333,0.885213333333
support_abstention_replication,MiniGrid-Empty-5x5-replication,validated_dqn,seed,results/support_abstention_replication/seed_metrics.csv,mean_return,30,30,0,0,0,0,0,0,3,0,2,True,,,0,source column failure_rate has no finite observations,,0,source column collision_rate has no finite observations,,0,source column risk_zone_rate has no finite observations,,0,source column motor_saturation_rate is absent,episode,results/support_abstention_replication/raw.csv.gz,return,900,900,0,30,20000,20000,0,0,0,0,0,90,0,45,True,,results/support_abstention_replication/raw.csv.gz,return,10,2000,0,0
uav_pybullet_validation,Crazyflie-waypoint-physics-and-goal-shift,double_dqn,seed,results/uav_pybullet_validation/seed_metrics.csv,mean_return,30,30,0,-1.81937779988,-4.45095179007,-4.29134647416,-4.34370327847,-4.34370327847,3,-4.37685266385,2,True,,0.857777777778,30,,0.0166299182603,30,,0.469228326458,30,,,0,source column motor_saturation_rate is absent,episode,results/uav_pybullet_validation/raw.csv.gz,return,450,450,0,30,6000,6000,-1.81937779988,-5.57070792333,-5.05081830297,-5.08060099164,-5.08060099164,45,-5.17347761816,23,True,,results/uav_pybullet_validation/raw.csv.gz,return,3,2000,-2.2804805954,0.216174339741
uav_pybullet_validation,Crazyflie-waypoint-physics-and-goal-shift,dqn,seed,results/uav_pybullet_validation/seed_metrics.csv,mean_return,30,30,0,-1.87104295301,-4.25719773553,-3.86919433896,-3.98613965312,-3.98613965312,3,-4.14682280893,2,True,,0.882222222222,30,,0.0176750280839,30,,0.479040889731,30,,,0,source column motor_saturation_rate is absent,episode,results/uav_pybullet_validation/raw.csv.gz,return,450,450,0,30,6000,6000,-1.87104295301,-6.47683797951,-5.0656343402,-5.26505293476,-5.26505293476,45,-5.55536176719,23,True,,results/uav_pybullet_validation/raw.csv.gz,return,3,2000,-2.24542449864,0.328142654422
uav_pybullet_validation,Crazyflie-waypoint-physics-and-goal-shift,feature_support,seed,results/uav_pybullet_validation/seed_metrics.csv,mean_return,30,30,0,-1.62611450355,-4.44368530038,-4.04926211896,-4.1560676843,-4.1560676843,3,-4.41298830183,2,True,,0.837777777778,30,,0.0162476155299,30,,0.471772258244,30,,,0,source column motor_saturation_rate is absent,episode,results/uav_pybullet_validation/raw.csv.gz,return,450,450,0,30,6000,6000,-1.62611450355,-6.30242072901,-5.15075551017,-5.21592390443,-5.21592390443,45,-5.36770549909,23,True,,results/uav_pybullet_validation/raw.csv.gz,return,3,2000,-2.33715955476,0
uav_pybullet_validation,Crazyflie-waypoint-physics-and-goal-shift,fuzzy_support,seed,results/uav_pybullet_validation/seed_metrics.csv,mean_return,30,30,0,-1.9805141143,-4.45095179007,-4.29134647416,-4.34370327847,-4.34370327847,3,-4.37685266385,2,True,,0.877777777778,30,,0.0172246092962,30,,0.475802252605,30,,,0,source column motor_saturation_rate is absent,episode,results/uav_pybullet_validation/raw.csv.gz,return,450,450,0,30,6000,6000,-1.9805141143,-5.8855444149,-5.01514220406,-5.08671657315,-5.08671657315,45,-5.20530800259,23,True,,results/uav_pybullet_validation/raw.csv.gz,return,3,2000,-2.2804805954,0.509939896314
uav_pybullet_validation,Crazyflie-waypoint-physics-and-goal-shift,pid_safe_controller,seed,results/uav_pybullet_validation/seed_metrics.csv,mean_return,30,30,0,4.95319554595,3.17971725418,3.41539455334,3.35121858953,3.35121858953,3,3.20046973637,2,True,,0.0777777777778,30,,0.00627149062572,30,,0.782319900459,30,,,0,source column motor_saturation_rate is absent,episode,results/uav_pybullet_validation/raw.csv.gz,return,450,450,0,30,6000,6000,4.95319554595,-4.10185258572,-3.80014760172,-1.95233540091,-1.95233540091,45,-3.94259295602,23,True,,results/uav_pybullet_validation/raw.csv.gz,return,3,2000,4.87581749823,0
uav_sensorized_motor_validation,Crazyflie-sensorized-motor-control-shift,double_dqn,seed,results/uav_sensorized_motor_validation/seed_metrics.csv,mean_return,30,30,0,-8.47767175263,-10.9990640876,-10.0810626422,-10.3651125845,-10.3651125845,3,-10.6882295065,2,True,,1,30,,0.0100628712111,30,,0.471117995809,30,,0,30,,episode,results/uav_sensorized_motor_validation/raw.csv.gz,return,450,450,0,30,6000,6000,-8.47767175263,-16.9410910394,-12.24830765,-12.5885496606,-12.5885496606,45,-13.2820769933,23,True,,results/uav_sensorized_motor_validation/raw.csv.gz,return,3,2000,-8.49930745,0.051030258765
uav_sensorized_motor_validation,Crazyflie-sensorized-motor-control-shift,dqn,seed,results/uav_sensorized_motor_validation/seed_metrics.csv,mean_return,30,30,0,-8.41278557975,-10.42738967,-9.66669911107,-9.91723171966,-9.91723171966,3,-10.06750304,2,True,,1,30,,0.0100779915023,30,,0.556207526791,30,,0,30,,episode,results/uav_sensorized_motor_validation/raw.csv.gz,return,450,450,0,30,6000,6000,-8.41278557975,-17.9379229143,-13.109367454,-13.2863103924,-13.2863103924,45,-14.2191113568,23,True,,results/uav_sensorized_motor_validation/raw.csv.gz,return,3,2000,-8.72120909411,0
uav_sensorized_motor_validation,Crazyflie-sensorized-motor-control-shift,fuzzy_reliability,seed,results/uav_sensorized_motor_validation/seed_metrics.csv,mean_return,30,30,0,-8.49615463927,-10.9990640876,-10.0810626422,-10.3651125845,-10.3651125845,3,-10.6882295065,2,True,,1,30,,0.0100561781938,30,,0.471455647707,30,,0,30,,episode,results/uav_sensorized_motor_validation/raw.csv.gz,return,450,450,0,30,6000,6000,-8.49615463927,-16.9410910394,-12.1393773021,-12.534040912,-12.534040912,45,-13.2290496509,23,True,,results/uav_sensorized_motor_validation/raw.csv.gz,return,3,2000,-8.49930745,0.0695131454016
uav_sensorized_motor_validation,Crazyflie-sensorized-motor-control-shift,knn_support,seed,results/uav_sensorized_motor_validation/seed_metrics.csv,mean_return,30,30,0,-8.11605670585,-11.5750953465,-9.45773941296,-10.1613898272,-10.1613898272,3,-10.5308279339,2,True,,1,30,,0.0113330192287,30,,0.554258595377,30,,0,30,,episode,results/uav_sensorized_motor_validation/raw.csv.gz,return,450,450,0,30,6000,6000,-8.11605670585,-16.8053342431,-12.7758482676,-13.1280715616,-13.1280715616,45,-13.9553563629,23,True,,results/uav_sensorized_motor_validation/raw.csv.gz,return,3,2000,-8.81304748901,0
uav_sensorized_motor_validation,Crazyflie-sensorized-motor-control-shift,sensorized_controller,seed,results/uav_sensorized_motor_validation/seed_metrics.csv,mean_return,30,30,0,-1.25944996177,-4.35304447299,-3.4163920617,-3.69678096622,-3.69678096622,3,-4.09956108727,2,True,,0.522222222222,30,,0.00575047828086,30,,0.464099810211,30,,0,30,,episode,results/uav_sensorized_motor_validation/raw.csv.gz,return,450,450,0,30,6000,6000,-1.25944996177,-11.3224604801,-8.01541705714,-8.2589038436,-8.2589038436,45,-8.79711913285,23,True,,results/uav_sensorized_motor_validation/raw.csv.gz,return,3,2000,-1.4487881541,0
