environment,metric,left,right,n_pairs,mean_difference,median_difference,bootstrap_ci_low,bootstrap_ci_high,cohen_dz,rank_biserial,paired_t_p,wilcoxon_p,sign_test_p,wins,losses,ties,difference_skew,difference_excess_kurtosis,catastrophic_low_outliers,catastrophic_high_outliers,win_rate_non_ties,contrast,paired_t_holm_p,wilcoxon_holm_p,sign_test_holm_p
Crazyflie-sensorized-motor-control-shift,risk_adjusted_score,double_dqn,dqn,30,-0.0008307027905513532,-0.00103794533501665,-0.0031483040003550903,0.0013736555288737936,-0.12888574869424715,-0.0967741935483871,0.48586061156110866,0.6554384250193834,0.36159460805356514,12,18,0,-0.48064277870154853,0.6486981034307733,0,0,0.4,double_dqn_vs_dqn,0.9659925737996515,1.0,0.7231892161071303
Crazyflie-sensorized-motor-control-shift,risk_adjusted_score,fuzzy_reliability,dqn,30,-0.0008349581095958533,-0.0007910731997971001,-0.003158141327292878,0.0013600619314569076,-0.1297407981542882,-0.11397849462365592,0.48299628689982577,0.5978077705949545,0.36159460805356514,12,18,0,-0.4825043903615237,0.6702099316002501,0,0,0.4,fuzzy_reliability_vs_dqn,0.9659925737996515,1.0,0.7231892161071303
Crazyflie-sensorized-motor-control-shift,risk_adjusted_score,fuzzy_reliability,sensorized_controller,30,-0.47883743416320074,-0.4676374965877135,-0.527761015366295,-0.4320723835276286,-3.5357406116978347,-1.0,3.92330201036822e-18,1.862645149230957e-09,1.862645149230957e-09,0,30,0,-0.6199150459110447,1.4933010713189727,0,0,0.0,fuzzy_reliability_vs_sensorized_controller,1.176990603110466e-17,5.587935447692871e-09,5.587935447692871e-09
