experiment_name,experiment,config_file,environment,environment_id,resolved_environment_id,observation_representation,agent,seed,phase,train_steps,eval_checkpoint,eval_return,checkpoint,episode,return,length,success,environment_steps,gradient_updates,training_loss_mean,training_loss_max,nonfinite_loss_count,completed_checkpoint_count,expected_checkpoint_count,elapsed_seconds,training_elapsed_seconds,evaluation_elapsed_seconds,wall_clock_training_time,wall_clock_evaluation_time,git_commit_hash,package_version,source_snapshot_sha256,execution_inputs_clean,python_version,torch_version,numpy_version,gymnasium_version,minigrid_version,gym_pybullet_drones_version,pybullet_version,mean_gate,support_abstention_rate,global_tabular_error,global_neural_error,visited_states,failure_rate,collision_rate,risk_zone_rate,idle_rate,risk_adjusted_score,unsupported_state_ratio,memory_branch_usage_ratio,neural_branch_usage_ratio,abstention_ratio,adaptive_alpha_mean,adaptive_alpha_iqr,support_score_mean,uncertainty_score_mean,exact_support_coverage,approximate_support_coverage,fuzzy_gate_active_rate,neural_only_fallback_rate,out_of_fuzzy_support_count,out_of_fuzzy_support_ratio,support_status,inference_time_us_per_decision_mean,inference_time_us_per_decision_median,selected_branch,memory_cost_states,memory_cost_entries,memory_cost_bytes_estimated,estimator_support_score,support_neighbor_count,support_nearest_distance,support_effective_sample_mass,support_density_log_score,support_estimator_type,support_representation_type,support_index_type,support_query_latency,support_memory_bytes,embedding_snapshot_hash,embedding_freeze_step,localization_error_mean,sensor_dropout_rate,camera_visible_rate,motor_saturation_rate,tabular_greedy_action,neural_greedy_action,mixed_selected_action,optimal_action,tabular_action_correct,neural_action_correct,relative_reliability_score,predicted_better_branch,actually_better_branch,actually_better_branch_value,tabular_q_error,neural_q_error,post_shift,shift_region,steps_since_shift
reviewer1_sensor_factorial_development,reviewer1_sensor_factorial_development,configs/reviewer1_remaining/sensor_factorial_development/matched_conditions.yaml,camera_dropout_only,SensorizedPyBulletUAVWaypoint-v0,SensorizedPyBulletUAVWaypoint-v0,native_gymnasium_observation,dqn,15002,train,20,,,20,1,-1.0151569248735903,20,0.0,20,0,nan,nan,0,0,2,0.2543378999980632,0.2543378999980632,0.0,0.2543378999980632,0.0,a6856e5cafc085e89cbbb2e0fc8a8770c40029c1,1.8.0,dd539897a18ce6d787567c0969bf760cf4c6c2d331693676b7eab3ef6b71fe9b,True,3.12.13,2.12.0+cpu,2.4.6,1.2.3,3.1.0,2.1.0,3.2.7,,,,,,1.0,0.0,1.0,0.0,0.0,1.0,0.0,0.5,0.0,nan,nan,0.0,nan,0.0,0.0,nan,0.5,nan,nan,unsupported,93.01499999999999,32.5,neural,0.0,0.0,0.0,,,,,,,,,,,,,0.0,0.0,0.9,0.0,,,,,,,,,,,,,,,
reviewer1_sensor_factorial_development,reviewer1_sensor_factorial_development,configs/reviewer1_remaining/sensor_factorial_development/matched_conditions.yaml,camera_dropout_only,SensorizedPyBulletUAVWaypoint-v0,SensorizedPyBulletUAVWaypoint-v0,native_gymnasium_observation,dqn,15002,eval,40,40,-1.092377481814474,40,1,-1.092377481814474,20,0.0,40,3,0.0060261632315814495,0.0072400677017867565,0,1,2,1.0426474999985658,0.4503695000021253,0.5922779999964405,0.4503695000021253,0.5922779999964405,a6856e5cafc085e89cbbb2e0fc8a8770c40029c1,1.8.0,dd539897a18ce6d787567c0969bf760cf4c6c2d331693676b7eab3ef6b71fe9b,True,3.12.13,2.12.0+cpu,2.4.6,1.2.3,3.1.0,2.1.0,3.2.7,,,,,,1.0,0.0,1.0,0.0,0.0,1.0,0.0,1.0,0.0,nan,nan,0.0,nan,0.0,0.0,nan,1.0,nan,nan,unsupported,992.0600000000001,997.0,neural,0.0,0.0,0.0,,,,,,,,,,,,,0.0,0.0,0.95,0.0,nan,nan,6,nan,nan,nan,nan,unavailable,unavailable,unavailable,nan,nan,0.0,unavailable,nan
reviewer1_sensor_factorial_development,reviewer1_sensor_factorial_development,configs/reviewer1_remaining/sensor_factorial_development/matched_conditions.yaml,camera_dropout_only,SensorizedPyBulletUAVWaypoint-v0,SensorizedPyBulletUAVWaypoint-v0,native_gymnasium_observation,dqn,15002,eval,40,40,-1.0743244093470277,40,2,-1.0743244093470277,20,0.0,40,3,0.0060261632315814495,0.0072400677017867565,0,1,2,1.0428317000041716,0.4505537000077311,0.5922779999964405,0.4505537000077311,0.5922779999964405,a6856e5cafc085e89cbbb2e0fc8a8770c40029c1,1.8.0,dd539897a18ce6d787567c0969bf760cf4c6c2d331693676b7eab3ef6b71fe9b,True,3.12.13,2.12.0+cpu,2.4.6,1.2.3,3.1.0,2.1.0,3.2.7,,,,,,1.0,0.0,1.0,0.0,0.0,1.0,0.0,1.0,0.0,nan,nan,0.0,nan,0.0,0.0,nan,1.0,nan,nan,unsupported,956.6200000000001,947.9,neural,0.0,0.0,0.0,,,,,,,,,,,,,0.0,0.0,0.85,0.0,nan,nan,6,nan,nan,nan,nan,unavailable,unavailable,unavailable,nan,nan,0.0,unavailable,nan
reviewer1_sensor_factorial_development,reviewer1_sensor_factorial_development,configs/reviewer1_remaining/sensor_factorial_development/matched_conditions.yaml,camera_dropout_only,SensorizedPyBulletUAVWaypoint-v0,SensorizedPyBulletUAVWaypoint-v0,native_gymnasium_observation,dqn,15002,train,40,,,40,2,-1.0411711939889938,20,0.0,40,3,0.0060261632315814495,0.0072400677017867565,0,1,2,1.049014200019883,0.4567362000234425,0.5922779999964405,0.4567362000234425,0.5922779999964405,a6856e5cafc085e89cbbb2e0fc8a8770c40029c1,1.8.0,dd539897a18ce6d787567c0969bf760cf4c6c2d331693676b7eab3ef6b71fe9b,True,3.12.13,2.12.0+cpu,2.4.6,1.2.3,3.1.0,2.1.0,3.2.7,,,,,,1.0,0.0,1.0,0.0,0.0,0.7,0.0,1.0,0.0,nan,nan,0.0,nan,0.3,0.3,nan,1.0,nan,nan,unsupported,628.4799999999999,864.0,neural,0.0,0.0,0.0,,,,,,,,,,,,,0.0,0.0,1.0,0.0,,,,,,,,,,,,,,,
reviewer1_sensor_factorial_development,reviewer1_sensor_factorial_development,configs/reviewer1_remaining/sensor_factorial_development/matched_conditions.yaml,camera_dropout_only,SensorizedPyBulletUAVWaypoint-v0,SensorizedPyBulletUAVWaypoint-v0,native_gymnasium_observation,dqn,15002,train,60,,,60,3,-0.12733940634876492,20,0.0,60,8,0.0057107978500425816,0.0072400677017867565,0,1,2,1.2795716000255197,0.6872936000290792,0.5922779999964405,0.6872936000290792,0.5922779999964405,a6856e5cafc085e89cbbb2e0fc8a8770c40029c1,1.8.0,dd539897a18ce6d787567c0969bf760cf4c6c2d331693676b7eab3ef6b71fe9b,True,3.12.13,2.12.0+cpu,2.4.6,1.2.3,3.1.0,2.1.0,3.2.7,,,,,,1.0,0.0,0.0,0.0,0.0,0.9,0.0,1.0,0.0,nan,nan,0.0,nan,0.1,0.1,nan,1.0,nan,nan,unsupported,618.6049999999999,803.95,neural,0.0,0.0,0.0,,,,,,,,,,,,,0.0,0.0,1.0,0.0,,,,,,,,,,,,,,,
reviewer1_sensor_factorial_development,reviewer1_sensor_factorial_development,configs/reviewer1_remaining/sensor_factorial_development/matched_conditions.yaml,camera_dropout_only,SensorizedPyBulletUAVWaypoint-v0,SensorizedPyBulletUAVWaypoint-v0,native_gymnasium_observation,dqn,15002,eval,80,80,-0.1717708364967257,80,1,-0.1717708364967257,20,0.0,80,13,0.00473107414570852,0.0072400677017867565,0,2,2,2.161371900001541,0.926033700001426,1.2353382000001147,0.926033700001426,1.2353382000001147,a6856e5cafc085e89cbbb2e0fc8a8770c40029c1,1.8.0,dd539897a18ce6d787567c0969bf760cf4c6c2d331693676b7eab3ef6b71fe9b,True,3.12.13,2.12.0+cpu,2.4.6,1.2.3,3.1.0,2.1.0,3.2.7,,,,,,1.0,0.0,0.0,0.0,0.0,1.0,0.0,1.0,0.0,nan,nan,0.0,nan,0.0,0.0,nan,1.0,nan,nan,unsupported,1069.32,989.5,neural,0.0,0.0,0.0,,,,,,,,,,,,,0.0,0.0,0.9,0.0,nan,nan,23,nan,nan,nan,nan,unavailable,unavailable,unavailable,nan,nan,0.0,unavailable,nan
reviewer1_sensor_factorial_development,reviewer1_sensor_factorial_development,configs/reviewer1_remaining/sensor_factorial_development/matched_conditions.yaml,camera_dropout_only,SensorizedPyBulletUAVWaypoint-v0,SensorizedPyBulletUAVWaypoint-v0,native_gymnasium_observation,dqn,15002,eval,80,80,-0.3320564928278327,80,2,-0.3320564928278327,20,0.0,80,13,0.00473107414570852,0.0072400677017867565,0,2,2,2.1616218000126537,0.926283600012539,1.2353382000001147,0.926283600012539,1.2353382000001147,a6856e5cafc085e89cbbb2e0fc8a8770c40029c1,1.8.0,dd539897a18ce6d787567c0969bf760cf4c6c2d331693676b7eab3ef6b71fe9b,True,3.12.13,2.12.0+cpu,2.4.6,1.2.3,3.1.0,2.1.0,3.2.7,,,,,,1.0,0.0,0.1,0.0,0.0,1.0,0.0,1.0,0.0,nan,nan,0.0,nan,0.0,0.0,nan,1.0,nan,nan,unsupported,1153.3100000000002,1123.9,neural,0.0,0.0,0.0,,,,,,,,,,,,,0.0,0.0,0.95,0.0,nan,nan,23,nan,nan,nan,nan,unavailable,unavailable,unavailable,nan,nan,0.0,unavailable,nan
reviewer1_sensor_factorial_development,reviewer1_sensor_factorial_development,configs/reviewer1_remaining/sensor_factorial_development/matched_conditions.yaml,camera_dropout_only,SensorizedPyBulletUAVWaypoint-v0,SensorizedPyBulletUAVWaypoint-v0,native_gymnasium_observation,dqn,15002,train,80,,,80,4,-0.1876264189369977,20,0.0,80,13,0.00473107414570852,0.0072400677017867565,0,2,2,2.1632525000022724,0.9279143000021577,1.2353382000001147,0.9279143000021577,1.2353382000001147,a6856e5cafc085e89cbbb2e0fc8a8770c40029c1,1.8.0,dd539897a18ce6d787567c0969bf760cf4c6c2d331693676b7eab3ef6b71fe9b,True,3.12.13,2.12.0+cpu,2.4.6,1.2.3,3.1.0,2.1.0,3.2.7,,,,,,1.0,0.0,0.0,0.05,-0.0025000000000000005,0.7,0.0,1.0,0.0,nan,nan,0.0,nan,0.3,0.3,nan,1.0,nan,nan,unsupported,975.79,925.9,neural,0.0,0.0,0.0,,,,,,,,,,,,,0.0,0.0,1.0,0.0,,,,,,,,,,,,,,,
reviewer1_sensor_factorial_development,reviewer1_sensor_factorial_development,configs/reviewer1_remaining/sensor_factorial_development/matched_conditions.yaml,camera_dropout_only,SensorizedPyBulletUAVWaypoint-v0,SensorizedPyBulletUAVWaypoint-v0,native_gymnasium_observation,dqn,15003,train,20,,,20,1,-0.9650195746589452,20,0.0,20,0,nan,nan,0,0,2,0.249357200023951,0.249357200023951,0.0,0.249357200023951,0.0,a6856e5cafc085e89cbbb2e0fc8a8770c40029c1,1.8.0,dd539897a18ce6d787567c0969bf760cf4c6c2d331693676b7eab3ef6b71fe9b,True,3.12.13,2.12.0+cpu,2.4.6,1.2.3,3.1.0,2.1.0,3.2.7,,,,,,1.0,0.0,1.0,0.0,0.0,1.0,0.0,0.25,0.0,nan,nan,0.0,nan,0.0,0.0,nan,0.25,nan,nan,unsupported,166.525,29.9,none,0.0,0.0,0.0,,,,,,,,,,,,,0.0,0.0,1.0,0.0,,,,,,,,,,,,,,,
reviewer1_sensor_factorial_development,reviewer1_sensor_factorial_development,configs/reviewer1_remaining/sensor_factorial_development/matched_conditions.yaml,camera_dropout_only,SensorizedPyBulletUAVWaypoint-v0,SensorizedPyBulletUAVWaypoint-v0,native_gymnasium_observation,dqn,15003,eval,40,40,-0.9287961330823602,40,1,-0.9287961330823602,20,0.0,40,3,0.010991495413084825,0.013203112408518791,0,1,2,1.0087728000071365,0.4337766999960877,0.5749961000110488,0.4337766999960877,0.5749961000110488,a6856e5cafc085e89cbbb2e0fc8a8770c40029c1,1.8.0,dd539897a18ce6d787567c0969bf760cf4c6c2d331693676b7eab3ef6b71fe9b,True,3.12.13,2.12.0+cpu,2.4.6,1.2.3,3.1.0,2.1.0,3.2.7,,,,,,1.0,0.0,1.0,0.0,0.0,1.0,0.0,1.0,0.0,nan,nan,0.0,nan,0.0,0.0,nan,1.0,nan,nan,unsupported,1130.23,991.3,neural,0.0,0.0,0.0,,,,,,,,,,,,,0.0,0.0,1.0,0.0,nan,nan,7,nan,nan,nan,nan,unavailable,unavailable,unavailable,nan,nan,0.0,unavailable,nan
reviewer1_sensor_factorial_development,reviewer1_sensor_factorial_development,configs/reviewer1_remaining/sensor_factorial_development/matched_conditions.yaml,camera_dropout_only,SensorizedPyBulletUAVWaypoint-v0,SensorizedPyBulletUAVWaypoint-v0,native_gymnasium_observation,dqn,15003,eval,40,40,-1.1746017220243812,40,2,-1.1746017220243812,20,0.0,40,3,0.010991495413084825,0.013203112408518791,0,1,2,1.0089701000251807,0.4339740000141319,0.5749961000110488,0.4339740000141319,0.5749961000110488,a6856e5cafc085e89cbbb2e0fc8a8770c40029c1,1.8.0,dd539897a18ce6d787567c0969bf760cf4c6c2d331693676b7eab3ef6b71fe9b,True,3.12.13,2.12.0+cpu,2.4.6,1.2.3,3.1.0,2.1.0,3.2.7,,,,,,1.0,0.0,1.0,0.0,0.0,1.0,0.0,1.0,0.0,nan,nan,0.0,nan,0.0,0.0,nan,1.0,nan,nan,unsupported,898.3149999999999,852.95,neural,0.0,0.0,0.0,,,,,,,,,,,,,0.0,0.0,0.9,0.0,nan,nan,0,nan,nan,nan,nan,unavailable,unavailable,unavailable,nan,nan,0.0,unavailable,nan
reviewer1_sensor_factorial_development,reviewer1_sensor_factorial_development,configs/reviewer1_remaining/sensor_factorial_development/matched_conditions.yaml,camera_dropout_only,SensorizedPyBulletUAVWaypoint-v0,SensorizedPyBulletUAVWaypoint-v0,native_gymnasium_observation,dqn,15003,train,40,,,40,2,-0.9588260003738105,20,0.0,40,3,0.010991495413084825,0.013203112408518791,0,1,2,1.0165457000257447,0.4415496000146959,0.5749961000110488,0.4415496000146959,0.5749961000110488,a6856e5cafc085e89cbbb2e0fc8a8770c40029c1,1.8.0,dd539897a18ce6d787567c0969bf760cf4c6c2d331693676b7eab3ef6b71fe9b,True,3.12.13,2.12.0+cpu,2.4.6,1.2.3,3.1.0,2.1.0,3.2.7,,,,,,1.0,0.0,1.0,0.05,-0.0025000000000000005,0.95,0.0,1.0,0.0,nan,nan,0.0,nan,0.05,0.05,nan,1.0,nan,nan,unsupported,426.445,33.95,neural,0.0,0.0,0.0,,,,,,,,,,,,,0.0,0.0,1.0,0.0,,,,,,,,,,,,,,,
reviewer1_sensor_factorial_development,reviewer1_sensor_factorial_development,configs/reviewer1_remaining/sensor_factorial_development/matched_conditions.yaml,camera_dropout_only,SensorizedPyBulletUAVWaypoint-v0,SensorizedPyBulletUAVWaypoint-v0,native_gymnasium_observation,dqn,15003,train,60,,,60,3,-1.1055717716412619,20,0.0,60,8,0.008477565075736493,0.013203112408518791,0,1,2,1.2564510000229347,0.6814549000118859,0.5749961000110488,0.6814549000118859,0.5749961000110488,a6856e5cafc085e89cbbb2e0fc8a8770c40029c1,1.8.0,dd539897a18ce6d787567c0969bf760cf4c6c2d331693676b7eab3ef6b71fe9b,True,3.12.13,2.12.0+cpu,2.4.6,1.2.3,3.1.0,2.1.0,3.2.7,,,,,,1.0,0.0,1.0,0.0,0.0,0.75,0.0,1.0,0.0,nan,nan,0.0,nan,0.25,0.25,nan,1.0,nan,nan,unsupported,635.0449999999998,870.3,neural,0.0,0.0,0.0,,,,,,,,,,,,,0.0,0.0,0.8,0.0,,,,,,,,,,,,,,,
reviewer1_sensor_factorial_development,reviewer1_sensor_factorial_development,configs/reviewer1_remaining/sensor_factorial_development/matched_conditions.yaml,camera_dropout_only,SensorizedPyBulletUAVWaypoint-v0,SensorizedPyBulletUAVWaypoint-v0,native_gymnasium_observation,dqn,15003,eval,80,80,-1.2026792104542254,80,1,-1.2026792104542254,20,0.0,80,13,0.0078954914620576,0.013203112408518791,0,2,2,2.1146251000172924,0.8968196000205353,1.2178054999967571,0.8968196000205353,1.2178054999967571,a6856e5cafc085e89cbbb2e0fc8a8770c40029c1,1.8.0,dd539897a18ce6d787567c0969bf760cf4c6c2d331693676b7eab3ef6b71fe9b,True,3.12.13,2.12.0+cpu,2.4.6,1.2.3,3.1.0,2.1.0,3.2.7,,,,,,1.0,0.0,1.0,0.0,0.0,1.0,0.0,1.0,0.0,nan,nan,0.0,nan,0.0,0.0,nan,1.0,nan,nan,unsupported,1016.115,911.65,neural,0.0,0.0,0.0,,,,,,,,,,,,,0.0,0.0,0.95,0.0,nan,nan,0,nan,nan,nan,nan,unavailable,unavailable,unavailable,nan,nan,0.0,unavailable,nan
reviewer1_sensor_factorial_development,reviewer1_sensor_factorial_development,configs/reviewer1_remaining/sensor_factorial_development/matched_conditions.yaml,camera_dropout_only,SensorizedPyBulletUAVWaypoint-v0,SensorizedPyBulletUAVWaypoint-v0,native_gymnasium_observation,dqn,15003,eval,80,80,-1.112504853308201,80,2,-1.112504853308201,20,0.0,80,13,0.0078954914620576,0.013203112408518791,0,2,2,2.114809500024421,0.897004000027664,1.2178054999967571,0.897004000027664,1.2178054999967571,a6856e5cafc085e89cbbb2e0fc8a8770c40029c1,1.8.0,dd539897a18ce6d787567c0969bf760cf4c6c2d331693676b7eab3ef6b71fe9b,True,3.12.13,2.12.0+cpu,2.4.6,1.2.3,3.1.0,2.1.0,3.2.7,,,,,,1.0,0.0,1.0,0.0,0.0,1.0,0.0,1.0,0.0,nan,nan,0.0,nan,0.0,0.0,nan,1.0,nan,nan,unsupported,1227.13,1136.75,neural,0.0,0.0,0.0,,,,,,,,,,,,,0.0,0.0,0.95,0.0,nan,nan,0,nan,nan,nan,nan,unavailable,unavailable,unavailable,nan,nan,0.0,unavailable,nan
reviewer1_sensor_factorial_development,reviewer1_sensor_factorial_development,configs/reviewer1_remaining/sensor_factorial_development/matched_conditions.yaml,camera_dropout_only,SensorizedPyBulletUAVWaypoint-v0,SensorizedPyBulletUAVWaypoint-v0,native_gymnasium_observation,dqn,15003,train,80,,,80,4,-0.3332687900029123,20,0.0,80,13,0.0078954914620576,0.013203112408518791,0,2,2,2.1167502000171226,0.8989447000203654,1.2178054999967571,0.8989447000203654,1.2178054999967571,a6856e5cafc085e89cbbb2e0fc8a8770c40029c1,1.8.0,dd539897a18ce6d787567c0969bf760cf4c6c2d331693676b7eab3ef6b71fe9b,True,3.12.13,2.12.0+cpu,2.4.6,1.2.3,3.1.0,2.1.0,3.2.7,,,,,,1.0,0.0,0.15,0.0,0.0,0.75,0.0,1.0,0.0,nan,nan,0.0,nan,0.25,0.25,nan,1.0,nan,nan,unsupported,828.51,904.1,neural,0.0,0.0,0.0,,,,,,,,,,,,,0.0,0.0,0.95,0.0,,,,,,,,,,,,,,,
reviewer1_sensor_factorial_development,reviewer1_sensor_factorial_development,configs/reviewer1_remaining/sensor_factorial_development/matched_conditions.yaml,camera_dropout_only,SensorizedPyBulletUAVWaypoint-v0,SensorizedPyBulletUAVWaypoint-v0,native_gymnasium_observation,fuzzy_relative_reliability,15002,train,20,,,20,1,-1.0151569248735903,20,0.0,20,0,nan,nan,0,0,2,0.26137970000854693,0.26137970000854693,0.0,0.26137970000854693,0.0,a6856e5cafc085e89cbbb2e0fc8a8770c40029c1,1.8.0,dd539897a18ce6d787567c0969bf760cf4c6c2d331693676b7eab3ef6b71fe9b,True,3.12.13,2.12.0+cpu,2.4.6,1.2.3,3.1.0,2.1.0,3.2.7,0.0,0.0,0.3601519,0.37117042578237647,17.0,1.0,0.0,1.0,0.0,0.0,1.0,0.0,0.5,0.0,0.0,0.0,0.0,0.9937348102843181,0.0,0.5,0.0,0.5,10.0,1.0,support-boundary collapse,110.71000000000001,42.95,neural,17.0,459.0,3468.0,0.0,0,nan,0.0,nan,exact_count,raw_state,none,2.77e-05,1632,,,0.0,0.0,0.9,0.0,,,,,,,,,,,,,,,
reviewer1_sensor_factorial_development,reviewer1_sensor_factorial_development,configs/reviewer1_remaining/sensor_factorial_development/matched_conditions.yaml,camera_dropout_only,SensorizedPyBulletUAVWaypoint-v0,SensorizedPyBulletUAVWaypoint-v0,native_gymnasium_observation,fuzzy_relative_reliability,15002,eval,40,40,-1.092377481814474,40,1,-1.092377481814474,20,0.0,40,3,0.006021585936347644,0.0072400677017867565,0,1,2,1.1499684000154957,0.48661220000940375,0.663356200006092,0.48661220000940375,0.663356200006092,a6856e5cafc085e89cbbb2e0fc8a8770c40029c1,1.8.0,dd539897a18ce6d787567c0969bf760cf4c6c2d331693676b7eab3ef6b71fe9b,True,3.12.13,2.12.0+cpu,2.4.6,1.2.3,3.1.0,2.1.0,3.2.7,0.10454440749679415,0.0,0.1307409,0.1396374235795833,29.0,1.0,0.0,1.0,0.0,0.0,1.0,0.0,1.0,0.0,0.0,0.0,0.0,0.9633372798730188,0.0,0.0,0.0,1.0,20.0,1.0,support-boundary collapse,1786.6800000000003,1712.35,neural,29.0,783.0,5916.0,0.0,0,nan,0.0,nan,exact_count,raw_state,none,4.18e-05,2784,,,0.0,0.0,0.95,0.0,nan,nan,6,nan,nan,nan,nan,unavailable,unavailable,unavailable,nan,nan,0.0,unavailable,nan
reviewer1_sensor_factorial_development,reviewer1_sensor_factorial_development,configs/reviewer1_remaining/sensor_factorial_development/matched_conditions.yaml,camera_dropout_only,SensorizedPyBulletUAVWaypoint-v0,SensorizedPyBulletUAVWaypoint-v0,native_gymnasium_observation,fuzzy_relative_reliability,15002,eval,40,40,-1.0743244093470277,40,2,-1.0743244093470277,20,0.0,40,3,0.006021585936347644,0.0072400677017867565,0,1,2,1.1502025999943726,0.4868463999882806,0.663356200006092,0.4868463999882806,0.663356200006092,a6856e5cafc085e89cbbb2e0fc8a8770c40029c1,1.8.0,dd539897a18ce6d787567c0969bf760cf4c6c2d331693676b7eab3ef6b71fe9b,True,3.12.13,2.12.0+cpu,2.4.6,1.2.3,3.1.0,2.1.0,3.2.7,0.10454440749679415,0.0,0.1307409,0.1396374235795833,29.0,1.0,0.0,1.0,0.0,0.0,1.0,0.0,1.0,0.0,0.0,0.0,0.0,0.936668779279918,0.0,0.0,0.0,1.0,20.0,1.0,support-boundary collapse,1743.2949999999996,1595.75,neural,29.0,783.0,5916.0,0.0,0,nan,0.0,nan,exact_count,raw_state,none,4.18e-05,2784,,,0.0,0.0,0.85,0.0,nan,nan,6,nan,nan,nan,nan,unavailable,unavailable,unavailable,nan,nan,0.0,unavailable,nan
reviewer1_sensor_factorial_development,reviewer1_sensor_factorial_development,configs/reviewer1_remaining/sensor_factorial_development/matched_conditions.yaml,camera_dropout_only,SensorizedPyBulletUAVWaypoint-v0,SensorizedPyBulletUAVWaypoint-v0,native_gymnasium_observation,fuzzy_relative_reliability,15002,train,40,,,40,2,-1.0374877077061682,20,0.0,40,3,0.006021585936347644,0.0072400677017867565,0,1,2,1.1563202000106685,0.4929640000045765,0.663356200006092,0.4929640000045765,0.663356200006092,a6856e5cafc085e89cbbb2e0fc8a8770c40029c1,1.8.0,dd539897a18ce6d787567c0969bf760cf4c6c2d331693676b7eab3ef6b71fe9b,True,3.12.13,2.12.0+cpu,2.4.6,1.2.3,3.1.0,2.1.0,3.2.7,0.10454440749679415,0.0,0.1307409,0.1396374235795833,29.0,1.0,0.0,1.0,0.0,0.0,0.65,0.10122899421444012,0.8987710057855599,0.0,0.10122899421444012,0.2218341956101595,0.10135494360946637,0.8771436161539453,0.35,0.7,0.35,0.65,13.0,0.65,support-boundary collapse,1077.2649999999999,1352.7,neural,29.0,783.0,5916.0,0.0,0,nan,0.0,nan,exact_count,raw_state,none,4.18e-05,2784,,,0.0,0.0,1.0,0.0,,,,,,,,,,,,,,,
reviewer1_sensor_factorial_development,reviewer1_sensor_factorial_development,configs/reviewer1_remaining/sensor_factorial_development/matched_conditions.yaml,camera_dropout_only,SensorizedPyBulletUAVWaypoint-v0,SensorizedPyBulletUAVWaypoint-v0,native_gymnasium_observation,fuzzy_relative_reliability,15002,train,60,,,60,3,-0.12733940634876492,20,0.0,60,8,0.00572720100171864,0.0072400677017867565,0,1,2,1.396985700004734,0.7336294999986421,0.663356200006092,0.7336294999986421,0.663356200006092,a6856e5cafc085e89cbbb2e0fc8a8770c40029c1,1.8.0,dd539897a18ce6d787567c0969bf760cf4c6c2d331693676b7eab3ef6b71fe9b,True,3.12.13,2.12.0+cpu,2.4.6,1.2.3,3.1.0,2.1.0,3.2.7,0.09511454798520334,0.0,0.046893153,0.055814379492191986,43.0,1.0,0.0,0.0,0.0,0.0,0.9,0.05569504750784815,0.9443049524921519,0.0,0.05569504750784815,0.0,0.057987700304377145,0.8687882486926982,0.1,0.6,0.1,0.9,18.0,0.9,support-boundary collapse,1144.06,1424.9499999999998,neural,43.0,1161.0,8772.0,0.0,0,nan,0.0,nan,exact_count,raw_state,none,4.66e-05,4128,,,0.0,0.0,1.0,0.0,,,,,,,,,,,,,,,
reviewer1_sensor_factorial_development,reviewer1_sensor_factorial_development,configs/reviewer1_remaining/sensor_factorial_development/matched_conditions.yaml,camera_dropout_only,SensorizedPyBulletUAVWaypoint-v0,SensorizedPyBulletUAVWaypoint-v0,native_gymnasium_observation,fuzzy_relative_reliability,15002,eval,80,80,-0.1717708364967257,80,1,-0.1717708364967257,20,0.0,80,13,0.00475513781958188,0.0072400677017867565,0,2,2,2.3754332000098657,1.017584799992619,1.3578484000172466,1.017584799992619,1.3578484000172466,a6856e5cafc085e89cbbb2e0fc8a8770c40029c1,1.8.0,dd539897a18ce6d787567c0969bf760cf4c6c2d331693676b7eab3ef6b71fe9b,True,3.12.13,2.12.0+cpu,2.4.6,1.2.3,3.1.0,2.1.0,3.2.7,0.08539294286013505,0.0,0.016862752,0.0220570504131496,58.0,1.0,0.0,0.0,0.0,0.0,1.0,0.0,1.0,0.0,0.0,0.0,0.0,0.5881578085076796,0.0,0.8,0.0,1.0,20.0,1.0,support-boundary collapse,1899.5199999999998,1821.7,neural,58.0,1566.0,11832.0,0.0,0,nan,0.0,nan,exact_count,raw_state,none,3.15e-05,5568,,,0.0,0.0,0.9,0.0,nan,nan,23,nan,nan,nan,nan,unavailable,unavailable,unavailable,nan,nan,0.0,unavailable,nan
reviewer1_sensor_factorial_development,reviewer1_sensor_factorial_development,configs/reviewer1_remaining/sensor_factorial_development/matched_conditions.yaml,camera_dropout_only,SensorizedPyBulletUAVWaypoint-v0,SensorizedPyBulletUAVWaypoint-v0,native_gymnasium_observation,fuzzy_relative_reliability,15002,eval,80,80,-0.1316471899114549,80,2,-0.1316471899114549,20,0.0,80,13,0.00475513781958188,0.0072400677017867565,0,2,2,2.3757401000184473,1.0178917000012007,1.3578484000172466,1.0178917000012007,1.3578484000172466,a6856e5cafc085e89cbbb2e0fc8a8770c40029c1,1.8.0,dd539897a18ce6d787567c0969bf760cf4c6c2d331693676b7eab3ef6b71fe9b,True,3.12.13,2.12.0+cpu,2.4.6,1.2.3,3.1.0,2.1.0,3.2.7,0.08539294286013505,0.0,0.016862752,0.0220570504131496,58.0,1.0,0.0,0.0,0.0,0.0,1.0,0.0,1.0,0.0,0.0,0.0,0.0,0.9590110376533627,0.0,0.0,0.0,1.0,20.0,1.0,support-boundary collapse,1728.575,1684.9,neural,58.0,1566.0,11832.0,0.0,0,nan,0.0,nan,exact_count,raw_state,none,3.15e-05,5568,,,0.0,0.0,0.95,0.0,nan,nan,7,nan,nan,nan,nan,unavailable,unavailable,unavailable,nan,nan,0.0,unavailable,nan
reviewer1_sensor_factorial_development,reviewer1_sensor_factorial_development,configs/reviewer1_remaining/sensor_factorial_development/matched_conditions.yaml,camera_dropout_only,SensorizedPyBulletUAVWaypoint-v0,SensorizedPyBulletUAVWaypoint-v0,native_gymnasium_observation,fuzzy_relative_reliability,15002,train,80,,,80,4,-0.1876264189369977,20,0.0,80,13,0.00475513781958188,0.0072400677017867565,0,2,2,2.385293900006218,1.0274454999889713,1.3578484000172466,1.0274454999889713,1.3578484000172466,a6856e5cafc085e89cbbb2e0fc8a8770c40029c1,1.8.0,dd539897a18ce6d787567c0969bf760cf4c6c2d331693676b7eab3ef6b71fe9b,True,3.12.13,2.12.0+cpu,2.4.6,1.2.3,3.1.0,2.1.0,3.2.7,0.08539294286013505,0.0,0.016862752,0.0220570504131496,58.0,1.0,0.0,0.0,0.05,-0.0025000000000000005,0.7,0.08394755450422146,0.9160524454957786,0.0,0.08394755450422146,0.2223394326653137,0.08358677741445568,0.6029830926011692,0.3,0.75,0.3,0.7,14.0,0.7,support-boundary collapse,1432.835,1498.3,neural,58.0,1566.0,11832.0,0.0,0,nan,0.0,nan,exact_count,raw_state,none,3.15e-05,5568,,,0.0,0.0,1.0,0.0,,,,,,,,,,,,,,,
reviewer1_sensor_factorial_development,reviewer1_sensor_factorial_development,configs/reviewer1_remaining/sensor_factorial_development/matched_conditions.yaml,camera_dropout_only,SensorizedPyBulletUAVWaypoint-v0,SensorizedPyBulletUAVWaypoint-v0,native_gymnasium_observation,fuzzy_relative_reliability,15003,train,20,,,20,1,-0.9650195746589452,20,0.0,20,0,nan,nan,0,0,2,0.2611375000269618,0.2611375000269618,0.0,0.2611375000269618,0.0,a6856e5cafc085e89cbbb2e0fc8a8770c40029c1,1.8.0,dd539897a18ce6d787567c0969bf760cf4c6c2d331693676b7eab3ef6b71fe9b,True,3.12.13,2.12.0+cpu,2.4.6,1.2.3,3.1.0,2.1.0,3.2.7,0.0,0.0,0.35990947,0.3743625410675269,15.0,1.0,0.0,1.0,0.0,0.0,1.0,0.0,0.25,0.0,0.0,0.0,0.0,0.901341956904354,0.0,0.25,0.0,0.25,5.0,1.0,unsupported,115.80999999999999,41.75,none,15.0,405.0,3060.0,0.0,0,nan,0.0,nan,exact_count,raw_state,none,4.09e-05,1440,,,0.0,0.0,1.0,0.0,,,,,,,,,,,,,,,
reviewer1_sensor_factorial_development,reviewer1_sensor_factorial_development,configs/reviewer1_remaining/sensor_factorial_development/matched_conditions.yaml,camera_dropout_only,SensorizedPyBulletUAVWaypoint-v0,SensorizedPyBulletUAVWaypoint-v0,native_gymnasium_observation,fuzzy_relative_reliability,15003,eval,40,40,-0.9287961330823602,40,1,-0.9287961330823602,20,0.0,40,3,0.010991495413084825,0.013203112408518791,0,1,2,1.1639200000208803,0.4901510000054259,0.6737690000154544,0.4901510000054259,0.6737690000154544,a6856e5cafc085e89cbbb2e0fc8a8770c40029c1,1.8.0,dd539897a18ce6d787567c0969bf760cf4c6c2d331693676b7eab3ef6b71fe9b,True,3.12.13,2.12.0+cpu,2.4.6,1.2.3,3.1.0,2.1.0,3.2.7,0.027894713634349047,0.0,0.13041596,0.1468691610771426,30.0,1.0,0.0,1.0,0.0,0.0,1.0,0.0,1.0,0.0,0.0,0.0,0.0,0.9720965988687246,0.0,0.0,0.0,1.0,20.0,1.0,support-boundary collapse,1911.92,1770.4,neural,30.0,810.0,6120.0,0.0,0,nan,0.0,nan,exact_count,raw_state,none,2.61e-05,2880,,,0.0,0.0,1.0,0.0,nan,nan,7,nan,nan,nan,nan,unavailable,unavailable,unavailable,nan,nan,0.0,unavailable,nan
reviewer1_sensor_factorial_development,reviewer1_sensor_factorial_development,configs/reviewer1_remaining/sensor_factorial_development/matched_conditions.yaml,camera_dropout_only,SensorizedPyBulletUAVWaypoint-v0,SensorizedPyBulletUAVWaypoint-v0,native_gymnasium_observation,fuzzy_relative_reliability,15003,eval,40,40,-1.1746017220243812,40,2,-1.1746017220243812,20,0.0,40,3,0.010991495413084825,0.013203112408518791,0,1,2,1.164236400014488,0.49046739999903366,0.6737690000154544,0.49046739999903366,0.6737690000154544,a6856e5cafc085e89cbbb2e0fc8a8770c40029c1,1.8.0,dd539897a18ce6d787567c0969bf760cf4c6c2d331693676b7eab3ef6b71fe9b,True,3.12.13,2.12.0+cpu,2.4.6,1.2.3,3.1.0,2.1.0,3.2.7,0.027894713634349047,0.0,0.13041596,0.1468691610771426,30.0,1.0,0.0,1.0,0.0,0.0,1.0,0.0,1.0,0.0,0.0,0.0,0.0,0.9882877671903574,0.0,0.0,0.0,1.0,20.0,1.0,support-boundary collapse,1820.315,1623.5500000000002,neural,30.0,810.0,6120.0,0.0,0,nan,0.0,nan,exact_count,raw_state,none,2.61e-05,2880,,,0.0,0.0,0.9,0.0,nan,nan,0,nan,nan,nan,nan,unavailable,unavailable,unavailable,nan,nan,0.0,unavailable,nan
reviewer1_sensor_factorial_development,reviewer1_sensor_factorial_development,configs/reviewer1_remaining/sensor_factorial_development/matched_conditions.yaml,camera_dropout_only,SensorizedPyBulletUAVWaypoint-v0,SensorizedPyBulletUAVWaypoint-v0,native_gymnasium_observation,fuzzy_relative_reliability,15003,train,40,,,40,2,-0.9588260003738105,20,0.0,40,3,0.010991495413084825,0.013203112408518791,0,1,2,1.1773223000054713,0.503553299990017,0.6737690000154544,0.503553299990017,0.6737690000154544,a6856e5cafc085e89cbbb2e0fc8a8770c40029c1,1.8.0,dd539897a18ce6d787567c0969bf760cf4c6c2d331693676b7eab3ef6b71fe9b,True,3.12.13,2.12.0+cpu,2.4.6,1.2.3,3.1.0,2.1.0,3.2.7,0.027894713634349047,0.0,0.13041596,0.1468691610771426,30.0,1.0,0.0,1.0,0.05,-0.0025000000000000005,0.95,0.011157885453739618,0.9888421145462605,0.0,0.011157885453739618,0.0,0.011059960846429757,0.9060492981113649,0.05,0.9,0.05,0.95,19.0,0.95,support-boundary collapse,618.405,62.05,neural,30.0,810.0,6120.0,0.0,0,nan,0.0,nan,exact_count,raw_state,none,2.61e-05,2880,,,0.0,0.0,1.0,0.0,,,,,,,,,,,,,,,
reviewer1_sensor_factorial_development,reviewer1_sensor_factorial_development,configs/reviewer1_remaining/sensor_factorial_development/matched_conditions.yaml,camera_dropout_only,SensorizedPyBulletUAVWaypoint-v0,SensorizedPyBulletUAVWaypoint-v0,native_gymnasium_observation,fuzzy_relative_reliability,15003,train,60,,,60,3,-1.1055717716412619,20,0.0,60,8,0.008477565075736493,0.013203112408518791,0,1,2,1.4052860000228975,0.7315170000074431,0.6737690000154544,0.7315170000074431,0.6737690000154544,a6856e5cafc085e89cbbb2e0fc8a8770c40029c1,1.8.0,dd539897a18ce6d787567c0969bf760cf4c6c2d331693676b7eab3ef6b71fe9b,True,3.12.13,2.12.0+cpu,2.4.6,1.2.3,3.1.0,2.1.0,3.2.7,0.07686757049515525,0.0,0.048555028,0.06273815228230142,43.0,1.0,0.0,1.0,0.0,0.0,0.75,0.08164778677028657,0.9183522132297133,0.0,0.08164778677028657,0.055794139285988094,0.08114032273596448,0.937212646348794,0.25,0.65,0.25,0.75,15.0,0.75,support-boundary collapse,946.9099999999999,1375.5,neural,43.0,1161.0,8772.0,0.0,0,nan,0.0,nan,exact_count,raw_state,none,3.08e-05,4128,,,0.0,0.0,0.8,0.0,,,,,,,,,,,,,,,
reviewer1_sensor_factorial_development,reviewer1_sensor_factorial_development,configs/reviewer1_remaining/sensor_factorial_development/matched_conditions.yaml,camera_dropout_only,SensorizedPyBulletUAVWaypoint-v0,SensorizedPyBulletUAVWaypoint-v0,native_gymnasium_observation,fuzzy_relative_reliability,15003,eval,80,80,-1.2026792104542254,80,1,-1.2026792104542254,20,0.0,80,13,0.0078954914620576,0.013203112408518791,0,2,2,2.3878268000262324,1.0170832000148948,1.3707436000113375,1.0170832000148948,1.3707436000113375,a6856e5cafc085e89cbbb2e0fc8a8770c40029c1,1.8.0,dd539897a18ce6d787567c0969bf760cf4c6c2d331693676b7eab3ef6b71fe9b,True,3.12.13,2.12.0+cpu,2.4.6,1.2.3,3.1.0,2.1.0,3.2.7,0.0770785940278854,0.0,0.017846687,0.027609679256263453,57.0,1.0,0.0,1.0,0.0,0.0,1.0,0.0,1.0,0.0,0.0,0.0,0.0,0.8939702058649562,0.0,0.0,0.0,1.0,20.0,1.0,support-boundary collapse,1783.315,1763.85,neural,57.0,1539.0,11628.0,0.0,0,nan,0.0,nan,exact_count,raw_state,none,1.86e-05,5472,,,0.0,0.0,0.95,0.0,nan,nan,0,nan,nan,nan,nan,unavailable,unavailable,unavailable,nan,nan,0.0,unavailable,nan
reviewer1_sensor_factorial_development,reviewer1_sensor_factorial_development,configs/reviewer1_remaining/sensor_factorial_development/matched_conditions.yaml,camera_dropout_only,SensorizedPyBulletUAVWaypoint-v0,SensorizedPyBulletUAVWaypoint-v0,native_gymnasium_observation,fuzzy_relative_reliability,15003,eval,80,80,-1.112504853308201,80,2,-1.112504853308201,20,0.0,80,13,0.0078954914620576,0.013203112408518791,0,2,2,2.3881377000070643,1.0173940999957267,1.3707436000113375,1.0173940999957267,1.3707436000113375,a6856e5cafc085e89cbbb2e0fc8a8770c40029c1,1.8.0,dd539897a18ce6d787567c0969bf760cf4c6c2d331693676b7eab3ef6b71fe9b,True,3.12.13,2.12.0+cpu,2.4.6,1.2.3,3.1.0,2.1.0,3.2.7,0.0770785940278854,0.0,0.017846687,0.027609679256263453,57.0,1.0,0.0,1.0,0.0,0.0,1.0,0.0,1.0,0.0,0.0,0.0,0.0,0.8488544884103945,0.0,0.4,0.0,1.0,20.0,1.0,support-boundary collapse,1767.5349999999999,1717.85,neural,57.0,1539.0,11628.0,0.0,0,nan,0.0,nan,exact_count,raw_state,none,1.86e-05,5472,,,0.0,0.0,0.95,0.0,nan,nan,0,nan,nan,nan,nan,unavailable,unavailable,unavailable,nan,nan,0.0,unavailable,nan
reviewer1_sensor_factorial_development,reviewer1_sensor_factorial_development,configs/reviewer1_remaining/sensor_factorial_development/matched_conditions.yaml,camera_dropout_only,SensorizedPyBulletUAVWaypoint-v0,SensorizedPyBulletUAVWaypoint-v0,native_gymnasium_observation,fuzzy_relative_reliability,15003,train,80,,,80,4,-0.3332687900029123,20,0.0,80,13,0.0078954914620576,0.013203112408518791,0,2,2,2.3908308000245597,1.0200872000132222,1.3707436000113375,1.0200872000132222,1.3707436000113375,a6856e5cafc085e89cbbb2e0fc8a8770c40029c1,1.8.0,dd539897a18ce6d787567c0969bf760cf4c6c2d331693676b7eab3ef6b71fe9b,True,3.12.13,2.12.0+cpu,2.4.6,1.2.3,3.1.0,2.1.0,3.2.7,0.0770785940278854,0.0,0.017846687,0.027609679256263453,57.0,1.0,0.0,0.15,0.0,0.0,0.75,0.08163378422377189,0.9183662157762281,0.0,0.08163378422377189,0.05572378795749579,0.0811403227359645,0.8481846379891005,0.25,0.6,0.25,0.75,15.0,0.75,support-boundary collapse,1365.83,1518.1,neural,57.0,1539.0,11628.0,0.0,0,nan,0.0,nan,exact_count,raw_state,none,1.86e-05,5472,,,0.0,0.0,0.95,0.0,,,,,,,,,,,,,,,
reviewer1_sensor_factorial_development,reviewer1_sensor_factorial_development,configs/reviewer1_remaining/sensor_factorial_development/matched_conditions.yaml,camera_dropout_only,SensorizedPyBulletUAVWaypoint-v0,SensorizedPyBulletUAVWaypoint-v0,native_gymnasium_observation,selected_approximate_support,15002,train,20,,,20,1,-1.0151569248735903,20,0.0,20,0,nan,nan,0,0,2,0.24979120001080446,0.24979120001080446,0.0,0.24979120001080446,0.0,a6856e5cafc085e89cbbb2e0fc8a8770c40029c1,1.8.0,dd539897a18ce6d787567c0969bf760cf4c6c2d331693676b7eab3ef6b71fe9b,True,3.12.13,2.12.0+cpu,2.4.6,1.2.3,3.1.0,2.1.0,3.2.7,0.75,0.0,1.0,1.0,17.0,1.0,0.0,1.0,0.0,0.0,1.0,0.375,0.125,0.0,nan,nan,0.375,nan,0.0,0.5,nan,0.0,nan,nan,approximate-only,115.725,53.599999999999994,memory,17.0,459.0,3468.0,0.75,3,0.0,3.0,nan,gaussian_affinity,raw_state,brute_force,0.0002821,1496,,,0.0,0.0,0.9,0.0,,,,,,,,,,,,,,,
reviewer1_sensor_factorial_development,reviewer1_sensor_factorial_development,configs/reviewer1_remaining/sensor_factorial_development/matched_conditions.yaml,camera_dropout_only,SensorizedPyBulletUAVWaypoint-v0,SensorizedPyBulletUAVWaypoint-v0,native_gymnasium_observation,selected_approximate_support,15002,eval,40,40,-1.0802645234204828,40,1,-1.0802645234204828,20,0.0,40,3,0.0060177661168078584,0.007235053461045027,0,1,2,1.036764000018593,0.46735490002902225,0.5694090999895707,0.46735490002902225,0.5694090999895707,a6856e5cafc085e89cbbb2e0fc8a8770c40029c1,1.8.0,dd539897a18ce6d787567c0969bf760cf4c6c2d331693676b7eab3ef6b71fe9b,True,3.12.13,2.12.0+cpu,2.4.6,1.2.3,3.1.0,2.1.0,3.2.7,0.6669336866618061,0.0,1.0,1.0,29.0,1.0,0.0,1.0,0.0,0.0,1.0,0.598665750141601,0.40133424985839905,0.0,nan,nan,0.598665750141601,nan,0.0,1.0,nan,0.0,nan,nan,approximate-only,1849.045,1874.4499999999998,memory,29.0,783.0,5916.0,0.4896545111685043,3,0.3774917423725128,0.9594569206237793,nan,gaussian_affinity,raw_state,brute_force,0.000382,2552,,,0.0,0.0,0.95,0.0,0,23,23,nan,nan,nan,0.49999999749999996,neural,unavailable,unavailable,nan,nan,0.0,unavailable,nan
reviewer1_sensor_factorial_development,reviewer1_sensor_factorial_development,configs/reviewer1_remaining/sensor_factorial_development/matched_conditions.yaml,camera_dropout_only,SensorizedPyBulletUAVWaypoint-v0,SensorizedPyBulletUAVWaypoint-v0,native_gymnasium_observation,selected_approximate_support,15002,eval,40,40,-1.0615159587003289,40,2,-1.0615159587003289,20,0.0,40,3,0.0060177661168078584,0.007235053461045027,0,1,2,1.0369622000143863,0.46755310002481565,0.5694090999895707,0.46755310002481565,0.5694090999895707,a6856e5cafc085e89cbbb2e0fc8a8770c40029c1,1.8.0,dd539897a18ce6d787567c0969bf760cf4c6c2d331693676b7eab3ef6b71fe9b,True,3.12.13,2.12.0+cpu,2.4.6,1.2.3,3.1.0,2.1.0,3.2.7,0.6669336866618061,0.0,1.0,1.0,29.0,1.0,0.0,1.0,0.0,0.0,1.0,0.5362804461564809,0.46371955384351915,0.0,nan,nan,0.5362804461564809,nan,0.0,1.0,nan,0.0,nan,nan,approximate-only,1742.9299999999998,1639.15,memory,29.0,783.0,5916.0,0.4896545111685043,3,0.3774917423725128,0.9594569206237793,nan,gaussian_affinity,raw_state,brute_force,0.000382,2552,,,0.0,0.0,0.85,0.0,0,6,23,nan,nan,nan,0.49999999749999996,neural,unavailable,unavailable,nan,nan,0.0,unavailable,nan
reviewer1_sensor_factorial_development,reviewer1_sensor_factorial_development,configs/reviewer1_remaining/sensor_factorial_development/matched_conditions.yaml,camera_dropout_only,SensorizedPyBulletUAVWaypoint-v0,SensorizedPyBulletUAVWaypoint-v0,native_gymnasium_observation,selected_approximate_support,15002,train,40,,,40,2,-0.9962762107979507,20,0.0,40,3,0.0060177661168078584,0.007235053461045027,0,1,2,1.0414687000156846,0.4720596000261139,0.5694090999895707,0.4720596000261139,0.5694090999895707,a6856e5cafc085e89cbbb2e0fc8a8770c40029c1,1.8.0,dd539897a18ce6d787567c0969bf760cf4c6c2d331693676b7eab3ef6b71fe9b,True,3.12.13,2.12.0+cpu,2.4.6,1.2.3,3.1.0,2.1.0,3.2.7,0.6669336866618061,0.0,1.0,1.0,29.0,1.0,0.0,1.0,0.0,0.0,0.65,0.6828631946676086,0.3171368053323914,0.0,nan,nan,0.6828631946676086,nan,0.35,1.0,nan,0.0,nan,nan,approximate-only,1028.7400000000002,1366.0,memory,29.0,783.0,5916.0,0.4896545111685043,3,0.3774917423725128,0.9594569206237793,nan,gaussian_affinity,raw_state,brute_force,0.000382,2552,,,0.0,0.0,1.0,0.0,,,,,,,,,,,,,,,
reviewer1_sensor_factorial_development,reviewer1_sensor_factorial_development,configs/reviewer1_remaining/sensor_factorial_development/matched_conditions.yaml,camera_dropout_only,SensorizedPyBulletUAVWaypoint-v0,SensorizedPyBulletUAVWaypoint-v0,native_gymnasium_observation,selected_approximate_support,15002,train,60,,,60,3,-0.12733940634876492,20,0.0,60,8,0.005721432185964659,0.007235053461045027,0,1,2,1.328389700007392,0.7589806000178214,0.5694090999895707,0.7589806000178214,0.5694090999895707,a6856e5cafc085e89cbbb2e0fc8a8770c40029c1,1.8.0,dd539897a18ce6d787567c0969bf760cf4c6c2d331693676b7eab3ef6b71fe9b,True,3.12.13,2.12.0+cpu,2.4.6,1.2.3,3.1.0,2.1.0,3.2.7,0.6661953506671641,0.0,1.0,1.0,43.0,1.0,0.0,0.0,0.0,0.0,0.9,0.6332000957790708,0.3667999042209292,0.0,nan,nan,0.6332000957790708,nan,0.1,1.0,nan,0.0,nan,nan,approximate-only,1203.205,1490.4499999999998,memory,43.0,1161.0,8772.0,0.747500076755858,3,0.0,2.960397243499756,nan,gaussian_affinity,raw_state,brute_force,0.0006477,3784,,,0.0,0.0,1.0,0.0,,,,,,,,,,,,,,,
reviewer1_sensor_factorial_development,reviewer1_sensor_factorial_development,configs/reviewer1_remaining/sensor_factorial_development/matched_conditions.yaml,camera_dropout_only,SensorizedPyBulletUAVWaypoint-v0,SensorizedPyBulletUAVWaypoint-v0,native_gymnasium_observation,selected_approximate_support,15002,eval,80,80,-0.1717708364967257,80,1,-0.1717708364967257,20,0.0,80,13,0.004773131258284243,0.007235053461045027,0,2,2,2.1440321000118274,1.0202292000467423,1.123802899965085,1.0202292000467423,1.123802899965085,a6856e5cafc085e89cbbb2e0fc8a8770c40029c1,1.8.0,dd539897a18ce6d787567c0969bf760cf4c6c2d331693676b7eab3ef6b71fe9b,True,3.12.13,2.12.0+cpu,2.4.6,1.2.3,3.1.0,2.1.0,3.2.7,0.6948701707018784,0.0,1.0,1.0,58.0,1.0,0.0,0.0,0.0,0.0,1.0,0.7186595029696692,0.281340497030331,0.0,nan,nan,0.7186595029696692,nan,0.0,1.0,nan,0.0,nan,nan,approximate-only,1758.4900000000002,1793.35,memory,58.0,1566.0,11832.0,0.1449781433169572,3,0.5979130268096924,0.1695607453584671,nan,gaussian_affinity,raw_state,brute_force,0.0004962,5104,,,0.0,0.0,0.9,0.0,0,23,23,nan,nan,nan,0.49999999749999996,neural,unavailable,unavailable,nan,nan,0.0,unavailable,nan
reviewer1_sensor_factorial_development,reviewer1_sensor_factorial_development,configs/reviewer1_remaining/sensor_factorial_development/matched_conditions.yaml,camera_dropout_only,SensorizedPyBulletUAVWaypoint-v0,SensorizedPyBulletUAVWaypoint-v0,native_gymnasium_observation,selected_approximate_support,15002,eval,80,80,-0.13126913150772448,80,2,-0.13126913150772448,20,0.0,80,13,0.004773131258284243,0.007235053461045027,0,2,2,2.1444330000085756,1.0206301000434905,1.123802899965085,1.0206301000434905,1.123802899965085,a6856e5cafc085e89cbbb2e0fc8a8770c40029c1,1.8.0,dd539897a18ce6d787567c0969bf760cf4c6c2d331693676b7eab3ef6b71fe9b,True,3.12.13,2.12.0+cpu,2.4.6,1.2.3,3.1.0,2.1.0,3.2.7,0.6948701707018784,0.0,1.0,1.0,58.0,1.0,0.0,0.0,0.0,0.0,1.0,0.10343394606424736,0.8965660539357525,0.0,nan,nan,0.10343394606424736,nan,0.0,1.0,nan,0.0,nan,nan,approximate-only,1604.3799999999999,1642.35,neural,58.0,1566.0,11832.0,0.1449781433169572,3,0.5979130268096924,0.1695607453584671,nan,gaussian_affinity,raw_state,brute_force,0.0004962,5104,,,0.0,0.0,0.95,0.0,0,7,7,nan,nan,nan,0.49999999749999996,neural,unavailable,unavailable,nan,nan,0.0,unavailable,nan
reviewer1_sensor_factorial_development,reviewer1_sensor_factorial_development,configs/reviewer1_remaining/sensor_factorial_development/matched_conditions.yaml,camera_dropout_only,SensorizedPyBulletUAVWaypoint-v0,SensorizedPyBulletUAVWaypoint-v0,native_gymnasium_observation,selected_approximate_support,15002,train,80,,,80,4,-0.1876264189369977,20,0.0,80,13,0.004773131258284243,0.007235053461045027,0,2,2,2.15002950001508,1.0262266000499949,1.123802899965085,1.0262266000499949,1.123802899965085,a6856e5cafc085e89cbbb2e0fc8a8770c40029c1,1.8.0,dd539897a18ce6d787567c0969bf760cf4c6c2d331693676b7eab3ef6b71fe9b,True,3.12.13,2.12.0+cpu,2.4.6,1.2.3,3.1.0,2.1.0,3.2.7,0.6948701707018784,0.0,1.0,1.0,58.0,1.0,0.0,0.0,0.05,-0.0025000000000000005,0.7,0.7353775406110062,0.26462245938899376,0.0,nan,nan,0.7353775406110062,nan,0.3,1.0,nan,0.0,nan,nan,approximate-only,1746.75,1682.75,memory,58.0,1566.0,11832.0,0.1449781433169572,3,0.5979130268096924,0.1695607453584671,nan,gaussian_affinity,raw_state,brute_force,0.0004962,5104,,,0.0,0.0,1.0,0.0,,,,,,,,,,,,,,,
reviewer1_sensor_factorial_development,reviewer1_sensor_factorial_development,configs/reviewer1_remaining/sensor_factorial_development/matched_conditions.yaml,camera_dropout_only,SensorizedPyBulletUAVWaypoint-v0,SensorizedPyBulletUAVWaypoint-v0,native_gymnasium_observation,selected_approximate_support,15003,train,20,,,20,1,-0.9650195746589452,20,0.0,20,0,nan,nan,0,0,2,0.23693670000648126,0.23693670000648126,0.0,0.23693670000648126,0.0,a6856e5cafc085e89cbbb2e0fc8a8770c40029c1,1.8.0,dd539897a18ce6d787567c0969bf760cf4c6c2d331693676b7eab3ef6b71fe9b,True,3.12.13,2.12.0+cpu,2.4.6,1.2.3,3.1.0,2.1.0,3.2.7,0.7462565265846898,0.0,1.0,1.0,15.0,1.0,0.0,1.0,0.0,0.0,1.0,0.18656413164617244,0.06343586835382756,0.0,nan,nan,0.18656413164617244,nan,0.0,0.25,nan,0.0,nan,nan,unsupported,128.71,51.099999999999994,none,15.0,405.0,3060.0,0.7462565265846898,3,0.0,2.940988063812256,nan,gaussian_affinity,raw_state,brute_force,0.0003421,1320,,,0.0,0.0,1.0,0.0,,,,,,,,,,,,,,,
reviewer1_sensor_factorial_development,reviewer1_sensor_factorial_development,configs/reviewer1_remaining/sensor_factorial_development/matched_conditions.yaml,camera_dropout_only,SensorizedPyBulletUAVWaypoint-v0,SensorizedPyBulletUAVWaypoint-v0,native_gymnasium_observation,selected_approximate_support,15003,eval,40,40,-0.9693621389381587,40,1,-0.9693621389381587,20,0.0,40,3,0.010987087152898312,0.013203112408518791,0,1,2,1.0167596000246704,0.44583990002865903,0.5709196999960113,0.44583990002865903,0.5709196999960113,a6856e5cafc085e89cbbb2e0fc8a8770c40029c1,1.8.0,dd539897a18ce6d787567c0969bf760cf4c6c2d331693676b7eab3ef6b71fe9b,True,3.12.13,2.12.0+cpu,2.4.6,1.2.3,3.1.0,2.1.0,3.2.7,0.743235966982167,0.0,1.0,1.0,30.0,1.0,0.0,1.0,0.0,0.0,1.0,0.7092970514321558,0.2907029485678442,0.0,nan,nan,0.7092970514321558,nan,0.0,1.0,nan,0.0,nan,nan,approximate-only,1738.97,1710.35,memory,30.0,810.0,6120.0,0.002325744366167583,3,0.9460443258285522,0.002331166062504053,nan,gaussian_affinity,raw_state,brute_force,0.000254,2640,,,0.0,0.0,1.0,0.0,0,7,0,nan,nan,nan,0.49999999749999996,neural,unavailable,unavailable,nan,nan,0.0,unavailable,nan
reviewer1_sensor_factorial_development,reviewer1_sensor_factorial_development,configs/reviewer1_remaining/sensor_factorial_development/matched_conditions.yaml,camera_dropout_only,SensorizedPyBulletUAVWaypoint-v0,SensorizedPyBulletUAVWaypoint-v0,native_gymnasium_observation,selected_approximate_support,15003,eval,40,40,-1.1746017220243812,40,2,-1.1746017220243812,20,0.0,40,3,0.010987087152898312,0.013203112408518791,0,1,2,1.017092900001444,0.4461732000054326,0.5709196999960113,0.4461732000054326,0.5709196999960113,a6856e5cafc085e89cbbb2e0fc8a8770c40029c1,1.8.0,dd539897a18ce6d787567c0969bf760cf4c6c2d331693676b7eab3ef6b71fe9b,True,3.12.13,2.12.0+cpu,2.4.6,1.2.3,3.1.0,2.1.0,3.2.7,0.743235966982167,0.0,1.0,1.0,30.0,1.0,0.0,1.0,0.0,0.0,1.0,0.002402324788797487,0.9975976752112027,0.0,nan,nan,0.002402324788797487,nan,0.0,0.9,nan,0.1,nan,nan,approximate-only,1570.17,1453.6,neural,30.0,810.0,6120.0,0.002325744366167583,3,0.9460443258285522,0.002331166062504053,nan,gaussian_affinity,raw_state,brute_force,0.000254,2640,,,0.0,0.0,0.9,0.0,0,0,0,nan,nan,nan,0.49999999749999996,neural,unavailable,unavailable,nan,nan,0.0,unavailable,nan
reviewer1_sensor_factorial_development,reviewer1_sensor_factorial_development,configs/reviewer1_remaining/sensor_factorial_development/matched_conditions.yaml,camera_dropout_only,SensorizedPyBulletUAVWaypoint-v0,SensorizedPyBulletUAVWaypoint-v0,native_gymnasium_observation,selected_approximate_support,15003,train,40,,,40,2,-0.9592765106074512,20,0.0,40,3,0.010987087152898312,0.013203112408518791,0,1,2,1.0228657000116073,0.45194600001559593,0.5709196999960113,0.45194600001559593,0.5709196999960113,a6856e5cafc085e89cbbb2e0fc8a8770c40029c1,1.8.0,dd539897a18ce6d787567c0969bf760cf4c6c2d331693676b7eab3ef6b71fe9b,True,3.12.13,2.12.0+cpu,2.4.6,1.2.3,3.1.0,2.1.0,3.2.7,0.743235966982167,0.0,1.0,1.0,30.0,1.0,0.0,1.0,0.05,-0.0025000000000000005,0.95,0.7437791447380745,0.2562208552619255,0.0,nan,nan,0.7437791447380745,nan,0.05,1.0,nan,0.0,nan,nan,approximate-only,575.7450000000001,73.25,memory,30.0,810.0,6120.0,0.002325744366167583,3,0.9460443258285522,0.002331166062504053,nan,gaussian_affinity,raw_state,brute_force,0.000254,2640,,,0.0,0.0,1.0,0.0,,,,,,,,,,,,,,,
reviewer1_sensor_factorial_development,reviewer1_sensor_factorial_development,configs/reviewer1_remaining/sensor_factorial_development/matched_conditions.yaml,camera_dropout_only,SensorizedPyBulletUAVWaypoint-v0,SensorizedPyBulletUAVWaypoint-v0,native_gymnasium_observation,selected_approximate_support,15003,train,60,,,60,3,-1.0664529430074619,20,0.0,60,8,0.008464716549497098,0.013203112408518791,0,1,2,1.2752815000130795,0.7043618000170682,0.5709196999960113,0.7043618000170682,0.5709196999960113,a6856e5cafc085e89cbbb2e0fc8a8770c40029c1,1.8.0,dd539897a18ce6d787567c0969bf760cf4c6c2d331693676b7eab3ef6b71fe9b,True,3.12.13,2.12.0+cpu,2.4.6,1.2.3,3.1.0,2.1.0,3.2.7,0.6734805807036468,0.0,1.0,1.0,47.0,1.0,0.0,1.0,0.0,0.0,0.85,0.5852823083300581,0.4147176916699419,0.0,nan,nan,0.5852823083300581,nan,0.15,1.0,nan,0.0,nan,nan,approximate-only,910.95,1247.1999999999998,memory,47.0,1269.0,9588.0,0.747500076755858,3,0.0,2.960397243499756,nan,gaussian_affinity,raw_state,brute_force,0.000381,4136,,,0.0,0.0,0.8,0.0,,,,,,,,,,,,,,,
reviewer1_sensor_factorial_development,reviewer1_sensor_factorial_development,configs/reviewer1_remaining/sensor_factorial_development/matched_conditions.yaml,camera_dropout_only,SensorizedPyBulletUAVWaypoint-v0,SensorizedPyBulletUAVWaypoint-v0,native_gymnasium_observation,selected_approximate_support,15003,eval,80,80,-1.0528380763996392,80,1,-1.0528380763996392,20,0.0,80,13,0.007867513725963922,0.013203112408518791,0,2,2,2.0915061999985483,0.959290200000396,1.1322159999981523,0.959290200000396,1.1322159999981523,a6856e5cafc085e89cbbb2e0fc8a8770c40029c1,1.8.0,dd539897a18ce6d787567c0969bf760cf4c6c2d331693676b7eab3ef6b71fe9b,True,3.12.13,2.12.0+cpu,2.4.6,1.2.3,3.1.0,2.1.0,3.2.7,0.6662595498796895,0.0,1.0,1.0,61.0,1.0,0.0,1.0,0.0,0.0,1.0,0.6814614555149868,0.3185385444850132,0.0,nan,nan,0.6814614555149868,nan,0.0,1.0,nan,0.0,nan,nan,approximate-only,1728.1649999999997,1735.2,memory,61.0,1647.0,12444.0,0.6562599830224081,3,0.21794496476650238,1.9091753959655762,nan,gaussian_affinity,raw_state,brute_force,0.0004065,5368,,,0.0,0.0,0.95,0.0,1,0,0,nan,nan,nan,0.49999999749999996,neural,unavailable,unavailable,nan,nan,0.0,unavailable,nan
reviewer1_sensor_factorial_development,reviewer1_sensor_factorial_development,configs/reviewer1_remaining/sensor_factorial_development/matched_conditions.yaml,camera_dropout_only,SensorizedPyBulletUAVWaypoint-v0,SensorizedPyBulletUAVWaypoint-v0,native_gymnasium_observation,selected_approximate_support,15003,eval,80,80,-1.112504853308201,80,2,-1.112504853308201,20,0.0,80,13,0.007867513725963922,0.013203112408518791,0,2,2,2.091786500008311,0.9595705000101589,1.1322159999981523,0.9595705000101589,1.1322159999981523,a6856e5cafc085e89cbbb2e0fc8a8770c40029c1,1.8.0,dd539897a18ce6d787567c0969bf760cf4c6c2d331693676b7eab3ef6b71fe9b,True,3.12.13,2.12.0+cpu,2.4.6,1.2.3,3.1.0,2.1.0,3.2.7,0.6662595498796895,0.0,1.0,1.0,61.0,1.0,0.0,1.0,0.0,0.0,1.0,0.6904938292557043,0.30950617074429576,0.0,nan,nan,0.6904938292557043,nan,0.0,1.0,nan,0.0,nan,nan,approximate-only,1700.89,1729.85,memory,61.0,1647.0,12444.0,0.6562599830224081,3,0.21794496476650238,1.9091753959655762,nan,gaussian_affinity,raw_state,brute_force,0.0004065,5368,,,0.0,0.0,0.95,0.0,1,0,0,nan,nan,nan,0.49999999749999996,neural,unavailable,unavailable,nan,nan,0.0,unavailable,nan
reviewer1_sensor_factorial_development,reviewer1_sensor_factorial_development,configs/reviewer1_remaining/sensor_factorial_development/matched_conditions.yaml,camera_dropout_only,SensorizedPyBulletUAVWaypoint-v0,SensorizedPyBulletUAVWaypoint-v0,native_gymnasium_observation,selected_approximate_support,15003,train,80,,,80,4,-0.3332687900029123,20,0.0,80,13,0.007867513725963922,0.013203112408518791,0,2,2,2.0945276000129525,0.9623116000148002,1.1322159999981523,0.9623116000148002,1.1322159999981523,a6856e5cafc085e89cbbb2e0fc8a8770c40029c1,1.8.0,dd539897a18ce6d787567c0969bf760cf4c6c2d331693676b7eab3ef6b71fe9b,True,3.12.13,2.12.0+cpu,2.4.6,1.2.3,3.1.0,2.1.0,3.2.7,0.6662595498796895,0.0,1.0,1.0,61.0,1.0,0.0,0.15,0.0,0.0,0.75,0.6402581015968191,0.35974189840318094,0.0,nan,nan,0.6402581015968191,nan,0.25,1.0,nan,0.0,nan,nan,approximate-only,1723.7599999999998,1753.2,memory,61.0,1647.0,12444.0,0.6562599830224081,3,0.21794496476650238,1.9091753959655762,nan,gaussian_affinity,raw_state,brute_force,0.0004065,5368,,,0.0,0.0,0.95,0.0,,,,,,,,,,,,,,,
reviewer1_sensor_factorial_development,reviewer1_sensor_factorial_development,configs/reviewer1_remaining/sensor_factorial_development/matched_conditions.yaml,camera_dropout_only,SensorizedPyBulletUAVWaypoint-v0,SensorizedPyBulletUAVWaypoint-v0,native_gymnasium_observation,sensorized_controller,15002,train,20,,,20,1,-1.0107978251762688,20,0.0,20,0,nan,nan,0,0,2,0.2120398999832105,0.2120398999832105,0.0,0.2120398999832105,0.0,a6856e5cafc085e89cbbb2e0fc8a8770c40029c1,1.8.0,dd539897a18ce6d787567c0969bf760cf4c6c2d331693676b7eab3ef6b71fe9b,True,3.12.13,2.12.0+cpu,2.4.6,1.2.3,3.1.0,2.1.0,3.2.7,,,,,,1.0,0.0,1.0,0.0,0.0,1.0,0.0,0.0,0.0,nan,nan,0.0,nan,0.0,0.0,nan,0.0,nan,nan,unsupported,37.735,35.599999999999994,none,0.0,0.0,0.0,,,,,,,,,,,,,0.0,0.0,0.9,0.0,,,,,,,,,,,,,,,
reviewer1_sensor_factorial_development,reviewer1_sensor_factorial_development,configs/reviewer1_remaining/sensor_factorial_development/matched_conditions.yaml,camera_dropout_only,SensorizedPyBulletUAVWaypoint-v0,SensorizedPyBulletUAVWaypoint-v0,native_gymnasium_observation,sensorized_controller,15002,eval,40,40,-0.9450645372457802,40,1,-0.9450645372457802,20,0.0,40,0,nan,nan,0,1,2,0.9683966999873519,0.3977359999844339,0.570660700002918,0.3977359999844339,0.570660700002918,a6856e5cafc085e89cbbb2e0fc8a8770c40029c1,1.8.0,dd539897a18ce6d787567c0969bf760cf4c6c2d331693676b7eab3ef6b71fe9b,True,3.12.13,2.12.0+cpu,2.4.6,1.2.3,3.1.0,2.1.0,3.2.7,,,,,,1.0,0.0,1.0,0.2,-0.010000000000000002,1.0,0.0,0.0,0.0,nan,nan,0.0,nan,0.0,0.0,nan,0.0,nan,nan,unsupported,405.165,377.2,mixed,0.0,0.0,0.0,,,,,,,,,,,,,0.0,0.0,0.95,0.0,nan,nan,2,nan,nan,nan,nan,unavailable,unavailable,unavailable,nan,nan,0.0,unavailable,nan
reviewer1_sensor_factorial_development,reviewer1_sensor_factorial_development,configs/reviewer1_remaining/sensor_factorial_development/matched_conditions.yaml,camera_dropout_only,SensorizedPyBulletUAVWaypoint-v0,SensorizedPyBulletUAVWaypoint-v0,native_gymnasium_observation,sensorized_controller,15002,eval,40,40,-0.9354685431346297,40,2,-0.9354685431346297,20,0.0,40,0,nan,nan,0,1,2,0.9685892999987118,0.3979285999957938,0.570660700002918,0.3979285999957938,0.570660700002918,a6856e5cafc085e89cbbb2e0fc8a8770c40029c1,1.8.0,dd539897a18ce6d787567c0969bf760cf4c6c2d331693676b7eab3ef6b71fe9b,True,3.12.13,2.12.0+cpu,2.4.6,1.2.3,3.1.0,2.1.0,3.2.7,,,,,,1.0,0.0,1.0,0.2,-0.010000000000000002,1.0,0.0,0.0,0.0,nan,nan,0.0,nan,0.0,0.0,nan,0.0,nan,nan,unsupported,382.01,358.2,mixed,0.0,0.0,0.0,,,,,,,,,,,,,0.0,0.0,0.85,0.0,nan,nan,2,nan,nan,nan,nan,unavailable,unavailable,unavailable,nan,nan,0.0,unavailable,nan
reviewer1_sensor_factorial_development,reviewer1_sensor_factorial_development,configs/reviewer1_remaining/sensor_factorial_development/matched_conditions.yaml,camera_dropout_only,SensorizedPyBulletUAVWaypoint-v0,SensorizedPyBulletUAVWaypoint-v0,native_gymnasium_observation,sensorized_controller,15002,train,40,,,40,2,-1.026708941599354,20,0.0,40,0,nan,nan,0,1,2,0.9733492999803275,0.40268859997740947,0.570660700002918,0.40268859997740947,0.570660700002918,a6856e5cafc085e89cbbb2e0fc8a8770c40029c1,1.8.0,dd539897a18ce6d787567c0969bf760cf4c6c2d331693676b7eab3ef6b71fe9b,True,3.12.13,2.12.0+cpu,2.4.6,1.2.3,3.1.0,2.1.0,3.2.7,,,,,,1.0,0.0,1.0,0.05,-0.0025000000000000005,1.0,0.0,0.0,0.0,nan,nan,0.0,nan,0.0,0.0,nan,0.0,nan,nan,unsupported,34.715,29.85,none,0.0,0.0,0.0,,,,,,,,,,,,,0.0,0.0,1.0,0.0,,,,,,,,,,,,,,,
reviewer1_sensor_factorial_development,reviewer1_sensor_factorial_development,configs/reviewer1_remaining/sensor_factorial_development/matched_conditions.yaml,camera_dropout_only,SensorizedPyBulletUAVWaypoint-v0,SensorizedPyBulletUAVWaypoint-v0,native_gymnasium_observation,sensorized_controller,15002,train,60,,,60,3,-0.21006370425224308,20,0.0,60,0,nan,nan,0,1,2,1.15551479998976,0.5848540999868419,0.570660700002918,0.5848540999868419,0.570660700002918,a6856e5cafc085e89cbbb2e0fc8a8770c40029c1,1.8.0,dd539897a18ce6d787567c0969bf760cf4c6c2d331693676b7eab3ef6b71fe9b,True,3.12.13,2.12.0+cpu,2.4.6,1.2.3,3.1.0,2.1.0,3.2.7,,,,,,1.0,0.0,0.0,0.05,-0.0025000000000000005,1.0,0.0,0.0,0.0,nan,nan,0.0,nan,0.0,0.0,nan,0.0,nan,nan,unsupported,34.805,34.45,none,0.0,0.0,0.0,,,,,,,,,,,,,0.0,0.0,1.0,0.0,,,,,,,,,,,,,,,
reviewer1_sensor_factorial_development,reviewer1_sensor_factorial_development,configs/reviewer1_remaining/sensor_factorial_development/matched_conditions.yaml,camera_dropout_only,SensorizedPyBulletUAVWaypoint-v0,SensorizedPyBulletUAVWaypoint-v0,native_gymnasium_observation,sensorized_controller,15002,eval,80,80,-0.38970167749561374,80,1,-0.38970167749561374,20,0.0,80,0,nan,nan,0,2,2,1.7858169999963138,0.7470792999956757,1.0387377000006381,0.7470792999956757,1.0387377000006381,a6856e5cafc085e89cbbb2e0fc8a8770c40029c1,1.8.0,dd539897a18ce6d787567c0969bf760cf4c6c2d331693676b7eab3ef6b71fe9b,True,3.12.13,2.12.0+cpu,2.4.6,1.2.3,3.1.0,2.1.0,3.2.7,,,,,,1.0,0.0,0.3,0.2,-0.010000000000000002,1.0,0.0,0.0,0.0,nan,nan,0.0,nan,0.0,0.0,nan,0.0,nan,nan,unsupported,372.73,363.15,mixed,0.0,0.0,0.0,,,,,,,,,,,,,0.0,0.0,0.9,0.0,nan,nan,20,nan,nan,nan,nan,unavailable,unavailable,unavailable,nan,nan,0.0,unavailable,nan
reviewer1_sensor_factorial_development,reviewer1_sensor_factorial_development,configs/reviewer1_remaining/sensor_factorial_development/matched_conditions.yaml,camera_dropout_only,SensorizedPyBulletUAVWaypoint-v0,SensorizedPyBulletUAVWaypoint-v0,native_gymnasium_observation,sensorized_controller,15002,eval,80,80,-0.1331389058753848,80,2,-0.1331389058753848,20,0.0,80,0,nan,nan,0,2,2,1.7860064999840688,0.7472687999834307,1.0387377000006381,0.7472687999834307,1.0387377000006381,a6856e5cafc085e89cbbb2e0fc8a8770c40029c1,1.8.0,dd539897a18ce6d787567c0969bf760cf4c6c2d331693676b7eab3ef6b71fe9b,True,3.12.13,2.12.0+cpu,2.4.6,1.2.3,3.1.0,2.1.0,3.2.7,,,,,,1.0,0.0,0.0,0.25,-0.012500000000000002,1.0,0.0,0.0,0.0,nan,nan,0.0,nan,0.0,0.0,nan,0.0,nan,nan,unsupported,371.96999999999997,346.15,mixed,0.0,0.0,0.0,,,,,,,,,,,,,0.0,0.0,0.95,0.0,nan,nan,8,nan,nan,nan,nan,unavailable,unavailable,unavailable,nan,nan,0.0,unavailable,nan
reviewer1_sensor_factorial_development,reviewer1_sensor_factorial_development,configs/reviewer1_remaining/sensor_factorial_development/matched_conditions.yaml,camera_dropout_only,SensorizedPyBulletUAVWaypoint-v0,SensorizedPyBulletUAVWaypoint-v0,native_gymnasium_observation,sensorized_controller,15002,train,80,,,80,4,-0.23221940512303266,20,0.0,80,0,nan,nan,0,2,2,1.7879330999858212,0.749195399985183,1.0387377000006381,0.749195399985183,1.0387377000006381,a6856e5cafc085e89cbbb2e0fc8a8770c40029c1,1.8.0,dd539897a18ce6d787567c0969bf760cf4c6c2d331693676b7eab3ef6b71fe9b,True,3.12.13,2.12.0+cpu,2.4.6,1.2.3,3.1.0,2.1.0,3.2.7,,,,,,1.0,0.0,0.0,0.0,0.0,1.0,0.0,0.0,0.0,nan,nan,0.0,nan,0.0,0.0,nan,0.0,nan,nan,unsupported,30.484999999999996,29.25,none,0.0,0.0,0.0,,,,,,,,,,,,,0.0,0.0,1.0,0.0,,,,,,,,,,,,,,,
reviewer1_sensor_factorial_development,reviewer1_sensor_factorial_development,configs/reviewer1_remaining/sensor_factorial_development/matched_conditions.yaml,camera_dropout_only,SensorizedPyBulletUAVWaypoint-v0,SensorizedPyBulletUAVWaypoint-v0,native_gymnasium_observation,sensorized_controller,15003,train,20,,,20,1,-0.9694168138597161,20,0.0,20,0,nan,nan,0,0,2,0.20034310000482947,0.20034310000482947,0.0,0.20034310000482947,0.0,a6856e5cafc085e89cbbb2e0fc8a8770c40029c1,1.8.0,dd539897a18ce6d787567c0969bf760cf4c6c2d331693676b7eab3ef6b71fe9b,True,3.12.13,2.12.0+cpu,2.4.6,1.2.3,3.1.0,2.1.0,3.2.7,,,,,,1.0,0.0,1.0,0.0,0.0,1.0,0.0,0.0,0.0,nan,nan,0.0,nan,0.0,0.0,nan,0.0,nan,nan,unsupported,36.040000000000006,33.35,none,0.0,0.0,0.0,,,,,,,,,,,,,0.0,0.0,1.0,0.0,,,,,,,,,,,,,,,
reviewer1_sensor_factorial_development,reviewer1_sensor_factorial_development,configs/reviewer1_remaining/sensor_factorial_development/matched_conditions.yaml,camera_dropout_only,SensorizedPyBulletUAVWaypoint-v0,SensorizedPyBulletUAVWaypoint-v0,native_gymnasium_observation,sensorized_controller,15003,eval,40,40,-0.941017999947071,40,1,-0.941017999947071,20,0.0,40,0,nan,nan,0,1,2,0.9917038999847136,0.3766221999831032,0.6150817000016104,0.3766221999831032,0.6150817000016104,a6856e5cafc085e89cbbb2e0fc8a8770c40029c1,1.8.0,dd539897a18ce6d787567c0969bf760cf4c6c2d331693676b7eab3ef6b71fe9b,True,3.12.13,2.12.0+cpu,2.4.6,1.2.3,3.1.0,2.1.0,3.2.7,,,,,,1.0,0.0,1.0,0.35,-0.0175,1.0,0.0,0.0,0.0,nan,nan,0.0,nan,0.0,0.0,nan,0.0,nan,nan,unsupported,420.96000000000004,365.35,mixed,0.0,0.0,0.0,,,,,,,,,,,,,0.0,0.0,1.0,0.0,nan,nan,8,nan,nan,nan,nan,unavailable,unavailable,unavailable,nan,nan,0.0,unavailable,nan
reviewer1_sensor_factorial_development,reviewer1_sensor_factorial_development,configs/reviewer1_remaining/sensor_factorial_development/matched_conditions.yaml,camera_dropout_only,SensorizedPyBulletUAVWaypoint-v0,SensorizedPyBulletUAVWaypoint-v0,native_gymnasium_observation,sensorized_controller,15003,eval,40,40,-0.9350160943996162,40,2,-0.9350160943996162,20,0.0,40,0,nan,nan,0,1,2,0.9919607999909203,0.3768790999893099,0.6150817000016104,0.3768790999893099,0.6150817000016104,a6856e5cafc085e89cbbb2e0fc8a8770c40029c1,1.8.0,dd539897a18ce6d787567c0969bf760cf4c6c2d331693676b7eab3ef6b71fe9b,True,3.12.13,2.12.0+cpu,2.4.6,1.2.3,3.1.0,2.1.0,3.2.7,,,,,,1.0,0.0,1.0,0.25,-0.012500000000000002,1.0,0.0,0.0,0.0,nan,nan,0.0,nan,0.0,0.0,nan,0.0,nan,nan,unsupported,404.85,392.54999999999995,mixed,0.0,0.0,0.0,,,,,,,,,,,,,0.0,0.0,0.9,0.0,nan,nan,26,nan,nan,nan,nan,unavailable,unavailable,unavailable,nan,nan,0.0,unavailable,nan
reviewer1_sensor_factorial_development,reviewer1_sensor_factorial_development,configs/reviewer1_remaining/sensor_factorial_development/matched_conditions.yaml,camera_dropout_only,SensorizedPyBulletUAVWaypoint-v0,SensorizedPyBulletUAVWaypoint-v0,native_gymnasium_observation,sensorized_controller,15003,train,40,,,40,2,-0.992950388630852,20,0.0,40,0,nan,nan,0,1,2,1.000579999992624,0.3854982999910135,0.6150817000016104,0.3854982999910135,0.6150817000016104,a6856e5cafc085e89cbbb2e0fc8a8770c40029c1,1.8.0,dd539897a18ce6d787567c0969bf760cf4c6c2d331693676b7eab3ef6b71fe9b,True,3.12.13,2.12.0+cpu,2.4.6,1.2.3,3.1.0,2.1.0,3.2.7,,,,,,1.0,0.0,1.0,0.0,0.0,1.0,0.0,0.0,0.0,nan,nan,0.0,nan,0.0,0.0,nan,0.0,nan,nan,unsupported,35.82,32.849999999999994,none,0.0,0.0,0.0,,,,,,,,,,,,,0.0,0.0,1.0,0.0,,,,,,,,,,,,,,,
reviewer1_sensor_factorial_development,reviewer1_sensor_factorial_development,configs/reviewer1_remaining/sensor_factorial_development/matched_conditions.yaml,camera_dropout_only,SensorizedPyBulletUAVWaypoint-v0,SensorizedPyBulletUAVWaypoint-v0,native_gymnasium_observation,sensorized_controller,15003,train,60,,,60,3,-1.0559553976822644,20,0.0,60,0,nan,nan,0,1,2,1.160136499995133,0.5450547999935225,0.6150817000016104,0.5450547999935225,0.6150817000016104,a6856e5cafc085e89cbbb2e0fc8a8770c40029c1,1.8.0,dd539897a18ce6d787567c0969bf760cf4c6c2d331693676b7eab3ef6b71fe9b,True,3.12.13,2.12.0+cpu,2.4.6,1.2.3,3.1.0,2.1.0,3.2.7,,,,,,1.0,0.0,1.0,0.15,-0.0075000000000000015,1.0,0.0,0.0,0.0,nan,nan,0.0,nan,0.0,0.0,nan,0.0,nan,nan,unsupported,31.85499999999999,31.0,none,0.0,0.0,0.0,,,,,,,,,,,,,0.0,0.0,0.8,0.0,,,,,,,,,,,,,,,
reviewer1_sensor_factorial_development,reviewer1_sensor_factorial_development,configs/reviewer1_remaining/sensor_factorial_development/matched_conditions.yaml,camera_dropout_only,SensorizedPyBulletUAVWaypoint-v0,SensorizedPyBulletUAVWaypoint-v0,native_gymnasium_observation,sensorized_controller,15003,eval,80,80,-0.9414527327939868,80,1,-0.9414527327939868,20,0.0,80,0,nan,nan,0,2,2,1.817708299990045,0.7092904000019189,1.108417899988126,0.7092904000019189,1.108417899988126,a6856e5cafc085e89cbbb2e0fc8a8770c40029c1,1.8.0,dd539897a18ce6d787567c0969bf760cf4c6c2d331693676b7eab3ef6b71fe9b,True,3.12.13,2.12.0+cpu,2.4.6,1.2.3,3.1.0,2.1.0,3.2.7,,,,,,1.0,0.0,1.0,0.3,-0.015000000000000003,1.0,0.0,0.0,0.0,nan,nan,0.0,nan,0.0,0.0,nan,0.0,nan,nan,unsupported,453.71500000000003,377.5,mixed,0.0,0.0,0.0,,,,,,,,,,,,,0.0,0.0,0.95,0.0,nan,nan,26,nan,nan,nan,nan,unavailable,unavailable,unavailable,nan,nan,0.0,unavailable,nan
reviewer1_sensor_factorial_development,reviewer1_sensor_factorial_development,configs/reviewer1_remaining/sensor_factorial_development/matched_conditions.yaml,camera_dropout_only,SensorizedPyBulletUAVWaypoint-v0,SensorizedPyBulletUAVWaypoint-v0,native_gymnasium_observation,sensorized_controller,15003,eval,80,80,-0.9665102467220276,80,2,-0.9665102467220276,20,0.0,80,0,nan,nan,0,2,2,1.8178969000000507,0.7094790000119247,1.108417899988126,0.7094790000119247,1.108417899988126,a6856e5cafc085e89cbbb2e0fc8a8770c40029c1,1.8.0,dd539897a18ce6d787567c0969bf760cf4c6c2d331693676b7eab3ef6b71fe9b,True,3.12.13,2.12.0+cpu,2.4.6,1.2.3,3.1.0,2.1.0,3.2.7,,,,,,1.0,0.0,1.0,0.2,-0.010000000000000002,1.0,0.0,0.0,0.0,nan,nan,0.0,nan,0.0,0.0,nan,0.0,nan,nan,unsupported,442.63499999999993,360.95,mixed,0.0,0.0,0.0,,,,,,,,,,,,,0.0,0.0,0.95,0.0,nan,nan,20,nan,nan,nan,nan,unavailable,unavailable,unavailable,nan,nan,0.0,unavailable,nan
reviewer1_sensor_factorial_development,reviewer1_sensor_factorial_development,configs/reviewer1_remaining/sensor_factorial_development/matched_conditions.yaml,camera_dropout_only,SensorizedPyBulletUAVWaypoint-v0,SensorizedPyBulletUAVWaypoint-v0,native_gymnasium_observation,sensorized_controller,15003,train,80,,,80,4,-0.21001707190182062,20,0.0,80,0,nan,nan,0,2,2,1.8245111999858636,0.7160932999977376,1.108417899988126,0.7160932999977376,1.108417899988126,a6856e5cafc085e89cbbb2e0fc8a8770c40029c1,1.8.0,dd539897a18ce6d787567c0969bf760cf4c6c2d331693676b7eab3ef6b71fe9b,True,3.12.13,2.12.0+cpu,2.4.6,1.2.3,3.1.0,2.1.0,3.2.7,,,,,,1.0,0.0,0.0,0.05,-0.0025000000000000005,1.0,0.0,0.0,0.0,nan,nan,0.0,nan,0.0,0.0,nan,0.0,nan,nan,unsupported,30.21999999999999,26.049999999999997,none,0.0,0.0,0.0,,,,,,,,,,,,,0.0,0.0,0.95,0.0,,,,,,,,,,,,,,,
reviewer1_sensor_factorial_development,reviewer1_sensor_factorial_development,configs/reviewer1_remaining/sensor_factorial_development/matched_conditions.yaml,combined_executed_condition,SensorizedPyBulletUAVWaypoint-v0,SensorizedPyBulletUAVWaypoint-v0,native_gymnasium_observation,dqn,15002,train,20,,,20,1,-0.9854947755485775,20,0.0,20,0,nan,nan,0,0,2,0.36611590001848526,0.36611590001848526,0.0,0.36611590001848526,0.0,a6856e5cafc085e89cbbb2e0fc8a8770c40029c1,1.8.0,dd539897a18ce6d787567c0969bf760cf4c6c2d331693676b7eab3ef6b71fe9b,True,3.12.13,2.12.0+cpu,2.4.6,1.2.3,3.1.0,2.1.0,3.2.7,,,,,,1.0,0.0,1.0,0.0,0.0,1.0,0.0,0.5,0.0,nan,nan,0.0,nan,0.0,0.0,nan,0.5,nan,nan,unsupported,93.43499999999999,32.6,neural,0.0,0.0,0.0,,,,,,,,,,,,,0.028906295308843255,0.2,0.45,0.0,,,,,,,,,,,,,,,
reviewer1_sensor_factorial_development,reviewer1_sensor_factorial_development,configs/reviewer1_remaining/sensor_factorial_development/matched_conditions.yaml,combined_executed_condition,SensorizedPyBulletUAVWaypoint-v0,SensorizedPyBulletUAVWaypoint-v0,native_gymnasium_observation,dqn,15002,eval,40,40,-1.1052895222976804,40,1,-1.1052895222976804,20,0.0,40,3,0.008543274986247221,0.010140933096408844,0,1,2,1.70631670000148,0.780400899995584,0.925915800005896,0.780400899995584,0.925915800005896,a6856e5cafc085e89cbbb2e0fc8a8770c40029c1,1.8.0,dd539897a18ce6d787567c0969bf760cf4c6c2d331693676b7eab3ef6b71fe9b,True,3.12.13,2.12.0+cpu,2.4.6,1.2.3,3.1.0,2.1.0,3.2.7,,,,,,1.0,0.0,1.0,0.0,0.0,1.0,0.0,1.0,0.0,nan,nan,0.0,nan,0.0,0.0,nan,1.0,nan,nan,unsupported,1148.51,1124.1,neural,0.0,0.0,0.0,,,,,,,,,,,,,0.03632596479728818,0.45,0.0,0.0,nan,nan,6,nan,nan,nan,nan,unavailable,unavailable,unavailable,nan,nan,0.0,unavailable,nan
reviewer1_sensor_factorial_development,reviewer1_sensor_factorial_development,configs/reviewer1_remaining/sensor_factorial_development/matched_conditions.yaml,combined_executed_condition,SensorizedPyBulletUAVWaypoint-v0,SensorizedPyBulletUAVWaypoint-v0,native_gymnasium_observation,dqn,15002,eval,40,40,-1.0858635087497532,40,2,-1.0858635087497532,20,0.0,40,3,0.008543274986247221,0.010140933096408844,0,1,2,1.7065355000086129,0.7806197000027169,0.925915800005896,0.7806197000027169,0.925915800005896,a6856e5cafc085e89cbbb2e0fc8a8770c40029c1,1.8.0,dd539897a18ce6d787567c0969bf760cf4c6c2d331693676b7eab3ef6b71fe9b,True,3.12.13,2.12.0+cpu,2.4.6,1.2.3,3.1.0,2.1.0,3.2.7,,,,,,1.0,0.0,1.0,0.0,0.0,1.0,0.0,1.0,0.0,nan,nan,0.0,nan,0.0,0.0,nan,1.0,nan,nan,unsupported,1033.5700000000002,945.0,neural,0.0,0.0,0.0,,,,,,,,,,,,,0.03541729198768735,0.1,0.0,0.0,nan,nan,6,nan,nan,nan,nan,unavailable,unavailable,unavailable,nan,nan,0.0,unavailable,nan
reviewer1_sensor_factorial_development,reviewer1_sensor_factorial_development,configs/reviewer1_remaining/sensor_factorial_development/matched_conditions.yaml,combined_executed_condition,SensorizedPyBulletUAVWaypoint-v0,SensorizedPyBulletUAVWaypoint-v0,native_gymnasium_observation,dqn,15002,train,40,,,40,2,-1.0483325724583124,20,0.0,40,3,0.008543274986247221,0.010140933096408844,0,1,2,1.7830568000208586,0.8571410000149626,0.925915800005896,0.8571410000149626,0.925915800005896,a6856e5cafc085e89cbbb2e0fc8a8770c40029c1,1.8.0,dd539897a18ce6d787567c0969bf760cf4c6c2d331693676b7eab3ef6b71fe9b,True,3.12.13,2.12.0+cpu,2.4.6,1.2.3,3.1.0,2.1.0,3.2.7,,,,,,1.0,0.0,1.0,0.0,0.0,1.0,0.0,1.0,0.0,nan,nan,0.0,nan,0.0,0.0,nan,1.0,nan,nan,unsupported,789.32,993.95,neural,0.0,0.0,0.0,,,,,,,,,,,,,0.026735021080821753,0.15,0.0,0.0,,,,,,,,,,,,,,,
reviewer1_sensor_factorial_development,reviewer1_sensor_factorial_development,configs/reviewer1_remaining/sensor_factorial_development/matched_conditions.yaml,combined_executed_condition,SensorizedPyBulletUAVWaypoint-v0,SensorizedPyBulletUAVWaypoint-v0,native_gymnasium_observation,dqn,15002,train,60,,,60,3,-0.1908463796414435,20,0.0,60,8,0.007019246695563197,0.010140933096408844,0,1,2,2.090203300002031,1.164287499996135,0.925915800005896,1.164287499996135,0.925915800005896,a6856e5cafc085e89cbbb2e0fc8a8770c40029c1,1.8.0,dd539897a18ce6d787567c0969bf760cf4c6c2d331693676b7eab3ef6b71fe9b,True,3.12.13,2.12.0+cpu,2.4.6,1.2.3,3.1.0,2.1.0,3.2.7,,,,,,1.0,0.0,0.05,0.0,0.0,1.0,0.0,1.0,0.0,nan,nan,0.0,nan,0.0,0.0,nan,1.0,nan,nan,unsupported,765.8549999999999,966.65,neural,0.0,0.0,0.0,,,,,,,,,,,,,0.03635365376248956,0.15,1.0,0.0,,,,,,,,,,,,,,,
reviewer1_sensor_factorial_development,reviewer1_sensor_factorial_development,configs/reviewer1_remaining/sensor_factorial_development/matched_conditions.yaml,combined_executed_condition,SensorizedPyBulletUAVWaypoint-v0,SensorizedPyBulletUAVWaypoint-v0,native_gymnasium_observation,dqn,15002,eval,80,80,-0.2914035322610289,80,1,-0.2914035322610289,20,0.0,80,13,0.005722784132768328,0.010140933096408844,0,2,2,3.2654349000076763,1.484640100010438,1.7807947999972384,1.484640100010438,1.7807947999972384,a6856e5cafc085e89cbbb2e0fc8a8770c40029c1,1.8.0,dd539897a18ce6d787567c0969bf760cf4c6c2d331693676b7eab3ef6b71fe9b,True,3.12.13,2.12.0+cpu,2.4.6,1.2.3,3.1.0,2.1.0,3.2.7,,,,,,1.0,0.0,0.2,0.0,0.0,1.0,0.0,1.0,0.0,nan,nan,0.0,nan,0.0,0.0,nan,1.0,nan,nan,unsupported,1421.2999999999997,1172.5500000000002,neural,0.0,0.0,0.0,,,,,,,,,,,,,0.0359200038947165,0.15,0.2,0.0,nan,nan,23,nan,nan,nan,nan,unavailable,unavailable,unavailable,nan,nan,0.0,unavailable,nan
reviewer1_sensor_factorial_development,reviewer1_sensor_factorial_development,configs/reviewer1_remaining/sensor_factorial_development/matched_conditions.yaml,combined_executed_condition,SensorizedPyBulletUAVWaypoint-v0,SensorizedPyBulletUAVWaypoint-v0,native_gymnasium_observation,dqn,15002,eval,80,80,-0.14609989696531558,80,2,-0.14609989696531558,20,0.0,80,13,0.005722784132768328,0.010140933096408844,0,2,2,3.2657272000215016,1.4849324000242632,1.7807947999972384,1.4849324000242632,1.7807947999972384,a6856e5cafc085e89cbbb2e0fc8a8770c40029c1,1.8.0,dd539897a18ce6d787567c0969bf760cf4c6c2d331693676b7eab3ef6b71fe9b,True,3.12.13,2.12.0+cpu,2.4.6,1.2.3,3.1.0,2.1.0,3.2.7,,,,,,1.0,0.0,0.0,0.0,0.0,1.0,0.0,1.0,0.0,nan,nan,0.0,nan,0.0,0.0,nan,1.0,nan,nan,unsupported,1212.325,1113.9,neural,0.0,0.0,0.0,,,,,,,,,,,,,0.031906478386372325,0.1,0.0,0.0,nan,nan,14,nan,nan,nan,nan,unavailable,unavailable,unavailable,nan,nan,0.0,unavailable,nan
reviewer1_sensor_factorial_development,reviewer1_sensor_factorial_development,configs/reviewer1_remaining/sensor_factorial_development/matched_conditions.yaml,combined_executed_condition,SensorizedPyBulletUAVWaypoint-v0,SensorizedPyBulletUAVWaypoint-v0,native_gymnasium_observation,dqn,15002,train,80,,,80,4,-0.20051257850602272,20,0.0,80,13,0.005722784132768328,0.010140933096408844,0,2,2,3.267268099996727,1.4864732999994885,1.7807947999972384,1.4864732999994885,1.7807947999972384,a6856e5cafc085e89cbbb2e0fc8a8770c40029c1,1.8.0,dd539897a18ce6d787567c0969bf760cf4c6c2d331693676b7eab3ef6b71fe9b,True,3.12.13,2.12.0+cpu,2.4.6,1.2.3,3.1.0,2.1.0,3.2.7,,,,,,1.0,0.0,0.0,0.05,-0.0025000000000000005,1.0,0.0,1.0,0.0,nan,nan,0.0,nan,0.0,0.0,nan,1.0,nan,nan,unsupported,1066.7050000000002,1070.0,neural,0.0,0.0,0.0,,,,,,,,,,,,,0.02811014452017844,0.15,0.25,0.0,,,,,,,,,,,,,,,
reviewer1_sensor_factorial_development,reviewer1_sensor_factorial_development,configs/reviewer1_remaining/sensor_factorial_development/matched_conditions.yaml,combined_executed_condition,SensorizedPyBulletUAVWaypoint-v0,SensorizedPyBulletUAVWaypoint-v0,native_gymnasium_observation,dqn,15003,train,20,,,20,1,-0.9154184094583616,20,0.0,20,0,nan,nan,0,0,2,0.3408519999939017,0.3408519999939017,0.0,0.3408519999939017,0.0,a6856e5cafc085e89cbbb2e0fc8a8770c40029c1,1.8.0,dd539897a18ce6d787567c0969bf760cf4c6c2d331693676b7eab3ef6b71fe9b,True,3.12.13,2.12.0+cpu,2.4.6,1.2.3,3.1.0,2.1.0,3.2.7,,,,,,1.0,0.0,0.95,0.0,0.0,1.0,0.0,0.25,0.0,nan,nan,0.0,nan,0.0,0.0,nan,0.25,nan,nan,unsupported,116.41000000000001,29.15,none,0.0,0.0,0.0,,,,,,,,,,,,,0.03634171113371849,0.2,0.0,0.0,,,,,,,,,,,,,,,
reviewer1_sensor_factorial_development,reviewer1_sensor_factorial_development,configs/reviewer1_remaining/sensor_factorial_development/matched_conditions.yaml,combined_executed_condition,SensorizedPyBulletUAVWaypoint-v0,SensorizedPyBulletUAVWaypoint-v0,native_gymnasium_observation,dqn,15003,eval,40,40,-1.0863717303052547,40,1,-1.0863717303052547,20,0.0,40,3,0.008056212216615677,0.010745758190751076,0,1,2,1.6623893000069074,0.6549408000137191,1.0074484999931883,0.6549408000137191,1.0074484999931883,a6856e5cafc085e89cbbb2e0fc8a8770c40029c1,1.8.0,dd539897a18ce6d787567c0969bf760cf4c6c2d331693676b7eab3ef6b71fe9b,True,3.12.13,2.12.0+cpu,2.4.6,1.2.3,3.1.0,2.1.0,3.2.7,,,,,,1.0,0.0,1.0,0.0,0.0,1.0,0.0,1.0,0.0,nan,nan,0.0,nan,0.0,0.0,nan,1.0,nan,nan,unsupported,1520.56,1241.35,neural,0.0,0.0,0.0,,,,,,,,,,,,,0.03234598999843001,0.3,0.0,0.0,nan,nan,0,nan,nan,nan,nan,unavailable,unavailable,unavailable,nan,nan,0.0,unavailable,nan
reviewer1_sensor_factorial_development,reviewer1_sensor_factorial_development,configs/reviewer1_remaining/sensor_factorial_development/matched_conditions.yaml,combined_executed_condition,SensorizedPyBulletUAVWaypoint-v0,SensorizedPyBulletUAVWaypoint-v0,native_gymnasium_observation,dqn,15003,eval,40,40,-1.1349792539514603,40,2,-1.1349792539514603,20,0.0,40,3,0.008056212216615677,0.010745758190751076,0,1,2,1.6626135999977123,0.655165100004524,1.0074484999931883,0.655165100004524,1.0074484999931883,a6856e5cafc085e89cbbb2e0fc8a8770c40029c1,1.8.0,dd539897a18ce6d787567c0969bf760cf4c6c2d331693676b7eab3ef6b71fe9b,True,3.12.13,2.12.0+cpu,2.4.6,1.2.3,3.1.0,2.1.0,3.2.7,,,,,,1.0,0.0,1.0,0.0,0.0,1.0,0.0,1.0,0.0,nan,nan,0.0,nan,0.0,0.0,nan,1.0,nan,nan,unsupported,1282.0049999999999,1056.25,neural,0.0,0.0,0.0,,,,,,,,,,,,,0.035725078312680125,0.3,0.95,0.0,nan,nan,7,nan,nan,nan,nan,unavailable,unavailable,unavailable,nan,nan,0.0,unavailable,nan
reviewer1_sensor_factorial_development,reviewer1_sensor_factorial_development,configs/reviewer1_remaining/sensor_factorial_development/matched_conditions.yaml,combined_executed_condition,SensorizedPyBulletUAVWaypoint-v0,SensorizedPyBulletUAVWaypoint-v0,native_gymnasium_observation,dqn,15003,train,40,,,40,2,-0.9618049251800403,20,0.0,40,3,0.008056212216615677,0.010745758190751076,0,1,2,1.7249472999828868,0.7174987999896985,1.0074484999931883,0.7174987999896985,1.0074484999931883,a6856e5cafc085e89cbbb2e0fc8a8770c40029c1,1.8.0,dd539897a18ce6d787567c0969bf760cf4c6c2d331693676b7eab3ef6b71fe9b,True,3.12.13,2.12.0+cpu,2.4.6,1.2.3,3.1.0,2.1.0,3.2.7,,,,,,1.0,0.0,1.0,0.05,-0.0025000000000000005,1.0,0.0,1.0,0.0,nan,nan,0.0,nan,0.0,0.0,nan,1.0,nan,nan,unsupported,513.405,50.150000000000006,neural,0.0,0.0,0.0,,,,,,,,,,,,,0.03428503172472119,0.15,0.0,0.0,,,,,,,,,,,,,,,
reviewer1_sensor_factorial_development,reviewer1_sensor_factorial_development,configs/reviewer1_remaining/sensor_factorial_development/matched_conditions.yaml,combined_executed_condition,SensorizedPyBulletUAVWaypoint-v0,SensorizedPyBulletUAVWaypoint-v0,native_gymnasium_observation,dqn,15003,train,60,,,60,3,-1.0215894031710924,20,0.0,60,8,0.007419164176099002,0.01299707405269146,0,1,2,2.0595731000066735,1.0521246000134852,1.0074484999931883,1.0521246000134852,1.0074484999931883,a6856e5cafc085e89cbbb2e0fc8a8770c40029c1,1.8.0,dd539897a18ce6d787567c0969bf760cf4c6c2d331693676b7eab3ef6b71fe9b,True,3.12.13,2.12.0+cpu,2.4.6,1.2.3,3.1.0,2.1.0,3.2.7,,,,,,1.0,0.0,1.0,0.0,0.0,1.0,0.0,1.0,0.0,nan,nan,0.0,nan,0.0,0.0,nan,1.0,nan,nan,unsupported,773.9199999999998,904.35,neural,0.0,0.0,0.0,,,,,,,,,,,,,0.034100811812095344,0.15,0.95,0.0,,,,,,,,,,,,,,,
reviewer1_sensor_factorial_development,reviewer1_sensor_factorial_development,configs/reviewer1_remaining/sensor_factorial_development/matched_conditions.yaml,combined_executed_condition,SensorizedPyBulletUAVWaypoint-v0,SensorizedPyBulletUAVWaypoint-v0,native_gymnasium_observation,dqn,15003,eval,80,80,-1.145184371843934,80,1,-1.145184371843934,20,0.0,80,13,0.007491607756282275,0.013097009621560574,0,2,2,3.1550064999901224,1.3879692999762483,1.767037200013874,1.3879692999762483,1.767037200013874,a6856e5cafc085e89cbbb2e0fc8a8770c40029c1,1.8.0,dd539897a18ce6d787567c0969bf760cf4c6c2d331693676b7eab3ef6b71fe9b,True,3.12.13,2.12.0+cpu,2.4.6,1.2.3,3.1.0,2.1.0,3.2.7,,,,,,1.0,0.0,1.0,0.0,0.0,1.0,0.0,1.0,0.0,nan,nan,0.0,nan,0.0,0.0,nan,1.0,nan,nan,unsupported,1271.0649999999998,1189.35,neural,0.0,0.0,0.0,,,,,,,,,,,,,0.03504759585484862,0.3,0.95,0.0,nan,nan,0,nan,nan,nan,nan,unavailable,unavailable,unavailable,nan,nan,0.0,unavailable,nan
reviewer1_sensor_factorial_development,reviewer1_sensor_factorial_development,configs/reviewer1_remaining/sensor_factorial_development/matched_conditions.yaml,combined_executed_condition,SensorizedPyBulletUAVWaypoint-v0,SensorizedPyBulletUAVWaypoint-v0,native_gymnasium_observation,dqn,15003,eval,80,80,-1.1097628085687756,80,2,-1.1097628085687756,20,0.0,80,13,0.007491607756282275,0.013097009621560574,0,2,2,3.1552279999887105,1.3881907999748364,1.767037200013874,1.3881907999748364,1.767037200013874,a6856e5cafc085e89cbbb2e0fc8a8770c40029c1,1.8.0,dd539897a18ce6d787567c0969bf760cf4c6c2d331693676b7eab3ef6b71fe9b,True,3.12.13,2.12.0+cpu,2.4.6,1.2.3,3.1.0,2.1.0,3.2.7,,,,,,1.0,0.0,1.0,0.0,0.0,1.0,0.0,1.0,0.0,nan,nan,0.0,nan,0.0,0.0,nan,1.0,nan,nan,unsupported,1052.89,1023.8000000000001,neural,0.0,0.0,0.0,,,,,,,,,,,,,0.031555724004283546,0.15,0.3,0.0,nan,nan,0,nan,nan,nan,nan,unavailable,unavailable,unavailable,nan,nan,0.0,unavailable,nan
reviewer1_sensor_factorial_development,reviewer1_sensor_factorial_development,configs/reviewer1_remaining/sensor_factorial_development/matched_conditions.yaml,combined_executed_condition,SensorizedPyBulletUAVWaypoint-v0,SensorizedPyBulletUAVWaypoint-v0,native_gymnasium_observation,dqn,15003,train,80,,,80,4,-0.25408923688810314,20,0.0,80,13,0.007491607756282275,0.013097009621560574,0,2,2,3.1576785999932326,1.3906413999793585,1.767037200013874,1.3906413999793585,1.767037200013874,a6856e5cafc085e89cbbb2e0fc8a8770c40029c1,1.8.0,dd539897a18ce6d787567c0969bf760cf4c6c2d331693676b7eab3ef6b71fe9b,True,3.12.13,2.12.0+cpu,2.4.6,1.2.3,3.1.0,2.1.0,3.2.7,,,,,,1.0,0.0,0.0,0.0,0.0,1.0,0.0,1.0,0.0,nan,nan,0.0,nan,0.0,0.0,nan,1.0,nan,nan,unsupported,827.9649999999999,832.0,neural,0.0,0.0,0.0,,,,,,,,,,,,,0.025779383501503616,0.1,0.4,0.0,,,,,,,,,,,,,,,
reviewer1_sensor_factorial_development,reviewer1_sensor_factorial_development,configs/reviewer1_remaining/sensor_factorial_development/matched_conditions.yaml,combined_executed_condition,SensorizedPyBulletUAVWaypoint-v0,SensorizedPyBulletUAVWaypoint-v0,native_gymnasium_observation,fuzzy_relative_reliability,15002,train,20,,,20,1,-0.9854947755485775,20,0.0,20,0,nan,nan,0,0,2,0.3616928999836091,0.3616928999836091,0.0,0.3616928999836091,0.0,a6856e5cafc085e89cbbb2e0fc8a8770c40029c1,1.8.0,dd539897a18ce6d787567c0969bf760cf4c6c2d331693676b7eab3ef6b71fe9b,True,3.12.13,2.12.0+cpu,2.4.6,1.2.3,3.1.0,2.1.0,3.2.7,0.0,0.0,0.36002332,0.37294971484936473,20.0,1.0,0.0,1.0,0.0,0.0,1.0,0.0,0.5,0.0,0.0,0.0,0.0,0.8860071274675312,0.0,0.0,0.0,0.5,10.0,1.0,support-boundary collapse,123.915,46.35,neural,20.0,540.0,4080.0,0.0,0,nan,0.0,nan,exact_count,raw_state,none,3e-05,1920,,,0.028906295308843255,0.2,0.45,0.0,,,,,,,,,,,,,,,
reviewer1_sensor_factorial_development,reviewer1_sensor_factorial_development,configs/reviewer1_remaining/sensor_factorial_development/matched_conditions.yaml,combined_executed_condition,SensorizedPyBulletUAVWaypoint-v0,SensorizedPyBulletUAVWaypoint-v0,native_gymnasium_observation,fuzzy_relative_reliability,15002,eval,40,40,-1.1052895222976804,40,1,-1.1052895222976804,20,0.0,40,3,0.008543274986247221,0.010140933096408844,0,1,2,1.5720100999751594,0.6597795999841765,0.9122304999909829,0.6597795999841765,0.9122304999909829,a6856e5cafc085e89cbbb2e0fc8a8770c40029c1,1.8.0,dd539897a18ce6d787567c0969bf760cf4c6c2d331693676b7eab3ef6b71fe9b,True,3.12.13,2.12.0+cpu,2.4.6,1.2.3,3.1.0,2.1.0,3.2.7,0.0,0.0,0.13085796,0.1430491608418518,40.0,1.0,0.0,1.0,0.0,0.0,1.0,0.0,1.0,0.0,0.0,0.0,0.0,0.7581261922671774,0.0,0.0,0.0,1.0,20.0,1.0,support-boundary collapse,1767.4149999999997,1778.8,neural,40.0,1080.0,8160.0,0.0,0,nan,0.0,nan,exact_count,raw_state,none,4.15e-05,3840,,,0.03632596479728818,0.45,0.0,0.0,nan,nan,6,nan,nan,nan,nan,unavailable,unavailable,unavailable,nan,nan,0.0,unavailable,nan
reviewer1_sensor_factorial_development,reviewer1_sensor_factorial_development,configs/reviewer1_remaining/sensor_factorial_development/matched_conditions.yaml,combined_executed_condition,SensorizedPyBulletUAVWaypoint-v0,SensorizedPyBulletUAVWaypoint-v0,native_gymnasium_observation,fuzzy_relative_reliability,15002,eval,40,40,-1.0858635087497532,40,2,-1.0858635087497532,20,0.0,40,3,0.008543274986247221,0.010140933096408844,0,1,2,1.572303599998122,0.6600731000071391,0.9122304999909829,0.6600731000071391,0.9122304999909829,a6856e5cafc085e89cbbb2e0fc8a8770c40029c1,1.8.0,dd539897a18ce6d787567c0969bf760cf4c6c2d331693676b7eab3ef6b71fe9b,True,3.12.13,2.12.0+cpu,2.4.6,1.2.3,3.1.0,2.1.0,3.2.7,0.0,0.0,0.13085796,0.1430491608418518,40.0,1.0,0.0,1.0,0.0,0.0,1.0,0.0,1.0,0.0,0.0,0.0,0.0,0.755260071578242,0.0,0.0,0.0,1.0,20.0,1.0,support-boundary collapse,2020.0099999999998,1898.35,neural,40.0,1080.0,8160.0,0.0,0,nan,0.0,nan,exact_count,raw_state,none,4.15e-05,3840,,,0.03541729198768735,0.1,0.0,0.0,nan,nan,6,nan,nan,nan,nan,unavailable,unavailable,unavailable,nan,nan,0.0,unavailable,nan
reviewer1_sensor_factorial_development,reviewer1_sensor_factorial_development,configs/reviewer1_remaining/sensor_factorial_development/matched_conditions.yaml,combined_executed_condition,SensorizedPyBulletUAVWaypoint-v0,SensorizedPyBulletUAVWaypoint-v0,native_gymnasium_observation,fuzzy_relative_reliability,15002,train,40,,,40,2,-1.0483325724583124,20,0.0,40,3,0.008543274986247221,0.010140933096408844,0,1,2,1.59531859998242,0.683088099991437,0.9122304999909829,0.683088099991437,0.9122304999909829,a6856e5cafc085e89cbbb2e0fc8a8770c40029c1,1.8.0,dd539897a18ce6d787567c0969bf760cf4c6c2d331693676b7eab3ef6b71fe9b,True,3.12.13,2.12.0+cpu,2.4.6,1.2.3,3.1.0,2.1.0,3.2.7,0.0,0.0,0.13085796,0.1430491608418518,40.0,1.0,0.0,1.0,0.0,0.0,1.0,0.0,1.0,0.0,0.0,0.0,0.0,0.673864631340705,0.0,0.0,0.0,1.0,20.0,1.0,support-boundary collapse,1142.6950000000002,1465.85,neural,40.0,1080.0,8160.0,0.0,0,nan,0.0,nan,exact_count,raw_state,none,4.15e-05,3840,,,0.026735021080821753,0.15,0.0,0.0,,,,,,,,,,,,,,,
reviewer1_sensor_factorial_development,reviewer1_sensor_factorial_development,configs/reviewer1_remaining/sensor_factorial_development/matched_conditions.yaml,combined_executed_condition,SensorizedPyBulletUAVWaypoint-v0,SensorizedPyBulletUAVWaypoint-v0,native_gymnasium_observation,fuzzy_relative_reliability,15002,train,60,,,60,3,-0.1908463796414435,20,0.0,60,8,0.007019246695563197,0.010140933096408844,0,1,2,1.9416960999951698,1.0294656000041869,0.9122304999909829,1.0294656000041869,0.9122304999909829,a6856e5cafc085e89cbbb2e0fc8a8770c40029c1,1.8.0,dd539897a18ce6d787567c0969bf760cf4c6c2d331693676b7eab3ef6b71fe9b,True,3.12.13,2.12.0+cpu,2.4.6,1.2.3,3.1.0,2.1.0,3.2.7,0.0,0.0,0.04704535,0.057155500858419445,60.0,1.0,0.0,0.05,0.0,0.0,1.0,0.0,1.0,0.0,0.0,0.0,0.0,0.9277661861849256,0.0,0.0,0.0,1.0,20.0,1.0,support-boundary collapse,1066.885,1316.55,neural,60.0,1620.0,12240.0,0.0,0,nan,0.0,nan,exact_count,raw_state,none,4.55e-05,5760,,,0.03635365376248956,0.15,1.0,0.0,,,,,,,,,,,,,,,
reviewer1_sensor_factorial_development,reviewer1_sensor_factorial_development,configs/reviewer1_remaining/sensor_factorial_development/matched_conditions.yaml,combined_executed_condition,SensorizedPyBulletUAVWaypoint-v0,SensorizedPyBulletUAVWaypoint-v0,native_gymnasium_observation,fuzzy_relative_reliability,15002,eval,80,80,-0.2914035322610289,80,1,-0.2914035322610289,20,0.0,80,13,0.005722784132768328,0.010140933096408844,0,2,2,3.09033459998318,1.3635426000109874,1.7267919999721926,1.3635426000109874,1.7267919999721926,a6856e5cafc085e89cbbb2e0fc8a8770c40029c1,1.8.0,dd539897a18ce6d787567c0969bf760cf4c6c2d331693676b7eab3ef6b71fe9b,True,3.12.13,2.12.0+cpu,2.4.6,1.2.3,3.1.0,2.1.0,3.2.7,0.0,0.0,0.01692844,0.022469997022705405,80.0,1.0,0.0,0.2,0.0,0.0,1.0,0.0,1.0,0.0,0.0,0.0,0.0,0.8003100102868498,0.0,0.0,0.0,1.0,20.0,1.0,support-boundary collapse,1785.3600000000001,1784.2,neural,80.0,2160.0,16320.0,0.0,0,nan,0.0,nan,exact_count,raw_state,none,2.01e-05,7680,,,0.0359200038947165,0.15,0.2,0.0,nan,nan,23,nan,nan,nan,nan,unavailable,unavailable,unavailable,nan,nan,0.0,unavailable,nan
reviewer1_sensor_factorial_development,reviewer1_sensor_factorial_development,configs/reviewer1_remaining/sensor_factorial_development/matched_conditions.yaml,combined_executed_condition,SensorizedPyBulletUAVWaypoint-v0,SensorizedPyBulletUAVWaypoint-v0,native_gymnasium_observation,fuzzy_relative_reliability,15002,eval,80,80,-0.14609989696531558,80,2,-0.14609989696531558,20,0.0,80,13,0.005722784132768328,0.010140933096408844,0,2,2,3.090589599974919,1.3637976000027265,1.7267919999721926,1.3637976000027265,1.7267919999721926,a6856e5cafc085e89cbbb2e0fc8a8770c40029c1,1.8.0,dd539897a18ce6d787567c0969bf760cf4c6c2d331693676b7eab3ef6b71fe9b,True,3.12.13,2.12.0+cpu,2.4.6,1.2.3,3.1.0,2.1.0,3.2.7,0.0,0.0,0.01692844,0.022469997022705405,80.0,1.0,0.0,0.0,0.0,0.0,1.0,0.0,1.0,0.0,0.0,0.0,0.0,0.8847436416991483,0.0,0.0,0.0,1.0,20.0,1.0,support-boundary collapse,2216.6000000000004,1812.0,neural,80.0,2160.0,16320.0,0.0,0,nan,0.0,nan,exact_count,raw_state,none,2.01e-05,7680,,,0.031906478386372325,0.1,0.0,0.0,nan,nan,14,nan,nan,nan,nan,unavailable,unavailable,unavailable,nan,nan,0.0,unavailable,nan
reviewer1_sensor_factorial_development,reviewer1_sensor_factorial_development,configs/reviewer1_remaining/sensor_factorial_development/matched_conditions.yaml,combined_executed_condition,SensorizedPyBulletUAVWaypoint-v0,SensorizedPyBulletUAVWaypoint-v0,native_gymnasium_observation,fuzzy_relative_reliability,15002,train,80,,,80,4,-0.20051257850602272,20,0.0,80,13,0.005722784132768328,0.010140933096408844,0,2,2,3.096944999997504,1.3701530000253115,1.7267919999721926,1.3701530000253115,1.7267919999721926,a6856e5cafc085e89cbbb2e0fc8a8770c40029c1,1.8.0,dd539897a18ce6d787567c0969bf760cf4c6c2d331693676b7eab3ef6b71fe9b,True,3.12.13,2.12.0+cpu,2.4.6,1.2.3,3.1.0,2.1.0,3.2.7,0.0,0.0,0.01692844,0.022469997022705405,80.0,1.0,0.0,0.0,0.05,-0.0025000000000000005,1.0,0.0,1.0,0.0,0.0,0.0,0.0,0.7993969612318207,0.0,0.0,0.0,1.0,20.0,1.0,support-boundary collapse,1642.52,1793.1,neural,80.0,2160.0,16320.0,0.0,0,nan,0.0,nan,exact_count,raw_state,none,2.01e-05,7680,,,0.02811014452017844,0.15,0.25,0.0,,,,,,,,,,,,,,,
reviewer1_sensor_factorial_development,reviewer1_sensor_factorial_development,configs/reviewer1_remaining/sensor_factorial_development/matched_conditions.yaml,combined_executed_condition,SensorizedPyBulletUAVWaypoint-v0,SensorizedPyBulletUAVWaypoint-v0,native_gymnasium_observation,fuzzy_relative_reliability,15003,train,20,,,20,1,-0.9154184094583616,20,0.0,20,0,nan,nan,0,0,2,0.31851449998794124,0.31851449998794124,0.0,0.31851449998794124,0.0,a6856e5cafc085e89cbbb2e0fc8a8770c40029c1,1.8.0,dd539897a18ce6d787567c0969bf760cf4c6c2d331693676b7eab3ef6b71fe9b,True,3.12.13,2.12.0+cpu,2.4.6,1.2.3,3.1.0,2.1.0,3.2.7,0.0,0.0,0.3598159,0.3693183577429939,20.0,1.0,0.0,0.95,0.0,0.0,1.0,0.0,0.25,0.0,0.0,0.0,0.0,0.9429606512649231,0.0,0.0,0.0,0.25,5.0,1.0,unsupported,139.005,54.95,none,20.0,540.0,4080.0,0.0,0,nan,0.0,nan,exact_count,raw_state,none,3.06e-05,1920,,,0.03634171113371849,0.2,0.0,0.0,,,,,,,,,,,,,,,
reviewer1_sensor_factorial_development,reviewer1_sensor_factorial_development,configs/reviewer1_remaining/sensor_factorial_development/matched_conditions.yaml,combined_executed_condition,SensorizedPyBulletUAVWaypoint-v0,SensorizedPyBulletUAVWaypoint-v0,native_gymnasium_observation,fuzzy_relative_reliability,15003,eval,40,40,-1.0863717303052547,40,1,-1.0863717303052547,20,0.0,40,3,0.008056212216615677,0.010745758190751076,0,1,2,1.890394499991089,0.6195841999724507,1.2708103000186384,0.6195841999724507,1.2708103000186384,a6856e5cafc085e89cbbb2e0fc8a8770c40029c1,1.8.0,dd539897a18ce6d787567c0969bf760cf4c6c2d331693676b7eab3ef6b71fe9b,True,3.12.13,2.12.0+cpu,2.4.6,1.2.3,3.1.0,2.1.0,3.2.7,0.0,0.0,0.13042001,0.14567379249543916,40.0,1.0,0.0,1.0,0.0,0.0,1.0,0.0,1.0,0.0,0.0,0.0,0.0,0.9290370721984683,0.0,0.0,0.0,1.0,20.0,1.0,support-boundary collapse,2199.6700000000005,1887.7,neural,40.0,1080.0,8160.0,0.0,0,nan,0.0,nan,exact_count,raw_state,none,2.62e-05,3840,,,0.03234598999843001,0.3,0.0,0.0,nan,nan,0,nan,nan,nan,nan,unavailable,unavailable,unavailable,nan,nan,0.0,unavailable,nan
reviewer1_sensor_factorial_development,reviewer1_sensor_factorial_development,configs/reviewer1_remaining/sensor_factorial_development/matched_conditions.yaml,combined_executed_condition,SensorizedPyBulletUAVWaypoint-v0,SensorizedPyBulletUAVWaypoint-v0,native_gymnasium_observation,fuzzy_relative_reliability,15003,eval,40,40,-1.1349792539514603,40,2,-1.1349792539514603,20,0.0,40,3,0.008056212216615677,0.010745758190751076,0,1,2,1.8906375999795273,0.6198272999608889,1.2708103000186384,0.6198272999608889,1.2708103000186384,a6856e5cafc085e89cbbb2e0fc8a8770c40029c1,1.8.0,dd539897a18ce6d787567c0969bf760cf4c6c2d331693676b7eab3ef6b71fe9b,True,3.12.13,2.12.0+cpu,2.4.6,1.2.3,3.1.0,2.1.0,3.2.7,0.0,0.0,0.13042001,0.14567379249543916,40.0,1.0,0.0,1.0,0.0,0.0,1.0,0.0,1.0,0.0,0.0,0.0,0.0,0.9536223841594058,0.0,0.0,0.0,1.0,20.0,1.0,support-boundary collapse,1873.3149999999998,1721.45,neural,40.0,1080.0,8160.0,0.0,0,nan,0.0,nan,exact_count,raw_state,none,2.62e-05,3840,,,0.035725078312680125,0.3,0.95,0.0,nan,nan,7,nan,nan,nan,nan,unavailable,unavailable,unavailable,nan,nan,0.0,unavailable,nan
reviewer1_sensor_factorial_development,reviewer1_sensor_factorial_development,configs/reviewer1_remaining/sensor_factorial_development/matched_conditions.yaml,combined_executed_condition,SensorizedPyBulletUAVWaypoint-v0,SensorizedPyBulletUAVWaypoint-v0,native_gymnasium_observation,fuzzy_relative_reliability,15003,train,40,,,40,2,-0.9618049251800403,20,0.0,40,3,0.008056212216615677,0.010745758190751076,0,1,2,1.8961798999807797,0.6253695999621414,1.2708103000186384,0.6253695999621414,1.2708103000186384,a6856e5cafc085e89cbbb2e0fc8a8770c40029c1,1.8.0,dd539897a18ce6d787567c0969bf760cf4c6c2d331693676b7eab3ef6b71fe9b,True,3.12.13,2.12.0+cpu,2.4.6,1.2.3,3.1.0,2.1.0,3.2.7,0.0,0.0,0.13042001,0.14567379249543916,40.0,1.0,0.0,1.0,0.05,-0.0025000000000000005,1.0,0.0,1.0,0.0,0.0,0.0,0.0,0.9653800331502443,0.0,0.0,0.0,1.0,20.0,1.0,support-boundary collapse,659.71,70.19999999999999,neural,40.0,1080.0,8160.0,0.0,0,nan,0.0,nan,exact_count,raw_state,none,2.62e-05,3840,,,0.03428503172472119,0.15,0.0,0.0,,,,,,,,,,,,,,,
reviewer1_sensor_factorial_development,reviewer1_sensor_factorial_development,configs/reviewer1_remaining/sensor_factorial_development/matched_conditions.yaml,combined_executed_condition,SensorizedPyBulletUAVWaypoint-v0,SensorizedPyBulletUAVWaypoint-v0,native_gymnasium_observation,fuzzy_relative_reliability,15003,train,60,,,60,3,-1.0215894031710924,20,0.0,60,8,0.007419164176099002,0.01299707405269146,0,1,2,2.33832739997888,1.0675170999602415,1.2708103000186384,1.0675170999602415,1.2708103000186384,a6856e5cafc085e89cbbb2e0fc8a8770c40029c1,1.8.0,dd539897a18ce6d787567c0969bf760cf4c6c2d331693676b7eab3ef6b71fe9b,True,3.12.13,2.12.0+cpu,2.4.6,1.2.3,3.1.0,2.1.0,3.2.7,0.0,0.0,0.048453033,0.062417953815936726,60.0,1.0,0.0,1.0,0.0,0.0,1.0,0.0,1.0,0.0,0.0,0.0,0.0,0.9760916765137617,0.0,0.0,0.0,1.0,20.0,1.0,support-boundary collapse,1258.465,1511.1999999999998,neural,60.0,1620.0,12240.0,0.0,0,nan,0.0,nan,exact_count,raw_state,none,3.76e-05,5760,,,0.034100811812095344,0.15,0.95,0.0,,,,,,,,,,,,,,,
reviewer1_sensor_factorial_development,reviewer1_sensor_factorial_development,configs/reviewer1_remaining/sensor_factorial_development/matched_conditions.yaml,combined_executed_condition,SensorizedPyBulletUAVWaypoint-v0,SensorizedPyBulletUAVWaypoint-v0,native_gymnasium_observation,fuzzy_relative_reliability,15003,eval,80,80,-1.145184371843934,80,1,-1.145184371843934,20,0.0,80,13,0.007491607756282275,0.013097009621560574,0,2,2,3.7962575999845285,1.381750499975169,2.4145071000093594,1.381750499975169,2.4145071000093594,a6856e5cafc085e89cbbb2e0fc8a8770c40029c1,1.8.0,dd539897a18ce6d787567c0969bf760cf4c6c2d331693676b7eab3ef6b71fe9b,True,3.12.13,2.12.0+cpu,2.4.6,1.2.3,3.1.0,2.1.0,3.2.7,0.0,0.0,0.017485924,0.026482306973588353,80.0,1.0,0.0,1.0,0.0,0.0,1.0,0.0,1.0,0.0,0.0,0.0,0.0,0.9096753730421053,0.0,0.0,0.0,1.0,20.0,1.0,support-boundary collapse,2687.66,2496.15,neural,80.0,2160.0,16320.0,0.0,0,nan,0.0,nan,exact_count,raw_state,none,4.34e-05,7680,,,0.03504759585484862,0.3,0.95,0.0,nan,nan,0,nan,nan,nan,nan,unavailable,unavailable,unavailable,nan,nan,0.0,unavailable,nan
reviewer1_sensor_factorial_development,reviewer1_sensor_factorial_development,configs/reviewer1_remaining/sensor_factorial_development/matched_conditions.yaml,combined_executed_condition,SensorizedPyBulletUAVWaypoint-v0,SensorizedPyBulletUAVWaypoint-v0,native_gymnasium_observation,fuzzy_relative_reliability,15003,eval,80,80,-1.1097628085687756,80,2,-1.1097628085687756,20,0.0,80,13,0.007491607756282275,0.013097009621560574,0,2,2,3.8000885999936145,1.385581499984255,2.4145071000093594,1.385581499984255,2.4145071000093594,a6856e5cafc085e89cbbb2e0fc8a8770c40029c1,1.8.0,dd539897a18ce6d787567c0969bf760cf4c6c2d331693676b7eab3ef6b71fe9b,True,3.12.13,2.12.0+cpu,2.4.6,1.2.3,3.1.0,2.1.0,3.2.7,0.0,0.0,0.017485924,0.026482306973588353,80.0,1.0,0.0,1.0,0.0,0.0,1.0,0.0,1.0,0.0,0.0,0.0,0.0,0.8840264182561943,0.0,0.0,0.0,1.0,20.0,1.0,support-boundary collapse,3583.22,3393.3,neural,80.0,2160.0,16320.0,0.0,0,nan,0.0,nan,exact_count,raw_state,none,4.34e-05,7680,,,0.031555724004283546,0.15,0.3,0.0,nan,nan,0,nan,nan,nan,nan,unavailable,unavailable,unavailable,nan,nan,0.0,unavailable,nan
reviewer1_sensor_factorial_development,reviewer1_sensor_factorial_development,configs/reviewer1_remaining/sensor_factorial_development/matched_conditions.yaml,combined_executed_condition,SensorizedPyBulletUAVWaypoint-v0,SensorizedPyBulletUAVWaypoint-v0,native_gymnasium_observation,fuzzy_relative_reliability,15003,train,80,,,80,4,-0.25408923688810314,20,0.0,80,13,0.007491607756282275,0.013097009621560574,0,2,2,3.8061595000035595,1.3916523999942,2.4145071000093594,1.3916523999942,2.4145071000093594,a6856e5cafc085e89cbbb2e0fc8a8770c40029c1,1.8.0,dd539897a18ce6d787567c0969bf760cf4c6c2d331693676b7eab3ef6b71fe9b,True,3.12.13,2.12.0+cpu,2.4.6,1.2.3,3.1.0,2.1.0,3.2.7,0.0,0.0,0.017485924,0.026482306973588353,80.0,1.0,0.0,0.0,0.0,0.0,1.0,0.0,1.0,0.0,0.0,0.0,0.0,0.8896167927355185,0.0,0.05,0.0,1.0,20.0,1.0,support-boundary collapse,1497.98,1696.5,neural,80.0,2160.0,16320.0,0.0,0,nan,0.0,nan,exact_count,raw_state,none,4.34e-05,7680,,,0.025779383501503616,0.1,0.4,0.0,,,,,,,,,,,,,,,
reviewer1_sensor_factorial_development,reviewer1_sensor_factorial_development,configs/reviewer1_remaining/sensor_factorial_development/matched_conditions.yaml,combined_executed_condition,SensorizedPyBulletUAVWaypoint-v0,SensorizedPyBulletUAVWaypoint-v0,native_gymnasium_observation,selected_approximate_support,15002,train,20,,,20,1,-0.9854947755485775,20,0.0,20,0,nan,nan,0,0,2,0.37386000002152286,0.37386000002152286,0.0,0.37386000002152286,0.0,a6856e5cafc085e89cbbb2e0fc8a8770c40029c1,1.8.0,dd539897a18ce6d787567c0969bf760cf4c6c2d331693676b7eab3ef6b71fe9b,True,3.12.13,2.12.0+cpu,2.4.6,1.2.3,3.1.0,2.1.0,3.2.7,9.883771562251065e-07,0.0,1.0,1.0,20.0,1.0,0.0,1.0,0.0,0.0,1.0,4.941885781125532e-07,0.49999950581142183,0.0,nan,nan,4.941885781125532e-07,nan,0.0,0.5,nan,0.0,nan,nan,approximate-only,164.73499999999999,72.35,neural,20.0,540.0,4080.0,9.883771562251065e-07,3,1.3592277765274048,9.88378133115475e-07,nan,gaussian_affinity,raw_state,brute_force,0.0004057,1760,,,0.028906295308843255,0.2,0.45,0.0,,,,,,,,,,,,,,,
reviewer1_sensor_factorial_development,reviewer1_sensor_factorial_development,configs/reviewer1_remaining/sensor_factorial_development/matched_conditions.yaml,combined_executed_condition,SensorizedPyBulletUAVWaypoint-v0,SensorizedPyBulletUAVWaypoint-v0,native_gymnasium_observation,selected_approximate_support,15002,eval,40,40,-1.1052895222976804,40,1,-1.1052895222976804,20,0.0,40,3,0.008543274986247221,0.010140933096408844,0,1,2,1.578646400012076,0.7530647999956273,0.8255816000164486,0.7530647999956273,0.8255816000164486,a6856e5cafc085e89cbbb2e0fc8a8770c40029c1,1.8.0,dd539897a18ce6d787567c0969bf760cf4c6c2d331693676b7eab3ef6b71fe9b,True,3.12.13,2.12.0+cpu,2.4.6,1.2.3,3.1.0,2.1.0,3.2.7,0.5174688884225185,0.0,1.0,1.0,40.0,1.0,0.0,1.0,0.0,0.0,1.0,0.5342896464665041,0.4657103535334959,0.0,nan,nan,0.5342896464665041,nan,0.0,1.0,nan,0.0,nan,nan,approximate-only,2104.205,2031.9499999999998,memory,40.0,1080.0,8160.0,0.46647523581144346,3,0.3570713996887207,0.8743272423744202,nan,gaussian_affinity,raw_state,brute_force,0.0002591,3520,,,0.03632596479728818,0.45,0.0,0.0,0,6,6,nan,nan,nan,0.49999999749999996,neural,unavailable,unavailable,nan,nan,0.0,unavailable,nan
reviewer1_sensor_factorial_development,reviewer1_sensor_factorial_development,configs/reviewer1_remaining/sensor_factorial_development/matched_conditions.yaml,combined_executed_condition,SensorizedPyBulletUAVWaypoint-v0,SensorizedPyBulletUAVWaypoint-v0,native_gymnasium_observation,selected_approximate_support,15002,eval,40,40,-1.0858635087497532,40,2,-1.0858635087497532,20,0.0,40,3,0.008543274986247221,0.010140933096408844,0,1,2,1.5789424999966286,0.75336089998018,0.8255816000164486,0.75336089998018,0.8255816000164486,a6856e5cafc085e89cbbb2e0fc8a8770c40029c1,1.8.0,dd539897a18ce6d787567c0969bf760cf4c6c2d331693676b7eab3ef6b71fe9b,True,3.12.13,2.12.0+cpu,2.4.6,1.2.3,3.1.0,2.1.0,3.2.7,0.5174688884225185,0.0,1.0,1.0,40.0,1.0,0.0,1.0,0.0,0.0,1.0,0.5860885779351425,0.4139114220648576,0.0,nan,nan,0.5860885779351425,nan,0.0,1.0,nan,0.0,nan,nan,approximate-only,2066.28,1892.35,memory,40.0,1080.0,8160.0,0.46647523581144346,3,0.3570713996887207,0.8743272423744202,nan,gaussian_affinity,raw_state,brute_force,0.0002591,3520,,,0.03541729198768735,0.1,0.0,0.0,0,6,6,nan,nan,nan,0.49999999749999996,neural,unavailable,unavailable,nan,nan,0.0,unavailable,nan
reviewer1_sensor_factorial_development,reviewer1_sensor_factorial_development,configs/reviewer1_remaining/sensor_factorial_development/matched_conditions.yaml,combined_executed_condition,SensorizedPyBulletUAVWaypoint-v0,SensorizedPyBulletUAVWaypoint-v0,native_gymnasium_observation,selected_approximate_support,15002,train,40,,,40,2,-1.0483325724583124,20,0.0,40,3,0.008543274986247221,0.010140933096408844,0,1,2,1.5836366000003181,0.7580549999838695,0.8255816000164486,0.7580549999838695,0.8255816000164486,a6856e5cafc085e89cbbb2e0fc8a8770c40029c1,1.8.0,dd539897a18ce6d787567c0969bf760cf4c6c2d331693676b7eab3ef6b71fe9b,True,3.12.13,2.12.0+cpu,2.4.6,1.2.3,3.1.0,2.1.0,3.2.7,0.5174688884225185,0.0,1.0,1.0,40.0,1.0,0.0,1.0,0.0,0.0,1.0,0.6051586218233312,0.39484137817666887,0.0,nan,nan,0.6051586218233312,nan,0.0,0.95,nan,0.05,nan,nan,approximate-only,1348.435,1407.6,memory,40.0,1080.0,8160.0,0.46647523581144346,3,0.3570713996887207,0.8743272423744202,nan,gaussian_affinity,raw_state,brute_force,0.0002591,3520,,,0.026735021080821753,0.15,0.0,0.0,,,,,,,,,,,,,,,
reviewer1_sensor_factorial_development,reviewer1_sensor_factorial_development,configs/reviewer1_remaining/sensor_factorial_development/matched_conditions.yaml,combined_executed_condition,SensorizedPyBulletUAVWaypoint-v0,SensorizedPyBulletUAVWaypoint-v0,native_gymnasium_observation,selected_approximate_support,15002,train,60,,,60,3,-0.1908463796414435,20,0.0,60,8,0.007019246695563197,0.010140933096408844,0,1,2,1.8681811999995261,1.0425995999830775,0.8255816000164486,1.0425995999830775,0.8255816000164486,a6856e5cafc085e89cbbb2e0fc8a8770c40029c1,1.8.0,dd539897a18ce6d787567c0969bf760cf4c6c2d331693676b7eab3ef6b71fe9b,True,3.12.13,2.12.0+cpu,2.4.6,1.2.3,3.1.0,2.1.0,3.2.7,0.5602464490696607,0.0,1.0,1.0,60.0,1.0,0.0,0.05,0.0,0.0,1.0,0.5838474100792832,0.4161525899207169,0.0,nan,nan,0.5838474100792832,nan,0.0,1.0,nan,0.0,nan,nan,approximate-only,1162.905,1414.6,memory,60.0,1620.0,12240.0,0.6925899915318126,3,0.18027757108211517,2.2529845237731934,nan,gaussian_affinity,raw_state,brute_force,0.0003605,5280,,,0.03635365376248956,0.15,1.0,0.0,,,,,,,,,,,,,,,
reviewer1_sensor_factorial_development,reviewer1_sensor_factorial_development,configs/reviewer1_remaining/sensor_factorial_development/matched_conditions.yaml,combined_executed_condition,SensorizedPyBulletUAVWaypoint-v0,SensorizedPyBulletUAVWaypoint-v0,native_gymnasium_observation,selected_approximate_support,15002,eval,80,80,-0.2914035322610289,80,1,-0.2914035322610289,20,0.0,80,13,0.005722784132768328,0.010140933096408844,0,2,2,2.8252731000247877,1.3127096999960486,1.5125634000287391,1.3127096999960486,1.5125634000287391,a6856e5cafc085e89cbbb2e0fc8a8770c40029c1,1.8.0,dd539897a18ce6d787567c0969bf760cf4c6c2d331693676b7eab3ef6b71fe9b,True,3.12.13,2.12.0+cpu,2.4.6,1.2.3,3.1.0,2.1.0,3.2.7,0.6133293003433385,0.0,1.0,1.0,80.0,1.0,0.0,0.2,0.0,0.0,1.0,0.6559568605373741,0.34404313946262594,0.0,nan,nan,0.6559568605373741,nan,0.0,1.0,nan,0.0,nan,nan,approximate-only,2528.91,2434.35,memory,80.0,2160.0,16320.0,0.11569200334321783,3,0.6204836964607239,0.13082772493362427,nan,gaussian_affinity,raw_state,brute_force,0.0004782,7040,,,0.0359200038947165,0.15,0.2,0.0,0,23,23,nan,nan,nan,0.49999999749999996,neural,unavailable,unavailable,nan,nan,0.0,unavailable,nan
reviewer1_sensor_factorial_development,reviewer1_sensor_factorial_development,configs/reviewer1_remaining/sensor_factorial_development/matched_conditions.yaml,combined_executed_condition,SensorizedPyBulletUAVWaypoint-v0,SensorizedPyBulletUAVWaypoint-v0,native_gymnasium_observation,selected_approximate_support,15002,eval,80,80,-0.14609989696531558,80,2,-0.14609989696531558,20,0.0,80,13,0.005722784132768328,0.010140933096408844,0,2,2,2.825557900010608,1.312994499981869,1.5125634000287391,1.312994499981869,1.5125634000287391,a6856e5cafc085e89cbbb2e0fc8a8770c40029c1,1.8.0,dd539897a18ce6d787567c0969bf760cf4c6c2d331693676b7eab3ef6b71fe9b,True,3.12.13,2.12.0+cpu,2.4.6,1.2.3,3.1.0,2.1.0,3.2.7,0.6133293003433385,0.0,1.0,1.0,80.0,1.0,0.0,0.0,0.0,0.0,1.0,0.1026840739181486,0.8973159260818514,0.0,nan,nan,0.1026840739181486,nan,0.0,1.0,nan,0.0,nan,nan,approximate-only,2267.8550000000005,2122.65,neural,80.0,2160.0,16320.0,0.11569200334321783,3,0.6204836964607239,0.13082772493362427,nan,gaussian_affinity,raw_state,brute_force,0.0004782,7040,,,0.031906478386372325,0.1,0.0,0.0,0,14,14,nan,nan,nan,0.49999999749999996,neural,unavailable,unavailable,nan,nan,0.0,unavailable,nan
reviewer1_sensor_factorial_development,reviewer1_sensor_factorial_development,configs/reviewer1_remaining/sensor_factorial_development/matched_conditions.yaml,combined_executed_condition,SensorizedPyBulletUAVWaypoint-v0,SensorizedPyBulletUAVWaypoint-v0,native_gymnasium_observation,selected_approximate_support,15002,train,80,,,80,4,-0.20051257850602272,20,0.0,80,13,0.005722784132768328,0.010140933096408844,0,2,2,2.8280004000116605,1.3154369999829214,1.5125634000287391,1.3154369999829214,1.5125634000287391,a6856e5cafc085e89cbbb2e0fc8a8770c40029c1,1.8.0,dd539897a18ce6d787567c0969bf760cf4c6c2d331693676b7eab3ef6b71fe9b,True,3.12.13,2.12.0+cpu,2.4.6,1.2.3,3.1.0,2.1.0,3.2.7,0.6133293003433385,0.0,1.0,1.0,80.0,1.0,0.0,0.0,0.05,-0.0025000000000000005,1.0,0.6893953138273873,0.31060468617261267,0.0,nan,nan,0.6893953138273873,nan,0.0,1.0,nan,0.0,nan,nan,approximate-only,1961.4450000000002,1937.25,memory,80.0,2160.0,16320.0,0.11569200334321783,3,0.6204836964607239,0.13082772493362427,nan,gaussian_affinity,raw_state,brute_force,0.0004782,7040,,,0.02811014452017844,0.15,0.25,0.0,,,,,,,,,,,,,,,
reviewer1_sensor_factorial_development,reviewer1_sensor_factorial_development,configs/reviewer1_remaining/sensor_factorial_development/matched_conditions.yaml,combined_executed_condition,SensorizedPyBulletUAVWaypoint-v0,SensorizedPyBulletUAVWaypoint-v0,native_gymnasium_observation,selected_approximate_support,15003,train,20,,,20,1,-0.9154184094583616,20,0.0,20,0,nan,nan,0,0,2,0.36288870000862516,0.36288870000862516,0.0,0.36288870000862516,0.0,a6856e5cafc085e89cbbb2e0fc8a8770c40029c1,1.8.0,dd539897a18ce6d787567c0969bf760cf4c6c2d331693676b7eab3ef6b71fe9b,True,3.12.13,2.12.0+cpu,2.4.6,1.2.3,3.1.0,2.1.0,3.2.7,0.7038274805016237,0.0,1.0,1.0,20.0,1.0,0.0,0.95,0.0,0.0,1.0,0.17595687012540592,0.07404312987459408,0.0,nan,nan,0.17595687012540592,nan,0.0,0.25,nan,0.0,nan,nan,unsupported,267.07,83.3,none,20.0,540.0,4080.0,0.7038274805016237,3,0.15811386704444885,2.376410484313965,nan,gaussian_affinity,raw_state,brute_force,0.0012424,1760,,,0.03634171113371849,0.2,0.0,0.0,,,,,,,,,,,,,,,
reviewer1_sensor_factorial_development,reviewer1_sensor_factorial_development,configs/reviewer1_remaining/sensor_factorial_development/matched_conditions.yaml,combined_executed_condition,SensorizedPyBulletUAVWaypoint-v0,SensorizedPyBulletUAVWaypoint-v0,native_gymnasium_observation,selected_approximate_support,15003,eval,40,40,-1.0863717303052547,40,1,-1.0863717303052547,20,0.0,40,3,0.008056212216615677,0.010745758190751076,0,1,2,1.4870904000126757,0.6965220000129193,0.7905683999997564,0.6965220000129193,0.7905683999997564,a6856e5cafc085e89cbbb2e0fc8a8770c40029c1,1.8.0,dd539897a18ce6d787567c0969bf760cf4c6c2d331693676b7eab3ef6b71fe9b,True,3.12.13,2.12.0+cpu,2.4.6,1.2.3,3.1.0,2.1.0,3.2.7,0.6122525859063421,0.0,1.0,1.0,40.0,1.0,0.0,1.0,0.0,0.0,1.0,0.6174887250556688,0.38251127494433135,0.0,nan,nan,0.6174887250556688,nan,0.0,1.0,nan,0.0,nan,nan,approximate-only,2106.74,1845.45,memory,40.0,1080.0,8160.0,0.0,0,2.2022714614868164,0.0,nan,gaussian_affinity,raw_state,brute_force,0.0004093,3520,,,0.03234598999843001,0.3,0.0,0.0,0,0,0,nan,nan,nan,0.49999999749999996,neural,unavailable,unavailable,nan,nan,0.0,unavailable,nan
reviewer1_sensor_factorial_development,reviewer1_sensor_factorial_development,configs/reviewer1_remaining/sensor_factorial_development/matched_conditions.yaml,combined_executed_condition,SensorizedPyBulletUAVWaypoint-v0,SensorizedPyBulletUAVWaypoint-v0,native_gymnasium_observation,selected_approximate_support,15003,eval,40,40,-1.1349792539514603,40,2,-1.1349792539514603,20,0.0,40,3,0.008056212216615677,0.010745758190751076,0,1,2,1.487365500011947,0.6967971000121906,0.7905683999997564,0.6967971000121906,0.7905683999997564,a6856e5cafc085e89cbbb2e0fc8a8770c40029c1,1.8.0,dd539897a18ce6d787567c0969bf760cf4c6c2d331693676b7eab3ef6b71fe9b,True,3.12.13,2.12.0+cpu,2.4.6,1.2.3,3.1.0,2.1.0,3.2.7,0.6122525859063421,0.0,1.0,1.0,40.0,1.0,0.0,1.0,0.0,0.0,1.0,0.00011064052723846396,0.9998893594727616,0.0,nan,nan,0.00011064052723846396,nan,0.0,0.05,nan,0.95,nan,nan,unsupported,1697.92,1597.35,neural,40.0,1080.0,8160.0,0.0,0,2.2022714614868164,0.0,nan,gaussian_affinity,raw_state,brute_force,0.0004093,3520,,,0.035725078312680125,0.3,0.95,0.0,0,7,7,nan,nan,nan,0.49999999749999996,neural,unavailable,unavailable,nan,nan,0.0,unavailable,nan
reviewer1_sensor_factorial_development,reviewer1_sensor_factorial_development,configs/reviewer1_remaining/sensor_factorial_development/matched_conditions.yaml,combined_executed_condition,SensorizedPyBulletUAVWaypoint-v0,SensorizedPyBulletUAVWaypoint-v0,native_gymnasium_observation,selected_approximate_support,15003,train,40,,,40,2,-0.9618049251800403,20,0.0,40,3,0.008056212216615677,0.010745758190751076,0,1,2,1.5291834000090603,0.7386150000093039,0.7905683999997564,0.7386150000093039,0.7905683999997564,a6856e5cafc085e89cbbb2e0fc8a8770c40029c1,1.8.0,dd539897a18ce6d787567c0969bf760cf4c6c2d331693676b7eab3ef6b71fe9b,True,3.12.13,2.12.0+cpu,2.4.6,1.2.3,3.1.0,2.1.0,3.2.7,0.6122525859063421,0.0,1.0,1.0,40.0,1.0,0.0,1.0,0.05,-0.0025000000000000005,1.0,0.6622929634248302,0.3377070365751697,0.0,nan,nan,0.6622929634248302,nan,0.0,0.95,nan,0.05,nan,nan,approximate-only,812.305,103.5,memory,40.0,1080.0,8160.0,0.0,0,2.2022714614868164,0.0,nan,gaussian_affinity,raw_state,brute_force,0.0004093,3520,,,0.03428503172472119,0.15,0.0,0.0,,,,,,,,,,,,,,,
reviewer1_sensor_factorial_development,reviewer1_sensor_factorial_development,configs/reviewer1_remaining/sensor_factorial_development/matched_conditions.yaml,combined_executed_condition,SensorizedPyBulletUAVWaypoint-v0,SensorizedPyBulletUAVWaypoint-v0,native_gymnasium_observation,selected_approximate_support,15003,train,60,,,60,3,-1.057167814327404,20,0.0,60,8,0.007421063957735896,0.013001865707337856,0,1,2,1.7902992000163067,0.9997308000165503,0.7905683999997564,0.9997308000165503,0.7905683999997564,a6856e5cafc085e89cbbb2e0fc8a8770c40029c1,1.8.0,dd539897a18ce6d787567c0969bf760cf4c6c2d331693676b7eab3ef6b71fe9b,True,3.12.13,2.12.0+cpu,2.4.6,1.2.3,3.1.0,2.1.0,3.2.7,0.6084566402389986,0.0,1.0,1.0,60.0,1.0,0.0,1.0,0.0,0.0,1.0,0.5832121643387792,0.4167878356612208,0.0,nan,nan,0.5832121643387792,nan,0.0,0.95,nan,0.05,nan,nan,approximate-only,1174.8799999999999,1563.1,memory,60.0,1620.0,12240.0,0.7038274805016237,3,0.15811383724212646,2.376410484313965,nan,gaussian_affinity,raw_state,brute_force,0.0005874,5280,,,0.03374876664020121,0.15,0.95,0.0,,,,,,,,,,,,,,,
reviewer1_sensor_factorial_development,reviewer1_sensor_factorial_development,configs/reviewer1_remaining/sensor_factorial_development/matched_conditions.yaml,combined_executed_condition,SensorizedPyBulletUAVWaypoint-v0,SensorizedPyBulletUAVWaypoint-v0,native_gymnasium_observation,selected_approximate_support,15003,eval,80,80,-1.145184371843934,80,1,-1.145184371843934,20,0.0,80,13,0.007494813440224299,0.01307242177426815,0,2,2,2.802518999989843,1.3229984999925364,1.4795204999973066,1.3229984999925364,1.4795204999973066,a6856e5cafc085e89cbbb2e0fc8a8770c40029c1,1.8.0,dd539897a18ce6d787567c0969bf760cf4c6c2d331693676b7eab3ef6b71fe9b,True,3.12.13,2.12.0+cpu,2.4.6,1.2.3,3.1.0,2.1.0,3.2.7,0.5857632823388591,0.0,1.0,1.0,80.0,1.0,0.0,1.0,0.0,0.0,1.0,0.565258746668696,0.43474125333130403,0.0,nan,nan,0.565258746668696,nan,0.0,1.0,nan,0.0,nan,nan,approximate-only,2034.8349999999996,1888.7,memory,80.0,2160.0,16320.0,0.6440984984870828,3,0.23452074825763702,1.809766173362732,nan,gaussian_affinity,raw_state,brute_force,0.0004541,7040,,,0.03504759585484862,0.3,0.95,0.0,1,0,0,nan,nan,nan,0.49999999749999996,neural,unavailable,unavailable,nan,nan,0.0,unavailable,nan
reviewer1_sensor_factorial_development,reviewer1_sensor_factorial_development,configs/reviewer1_remaining/sensor_factorial_development/matched_conditions.yaml,combined_executed_condition,SensorizedPyBulletUAVWaypoint-v0,SensorizedPyBulletUAVWaypoint-v0,native_gymnasium_observation,selected_approximate_support,15003,eval,80,80,-1.1097628085687756,80,2,-1.1097628085687756,20,0.0,80,13,0.007494813440224299,0.01307242177426815,0,2,2,2.8029353999882005,1.323414899990894,1.4795204999973066,1.323414899990894,1.4795204999973066,a6856e5cafc085e89cbbb2e0fc8a8770c40029c1,1.8.0,dd539897a18ce6d787567c0969bf760cf4c6c2d331693676b7eab3ef6b71fe9b,True,3.12.13,2.12.0+cpu,2.4.6,1.2.3,3.1.0,2.1.0,3.2.7,0.5857632823388591,0.0,1.0,1.0,80.0,1.0,0.0,1.0,0.0,0.0,1.0,0.614579964360358,0.38542003563964206,0.0,nan,nan,0.614579964360358,nan,0.0,1.0,nan,0.0,nan,nan,approximate-only,2028.6350000000002,1969.4,memory,80.0,2160.0,16320.0,0.6440984984870828,3,0.23452074825763702,1.809766173362732,nan,gaussian_affinity,raw_state,brute_force,0.0004541,7040,,,0.031555724004283546,0.15,0.3,0.0,1,0,0,nan,nan,nan,0.49999999749999996,neural,unavailable,unavailable,nan,nan,0.0,unavailable,nan
reviewer1_sensor_factorial_development,reviewer1_sensor_factorial_development,configs/reviewer1_remaining/sensor_factorial_development/matched_conditions.yaml,combined_executed_condition,SensorizedPyBulletUAVWaypoint-v0,SensorizedPyBulletUAVWaypoint-v0,native_gymnasium_observation,selected_approximate_support,15003,train,80,,,80,4,-0.25408923688810314,20,0.0,80,13,0.007494813440224299,0.01307242177426815,0,2,2,2.804833400005009,1.3253129000077024,1.4795204999973066,1.3253129000077024,1.4795204999973066,a6856e5cafc085e89cbbb2e0fc8a8770c40029c1,1.8.0,dd539897a18ce6d787567c0969bf760cf4c6c2d331693676b7eab3ef6b71fe9b,True,3.12.13,2.12.0+cpu,2.4.6,1.2.3,3.1.0,2.1.0,3.2.7,0.5857632823388591,0.0,1.0,1.0,80.0,1.0,0.0,0.0,0.0,0.0,1.0,0.5186470434428798,0.4813529565571201,0.0,nan,nan,0.5186470434428798,nan,0.0,1.0,nan,0.0,nan,nan,approximate-only,1690.3149999999998,1714.65,memory,80.0,2160.0,16320.0,0.6440984984870828,3,0.23452074825763702,1.809766173362732,nan,gaussian_affinity,raw_state,brute_force,0.0004541,7040,,,0.025779383501503616,0.1,0.4,0.0,,,,,,,,,,,,,,,
reviewer1_sensor_factorial_development,reviewer1_sensor_factorial_development,configs/reviewer1_remaining/sensor_factorial_development/matched_conditions.yaml,combined_executed_condition,SensorizedPyBulletUAVWaypoint-v0,SensorizedPyBulletUAVWaypoint-v0,native_gymnasium_observation,sensorized_controller,15002,train,20,,,20,1,-0.9814269082527608,20,0.0,20,0,nan,nan,0,0,2,0.36356440000236034,0.36356440000236034,0.0,0.36356440000236034,0.0,a6856e5cafc085e89cbbb2e0fc8a8770c40029c1,1.8.0,dd539897a18ce6d787567c0969bf760cf4c6c2d331693676b7eab3ef6b71fe9b,True,3.12.13,2.12.0+cpu,2.4.6,1.2.3,3.1.0,2.1.0,3.2.7,,,,,,1.0,0.0,1.0,0.0,0.0,1.0,0.0,0.0,0.0,nan,nan,0.0,nan,0.0,0.0,nan,0.0,nan,nan,unsupported,69.54,46.650000000000006,none,0.0,0.0,0.0,,,,,,,,,,,,,0.029004858410917222,0.2,0.5,0.0,,,,,,,,,,,,,,,
reviewer1_sensor_factorial_development,reviewer1_sensor_factorial_development,configs/reviewer1_remaining/sensor_factorial_development/matched_conditions.yaml,combined_executed_condition,SensorizedPyBulletUAVWaypoint-v0,SensorizedPyBulletUAVWaypoint-v0,native_gymnasium_observation,sensorized_controller,15002,eval,40,40,-0.9296508235158398,40,1,-0.9296508235158398,20,0.0,40,0,nan,nan,0,1,2,1.3005420000117738,0.602155100001255,0.6983869000105187,0.602155100001255,0.6983869000105187,a6856e5cafc085e89cbbb2e0fc8a8770c40029c1,1.8.0,dd539897a18ce6d787567c0969bf760cf4c6c2d331693676b7eab3ef6b71fe9b,True,3.12.13,2.12.0+cpu,2.4.6,1.2.3,3.1.0,2.1.0,3.2.7,,,,,,1.0,0.0,1.0,0.0,0.0,1.0,0.0,0.0,0.0,nan,nan,0.0,nan,0.0,0.0,nan,0.0,nan,nan,unsupported,505.43500000000006,470.0,mixed,0.0,0.0,0.0,,,,,,,,,,,,,0.039198821596801284,0.45,0.0,0.0,nan,nan,2,nan,nan,nan,nan,unavailable,unavailable,unavailable,nan,nan,0.0,unavailable,nan
reviewer1_sensor_factorial_development,reviewer1_sensor_factorial_development,configs/reviewer1_remaining/sensor_factorial_development/matched_conditions.yaml,combined_executed_condition,SensorizedPyBulletUAVWaypoint-v0,SensorizedPyBulletUAVWaypoint-v0,native_gymnasium_observation,sensorized_controller,15002,eval,40,40,-0.8907218573987484,40,2,-0.8907218573987484,20,0.0,40,0,nan,nan,0,1,2,1.3007630000065546,0.6023760999960359,0.6983869000105187,0.6023760999960359,0.6983869000105187,a6856e5cafc085e89cbbb2e0fc8a8770c40029c1,1.8.0,dd539897a18ce6d787567c0969bf760cf4c6c2d331693676b7eab3ef6b71fe9b,True,3.12.13,2.12.0+cpu,2.4.6,1.2.3,3.1.0,2.1.0,3.2.7,,,,,,1.0,0.0,1.0,0.0,0.0,1.0,0.0,0.0,0.0,nan,nan,0.0,nan,0.0,0.0,nan,0.0,nan,nan,unsupported,598.1600000000001,484.0,mixed,0.0,0.0,0.0,,,,,,,,,,,,,0.0345804063603282,0.1,0.0,0.0,nan,nan,2,nan,nan,nan,nan,unavailable,unavailable,unavailable,nan,nan,0.0,unavailable,nan
reviewer1_sensor_factorial_development,reviewer1_sensor_factorial_development,configs/reviewer1_remaining/sensor_factorial_development/matched_conditions.yaml,combined_executed_condition,SensorizedPyBulletUAVWaypoint-v0,SensorizedPyBulletUAVWaypoint-v0,native_gymnasium_observation,sensorized_controller,15002,train,40,,,40,2,-0.9981759650446475,20,0.0,40,0,nan,nan,0,1,2,1.3091520000016317,0.610765099991113,0.6983869000105187,0.610765099991113,0.6983869000105187,a6856e5cafc085e89cbbb2e0fc8a8770c40029c1,1.8.0,dd539897a18ce6d787567c0969bf760cf4c6c2d331693676b7eab3ef6b71fe9b,True,3.12.13,2.12.0+cpu,2.4.6,1.2.3,3.1.0,2.1.0,3.2.7,,,,,,1.0,0.0,1.0,0.05,-0.0025000000000000005,1.0,0.0,0.0,0.0,nan,nan,0.0,nan,0.0,0.0,nan,0.0,nan,nan,unsupported,60.05499999999999,41.95,none,0.0,0.0,0.0,,,,,,,,,,,,,0.027010121988132595,0.15,0.0,0.0,,,,,,,,,,,,,,,
reviewer1_sensor_factorial_development,reviewer1_sensor_factorial_development,configs/reviewer1_remaining/sensor_factorial_development/matched_conditions.yaml,combined_executed_condition,SensorizedPyBulletUAVWaypoint-v0,SensorizedPyBulletUAVWaypoint-v0,native_gymnasium_observation,sensorized_controller,15002,train,60,,,60,3,-0.34030310485512016,20,0.0,60,0,nan,nan,0,1,2,1.5046739999961574,0.8062870999856386,0.6983869000105187,0.8062870999856386,0.6983869000105187,a6856e5cafc085e89cbbb2e0fc8a8770c40029c1,1.8.0,dd539897a18ce6d787567c0969bf760cf4c6c2d331693676b7eab3ef6b71fe9b,True,3.12.13,2.12.0+cpu,2.4.6,1.2.3,3.1.0,2.1.0,3.2.7,,,,,,1.0,0.0,0.1,0.05,-0.0025000000000000005,1.0,0.0,0.0,0.0,nan,nan,0.0,nan,0.0,0.0,nan,0.0,nan,nan,unsupported,35.855,34.25,none,0.0,0.0,0.0,,,,,,,,,,,,,0.03618632354773581,0.15,1.0,0.0,,,,,,,,,,,,,,,
reviewer1_sensor_factorial_development,reviewer1_sensor_factorial_development,configs/reviewer1_remaining/sensor_factorial_development/matched_conditions.yaml,combined_executed_condition,SensorizedPyBulletUAVWaypoint-v0,SensorizedPyBulletUAVWaypoint-v0,native_gymnasium_observation,sensorized_controller,15002,eval,80,80,-0.4489766987599433,80,1,-0.4489766987599433,20,0.0,80,0,nan,nan,0,2,2,2.3506157000083476,0.972498999995878,1.3781167000124697,0.972498999995878,1.3781167000124697,a6856e5cafc085e89cbbb2e0fc8a8770c40029c1,1.8.0,dd539897a18ce6d787567c0969bf760cf4c6c2d331693676b7eab3ef6b71fe9b,True,3.12.13,2.12.0+cpu,2.4.6,1.2.3,3.1.0,2.1.0,3.2.7,,,,,,1.0,0.0,0.4,0.2,-0.010000000000000002,1.0,0.0,0.0,0.0,nan,nan,0.0,nan,0.0,0.0,nan,0.0,nan,nan,unsupported,438.5799999999999,413.2,mixed,0.0,0.0,0.0,,,,,,,,,,,,,0.03613195000216365,0.15,0.2,0.0,nan,nan,20,nan,nan,nan,nan,unavailable,unavailable,unavailable,nan,nan,0.0,unavailable,nan
reviewer1_sensor_factorial_development,reviewer1_sensor_factorial_development,configs/reviewer1_remaining/sensor_factorial_development/matched_conditions.yaml,combined_executed_condition,SensorizedPyBulletUAVWaypoint-v0,SensorizedPyBulletUAVWaypoint-v0,native_gymnasium_observation,sensorized_controller,15002,eval,80,80,-0.09923492901027202,80,2,-0.09923492901027202,20,0.0,80,0,nan,nan,0,2,2,2.3508067000075243,0.9726899999950547,1.3781167000124697,0.9726899999950547,1.3781167000124697,a6856e5cafc085e89cbbb2e0fc8a8770c40029c1,1.8.0,dd539897a18ce6d787567c0969bf760cf4c6c2d331693676b7eab3ef6b71fe9b,True,3.12.13,2.12.0+cpu,2.4.6,1.2.3,3.1.0,2.1.0,3.2.7,,,,,,1.0,0.0,0.0,0.15,-0.0075000000000000015,1.0,0.0,0.0,0.0,nan,nan,0.0,nan,0.0,0.0,nan,0.0,nan,nan,unsupported,627.1250000000002,454.79999999999995,mixed,0.0,0.0,0.0,,,,,,,,,,,,,0.03204441205598414,0.1,0.0,0.0,nan,nan,8,nan,nan,nan,nan,unavailable,unavailable,unavailable,nan,nan,0.0,unavailable,nan
reviewer1_sensor_factorial_development,reviewer1_sensor_factorial_development,configs/reviewer1_remaining/sensor_factorial_development/matched_conditions.yaml,combined_executed_condition,SensorizedPyBulletUAVWaypoint-v0,SensorizedPyBulletUAVWaypoint-v0,native_gymnasium_observation,sensorized_controller,15002,train,80,,,80,4,-0.23325916742905978,20,0.0,80,0,nan,nan,0,2,2,2.352193700004136,0.9740769999916665,1.3781167000124697,0.9740769999916665,1.3781167000124697,a6856e5cafc085e89cbbb2e0fc8a8770c40029c1,1.8.0,dd539897a18ce6d787567c0969bf760cf4c6c2d331693676b7eab3ef6b71fe9b,True,3.12.13,2.12.0+cpu,2.4.6,1.2.3,3.1.0,2.1.0,3.2.7,,,,,,1.0,0.0,0.0,0.0,0.0,1.0,0.0,0.0,0.0,nan,nan,0.0,nan,0.0,0.0,nan,0.0,nan,nan,unsupported,35.425,32.2,none,0.0,0.0,0.0,,,,,,,,,,,,,0.02805451974272728,0.15,0.35,0.0,,,,,,,,,,,,,,,
reviewer1_sensor_factorial_development,reviewer1_sensor_factorial_development,configs/reviewer1_remaining/sensor_factorial_development/matched_conditions.yaml,combined_executed_condition,SensorizedPyBulletUAVWaypoint-v0,SensorizedPyBulletUAVWaypoint-v0,native_gymnasium_observation,sensorized_controller,15003,train,20,,,20,1,-0.9164933246420696,20,0.0,20,0,nan,nan,0,0,2,0.32862599997315556,0.32862599997315556,0.0,0.32862599997315556,0.0,a6856e5cafc085e89cbbb2e0fc8a8770c40029c1,1.8.0,dd539897a18ce6d787567c0969bf760cf4c6c2d331693676b7eab3ef6b71fe9b,True,3.12.13,2.12.0+cpu,2.4.6,1.2.3,3.1.0,2.1.0,3.2.7,,,,,,1.0,0.0,0.95,0.0,0.0,1.0,0.0,0.0,0.0,nan,nan,0.0,nan,0.0,0.0,nan,0.0,nan,nan,unsupported,47.64,39.400000000000006,none,0.0,0.0,0.0,,,,,,,,,,,,,0.03634361159056425,0.2,0.0,0.0,,,,,,,,,,,,,,,
reviewer1_sensor_factorial_development,reviewer1_sensor_factorial_development,configs/reviewer1_remaining/sensor_factorial_development/matched_conditions.yaml,combined_executed_condition,SensorizedPyBulletUAVWaypoint-v0,SensorizedPyBulletUAVWaypoint-v0,native_gymnasium_observation,sensorized_controller,15003,eval,40,40,-0.9218465555086731,40,1,-0.9218465555086731,20,0.0,40,0,nan,nan,0,1,2,1.1273241000017151,0.5186348000133876,0.6086892999883275,0.5186348000133876,0.6086892999883275,a6856e5cafc085e89cbbb2e0fc8a8770c40029c1,1.8.0,dd539897a18ce6d787567c0969bf760cf4c6c2d331693676b7eab3ef6b71fe9b,True,3.12.13,2.12.0+cpu,2.4.6,1.2.3,3.1.0,2.1.0,3.2.7,,,,,,1.0,0.0,1.0,0.15,-0.0075000000000000015,1.0,0.0,0.0,0.0,nan,nan,0.0,nan,0.0,0.0,nan,0.0,nan,nan,unsupported,425.8499999999999,383.25,mixed,0.0,0.0,0.0,,,,,,,,,,,,,0.032093547051772475,0.3,0.0,0.0,nan,nan,8,nan,nan,nan,nan,unavailable,unavailable,unavailable,nan,nan,0.0,unavailable,nan
reviewer1_sensor_factorial_development,reviewer1_sensor_factorial_development,configs/reviewer1_remaining/sensor_factorial_development/matched_conditions.yaml,combined_executed_condition,SensorizedPyBulletUAVWaypoint-v0,SensorizedPyBulletUAVWaypoint-v0,native_gymnasium_observation,sensorized_controller,15003,eval,40,40,-0.9161120745539663,40,2,-0.9161120745539663,20,0.0,40,0,nan,nan,0,1,2,1.1275674999924377,0.5188782000041101,0.6086892999883275,0.5188782000041101,0.6086892999883275,a6856e5cafc085e89cbbb2e0fc8a8770c40029c1,1.8.0,dd539897a18ce6d787567c0969bf760cf4c6c2d331693676b7eab3ef6b71fe9b,True,3.12.13,2.12.0+cpu,2.4.6,1.2.3,3.1.0,2.1.0,3.2.7,,,,,,1.0,0.0,1.0,0.2,-0.010000000000000002,1.0,0.0,0.0,0.0,nan,nan,0.0,nan,0.0,0.0,nan,0.0,nan,nan,unsupported,416.15,396.75,mixed,0.0,0.0,0.0,,,,,,,,,,,,,0.035123332496732475,0.3,0.95,0.0,nan,nan,26,nan,nan,nan,nan,unavailable,unavailable,unavailable,nan,nan,0.0,unavailable,nan
reviewer1_sensor_factorial_development,reviewer1_sensor_factorial_development,configs/reviewer1_remaining/sensor_factorial_development/matched_conditions.yaml,combined_executed_condition,SensorizedPyBulletUAVWaypoint-v0,SensorizedPyBulletUAVWaypoint-v0,native_gymnasium_observation,sensorized_controller,15003,train,40,,,40,2,-0.9851543148234487,20,0.0,40,0,nan,nan,0,1,2,1.1326415999792516,0.5239522999909241,0.6086892999883275,0.5239522999909241,0.6086892999883275,a6856e5cafc085e89cbbb2e0fc8a8770c40029c1,1.8.0,dd539897a18ce6d787567c0969bf760cf4c6c2d331693676b7eab3ef6b71fe9b,True,3.12.13,2.12.0+cpu,2.4.6,1.2.3,3.1.0,2.1.0,3.2.7,,,,,,1.0,0.0,1.0,0.0,0.0,1.0,0.0,0.0,0.0,nan,nan,0.0,nan,0.0,0.0,nan,0.0,nan,nan,unsupported,37.129999999999995,32.75,none,0.0,0.0,0.0,,,,,,,,,,,,,0.03441569823771715,0.15,0.0,0.0,,,,,,,,,,,,,,,
reviewer1_sensor_factorial_development,reviewer1_sensor_factorial_development,configs/reviewer1_remaining/sensor_factorial_development/matched_conditions.yaml,combined_executed_condition,SensorizedPyBulletUAVWaypoint-v0,SensorizedPyBulletUAVWaypoint-v0,native_gymnasium_observation,sensorized_controller,15003,train,60,,,60,3,-1.0606800093129274,20,0.0,60,0,nan,nan,0,1,2,1.3322204999858513,0.7235311999975238,0.6086892999883275,0.7235311999975238,0.6086892999883275,a6856e5cafc085e89cbbb2e0fc8a8770c40029c1,1.8.0,dd539897a18ce6d787567c0969bf760cf4c6c2d331693676b7eab3ef6b71fe9b,True,3.12.13,2.12.0+cpu,2.4.6,1.2.3,3.1.0,2.1.0,3.2.7,,,,,,1.0,0.0,1.0,0.15,-0.0075000000000000015,1.0,0.0,0.0,0.0,nan,nan,0.0,nan,0.0,0.0,nan,0.0,nan,nan,unsupported,41.145,36.0,none,0.0,0.0,0.0,,,,,,,,,,,,,0.03345638702157885,0.15,0.95,0.0,,,,,,,,,,,,,,,
reviewer1_sensor_factorial_development,reviewer1_sensor_factorial_development,configs/reviewer1_remaining/sensor_factorial_development/matched_conditions.yaml,combined_executed_condition,SensorizedPyBulletUAVWaypoint-v0,SensorizedPyBulletUAVWaypoint-v0,native_gymnasium_observation,sensorized_controller,15003,eval,80,80,-0.8872631736565381,80,1,-0.8872631736565381,20,0.0,80,0,nan,nan,0,2,2,2.1450018999748863,0.9477214999787975,1.1972803999960888,0.9477214999787975,1.1972803999960888,a6856e5cafc085e89cbbb2e0fc8a8770c40029c1,1.8.0,dd539897a18ce6d787567c0969bf760cf4c6c2d331693676b7eab3ef6b71fe9b,True,3.12.13,2.12.0+cpu,2.4.6,1.2.3,3.1.0,2.1.0,3.2.7,,,,,,1.0,0.0,1.0,0.2,-0.010000000000000002,1.0,0.0,0.0,0.0,nan,nan,0.0,nan,0.0,0.0,nan,0.0,nan,nan,unsupported,428.4,420.70000000000005,mixed,0.0,0.0,0.0,,,,,,,,,,,,,0.03520892453379929,0.3,0.95,0.0,nan,nan,26,nan,nan,nan,nan,unavailable,unavailable,unavailable,nan,nan,0.0,unavailable,nan
reviewer1_sensor_factorial_development,reviewer1_sensor_factorial_development,configs/reviewer1_remaining/sensor_factorial_development/matched_conditions.yaml,combined_executed_condition,SensorizedPyBulletUAVWaypoint-v0,SensorizedPyBulletUAVWaypoint-v0,native_gymnasium_observation,sensorized_controller,15003,eval,80,80,-0.9481175438128411,80,2,-0.9481175438128411,20,0.0,80,0,nan,nan,0,2,2,2.1452255999902263,0.9479451999941375,1.1972803999960888,0.9479451999941375,1.1972803999960888,a6856e5cafc085e89cbbb2e0fc8a8770c40029c1,1.8.0,dd539897a18ce6d787567c0969bf760cf4c6c2d331693676b7eab3ef6b71fe9b,True,3.12.13,2.12.0+cpu,2.4.6,1.2.3,3.1.0,2.1.0,3.2.7,,,,,,1.0,0.0,1.0,0.0,0.0,1.0,0.0,0.0,0.0,nan,nan,0.0,nan,0.0,0.0,nan,0.0,nan,nan,unsupported,426.43,395.55,mixed,0.0,0.0,0.0,,,,,,,,,,,,,0.030437859054654837,0.15,0.3,0.0,nan,nan,20,nan,nan,nan,nan,unavailable,unavailable,unavailable,nan,nan,0.0,unavailable,nan
reviewer1_sensor_factorial_development,reviewer1_sensor_factorial_development,configs/reviewer1_remaining/sensor_factorial_development/matched_conditions.yaml,combined_executed_condition,SensorizedPyBulletUAVWaypoint-v0,SensorizedPyBulletUAVWaypoint-v0,native_gymnasium_observation,sensorized_controller,15003,train,80,,,80,4,-0.2382930380105972,20,0.0,80,0,nan,nan,0,2,2,2.146852499980014,0.949572099983925,1.1972803999960888,0.949572099983925,1.1972803999960888,a6856e5cafc085e89cbbb2e0fc8a8770c40029c1,1.8.0,dd539897a18ce6d787567c0969bf760cf4c6c2d331693676b7eab3ef6b71fe9b,True,3.12.13,2.12.0+cpu,2.4.6,1.2.3,3.1.0,2.1.0,3.2.7,,,,,,1.0,0.0,0.0,0.05,-0.0025000000000000005,1.0,0.0,0.0,0.0,nan,nan,0.0,nan,0.0,0.0,nan,0.0,nan,nan,unsupported,45.22000000000001,37.05,none,0.0,0.0,0.0,,,,,,,,,,,,,0.025833922170568256,0.1,0.2,0.0,,,,,,,,,,,,,,,
reviewer1_sensor_factorial_development,reviewer1_sensor_factorial_development,configs/reviewer1_remaining/sensor_factorial_development/matched_conditions.yaml,latency_only,SensorizedPyBulletUAVWaypoint-v0,SensorizedPyBulletUAVWaypoint-v0,native_gymnasium_observation,dqn,15002,train,20,,,20,1,-1.0151374950632452,20,0.0,20,0,nan,nan,0,0,2,0.2219121000089217,0.2219121000089217,0.0,0.2219121000089217,0.0,a6856e5cafc085e89cbbb2e0fc8a8770c40029c1,1.8.0,dd539897a18ce6d787567c0969bf760cf4c6c2d331693676b7eab3ef6b71fe9b,True,3.12.13,2.12.0+cpu,2.4.6,1.2.3,3.1.0,2.1.0,3.2.7,,,,,,1.0,0.0,1.0,0.0,0.0,1.0,0.0,0.5,0.0,nan,nan,0.0,nan,0.0,0.0,nan,0.5,nan,nan,unsupported,85.815,29.8,neural,0.0,0.0,0.0,,,,,,,,,,,,,0.000826518288522493,0.0,1.0,0.0,,,,,,,,,,,,,,,
reviewer1_sensor_factorial_development,reviewer1_sensor_factorial_development,configs/reviewer1_remaining/sensor_factorial_development/matched_conditions.yaml,latency_only,SensorizedPyBulletUAVWaypoint-v0,SensorizedPyBulletUAVWaypoint-v0,native_gymnasium_observation,dqn,15002,eval,40,40,-1.0928309639543294,40,1,-1.0928309639543294,20,0.0,40,3,0.0056313069847722845,0.006838841363787651,0,1,2,1.029582399991341,0.4166807999718003,0.6129016000195406,0.4166807999718003,0.6129016000195406,a6856e5cafc085e89cbbb2e0fc8a8770c40029c1,1.8.0,dd539897a18ce6d787567c0969bf760cf4c6c2d331693676b7eab3ef6b71fe9b,True,3.12.13,2.12.0+cpu,2.4.6,1.2.3,3.1.0,2.1.0,3.2.7,,,,,,1.0,0.0,1.0,0.0,0.0,1.0,0.0,1.0,0.0,nan,nan,0.0,nan,0.0,0.0,nan,1.0,nan,nan,unsupported,1174.5900000000001,1149.05,neural,0.0,0.0,0.0,,,,,,,,,,,,,0.004240194204976433,0.0,1.0,0.0,nan,nan,6,nan,nan,nan,nan,unavailable,unavailable,unavailable,nan,nan,0.0,unavailable,nan
reviewer1_sensor_factorial_development,reviewer1_sensor_factorial_development,configs/reviewer1_remaining/sensor_factorial_development/matched_conditions.yaml,latency_only,SensorizedPyBulletUAVWaypoint-v0,SensorizedPyBulletUAVWaypoint-v0,native_gymnasium_observation,dqn,15002,eval,40,40,-1.074730383194983,40,2,-1.074730383194983,20,0.0,40,3,0.0056313069847722845,0.006838841363787651,0,1,2,1.0298537999915425,0.41695219997200184,0.6129016000195406,0.41695219997200184,0.6129016000195406,a6856e5cafc085e89cbbb2e0fc8a8770c40029c1,1.8.0,dd539897a18ce6d787567c0969bf760cf4c6c2d331693676b7eab3ef6b71fe9b,True,3.12.13,2.12.0+cpu,2.4.6,1.2.3,3.1.0,2.1.0,3.2.7,,,,,,1.0,0.0,1.0,0.0,0.0,1.0,0.0,1.0,0.0,nan,nan,0.0,nan,0.0,0.0,nan,1.0,nan,nan,unsupported,1191.865,1144.65,neural,0.0,0.0,0.0,,,,,,,,,,,,,0.00438280994676461,0.0,1.0,0.0,nan,nan,6,nan,nan,nan,nan,unavailable,unavailable,unavailable,nan,nan,0.0,unavailable,nan
reviewer1_sensor_factorial_development,reviewer1_sensor_factorial_development,configs/reviewer1_remaining/sensor_factorial_development/matched_conditions.yaml,latency_only,SensorizedPyBulletUAVWaypoint-v0,SensorizedPyBulletUAVWaypoint-v0,native_gymnasium_observation,dqn,15002,train,40,,,40,2,-1.041337628001347,20,0.0,40,3,0.0056313069847722845,0.006838841363787651,0,1,2,1.0359037000162061,0.4230020999966655,0.6129016000195406,0.4230020999966655,0.6129016000195406,a6856e5cafc085e89cbbb2e0fc8a8770c40029c1,1.8.0,dd539897a18ce6d787567c0969bf760cf4c6c2d331693676b7eab3ef6b71fe9b,True,3.12.13,2.12.0+cpu,2.4.6,1.2.3,3.1.0,2.1.0,3.2.7,,,,,,1.0,0.0,1.0,0.0,0.0,0.55,0.0,1.0,0.0,nan,nan,0.0,nan,0.45,0.45,nan,1.0,nan,nan,unsupported,734.5,852.0,neural,0.0,0.0,0.0,,,,,,,,,,,,,0.002908221973302716,0.0,1.0,0.0,,,,,,,,,,,,,,,
reviewer1_sensor_factorial_development,reviewer1_sensor_factorial_development,configs/reviewer1_remaining/sensor_factorial_development/matched_conditions.yaml,latency_only,SensorizedPyBulletUAVWaypoint-v0,SensorizedPyBulletUAVWaypoint-v0,native_gymnasium_observation,dqn,15002,train,60,,,60,3,-0.1270015585795045,20,0.0,60,8,0.005571133689954877,0.006886266637593508,0,1,2,1.2638655999908224,0.6509639999712817,0.6129016000195406,0.6509639999712817,0.6129016000195406,a6856e5cafc085e89cbbb2e0fc8a8770c40029c1,1.8.0,dd539897a18ce6d787567c0969bf760cf4c6c2d331693676b7eab3ef6b71fe9b,True,3.12.13,2.12.0+cpu,2.4.6,1.2.3,3.1.0,2.1.0,3.2.7,,,,,,1.0,0.0,0.0,0.0,0.0,0.7,0.0,1.0,0.0,nan,nan,0.0,nan,0.3,0.3,nan,1.0,nan,nan,unsupported,727.245,947.4000000000001,neural,0.0,0.0,0.0,,,,,,,,,,,,,0.002447844451671699,0.0,1.0,0.0,,,,,,,,,,,,,,,
reviewer1_sensor_factorial_development,reviewer1_sensor_factorial_development,configs/reviewer1_remaining/sensor_factorial_development/matched_conditions.yaml,latency_only,SensorizedPyBulletUAVWaypoint-v0,SensorizedPyBulletUAVWaypoint-v0,native_gymnasium_observation,dqn,15002,eval,80,80,-0.17139455530559647,80,1,-0.17139455530559647,20,0.0,80,13,0.00466062964943166,0.006886266637593508,0,2,2,2.025025300012203,0.8393216999829747,1.1857036000292283,0.8393216999829747,1.1857036000292283,a6856e5cafc085e89cbbb2e0fc8a8770c40029c1,1.8.0,dd539897a18ce6d787567c0969bf760cf4c6c2d331693676b7eab3ef6b71fe9b,True,3.12.13,2.12.0+cpu,2.4.6,1.2.3,3.1.0,2.1.0,3.2.7,,,,,,1.0,0.0,0.0,0.0,0.0,1.0,0.0,1.0,0.0,nan,nan,0.0,nan,0.0,0.0,nan,1.0,nan,nan,unsupported,1068.7250000000001,993.8,neural,0.0,0.0,0.0,,,,,,,,,,,,,0.0036606572779419367,0.0,1.0,0.0,nan,nan,23,nan,nan,nan,nan,unavailable,unavailable,unavailable,nan,nan,0.0,unavailable,nan
reviewer1_sensor_factorial_development,reviewer1_sensor_factorial_development,configs/reviewer1_remaining/sensor_factorial_development/matched_conditions.yaml,latency_only,SensorizedPyBulletUAVWaypoint-v0,SensorizedPyBulletUAVWaypoint-v0,native_gymnasium_observation,dqn,15002,eval,80,80,-0.1362748193368316,80,2,-0.1362748193368316,20,0.0,80,13,0.00466062964943166,0.006886266637593508,0,2,2,2.025216400012141,0.8395127999829128,1.1857036000292283,0.8395127999829128,1.1857036000292283,a6856e5cafc085e89cbbb2e0fc8a8770c40029c1,1.8.0,dd539897a18ce6d787567c0969bf760cf4c6c2d331693676b7eab3ef6b71fe9b,True,3.12.13,2.12.0+cpu,2.4.6,1.2.3,3.1.0,2.1.0,3.2.7,,,,,,1.0,0.0,0.0,0.0,0.0,1.0,0.0,1.0,0.0,nan,nan,0.0,nan,0.0,0.0,nan,1.0,nan,nan,unsupported,950.3249999999998,914.4,neural,0.0,0.0,0.0,,,,,,,,,,,,,0.002389219695396605,0.0,1.0,0.0,nan,nan,23,nan,nan,nan,nan,unavailable,unavailable,unavailable,nan,nan,0.0,unavailable,nan
reviewer1_sensor_factorial_development,reviewer1_sensor_factorial_development,configs/reviewer1_remaining/sensor_factorial_development/matched_conditions.yaml,latency_only,SensorizedPyBulletUAVWaypoint-v0,SensorizedPyBulletUAVWaypoint-v0,native_gymnasium_observation,dqn,15002,train,80,,,80,4,-0.18712564112618568,20,0.0,80,13,0.00466062964943166,0.006886266637593508,0,2,2,2.0267511999991257,0.8410475999698974,1.1857036000292283,0.8410475999698974,1.1857036000292283,a6856e5cafc085e89cbbb2e0fc8a8770c40029c1,1.8.0,dd539897a18ce6d787567c0969bf760cf4c6c2d331693676b7eab3ef6b71fe9b,True,3.12.13,2.12.0+cpu,2.4.6,1.2.3,3.1.0,2.1.0,3.2.7,,,,,,1.0,0.0,0.0,0.05,-0.0025000000000000005,0.75,0.0,1.0,0.0,nan,nan,0.0,nan,0.25,0.25,nan,1.0,nan,nan,unsupported,921.8449999999999,925.2,neural,0.0,0.0,0.0,,,,,,,,,,,,,0.004109326238540234,0.0,1.0,0.0,,,,,,,,,,,,,,,
reviewer1_sensor_factorial_development,reviewer1_sensor_factorial_development,configs/reviewer1_remaining/sensor_factorial_development/matched_conditions.yaml,latency_only,SensorizedPyBulletUAVWaypoint-v0,SensorizedPyBulletUAVWaypoint-v0,native_gymnasium_observation,dqn,15003,train,20,,,20,1,-0.9648251768480985,20,0.0,20,0,nan,nan,0,0,2,0.21790190000319853,0.21790190000319853,0.0,0.21790190000319853,0.0,a6856e5cafc085e89cbbb2e0fc8a8770c40029c1,1.8.0,dd539897a18ce6d787567c0969bf760cf4c6c2d331693676b7eab3ef6b71fe9b,True,3.12.13,2.12.0+cpu,2.4.6,1.2.3,3.1.0,2.1.0,3.2.7,,,,,,1.0,0.0,1.0,0.0,0.0,1.0,0.0,0.25,0.0,nan,nan,0.0,nan,0.0,0.0,nan,0.25,nan,nan,unsupported,80.565,33.3,none,0.0,0.0,0.0,,,,,,,,,,,,,0.0018379634900156816,0.0,1.0,0.0,,,,,,,,,,,,,,,
reviewer1_sensor_factorial_development,reviewer1_sensor_factorial_development,configs/reviewer1_remaining/sensor_factorial_development/matched_conditions.yaml,latency_only,SensorizedPyBulletUAVWaypoint-v0,SensorizedPyBulletUAVWaypoint-v0,native_gymnasium_observation,dqn,15003,eval,40,40,-0.9288020986691117,40,1,-0.9288020986691117,20,0.0,40,3,0.010993614016721645,0.01322881504893303,0,1,2,1.0259441000234801,0.40561630003503524,0.6203277999884449,0.40561630003503524,0.6203277999884449,a6856e5cafc085e89cbbb2e0fc8a8770c40029c1,1.8.0,dd539897a18ce6d787567c0969bf760cf4c6c2d331693676b7eab3ef6b71fe9b,True,3.12.13,2.12.0+cpu,2.4.6,1.2.3,3.1.0,2.1.0,3.2.7,,,,,,1.0,0.0,1.0,0.0,0.0,1.0,0.0,1.0,0.0,nan,nan,0.0,nan,0.0,0.0,nan,1.0,nan,nan,unsupported,1080.5449999999998,1021.4000000000001,neural,0.0,0.0,0.0,,,,,,,,,,,,,0.0033900340229592986,0.0,1.0,0.0,nan,nan,7,nan,nan,nan,nan,unavailable,unavailable,unavailable,nan,nan,0.0,unavailable,nan
reviewer1_sensor_factorial_development,reviewer1_sensor_factorial_development,configs/reviewer1_remaining/sensor_factorial_development/matched_conditions.yaml,latency_only,SensorizedPyBulletUAVWaypoint-v0,SensorizedPyBulletUAVWaypoint-v0,native_gymnasium_observation,dqn,15003,eval,40,40,-1.1931110341846942,40,2,-1.1931110341846942,20,0.0,40,3,0.010993614016721645,0.01322881504893303,0,1,2,1.0261599000077695,0.40583210001932457,0.6203277999884449,0.40583210001932457,0.6203277999884449,a6856e5cafc085e89cbbb2e0fc8a8770c40029c1,1.8.0,dd539897a18ce6d787567c0969bf760cf4c6c2d331693676b7eab3ef6b71fe9b,True,3.12.13,2.12.0+cpu,2.4.6,1.2.3,3.1.0,2.1.0,3.2.7,,,,,,1.0,0.0,1.0,0.0,0.0,1.0,0.0,1.0,0.0,nan,nan,0.0,nan,0.0,0.0,nan,1.0,nan,nan,unsupported,1155.3600000000001,1077.95,neural,0.0,0.0,0.0,,,,,,,,,,,,,0.0037743578071967932,0.0,1.0,0.0,nan,nan,0,nan,nan,nan,nan,unavailable,unavailable,unavailable,nan,nan,0.0,unavailable,nan
reviewer1_sensor_factorial_development,reviewer1_sensor_factorial_development,configs/reviewer1_remaining/sensor_factorial_development/matched_conditions.yaml,latency_only,SensorizedPyBulletUAVWaypoint-v0,SensorizedPyBulletUAVWaypoint-v0,native_gymnasium_observation,dqn,15003,train,40,,,40,2,-0.9585161313507706,20,0.0,40,3,0.010993614016721645,0.01322881504893303,0,1,2,1.036223200004315,0.4158954000158701,0.6203277999884449,0.4158954000158701,0.6203277999884449,a6856e5cafc085e89cbbb2e0fc8a8770c40029c1,1.8.0,dd539897a18ce6d787567c0969bf760cf4c6c2d331693676b7eab3ef6b71fe9b,True,3.12.13,2.12.0+cpu,2.4.6,1.2.3,3.1.0,2.1.0,3.2.7,,,,,,1.0,0.0,1.0,0.05,-0.0025000000000000005,0.7,0.0,1.0,0.0,nan,nan,0.0,nan,0.3,0.3,nan,1.0,nan,nan,unsupported,389.905,37.2,neural,0.0,0.0,0.0,,,,,,,,,,,,,0.002354614620344364,0.0,1.0,0.0,,,,,,,,,,,,,,,
reviewer1_sensor_factorial_development,reviewer1_sensor_factorial_development,configs/reviewer1_remaining/sensor_factorial_development/matched_conditions.yaml,latency_only,SensorizedPyBulletUAVWaypoint-v0,SensorizedPyBulletUAVWaypoint-v0,native_gymnasium_observation,dqn,15003,train,60,,,60,3,-1.1057426438154652,20,0.0,60,8,0.008337030129041523,0.01322881504893303,0,1,2,1.2457736000069417,0.6254458000184968,0.6203277999884449,0.6254458000184968,0.6203277999884449,a6856e5cafc085e89cbbb2e0fc8a8770c40029c1,1.8.0,dd539897a18ce6d787567c0969bf760cf4c6c2d331693676b7eab3ef6b71fe9b,True,3.12.13,2.12.0+cpu,2.4.6,1.2.3,3.1.0,2.1.0,3.2.7,,,,,,1.0,0.0,1.0,0.0,0.0,0.55,0.0,1.0,0.0,nan,nan,0.0,nan,0.45,0.45,nan,1.0,nan,nan,unsupported,609.235,771.4,neural,0.0,0.0,0.0,,,,,,,,,,,,,0.0018965871666296152,0.0,1.0,0.0,,,,,,,,,,,,,,,
reviewer1_sensor_factorial_development,reviewer1_sensor_factorial_development,configs/reviewer1_remaining/sensor_factorial_development/matched_conditions.yaml,latency_only,SensorizedPyBulletUAVWaypoint-v0,SensorizedPyBulletUAVWaypoint-v0,native_gymnasium_observation,dqn,15003,eval,80,80,-1.2032396277971567,80,1,-1.2032396277971567,20,0.0,80,13,0.007750698490641438,0.01322881504893303,0,2,2,2.050764400017215,0.8527575000480283,1.1980068999691866,0.8527575000480283,1.1980068999691866,a6856e5cafc085e89cbbb2e0fc8a8770c40029c1,1.8.0,dd539897a18ce6d787567c0969bf760cf4c6c2d331693676b7eab3ef6b71fe9b,True,3.12.13,2.12.0+cpu,2.4.6,1.2.3,3.1.0,2.1.0,3.2.7,,,,,,1.0,0.0,1.0,0.0,0.0,1.0,0.0,1.0,0.0,nan,nan,0.0,nan,0.0,0.0,nan,1.0,nan,nan,unsupported,1075.49,1034.55,neural,0.0,0.0,0.0,,,,,,,,,,,,,0.004052046423930733,0.0,1.0,0.0,nan,nan,0,nan,nan,nan,nan,unavailable,unavailable,unavailable,nan,nan,0.0,unavailable,nan
reviewer1_sensor_factorial_development,reviewer1_sensor_factorial_development,configs/reviewer1_remaining/sensor_factorial_development/matched_conditions.yaml,latency_only,SensorizedPyBulletUAVWaypoint-v0,SensorizedPyBulletUAVWaypoint-v0,native_gymnasium_observation,dqn,15003,eval,80,80,-1.1129041199386123,80,2,-1.1129041199386123,20,0.0,80,13,0.007750698490641438,0.01322881504893303,0,2,2,2.0509404000185896,0.8529335000494029,1.1980068999691866,0.8529335000494029,1.1980068999691866,a6856e5cafc085e89cbbb2e0fc8a8770c40029c1,1.8.0,dd539897a18ce6d787567c0969bf760cf4c6c2d331693676b7eab3ef6b71fe9b,True,3.12.13,2.12.0+cpu,2.4.6,1.2.3,3.1.0,2.1.0,3.2.7,,,,,,1.0,0.0,1.0,0.0,0.0,1.0,0.0,1.0,0.0,nan,nan,0.0,nan,0.0,0.0,nan,1.0,nan,nan,unsupported,891.575,787.05,neural,0.0,0.0,0.0,,,,,,,,,,,,,0.003995650936849416,0.0,1.0,0.0,nan,nan,0,nan,nan,nan,nan,unavailable,unavailable,unavailable,nan,nan,0.0,unavailable,nan
reviewer1_sensor_factorial_development,reviewer1_sensor_factorial_development,configs/reviewer1_remaining/sensor_factorial_development/matched_conditions.yaml,latency_only,SensorizedPyBulletUAVWaypoint-v0,SensorizedPyBulletUAVWaypoint-v0,native_gymnasium_observation,dqn,15003,train,80,,,80,4,-0.333515386581421,20,0.0,80,13,0.007750698490641438,0.01322881504893303,0,2,2,2.0518336000095587,0.8538267000403721,1.1980068999691866,0.8538267000403721,1.1980068999691866,a6856e5cafc085e89cbbb2e0fc8a8770c40029c1,1.8.0,dd539897a18ce6d787567c0969bf760cf4c6c2d331693676b7eab3ef6b71fe9b,True,3.12.13,2.12.0+cpu,2.4.6,1.2.3,3.1.0,2.1.0,3.2.7,,,,,,1.0,0.0,0.15,0.0,0.0,0.75,0.0,1.0,0.0,nan,nan,0.0,nan,0.25,0.25,nan,1.0,nan,nan,unsupported,847.9399999999999,880.8,neural,0.0,0.0,0.0,,,,,,,,,,,,,0.002871157517438405,0.0,1.0,0.0,,,,,,,,,,,,,,,
reviewer1_sensor_factorial_development,reviewer1_sensor_factorial_development,configs/reviewer1_remaining/sensor_factorial_development/matched_conditions.yaml,latency_only,SensorizedPyBulletUAVWaypoint-v0,SensorizedPyBulletUAVWaypoint-v0,native_gymnasium_observation,fuzzy_relative_reliability,15002,train,20,,,20,1,-1.0151374950632452,20,0.0,20,0,nan,nan,0,0,2,0.2666095000167843,0.2666095000167843,0.0,0.2666095000167843,0.0,a6856e5cafc085e89cbbb2e0fc8a8770c40029c1,1.8.0,dd539897a18ce6d787567c0969bf760cf4c6c2d331693676b7eab3ef6b71fe9b,True,3.12.13,2.12.0+cpu,2.4.6,1.2.3,3.1.0,2.1.0,3.2.7,0.0,0.0,0.3601519,0.36990231649660815,15.0,1.0,0.0,1.0,0.0,0.0,1.0,0.0,0.5,0.0,0.0,0.0,0.0,0.9937348102843181,0.0,0.5,0.0,0.5,10.0,1.0,support-boundary collapse,141.57,46.650000000000006,neural,15.0,405.0,3060.0,0.0,0,nan,0.0,nan,exact_count,raw_state,none,8.05e-05,1440,,,0.000826518288522493,0.0,1.0,0.0,,,,,,,,,,,,,,,
reviewer1_sensor_factorial_development,reviewer1_sensor_factorial_development,configs/reviewer1_remaining/sensor_factorial_development/matched_conditions.yaml,latency_only,SensorizedPyBulletUAVWaypoint-v0,SensorizedPyBulletUAVWaypoint-v0,native_gymnasium_observation,fuzzy_relative_reliability,15002,eval,40,40,-1.0928309639543294,40,1,-1.0928309639543294,20,0.0,40,3,0.0056313069847722845,0.006838841363787651,0,1,2,1.1390989999927115,0.4875583999964874,0.651540599996224,0.4875583999964874,0.651540599996224,a6856e5cafc085e89cbbb2e0fc8a8770c40029c1,1.8.0,dd539897a18ce6d787567c0969bf760cf4c6c2d331693676b7eab3ef6b71fe9b,True,3.12.13,2.12.0+cpu,2.4.6,1.2.3,3.1.0,2.1.0,3.2.7,0.11192514480369445,0.0,0.13075879,0.13922220754204417,27.0,1.0,0.0,1.0,0.0,0.0,1.0,0.0,1.0,0.0,0.0,0.0,0.0,0.9735398786242093,0.0,0.0,0.0,1.0,20.0,1.0,support-boundary collapse,1899.19,1895.65,neural,27.0,729.0,5508.0,0.0,0,nan,0.0,nan,exact_count,raw_state,none,2.83e-05,2592,,,0.004240194204976433,0.0,1.0,0.0,nan,nan,6,nan,nan,nan,nan,unavailable,unavailable,unavailable,nan,nan,0.0,unavailable,nan
reviewer1_sensor_factorial_development,reviewer1_sensor_factorial_development,configs/reviewer1_remaining/sensor_factorial_development/matched_conditions.yaml,latency_only,SensorizedPyBulletUAVWaypoint-v0,SensorizedPyBulletUAVWaypoint-v0,native_gymnasium_observation,fuzzy_relative_reliability,15002,eval,40,40,-1.074730383194983,40,2,-1.074730383194983,20,0.0,40,3,0.0056313069847722845,0.006838841363787651,0,1,2,1.1393311000138056,0.4877905000175815,0.651540599996224,0.4877905000175815,0.651540599996224,a6856e5cafc085e89cbbb2e0fc8a8770c40029c1,1.8.0,dd539897a18ce6d787567c0969bf760cf4c6c2d331693676b7eab3ef6b71fe9b,True,3.12.13,2.12.0+cpu,2.4.6,1.2.3,3.1.0,2.1.0,3.2.7,0.11192514480369445,0.0,0.13075879,0.13922220754204417,27.0,1.0,0.0,1.0,0.0,0.0,1.0,0.0,1.0,0.0,0.0,0.0,0.0,0.971097499052257,0.0,0.0,0.0,1.0,20.0,1.0,support-boundary collapse,1987.02,1854.9,neural,27.0,729.0,5508.0,0.0,0,nan,0.0,nan,exact_count,raw_state,none,2.83e-05,2592,,,0.00438280994676461,0.0,1.0,0.0,nan,nan,6,nan,nan,nan,nan,unavailable,unavailable,unavailable,nan,nan,0.0,unavailable,nan
reviewer1_sensor_factorial_development,reviewer1_sensor_factorial_development,configs/reviewer1_remaining/sensor_factorial_development/matched_conditions.yaml,latency_only,SensorizedPyBulletUAVWaypoint-v0,SensorizedPyBulletUAVWaypoint-v0,native_gymnasium_observation,fuzzy_relative_reliability,15002,train,40,,,40,2,-1.041337628001347,20,0.0,40,3,0.0056313069847722845,0.006838841363787651,0,1,2,1.1452133000129834,0.49367270001675934,0.651540599996224,0.49367270001675934,0.651540599996224,a6856e5cafc085e89cbbb2e0fc8a8770c40029c1,1.8.0,dd539897a18ce6d787567c0969bf760cf4c6c2d331693676b7eab3ef6b71fe9b,True,3.12.13,2.12.0+cpu,2.4.6,1.2.3,3.1.0,2.1.0,3.2.7,0.11192514480369445,0.0,0.13075879,0.13922220754204417,27.0,1.0,0.0,1.0,0.0,0.0,0.55,0.12573430639700847,0.8742656936029916,0.0,0.12573430639700847,0.2218431833345273,0.1253801661216835,0.8737816598927193,0.45,0.7,0.45,0.55,11.0,0.55,support-boundary collapse,1118.51,1440.15,neural,27.0,729.0,5508.0,0.0,0,nan,0.0,nan,exact_count,raw_state,none,2.83e-05,2592,,,0.002908221973302716,0.0,1.0,0.0,,,,,,,,,,,,,,,
reviewer1_sensor_factorial_development,reviewer1_sensor_factorial_development,configs/reviewer1_remaining/sensor_factorial_development/matched_conditions.yaml,latency_only,SensorizedPyBulletUAVWaypoint-v0,SensorizedPyBulletUAVWaypoint-v0,native_gymnasium_observation,fuzzy_relative_reliability,15002,train,60,,,60,3,-0.1270015585795045,20,0.0,60,8,0.005571133689954877,0.006886266637593508,0,1,2,1.3691933999944013,0.7176527999981772,0.651540599996224,0.7176527999981772,0.651540599996224,a6856e5cafc085e89cbbb2e0fc8a8770c40029c1,1.8.0,dd539897a18ce6d787567c0969bf760cf4c6c2d331693676b7eab3ef6b71fe9b,True,3.12.13,2.12.0+cpu,2.4.6,1.2.3,3.1.0,2.1.0,3.2.7,0.13234445168914538,0.0,0.04689697,0.05561523354699941,40.0,1.0,0.0,0.0,0.0,0.0,0.7,0.16430507979643147,0.8356949202035686,0.0,0.16430507979643147,0.2966828943343738,0.17607194162177836,0.8651827856278393,0.3,0.7,0.3,0.7,14.0,0.7,support-boundary collapse,904.2699999999999,916.6,neural,40.0,1080.0,8160.0,0.0,0,nan,0.0,nan,exact_count,raw_state,none,2.85e-05,3840,,,0.002447844451671699,0.0,1.0,0.0,,,,,,,,,,,,,,,
reviewer1_sensor_factorial_development,reviewer1_sensor_factorial_development,configs/reviewer1_remaining/sensor_factorial_development/matched_conditions.yaml,latency_only,SensorizedPyBulletUAVWaypoint-v0,SensorizedPyBulletUAVWaypoint-v0,native_gymnasium_observation,fuzzy_relative_reliability,15002,eval,80,80,-0.17139455530559647,80,1,-0.17139455530559647,20,0.0,80,13,0.00466062964943166,0.006886266637593508,0,2,2,2.1882582000107504,0.9775478999945335,1.210710300016217,0.9775478999945335,1.210710300016217,a6856e5cafc085e89cbbb2e0fc8a8770c40029c1,1.8.0,dd539897a18ce6d787567c0969bf760cf4c6c2d331693676b7eab3ef6b71fe9b,True,3.12.13,2.12.0+cpu,2.4.6,1.2.3,3.1.0,2.1.0,3.2.7,0.11076594412364091,0.0,0.016861817,0.022013740669778008,54.0,1.0,0.0,0.0,0.0,0.0,1.0,0.0,1.0,0.0,0.0,0.0,0.0,0.5593716236479805,0.0,0.85,0.0,1.0,20.0,1.0,support-boundary collapse,1828.52,1872.1,neural,54.0,1458.0,11016.0,0.0,0,nan,0.0,nan,exact_count,raw_state,none,1.36e-05,5184,,,0.0036606572779419367,0.0,1.0,0.0,nan,nan,23,nan,nan,nan,nan,unavailable,unavailable,unavailable,nan,nan,0.0,unavailable,nan
reviewer1_sensor_factorial_development,reviewer1_sensor_factorial_development,configs/reviewer1_remaining/sensor_factorial_development/matched_conditions.yaml,latency_only,SensorizedPyBulletUAVWaypoint-v0,SensorizedPyBulletUAVWaypoint-v0,native_gymnasium_observation,fuzzy_relative_reliability,15002,eval,80,80,-0.1362748193368316,80,2,-0.1362748193368316,20,0.0,80,13,0.00466062964943166,0.006886266637593508,0,2,2,2.188450300018303,0.9777400000020862,1.210710300016217,0.9777400000020862,1.210710300016217,a6856e5cafc085e89cbbb2e0fc8a8770c40029c1,1.8.0,dd539897a18ce6d787567c0969bf760cf4c6c2d331693676b7eab3ef6b71fe9b,True,3.12.13,2.12.0+cpu,2.4.6,1.2.3,3.1.0,2.1.0,3.2.7,0.11076594412364091,0.0,0.016861817,0.022013740669778008,54.0,1.0,0.0,0.0,0.0,0.0,1.0,0.0,1.0,0.0,0.0,0.0,0.0,0.9669461472618623,0.0,0.0,0.0,1.0,20.0,1.0,support-boundary collapse,1572.49,1491.55,neural,54.0,1458.0,11016.0,0.0,0,nan,0.0,nan,exact_count,raw_state,none,1.36e-05,5184,,,0.002389219695396605,0.0,1.0,0.0,nan,nan,23,nan,nan,nan,nan,unavailable,unavailable,unavailable,nan,nan,0.0,unavailable,nan
reviewer1_sensor_factorial_development,reviewer1_sensor_factorial_development,configs/reviewer1_remaining/sensor_factorial_development/matched_conditions.yaml,latency_only,SensorizedPyBulletUAVWaypoint-v0,SensorizedPyBulletUAVWaypoint-v0,native_gymnasium_observation,fuzzy_relative_reliability,15002,train,80,,,80,4,-0.18712564112618568,20,0.0,80,13,0.00466062964943166,0.006886266637593508,0,2,2,2.1900124000094365,0.9793020999932196,1.210710300016217,0.9793020999932196,1.210710300016217,a6856e5cafc085e89cbbb2e0fc8a8770c40029c1,1.8.0,dd539897a18ce6d787567c0969bf760cf4c6c2d331693676b7eab3ef6b71fe9b,True,3.12.13,2.12.0+cpu,2.4.6,1.2.3,3.1.0,2.1.0,3.2.7,0.11076594412364091,0.0,0.016861817,0.022013740669778008,54.0,1.0,0.0,0.0,0.05,-0.0025000000000000005,0.75,0.09136799260858394,0.908632007391416,0.0,0.09136799260858394,0.05557573634250346,0.09307288366302405,0.5974197478778075,0.25,0.75,0.25,0.75,15.0,0.75,support-boundary collapse,1734.6950000000002,1881.4,neural,54.0,1458.0,11016.0,0.0,0,nan,0.0,nan,exact_count,raw_state,none,1.36e-05,5184,,,0.004109326238540234,0.0,1.0,0.0,,,,,,,,,,,,,,,
reviewer1_sensor_factorial_development,reviewer1_sensor_factorial_development,configs/reviewer1_remaining/sensor_factorial_development/matched_conditions.yaml,latency_only,SensorizedPyBulletUAVWaypoint-v0,SensorizedPyBulletUAVWaypoint-v0,native_gymnasium_observation,fuzzy_relative_reliability,15003,train,20,,,20,1,-0.9648251768480985,20,0.0,20,0,nan,nan,0,0,2,0.2363113000174053,0.2363113000174053,0.0,0.2363113000174053,0.0,a6856e5cafc085e89cbbb2e0fc8a8770c40029c1,1.8.0,dd539897a18ce6d787567c0969bf760cf4c6c2d331693676b7eab3ef6b71fe9b,True,3.12.13,2.12.0+cpu,2.4.6,1.2.3,3.1.0,2.1.0,3.2.7,0.0,0.0,0.3599087,0.37435690345677775,14.0,1.0,0.0,1.0,0.0,0.0,1.0,0.0,0.25,0.0,0.0,0.0,0.0,0.9066006808970732,0.0,0.25,0.0,0.25,5.0,1.0,unsupported,127.75000000000003,52.7,none,14.0,378.0,2856.0,0.0,0,nan,0.0,nan,exact_count,raw_state,none,2.85e-05,1344,,,0.0018379634900156816,0.0,1.0,0.0,,,,,,,,,,,,,,,
reviewer1_sensor_factorial_development,reviewer1_sensor_factorial_development,configs/reviewer1_remaining/sensor_factorial_development/matched_conditions.yaml,latency_only,SensorizedPyBulletUAVWaypoint-v0,SensorizedPyBulletUAVWaypoint-v0,native_gymnasium_observation,fuzzy_relative_reliability,15003,eval,40,40,-0.9288020986691117,40,1,-0.9288020986691117,20,0.0,40,3,0.010993614016721645,0.01322881504893303,0,1,2,1.109537000011187,0.44631050000316463,0.6632265000080224,0.44631050000316463,0.6632265000080224,a6856e5cafc085e89cbbb2e0fc8a8770c40029c1,1.8.0,dd539897a18ce6d787567c0969bf760cf4c6c2d331693676b7eab3ef6b71fe9b,True,3.12.13,2.12.0+cpu,2.4.6,1.2.3,3.1.0,2.1.0,3.2.7,0.027804789993330123,0.0,0.13041644,0.14694736713221443,30.0,1.0,0.0,1.0,0.0,0.0,1.0,0.0,1.0,0.0,0.0,0.0,0.0,0.9718233761730058,0.0,0.0,0.0,1.0,20.0,1.0,support-boundary collapse,1842.19,1761.0,neural,30.0,810.0,6120.0,0.0,0,nan,0.0,nan,exact_count,raw_state,none,3.98e-05,2880,,,0.0033900340229592986,0.0,1.0,0.0,nan,nan,7,nan,nan,nan,nan,unavailable,unavailable,unavailable,nan,nan,0.0,unavailable,nan
reviewer1_sensor_factorial_development,reviewer1_sensor_factorial_development,configs/reviewer1_remaining/sensor_factorial_development/matched_conditions.yaml,latency_only,SensorizedPyBulletUAVWaypoint-v0,SensorizedPyBulletUAVWaypoint-v0,native_gymnasium_observation,fuzzy_relative_reliability,15003,eval,40,40,-1.1931110341846942,40,2,-1.1931110341846942,20,0.0,40,3,0.010993614016721645,0.01322881504893303,0,1,2,1.1098029999993742,0.44657649999135174,0.6632265000080224,0.44657649999135174,0.6632265000080224,a6856e5cafc085e89cbbb2e0fc8a8770c40029c1,1.8.0,dd539897a18ce6d787567c0969bf760cf4c6c2d331693676b7eab3ef6b71fe9b,True,3.12.13,2.12.0+cpu,2.4.6,1.2.3,3.1.0,2.1.0,3.2.7,0.027804789993330123,0.0,0.13041644,0.14694736713221443,30.0,1.0,0.0,1.0,0.0,0.0,1.0,0.0,1.0,0.0,0.0,0.0,0.0,0.9939922917026376,0.0,0.0,0.0,1.0,20.0,1.0,support-boundary collapse,2041.3649999999998,1952.9499999999998,neural,30.0,810.0,6120.0,0.0,0,nan,0.0,nan,exact_count,raw_state,none,3.98e-05,2880,,,0.0037743578071967932,0.0,1.0,0.0,nan,nan,0,nan,nan,nan,nan,unavailable,unavailable,unavailable,nan,nan,0.0,unavailable,nan
reviewer1_sensor_factorial_development,reviewer1_sensor_factorial_development,configs/reviewer1_remaining/sensor_factorial_development/matched_conditions.yaml,latency_only,SensorizedPyBulletUAVWaypoint-v0,SensorizedPyBulletUAVWaypoint-v0,native_gymnasium_observation,fuzzy_relative_reliability,15003,train,40,,,40,2,-0.9585161313507706,20,0.0,40,3,0.010993614016721645,0.01322881504893303,0,1,2,1.115377800015267,0.45215130000724457,0.6632265000080224,0.45215130000724457,0.6632265000080224,a6856e5cafc085e89cbbb2e0fc8a8770c40029c1,1.8.0,dd539897a18ce6d787567c0969bf760cf4c6c2d331693676b7eab3ef6b71fe9b,True,3.12.13,2.12.0+cpu,2.4.6,1.2.3,3.1.0,2.1.0,3.2.7,0.027804789993330123,0.0,0.13041644,0.14694736713221443,30.0,1.0,0.0,1.0,0.05,-0.0025000000000000005,0.7,0.06673149598399229,0.9332685040160076,0.0,0.06673149598399229,0.22243831994664098,0.06635976507857853,0.905390154691414,0.3,0.85,0.3,0.7,14.0,0.7,support-boundary collapse,593.905,71.55,neural,30.0,810.0,6120.0,0.0,0,nan,0.0,nan,exact_count,raw_state,none,3.98e-05,2880,,,0.002354614620344364,0.0,1.0,0.0,,,,,,,,,,,,,,,
reviewer1_sensor_factorial_development,reviewer1_sensor_factorial_development,configs/reviewer1_remaining/sensor_factorial_development/matched_conditions.yaml,latency_only,SensorizedPyBulletUAVWaypoint-v0,SensorizedPyBulletUAVWaypoint-v0,native_gymnasium_observation,fuzzy_relative_reliability,15003,train,60,,,60,3,-1.105522463065572,20,0.0,60,8,0.008337030129041523,0.01322881504893303,0,1,2,1.4009911000030115,0.7377645999949891,0.6632265000080224,0.7377645999949891,0.6632265000080224,a6856e5cafc085e89cbbb2e0fc8a8770c40029c1,1.8.0,dd539897a18ce6d787567c0969bf760cf4c6c2d331693676b7eab3ef6b71fe9b,True,3.12.13,2.12.0+cpu,2.4.6,1.2.3,3.1.0,2.1.0,3.2.7,0.10560142101944259,0.0,0.048592363,0.062300820585263574,41.0,1.0,0.0,1.0,0.0,0.0,0.55,0.13383616319093128,0.8661638368090685,0.0,0.13383616319093128,0.22312945793583355,0.13540742622938542,0.9493887878616846,0.45,0.9,0.45,0.55,11.0,0.55,support-boundary collapse,908.4599999999998,982.45,neural,41.0,1107.0,8364.0,0.16666666666666666,1,0.0,4.0,nan,exact_count,raw_state,none,4.3e-05,3936,,,0.001892146387763205,0.0,1.0,0.0,,,,,,,,,,,,,,,
reviewer1_sensor_factorial_development,reviewer1_sensor_factorial_development,configs/reviewer1_remaining/sensor_factorial_development/matched_conditions.yaml,latency_only,SensorizedPyBulletUAVWaypoint-v0,SensorizedPyBulletUAVWaypoint-v0,native_gymnasium_observation,fuzzy_relative_reliability,15003,eval,80,80,-1.2032396277971567,80,1,-1.2032396277971567,20,0.0,80,13,0.0077505453059879634,0.01322881504893303,0,2,2,2.228595000022324,0.9949315000267234,1.2336634999956004,0.9949315000267234,1.2336634999956004,a6856e5cafc085e89cbbb2e0fc8a8770c40029c1,1.8.0,dd539897a18ce6d787567c0969bf760cf4c6c2d331693676b7eab3ef6b71fe9b,True,3.12.13,2.12.0+cpu,2.4.6,1.2.3,3.1.0,2.1.0,3.2.7,0.09265436626736676,0.0,0.017859835,0.027378288813598356,54.0,1.0,0.0,1.0,0.0,0.0,1.0,0.0,1.0,0.0,0.0,0.0,0.0,0.8884311889579033,0.0,0.0,0.0,1.0,20.0,1.0,support-boundary collapse,1636.2199999999998,1516.85,neural,54.0,1458.0,11016.0,0.0,0,nan,0.0,nan,exact_count,raw_state,none,2.21e-05,5184,,,0.004052046423930733,0.0,1.0,0.0,nan,nan,0,nan,nan,nan,nan,unavailable,unavailable,unavailable,nan,nan,0.0,unavailable,nan
reviewer1_sensor_factorial_development,reviewer1_sensor_factorial_development,configs/reviewer1_remaining/sensor_factorial_development/matched_conditions.yaml,latency_only,SensorizedPyBulletUAVWaypoint-v0,SensorizedPyBulletUAVWaypoint-v0,native_gymnasium_observation,fuzzy_relative_reliability,15003,eval,80,80,-1.1129041199386123,80,2,-1.1129041199386123,20,0.0,80,13,0.0077505453059879634,0.01322881504893303,0,2,2,2.228835200017784,0.9951717000221834,1.2336634999956004,0.9951717000221834,1.2336634999956004,a6856e5cafc085e89cbbb2e0fc8a8770c40029c1,1.8.0,dd539897a18ce6d787567c0969bf760cf4c6c2d331693676b7eab3ef6b71fe9b,True,3.12.13,2.12.0+cpu,2.4.6,1.2.3,3.1.0,2.1.0,3.2.7,0.09265436626736676,0.0,0.017859835,0.027378288813598356,54.0,1.0,0.0,1.0,0.0,0.0,1.0,0.0,1.0,0.0,0.0,0.0,0.0,0.8502834464564206,0.0,0.5,0.0,1.0,20.0,1.0,support-boundary collapse,1862.22,1681.3000000000002,neural,54.0,1458.0,11016.0,0.0,0,nan,0.0,nan,exact_count,raw_state,none,2.21e-05,5184,,,0.003995650936849416,0.0,1.0,0.0,nan,nan,0,nan,nan,nan,nan,unavailable,unavailable,unavailable,nan,nan,0.0,unavailable,nan
reviewer1_sensor_factorial_development,reviewer1_sensor_factorial_development,configs/reviewer1_remaining/sensor_factorial_development/matched_conditions.yaml,latency_only,SensorizedPyBulletUAVWaypoint-v0,SensorizedPyBulletUAVWaypoint-v0,native_gymnasium_observation,fuzzy_relative_reliability,15003,train,80,,,80,4,-0.333515386581421,20,0.0,80,13,0.0077505453059879634,0.01322881504893303,0,2,2,2.2314399000024423,0.9977764000068419,1.2336634999956004,0.9977764000068419,1.2336634999956004,a6856e5cafc085e89cbbb2e0fc8a8770c40029c1,1.8.0,dd539897a18ce6d787567c0969bf760cf4c6c2d331693676b7eab3ef6b71fe9b,True,3.12.13,2.12.0+cpu,2.4.6,1.2.3,3.1.0,2.1.0,3.2.7,0.09265436626736676,0.0,0.017859835,0.027378288813598356,54.0,1.0,0.0,0.15,0.0,0.0,0.75,0.08159114915449092,0.918408850845509,0.0,0.08159114915449092,0.055677369118151465,0.0811403227359645,0.8416916442288664,0.25,0.7,0.25,0.75,15.0,0.75,support-boundary collapse,1481.0100000000002,1727.55,neural,54.0,1458.0,11016.0,0.0,0,nan,0.0,nan,exact_count,raw_state,none,2.21e-05,5184,,,0.002871157517438405,0.0,1.0,0.0,,,,,,,,,,,,,,,
reviewer1_sensor_factorial_development,reviewer1_sensor_factorial_development,configs/reviewer1_remaining/sensor_factorial_development/matched_conditions.yaml,latency_only,SensorizedPyBulletUAVWaypoint-v0,SensorizedPyBulletUAVWaypoint-v0,native_gymnasium_observation,selected_approximate_support,15002,train,20,,,20,1,-1.0151374950632452,20,0.0,20,0,nan,nan,0,0,2,0.2203426999913063,0.2203426999913063,0.0,0.2203426999913063,0.0,a6856e5cafc085e89cbbb2e0fc8a8770c40029c1,1.8.0,dd539897a18ce6d787567c0969bf760cf4c6c2d331693676b7eab3ef6b71fe9b,True,3.12.13,2.12.0+cpu,2.4.6,1.2.3,3.1.0,2.1.0,3.2.7,0.7487562569024874,0.0,1.0,1.0,15.0,1.0,0.0,1.0,0.0,0.0,1.0,0.37437812845124363,0.12562187154875631,0.0,nan,nan,0.37437812845124363,nan,0.0,0.5,nan,0.0,nan,nan,approximate-only,222.435,48.75,memory,15.0,405.0,3060.0,0.7487562569024874,3,0.0,2.980198621749878,nan,gaussian_affinity,raw_state,brute_force,0.0021502,1320,,,0.000826518288522493,0.0,1.0,0.0,,,,,,,,,,,,,,,
reviewer1_sensor_factorial_development,reviewer1_sensor_factorial_development,configs/reviewer1_remaining/sensor_factorial_development/matched_conditions.yaml,latency_only,SensorizedPyBulletUAVWaypoint-v0,SensorizedPyBulletUAVWaypoint-v0,native_gymnasium_observation,selected_approximate_support,15002,eval,40,40,-1.0796574355196207,40,1,-1.0796574355196207,20,0.0,40,3,0.005619474531461795,0.006838841363787651,0,1,2,1.0207027000142261,0.4369377000257373,0.5837649999884889,0.4369377000257373,0.5837649999884889,a6856e5cafc085e89cbbb2e0fc8a8770c40029c1,1.8.0,dd539897a18ce6d787567c0969bf760cf4c6c2d331693676b7eab3ef6b71fe9b,True,3.12.13,2.12.0+cpu,2.4.6,1.2.3,3.1.0,2.1.0,3.2.7,0.6654877156690572,0.0,1.0,1.0,25.0,1.0,0.0,1.0,0.0,0.0,1.0,0.6424308692630127,0.35756913073698726,0.0,nan,nan,0.6424308692630127,nan,0.0,1.0,nan,0.0,nan,nan,approximate-only,1675.3350000000003,1642.75,memory,25.0,675.0,5100.0,0.43994439908213084,3,0.4092676341533661,0.7855370044708252,nan,gaussian_affinity,raw_state,brute_force,0.0002414,2200,,,0.003809008929601987,0.0,1.0,0.0,0,6,23,nan,nan,nan,0.49999999749999996,neural,unavailable,unavailable,nan,nan,0.0,unavailable,nan
reviewer1_sensor_factorial_development,reviewer1_sensor_factorial_development,configs/reviewer1_remaining/sensor_factorial_development/matched_conditions.yaml,latency_only,SensorizedPyBulletUAVWaypoint-v0,SensorizedPyBulletUAVWaypoint-v0,native_gymnasium_observation,selected_approximate_support,15002,eval,40,40,-1.0697234624624254,40,2,-1.0697234624624254,20,0.0,40,3,0.005619474531461795,0.006838841363787651,0,1,2,1.0209856000146829,0.437220600026194,0.5837649999884889,0.437220600026194,0.5837649999884889,a6856e5cafc085e89cbbb2e0fc8a8770c40029c1,1.8.0,dd539897a18ce6d787567c0969bf760cf4c6c2d331693676b7eab3ef6b71fe9b,True,3.12.13,2.12.0+cpu,2.4.6,1.2.3,3.1.0,2.1.0,3.2.7,0.6654877156690572,0.0,1.0,1.0,25.0,1.0,0.0,1.0,0.0,0.0,1.0,0.6188120057317705,0.38118799426822947,0.0,nan,nan,0.6188120057317705,nan,0.0,1.0,nan,0.0,nan,nan,approximate-only,1699.23,1549.45,memory,25.0,675.0,5100.0,0.43994439908213084,3,0.4092676341533661,0.7855370044708252,nan,gaussian_affinity,raw_state,brute_force,0.0002414,2200,,,0.0036933254941686755,0.0,1.0,0.0,0,6,23,nan,nan,nan,0.49999999749999996,neural,unavailable,unavailable,nan,nan,0.0,unavailable,nan
reviewer1_sensor_factorial_development,reviewer1_sensor_factorial_development,configs/reviewer1_remaining/sensor_factorial_development/matched_conditions.yaml,latency_only,SensorizedPyBulletUAVWaypoint-v0,SensorizedPyBulletUAVWaypoint-v0,native_gymnasium_observation,selected_approximate_support,15002,train,40,,,40,2,-1.0377997221145778,20,0.0,40,3,0.005619474531461795,0.006838841363787651,0,1,2,1.0257529999944381,0.4419880000059493,0.5837649999884889,0.4419880000059493,0.5837649999884889,a6856e5cafc085e89cbbb2e0fc8a8770c40029c1,1.8.0,dd539897a18ce6d787567c0969bf760cf4c6c2d331693676b7eab3ef6b71fe9b,True,3.12.13,2.12.0+cpu,2.4.6,1.2.3,3.1.0,2.1.0,3.2.7,0.6654877156690572,0.0,1.0,1.0,25.0,1.0,0.0,1.0,0.0,0.0,0.45,0.6816734446391173,0.3183265553608826,0.0,nan,nan,0.6816734446391173,nan,0.55,1.0,nan,0.0,nan,nan,exact,975.9549999999999,1226.65,memory,25.0,675.0,5100.0,0.43994439908213084,3,0.4092676341533661,0.7855370044708252,nan,gaussian_affinity,raw_state,brute_force,0.0002414,2200,,,0.0027417010313001812,0.0,1.0,0.0,,,,,,,,,,,,,,,
reviewer1_sensor_factorial_development,reviewer1_sensor_factorial_development,configs/reviewer1_remaining/sensor_factorial_development/matched_conditions.yaml,latency_only,SensorizedPyBulletUAVWaypoint-v0,SensorizedPyBulletUAVWaypoint-v0,native_gymnasium_observation,selected_approximate_support,15002,train,60,,,60,3,-0.1270015585795045,20,0.0,60,8,0.005582867830526084,0.006993213668465614,0,1,2,1.3018357999972068,0.7180708000087179,0.5837649999884889,0.7180708000087179,0.5837649999884889,a6856e5cafc085e89cbbb2e0fc8a8770c40029c1,1.8.0,dd539897a18ce6d787567c0969bf760cf4c6c2d331693676b7eab3ef6b71fe9b,True,3.12.13,2.12.0+cpu,2.4.6,1.2.3,3.1.0,2.1.0,3.2.7,0.6690688000536636,0.0,1.0,1.0,38.0,1.0,0.0,0.0,0.0,0.0,0.7,0.6386938580758358,0.3613061419241642,0.0,nan,nan,0.6386938580758358,nan,0.3,1.0,nan,0.0,nan,nan,approximate-only,1065.7000000000003,1040.0,memory,38.0,1026.0,7752.0,0.7462565265846898,3,0.0,2.940988063812256,nan,gaussian_affinity,raw_state,brute_force,0.0004365,3344,,,0.002447844451671699,0.0,1.0,0.0,,,,,,,,,,,,,,,
reviewer1_sensor_factorial_development,reviewer1_sensor_factorial_development,configs/reviewer1_remaining/sensor_factorial_development/matched_conditions.yaml,latency_only,SensorizedPyBulletUAVWaypoint-v0,SensorizedPyBulletUAVWaypoint-v0,native_gymnasium_observation,selected_approximate_support,15002,eval,80,80,-0.17139455530559647,80,1,-0.17139455530559647,20,0.0,80,13,0.004681227370523489,0.006993213668465614,0,2,2,2.122074699989753,0.9629558000015095,1.1591188999882434,0.9629558000015095,1.1591188999882434,a6856e5cafc085e89cbbb2e0fc8a8770c40029c1,1.8.0,dd539897a18ce6d787567c0969bf760cf4c6c2d331693676b7eab3ef6b71fe9b,True,3.12.13,2.12.0+cpu,2.4.6,1.2.3,3.1.0,2.1.0,3.2.7,0.69593128836807,0.0,1.0,1.0,52.0,1.0,0.0,0.0,0.0,0.0,1.0,0.7331403143745648,0.2668596856254352,0.0,nan,nan,0.7331403143745648,nan,0.0,1.0,nan,0.0,nan,nan,approximate-only,1711.6449999999998,1595.9,memory,52.0,1404.0,10608.0,0.10154376699260388,3,0.634428858757019,0.11302027106285095,nan,gaussian_affinity,raw_state,brute_force,0.0003427,4576,,,0.0036606572779419367,0.0,1.0,0.0,0,23,23,nan,nan,nan,0.49999999749999996,neural,unavailable,unavailable,nan,nan,0.0,unavailable,nan
reviewer1_sensor_factorial_development,reviewer1_sensor_factorial_development,configs/reviewer1_remaining/sensor_factorial_development/matched_conditions.yaml,latency_only,SensorizedPyBulletUAVWaypoint-v0,SensorizedPyBulletUAVWaypoint-v0,native_gymnasium_observation,selected_approximate_support,15002,eval,80,80,-0.13036917094141245,80,2,-0.13036917094141245,20,0.0,80,13,0.004681227370523489,0.006993213668465614,0,2,2,2.1223413000116125,0.9632224000233691,1.1591188999882434,0.9632224000233691,1.1591188999882434,a6856e5cafc085e89cbbb2e0fc8a8770c40029c1,1.8.0,dd539897a18ce6d787567c0969bf760cf4c6c2d331693676b7eab3ef6b71fe9b,True,3.12.13,2.12.0+cpu,2.4.6,1.2.3,3.1.0,2.1.0,3.2.7,0.69593128836807,0.0,1.0,1.0,52.0,1.0,0.0,0.0,0.0,0.0,1.0,0.10629699011671574,0.8937030098832842,0.0,nan,nan,0.10629699011671574,nan,0.0,1.0,nan,0.0,nan,nan,approximate-only,1774.52,1717.95,neural,52.0,1404.0,10608.0,0.10154376699260388,3,0.634428858757019,0.11302027106285095,nan,gaussian_affinity,raw_state,brute_force,0.0003427,4576,,,0.0029550456511060474,0.0,1.0,0.0,0,7,7,nan,nan,nan,0.49999999749999996,neural,unavailable,unavailable,nan,nan,0.0,unavailable,nan
reviewer1_sensor_factorial_development,reviewer1_sensor_factorial_development,configs/reviewer1_remaining/sensor_factorial_development/matched_conditions.yaml,latency_only,SensorizedPyBulletUAVWaypoint-v0,SensorizedPyBulletUAVWaypoint-v0,native_gymnasium_observation,selected_approximate_support,15002,train,80,,,80,4,-0.18712564112618568,20,0.0,80,13,0.004681227370523489,0.006993213668465614,0,2,2,2.1239187000028323,0.964799800014589,1.1591188999882434,0.964799800014589,1.1591188999882434,a6856e5cafc085e89cbbb2e0fc8a8770c40029c1,1.8.0,dd539897a18ce6d787567c0969bf760cf4c6c2d331693676b7eab3ef6b71fe9b,True,3.12.13,2.12.0+cpu,2.4.6,1.2.3,3.1.0,2.1.0,3.2.7,0.69593128836807,0.0,1.0,1.0,52.0,1.0,0.0,0.0,0.05,-0.0025000000000000005,0.75,0.733443831704611,0.266556168295389,0.0,nan,nan,0.733443831704611,nan,0.25,1.0,nan,0.0,nan,nan,approximate-only,1538.4550000000002,1589.9,memory,52.0,1404.0,10608.0,0.10154376699260388,3,0.634428858757019,0.11302027106285095,nan,gaussian_affinity,raw_state,brute_force,0.0003427,4576,,,0.004109326238540234,0.0,1.0,0.0,,,,,,,,,,,,,,,
reviewer1_sensor_factorial_development,reviewer1_sensor_factorial_development,configs/reviewer1_remaining/sensor_factorial_development/matched_conditions.yaml,latency_only,SensorizedPyBulletUAVWaypoint-v0,SensorizedPyBulletUAVWaypoint-v0,native_gymnasium_observation,selected_approximate_support,15003,train,20,,,20,1,-0.9648251768480985,20,0.0,20,0,nan,nan,0,0,2,0.21305990000837483,0.21305990000837483,0.0,0.21305990000837483,0.0,a6856e5cafc085e89cbbb2e0fc8a8770c40029c1,1.8.0,dd539897a18ce6d787567c0969bf760cf4c6c2d331693676b7eab3ef6b71fe9b,True,3.12.13,2.12.0+cpu,2.4.6,1.2.3,3.1.0,2.1.0,3.2.7,0.7487562569024874,0.0,1.0,1.0,14.0,1.0,0.0,1.0,0.0,0.0,1.0,0.18718906422562184,0.06281093577437816,0.0,nan,nan,0.18718906422562184,nan,0.0,0.25,nan,0.0,nan,nan,unsupported,148.24,47.75,none,14.0,378.0,2856.0,0.7487562569024874,3,0.0,2.980198621749878,nan,gaussian_affinity,raw_state,brute_force,0.0006009,1232,,,0.0018379634900156816,0.0,1.0,0.0,,,,,,,,,,,,,,,
reviewer1_sensor_factorial_development,reviewer1_sensor_factorial_development,configs/reviewer1_remaining/sensor_factorial_development/matched_conditions.yaml,latency_only,SensorizedPyBulletUAVWaypoint-v0,SensorizedPyBulletUAVWaypoint-v0,native_gymnasium_observation,selected_approximate_support,15003,eval,40,40,-0.9317033847793936,40,1,-0.9317033847793936,20,0.0,40,3,0.010989148014535507,0.01322881504893303,0,1,2,0.9713585000135936,0.4201760000141803,0.5511824999994133,0.4201760000141803,0.5511824999994133,a6856e5cafc085e89cbbb2e0fc8a8770c40029c1,1.8.0,dd539897a18ce6d787567c0969bf760cf4c6c2d331693676b7eab3ef6b71fe9b,True,3.12.13,2.12.0+cpu,2.4.6,1.2.3,3.1.0,2.1.0,3.2.7,0.7437201808683709,0.0,1.0,1.0,30.0,1.0,0.0,1.0,0.0,0.0,1.0,0.7247990112895416,0.2752009887104584,0.0,nan,nan,0.7247990112895416,nan,0.0,1.0,nan,0.0,nan,nan,approximate-only,1683.69,1608.95,memory,30.0,810.0,6120.0,0.002104883747224052,3,0.952627956867218,0.002109323628246784,nan,gaussian_affinity,raw_state,brute_force,0.0003054,2640,,,0.003266910175079829,0.0,1.0,0.0,0,7,7,nan,nan,nan,0.49999999749999996,neural,unavailable,unavailable,nan,nan,0.0,unavailable,nan
reviewer1_sensor_factorial_development,reviewer1_sensor_factorial_development,configs/reviewer1_remaining/sensor_factorial_development/matched_conditions.yaml,latency_only,SensorizedPyBulletUAVWaypoint-v0,SensorizedPyBulletUAVWaypoint-v0,native_gymnasium_observation,selected_approximate_support,15003,eval,40,40,-1.1931110341846942,40,2,-1.1931110341846942,20,0.0,40,3,0.010989148014535507,0.01322881504893303,0,1,2,0.9715906000055838,0.42040810000617057,0.5511824999994133,0.42040810000617057,0.5511824999994133,a6856e5cafc085e89cbbb2e0fc8a8770c40029c1,1.8.0,dd539897a18ce6d787567c0969bf760cf4c6c2d331693676b7eab3ef6b71fe9b,True,3.12.13,2.12.0+cpu,2.4.6,1.2.3,3.1.0,2.1.0,3.2.7,0.7437201808683709,0.0,1.0,1.0,30.0,1.0,0.0,1.0,0.0,0.0,1.0,0.0027314250819991696,0.9972685749180009,0.0,nan,nan,0.0027314250819991696,nan,0.0,1.0,nan,0.0,nan,nan,approximate-only,1702.8200000000002,1583.4,neural,30.0,810.0,6120.0,0.002104883747224052,3,0.952627956867218,0.002109323628246784,nan,gaussian_affinity,raw_state,brute_force,0.0003054,2640,,,0.0037743578071967932,0.0,1.0,0.0,0,0,0,nan,nan,nan,0.49999999749999996,neural,unavailable,unavailable,nan,nan,0.0,unavailable,nan
reviewer1_sensor_factorial_development,reviewer1_sensor_factorial_development,configs/reviewer1_remaining/sensor_factorial_development/matched_conditions.yaml,latency_only,SensorizedPyBulletUAVWaypoint-v0,SensorizedPyBulletUAVWaypoint-v0,native_gymnasium_observation,selected_approximate_support,15003,train,40,,,40,2,-0.9589688032213599,20,0.0,40,3,0.010989148014535507,0.01322881504893303,0,1,2,0.9772819000063464,0.42609940000693314,0.5511824999994133,0.42609940000693314,0.5511824999994133,a6856e5cafc085e89cbbb2e0fc8a8770c40029c1,1.8.0,dd539897a18ce6d787567c0969bf760cf4c6c2d331693676b7eab3ef6b71fe9b,True,3.12.13,2.12.0+cpu,2.4.6,1.2.3,3.1.0,2.1.0,3.2.7,0.7437201808683709,0.0,1.0,1.0,30.0,1.0,0.0,1.0,0.05,-0.0025000000000000005,0.7,0.7460485239998309,0.25395147600016904,0.0,nan,nan,0.7460485239998309,nan,0.3,1.0,nan,0.0,nan,nan,approximate-only,606.03,60.3,memory,30.0,810.0,6120.0,0.002104883747224052,3,0.952627956867218,0.002109323628246784,nan,gaussian_affinity,raw_state,brute_force,0.0003054,2640,,,0.0023447729156032436,0.0,1.0,0.0,,,,,,,,,,,,,,,
reviewer1_sensor_factorial_development,reviewer1_sensor_factorial_development,configs/reviewer1_remaining/sensor_factorial_development/matched_conditions.yaml,latency_only,SensorizedPyBulletUAVWaypoint-v0,SensorizedPyBulletUAVWaypoint-v0,native_gymnasium_observation,selected_approximate_support,15003,train,60,,,60,3,-1.067407186939381,20,0.0,60,8,0.00834613328333944,0.01322881504893303,0,1,2,1.273675500007812,0.7224930000083987,0.5511824999994133,0.7224930000083987,0.5511824999994133,a6856e5cafc085e89cbbb2e0fc8a8770c40029c1,1.8.0,dd539897a18ce6d787567c0969bf760cf4c6c2d331693676b7eab3ef6b71fe9b,True,3.12.13,2.12.0+cpu,2.4.6,1.2.3,3.1.0,2.1.0,3.2.7,0.6934682827675691,0.0,1.0,1.0,47.0,1.0,0.0,1.0,0.0,0.0,0.75,0.6357507554229669,0.3642492445770332,0.0,nan,nan,0.6357507554229669,nan,0.25,1.0,nan,0.0,nan,nan,approximate-only,919.14,1047.55,memory,47.0,1269.0,9588.0,0.7462312874265083,3,0.05000000074505806,2.940596103668213,nan,gaussian_affinity,raw_state,brute_force,0.0003388,4136,,,0.0017267318067752057,0.0,1.0,0.0,,,,,,,,,,,,,,,
reviewer1_sensor_factorial_development,reviewer1_sensor_factorial_development,configs/reviewer1_remaining/sensor_factorial_development/matched_conditions.yaml,latency_only,SensorizedPyBulletUAVWaypoint-v0,SensorizedPyBulletUAVWaypoint-v0,native_gymnasium_observation,selected_approximate_support,15003,eval,80,80,-1.2032396277971567,80,1,-1.2032396277971567,20,0.0,80,13,0.007732881967408152,0.01322881504893303,0,2,2,2.1098225000023376,0.9727834000077564,1.1370390999945812,0.9727834000077564,1.1370390999945812,a6856e5cafc085e89cbbb2e0fc8a8770c40029c1,1.8.0,dd539897a18ce6d787567c0969bf760cf4c6c2d331693676b7eab3ef6b71fe9b,True,3.12.13,2.12.0+cpu,2.4.6,1.2.3,3.1.0,2.1.0,3.2.7,0.6901553677120246,0.0,1.0,1.0,60.0,1.0,0.0,1.0,0.0,0.0,1.0,0.677387466837398,0.32261253316260186,0.0,nan,nan,0.677387466837398,nan,0.0,1.0,nan,0.0,nan,nan,approximate-only,1765.08,1685.05,memory,60.0,1620.0,12240.0,0.6723900266318075,3,0.20615531504154205,2.052410125732422,nan,gaussian_affinity,raw_state,brute_force,0.0004752,5280,,,0.004052046423930733,0.0,1.0,0.0,1,0,0,nan,nan,nan,0.49999999749999996,neural,unavailable,unavailable,nan,nan,0.0,unavailable,nan
reviewer1_sensor_factorial_development,reviewer1_sensor_factorial_development,configs/reviewer1_remaining/sensor_factorial_development/matched_conditions.yaml,latency_only,SensorizedPyBulletUAVWaypoint-v0,SensorizedPyBulletUAVWaypoint-v0,native_gymnasium_observation,selected_approximate_support,15003,eval,80,80,-1.1129041199386123,80,2,-1.1129041199386123,20,0.0,80,13,0.007732881967408152,0.01322881504893303,0,2,2,2.110095000010915,0.9730559000163339,1.1370390999945812,0.9730559000163339,1.1370390999945812,a6856e5cafc085e89cbbb2e0fc8a8770c40029c1,1.8.0,dd539897a18ce6d787567c0969bf760cf4c6c2d331693676b7eab3ef6b71fe9b,True,3.12.13,2.12.0+cpu,2.4.6,1.2.3,3.1.0,2.1.0,3.2.7,0.6901553677120246,0.0,1.0,1.0,60.0,1.0,0.0,1.0,0.0,0.0,1.0,0.7061716339395321,0.29382836606046797,0.0,nan,nan,0.7061716339395321,nan,0.0,1.0,nan,0.0,nan,nan,approximate-only,1760.8049999999998,1705.2,memory,60.0,1620.0,12240.0,0.6723900266318075,3,0.20615531504154205,2.052410125732422,nan,gaussian_affinity,raw_state,brute_force,0.0004752,5280,,,0.003995650936849416,0.0,1.0,0.0,1,0,0,nan,nan,nan,0.49999999749999996,neural,unavailable,unavailable,nan,nan,0.0,unavailable,nan
reviewer1_sensor_factorial_development,reviewer1_sensor_factorial_development,configs/reviewer1_remaining/sensor_factorial_development/matched_conditions.yaml,latency_only,SensorizedPyBulletUAVWaypoint-v0,SensorizedPyBulletUAVWaypoint-v0,native_gymnasium_observation,selected_approximate_support,15003,train,80,,,80,4,-0.333515386581421,20,0.0,80,13,0.007732881967408152,0.01322881504893303,0,2,2,2.111728799995035,0.9746897000004537,1.1370390999945812,0.9746897000004537,1.1370390999945812,a6856e5cafc085e89cbbb2e0fc8a8770c40029c1,1.8.0,dd539897a18ce6d787567c0969bf760cf4c6c2d331693676b7eab3ef6b71fe9b,True,3.12.13,2.12.0+cpu,2.4.6,1.2.3,3.1.0,2.1.0,3.2.7,0.6901553677120246,0.0,1.0,1.0,60.0,1.0,0.0,0.15,0.0,0.0,0.75,0.6558302454841367,0.3441697545158632,0.0,nan,nan,0.6558302454841367,nan,0.25,1.0,nan,0.0,nan,nan,approximate-only,1408.4199999999998,1541.3000000000002,memory,60.0,1620.0,12240.0,0.6723900266318075,3,0.20615531504154205,2.052410125732422,nan,gaussian_affinity,raw_state,brute_force,0.0004752,5280,,,0.002871157517438405,0.0,1.0,0.0,,,,,,,,,,,,,,,
reviewer1_sensor_factorial_development,reviewer1_sensor_factorial_development,configs/reviewer1_remaining/sensor_factorial_development/matched_conditions.yaml,latency_only,SensorizedPyBulletUAVWaypoint-v0,SensorizedPyBulletUAVWaypoint-v0,native_gymnasium_observation,sensorized_controller,15002,train,20,,,20,1,-1.0107307259365916,20,0.0,20,0,nan,nan,0,0,2,0.17837970002437942,0.17837970002437942,0.0,0.17837970002437942,0.0,a6856e5cafc085e89cbbb2e0fc8a8770c40029c1,1.8.0,dd539897a18ce6d787567c0969bf760cf4c6c2d331693676b7eab3ef6b71fe9b,True,3.12.13,2.12.0+cpu,2.4.6,1.2.3,3.1.0,2.1.0,3.2.7,,,,,,1.0,0.0,1.0,0.0,0.0,1.0,0.0,0.0,0.0,nan,nan,0.0,nan,0.0,0.0,nan,0.0,nan,nan,unsupported,37.239999999999995,33.849999999999994,none,0.0,0.0,0.0,,,,,,,,,,,,,0.0010226624741335399,0.0,1.0,0.0,,,,,,,,,,,,,,,
reviewer1_sensor_factorial_development,reviewer1_sensor_factorial_development,configs/reviewer1_remaining/sensor_factorial_development/matched_conditions.yaml,latency_only,SensorizedPyBulletUAVWaypoint-v0,SensorizedPyBulletUAVWaypoint-v0,native_gymnasium_observation,sensorized_controller,15002,eval,40,40,-0.9256691071018577,40,1,-0.9256691071018577,20,0.0,40,0,nan,nan,0,1,2,0.8179974000086077,0.3203549000318162,0.49764249997679144,0.3203549000318162,0.49764249997679144,a6856e5cafc085e89cbbb2e0fc8a8770c40029c1,1.8.0,dd539897a18ce6d787567c0969bf760cf4c6c2d331693676b7eab3ef6b71fe9b,True,3.12.13,2.12.0+cpu,2.4.6,1.2.3,3.1.0,2.1.0,3.2.7,,,,,,1.0,0.0,1.0,0.1,-0.005000000000000001,1.0,0.0,0.0,0.0,nan,nan,0.0,nan,0.0,0.0,nan,0.0,nan,nan,unsupported,465.48,428.0,mixed,0.0,0.0,0.0,,,,,,,,,,,,,0.004192703462467762,0.0,1.0,0.0,nan,nan,2,nan,nan,nan,nan,unavailable,unavailable,unavailable,nan,nan,0.0,unavailable,nan
reviewer1_sensor_factorial_development,reviewer1_sensor_factorial_development,configs/reviewer1_remaining/sensor_factorial_development/matched_conditions.yaml,latency_only,SensorizedPyBulletUAVWaypoint-v0,SensorizedPyBulletUAVWaypoint-v0,native_gymnasium_observation,sensorized_controller,15002,eval,40,40,-0.9155225635506211,40,2,-0.9155225635506211,20,0.0,40,0,nan,nan,0,1,2,0.81825840001693,0.3206159000401385,0.49764249997679144,0.3206159000401385,0.49764249997679144,a6856e5cafc085e89cbbb2e0fc8a8770c40029c1,1.8.0,dd539897a18ce6d787567c0969bf760cf4c6c2d331693676b7eab3ef6b71fe9b,True,3.12.13,2.12.0+cpu,2.4.6,1.2.3,3.1.0,2.1.0,3.2.7,,,,,,1.0,0.0,1.0,0.1,-0.005000000000000001,1.0,0.0,0.0,0.0,nan,nan,0.0,nan,0.0,0.0,nan,0.0,nan,nan,unsupported,435.69500000000005,402.4,mixed,0.0,0.0,0.0,,,,,,,,,,,,,0.004491616035011248,0.0,1.0,0.0,nan,nan,2,nan,nan,nan,nan,unavailable,unavailable,unavailable,nan,nan,0.0,unavailable,nan
reviewer1_sensor_factorial_development,reviewer1_sensor_factorial_development,configs/reviewer1_remaining/sensor_factorial_development/matched_conditions.yaml,latency_only,SensorizedPyBulletUAVWaypoint-v0,SensorizedPyBulletUAVWaypoint-v0,native_gymnasium_observation,sensorized_controller,15002,train,40,,,40,2,-1.0266486563533546,20,0.0,40,0,nan,nan,0,1,2,0.8260078000021167,0.32836530002532527,0.49764249997679144,0.32836530002532527,0.49764249997679144,a6856e5cafc085e89cbbb2e0fc8a8770c40029c1,1.8.0,dd539897a18ce6d787567c0969bf760cf4c6c2d331693676b7eab3ef6b71fe9b,True,3.12.13,2.12.0+cpu,2.4.6,1.2.3,3.1.0,2.1.0,3.2.7,,,,,,1.0,0.0,1.0,0.05,-0.0025000000000000005,1.0,0.0,0.0,0.0,nan,nan,0.0,nan,0.0,0.0,nan,0.0,nan,nan,unsupported,29.775,28.1,none,0.0,0.0,0.0,,,,,,,,,,,,,0.0015091159224539298,0.0,1.0,0.0,,,,,,,,,,,,,,,
reviewer1_sensor_factorial_development,reviewer1_sensor_factorial_development,configs/reviewer1_remaining/sensor_factorial_development/matched_conditions.yaml,latency_only,SensorizedPyBulletUAVWaypoint-v0,SensorizedPyBulletUAVWaypoint-v0,native_gymnasium_observation,sensorized_controller,15002,train,60,,,60,3,-0.20988187718205156,20,0.0,60,0,nan,nan,0,1,2,0.9916338000039104,0.493991300027119,0.49764249997679144,0.493991300027119,0.49764249997679144,a6856e5cafc085e89cbbb2e0fc8a8770c40029c1,1.8.0,dd539897a18ce6d787567c0969bf760cf4c6c2d331693676b7eab3ef6b71fe9b,True,3.12.13,2.12.0+cpu,2.4.6,1.2.3,3.1.0,2.1.0,3.2.7,,,,,,1.0,0.0,0.0,0.05,-0.0025000000000000005,1.0,0.0,0.0,0.0,nan,nan,0.0,nan,0.0,0.0,nan,0.0,nan,nan,unsupported,42.725,39.05,none,0.0,0.0,0.0,,,,,,,,,,,,,0.0011842016916489228,0.0,1.0,0.0,,,,,,,,,,,,,,,
reviewer1_sensor_factorial_development,reviewer1_sensor_factorial_development,configs/reviewer1_remaining/sensor_factorial_development/matched_conditions.yaml,latency_only,SensorizedPyBulletUAVWaypoint-v0,SensorizedPyBulletUAVWaypoint-v0,native_gymnasium_observation,sensorized_controller,15002,eval,80,80,-0.37060385589487854,80,1,-0.37060385589487854,20,0.0,80,0,nan,nan,0,2,2,1.8502512999984901,0.6894739000417758,1.1607773999567144,0.6894739000417758,1.1607773999567144,a6856e5cafc085e89cbbb2e0fc8a8770c40029c1,1.8.0,dd539897a18ce6d787567c0969bf760cf4c6c2d331693676b7eab3ef6b71fe9b,True,3.12.13,2.12.0+cpu,2.4.6,1.2.3,3.1.0,2.1.0,3.2.7,,,,,,1.0,0.0,0.3,0.1,-0.005000000000000001,1.0,0.0,0.0,0.0,nan,nan,0.0,nan,0.0,0.0,nan,0.0,nan,nan,unsupported,461.13,446.4,mixed,0.0,0.0,0.0,,,,,,,,,,,,,0.004155330561479787,0.0,1.0,0.0,nan,nan,20,nan,nan,nan,nan,unavailable,unavailable,unavailable,nan,nan,0.0,unavailable,nan
reviewer1_sensor_factorial_development,reviewer1_sensor_factorial_development,configs/reviewer1_remaining/sensor_factorial_development/matched_conditions.yaml,latency_only,SensorizedPyBulletUAVWaypoint-v0,SensorizedPyBulletUAVWaypoint-v0,native_gymnasium_observation,sensorized_controller,15002,eval,80,80,-0.11133348269388081,80,2,-0.11133348269388081,20,0.0,80,0,nan,nan,0,2,2,1.850569300004281,0.6897919000475667,1.1607773999567144,0.6897919000475667,1.1607773999567144,a6856e5cafc085e89cbbb2e0fc8a8770c40029c1,1.8.0,dd539897a18ce6d787567c0969bf760cf4c6c2d331693676b7eab3ef6b71fe9b,True,3.12.13,2.12.0+cpu,2.4.6,1.2.3,3.1.0,2.1.0,3.2.7,,,,,,1.0,0.0,0.0,0.15,-0.0075000000000000015,1.0,0.0,0.0,0.0,nan,nan,0.0,nan,0.0,0.0,nan,0.0,nan,nan,unsupported,432.48,384.8,mixed,0.0,0.0,0.0,,,,,,,,,,,,,0.004483191909093876,0.0,1.0,0.0,nan,nan,8,nan,nan,nan,nan,unavailable,unavailable,unavailable,nan,nan,0.0,unavailable,nan
reviewer1_sensor_factorial_development,reviewer1_sensor_factorial_development,configs/reviewer1_remaining/sensor_factorial_development/matched_conditions.yaml,latency_only,SensorizedPyBulletUAVWaypoint-v0,SensorizedPyBulletUAVWaypoint-v0,native_gymnasium_observation,sensorized_controller,15002,train,80,,,80,4,-0.23228024535812433,20,0.0,80,0,nan,nan,0,2,2,1.8528212000092026,0.6920438000524882,1.1607773999567144,0.6920438000524882,1.1607773999567144,a6856e5cafc085e89cbbb2e0fc8a8770c40029c1,1.8.0,dd539897a18ce6d787567c0969bf760cf4c6c2d331693676b7eab3ef6b71fe9b,True,3.12.13,2.12.0+cpu,2.4.6,1.2.3,3.1.0,2.1.0,3.2.7,,,,,,1.0,0.0,0.0,0.0,0.0,1.0,0.0,0.0,0.0,nan,nan,0.0,nan,0.0,0.0,nan,0.0,nan,nan,unsupported,32.56,28.299999999999997,none,0.0,0.0,0.0,,,,,,,,,,,,,0.0011113025982922408,0.0,1.0,0.0,,,,,,,,,,,,,,,
reviewer1_sensor_factorial_development,reviewer1_sensor_factorial_development,configs/reviewer1_remaining/sensor_factorial_development/matched_conditions.yaml,latency_only,SensorizedPyBulletUAVWaypoint-v0,SensorizedPyBulletUAVWaypoint-v0,native_gymnasium_observation,sensorized_controller,15003,train,20,,,20,1,-0.9692372118588536,20,0.0,20,0,nan,nan,0,0,2,0.18198289998690598,0.18198289998690598,0.0,0.18198289998690598,0.0,a6856e5cafc085e89cbbb2e0fc8a8770c40029c1,1.8.0,dd539897a18ce6d787567c0969bf760cf4c6c2d331693676b7eab3ef6b71fe9b,True,3.12.13,2.12.0+cpu,2.4.6,1.2.3,3.1.0,2.1.0,3.2.7,,,,,,1.0,0.0,1.0,0.0,0.0,1.0,0.0,0.0,0.0,nan,nan,0.0,nan,0.0,0.0,nan,0.0,nan,nan,unsupported,32.77,29.799999999999997,none,0.0,0.0,0.0,,,,,,,,,,,,,0.0018344111113947291,0.0,1.0,0.0,,,,,,,,,,,,,,,
reviewer1_sensor_factorial_development,reviewer1_sensor_factorial_development,configs/reviewer1_remaining/sensor_factorial_development/matched_conditions.yaml,latency_only,SensorizedPyBulletUAVWaypoint-v0,SensorizedPyBulletUAVWaypoint-v0,native_gymnasium_observation,sensorized_controller,15003,eval,40,40,-0.9176208676397801,40,1,-0.9176208676397801,20,0.0,40,0,nan,nan,0,1,2,0.8489503999880981,0.34284469997510314,0.5061057000129949,0.34284469997510314,0.5061057000129949,a6856e5cafc085e89cbbb2e0fc8a8770c40029c1,1.8.0,dd539897a18ce6d787567c0969bf760cf4c6c2d331693676b7eab3ef6b71fe9b,True,3.12.13,2.12.0+cpu,2.4.6,1.2.3,3.1.0,2.1.0,3.2.7,,,,,,1.0,0.0,1.0,0.25,-0.012500000000000002,1.0,0.0,0.0,0.0,nan,nan,0.0,nan,0.0,0.0,nan,0.0,nan,nan,unsupported,435.93,402.2,mixed,0.0,0.0,0.0,,,,,,,,,,,,,0.004655715532862814,0.0,1.0,0.0,nan,nan,8,nan,nan,nan,nan,unavailable,unavailable,unavailable,nan,nan,0.0,unavailable,nan
reviewer1_sensor_factorial_development,reviewer1_sensor_factorial_development,configs/reviewer1_remaining/sensor_factorial_development/matched_conditions.yaml,latency_only,SensorizedPyBulletUAVWaypoint-v0,SensorizedPyBulletUAVWaypoint-v0,native_gymnasium_observation,sensorized_controller,15003,eval,40,40,-0.9138409757334737,40,2,-0.9138409757334737,20,0.0,40,0,nan,nan,0,1,2,0.8491335999860894,0.34302789997309446,0.5061057000129949,0.34302789997309446,0.5061057000129949,a6856e5cafc085e89cbbb2e0fc8a8770c40029c1,1.8.0,dd539897a18ce6d787567c0969bf760cf4c6c2d331693676b7eab3ef6b71fe9b,True,3.12.13,2.12.0+cpu,2.4.6,1.2.3,3.1.0,2.1.0,3.2.7,,,,,,1.0,0.0,1.0,0.15,-0.0075000000000000015,1.0,0.0,0.0,0.0,nan,nan,0.0,nan,0.0,0.0,nan,0.0,nan,nan,unsupported,445.95500000000004,417.8,mixed,0.0,0.0,0.0,,,,,,,,,,,,,0.004337896591459866,0.0,1.0,0.0,nan,nan,26,nan,nan,nan,nan,unavailable,unavailable,unavailable,nan,nan,0.0,unavailable,nan
reviewer1_sensor_factorial_development,reviewer1_sensor_factorial_development,configs/reviewer1_remaining/sensor_factorial_development/matched_conditions.yaml,latency_only,SensorizedPyBulletUAVWaypoint-v0,SensorizedPyBulletUAVWaypoint-v0,native_gymnasium_observation,sensorized_controller,15003,train,40,,,40,2,-0.9931157535873353,20,0.0,40,0,nan,nan,0,1,2,0.8558531999879051,0.34974749997491017,0.5061057000129949,0.34974749997491017,0.5061057000129949,a6856e5cafc085e89cbbb2e0fc8a8770c40029c1,1.8.0,dd539897a18ce6d787567c0969bf760cf4c6c2d331693676b7eab3ef6b71fe9b,True,3.12.13,2.12.0+cpu,2.4.6,1.2.3,3.1.0,2.1.0,3.2.7,,,,,,1.0,0.0,1.0,0.0,0.0,1.0,0.0,0.0,0.0,nan,nan,0.0,nan,0.0,0.0,nan,0.0,nan,nan,unsupported,42.095,39.25,none,0.0,0.0,0.0,,,,,,,,,,,,,0.002112465739992331,0.0,1.0,0.0,,,,,,,,,,,,,,,
reviewer1_sensor_factorial_development,reviewer1_sensor_factorial_development,configs/reviewer1_remaining/sensor_factorial_development/matched_conditions.yaml,latency_only,SensorizedPyBulletUAVWaypoint-v0,SensorizedPyBulletUAVWaypoint-v0,native_gymnasium_observation,sensorized_controller,15003,train,60,,,60,3,-1.0556848777178676,20,0.0,60,0,nan,nan,0,1,2,1.0128827999869827,0.5067770999739878,0.5061057000129949,0.5067770999739878,0.5061057000129949,a6856e5cafc085e89cbbb2e0fc8a8770c40029c1,1.8.0,dd539897a18ce6d787567c0969bf760cf4c6c2d331693676b7eab3ef6b71fe9b,True,3.12.13,2.12.0+cpu,2.4.6,1.2.3,3.1.0,2.1.0,3.2.7,,,,,,1.0,0.0,1.0,0.15,-0.0075000000000000015,1.0,0.0,0.0,0.0,nan,nan,0.0,nan,0.0,0.0,nan,0.0,nan,nan,unsupported,30.169999999999998,29.700000000000003,none,0.0,0.0,0.0,,,,,,,,,,,,,0.0016937264561420306,0.0,1.0,0.0,,,,,,,,,,,,,,,
reviewer1_sensor_factorial_development,reviewer1_sensor_factorial_development,configs/reviewer1_remaining/sensor_factorial_development/matched_conditions.yaml,latency_only,SensorizedPyBulletUAVWaypoint-v0,SensorizedPyBulletUAVWaypoint-v0,native_gymnasium_observation,sensorized_controller,15003,eval,80,80,-0.918257856555283,80,1,-0.918257856555283,20,0.0,80,0,nan,nan,0,2,2,1.8285752999945544,0.7182997999771032,1.1102755000174511,0.7182997999771032,1.1102755000174511,a6856e5cafc085e89cbbb2e0fc8a8770c40029c1,1.8.0,dd539897a18ce6d787567c0969bf760cf4c6c2d331693676b7eab3ef6b71fe9b,True,3.12.13,2.12.0+cpu,2.4.6,1.2.3,3.1.0,2.1.0,3.2.7,,,,,,1.0,0.0,1.0,0.2,-0.010000000000000002,1.0,0.0,0.0,0.0,nan,nan,0.0,nan,0.0,0.0,nan,0.0,nan,nan,unsupported,456.43499999999995,396.75,mixed,0.0,0.0,0.0,,,,,,,,,,,,,0.00446018035254383,0.0,1.0,0.0,nan,nan,26,nan,nan,nan,nan,unavailable,unavailable,unavailable,nan,nan,0.0,unavailable,nan
reviewer1_sensor_factorial_development,reviewer1_sensor_factorial_development,configs/reviewer1_remaining/sensor_factorial_development/matched_conditions.yaml,latency_only,SensorizedPyBulletUAVWaypoint-v0,SensorizedPyBulletUAVWaypoint-v0,native_gymnasium_observation,sensorized_controller,15003,eval,80,80,-0.9473391939699648,80,2,-0.9473391939699648,20,0.0,80,0,nan,nan,0,2,2,1.8287994999845978,0.7185239999671467,1.1102755000174511,0.7185239999671467,1.1102755000174511,a6856e5cafc085e89cbbb2e0fc8a8770c40029c1,1.8.0,dd539897a18ce6d787567c0969bf760cf4c6c2d331693676b7eab3ef6b71fe9b,True,3.12.13,2.12.0+cpu,2.4.6,1.2.3,3.1.0,2.1.0,3.2.7,,,,,,1.0,0.0,1.0,0.1,-0.005000000000000001,1.0,0.0,0.0,0.0,nan,nan,0.0,nan,0.0,0.0,nan,0.0,nan,nan,unsupported,475.00999999999993,469.55,mixed,0.0,0.0,0.0,,,,,,,,,,,,,0.003905249186936999,0.0,1.0,0.0,nan,nan,20,nan,nan,nan,nan,unavailable,unavailable,unavailable,nan,nan,0.0,unavailable,nan
reviewer1_sensor_factorial_development,reviewer1_sensor_factorial_development,configs/reviewer1_remaining/sensor_factorial_development/matched_conditions.yaml,latency_only,SensorizedPyBulletUAVWaypoint-v0,SensorizedPyBulletUAVWaypoint-v0,native_gymnasium_observation,sensorized_controller,15003,train,80,,,80,4,-0.21005785324145113,20,0.0,80,0,nan,nan,0,2,2,1.830289699981222,0.7200141999637708,1.1102755000174511,0.7200141999637708,1.1102755000174511,a6856e5cafc085e89cbbb2e0fc8a8770c40029c1,1.8.0,dd539897a18ce6d787567c0969bf760cf4c6c2d331693676b7eab3ef6b71fe9b,True,3.12.13,2.12.0+cpu,2.4.6,1.2.3,3.1.0,2.1.0,3.2.7,,,,,,1.0,0.0,0.0,0.05,-0.0025000000000000005,1.0,0.0,0.0,0.0,nan,nan,0.0,nan,0.0,0.0,nan,0.0,nan,nan,unsupported,35.61999999999999,35.4,none,0.0,0.0,0.0,,,,,,,,,,,,,0.001369426925884909,0.0,1.0,0.0,,,,,,,,,,,,,,,
reviewer1_sensor_factorial_development,reviewer1_sensor_factorial_development,configs/reviewer1_remaining/sensor_factorial_development/matched_conditions.yaml,localization_dropout_only,SensorizedPyBulletUAVWaypoint-v0,SensorizedPyBulletUAVWaypoint-v0,native_gymnasium_observation,dqn,15002,train,20,,,20,1,-1.0151569248735903,20,0.0,20,0,nan,nan,0,0,2,0.19865360000403598,0.19865360000403598,0.0,0.19865360000403598,0.0,a6856e5cafc085e89cbbb2e0fc8a8770c40029c1,1.8.0,dd539897a18ce6d787567c0969bf760cf4c6c2d331693676b7eab3ef6b71fe9b,True,3.12.13,2.12.0+cpu,2.4.6,1.2.3,3.1.0,2.1.0,3.2.7,,,,,,1.0,0.0,1.0,0.0,0.0,1.0,0.0,0.5,0.0,nan,nan,0.0,nan,0.0,0.0,nan,0.5,nan,nan,unsupported,89.45,36.45,neural,0.0,0.0,0.0,,,,,,,,,,,,,0.0,0.0,1.0,0.0,,,,,,,,,,,,,,,
reviewer1_sensor_factorial_development,reviewer1_sensor_factorial_development,configs/reviewer1_remaining/sensor_factorial_development/matched_conditions.yaml,localization_dropout_only,SensorizedPyBulletUAVWaypoint-v0,SensorizedPyBulletUAVWaypoint-v0,native_gymnasium_observation,dqn,15002,eval,40,40,-1.0873790934495629,40,1,-1.0873790934495629,20,0.0,40,3,0.005598081741482019,0.0068300445564091206,0,1,2,0.9162616000103299,0.3725838000245858,0.5436777999857441,0.3725838000245858,0.5436777999857441,a6856e5cafc085e89cbbb2e0fc8a8770c40029c1,1.8.0,dd539897a18ce6d787567c0969bf760cf4c6c2d331693676b7eab3ef6b71fe9b,True,3.12.13,2.12.0+cpu,2.4.6,1.2.3,3.1.0,2.1.0,3.2.7,,,,,,1.0,0.0,1.0,0.0,0.0,1.0,0.0,1.0,0.0,nan,nan,0.0,nan,0.0,0.0,nan,1.0,nan,nan,unsupported,1185.5049999999999,1157.45,neural,0.0,0.0,0.0,,,,,,,,,,,,,0.0005862884572707117,0.15,1.0,0.0,nan,nan,6,nan,nan,nan,nan,unavailable,unavailable,unavailable,nan,nan,0.0,unavailable,nan
reviewer1_sensor_factorial_development,reviewer1_sensor_factorial_development,configs/reviewer1_remaining/sensor_factorial_development/matched_conditions.yaml,localization_dropout_only,SensorizedPyBulletUAVWaypoint-v0,SensorizedPyBulletUAVWaypoint-v0,native_gymnasium_observation,dqn,15002,eval,40,40,-1.0718869662098585,40,2,-1.0718869662098585,20,0.0,40,3,0.005598081741482019,0.0068300445564091206,0,1,2,0.9164482000051066,0.37277040001936257,0.5436777999857441,0.37277040001936257,0.5436777999857441,a6856e5cafc085e89cbbb2e0fc8a8770c40029c1,1.8.0,dd539897a18ce6d787567c0969bf760cf4c6c2d331693676b7eab3ef6b71fe9b,True,3.12.13,2.12.0+cpu,2.4.6,1.2.3,3.1.0,2.1.0,3.2.7,,,,,,1.0,0.0,1.0,0.0,0.0,1.0,0.0,1.0,0.0,nan,nan,0.0,nan,0.0,0.0,nan,1.0,nan,nan,unsupported,1189.04,1155.05,neural,0.0,0.0,0.0,,,,,,,,,,,,,5.3556746570393444e-05,0.05,1.0,0.0,nan,nan,6,nan,nan,nan,nan,unavailable,unavailable,unavailable,nan,nan,0.0,unavailable,nan
reviewer1_sensor_factorial_development,reviewer1_sensor_factorial_development,configs/reviewer1_remaining/sensor_factorial_development/matched_conditions.yaml,localization_dropout_only,SensorizedPyBulletUAVWaypoint-v0,SensorizedPyBulletUAVWaypoint-v0,native_gymnasium_observation,dqn,15002,train,40,,,40,2,-1.0411241589207203,20,0.0,40,3,0.005598081741482019,0.0068300445564091206,0,1,2,0.9240143999923021,0.380336600006558,0.5436777999857441,0.380336600006558,0.5436777999857441,a6856e5cafc085e89cbbb2e0fc8a8770c40029c1,1.8.0,dd539897a18ce6d787567c0969bf760cf4c6c2d331693676b7eab3ef6b71fe9b,True,3.12.13,2.12.0+cpu,2.4.6,1.2.3,3.1.0,2.1.0,3.2.7,,,,,,1.0,0.0,1.0,0.0,0.0,0.7,0.0,1.0,0.0,nan,nan,0.0,nan,0.3,0.3,nan,1.0,nan,nan,unsupported,600.0500000000001,770.95,neural,0.0,0.0,0.0,,,,,,,,,,,,,9.342311532236635e-05,0.05,1.0,0.0,,,,,,,,,,,,,,,
reviewer1_sensor_factorial_development,reviewer1_sensor_factorial_development,configs/reviewer1_remaining/sensor_factorial_development/matched_conditions.yaml,localization_dropout_only,SensorizedPyBulletUAVWaypoint-v0,SensorizedPyBulletUAVWaypoint-v0,native_gymnasium_observation,dqn,15002,train,60,,,60,3,-0.12733940634876492,20,0.0,60,8,0.005549836147110909,0.006861208006739616,0,1,2,1.1291293000103906,0.5854515000246465,0.5436777999857441,0.5854515000246465,0.5436777999857441,a6856e5cafc085e89cbbb2e0fc8a8770c40029c1,1.8.0,dd539897a18ce6d787567c0969bf760cf4c6c2d331693676b7eab3ef6b71fe9b,True,3.12.13,2.12.0+cpu,2.4.6,1.2.3,3.1.0,2.1.0,3.2.7,,,,,,1.0,0.0,0.0,0.0,0.0,0.9,0.0,1.0,0.0,nan,nan,0.0,nan,0.1,0.1,nan,1.0,nan,nan,unsupported,683.7449999999999,827.3,neural,0.0,0.0,0.0,,,,,,,,,,,,,0.0,0.0,1.0,0.0,,,,,,,,,,,,,,,
reviewer1_sensor_factorial_development,reviewer1_sensor_factorial_development,configs/reviewer1_remaining/sensor_factorial_development/matched_conditions.yaml,localization_dropout_only,SensorizedPyBulletUAVWaypoint-v0,SensorizedPyBulletUAVWaypoint-v0,native_gymnasium_observation,dqn,15002,eval,80,80,-0.1717708364967257,80,1,-0.1717708364967257,20,0.0,80,13,0.004636752911700079,0.006861208006739616,0,2,2,1.9017665999999736,0.7887264000310097,1.1130401999689639,0.7887264000310097,1.1130401999689639,a6856e5cafc085e89cbbb2e0fc8a8770c40029c1,1.8.0,dd539897a18ce6d787567c0969bf760cf4c6c2d331693676b7eab3ef6b71fe9b,True,3.12.13,2.12.0+cpu,2.4.6,1.2.3,3.1.0,2.1.0,3.2.7,,,,,,1.0,0.0,0.0,0.0,0.0,1.0,0.0,1.0,0.0,nan,nan,0.0,nan,0.0,0.0,nan,1.0,nan,nan,unsupported,973.8799999999999,1002.8,neural,0.0,0.0,0.0,,,,,,,,,,,,,0.0,0.0,1.0,0.0,nan,nan,23,nan,nan,nan,nan,unavailable,unavailable,unavailable,nan,nan,0.0,unavailable,nan
reviewer1_sensor_factorial_development,reviewer1_sensor_factorial_development,configs/reviewer1_remaining/sensor_factorial_development/matched_conditions.yaml,localization_dropout_only,SensorizedPyBulletUAVWaypoint-v0,SensorizedPyBulletUAVWaypoint-v0,native_gymnasium_observation,dqn,15002,eval,80,80,-0.13366501240059733,80,2,-0.13366501240059733,20,0.0,80,13,0.004636752911700079,0.006861208006739616,0,2,2,1.902064199995948,0.7890240000269841,1.1130401999689639,0.7890240000269841,1.1130401999689639,a6856e5cafc085e89cbbb2e0fc8a8770c40029c1,1.8.0,dd539897a18ce6d787567c0969bf760cf4c6c2d331693676b7eab3ef6b71fe9b,True,3.12.13,2.12.0+cpu,2.4.6,1.2.3,3.1.0,2.1.0,3.2.7,,,,,,1.0,0.0,0.0,0.0,0.0,1.0,0.0,1.0,0.0,nan,nan,0.0,nan,0.0,0.0,nan,1.0,nan,nan,unsupported,1198.915,1130.1,neural,0.0,0.0,0.0,,,,,,,,,,,,,0.0,0.0,1.0,0.0,nan,nan,23,nan,nan,nan,nan,unavailable,unavailable,unavailable,nan,nan,0.0,unavailable,nan
reviewer1_sensor_factorial_development,reviewer1_sensor_factorial_development,configs/reviewer1_remaining/sensor_factorial_development/matched_conditions.yaml,localization_dropout_only,SensorizedPyBulletUAVWaypoint-v0,SensorizedPyBulletUAVWaypoint-v0,native_gymnasium_observation,dqn,15002,train,80,,,80,4,-0.1876264189369977,20,0.0,80,13,0.004636752911700079,0.006861208006739616,0,2,2,1.9041741999972146,0.7911340000282507,1.1130401999689639,0.7911340000282507,1.1130401999689639,a6856e5cafc085e89cbbb2e0fc8a8770c40029c1,1.8.0,dd539897a18ce6d787567c0969bf760cf4c6c2d331693676b7eab3ef6b71fe9b,True,3.12.13,2.12.0+cpu,2.4.6,1.2.3,3.1.0,2.1.0,3.2.7,,,,,,1.0,0.0,0.0,0.05,-0.0025000000000000005,0.7,0.0,1.0,0.0,nan,nan,0.0,nan,0.3,0.3,nan,1.0,nan,nan,unsupported,988.175,994.05,neural,0.0,0.0,0.0,,,,,,,,,,,,,0.0,0.0,1.0,0.0,,,,,,,,,,,,,,,
reviewer1_sensor_factorial_development,reviewer1_sensor_factorial_development,configs/reviewer1_remaining/sensor_factorial_development/matched_conditions.yaml,localization_dropout_only,SensorizedPyBulletUAVWaypoint-v0,SensorizedPyBulletUAVWaypoint-v0,native_gymnasium_observation,dqn,15003,train,20,,,20,1,-0.9650195746589452,20,0.0,20,0,nan,nan,0,0,2,0.22583409998333082,0.22583409998333082,0.0,0.22583409998333082,0.0,a6856e5cafc085e89cbbb2e0fc8a8770c40029c1,1.8.0,dd539897a18ce6d787567c0969bf760cf4c6c2d331693676b7eab3ef6b71fe9b,True,3.12.13,2.12.0+cpu,2.4.6,1.2.3,3.1.0,2.1.0,3.2.7,,,,,,1.0,0.0,1.0,0.0,0.0,1.0,0.0,0.25,0.0,nan,nan,0.0,nan,0.0,0.0,nan,0.25,nan,nan,unsupported,114.1,30.65,none,0.0,0.0,0.0,,,,,,,,,,,,,0.0,0.0,1.0,0.0,,,,,,,,,,,,,,,
reviewer1_sensor_factorial_development,reviewer1_sensor_factorial_development,configs/reviewer1_remaining/sensor_factorial_development/matched_conditions.yaml,localization_dropout_only,SensorizedPyBulletUAVWaypoint-v0,SensorizedPyBulletUAVWaypoint-v0,native_gymnasium_observation,dqn,15003,eval,40,40,-0.9287961330823602,40,1,-0.9287961330823602,20,0.0,40,3,0.011087522686769566,0.013313639909029007,0,1,2,0.9393362999835517,0.396879199979594,0.5424571000039577,0.396879199979594,0.5424571000039577,a6856e5cafc085e89cbbb2e0fc8a8770c40029c1,1.8.0,dd539897a18ce6d787567c0969bf760cf4c6c2d331693676b7eab3ef6b71fe9b,True,3.12.13,2.12.0+cpu,2.4.6,1.2.3,3.1.0,2.1.0,3.2.7,,,,,,1.0,0.0,1.0,0.0,0.0,1.0,0.0,1.0,0.0,nan,nan,0.0,nan,0.0,0.0,nan,1.0,nan,nan,unsupported,1115.7599999999998,1101.6999999999998,neural,0.0,0.0,0.0,,,,,,,,,,,,,0.0,0.0,1.0,0.0,nan,nan,7,nan,nan,nan,nan,unavailable,unavailable,unavailable,nan,nan,0.0,unavailable,nan
reviewer1_sensor_factorial_development,reviewer1_sensor_factorial_development,configs/reviewer1_remaining/sensor_factorial_development/matched_conditions.yaml,localization_dropout_only,SensorizedPyBulletUAVWaypoint-v0,SensorizedPyBulletUAVWaypoint-v0,native_gymnasium_observation,dqn,15003,eval,40,40,-1.1732241131737828,40,2,-1.1732241131737828,20,0.0,40,3,0.011087522686769566,0.013313639909029007,0,1,2,0.9396137000003364,0.39715659999637865,0.5424571000039577,0.39715659999637865,0.5424571000039577,a6856e5cafc085e89cbbb2e0fc8a8770c40029c1,1.8.0,dd539897a18ce6d787567c0969bf760cf4c6c2d331693676b7eab3ef6b71fe9b,True,3.12.13,2.12.0+cpu,2.4.6,1.2.3,3.1.0,2.1.0,3.2.7,,,,,,1.0,0.0,1.0,0.0,0.0,1.0,0.0,1.0,0.0,nan,nan,0.0,nan,0.0,0.0,nan,1.0,nan,nan,unsupported,1090.0,1036.1,neural,0.0,0.0,0.0,,,,,,,,,,,,,0.0001451041316613555,0.1,1.0,0.0,nan,nan,0,nan,nan,nan,nan,unavailable,unavailable,unavailable,nan,nan,0.0,unavailable,nan
reviewer1_sensor_factorial_development,reviewer1_sensor_factorial_development,configs/reviewer1_remaining/sensor_factorial_development/matched_conditions.yaml,localization_dropout_only,SensorizedPyBulletUAVWaypoint-v0,SensorizedPyBulletUAVWaypoint-v0,native_gymnasium_observation,dqn,15003,train,40,,,40,2,-0.9588738544099035,20,0.0,40,3,0.011087522686769566,0.013313639909029007,0,1,2,0.9452494999859482,0.40279239998199046,0.5424571000039577,0.40279239998199046,0.5424571000039577,a6856e5cafc085e89cbbb2e0fc8a8770c40029c1,1.8.0,dd539897a18ce6d787567c0969bf760cf4c6c2d331693676b7eab3ef6b71fe9b,True,3.12.13,2.12.0+cpu,2.4.6,1.2.3,3.1.0,2.1.0,3.2.7,,,,,,1.0,0.0,1.0,0.05,-0.0025000000000000005,0.95,0.0,1.0,0.0,nan,nan,0.0,nan,0.05,0.05,nan,1.0,nan,nan,unsupported,429.78999999999996,38.9,neural,0.0,0.0,0.0,,,,,,,,,,,,,1.7961312551051378e-05,0.05,1.0,0.0,,,,,,,,,,,,,,,
reviewer1_sensor_factorial_development,reviewer1_sensor_factorial_development,configs/reviewer1_remaining/sensor_factorial_development/matched_conditions.yaml,localization_dropout_only,SensorizedPyBulletUAVWaypoint-v0,SensorizedPyBulletUAVWaypoint-v0,native_gymnasium_observation,dqn,15003,train,60,,,60,3,-1.0882825133437293,20,0.0,60,8,0.008369418326765299,0.013313639909029007,0,1,2,1.1409758999943733,0.5985187999904156,0.5424571000039577,0.5985187999904156,0.5424571000039577,a6856e5cafc085e89cbbb2e0fc8a8770c40029c1,1.8.0,dd539897a18ce6d787567c0969bf760cf4c6c2d331693676b7eab3ef6b71fe9b,True,3.12.13,2.12.0+cpu,2.4.6,1.2.3,3.1.0,2.1.0,3.2.7,,,,,,1.0,0.0,1.0,0.0,0.0,0.7,0.0,1.0,0.0,nan,nan,0.0,nan,0.3,0.3,nan,1.0,nan,nan,unsupported,585.0549999999998,785.0999999999999,neural,0.0,0.0,0.0,,,,,,,,,,,,,3.041449817828834e-05,0.05,1.0,0.0,,,,,,,,,,,,,,,
reviewer1_sensor_factorial_development,reviewer1_sensor_factorial_development,configs/reviewer1_remaining/sensor_factorial_development/matched_conditions.yaml,localization_dropout_only,SensorizedPyBulletUAVWaypoint-v0,SensorizedPyBulletUAVWaypoint-v0,native_gymnasium_observation,dqn,15003,eval,80,80,-1.1973680401593445,80,1,-1.1973680401593445,20,0.0,80,13,0.007784467459154816,0.013313639909029007,0,2,2,1.894686499988893,0.797016700002132,1.097669799986761,0.797016700002132,1.097669799986761,a6856e5cafc085e89cbbb2e0fc8a8770c40029c1,1.8.0,dd539897a18ce6d787567c0969bf760cf4c6c2d331693676b7eab3ef6b71fe9b,True,3.12.13,2.12.0+cpu,2.4.6,1.2.3,3.1.0,2.1.0,3.2.7,,,,,,1.0,0.0,1.0,0.0,0.0,1.0,0.0,1.0,0.0,nan,nan,0.0,nan,0.0,0.0,nan,1.0,nan,nan,unsupported,966.8599999999999,922.4,neural,0.0,0.0,0.0,,,,,,,,,,,,,3.687923599500209e-05,0.05,1.0,0.0,nan,nan,0,nan,nan,nan,nan,unavailable,unavailable,unavailable,nan,nan,0.0,unavailable,nan
reviewer1_sensor_factorial_development,reviewer1_sensor_factorial_development,configs/reviewer1_remaining/sensor_factorial_development/matched_conditions.yaml,localization_dropout_only,SensorizedPyBulletUAVWaypoint-v0,SensorizedPyBulletUAVWaypoint-v0,native_gymnasium_observation,dqn,15003,eval,80,80,-1.112504853308201,80,2,-1.112504853308201,20,0.0,80,13,0.007784467459154816,0.013313639909029007,0,2,2,1.894945000007283,0.7972752000205219,1.097669799986761,0.7972752000205219,1.097669799986761,a6856e5cafc085e89cbbb2e0fc8a8770c40029c1,1.8.0,dd539897a18ce6d787567c0969bf760cf4c6c2d331693676b7eab3ef6b71fe9b,True,3.12.13,2.12.0+cpu,2.4.6,1.2.3,3.1.0,2.1.0,3.2.7,,,,,,1.0,0.0,1.0,0.0,0.0,1.0,0.0,1.0,0.0,nan,nan,0.0,nan,0.0,0.0,nan,1.0,nan,nan,unsupported,1216.3500000000001,1128.5,neural,0.0,0.0,0.0,,,,,,,,,,,,,0.0,0.0,1.0,0.0,nan,nan,0,nan,nan,nan,nan,unavailable,unavailable,unavailable,nan,nan,0.0,unavailable,nan
reviewer1_sensor_factorial_development,reviewer1_sensor_factorial_development,configs/reviewer1_remaining/sensor_factorial_development/matched_conditions.yaml,localization_dropout_only,SensorizedPyBulletUAVWaypoint-v0,SensorizedPyBulletUAVWaypoint-v0,native_gymnasium_observation,dqn,15003,train,80,,,80,4,-0.3332687900029123,20,0.0,80,13,0.007784467459154816,0.013313639909029007,0,2,2,1.8969929000013508,0.7993231000145897,1.097669799986761,0.7993231000145897,1.097669799986761,a6856e5cafc085e89cbbb2e0fc8a8770c40029c1,1.8.0,dd539897a18ce6d787567c0969bf760cf4c6c2d331693676b7eab3ef6b71fe9b,True,3.12.13,2.12.0+cpu,2.4.6,1.2.3,3.1.0,2.1.0,3.2.7,,,,,,1.0,0.0,0.15,0.0,0.0,0.75,0.0,1.0,0.0,nan,nan,0.0,nan,0.25,0.25,nan,1.0,nan,nan,unsupported,773.625,923.9,neural,0.0,0.0,0.0,,,,,,,,,,,,,0.0,0.0,1.0,0.0,,,,,,,,,,,,,,,
reviewer1_sensor_factorial_development,reviewer1_sensor_factorial_development,configs/reviewer1_remaining/sensor_factorial_development/matched_conditions.yaml,localization_dropout_only,SensorizedPyBulletUAVWaypoint-v0,SensorizedPyBulletUAVWaypoint-v0,native_gymnasium_observation,fuzzy_relative_reliability,15002,train,20,,,20,1,-1.0151569248735903,20,0.0,20,0,nan,nan,0,0,2,0.2366567999997642,0.2366567999997642,0.0,0.2366567999997642,0.0,a6856e5cafc085e89cbbb2e0fc8a8770c40029c1,1.8.0,dd539897a18ce6d787567c0969bf760cf4c6c2d331693676b7eab3ef6b71fe9b,True,3.12.13,2.12.0+cpu,2.4.6,1.2.3,3.1.0,2.1.0,3.2.7,0.0,0.0,0.3601519,0.369870356775261,16.0,1.0,0.0,1.0,0.0,0.0,1.0,0.0,0.5,0.0,0.0,0.0,0.0,0.9937348102843181,0.0,0.5,0.0,0.5,10.0,1.0,support-boundary collapse,109.16,47.05,neural,16.0,432.0,3264.0,0.0,0,nan,0.0,nan,exact_count,raw_state,none,3.13e-05,1536,,,0.0,0.0,1.0,0.0,,,,,,,,,,,,,,,
reviewer1_sensor_factorial_development,reviewer1_sensor_factorial_development,configs/reviewer1_remaining/sensor_factorial_development/matched_conditions.yaml,localization_dropout_only,SensorizedPyBulletUAVWaypoint-v0,SensorizedPyBulletUAVWaypoint-v0,native_gymnasium_observation,fuzzy_relative_reliability,15002,eval,40,40,-1.0873790934495629,40,1,-1.0873790934495629,20,0.0,40,3,0.005598081741482019,0.0068300445564091206,0,1,2,1.051927099993918,0.46001799998339266,0.5919091000105254,0.46001799998339266,0.5919091000105254,a6856e5cafc085e89cbbb2e0fc8a8770c40029c1,1.8.0,dd539897a18ce6d787567c0969bf760cf4c6c2d331693676b7eab3ef6b71fe9b,True,3.12.13,2.12.0+cpu,2.4.6,1.2.3,3.1.0,2.1.0,3.2.7,0.05123015035602364,0.0,0.13075787,0.13922317061072023,29.0,1.0,0.0,1.0,0.0,0.0,1.0,0.0,1.0,0.0,0.0,0.0,0.0,0.9770296532076989,0.0,0.0,0.0,1.0,20.0,1.0,support-boundary collapse,1917.1350000000002,1855.45,neural,29.0,783.0,5916.0,0.0,0,nan,0.0,nan,exact_count,raw_state,none,2.98e-05,2784,,,0.0005862884572707117,0.15,1.0,0.0,nan,nan,6,nan,nan,nan,nan,unavailable,unavailable,unavailable,nan,nan,0.0,unavailable,nan
reviewer1_sensor_factorial_development,reviewer1_sensor_factorial_development,configs/reviewer1_remaining/sensor_factorial_development/matched_conditions.yaml,localization_dropout_only,SensorizedPyBulletUAVWaypoint-v0,SensorizedPyBulletUAVWaypoint-v0,native_gymnasium_observation,fuzzy_relative_reliability,15002,eval,40,40,-1.0718869662098585,40,2,-1.0718869662098585,20,0.0,40,3,0.005598081741482019,0.0068300445564091206,0,1,2,1.0522821999911685,0.460373099980643,0.5919091000105254,0.460373099980643,0.5919091000105254,a6856e5cafc085e89cbbb2e0fc8a8770c40029c1,1.8.0,dd539897a18ce6d787567c0969bf760cf4c6c2d331693676b7eab3ef6b71fe9b,True,3.12.13,2.12.0+cpu,2.4.6,1.2.3,3.1.0,2.1.0,3.2.7,0.05123015035602364,0.0,0.13075787,0.13922317061072023,29.0,1.0,0.0,1.0,0.0,0.0,1.0,0.0,1.0,0.0,0.0,0.0,0.0,0.9774834834283748,0.0,0.0,0.0,1.0,20.0,1.0,support-boundary collapse,1823.0600000000002,1773.7,neural,29.0,783.0,5916.0,0.0,0,nan,0.0,nan,exact_count,raw_state,none,2.98e-05,2784,,,5.3556746570393444e-05,0.05,1.0,0.0,nan,nan,6,nan,nan,nan,nan,unavailable,unavailable,unavailable,nan,nan,0.0,unavailable,nan
reviewer1_sensor_factorial_development,reviewer1_sensor_factorial_development,configs/reviewer1_remaining/sensor_factorial_development/matched_conditions.yaml,localization_dropout_only,SensorizedPyBulletUAVWaypoint-v0,SensorizedPyBulletUAVWaypoint-v0,native_gymnasium_observation,fuzzy_relative_reliability,15002,train,40,,,40,2,-1.0411241589207203,20,0.0,40,3,0.005598081741482019,0.0068300445564091206,0,1,2,1.0602808000112418,0.4683717000007164,0.5919091000105254,0.4683717000007164,0.5919091000105254,a6856e5cafc085e89cbbb2e0fc8a8770c40029c1,1.8.0,dd539897a18ce6d787567c0969bf760cf4c6c2d331693676b7eab3ef6b71fe9b,True,3.12.13,2.12.0+cpu,2.4.6,1.2.3,3.1.0,2.1.0,3.2.7,0.05123015035602364,0.0,0.13075787,0.13922317061072023,29.0,1.0,0.0,1.0,0.0,0.0,0.7,0.06656359828125809,0.9334364017187419,0.0,0.06656359828125809,0.22176000366561813,0.06635976507857852,0.8745136226219605,0.3,0.65,0.3,0.7,14.0,0.7,support-boundary collapse,958.43,1342.75,neural,29.0,783.0,5916.0,0.0,0,nan,0.0,nan,exact_count,raw_state,none,2.98e-05,2784,,,9.342311532236635e-05,0.05,1.0,0.0,,,,,,,,,,,,,,,
reviewer1_sensor_factorial_development,reviewer1_sensor_factorial_development,configs/reviewer1_remaining/sensor_factorial_development/matched_conditions.yaml,localization_dropout_only,SensorizedPyBulletUAVWaypoint-v0,SensorizedPyBulletUAVWaypoint-v0,native_gymnasium_observation,fuzzy_relative_reliability,15002,train,60,,,60,3,-0.12733940634876492,20,0.0,60,8,0.005549836147110909,0.006861208006739616,0,1,2,1.2974083000153769,0.7054992000048514,0.5919091000105254,0.7054992000048514,0.5919091000105254,a6856e5cafc085e89cbbb2e0fc8a8770c40029c1,1.8.0,dd539897a18ce6d787567c0969bf760cf4c6c2d331693676b7eab3ef6b71fe9b,True,3.12.13,2.12.0+cpu,2.4.6,1.2.3,3.1.0,2.1.0,3.2.7,0.0684542760989823,0.0,0.04689924,0.055633686475899904,43.0,1.0,0.0,0.0,0.0,0.0,0.9,0.05569096119726162,0.9443090388027384,0.0,0.05569096119726162,0.0,0.057987700304377145,0.8653382084240782,0.1,0.6,0.1,0.9,18.0,0.9,support-boundary collapse,1107.51,1483.85,neural,43.0,1161.0,8772.0,0.0,0,nan,0.0,nan,exact_count,raw_state,none,4.14e-05,4128,,,0.0,0.0,1.0,0.0,,,,,,,,,,,,,,,
reviewer1_sensor_factorial_development,reviewer1_sensor_factorial_development,configs/reviewer1_remaining/sensor_factorial_development/matched_conditions.yaml,localization_dropout_only,SensorizedPyBulletUAVWaypoint-v0,SensorizedPyBulletUAVWaypoint-v0,native_gymnasium_observation,fuzzy_relative_reliability,15002,eval,80,80,-0.1717708364967257,80,1,-0.1717708364967257,20,0.0,80,13,0.004636752911700079,0.006861208006739616,0,2,2,2.191836600017268,0.9478677000151947,1.2439689000020735,0.9478677000151947,1.2439689000020735,a6856e5cafc085e89cbbb2e0fc8a8770c40029c1,1.8.0,dd539897a18ce6d787567c0969bf760cf4c6c2d331693676b7eab3ef6b71fe9b,True,3.12.13,2.12.0+cpu,2.4.6,1.2.3,3.1.0,2.1.0,3.2.7,0.06963593507613619,0.0,0.016864933,0.02196477421529763,58.0,1.0,0.0,0.0,0.0,0.0,1.0,0.0,1.0,0.0,0.0,0.0,0.0,0.5763114804313616,0.0,0.85,0.0,1.0,20.0,1.0,support-boundary collapse,2018.0049999999999,1961.35,neural,58.0,1566.0,11832.0,0.0,0,nan,0.0,nan,exact_count,raw_state,none,2.07e-05,5568,,,0.0,0.0,1.0,0.0,nan,nan,23,nan,nan,nan,nan,unavailable,unavailable,unavailable,nan,nan,0.0,unavailable,nan
reviewer1_sensor_factorial_development,reviewer1_sensor_factorial_development,configs/reviewer1_remaining/sensor_factorial_development/matched_conditions.yaml,localization_dropout_only,SensorizedPyBulletUAVWaypoint-v0,SensorizedPyBulletUAVWaypoint-v0,native_gymnasium_observation,fuzzy_relative_reliability,15002,eval,80,80,-0.13366501240059733,80,2,-0.13366501240059733,20,0.0,80,13,0.004636752911700079,0.006861208006739616,0,2,2,2.1921856999979354,0.948216799995862,1.2439689000020735,0.948216799995862,1.2439689000020735,a6856e5cafc085e89cbbb2e0fc8a8770c40029c1,1.8.0,dd539897a18ce6d787567c0969bf760cf4c6c2d331693676b7eab3ef6b71fe9b,True,3.12.13,2.12.0+cpu,2.4.6,1.2.3,3.1.0,2.1.0,3.2.7,0.06963593507613619,0.0,0.016864933,0.02196477421529763,58.0,1.0,0.0,0.0,0.0,0.0,1.0,0.0,1.0,0.0,0.0,0.0,0.0,0.9619143966407758,0.0,0.0,0.0,1.0,20.0,1.0,support-boundary collapse,1885.895,1825.8,neural,58.0,1566.0,11832.0,0.0,0,nan,0.0,nan,exact_count,raw_state,none,2.07e-05,5568,,,0.0,0.0,1.0,0.0,nan,nan,23,nan,nan,nan,nan,unavailable,unavailable,unavailable,nan,nan,0.0,unavailable,nan
reviewer1_sensor_factorial_development,reviewer1_sensor_factorial_development,configs/reviewer1_remaining/sensor_factorial_development/matched_conditions.yaml,localization_dropout_only,SensorizedPyBulletUAVWaypoint-v0,SensorizedPyBulletUAVWaypoint-v0,native_gymnasium_observation,fuzzy_relative_reliability,15002,train,80,,,80,4,-0.1876264189369977,20,0.0,80,13,0.004636752911700079,0.006861208006739616,0,2,2,2.1948035999957938,0.9508346999937203,1.2439689000020735,0.9508346999937203,1.2439689000020735,a6856e5cafc085e89cbbb2e0fc8a8770c40029c1,1.8.0,dd539897a18ce6d787567c0969bf760cf4c6c2d331693676b7eab3ef6b71fe9b,True,3.12.13,2.12.0+cpu,2.4.6,1.2.3,3.1.0,2.1.0,3.2.7,0.06963593507613619,0.0,0.016864933,0.02196477421529763,58.0,1.0,0.0,0.0,0.05,-0.0025000000000000005,0.7,0.083939264904548,0.9160607350954519,0.0,0.083939264904548,0.2223106231482193,0.08358677741445568,0.5968849724124287,0.3,0.75,0.3,0.7,14.0,0.7,support-boundary collapse,1580.5800000000002,1593.0500000000002,neural,58.0,1566.0,11832.0,0.0,0,nan,0.0,nan,exact_count,raw_state,none,2.07e-05,5568,,,0.0,0.0,1.0,0.0,,,,,,,,,,,,,,,
reviewer1_sensor_factorial_development,reviewer1_sensor_factorial_development,configs/reviewer1_remaining/sensor_factorial_development/matched_conditions.yaml,localization_dropout_only,SensorizedPyBulletUAVWaypoint-v0,SensorizedPyBulletUAVWaypoint-v0,native_gymnasium_observation,fuzzy_relative_reliability,15003,train,20,,,20,1,-0.9650195746589452,20,0.0,20,0,nan,nan,0,0,2,0.23665750000509433,0.23665750000509433,0.0,0.23665750000509433,0.0,a6856e5cafc085e89cbbb2e0fc8a8770c40029c1,1.8.0,dd539897a18ce6d787567c0969bf760cf4c6c2d331693676b7eab3ef6b71fe9b,True,3.12.13,2.12.0+cpu,2.4.6,1.2.3,3.1.0,2.1.0,3.2.7,0.0,0.0,0.35990947,0.3743625410675269,15.0,1.0,0.0,1.0,0.0,0.0,1.0,0.0,0.25,0.0,0.0,0.0,0.0,0.901341956904354,0.0,0.25,0.0,0.25,5.0,1.0,unsupported,117.60000000000002,39.75,none,15.0,405.0,3060.0,0.0,0,nan,0.0,nan,exact_count,raw_state,none,3.07e-05,1440,,,0.0,0.0,1.0,0.0,,,,,,,,,,,,,,,
reviewer1_sensor_factorial_development,reviewer1_sensor_factorial_development,configs/reviewer1_remaining/sensor_factorial_development/matched_conditions.yaml,localization_dropout_only,SensorizedPyBulletUAVWaypoint-v0,SensorizedPyBulletUAVWaypoint-v0,native_gymnasium_observation,fuzzy_relative_reliability,15003,eval,40,40,-0.9287961330823602,40,1,-0.9287961330823602,20,0.0,40,3,0.011087522686769566,0.013313639909029007,0,1,2,1.0410666999814566,0.4524948000034783,0.5885718999779783,0.4524948000034783,0.5885718999779783,a6856e5cafc085e89cbbb2e0fc8a8770c40029c1,1.8.0,dd539897a18ce6d787567c0969bf760cf4c6c2d331693676b7eab3ef6b71fe9b,True,3.12.13,2.12.0+cpu,2.4.6,1.2.3,3.1.0,2.1.0,3.2.7,0.02788441753984024,0.0,0.13038644,0.1470777738307616,31.0,1.0,0.0,1.0,0.0,0.0,1.0,0.0,1.0,0.0,0.0,0.0,0.0,0.9699877623348577,0.0,0.0,0.0,1.0,20.0,1.0,support-boundary collapse,1734.5149999999999,1707.25,neural,31.0,837.0,6324.0,0.0,0,nan,0.0,nan,exact_count,raw_state,none,2.48e-05,2976,,,0.0,0.0,1.0,0.0,nan,nan,7,nan,nan,nan,nan,unavailable,unavailable,unavailable,nan,nan,0.0,unavailable,nan
reviewer1_sensor_factorial_development,reviewer1_sensor_factorial_development,configs/reviewer1_remaining/sensor_factorial_development/matched_conditions.yaml,localization_dropout_only,SensorizedPyBulletUAVWaypoint-v0,SensorizedPyBulletUAVWaypoint-v0,native_gymnasium_observation,fuzzy_relative_reliability,15003,eval,40,40,-1.1732241131737828,40,2,-1.1732241131737828,20,0.0,40,3,0.011087522686769566,0.013313639909029007,0,1,2,1.041311199980555,0.4527393000025768,0.5885718999779783,0.4527393000025768,0.5885718999779783,a6856e5cafc085e89cbbb2e0fc8a8770c40029c1,1.8.0,dd539897a18ce6d787567c0969bf760cf4c6c2d331693676b7eab3ef6b71fe9b,True,3.12.13,2.12.0+cpu,2.4.6,1.2.3,3.1.0,2.1.0,3.2.7,0.02788441753984024,0.0,0.13038644,0.1470777738307616,31.0,1.0,0.0,1.0,0.0,0.0,1.0,0.0,1.0,0.0,0.0,0.0,0.0,0.9832638089756808,0.0,0.0,0.0,1.0,20.0,1.0,support-boundary collapse,1879.0849999999998,1789.75,neural,31.0,837.0,6324.0,0.0,0,nan,0.0,nan,exact_count,raw_state,none,2.48e-05,2976,,,0.0001451041316613555,0.1,1.0,0.0,nan,nan,0,nan,nan,nan,nan,unavailable,unavailable,unavailable,nan,nan,0.0,unavailable,nan
reviewer1_sensor_factorial_development,reviewer1_sensor_factorial_development,configs/reviewer1_remaining/sensor_factorial_development/matched_conditions.yaml,localization_dropout_only,SensorizedPyBulletUAVWaypoint-v0,SensorizedPyBulletUAVWaypoint-v0,native_gymnasium_observation,fuzzy_relative_reliability,15003,train,40,,,40,2,-0.9588738544099035,20,0.0,40,3,0.011087522686769566,0.013313639909029007,0,1,2,1.0471653999993578,0.45859350002137944,0.5885718999779783,0.45859350002137944,0.5885718999779783,a6856e5cafc085e89cbbb2e0fc8a8770c40029c1,1.8.0,dd539897a18ce6d787567c0969bf760cf4c6c2d331693676b7eab3ef6b71fe9b,True,3.12.13,2.12.0+cpu,2.4.6,1.2.3,3.1.0,2.1.0,3.2.7,0.02788441753984024,0.0,0.13038644,0.1470777738307616,31.0,1.0,0.0,1.0,0.05,-0.0025000000000000005,0.95,0.011153767015936096,0.9888462329840639,0.0,0.011153767015936096,0.0,0.011059960846429757,0.8928931179989246,0.05,0.8,0.05,0.95,19.0,0.95,support-boundary collapse,565.205,53.05,neural,31.0,837.0,6324.0,0.0,0,nan,0.0,nan,exact_count,raw_state,none,2.48e-05,2976,,,1.7961312551051378e-05,0.05,1.0,0.0,,,,,,,,,,,,,,,
reviewer1_sensor_factorial_development,reviewer1_sensor_factorial_development,configs/reviewer1_remaining/sensor_factorial_development/matched_conditions.yaml,localization_dropout_only,SensorizedPyBulletUAVWaypoint-v0,SensorizedPyBulletUAVWaypoint-v0,native_gymnasium_observation,fuzzy_relative_reliability,15003,train,60,,,60,3,-1.0879905687505382,20,0.0,60,8,0.008369418326765299,0.013313639909029007,0,1,2,1.2789968999859411,0.6904250000079628,0.5885718999779783,0.6904250000079628,0.5885718999779783,a6856e5cafc085e89cbbb2e0fc8a8770c40029c1,1.8.0,dd539897a18ce6d787567c0969bf760cf4c6c2d331693676b7eab3ef6b71fe9b,True,3.12.13,2.12.0+cpu,2.4.6,1.2.3,3.1.0,2.1.0,3.2.7,0.10426354290658132,0.0,0.048551314,0.061884705008250225,43.0,1.0,0.0,1.0,0.0,0.0,0.7,0.09905015469161774,0.9009498453083824,0.0,0.09905015469161774,0.2230711189260311,0.09890848893097519,0.9465755219456531,0.3,0.9,0.3,0.7,14.0,0.7,support-boundary collapse,893.075,1319.85,neural,43.0,1161.0,8772.0,0.13043478260869565,1,0.0,3.0,nan,exact_count,raw_state,none,4.2e-05,4128,,,3.041449817828834e-05,0.05,1.0,0.0,,,,,,,,,,,,,,,
reviewer1_sensor_factorial_development,reviewer1_sensor_factorial_development,configs/reviewer1_remaining/sensor_factorial_development/matched_conditions.yaml,localization_dropout_only,SensorizedPyBulletUAVWaypoint-v0,SensorizedPyBulletUAVWaypoint-v0,native_gymnasium_observation,fuzzy_relative_reliability,15003,eval,80,80,-1.1973680401593445,80,1,-1.1973680401593445,20,0.0,80,13,0.007760563525013053,0.013313639909029007,0,2,2,2.145290799991926,0.932554800005164,1.2127359999867622,0.932554800005164,1.2127359999867622,a6856e5cafc085e89cbbb2e0fc8a8770c40029c1,1.8.0,dd539897a18ce6d787567c0969bf760cf4c6c2d331693676b7eab3ef6b71fe9b,True,3.12.13,2.12.0+cpu,2.4.6,1.2.3,3.1.0,2.1.0,3.2.7,0.09193943053229221,0.0,0.017845353,0.027384212988212385,57.0,1.0,0.0,1.0,0.0,0.0,1.0,0.0,1.0,0.0,0.0,0.0,0.0,0.8511939817177246,0.0,0.0,0.0,1.0,20.0,1.0,support-boundary collapse,2017.975,1831.1999999999998,neural,57.0,1539.0,11628.0,0.0,0,nan,0.0,nan,exact_count,raw_state,none,2.84e-05,5472,,,3.687923599500209e-05,0.05,1.0,0.0,nan,nan,0,nan,nan,nan,nan,unavailable,unavailable,unavailable,nan,nan,0.0,unavailable,nan
reviewer1_sensor_factorial_development,reviewer1_sensor_factorial_development,configs/reviewer1_remaining/sensor_factorial_development/matched_conditions.yaml,localization_dropout_only,SensorizedPyBulletUAVWaypoint-v0,SensorizedPyBulletUAVWaypoint-v0,native_gymnasium_observation,fuzzy_relative_reliability,15003,eval,80,80,-1.112504853308201,80,2,-1.112504853308201,20,0.0,80,13,0.007760563525013053,0.013313639909029007,0,2,2,2.14553359997808,0.9327975999913178,1.2127359999867622,0.9327975999913178,1.2127359999867622,a6856e5cafc085e89cbbb2e0fc8a8770c40029c1,1.8.0,dd539897a18ce6d787567c0969bf760cf4c6c2d331693676b7eab3ef6b71fe9b,True,3.12.13,2.12.0+cpu,2.4.6,1.2.3,3.1.0,2.1.0,3.2.7,0.09193943053229221,0.0,0.017845353,0.027384212988212385,57.0,1.0,0.0,1.0,0.0,0.0,1.0,0.0,1.0,0.0,0.0,0.0,0.0,0.8115948348472243,0.0,0.4,0.0,1.0,20.0,1.0,support-boundary collapse,1870.775,1822.65,neural,57.0,1539.0,11628.0,0.0,0,nan,0.0,nan,exact_count,raw_state,none,2.84e-05,5472,,,0.0,0.0,1.0,0.0,nan,nan,0,nan,nan,nan,nan,unavailable,unavailable,unavailable,nan,nan,0.0,unavailable,nan
reviewer1_sensor_factorial_development,reviewer1_sensor_factorial_development,configs/reviewer1_remaining/sensor_factorial_development/matched_conditions.yaml,localization_dropout_only,SensorizedPyBulletUAVWaypoint-v0,SensorizedPyBulletUAVWaypoint-v0,native_gymnasium_observation,fuzzy_relative_reliability,15003,train,80,,,80,4,-0.3332687900029123,20,0.0,80,13,0.007760563525013053,0.013313639909029007,0,2,2,2.147986399999354,0.9352504000125919,1.2127359999867622,0.9352504000125919,1.2127359999867622,a6856e5cafc085e89cbbb2e0fc8a8770c40029c1,1.8.0,dd539897a18ce6d787567c0969bf760cf4c6c2d331693676b7eab3ef6b71fe9b,True,3.12.13,2.12.0+cpu,2.4.6,1.2.3,3.1.0,2.1.0,3.2.7,0.09193943053229221,0.0,0.017845353,0.027384212988212385,57.0,1.0,0.0,0.15,0.0,0.0,0.75,0.08160899220878216,0.9183910077912177,0.0,0.08160899220878216,0.05570290390655219,0.0811403227359645,0.8181462565282673,0.25,0.65,0.25,0.75,15.0,0.75,support-boundary collapse,1322.21,1515.65,neural,57.0,1539.0,11628.0,0.0,0,nan,0.0,nan,exact_count,raw_state,none,2.84e-05,5472,,,0.0,0.0,1.0,0.0,,,,,,,,,,,,,,,
reviewer1_sensor_factorial_development,reviewer1_sensor_factorial_development,configs/reviewer1_remaining/sensor_factorial_development/matched_conditions.yaml,localization_dropout_only,SensorizedPyBulletUAVWaypoint-v0,SensorizedPyBulletUAVWaypoint-v0,native_gymnasium_observation,selected_approximate_support,15002,train,20,,,20,1,-1.0151569248735903,20,0.0,20,0,nan,nan,0,0,2,0.2477591999922879,0.2477591999922879,0.0,0.2477591999922879,0.0,a6856e5cafc085e89cbbb2e0fc8a8770c40029c1,1.8.0,dd539897a18ce6d787567c0969bf760cf4c6c2d331693676b7eab3ef6b71fe9b,True,3.12.13,2.12.0+cpu,2.4.6,1.2.3,3.1.0,2.1.0,3.2.7,0.75,0.0,1.0,1.0,16.0,1.0,0.0,1.0,0.0,0.0,1.0,0.375,0.125,0.0,nan,nan,0.375,nan,0.0,0.5,nan,0.0,nan,nan,approximate-only,116.22499999999998,48.55,memory,16.0,432.0,3264.0,0.75,3,0.0,3.0,nan,gaussian_affinity,raw_state,brute_force,0.0003281,1408,,,0.0,0.0,1.0,0.0,,,,,,,,,,,,,,,
reviewer1_sensor_factorial_development,reviewer1_sensor_factorial_development,configs/reviewer1_remaining/sensor_factorial_development/matched_conditions.yaml,localization_dropout_only,SensorizedPyBulletUAVWaypoint-v0,SensorizedPyBulletUAVWaypoint-v0,native_gymnasium_observation,selected_approximate_support,15002,eval,40,40,-1.0809704318083824,40,1,-1.0809704318083824,20,0.0,40,3,0.005581631635626157,0.006825030315667391,0,1,2,1.0374572000000626,0.46050519999698736,0.5769520000030752,0.46050519999698736,0.5769520000030752,a6856e5cafc085e89cbbb2e0fc8a8770c40029c1,1.8.0,dd539897a18ce6d787567c0969bf760cf4c6c2d331693676b7eab3ef6b71fe9b,True,3.12.13,2.12.0+cpu,2.4.6,1.2.3,3.1.0,2.1.0,3.2.7,0.6663531542338037,0.0,1.0,1.0,28.0,1.0,0.0,1.0,0.0,0.0,1.0,0.5777493212664171,0.42225067873358313,0.0,nan,nan,0.5777493212664171,nan,0.0,1.0,nan,0.0,nan,nan,approximate-only,1686.8949999999998,1659.4,memory,28.0,756.0,5712.0,0.40579224154650556,3,0.4301162660121918,0.682913064956665,nan,gaussian_affinity,raw_state,brute_force,0.0005133,2464,,,0.0005084659904241561,0.15,1.0,0.0,0,6,23,nan,nan,nan,0.49999999749999996,neural,unavailable,unavailable,nan,nan,0.0,unavailable,nan
reviewer1_sensor_factorial_development,reviewer1_sensor_factorial_development,configs/reviewer1_remaining/sensor_factorial_development/matched_conditions.yaml,localization_dropout_only,SensorizedPyBulletUAVWaypoint-v0,SensorizedPyBulletUAVWaypoint-v0,native_gymnasium_observation,selected_approximate_support,15002,eval,40,40,-1.0799075852241369,40,2,-1.0799075852241369,20,0.0,40,3,0.005581631635626157,0.006825030315667391,0,1,2,1.0377110999834258,0.4607590999803506,0.5769520000030752,0.4607590999803506,0.5769520000030752,a6856e5cafc085e89cbbb2e0fc8a8770c40029c1,1.8.0,dd539897a18ce6d787567c0969bf760cf4c6c2d331693676b7eab3ef6b71fe9b,True,3.12.13,2.12.0+cpu,2.4.6,1.2.3,3.1.0,2.1.0,3.2.7,0.6663531542338037,0.0,1.0,1.0,28.0,1.0,0.0,1.0,0.0,0.0,1.0,0.5874404516132068,0.4125595483867933,0.0,nan,nan,0.5874404516132068,nan,0.0,1.0,nan,0.0,nan,nan,approximate-only,1800.855,1700.4,memory,28.0,756.0,5712.0,0.40579224154650556,3,0.4301162660121918,0.682913064956665,nan,gaussian_affinity,raw_state,brute_force,0.0005133,2464,,,4.548847209662199e-05,0.05,1.0,0.0,0,6,23,nan,nan,nan,0.49999999749999996,neural,unavailable,unavailable,nan,nan,0.0,unavailable,nan
reviewer1_sensor_factorial_development,reviewer1_sensor_factorial_development,configs/reviewer1_remaining/sensor_factorial_development/matched_conditions.yaml,localization_dropout_only,SensorizedPyBulletUAVWaypoint-v0,SensorizedPyBulletUAVWaypoint-v0,native_gymnasium_observation,selected_approximate_support,15002,train,40,,,40,2,-0.9962222953792661,20,0.0,40,3,0.005581631635626157,0.006825030315667391,0,1,2,1.0438706999993883,0.4669186999963131,0.5769520000030752,0.4669186999963131,0.5769520000030752,a6856e5cafc085e89cbbb2e0fc8a8770c40029c1,1.8.0,dd539897a18ce6d787567c0969bf760cf4c6c2d331693676b7eab3ef6b71fe9b,True,3.12.13,2.12.0+cpu,2.4.6,1.2.3,3.1.0,2.1.0,3.2.7,0.6663531542338037,0.0,1.0,1.0,28.0,1.0,0.0,1.0,0.0,0.0,0.65,0.6824858485894072,0.31751415141059286,0.0,nan,nan,0.6824858485894072,nan,0.35,1.0,nan,0.0,nan,nan,approximate-only,871.2500000000002,1169.25,memory,28.0,756.0,5712.0,0.40579224154650556,3,0.4301162660121918,0.682913064956665,nan,gaussian_affinity,raw_state,brute_force,0.0005133,2464,,,8.258849265985191e-05,0.05,1.0,0.0,,,,,,,,,,,,,,,
reviewer1_sensor_factorial_development,reviewer1_sensor_factorial_development,configs/reviewer1_remaining/sensor_factorial_development/matched_conditions.yaml,localization_dropout_only,SensorizedPyBulletUAVWaypoint-v0,SensorizedPyBulletUAVWaypoint-v0,native_gymnasium_observation,selected_approximate_support,15002,train,60,,,60,3,-0.12733940634876492,20,0.0,60,8,0.005548078392166644,0.006825030315667391,0,1,2,1.2751639999914914,0.6982119999884162,0.5769520000030752,0.6982119999884162,0.5769520000030752,a6856e5cafc085e89cbbb2e0fc8a8770c40029c1,1.8.0,dd539897a18ce6d787567c0969bf760cf4c6c2d331693676b7eab3ef6b71fe9b,True,3.12.13,2.12.0+cpu,2.4.6,1.2.3,3.1.0,2.1.0,3.2.7,0.665905084453163,0.0,1.0,1.0,42.0,1.0,0.0,0.0,0.0,0.0,0.9,0.6332000957790708,0.3667999042209292,0.0,nan,nan,0.6332000957790708,nan,0.1,1.0,nan,0.0,nan,nan,approximate-only,997.5,1362.7,memory,42.0,1134.0,8568.0,0.747500076755858,3,0.0,2.960397243499756,nan,gaussian_affinity,raw_state,brute_force,0.0003454,3696,,,0.0,0.0,1.0,0.0,,,,,,,,,,,,,,,
reviewer1_sensor_factorial_development,reviewer1_sensor_factorial_development,configs/reviewer1_remaining/sensor_factorial_development/matched_conditions.yaml,localization_dropout_only,SensorizedPyBulletUAVWaypoint-v0,SensorizedPyBulletUAVWaypoint-v0,native_gymnasium_observation,selected_approximate_support,15002,eval,80,80,-0.1717708364967257,80,1,-0.1717708364967257,20,0.0,80,13,0.00466615898319735,0.006825030315667391,0,2,2,2.135298300010618,0.9486563999962527,1.186641900014365,0.9486563999962527,1.186641900014365,a6856e5cafc085e89cbbb2e0fc8a8770c40029c1,1.8.0,dd539897a18ce6d787567c0969bf760cf4c6c2d331693676b7eab3ef6b71fe9b,True,3.12.13,2.12.0+cpu,2.4.6,1.2.3,3.1.0,2.1.0,3.2.7,0.6946986497572415,0.0,1.0,1.0,57.0,1.0,0.0,0.0,0.0,0.0,1.0,0.7335995975415741,0.266400402458426,0.0,nan,nan,0.7335995975415741,nan,0.0,1.0,nan,0.0,nan,nan,approximate-only,1875.42,1756.2,memory,57.0,1539.0,11628.0,0.14579000741957135,3,0.5979130268096924,0.17067232728004456,nan,gaussian_affinity,raw_state,brute_force,0.0003515,5016,,,0.0,0.0,1.0,0.0,0,23,23,nan,nan,nan,0.49999999749999996,neural,unavailable,unavailable,nan,nan,0.0,unavailable,nan
reviewer1_sensor_factorial_development,reviewer1_sensor_factorial_development,configs/reviewer1_remaining/sensor_factorial_development/matched_conditions.yaml,localization_dropout_only,SensorizedPyBulletUAVWaypoint-v0,SensorizedPyBulletUAVWaypoint-v0,native_gymnasium_observation,selected_approximate_support,15002,eval,80,80,-0.13549708886072037,80,2,-0.13549708886072037,20,0.0,80,13,0.00466615898319735,0.006825030315667391,0,2,2,2.135562799987383,0.9489208999730181,1.186641900014365,0.9489208999730181,1.186641900014365,a6856e5cafc085e89cbbb2e0fc8a8770c40029c1,1.8.0,dd539897a18ce6d787567c0969bf760cf4c6c2d331693676b7eab3ef6b71fe9b,True,3.12.13,2.12.0+cpu,2.4.6,1.2.3,3.1.0,2.1.0,3.2.7,0.6946986497572415,0.0,1.0,1.0,57.0,1.0,0.0,0.0,0.0,0.0,1.0,0.10822621242274025,0.8917737875772598,0.0,nan,nan,0.10822621242274025,nan,0.0,1.0,nan,0.0,nan,nan,approximate-only,1627.8349999999998,1607.4499999999998,neural,57.0,1539.0,11628.0,0.14579000741957135,3,0.5979130268096924,0.17067232728004456,nan,gaussian_affinity,raw_state,brute_force,0.0003515,5016,,,0.0,0.0,1.0,0.0,0,7,7,nan,nan,nan,0.49999999749999996,neural,unavailable,unavailable,nan,nan,0.0,unavailable,nan
reviewer1_sensor_factorial_development,reviewer1_sensor_factorial_development,configs/reviewer1_remaining/sensor_factorial_development/matched_conditions.yaml,localization_dropout_only,SensorizedPyBulletUAVWaypoint-v0,SensorizedPyBulletUAVWaypoint-v0,native_gymnasium_observation,selected_approximate_support,15002,train,80,,,80,4,-0.1876264189369977,20,0.0,80,13,0.00466615898319735,0.006825030315667391,0,2,2,2.137529200001154,0.950887299986789,1.186641900014365,0.950887299986789,1.186641900014365,a6856e5cafc085e89cbbb2e0fc8a8770c40029c1,1.8.0,dd539897a18ce6d787567c0969bf760cf4c6c2d331693676b7eab3ef6b71fe9b,True,3.12.13,2.12.0+cpu,2.4.6,1.2.3,3.1.0,2.1.0,3.2.7,0.6946986497572415,0.0,1.0,1.0,57.0,1.0,0.0,0.0,0.05,-0.0025000000000000005,0.7,0.7353775406110062,0.26462245938899376,0.0,nan,nan,0.7353775406110062,nan,0.3,1.0,nan,0.0,nan,nan,approximate-only,1451.825,1537.1999999999998,memory,57.0,1539.0,11628.0,0.14579000741957135,3,0.5979130268096924,0.17067232728004456,nan,gaussian_affinity,raw_state,brute_force,0.0003515,5016,,,0.0,0.0,1.0,0.0,,,,,,,,,,,,,,,
reviewer1_sensor_factorial_development,reviewer1_sensor_factorial_development,configs/reviewer1_remaining/sensor_factorial_development/matched_conditions.yaml,localization_dropout_only,SensorizedPyBulletUAVWaypoint-v0,SensorizedPyBulletUAVWaypoint-v0,native_gymnasium_observation,selected_approximate_support,15003,train,20,,,20,1,-0.9650195746589452,20,0.0,20,0,nan,nan,0,0,2,0.23516559999552555,0.23516559999552555,0.0,0.23516559999552555,0.0,a6856e5cafc085e89cbbb2e0fc8a8770c40029c1,1.8.0,dd539897a18ce6d787567c0969bf760cf4c6c2d331693676b7eab3ef6b71fe9b,True,3.12.13,2.12.0+cpu,2.4.6,1.2.3,3.1.0,2.1.0,3.2.7,0.7462565265846898,0.0,1.0,1.0,15.0,1.0,0.0,1.0,0.0,0.0,1.0,0.18656413164617244,0.06343586835382756,0.0,nan,nan,0.18656413164617244,nan,0.0,0.25,nan,0.0,nan,nan,unsupported,131.465,52.65,none,15.0,405.0,3060.0,0.7462565265846898,3,0.0,2.940988063812256,nan,gaussian_affinity,raw_state,brute_force,0.0003048,1320,,,0.0,0.0,1.0,0.0,,,,,,,,,,,,,,,
reviewer1_sensor_factorial_development,reviewer1_sensor_factorial_development,configs/reviewer1_remaining/sensor_factorial_development/matched_conditions.yaml,localization_dropout_only,SensorizedPyBulletUAVWaypoint-v0,SensorizedPyBulletUAVWaypoint-v0,native_gymnasium_observation,selected_approximate_support,15003,eval,40,40,-0.9641660881601275,40,1,-0.9641660881601275,20,0.0,40,3,0.011083152300367752,0.013313639909029007,0,1,2,1.0258414999989327,0.4444443999964278,0.5813971000025049,0.4444443999964278,0.5813971000025049,a6856e5cafc085e89cbbb2e0fc8a8770c40029c1,1.8.0,dd539897a18ce6d787567c0969bf760cf4c6c2d331693676b7eab3ef6b71fe9b,True,3.12.13,2.12.0+cpu,2.4.6,1.2.3,3.1.0,2.1.0,3.2.7,0.6499570560538535,0.0,1.0,1.0,31.0,1.0,0.0,1.0,0.0,0.0,1.0,0.711814947558833,0.288185052441167,0.0,nan,nan,0.711814947558833,nan,0.0,1.0,nan,0.0,nan,nan,approximate-only,1703.55,1685.65,memory,31.0,837.0,6324.0,0.002325744366167583,3,0.9460443258285522,0.002331166062504053,nan,gaussian_affinity,raw_state,brute_force,0.0002981,2728,,,0.0,0.0,1.0,0.0,0,7,7,nan,nan,nan,0.49999999749999996,neural,unavailable,unavailable,nan,nan,0.0,unavailable,nan
reviewer1_sensor_factorial_development,reviewer1_sensor_factorial_development,configs/reviewer1_remaining/sensor_factorial_development/matched_conditions.yaml,localization_dropout_only,SensorizedPyBulletUAVWaypoint-v0,SensorizedPyBulletUAVWaypoint-v0,native_gymnasium_observation,selected_approximate_support,15003,eval,40,40,-1.1732241131737828,40,2,-1.1732241131737828,20,0.0,40,3,0.011083152300367752,0.013313639909029007,0,1,2,1.0260795000067446,0.44468240000423975,0.5813971000025049,0.44468240000423975,0.5813971000025049,a6856e5cafc085e89cbbb2e0fc8a8770c40029c1,1.8.0,dd539897a18ce6d787567c0969bf760cf4c6c2d331693676b7eab3ef6b71fe9b,True,3.12.13,2.12.0+cpu,2.4.6,1.2.3,3.1.0,2.1.0,3.2.7,0.6499570560538535,0.0,1.0,1.0,31.0,1.0,0.0,1.0,0.0,0.0,1.0,0.002520058367595332,0.9974799416324048,0.0,nan,nan,0.002520058367595332,nan,0.0,1.0,nan,0.0,nan,nan,approximate-only,1742.7949999999996,1774.75,neural,31.0,837.0,6324.0,0.002325744366167583,3,0.9460443258285522,0.002331166062504053,nan,gaussian_affinity,raw_state,brute_force,0.0002981,2728,,,0.0001451041316613555,0.1,1.0,0.0,0,0,0,nan,nan,nan,0.49999999749999996,neural,unavailable,unavailable,nan,nan,0.0,unavailable,nan
reviewer1_sensor_factorial_development,reviewer1_sensor_factorial_development,configs/reviewer1_remaining/sensor_factorial_development/matched_conditions.yaml,localization_dropout_only,SensorizedPyBulletUAVWaypoint-v0,SensorizedPyBulletUAVWaypoint-v0,native_gymnasium_observation,selected_approximate_support,15003,train,40,,,40,2,-0.9593241479061545,20,0.0,40,3,0.011083152300367752,0.013313639909029007,0,1,2,1.0318020000122488,0.45040490000974387,0.5813971000025049,0.45040490000974387,0.5813971000025049,a6856e5cafc085e89cbbb2e0fc8a8770c40029c1,1.8.0,dd539897a18ce6d787567c0969bf760cf4c6c2d331693676b7eab3ef6b71fe9b,True,3.12.13,2.12.0+cpu,2.4.6,1.2.3,3.1.0,2.1.0,3.2.7,0.6499570560538535,0.0,1.0,1.0,31.0,1.0,0.0,1.0,0.05,-0.0025000000000000005,0.95,0.6691560159954237,0.3308439840045764,0.0,nan,nan,0.6691560159954237,nan,0.05,0.9,nan,0.1,nan,nan,approximate-only,548.22,57.95,memory,31.0,837.0,6324.0,0.002325744366167583,3,0.9460443258285522,0.002331166062504053,nan,gaussian_affinity,raw_state,brute_force,0.0002981,2728,,,1.7961312551051378e-05,0.05,1.0,0.0,,,,,,,,,,,,,,,
reviewer1_sensor_factorial_development,reviewer1_sensor_factorial_development,configs/reviewer1_remaining/sensor_factorial_development/matched_conditions.yaml,localization_dropout_only,SensorizedPyBulletUAVWaypoint-v0,SensorizedPyBulletUAVWaypoint-v0,native_gymnasium_observation,selected_approximate_support,15003,train,60,,,60,3,-1.0630014873901381,20,0.0,60,8,0.008369717514142394,0.013313639909029007,0,1,2,1.2770679999957792,0.6956708999932744,0.5813971000025049,0.6956708999932744,0.5813971000025049,a6856e5cafc085e89cbbb2e0fc8a8770c40029c1,1.8.0,dd539897a18ce6d787567c0969bf760cf4c6c2d331693676b7eab3ef6b71fe9b,True,3.12.13,2.12.0+cpu,2.4.6,1.2.3,3.1.0,2.1.0,3.2.7,0.614768882801297,0.0,1.0,1.0,47.0,1.0,0.0,1.0,0.0,0.0,0.8,0.5982384697075437,0.4017615302924563,0.0,nan,nan,0.5982384697075437,nan,0.2,1.0,nan,0.0,nan,nan,approximate-only,993.655,1389.85,memory,47.0,1269.0,9588.0,0.75,3,0.0,3.0,nan,gaussian_affinity,raw_state,brute_force,0.0007564,4136,,,2.8187103453092277e-05,0.05,1.0,0.0,,,,,,,,,,,,,,,
reviewer1_sensor_factorial_development,reviewer1_sensor_factorial_development,configs/reviewer1_remaining/sensor_factorial_development/matched_conditions.yaml,localization_dropout_only,SensorizedPyBulletUAVWaypoint-v0,SensorizedPyBulletUAVWaypoint-v0,native_gymnasium_observation,selected_approximate_support,15003,eval,80,80,-1.1973680401593445,80,1,-1.1973680401593445,20,0.0,80,13,0.007744530251679512,0.013313639909029007,0,2,2,2.140805900009582,0.9469333000015467,1.193872600008035,0.9469333000015467,1.193872600008035,a6856e5cafc085e89cbbb2e0fc8a8770c40029c1,1.8.0,dd539897a18ce6d787567c0969bf760cf4c6c2d331693676b7eab3ef6b71fe9b,True,3.12.13,2.12.0+cpu,2.4.6,1.2.3,3.1.0,2.1.0,3.2.7,0.6536562922979297,0.0,1.0,1.0,61.0,1.0,0.0,1.0,0.0,0.0,1.0,0.6376269912354073,0.3623730087645926,0.0,nan,nan,0.6376269912354073,nan,0.0,1.0,nan,0.0,nan,nan,approximate-only,1751.4149999999997,1719.8000000000002,memory,61.0,1647.0,12444.0,0.660635151256629,3,0.21794496476650238,1.9466811418533325,nan,gaussian_affinity,raw_state,brute_force,0.0004309,5368,,,3.687923599500209e-05,0.05,1.0,0.0,1,0,0,nan,nan,nan,0.49999999749999996,neural,unavailable,unavailable,nan,nan,0.0,unavailable,nan
reviewer1_sensor_factorial_development,reviewer1_sensor_factorial_development,configs/reviewer1_remaining/sensor_factorial_development/matched_conditions.yaml,localization_dropout_only,SensorizedPyBulletUAVWaypoint-v0,SensorizedPyBulletUAVWaypoint-v0,native_gymnasium_observation,selected_approximate_support,15003,eval,80,80,-1.112504853308201,80,2,-1.112504853308201,20,0.0,80,13,0.007744530251679512,0.013313639909029007,0,2,2,2.1410570000007283,0.9471843999926932,1.193872600008035,0.9471843999926932,1.193872600008035,a6856e5cafc085e89cbbb2e0fc8a8770c40029c1,1.8.0,dd539897a18ce6d787567c0969bf760cf4c6c2d331693676b7eab3ef6b71fe9b,True,3.12.13,2.12.0+cpu,2.4.6,1.2.3,3.1.0,2.1.0,3.2.7,0.6536562922979297,0.0,1.0,1.0,61.0,1.0,0.0,1.0,0.0,0.0,1.0,0.7046169538862672,0.29538304611373284,0.0,nan,nan,0.7046169538862672,nan,0.0,1.0,nan,0.0,nan,nan,approximate-only,1743.0800000000004,1680.3000000000002,memory,61.0,1647.0,12444.0,0.660635151256629,3,0.21794496476650238,1.9466811418533325,nan,gaussian_affinity,raw_state,brute_force,0.0004309,5368,,,0.0,0.0,1.0,0.0,1,0,0,nan,nan,nan,0.49999999749999996,neural,unavailable,unavailable,nan,nan,0.0,unavailable,nan
reviewer1_sensor_factorial_development,reviewer1_sensor_factorial_development,configs/reviewer1_remaining/sensor_factorial_development/matched_conditions.yaml,localization_dropout_only,SensorizedPyBulletUAVWaypoint-v0,SensorizedPyBulletUAVWaypoint-v0,native_gymnasium_observation,selected_approximate_support,15003,train,80,,,80,4,-0.3332687900029123,20,0.0,80,13,0.007744530251679512,0.013313639909029007,0,2,2,2.15478029998485,0.9609076999768149,1.193872600008035,0.9609076999768149,1.193872600008035,a6856e5cafc085e89cbbb2e0fc8a8770c40029c1,1.8.0,dd539897a18ce6d787567c0969bf760cf4c6c2d331693676b7eab3ef6b71fe9b,True,3.12.13,2.12.0+cpu,2.4.6,1.2.3,3.1.0,2.1.0,3.2.7,0.6536562922979297,0.0,1.0,1.0,61.0,1.0,0.0,0.15,0.0,0.0,0.75,0.6740180740473433,0.32598192595265674,0.0,nan,nan,0.6740180740473433,nan,0.25,1.0,nan,0.0,nan,nan,approximate-only,1377.81,1595.95,memory,61.0,1647.0,12444.0,0.660635151256629,3,0.21794496476650238,1.9466811418533325,nan,gaussian_affinity,raw_state,brute_force,0.0004309,5368,,,0.0,0.0,1.0,0.0,,,,,,,,,,,,,,,
reviewer1_sensor_factorial_development,reviewer1_sensor_factorial_development,configs/reviewer1_remaining/sensor_factorial_development/matched_conditions.yaml,localization_dropout_only,SensorizedPyBulletUAVWaypoint-v0,SensorizedPyBulletUAVWaypoint-v0,native_gymnasium_observation,sensorized_controller,15002,train,20,,,20,1,-1.0107978251762688,20,0.0,20,0,nan,nan,0,0,2,0.22254739998606965,0.22254739998606965,0.0,0.22254739998606965,0.0,a6856e5cafc085e89cbbb2e0fc8a8770c40029c1,1.8.0,dd539897a18ce6d787567c0969bf760cf4c6c2d331693676b7eab3ef6b71fe9b,True,3.12.13,2.12.0+cpu,2.4.6,1.2.3,3.1.0,2.1.0,3.2.7,,,,,,1.0,0.0,1.0,0.0,0.0,1.0,0.0,0.0,0.0,nan,nan,0.0,nan,0.0,0.0,nan,0.0,nan,nan,unsupported,32.370000000000005,32.05,none,0.0,0.0,0.0,,,,,,,,,,,,,0.0,0.0,1.0,0.0,,,,,,,,,,,,,,,
reviewer1_sensor_factorial_development,reviewer1_sensor_factorial_development,configs/reviewer1_remaining/sensor_factorial_development/matched_conditions.yaml,localization_dropout_only,SensorizedPyBulletUAVWaypoint-v0,SensorizedPyBulletUAVWaypoint-v0,native_gymnasium_observation,sensorized_controller,15002,eval,40,40,-0.9447288253344596,40,1,-0.9447288253344596,20,0.0,40,0,nan,nan,0,1,2,0.9724747999862302,0.39329079998424277,0.5791840000019874,0.39329079998424277,0.5791840000019874,a6856e5cafc085e89cbbb2e0fc8a8770c40029c1,1.8.0,dd539897a18ce6d787567c0969bf760cf4c6c2d331693676b7eab3ef6b71fe9b,True,3.12.13,2.12.0+cpu,2.4.6,1.2.3,3.1.0,2.1.0,3.2.7,,,,,,1.0,0.0,1.0,0.2,-0.010000000000000002,1.0,0.0,0.0,0.0,nan,nan,0.0,nan,0.0,0.0,nan,0.0,nan,nan,unsupported,404.21999999999997,392.05,mixed,0.0,0.0,0.0,,,,,,,,,,,,,0.0005762059823609889,0.15,1.0,0.0,nan,nan,2,nan,nan,nan,nan,unavailable,unavailable,unavailable,nan,nan,0.0,unavailable,nan
reviewer1_sensor_factorial_development,reviewer1_sensor_factorial_development,configs/reviewer1_remaining/sensor_factorial_development/matched_conditions.yaml,localization_dropout_only,SensorizedPyBulletUAVWaypoint-v0,SensorizedPyBulletUAVWaypoint-v0,native_gymnasium_observation,sensorized_controller,15002,eval,40,40,-0.9454477936401963,40,2,-0.9454477936401963,20,0.0,40,0,nan,nan,0,1,2,0.9727614999865182,0.39357749998453073,0.5791840000019874,0.39357749998453073,0.5791840000019874,a6856e5cafc085e89cbbb2e0fc8a8770c40029c1,1.8.0,dd539897a18ce6d787567c0969bf760cf4c6c2d331693676b7eab3ef6b71fe9b,True,3.12.13,2.12.0+cpu,2.4.6,1.2.3,3.1.0,2.1.0,3.2.7,,,,,,1.0,0.0,1.0,0.25,-0.012500000000000002,1.0,0.0,0.0,0.0,nan,nan,0.0,nan,0.0,0.0,nan,0.0,nan,nan,unsupported,393.50499999999994,391.35,mixed,0.0,0.0,0.0,,,,,,,,,,,,,5.269719404168427e-05,0.05,1.0,0.0,nan,nan,2,nan,nan,nan,nan,unavailable,unavailable,unavailable,nan,nan,0.0,unavailable,nan
reviewer1_sensor_factorial_development,reviewer1_sensor_factorial_development,configs/reviewer1_remaining/sensor_factorial_development/matched_conditions.yaml,localization_dropout_only,SensorizedPyBulletUAVWaypoint-v0,SensorizedPyBulletUAVWaypoint-v0,native_gymnasium_observation,sensorized_controller,15002,train,40,,,40,2,-1.026648224806413,20,0.0,40,0,nan,nan,0,1,2,0.9808817000011913,0.4016976999992039,0.5791840000019874,0.4016976999992039,0.5791840000019874,a6856e5cafc085e89cbbb2e0fc8a8770c40029c1,1.8.0,dd539897a18ce6d787567c0969bf760cf4c6c2d331693676b7eab3ef6b71fe9b,True,3.12.13,2.12.0+cpu,2.4.6,1.2.3,3.1.0,2.1.0,3.2.7,,,,,,1.0,0.0,1.0,0.05,-0.0025000000000000005,1.0,0.0,0.0,0.0,nan,nan,0.0,nan,0.0,0.0,nan,0.0,nan,nan,unsupported,32.785000000000004,34.85,none,0.0,0.0,0.0,,,,,,,,,,,,,4.942298401147127e-05,0.05,1.0,0.0,,,,,,,,,,,,,,,
reviewer1_sensor_factorial_development,reviewer1_sensor_factorial_development,configs/reviewer1_remaining/sensor_factorial_development/matched_conditions.yaml,localization_dropout_only,SensorizedPyBulletUAVWaypoint-v0,SensorizedPyBulletUAVWaypoint-v0,native_gymnasium_observation,sensorized_controller,15002,train,60,,,60,3,-0.21006370425224308,20,0.0,60,0,nan,nan,0,1,2,1.1500681999896187,0.5708841999876313,0.5791840000019874,0.5708841999876313,0.5791840000019874,a6856e5cafc085e89cbbb2e0fc8a8770c40029c1,1.8.0,dd539897a18ce6d787567c0969bf760cf4c6c2d331693676b7eab3ef6b71fe9b,True,3.12.13,2.12.0+cpu,2.4.6,1.2.3,3.1.0,2.1.0,3.2.7,,,,,,1.0,0.0,0.0,0.05,-0.0025000000000000005,1.0,0.0,0.0,0.0,nan,nan,0.0,nan,0.0,0.0,nan,0.0,nan,nan,unsupported,28.669999999999998,28.55,none,0.0,0.0,0.0,,,,,,,,,,,,,0.0,0.0,1.0,0.0,,,,,,,,,,,,,,,
reviewer1_sensor_factorial_development,reviewer1_sensor_factorial_development,configs/reviewer1_remaining/sensor_factorial_development/matched_conditions.yaml,localization_dropout_only,SensorizedPyBulletUAVWaypoint-v0,SensorizedPyBulletUAVWaypoint-v0,native_gymnasium_observation,sensorized_controller,15002,eval,80,80,-0.38970167749561374,80,1,-0.38970167749561374,20,0.0,80,0,nan,nan,0,2,2,1.8317783999955282,0.7311602999980096,1.1006180999975186,0.7311602999980096,1.1006180999975186,a6856e5cafc085e89cbbb2e0fc8a8770c40029c1,1.8.0,dd539897a18ce6d787567c0969bf760cf4c6c2d331693676b7eab3ef6b71fe9b,True,3.12.13,2.12.0+cpu,2.4.6,1.2.3,3.1.0,2.1.0,3.2.7,,,,,,1.0,0.0,0.3,0.2,-0.010000000000000002,1.0,0.0,0.0,0.0,nan,nan,0.0,nan,0.0,0.0,nan,0.0,nan,nan,unsupported,397.02500000000003,361.7,mixed,0.0,0.0,0.0,,,,,,,,,,,,,0.0,0.0,1.0,0.0,nan,nan,20,nan,nan,nan,nan,unavailable,unavailable,unavailable,nan,nan,0.0,unavailable,nan
reviewer1_sensor_factorial_development,reviewer1_sensor_factorial_development,configs/reviewer1_remaining/sensor_factorial_development/matched_conditions.yaml,localization_dropout_only,SensorizedPyBulletUAVWaypoint-v0,SensorizedPyBulletUAVWaypoint-v0,native_gymnasium_observation,sensorized_controller,15002,eval,80,80,-0.1331389058753848,80,2,-0.1331389058753848,20,0.0,80,0,nan,nan,0,2,2,1.8319694999954663,0.7313513999979477,1.1006180999975186,0.7313513999979477,1.1006180999975186,a6856e5cafc085e89cbbb2e0fc8a8770c40029c1,1.8.0,dd539897a18ce6d787567c0969bf760cf4c6c2d331693676b7eab3ef6b71fe9b,True,3.12.13,2.12.0+cpu,2.4.6,1.2.3,3.1.0,2.1.0,3.2.7,,,,,,1.0,0.0,0.0,0.25,-0.012500000000000002,1.0,0.0,0.0,0.0,nan,nan,0.0,nan,0.0,0.0,nan,0.0,nan,nan,unsupported,375.815,361.04999999999995,mixed,0.0,0.0,0.0,,,,,,,,,,,,,0.0,0.0,1.0,0.0,nan,nan,8,nan,nan,nan,nan,unavailable,unavailable,unavailable,nan,nan,0.0,unavailable,nan
reviewer1_sensor_factorial_development,reviewer1_sensor_factorial_development,configs/reviewer1_remaining/sensor_factorial_development/matched_conditions.yaml,localization_dropout_only,SensorizedPyBulletUAVWaypoint-v0,SensorizedPyBulletUAVWaypoint-v0,native_gymnasium_observation,sensorized_controller,15002,train,80,,,80,4,-0.23221940512303266,20,0.0,80,0,nan,nan,0,2,2,1.8343080999911763,0.7336899999936577,1.1006180999975186,0.7336899999936577,1.1006180999975186,a6856e5cafc085e89cbbb2e0fc8a8770c40029c1,1.8.0,dd539897a18ce6d787567c0969bf760cf4c6c2d331693676b7eab3ef6b71fe9b,True,3.12.13,2.12.0+cpu,2.4.6,1.2.3,3.1.0,2.1.0,3.2.7,,,,,,1.0,0.0,0.0,0.0,0.0,1.0,0.0,0.0,0.0,nan,nan,0.0,nan,0.0,0.0,nan,0.0,nan,nan,unsupported,32.045,31.6,none,0.0,0.0,0.0,,,,,,,,,,,,,0.0,0.0,1.0,0.0,,,,,,,,,,,,,,,
reviewer1_sensor_factorial_development,reviewer1_sensor_factorial_development,configs/reviewer1_remaining/sensor_factorial_development/matched_conditions.yaml,localization_dropout_only,SensorizedPyBulletUAVWaypoint-v0,SensorizedPyBulletUAVWaypoint-v0,native_gymnasium_observation,sensorized_controller,15003,train,20,,,20,1,-0.9694168138597161,20,0.0,20,0,nan,nan,0,0,2,0.1966973999806214,0.1966973999806214,0.0,0.1966973999806214,0.0,a6856e5cafc085e89cbbb2e0fc8a8770c40029c1,1.8.0,dd539897a18ce6d787567c0969bf760cf4c6c2d331693676b7eab3ef6b71fe9b,True,3.12.13,2.12.0+cpu,2.4.6,1.2.3,3.1.0,2.1.0,3.2.7,,,,,,1.0,0.0,1.0,0.0,0.0,1.0,0.0,0.0,0.0,nan,nan,0.0,nan,0.0,0.0,nan,0.0,nan,nan,unsupported,32.42,32.95,none,0.0,0.0,0.0,,,,,,,,,,,,,0.0,0.0,1.0,0.0,,,,,,,,,,,,,,,
reviewer1_sensor_factorial_development,reviewer1_sensor_factorial_development,configs/reviewer1_remaining/sensor_factorial_development/matched_conditions.yaml,localization_dropout_only,SensorizedPyBulletUAVWaypoint-v0,SensorizedPyBulletUAVWaypoint-v0,native_gymnasium_observation,sensorized_controller,15003,eval,40,40,-0.941017999947071,40,1,-0.941017999947071,20,0.0,40,0,nan,nan,0,1,2,0.9202435000042897,0.35235559998545796,0.5678879000188317,0.35235559998545796,0.5678879000188317,a6856e5cafc085e89cbbb2e0fc8a8770c40029c1,1.8.0,dd539897a18ce6d787567c0969bf760cf4c6c2d331693676b7eab3ef6b71fe9b,True,3.12.13,2.12.0+cpu,2.4.6,1.2.3,3.1.0,2.1.0,3.2.7,,,,,,1.0,0.0,1.0,0.35,-0.0175,1.0,0.0,0.0,0.0,nan,nan,0.0,nan,0.0,0.0,nan,0.0,nan,nan,unsupported,427.62,391.45,mixed,0.0,0.0,0.0,,,,,,,,,,,,,0.0,0.0,1.0,0.0,nan,nan,8,nan,nan,nan,nan,unavailable,unavailable,unavailable,nan,nan,0.0,unavailable,nan
reviewer1_sensor_factorial_development,reviewer1_sensor_factorial_development,configs/reviewer1_remaining/sensor_factorial_development/matched_conditions.yaml,localization_dropout_only,SensorizedPyBulletUAVWaypoint-v0,SensorizedPyBulletUAVWaypoint-v0,native_gymnasium_observation,sensorized_controller,15003,eval,40,40,-0.9360544049274178,40,2,-0.9360544049274178,20,0.0,40,0,nan,nan,0,1,2,0.9205609999771696,0.35267309995833784,0.5678879000188317,0.35267309995833784,0.5678879000188317,a6856e5cafc085e89cbbb2e0fc8a8770c40029c1,1.8.0,dd539897a18ce6d787567c0969bf760cf4c6c2d331693676b7eab3ef6b71fe9b,True,3.12.13,2.12.0+cpu,2.4.6,1.2.3,3.1.0,2.1.0,3.2.7,,,,,,1.0,0.0,1.0,0.25,-0.012500000000000002,1.0,0.0,0.0,0.0,nan,nan,0.0,nan,0.0,0.0,nan,0.0,nan,nan,unsupported,394.78999999999996,376.3,mixed,0.0,0.0,0.0,,,,,,,,,,,,,0.00015595973818562924,0.1,1.0,0.0,nan,nan,26,nan,nan,nan,nan,unavailable,unavailable,unavailable,nan,nan,0.0,unavailable,nan
reviewer1_sensor_factorial_development,reviewer1_sensor_factorial_development,configs/reviewer1_remaining/sensor_factorial_development/matched_conditions.yaml,localization_dropout_only,SensorizedPyBulletUAVWaypoint-v0,SensorizedPyBulletUAVWaypoint-v0,native_gymnasium_observation,sensorized_controller,15003,train,40,,,40,2,-0.9930652473587542,20,0.0,40,0,nan,nan,0,1,2,0.9292058999999426,0.3613179999811109,0.5678879000188317,0.3613179999811109,0.5678879000188317,a6856e5cafc085e89cbbb2e0fc8a8770c40029c1,1.8.0,dd539897a18ce6d787567c0969bf760cf4c6c2d331693676b7eab3ef6b71fe9b,True,3.12.13,2.12.0+cpu,2.4.6,1.2.3,3.1.0,2.1.0,3.2.7,,,,,,1.0,0.0,1.0,0.0,0.0,1.0,0.0,0.0,0.0,nan,nan,0.0,nan,0.0,0.0,nan,0.0,nan,nan,unsupported,32.835,29.6,none,0.0,0.0,0.0,,,,,,,,,,,,,1.632627536309883e-05,0.05,1.0,0.0,,,,,,,,,,,,,,,
reviewer1_sensor_factorial_development,reviewer1_sensor_factorial_development,configs/reviewer1_remaining/sensor_factorial_development/matched_conditions.yaml,localization_dropout_only,SensorizedPyBulletUAVWaypoint-v0,SensorizedPyBulletUAVWaypoint-v0,native_gymnasium_observation,sensorized_controller,15003,train,60,,,60,3,-1.0559363554976882,20,0.0,60,0,nan,nan,0,1,2,1.0862335999845527,0.518345699965721,0.5678879000188317,0.518345699965721,0.5678879000188317,a6856e5cafc085e89cbbb2e0fc8a8770c40029c1,1.8.0,dd539897a18ce6d787567c0969bf760cf4c6c2d331693676b7eab3ef6b71fe9b,True,3.12.13,2.12.0+cpu,2.4.6,1.2.3,3.1.0,2.1.0,3.2.7,,,,,,1.0,0.0,1.0,0.15,-0.0075000000000000015,1.0,0.0,0.0,0.0,nan,nan,0.0,nan,0.0,0.0,nan,0.0,nan,nan,unsupported,28.255000000000006,26.95,none,0.0,0.0,0.0,,,,,,,,,,,,,3.703941474668682e-05,0.05,1.0,0.0,,,,,,,,,,,,,,,
reviewer1_sensor_factorial_development,reviewer1_sensor_factorial_development,configs/reviewer1_remaining/sensor_factorial_development/matched_conditions.yaml,localization_dropout_only,SensorizedPyBulletUAVWaypoint-v0,SensorizedPyBulletUAVWaypoint-v0,native_gymnasium_observation,sensorized_controller,15003,eval,80,80,-0.9329502446204424,80,1,-0.9329502446204424,20,0.0,80,0,nan,nan,0,2,2,1.8051130999810994,0.678892299940344,1.1262208000407554,0.678892299940344,1.1262208000407554,a6856e5cafc085e89cbbb2e0fc8a8770c40029c1,1.8.0,dd539897a18ce6d787567c0969bf760cf4c6c2d331693676b7eab3ef6b71fe9b,True,3.12.13,2.12.0+cpu,2.4.6,1.2.3,3.1.0,2.1.0,3.2.7,,,,,,1.0,0.0,1.0,0.25,-0.012500000000000002,1.0,0.0,0.0,0.0,nan,nan,0.0,nan,0.0,0.0,nan,0.0,nan,nan,unsupported,417.8750000000001,382.2,mixed,0.0,0.0,0.0,,,,,,,,,,,,,4.15555143263191e-05,0.05,1.0,0.0,nan,nan,26,nan,nan,nan,nan,unavailable,unavailable,unavailable,nan,nan,0.0,unavailable,nan
reviewer1_sensor_factorial_development,reviewer1_sensor_factorial_development,configs/reviewer1_remaining/sensor_factorial_development/matched_conditions.yaml,localization_dropout_only,SensorizedPyBulletUAVWaypoint-v0,SensorizedPyBulletUAVWaypoint-v0,native_gymnasium_observation,sensorized_controller,15003,eval,80,80,-0.9665102467220276,80,2,-0.9665102467220276,20,0.0,80,0,nan,nan,0,2,2,1.8054636000015307,0.6792427999607753,1.1262208000407554,0.6792427999607753,1.1262208000407554,a6856e5cafc085e89cbbb2e0fc8a8770c40029c1,1.8.0,dd539897a18ce6d787567c0969bf760cf4c6c2d331693676b7eab3ef6b71fe9b,True,3.12.13,2.12.0+cpu,2.4.6,1.2.3,3.1.0,2.1.0,3.2.7,,,,,,1.0,0.0,1.0,0.2,-0.010000000000000002,1.0,0.0,0.0,0.0,nan,nan,0.0,nan,0.0,0.0,nan,0.0,nan,nan,unsupported,448.60999999999996,366.6,mixed,0.0,0.0,0.0,,,,,,,,,,,,,0.0,0.0,1.0,0.0,nan,nan,20,nan,nan,nan,nan,unavailable,unavailable,unavailable,nan,nan,0.0,unavailable,nan
reviewer1_sensor_factorial_development,reviewer1_sensor_factorial_development,configs/reviewer1_remaining/sensor_factorial_development/matched_conditions.yaml,localization_dropout_only,SensorizedPyBulletUAVWaypoint-v0,SensorizedPyBulletUAVWaypoint-v0,native_gymnasium_observation,sensorized_controller,15003,train,80,,,80,4,-0.21001707190182062,20,0.0,80,0,nan,nan,0,2,2,1.8247716999903787,0.6985508999496233,1.1262208000407554,0.6985508999496233,1.1262208000407554,a6856e5cafc085e89cbbb2e0fc8a8770c40029c1,1.8.0,dd539897a18ce6d787567c0969bf760cf4c6c2d331693676b7eab3ef6b71fe9b,True,3.12.13,2.12.0+cpu,2.4.6,1.2.3,3.1.0,2.1.0,3.2.7,,,,,,1.0,0.0,0.0,0.05,-0.0025000000000000005,1.0,0.0,0.0,0.0,nan,nan,0.0,nan,0.0,0.0,nan,0.0,nan,nan,unsupported,29.704999999999995,29.5,none,0.0,0.0,0.0,,,,,,,,,,,,,0.0,0.0,1.0,0.0,,,,,,,,,,,,,,,
reviewer1_sensor_factorial_development,reviewer1_sensor_factorial_development,configs/reviewer1_remaining/sensor_factorial_development/matched_conditions.yaml,no_noise_no_delay_no_dropout,SensorizedPyBulletUAVWaypoint-v0,SensorizedPyBulletUAVWaypoint-v0,native_gymnasium_observation,dqn,15002,train,20,,,20,1,-1.0151569248735903,20,0.0,20,0,nan,nan,0,0,2,0.3559841999958735,0.3559841999958735,0.0,0.3559841999958735,0.0,a6856e5cafc085e89cbbb2e0fc8a8770c40029c1,1.8.0,dd539897a18ce6d787567c0969bf760cf4c6c2d331693676b7eab3ef6b71fe9b,True,3.12.13,2.12.0+cpu,2.4.6,1.2.3,3.1.0,2.1.0,3.2.7,,,,,,1.0,0.0,1.0,0.0,0.0,1.0,0.0,0.5,0.0,nan,nan,0.0,nan,0.0,0.0,nan,0.5,nan,nan,unsupported,4283.005000000002,27.6,neural,0.0,0.0,0.0,,,,,,,,,,,,,0.0,0.0,1.0,0.0,,,,,,,,,,,,,,,
reviewer1_sensor_factorial_development,reviewer1_sensor_factorial_development,configs/reviewer1_remaining/sensor_factorial_development/matched_conditions.yaml,no_noise_no_delay_no_dropout,SensorizedPyBulletUAVWaypoint-v0,SensorizedPyBulletUAVWaypoint-v0,native_gymnasium_observation,dqn,15002,eval,40,40,-1.092377481814474,40,1,-1.092377481814474,20,0.0,40,3,0.005625557620078325,0.0068300445564091206,0,1,2,1.2815802000113763,0.7263799000065774,0.5552003000047989,0.7263799000065774,0.5552003000047989,a6856e5cafc085e89cbbb2e0fc8a8770c40029c1,1.8.0,dd539897a18ce6d787567c0969bf760cf4c6c2d331693676b7eab3ef6b71fe9b,True,3.12.13,2.12.0+cpu,2.4.6,1.2.3,3.1.0,2.1.0,3.2.7,,,,,,1.0,0.0,1.0,0.0,0.0,1.0,0.0,1.0,0.0,nan,nan,0.0,nan,0.0,0.0,nan,1.0,nan,nan,unsupported,867.015,838.8499999999999,neural,0.0,0.0,0.0,,,,,,,,,,,,,0.0,0.0,1.0,0.0,nan,nan,6,nan,nan,nan,nan,unavailable,unavailable,unavailable,nan,nan,0.0,unavailable,nan
reviewer1_sensor_factorial_development,reviewer1_sensor_factorial_development,configs/reviewer1_remaining/sensor_factorial_development/matched_conditions.yaml,no_noise_no_delay_no_dropout,SensorizedPyBulletUAVWaypoint-v0,SensorizedPyBulletUAVWaypoint-v0,native_gymnasium_observation,dqn,15002,eval,40,40,-1.0743244093470277,40,2,-1.0743244093470277,20,0.0,40,3,0.005625557620078325,0.0068300445564091206,0,1,2,1.2817178000113927,0.7265175000065938,0.5552003000047989,0.7265175000065938,0.5552003000047989,a6856e5cafc085e89cbbb2e0fc8a8770c40029c1,1.8.0,dd539897a18ce6d787567c0969bf760cf4c6c2d331693676b7eab3ef6b71fe9b,True,3.12.13,2.12.0+cpu,2.4.6,1.2.3,3.1.0,2.1.0,3.2.7,,,,,,1.0,0.0,1.0,0.0,0.0,1.0,0.0,1.0,0.0,nan,nan,0.0,nan,0.0,0.0,nan,1.0,nan,nan,unsupported,1003.4949999999999,998.3499999999999,neural,0.0,0.0,0.0,,,,,,,,,,,,,0.0,0.0,1.0,0.0,nan,nan,6,nan,nan,nan,nan,unavailable,unavailable,unavailable,nan,nan,0.0,unavailable,nan
reviewer1_sensor_factorial_development,reviewer1_sensor_factorial_development,configs/reviewer1_remaining/sensor_factorial_development/matched_conditions.yaml,no_noise_no_delay_no_dropout,SensorizedPyBulletUAVWaypoint-v0,SensorizedPyBulletUAVWaypoint-v0,native_gymnasium_observation,dqn,15002,train,40,,,40,2,-1.0411711939889938,20,0.0,40,3,0.005625557620078325,0.0068300445564091206,0,1,2,1.2927935000043362,0.7375931999995373,0.5552003000047989,0.7375931999995373,0.5552003000047989,a6856e5cafc085e89cbbb2e0fc8a8770c40029c1,1.8.0,dd539897a18ce6d787567c0969bf760cf4c6c2d331693676b7eab3ef6b71fe9b,True,3.12.13,2.12.0+cpu,2.4.6,1.2.3,3.1.0,2.1.0,3.2.7,,,,,,1.0,0.0,1.0,0.0,0.0,0.7,0.0,1.0,0.0,nan,nan,0.0,nan,0.3,0.3,nan,1.0,nan,nan,unsupported,695.3699999999999,761.65,neural,0.0,0.0,0.0,,,,,,,,,,,,,0.0,0.0,1.0,0.0,,,,,,,,,,,,,,,
reviewer1_sensor_factorial_development,reviewer1_sensor_factorial_development,configs/reviewer1_remaining/sensor_factorial_development/matched_conditions.yaml,no_noise_no_delay_no_dropout,SensorizedPyBulletUAVWaypoint-v0,SensorizedPyBulletUAVWaypoint-v0,native_gymnasium_observation,dqn,15002,train,60,,,60,3,-0.12733940634876492,20,0.0,60,8,0.005576089199166745,0.006897307932376862,0,1,2,1.5744047999905888,1.0192044999857899,0.5552003000047989,1.0192044999857899,0.5552003000047989,a6856e5cafc085e89cbbb2e0fc8a8770c40029c1,1.8.0,dd539897a18ce6d787567c0969bf760cf4c6c2d331693676b7eab3ef6b71fe9b,True,3.12.13,2.12.0+cpu,2.4.6,1.2.3,3.1.0,2.1.0,3.2.7,,,,,,1.0,0.0,0.0,0.0,0.0,0.9,0.0,1.0,0.0,nan,nan,0.0,nan,0.1,0.1,nan,1.0,nan,nan,unsupported,730.5049999999999,866.8499999999999,neural,0.0,0.0,0.0,,,,,,,,,,,,,0.0,0.0,1.0,0.0,,,,,,,,,,,,,,,
reviewer1_sensor_factorial_development,reviewer1_sensor_factorial_development,configs/reviewer1_remaining/sensor_factorial_development/matched_conditions.yaml,no_noise_no_delay_no_dropout,SensorizedPyBulletUAVWaypoint-v0,SensorizedPyBulletUAVWaypoint-v0,native_gymnasium_observation,dqn,15002,eval,80,80,-0.1717708364967257,80,1,-0.1717708364967257,20,0.0,80,13,0.004663912857022996,0.006897307932376862,0,2,2,2.5339469999889843,1.2492174999788404,1.284729500010144,1.2492174999788404,1.284729500010144,a6856e5cafc085e89cbbb2e0fc8a8770c40029c1,1.8.0,dd539897a18ce6d787567c0969bf760cf4c6c2d331693676b7eab3ef6b71fe9b,True,3.12.13,2.12.0+cpu,2.4.6,1.2.3,3.1.0,2.1.0,3.2.7,,,,,,1.0,0.0,0.0,0.0,0.0,1.0,0.0,1.0,0.0,nan,nan,0.0,nan,0.0,0.0,nan,1.0,nan,nan,unsupported,1148.1399999999999,1101.4,neural,0.0,0.0,0.0,,,,,,,,,,,,,0.0,0.0,1.0,0.0,nan,nan,23,nan,nan,nan,nan,unavailable,unavailable,unavailable,nan,nan,0.0,unavailable,nan
reviewer1_sensor_factorial_development,reviewer1_sensor_factorial_development,configs/reviewer1_remaining/sensor_factorial_development/matched_conditions.yaml,no_noise_no_delay_no_dropout,SensorizedPyBulletUAVWaypoint-v0,SensorizedPyBulletUAVWaypoint-v0,native_gymnasium_observation,dqn,15002,eval,80,80,-0.1632850637100637,80,2,-0.1632850637100637,20,0.0,80,13,0.004663912857022996,0.006897307932376862,0,2,2,2.5341803999908734,1.2494508999807294,1.284729500010144,1.2494508999807294,1.284729500010144,a6856e5cafc085e89cbbb2e0fc8a8770c40029c1,1.8.0,dd539897a18ce6d787567c0969bf760cf4c6c2d331693676b7eab3ef6b71fe9b,True,3.12.13,2.12.0+cpu,2.4.6,1.2.3,3.1.0,2.1.0,3.2.7,,,,,,1.0,0.0,0.0,0.0,0.0,1.0,0.0,1.0,0.0,nan,nan,0.0,nan,0.0,0.0,nan,1.0,nan,nan,unsupported,1147.62,1157.1999999999998,neural,0.0,0.0,0.0,,,,,,,,,,,,,0.0,0.0,1.0,0.0,nan,nan,23,nan,nan,nan,nan,unavailable,unavailable,unavailable,nan,nan,0.0,unavailable,nan
reviewer1_sensor_factorial_development,reviewer1_sensor_factorial_development,configs/reviewer1_remaining/sensor_factorial_development/matched_conditions.yaml,no_noise_no_delay_no_dropout,SensorizedPyBulletUAVWaypoint-v0,SensorizedPyBulletUAVWaypoint-v0,native_gymnasium_observation,dqn,15002,train,80,,,80,4,-0.1876264189369977,20,0.0,80,13,0.004663912857022996,0.006897307932376862,0,2,2,2.5359118999913335,1.2511823999811895,1.284729500010144,1.2511823999811895,1.284729500010144,a6856e5cafc085e89cbbb2e0fc8a8770c40029c1,1.8.0,dd539897a18ce6d787567c0969bf760cf4c6c2d331693676b7eab3ef6b71fe9b,True,3.12.13,2.12.0+cpu,2.4.6,1.2.3,3.1.0,2.1.0,3.2.7,,,,,,1.0,0.0,0.0,0.05,-0.0025000000000000005,0.7,0.0,1.0,0.0,nan,nan,0.0,nan,0.3,0.3,nan,1.0,nan,nan,unsupported,980.2,1043.1,neural,0.0,0.0,0.0,,,,,,,,,,,,,0.0,0.0,1.0,0.0,,,,,,,,,,,,,,,
reviewer1_sensor_factorial_development,reviewer1_sensor_factorial_development,configs/reviewer1_remaining/sensor_factorial_development/matched_conditions.yaml,no_noise_no_delay_no_dropout,SensorizedPyBulletUAVWaypoint-v0,SensorizedPyBulletUAVWaypoint-v0,native_gymnasium_observation,dqn,15003,train,20,,,20,1,-0.9650195746589452,20,0.0,20,0,nan,nan,0,0,2,0.3519310999836307,0.3519310999836307,0.0,0.3519310999836307,0.0,a6856e5cafc085e89cbbb2e0fc8a8770c40029c1,1.8.0,dd539897a18ce6d787567c0969bf760cf4c6c2d331693676b7eab3ef6b71fe9b,True,3.12.13,2.12.0+cpu,2.4.6,1.2.3,3.1.0,2.1.0,3.2.7,,,,,,1.0,0.0,1.0,0.0,0.0,1.0,0.0,0.25,0.0,nan,nan,0.0,nan,0.0,0.0,nan,0.25,nan,nan,unsupported,3706.7000000000007,28.35,none,0.0,0.0,0.0,,,,,,,,,,,,,0.0,0.0,1.0,0.0,,,,,,,,,,,,,,,
reviewer1_sensor_factorial_development,reviewer1_sensor_factorial_development,configs/reviewer1_remaining/sensor_factorial_development/matched_conditions.yaml,no_noise_no_delay_no_dropout,SensorizedPyBulletUAVWaypoint-v0,SensorizedPyBulletUAVWaypoint-v0,native_gymnasium_observation,dqn,15003,eval,40,40,-0.9287961330823602,40,1,-0.9287961330823602,20,0.0,40,3,0.010991495413084825,0.013203112408518791,0,1,2,1.2740753999969456,0.7264156000164803,0.5476597999804653,0.7264156000164803,0.5476597999804653,a6856e5cafc085e89cbbb2e0fc8a8770c40029c1,1.8.0,dd539897a18ce6d787567c0969bf760cf4c6c2d331693676b7eab3ef6b71fe9b,True,3.12.13,2.12.0+cpu,2.4.6,1.2.3,3.1.0,2.1.0,3.2.7,,,,,,1.0,0.0,1.0,0.0,0.0,1.0,0.0,1.0,0.0,nan,nan,0.0,nan,0.0,0.0,nan,1.0,nan,nan,unsupported,899.04,881.15,neural,0.0,0.0,0.0,,,,,,,,,,,,,0.0,0.0,1.0,0.0,nan,nan,7,nan,nan,nan,nan,unavailable,unavailable,unavailable,nan,nan,0.0,unavailable,nan
reviewer1_sensor_factorial_development,reviewer1_sensor_factorial_development,configs/reviewer1_remaining/sensor_factorial_development/matched_conditions.yaml,no_noise_no_delay_no_dropout,SensorizedPyBulletUAVWaypoint-v0,SensorizedPyBulletUAVWaypoint-v0,native_gymnasium_observation,dqn,15003,eval,40,40,-1.1741034875437617,40,2,-1.1741034875437617,20,0.0,40,3,0.010991495413084825,0.013203112408518791,0,1,2,1.274248500005342,0.7265887000248767,0.5476597999804653,0.7265887000248767,0.5476597999804653,a6856e5cafc085e89cbbb2e0fc8a8770c40029c1,1.8.0,dd539897a18ce6d787567c0969bf760cf4c6c2d331693676b7eab3ef6b71fe9b,True,3.12.13,2.12.0+cpu,2.4.6,1.2.3,3.1.0,2.1.0,3.2.7,,,,,,1.0,0.0,1.0,0.0,0.0,1.0,0.0,1.0,0.0,nan,nan,0.0,nan,0.0,0.0,nan,1.0,nan,nan,unsupported,1002.35,968.8,neural,0.0,0.0,0.0,,,,,,,,,,,,,0.0,0.0,1.0,0.0,nan,nan,0,nan,nan,nan,nan,unavailable,unavailable,unavailable,nan,nan,0.0,unavailable,nan
reviewer1_sensor_factorial_development,reviewer1_sensor_factorial_development,configs/reviewer1_remaining/sensor_factorial_development/matched_conditions.yaml,no_noise_no_delay_no_dropout,SensorizedPyBulletUAVWaypoint-v0,SensorizedPyBulletUAVWaypoint-v0,native_gymnasium_observation,dqn,15003,train,40,,,40,2,-0.9588260003738105,20,0.0,40,3,0.010991495413084825,0.013203112408518791,0,1,2,1.2958279000013135,0.7481681000208482,0.5476597999804653,0.7481681000208482,0.5476597999804653,a6856e5cafc085e89cbbb2e0fc8a8770c40029c1,1.8.0,dd539897a18ce6d787567c0969bf760cf4c6c2d331693676b7eab3ef6b71fe9b,True,3.12.13,2.12.0+cpu,2.4.6,1.2.3,3.1.0,2.1.0,3.2.7,,,,,,1.0,0.0,1.0,0.05,-0.0025000000000000005,0.95,0.0,1.0,0.0,nan,nan,0.0,nan,0.05,0.05,nan,1.0,nan,nan,unsupported,340.89,34.4,neural,0.0,0.0,0.0,,,,,,,,,,,,,0.0,0.0,1.0,0.0,,,,,,,,,,,,,,,
reviewer1_sensor_factorial_development,reviewer1_sensor_factorial_development,configs/reviewer1_remaining/sensor_factorial_development/matched_conditions.yaml,no_noise_no_delay_no_dropout,SensorizedPyBulletUAVWaypoint-v0,SensorizedPyBulletUAVWaypoint-v0,native_gymnasium_observation,dqn,15003,train,60,,,60,3,-1.1055717716412619,20,0.0,60,8,0.008348642848432064,0.013203112408518791,0,1,2,1.5376179000013508,0.9899581000208855,0.5476597999804653,0.9899581000208855,0.5476597999804653,a6856e5cafc085e89cbbb2e0fc8a8770c40029c1,1.8.0,dd539897a18ce6d787567c0969bf760cf4c6c2d331693676b7eab3ef6b71fe9b,True,3.12.13,2.12.0+cpu,2.4.6,1.2.3,3.1.0,2.1.0,3.2.7,,,,,,1.0,0.0,1.0,0.0,0.0,0.65,0.0,1.0,0.0,nan,nan,0.0,nan,0.35,0.35,nan,1.0,nan,nan,unsupported,547.765,789.25,neural,0.0,0.0,0.0,,,,,,,,,,,,,0.0,0.0,1.0,0.0,,,,,,,,,,,,,,,
reviewer1_sensor_factorial_development,reviewer1_sensor_factorial_development,configs/reviewer1_remaining/sensor_factorial_development/matched_conditions.yaml,no_noise_no_delay_no_dropout,SensorizedPyBulletUAVWaypoint-v0,SensorizedPyBulletUAVWaypoint-v0,native_gymnasium_observation,dqn,15003,eval,80,80,-1.2026792104542254,80,1,-1.2026792104542254,20,0.0,80,13,0.007796306485453477,0.013203112408518791,0,2,2,2.4689374000008684,1.2190521000302397,1.2498852999706287,1.2190521000302397,1.2498852999706287,a6856e5cafc085e89cbbb2e0fc8a8770c40029c1,1.8.0,dd539897a18ce6d787567c0969bf760cf4c6c2d331693676b7eab3ef6b71fe9b,True,3.12.13,2.12.0+cpu,2.4.6,1.2.3,3.1.0,2.1.0,3.2.7,,,,,,1.0,0.0,1.0,0.0,0.0,1.0,0.0,1.0,0.0,nan,nan,0.0,nan,0.0,0.0,nan,1.0,nan,nan,unsupported,1235.56,1167.9,neural,0.0,0.0,0.0,,,,,,,,,,,,,0.0,0.0,1.0,0.0,nan,nan,0,nan,nan,nan,nan,unavailable,unavailable,unavailable,nan,nan,0.0,unavailable,nan
reviewer1_sensor_factorial_development,reviewer1_sensor_factorial_development,configs/reviewer1_remaining/sensor_factorial_development/matched_conditions.yaml,no_noise_no_delay_no_dropout,SensorizedPyBulletUAVWaypoint-v0,SensorizedPyBulletUAVWaypoint-v0,native_gymnasium_observation,dqn,15003,eval,80,80,-1.112504853308201,80,2,-1.112504853308201,20,0.0,80,13,0.007796306485453477,0.013203112408518791,0,2,2,2.469136100000469,1.2192508000298403,1.2498852999706287,1.2192508000298403,1.2498852999706287,a6856e5cafc085e89cbbb2e0fc8a8770c40029c1,1.8.0,dd539897a18ce6d787567c0969bf760cf4c6c2d331693676b7eab3ef6b71fe9b,True,3.12.13,2.12.0+cpu,2.4.6,1.2.3,3.1.0,2.1.0,3.2.7,,,,,,1.0,0.0,1.0,0.0,0.0,1.0,0.0,1.0,0.0,nan,nan,0.0,nan,0.0,0.0,nan,1.0,nan,nan,unsupported,1185.315,1143.4499999999998,neural,0.0,0.0,0.0,,,,,,,,,,,,,0.0,0.0,1.0,0.0,nan,nan,0,nan,nan,nan,nan,unavailable,unavailable,unavailable,nan,nan,0.0,unavailable,nan
reviewer1_sensor_factorial_development,reviewer1_sensor_factorial_development,configs/reviewer1_remaining/sensor_factorial_development/matched_conditions.yaml,no_noise_no_delay_no_dropout,SensorizedPyBulletUAVWaypoint-v0,SensorizedPyBulletUAVWaypoint-v0,native_gymnasium_observation,dqn,15003,train,80,,,80,4,-0.3332687900029123,20,0.0,80,13,0.007796306485453477,0.013203112408518791,0,2,2,2.470361999992747,1.2204767000221182,1.2498852999706287,1.2204767000221182,1.2498852999706287,a6856e5cafc085e89cbbb2e0fc8a8770c40029c1,1.8.0,dd539897a18ce6d787567c0969bf760cf4c6c2d331693676b7eab3ef6b71fe9b,True,3.12.13,2.12.0+cpu,2.4.6,1.2.3,3.1.0,2.1.0,3.2.7,,,,,,1.0,0.0,0.15,0.0,0.0,0.75,0.0,1.0,0.0,nan,nan,0.0,nan,0.25,0.25,nan,1.0,nan,nan,unsupported,865.6700000000001,957.95,neural,0.0,0.0,0.0,,,,,,,,,,,,,0.0,0.0,1.0,0.0,,,,,,,,,,,,,,,
reviewer1_sensor_factorial_development,reviewer1_sensor_factorial_development,configs/reviewer1_remaining/sensor_factorial_development/matched_conditions.yaml,no_noise_no_delay_no_dropout,SensorizedPyBulletUAVWaypoint-v0,SensorizedPyBulletUAVWaypoint-v0,native_gymnasium_observation,fuzzy_relative_reliability,15002,train,20,,,20,1,-1.0151569248735903,20,0.0,20,0,nan,nan,0,0,2,0.42836849999730475,0.42836849999730475,0.0,0.42836849999730475,0.0,a6856e5cafc085e89cbbb2e0fc8a8770c40029c1,1.8.0,dd539897a18ce6d787567c0969bf760cf4c6c2d331693676b7eab3ef6b71fe9b,True,3.12.13,2.12.0+cpu,2.4.6,1.2.3,3.1.0,2.1.0,3.2.7,0.0,0.0,0.3601519,0.369870356775261,16.0,1.0,0.0,1.0,0.0,0.0,1.0,0.0,0.5,0.0,0.0,0.0,0.0,0.9937348102843181,0.0,0.5,0.0,0.5,10.0,1.0,support-boundary collapse,208.60999999999999,54.55,neural,16.0,432.0,3264.0,0.0,0,nan,0.0,nan,exact_count,raw_state,none,4.18e-05,1536,,,0.0,0.0,1.0,0.0,,,,,,,,,,,,,,,
reviewer1_sensor_factorial_development,reviewer1_sensor_factorial_development,configs/reviewer1_remaining/sensor_factorial_development/matched_conditions.yaml,no_noise_no_delay_no_dropout,SensorizedPyBulletUAVWaypoint-v0,SensorizedPyBulletUAVWaypoint-v0,native_gymnasium_observation,fuzzy_relative_reliability,15002,eval,40,40,-1.092377481814474,40,1,-1.092377481814474,20,0.0,40,3,0.005620831390842795,0.0068300445564091206,0,1,2,1.375164199998835,0.7409103999962099,0.6342538000026252,0.7409103999962099,0.6342538000026252,a6856e5cafc085e89cbbb2e0fc8a8770c40029c1,1.8.0,dd539897a18ce6d787567c0969bf760cf4c6c2d331693676b7eab3ef6b71fe9b,True,3.12.13,2.12.0+cpu,2.4.6,1.2.3,3.1.0,2.1.0,3.2.7,0.10452497642866954,0.0,0.1307409,0.13913867033778057,28.0,1.0,0.0,1.0,0.0,0.0,1.0,0.0,1.0,0.0,0.0,0.0,0.0,0.970827456009461,0.0,0.0,0.0,1.0,20.0,1.0,support-boundary collapse,1593.565,1548.1999999999998,neural,28.0,756.0,5712.0,0.0,0,nan,0.0,nan,exact_count,raw_state,none,3.19e-05,2688,,,0.0,0.0,1.0,0.0,nan,nan,6,nan,nan,nan,nan,unavailable,unavailable,unavailable,nan,nan,0.0,unavailable,nan
reviewer1_sensor_factorial_development,reviewer1_sensor_factorial_development,configs/reviewer1_remaining/sensor_factorial_development/matched_conditions.yaml,no_noise_no_delay_no_dropout,SensorizedPyBulletUAVWaypoint-v0,SensorizedPyBulletUAVWaypoint-v0,native_gymnasium_observation,fuzzy_relative_reliability,15002,eval,40,40,-1.0743244093470277,40,2,-1.0743244093470277,20,0.0,40,3,0.005620831390842795,0.0068300445564091206,0,1,2,1.3753805999876931,0.7411267999850679,0.6342538000026252,0.7411267999850679,0.6342538000026252,a6856e5cafc085e89cbbb2e0fc8a8770c40029c1,1.8.0,dd539897a18ce6d787567c0969bf760cf4c6c2d331693676b7eab3ef6b71fe9b,True,3.12.13,2.12.0+cpu,2.4.6,1.2.3,3.1.0,2.1.0,3.2.7,0.10452497642866954,0.0,0.1307409,0.13913867033778057,28.0,1.0,0.0,1.0,0.0,0.0,1.0,0.0,1.0,0.0,0.0,0.0,0.0,0.969081133038415,0.0,0.0,0.0,1.0,20.0,1.0,support-boundary collapse,1760.8600000000001,1625.6999999999998,neural,28.0,756.0,5712.0,0.0,0,nan,0.0,nan,exact_count,raw_state,none,3.19e-05,2688,,,0.0,0.0,1.0,0.0,nan,nan,6,nan,nan,nan,nan,unavailable,unavailable,unavailable,nan,nan,0.0,unavailable,nan
reviewer1_sensor_factorial_development,reviewer1_sensor_factorial_development,configs/reviewer1_remaining/sensor_factorial_development/matched_conditions.yaml,no_noise_no_delay_no_dropout,SensorizedPyBulletUAVWaypoint-v0,SensorizedPyBulletUAVWaypoint-v0,native_gymnasium_observation,fuzzy_relative_reliability,15002,train,40,,,40,2,-1.0374877077061682,20,0.0,40,3,0.005620831390842795,0.0068300445564091206,0,1,2,1.3812113000021782,0.746957499999553,0.6342538000026252,0.746957499999553,0.6342538000026252,a6856e5cafc085e89cbbb2e0fc8a8770c40029c1,1.8.0,dd539897a18ce6d787567c0969bf760cf4c6c2d331693676b7eab3ef6b71fe9b,True,3.12.13,2.12.0+cpu,2.4.6,1.2.3,3.1.0,2.1.0,3.2.7,0.10452497642866954,0.0,0.1307409,0.13913867033778057,28.0,1.0,0.0,1.0,0.0,0.0,0.65,0.10120523522847794,0.898794764771522,0.0,0.10120523522847794,0.22176000366561813,0.10135494360946637,0.87695288716369,0.35,0.7,0.35,0.65,13.0,0.65,support-boundary collapse,921.4549999999999,1227.25,neural,28.0,756.0,5712.0,0.0,0,nan,0.0,nan,exact_count,raw_state,none,3.19e-05,2688,,,0.0,0.0,1.0,0.0,,,,,,,,,,,,,,,
reviewer1_sensor_factorial_development,reviewer1_sensor_factorial_development,configs/reviewer1_remaining/sensor_factorial_development/matched_conditions.yaml,no_noise_no_delay_no_dropout,SensorizedPyBulletUAVWaypoint-v0,SensorizedPyBulletUAVWaypoint-v0,native_gymnasium_observation,fuzzy_relative_reliability,15002,train,60,,,60,3,-0.12733940634876492,20,0.0,60,8,0.005591202090727165,0.006943780463188887,0,1,2,1.7116236999863759,1.0773698999837507,0.6342538000026252,1.0773698999837507,0.6342538000026252,a6856e5cafc085e89cbbb2e0fc8a8770c40029c1,1.8.0,dd539897a18ce6d787567c0969bf760cf4c6c2d331693676b7eab3ef6b71fe9b,True,3.12.13,2.12.0+cpu,2.4.6,1.2.3,3.1.0,2.1.0,3.2.7,0.09510116468966376,0.0,0.046893153,0.0556311825944677,42.0,1.0,0.0,0.0,0.0,0.0,0.9,0.05569027941792766,0.9443097205820724,0.0,0.05569027941792766,0.0,0.057987700304377145,0.8681475758398738,0.1,0.6,0.1,0.9,18.0,0.9,support-boundary collapse,1133.575,1490.1,neural,42.0,1134.0,8568.0,0.0,0,nan,0.0,nan,exact_count,raw_state,none,3.78e-05,4032,,,0.0,0.0,1.0,0.0,,,,,,,,,,,,,,,
reviewer1_sensor_factorial_development,reviewer1_sensor_factorial_development,configs/reviewer1_remaining/sensor_factorial_development/matched_conditions.yaml,no_noise_no_delay_no_dropout,SensorizedPyBulletUAVWaypoint-v0,SensorizedPyBulletUAVWaypoint-v0,native_gymnasium_observation,fuzzy_relative_reliability,15002,eval,80,80,-0.1717708364967257,80,1,-0.1717708364967257,20,0.0,80,13,0.004687712178565562,0.006943780463188887,0,2,2,2.647953299980145,1.3244003999861889,1.323552899993956,1.3244003999861889,1.323552899993956,a6856e5cafc085e89cbbb2e0fc8a8770c40029c1,1.8.0,dd539897a18ce6d787567c0969bf760cf4c6c2d331693676b7eab3ef6b71fe9b,True,3.12.13,2.12.0+cpu,2.4.6,1.2.3,3.1.0,2.1.0,3.2.7,0.08538208514842598,0.0,0.016862752,0.02192087294545574,57.0,1.0,0.0,0.0,0.0,0.0,1.0,0.0,1.0,0.0,0.0,0.0,0.0,0.5805285616140188,0.0,0.85,0.0,1.0,20.0,1.0,support-boundary collapse,2065.5250000000005,2013.65,neural,57.0,1539.0,11628.0,0.0,0,nan,0.0,nan,exact_count,raw_state,none,3.06e-05,5472,,,0.0,0.0,1.0,0.0,nan,nan,23,nan,nan,nan,nan,unavailable,unavailable,unavailable,nan,nan,0.0,unavailable,nan
reviewer1_sensor_factorial_development,reviewer1_sensor_factorial_development,configs/reviewer1_remaining/sensor_factorial_development/matched_conditions.yaml,no_noise_no_delay_no_dropout,SensorizedPyBulletUAVWaypoint-v0,SensorizedPyBulletUAVWaypoint-v0,native_gymnasium_observation,fuzzy_relative_reliability,15002,eval,80,80,-0.13366501240059733,80,2,-0.13366501240059733,20,0.0,80,13,0.004687712178565562,0.006943780463188887,0,2,2,2.6482140999869443,1.3246611999929883,1.323552899993956,1.3246611999929883,1.323552899993956,a6856e5cafc085e89cbbb2e0fc8a8770c40029c1,1.8.0,dd539897a18ce6d787567c0969bf760cf4c6c2d331693676b7eab3ef6b71fe9b,True,3.12.13,2.12.0+cpu,2.4.6,1.2.3,3.1.0,2.1.0,3.2.7,0.08538208514842598,0.0,0.016862752,0.02192087294545574,57.0,1.0,0.0,0.0,0.0,0.0,1.0,0.0,1.0,0.0,0.0,0.0,0.0,0.9620591351976486,0.0,0.0,0.0,1.0,20.0,1.0,support-boundary collapse,2108.335,1987.0,neural,57.0,1539.0,11628.0,0.0,0,nan,0.0,nan,exact_count,raw_state,none,3.06e-05,5472,,,0.0,0.0,1.0,0.0,nan,nan,23,nan,nan,nan,nan,unavailable,unavailable,unavailable,nan,nan,0.0,unavailable,nan
reviewer1_sensor_factorial_development,reviewer1_sensor_factorial_development,configs/reviewer1_remaining/sensor_factorial_development/matched_conditions.yaml,no_noise_no_delay_no_dropout,SensorizedPyBulletUAVWaypoint-v0,SensorizedPyBulletUAVWaypoint-v0,native_gymnasium_observation,fuzzy_relative_reliability,15002,train,80,,,80,4,-0.1876264189369977,20,0.0,80,13,0.004687712178565562,0.006943780463188887,0,2,2,2.650546499993652,1.326993599999696,1.323552899993956,1.326993599999696,1.323552899993956,a6856e5cafc085e89cbbb2e0fc8a8770c40029c1,1.8.0,dd539897a18ce6d787567c0969bf760cf4c6c2d331693676b7eab3ef6b71fe9b,True,3.12.13,2.12.0+cpu,2.4.6,1.2.3,3.1.0,2.1.0,3.2.7,0.08538208514842598,0.0,0.016862752,0.02192087294545574,57.0,1.0,0.0,0.0,0.05,-0.0025000000000000005,0.7,0.08393984877749394,0.9160601512225061,0.0,0.08393984877749394,0.2223130743366033,0.08358677741445568,0.6135326033546323,0.3,0.75,0.3,0.7,14.0,0.7,support-boundary collapse,1560.47,1658.0500000000002,neural,57.0,1539.0,11628.0,0.0,0,nan,0.0,nan,exact_count,raw_state,none,3.06e-05,5472,,,0.0,0.0,1.0,0.0,,,,,,,,,,,,,,,
reviewer1_sensor_factorial_development,reviewer1_sensor_factorial_development,configs/reviewer1_remaining/sensor_factorial_development/matched_conditions.yaml,no_noise_no_delay_no_dropout,SensorizedPyBulletUAVWaypoint-v0,SensorizedPyBulletUAVWaypoint-v0,native_gymnasium_observation,fuzzy_relative_reliability,15003,train,20,,,20,1,-0.9650195746589452,20,0.0,20,0,nan,nan,0,0,2,0.4271191000007093,0.4271191000007093,0.0,0.4271191000007093,0.0,a6856e5cafc085e89cbbb2e0fc8a8770c40029c1,1.8.0,dd539897a18ce6d787567c0969bf760cf4c6c2d331693676b7eab3ef6b71fe9b,True,3.12.13,2.12.0+cpu,2.4.6,1.2.3,3.1.0,2.1.0,3.2.7,0.0,0.0,0.35990947,0.3743625410675269,15.0,1.0,0.0,1.0,0.0,0.0,1.0,0.0,0.25,0.0,0.0,0.0,0.0,0.901341956904354,0.0,0.25,0.0,0.25,5.0,1.0,unsupported,169.35999999999999,57.5,none,15.0,405.0,3060.0,0.0,0,nan,0.0,nan,exact_count,raw_state,none,7.97e-05,1440,,,0.0,0.0,1.0,0.0,,,,,,,,,,,,,,,
reviewer1_sensor_factorial_development,reviewer1_sensor_factorial_development,configs/reviewer1_remaining/sensor_factorial_development/matched_conditions.yaml,no_noise_no_delay_no_dropout,SensorizedPyBulletUAVWaypoint-v0,SensorizedPyBulletUAVWaypoint-v0,native_gymnasium_observation,fuzzy_relative_reliability,15003,eval,40,40,-0.9287961330823602,40,1,-0.9287961330823602,20,0.0,40,3,0.010991495413084825,0.013203112408518791,0,1,2,1.3301283000037074,0.738249399990309,0.5918789000133984,0.738249399990309,0.5918789000133984,a6856e5cafc085e89cbbb2e0fc8a8770c40029c1,1.8.0,dd539897a18ce6d787567c0969bf760cf4c6c2d331693676b7eab3ef6b71fe9b,True,3.12.13,2.12.0+cpu,2.4.6,1.2.3,3.1.0,2.1.0,3.2.7,0.027894713634349047,0.0,0.13041596,0.1468691610771426,30.0,1.0,0.0,1.0,0.0,0.0,1.0,0.0,1.0,0.0,0.0,0.0,0.0,0.9720965988687246,0.0,0.0,0.0,1.0,20.0,1.0,support-boundary collapse,1713.5000000000005,1604.35,neural,30.0,810.0,6120.0,0.0,0,nan,0.0,nan,exact_count,raw_state,none,2.18e-05,2880,,,0.0,0.0,1.0,0.0,nan,nan,7,nan,nan,nan,nan,unavailable,unavailable,unavailable,nan,nan,0.0,unavailable,nan
reviewer1_sensor_factorial_development,reviewer1_sensor_factorial_development,configs/reviewer1_remaining/sensor_factorial_development/matched_conditions.yaml,no_noise_no_delay_no_dropout,SensorizedPyBulletUAVWaypoint-v0,SensorizedPyBulletUAVWaypoint-v0,native_gymnasium_observation,fuzzy_relative_reliability,15003,eval,40,40,-1.1741034875437617,40,2,-1.1741034875437617,20,0.0,40,3,0.010991495413084825,0.013203112408518791,0,1,2,1.3303160000068601,0.7384370999934617,0.5918789000133984,0.7384370999934617,0.5918789000133984,a6856e5cafc085e89cbbb2e0fc8a8770c40029c1,1.8.0,dd539897a18ce6d787567c0969bf760cf4c6c2d331693676b7eab3ef6b71fe9b,True,3.12.13,2.12.0+cpu,2.4.6,1.2.3,3.1.0,2.1.0,3.2.7,0.027894713634349047,0.0,0.13041596,0.1468691610771426,30.0,1.0,0.0,1.0,0.0,0.0,1.0,0.0,1.0,0.0,0.0,0.0,0.0,0.995345862862313,0.0,0.0,0.0,1.0,20.0,1.0,support-boundary collapse,2165.19,1522.3,neural,30.0,810.0,6120.0,0.0,0,nan,0.0,nan,exact_count,raw_state,none,2.18e-05,2880,,,0.0,0.0,1.0,0.0,nan,nan,0,nan,nan,nan,nan,unavailable,unavailable,unavailable,nan,nan,0.0,unavailable,nan
reviewer1_sensor_factorial_development,reviewer1_sensor_factorial_development,configs/reviewer1_remaining/sensor_factorial_development/matched_conditions.yaml,no_noise_no_delay_no_dropout,SensorizedPyBulletUAVWaypoint-v0,SensorizedPyBulletUAVWaypoint-v0,native_gymnasium_observation,fuzzy_relative_reliability,15003,train,40,,,40,2,-0.9588260003738105,20,0.0,40,3,0.010991495413084825,0.013203112408518791,0,1,2,1.3386560000071768,0.7467770999937784,0.5918789000133984,0.7467770999937784,0.5918789000133984,a6856e5cafc085e89cbbb2e0fc8a8770c40029c1,1.8.0,dd539897a18ce6d787567c0969bf760cf4c6c2d331693676b7eab3ef6b71fe9b,True,3.12.13,2.12.0+cpu,2.4.6,1.2.3,3.1.0,2.1.0,3.2.7,0.027894713634349047,0.0,0.13041596,0.1468691610771426,30.0,1.0,0.0,1.0,0.05,-0.0025000000000000005,0.95,0.011157885453739618,0.9888421145462605,0.0,0.011157885453739618,0.0,0.011059960846429757,0.9060492981113649,0.05,0.9,0.05,0.95,19.0,0.95,support-boundary collapse,505.4799999999999,55.2,neural,30.0,810.0,6120.0,0.0,0,nan,0.0,nan,exact_count,raw_state,none,2.18e-05,2880,,,0.0,0.0,1.0,0.0,,,,,,,,,,,,,,,
reviewer1_sensor_factorial_development,reviewer1_sensor_factorial_development,configs/reviewer1_remaining/sensor_factorial_development/matched_conditions.yaml,no_noise_no_delay_no_dropout,SensorizedPyBulletUAVWaypoint-v0,SensorizedPyBulletUAVWaypoint-v0,native_gymnasium_observation,fuzzy_relative_reliability,15003,train,60,,,60,3,-1.105351575021632,20,0.0,60,8,0.008348642848432064,0.013203112408518791,0,1,2,1.592543700011447,1.0006647999980487,0.5918789000133984,1.0006647999980487,0.5918789000133984,a6856e5cafc085e89cbbb2e0fc8a8770c40029c1,1.8.0,dd539897a18ce6d787567c0969bf760cf4c6c2d331693676b7eab3ef6b71fe9b,True,3.12.13,2.12.0+cpu,2.4.6,1.2.3,3.1.0,2.1.0,3.2.7,0.10811178998729254,0.0,0.048565745,0.0623810682963419,41.0,1.0,0.0,1.0,0.0,0.0,0.65,0.13109802304904367,0.8689019769509562,0.0,0.13109802304904367,0.26621124574864213,0.1324198176917607,0.9495091748577609,0.35,0.9,0.35,0.65,13.0,0.65,support-boundary collapse,926.015,1339.05,neural,41.0,1107.0,8364.0,0.0,0,nan,0.0,nan,exact_count,raw_state,none,4.86e-05,3936,,,0.0,0.0,1.0,0.0,,,,,,,,,,,,,,,
reviewer1_sensor_factorial_development,reviewer1_sensor_factorial_development,configs/reviewer1_remaining/sensor_factorial_development/matched_conditions.yaml,no_noise_no_delay_no_dropout,SensorizedPyBulletUAVWaypoint-v0,SensorizedPyBulletUAVWaypoint-v0,native_gymnasium_observation,fuzzy_relative_reliability,15003,eval,80,80,-1.2026792104542254,80,1,-1.2026792104542254,20,0.0,80,13,0.007796152082916636,0.013203112408518791,0,2,2,2.6198616000183392,1.3006821000017226,1.3191795000166167,1.3006821000017226,1.3191795000166167,a6856e5cafc085e89cbbb2e0fc8a8770c40029c1,1.8.0,dd539897a18ce6d787567c0969bf760cf4c6c2d331693676b7eab3ef6b71fe9b,True,3.12.13,2.12.0+cpu,2.4.6,1.2.3,3.1.0,2.1.0,3.2.7,0.09403458745740481,0.0,0.01785053,0.027449609496095498,55.0,1.0,0.0,1.0,0.0,0.0,1.0,0.0,1.0,0.0,0.0,0.0,0.0,0.8898505085021389,0.0,0.0,0.0,1.0,20.0,1.0,support-boundary collapse,1864.8,1876.9,neural,55.0,1485.0,11220.0,0.0,0,nan,0.0,nan,exact_count,raw_state,none,3.09e-05,5280,,,0.0,0.0,1.0,0.0,nan,nan,0,nan,nan,nan,nan,unavailable,unavailable,unavailable,nan,nan,0.0,unavailable,nan
reviewer1_sensor_factorial_development,reviewer1_sensor_factorial_development,configs/reviewer1_remaining/sensor_factorial_development/matched_conditions.yaml,no_noise_no_delay_no_dropout,SensorizedPyBulletUAVWaypoint-v0,SensorizedPyBulletUAVWaypoint-v0,native_gymnasium_observation,fuzzy_relative_reliability,15003,eval,80,80,-1.112504853308201,80,2,-1.112504853308201,20,0.0,80,13,0.007796152082916636,0.013203112408518791,0,2,2,2.620166100008646,1.3009865999920294,1.3191795000166167,1.3009865999920294,1.3191795000166167,a6856e5cafc085e89cbbb2e0fc8a8770c40029c1,1.8.0,dd539897a18ce6d787567c0969bf760cf4c6c2d331693676b7eab3ef6b71fe9b,True,3.12.13,2.12.0+cpu,2.4.6,1.2.3,3.1.0,2.1.0,3.2.7,0.09403458745740481,0.0,0.01785053,0.027449609496095498,55.0,1.0,0.0,1.0,0.0,0.0,1.0,0.0,1.0,0.0,0.0,0.0,0.0,0.8391541262532888,0.0,0.4,0.0,1.0,20.0,1.0,support-boundary collapse,2004.5249999999996,1945.0500000000002,neural,55.0,1485.0,11220.0,0.0,0,nan,0.0,nan,exact_count,raw_state,none,3.09e-05,5280,,,0.0,0.0,1.0,0.0,nan,nan,0,nan,nan,nan,nan,unavailable,unavailable,unavailable,nan,nan,0.0,unavailable,nan
reviewer1_sensor_factorial_development,reviewer1_sensor_factorial_development,configs/reviewer1_remaining/sensor_factorial_development/matched_conditions.yaml,no_noise_no_delay_no_dropout,SensorizedPyBulletUAVWaypoint-v0,SensorizedPyBulletUAVWaypoint-v0,native_gymnasium_observation,fuzzy_relative_reliability,15003,train,80,,,80,4,-0.3332687900029123,20,0.0,80,13,0.007796152082916636,0.013203112408518791,0,2,2,2.6223230000177864,1.3031435000011697,1.3191795000166167,1.3031435000011697,1.3191795000166167,a6856e5cafc085e89cbbb2e0fc8a8770c40029c1,1.8.0,dd539897a18ce6d787567c0969bf760cf4c6c2d331693676b7eab3ef6b71fe9b,True,3.12.13,2.12.0+cpu,2.4.6,1.2.3,3.1.0,2.1.0,3.2.7,0.09403458745740481,0.0,0.01785053,0.027449609496095498,55.0,1.0,0.0,0.15,0.0,0.0,0.75,0.0816223877103411,0.9183776122896589,0.0,0.0816223877103411,0.055714825278820775,0.0811403227359645,0.8468550478286201,0.25,0.65,0.25,0.75,15.0,0.75,support-boundary collapse,1396.53,1611.85,neural,55.0,1485.0,11220.0,0.0,0,nan,0.0,nan,exact_count,raw_state,none,3.09e-05,5280,,,0.0,0.0,1.0,0.0,,,,,,,,,,,,,,,
reviewer1_sensor_factorial_development,reviewer1_sensor_factorial_development,configs/reviewer1_remaining/sensor_factorial_development/matched_conditions.yaml,no_noise_no_delay_no_dropout,SensorizedPyBulletUAVWaypoint-v0,SensorizedPyBulletUAVWaypoint-v0,native_gymnasium_observation,selected_approximate_support,15002,train,20,,,20,1,-1.0151569248735903,20,0.0,20,0,nan,nan,0,0,2,0.3630561000027228,0.3630561000027228,0.0,0.3630561000027228,0.0,a6856e5cafc085e89cbbb2e0fc8a8770c40029c1,1.8.0,dd539897a18ce6d787567c0969bf760cf4c6c2d331693676b7eab3ef6b71fe9b,True,3.12.13,2.12.0+cpu,2.4.6,1.2.3,3.1.0,2.1.0,3.2.7,0.75,0.0,1.0,1.0,16.0,1.0,0.0,1.0,0.0,0.0,1.0,0.375,0.125,0.0,nan,nan,0.375,nan,0.0,0.5,nan,0.0,nan,nan,approximate-only,1700.2199999999998,60.85,memory,16.0,432.0,3264.0,0.75,3,0.0,3.0,nan,gaussian_affinity,raw_state,brute_force,0.0315771,1408,,,0.0,0.0,1.0,0.0,,,,,,,,,,,,,,,
reviewer1_sensor_factorial_development,reviewer1_sensor_factorial_development,configs/reviewer1_remaining/sensor_factorial_development/matched_conditions.yaml,no_noise_no_delay_no_dropout,SensorizedPyBulletUAVWaypoint-v0,SensorizedPyBulletUAVWaypoint-v0,native_gymnasium_observation,selected_approximate_support,15002,eval,40,40,-1.0799382017739116,40,1,-1.0799382017739116,20,0.0,40,3,0.005615952347094814,0.006825030315667391,0,1,2,1.5219344999932218,0.665414499992039,0.8565200000011828,0.665414499992039,0.8565200000011828,a6856e5cafc085e89cbbb2e0fc8a8770c40029c1,1.8.0,dd539897a18ce6d787567c0969bf760cf4c6c2d331693676b7eab3ef6b71fe9b,True,3.12.13,2.12.0+cpu,2.4.6,1.2.3,3.1.0,2.1.0,3.2.7,0.6669336866618061,0.0,1.0,1.0,28.0,1.0,0.0,1.0,0.0,0.0,1.0,0.623219065594599,0.376780934405401,0.0,nan,nan,0.623219065594599,nan,0.0,1.0,nan,0.0,nan,nan,approximate-only,1864.2850000000003,1559.9,memory,28.0,756.0,5712.0,0.35861333506640963,3,0.4582575857639313,0.5591219067573547,nan,gaussian_affinity,raw_state,brute_force,0.0004251,2464,,,0.0,0.0,1.0,0.0,0,6,23,nan,nan,nan,0.49999999749999996,neural,unavailable,unavailable,nan,nan,0.0,unavailable,nan
reviewer1_sensor_factorial_development,reviewer1_sensor_factorial_development,configs/reviewer1_remaining/sensor_factorial_development/matched_conditions.yaml,no_noise_no_delay_no_dropout,SensorizedPyBulletUAVWaypoint-v0,SensorizedPyBulletUAVWaypoint-v0,native_gymnasium_observation,selected_approximate_support,15002,eval,40,40,-1.070032654507086,40,2,-1.070032654507086,20,0.0,40,3,0.005615952347094814,0.006825030315667391,0,1,2,1.5221928000100888,0.665672800008906,0.8565200000011828,0.665672800008906,0.8565200000011828,a6856e5cafc085e89cbbb2e0fc8a8770c40029c1,1.8.0,dd539897a18ce6d787567c0969bf760cf4c6c2d331693676b7eab3ef6b71fe9b,True,3.12.13,2.12.0+cpu,2.4.6,1.2.3,3.1.0,2.1.0,3.2.7,0.6669336866618061,0.0,1.0,1.0,28.0,1.0,0.0,1.0,0.0,0.0,1.0,0.5979833807616315,0.4020166192383686,0.0,nan,nan,0.5979833807616315,nan,0.0,1.0,nan,0.0,nan,nan,approximate-only,1851.485,1803.15,memory,28.0,756.0,5712.0,0.35861333506640963,3,0.4582575857639313,0.5591219067573547,nan,gaussian_affinity,raw_state,brute_force,0.0004251,2464,,,0.0,0.0,1.0,0.0,0,6,23,nan,nan,nan,0.49999999749999996,neural,unavailable,unavailable,nan,nan,0.0,unavailable,nan
reviewer1_sensor_factorial_development,reviewer1_sensor_factorial_development,configs/reviewer1_remaining/sensor_factorial_development/matched_conditions.yaml,no_noise_no_delay_no_dropout,SensorizedPyBulletUAVWaypoint-v0,SensorizedPyBulletUAVWaypoint-v0,native_gymnasium_observation,selected_approximate_support,15002,train,40,,,40,2,-0.9962762107979507,20,0.0,40,3,0.005615952347094814,0.006825030315667391,0,1,2,1.5303525000053924,0.6738325000042096,0.8565200000011828,0.6738325000042096,0.8565200000011828,a6856e5cafc085e89cbbb2e0fc8a8770c40029c1,1.8.0,dd539897a18ce6d787567c0969bf760cf4c6c2d331693676b7eab3ef6b71fe9b,True,3.12.13,2.12.0+cpu,2.4.6,1.2.3,3.1.0,2.1.0,3.2.7,0.6669336866618061,0.0,1.0,1.0,28.0,1.0,0.0,1.0,0.0,0.0,0.65,0.6828631946676086,0.3171368053323914,0.0,nan,nan,0.6828631946676086,nan,0.35,1.0,nan,0.0,nan,nan,approximate-only,1033.745,1295.0,memory,28.0,756.0,5712.0,0.35861333506640963,3,0.4582575857639313,0.5591219067573547,nan,gaussian_affinity,raw_state,brute_force,0.0004251,2464,,,0.0,0.0,1.0,0.0,,,,,,,,,,,,,,,
reviewer1_sensor_factorial_development,reviewer1_sensor_factorial_development,configs/reviewer1_remaining/sensor_factorial_development/matched_conditions.yaml,no_noise_no_delay_no_dropout,SensorizedPyBulletUAVWaypoint-v0,SensorizedPyBulletUAVWaypoint-v0,native_gymnasium_observation,selected_approximate_support,15002,train,60,,,60,3,-0.12733940634876492,20,0.0,60,8,0.0055802126007620245,0.0068392157554626465,0,1,2,1.8644333000120241,1.0079133000108413,0.8565200000011828,1.0079133000108413,0.8565200000011828,a6856e5cafc085e89cbbb2e0fc8a8770c40029c1,1.8.0,dd539897a18ce6d787567c0969bf760cf4c6c2d331693676b7eab3ef6b71fe9b,True,3.12.13,2.12.0+cpu,2.4.6,1.2.3,3.1.0,2.1.0,3.2.7,0.6661953506671641,0.0,1.0,1.0,42.0,1.0,0.0,0.0,0.0,0.0,0.9,0.6332000957790708,0.3667999042209292,0.0,nan,nan,0.6332000957790708,nan,0.1,1.0,nan,0.0,nan,nan,approximate-only,1248.6149999999998,1635.15,memory,42.0,1134.0,8568.0,0.747500076755858,3,0.0,2.960397243499756,nan,gaussian_affinity,raw_state,brute_force,0.000453,3696,,,0.0,0.0,1.0,0.0,,,,,,,,,,,,,,,
reviewer1_sensor_factorial_development,reviewer1_sensor_factorial_development,configs/reviewer1_remaining/sensor_factorial_development/matched_conditions.yaml,no_noise_no_delay_no_dropout,SensorizedPyBulletUAVWaypoint-v0,SensorizedPyBulletUAVWaypoint-v0,native_gymnasium_observation,selected_approximate_support,15002,eval,80,80,-0.1717708364967257,80,1,-0.1717708364967257,20,0.0,80,13,0.004696669352527421,0.0068392157554626465,0,2,2,2.7988633000059053,1.302479800011497,1.4963834999944083,1.302479800011497,1.4963834999944083,a6856e5cafc085e89cbbb2e0fc8a8770c40029c1,1.8.0,dd539897a18ce6d787567c0969bf760cf4c6c2d331693676b7eab3ef6b71fe9b,True,3.12.13,2.12.0+cpu,2.4.6,1.2.3,3.1.0,2.1.0,3.2.7,0.6948701707018784,0.0,1.0,1.0,57.0,1.0,0.0,0.0,0.0,0.0,1.0,0.7335995975415741,0.266400402458426,0.0,nan,nan,0.7335995975415741,nan,0.0,1.0,nan,0.0,nan,nan,approximate-only,1839.4599999999998,1770.35,memory,57.0,1539.0,11628.0,0.10578439239959032,3,0.634428858757019,0.11829853057861328,nan,gaussian_affinity,raw_state,brute_force,0.0006218,5016,,,0.0,0.0,1.0,0.0,0,23,23,nan,nan,nan,0.49999999749999996,neural,unavailable,unavailable,nan,nan,0.0,unavailable,nan
reviewer1_sensor_factorial_development,reviewer1_sensor_factorial_development,configs/reviewer1_remaining/sensor_factorial_development/matched_conditions.yaml,no_noise_no_delay_no_dropout,SensorizedPyBulletUAVWaypoint-v0,SensorizedPyBulletUAVWaypoint-v0,native_gymnasium_observation,selected_approximate_support,15002,eval,80,80,-0.13024380987510084,80,2,-0.13024380987510084,20,0.0,80,13,0.004696669352527421,0.0068392157554626465,0,2,2,2.7991344000038225,1.3027509000094142,1.4963834999944083,1.3027509000094142,1.4963834999944083,a6856e5cafc085e89cbbb2e0fc8a8770c40029c1,1.8.0,dd539897a18ce6d787567c0969bf760cf4c6c2d331693676b7eab3ef6b71fe9b,True,3.12.13,2.12.0+cpu,2.4.6,1.2.3,3.1.0,2.1.0,3.2.7,0.6948701707018784,0.0,1.0,1.0,57.0,1.0,0.0,0.0,0.0,0.0,1.0,0.1076691233231184,0.8923308766768814,0.0,nan,nan,0.1076691233231184,nan,0.0,1.0,nan,0.0,nan,nan,approximate-only,2006.4850000000006,1780.9,neural,57.0,1539.0,11628.0,0.10578439239959032,3,0.634428858757019,0.11829853057861328,nan,gaussian_affinity,raw_state,brute_force,0.0006218,5016,,,0.0,0.0,1.0,0.0,0,7,7,nan,nan,nan,0.49999999749999996,neural,unavailable,unavailable,nan,nan,0.0,unavailable,nan
reviewer1_sensor_factorial_development,reviewer1_sensor_factorial_development,configs/reviewer1_remaining/sensor_factorial_development/matched_conditions.yaml,no_noise_no_delay_no_dropout,SensorizedPyBulletUAVWaypoint-v0,SensorizedPyBulletUAVWaypoint-v0,native_gymnasium_observation,selected_approximate_support,15002,train,80,,,80,4,-0.1876264189369977,20,0.0,80,13,0.004696669352527421,0.0068392157554626465,0,2,2,2.8025903000088874,1.306206800014479,1.4963834999944083,1.306206800014479,1.4963834999944083,a6856e5cafc085e89cbbb2e0fc8a8770c40029c1,1.8.0,dd539897a18ce6d787567c0969bf760cf4c6c2d331693676b7eab3ef6b71fe9b,True,3.12.13,2.12.0+cpu,2.4.6,1.2.3,3.1.0,2.1.0,3.2.7,0.6948701707018784,0.0,1.0,1.0,57.0,1.0,0.0,0.0,0.05,-0.0025000000000000005,0.7,0.7353775406110062,0.26462245938899376,0.0,nan,nan,0.7353775406110062,nan,0.3,1.0,nan,0.0,nan,nan,approximate-only,1649.845,1727.25,memory,57.0,1539.0,11628.0,0.10578439239959032,3,0.634428858757019,0.11829853057861328,nan,gaussian_affinity,raw_state,brute_force,0.0006218,5016,,,0.0,0.0,1.0,0.0,,,,,,,,,,,,,,,
reviewer1_sensor_factorial_development,reviewer1_sensor_factorial_development,configs/reviewer1_remaining/sensor_factorial_development/matched_conditions.yaml,no_noise_no_delay_no_dropout,SensorizedPyBulletUAVWaypoint-v0,SensorizedPyBulletUAVWaypoint-v0,native_gymnasium_observation,selected_approximate_support,15003,train,20,,,20,1,-0.9650195746589452,20,0.0,20,0,nan,nan,0,0,2,0.3148648000205867,0.3148648000205867,0.0,0.3148648000205867,0.0,a6856e5cafc085e89cbbb2e0fc8a8770c40029c1,1.8.0,dd539897a18ce6d787567c0969bf760cf4c6c2d331693676b7eab3ef6b71fe9b,True,3.12.13,2.12.0+cpu,2.4.6,1.2.3,3.1.0,2.1.0,3.2.7,0.7462565265846898,0.0,1.0,1.0,15.0,1.0,0.0,1.0,0.0,0.0,1.0,0.18656413164617244,0.06343586835382756,0.0,nan,nan,0.18656413164617244,nan,0.0,0.25,nan,0.0,nan,nan,unsupported,758.3100000000001,55.0,none,15.0,405.0,3060.0,0.7462565265846898,3,0.0,2.940988063812256,nan,gaussian_affinity,raw_state,brute_force,0.0126739,1320,,,0.0,0.0,1.0,0.0,,,,,,,,,,,,,,,
reviewer1_sensor_factorial_development,reviewer1_sensor_factorial_development,configs/reviewer1_remaining/sensor_factorial_development/matched_conditions.yaml,no_noise_no_delay_no_dropout,SensorizedPyBulletUAVWaypoint-v0,SensorizedPyBulletUAVWaypoint-v0,native_gymnasium_observation,selected_approximate_support,15003,eval,40,40,-0.9693621389381587,40,1,-0.9693621389381587,20,0.0,40,3,0.010987087152898312,0.013203112408518791,0,1,2,1.4676791000238154,0.6348937000439037,0.8327853999799117,0.6348937000439037,0.8327853999799117,a6856e5cafc085e89cbbb2e0fc8a8770c40029c1,1.8.0,dd539897a18ce6d787567c0969bf760cf4c6c2d331693676b7eab3ef6b71fe9b,True,3.12.13,2.12.0+cpu,2.4.6,1.2.3,3.1.0,2.1.0,3.2.7,0.743235966982167,0.0,1.0,1.0,30.0,1.0,0.0,1.0,0.0,0.0,1.0,0.7092970514321558,0.2907029485678442,0.0,nan,nan,0.7092970514321558,nan,0.0,1.0,nan,0.0,nan,nan,approximate-only,1904.8849999999998,1697.2,memory,30.0,810.0,6120.0,0.002325744366167583,3,0.9460443258285522,0.002331166062504053,nan,gaussian_affinity,raw_state,brute_force,0.0003476,2640,,,0.0,0.0,1.0,0.0,0,7,0,nan,nan,nan,0.49999999749999996,neural,unavailable,unavailable,nan,nan,0.0,unavailable,nan
reviewer1_sensor_factorial_development,reviewer1_sensor_factorial_development,configs/reviewer1_remaining/sensor_factorial_development/matched_conditions.yaml,no_noise_no_delay_no_dropout,SensorizedPyBulletUAVWaypoint-v0,SensorizedPyBulletUAVWaypoint-v0,native_gymnasium_observation,selected_approximate_support,15003,eval,40,40,-1.1741034875437617,40,2,-1.1741034875437617,20,0.0,40,3,0.010987087152898312,0.013203112408518791,0,1,2,1.4679606000136118,0.6351752000337001,0.8327853999799117,0.6351752000337001,0.8327853999799117,a6856e5cafc085e89cbbb2e0fc8a8770c40029c1,1.8.0,dd539897a18ce6d787567c0969bf760cf4c6c2d331693676b7eab3ef6b71fe9b,True,3.12.13,2.12.0+cpu,2.4.6,1.2.3,3.1.0,2.1.0,3.2.7,0.743235966982167,0.0,1.0,1.0,30.0,1.0,0.0,1.0,0.0,0.0,1.0,0.002682654444548911,0.9973173455554513,0.0,nan,nan,0.002682654444548911,nan,0.0,1.0,nan,0.0,nan,nan,approximate-only,1757.5649999999998,1750.8,neural,30.0,810.0,6120.0,0.002325744366167583,3,0.9460443258285522,0.002331166062504053,nan,gaussian_affinity,raw_state,brute_force,0.0003476,2640,,,0.0,0.0,1.0,0.0,0,0,0,nan,nan,nan,0.49999999749999996,neural,unavailable,unavailable,nan,nan,0.0,unavailable,nan
reviewer1_sensor_factorial_development,reviewer1_sensor_factorial_development,configs/reviewer1_remaining/sensor_factorial_development/matched_conditions.yaml,no_noise_no_delay_no_dropout,SensorizedPyBulletUAVWaypoint-v0,SensorizedPyBulletUAVWaypoint-v0,native_gymnasium_observation,selected_approximate_support,15003,train,40,,,40,2,-0.9592765106074512,20,0.0,40,3,0.010987087152898312,0.013203112408518791,0,1,2,1.4741279000008944,0.6413425000209827,0.8327853999799117,0.6413425000209827,0.8327853999799117,a6856e5cafc085e89cbbb2e0fc8a8770c40029c1,1.8.0,dd539897a18ce6d787567c0969bf760cf4c6c2d331693676b7eab3ef6b71fe9b,True,3.12.13,2.12.0+cpu,2.4.6,1.2.3,3.1.0,2.1.0,3.2.7,0.743235966982167,0.0,1.0,1.0,30.0,1.0,0.0,1.0,0.05,-0.0025000000000000005,0.95,0.7437791447380745,0.2562208552619255,0.0,nan,nan,0.7437791447380745,nan,0.05,1.0,nan,0.0,nan,nan,approximate-only,896.275,78.55,memory,30.0,810.0,6120.0,0.002325744366167583,3,0.9460443258285522,0.002331166062504053,nan,gaussian_affinity,raw_state,brute_force,0.0003476,2640,,,0.0,0.0,1.0,0.0,,,,,,,,,,,,,,,
reviewer1_sensor_factorial_development,reviewer1_sensor_factorial_development,configs/reviewer1_remaining/sensor_factorial_development/matched_conditions.yaml,no_noise_no_delay_no_dropout,SensorizedPyBulletUAVWaypoint-v0,SensorizedPyBulletUAVWaypoint-v0,native_gymnasium_observation,selected_approximate_support,15003,train,60,,,60,3,-1.0655764806782828,20,0.0,60,8,0.008333947975188494,0.013203112408518791,0,1,2,1.7483747000223957,0.915589300042484,0.8327853999799117,0.915589300042484,0.8327853999799117,a6856e5cafc085e89cbbb2e0fc8a8770c40029c1,1.8.0,dd539897a18ce6d787567c0969bf760cf4c6c2d331693676b7eab3ef6b71fe9b,True,3.12.13,2.12.0+cpu,2.4.6,1.2.3,3.1.0,2.1.0,3.2.7,0.6930025593324379,0.0,1.0,1.0,47.0,1.0,0.0,1.0,0.0,0.0,0.85,0.6351867047627311,0.3648132952372688,0.0,nan,nan,0.6351867047627311,nan,0.15,1.0,nan,0.0,nan,nan,approximate-only,964.8100000000001,1265.0,memory,47.0,1269.0,9588.0,0.7449751773157451,3,0.05000000074505806,2.921186923980713,nan,gaussian_affinity,raw_state,brute_force,0.00062,4136,,,0.0,0.0,1.0,0.0,,,,,,,,,,,,,,,
reviewer1_sensor_factorial_development,reviewer1_sensor_factorial_development,configs/reviewer1_remaining/sensor_factorial_development/matched_conditions.yaml,no_noise_no_delay_no_dropout,SensorizedPyBulletUAVWaypoint-v0,SensorizedPyBulletUAVWaypoint-v0,native_gymnasium_observation,selected_approximate_support,15003,eval,80,80,-1.2026792104542254,80,1,-1.2026792104542254,20,0.0,80,13,0.007764585172900787,0.013203112408518791,0,2,2,2.7703585000126623,1.2284196000255179,1.5419388999871444,1.2284196000255179,1.5419388999871444,a6856e5cafc085e89cbbb2e0fc8a8770c40029c1,1.8.0,dd539897a18ce6d787567c0969bf760cf4c6c2d331693676b7eab3ef6b71fe9b,True,3.12.13,2.12.0+cpu,2.4.6,1.2.3,3.1.0,2.1.0,3.2.7,0.6961260024148348,0.0,1.0,1.0,61.0,1.0,0.0,1.0,0.0,0.0,1.0,0.6496051132355269,0.35039488676447317,0.0,nan,nan,0.6496051132355269,nan,0.0,1.0,nan,0.0,nan,nan,approximate-only,1840.2100000000003,1851.8,memory,61.0,1647.0,12444.0,0.660635151256629,3,0.21794496476650238,1.9466811418533325,nan,gaussian_affinity,raw_state,brute_force,0.0003874,5368,,,0.0,0.0,1.0,0.0,1,0,0,nan,nan,nan,0.49999999749999996,neural,unavailable,unavailable,nan,nan,0.0,unavailable,nan
reviewer1_sensor_factorial_development,reviewer1_sensor_factorial_development,configs/reviewer1_remaining/sensor_factorial_development/matched_conditions.yaml,no_noise_no_delay_no_dropout,SensorizedPyBulletUAVWaypoint-v0,SensorizedPyBulletUAVWaypoint-v0,native_gymnasium_observation,selected_approximate_support,15003,eval,80,80,-1.112504853308201,80,2,-1.112504853308201,20,0.0,80,13,0.007764585172900787,0.013203112408518791,0,2,2,2.7706437000015285,1.228704800014384,1.5419388999871444,1.228704800014384,1.5419388999871444,a6856e5cafc085e89cbbb2e0fc8a8770c40029c1,1.8.0,dd539897a18ce6d787567c0969bf760cf4c6c2d331693676b7eab3ef6b71fe9b,True,3.12.13,2.12.0+cpu,2.4.6,1.2.3,3.1.0,2.1.0,3.2.7,0.6961260024148348,0.0,1.0,1.0,61.0,1.0,0.0,1.0,0.0,0.0,1.0,0.7046169538862672,0.29538304611373284,0.0,nan,nan,0.7046169538862672,nan,0.0,1.0,nan,0.0,nan,nan,approximate-only,1944.0099999999998,1905.1,memory,61.0,1647.0,12444.0,0.660635151256629,3,0.21794496476650238,1.9466811418533325,nan,gaussian_affinity,raw_state,brute_force,0.0003874,5368,,,0.0,0.0,1.0,0.0,1,0,0,nan,nan,nan,0.49999999749999996,neural,unavailable,unavailable,nan,nan,0.0,unavailable,nan
reviewer1_sensor_factorial_development,reviewer1_sensor_factorial_development,configs/reviewer1_remaining/sensor_factorial_development/matched_conditions.yaml,no_noise_no_delay_no_dropout,SensorizedPyBulletUAVWaypoint-v0,SensorizedPyBulletUAVWaypoint-v0,native_gymnasium_observation,selected_approximate_support,15003,train,80,,,80,4,-0.3332687900029123,20,0.0,80,13,0.007764585172900787,0.013203112408518791,0,2,2,2.7736513999989256,1.2317125000117812,1.5419388999871444,1.2317125000117812,1.5419388999871444,a6856e5cafc085e89cbbb2e0fc8a8770c40029c1,1.8.0,dd539897a18ce6d787567c0969bf760cf4c6c2d331693676b7eab3ef6b71fe9b,True,3.12.13,2.12.0+cpu,2.4.6,1.2.3,3.1.0,2.1.0,3.2.7,0.6961260024148348,0.0,1.0,1.0,61.0,1.0,0.0,0.15,0.0,0.0,0.75,0.6740180740473433,0.32598192595265674,0.0,nan,nan,0.6740180740473433,nan,0.25,1.0,nan,0.0,nan,nan,approximate-only,1567.2200000000003,1810.9499999999998,memory,61.0,1647.0,12444.0,0.660635151256629,3,0.21794496476650238,1.9466811418533325,nan,gaussian_affinity,raw_state,brute_force,0.0003874,5368,,,0.0,0.0,1.0,0.0,,,,,,,,,,,,,,,
reviewer1_sensor_factorial_development,reviewer1_sensor_factorial_development,configs/reviewer1_remaining/sensor_factorial_development/matched_conditions.yaml,no_noise_no_delay_no_dropout,SensorizedPyBulletUAVWaypoint-v0,SensorizedPyBulletUAVWaypoint-v0,native_gymnasium_observation,sensorized_controller,15002,train,20,,,20,1,-1.0107978251762688,20,0.0,20,0,nan,nan,0,0,2,0.3338627000048291,0.3338627000048291,0.0,0.3338627000048291,0.0,a6856e5cafc085e89cbbb2e0fc8a8770c40029c1,1.8.0,dd539897a18ce6d787567c0969bf760cf4c6c2d331693676b7eab3ef6b71fe9b,True,3.12.13,2.12.0+cpu,2.4.6,1.2.3,3.1.0,2.1.0,3.2.7,,,,,,1.0,0.0,1.0,0.0,0.0,1.0,0.0,0.0,0.0,nan,nan,0.0,nan,0.0,0.0,nan,0.0,nan,nan,unsupported,36.245,35.15,none,0.0,0.0,0.0,,,,,,,,,,,,,0.0,0.0,1.0,0.0,,,,,,,,,,,,,,,
reviewer1_sensor_factorial_development,reviewer1_sensor_factorial_development,configs/reviewer1_remaining/sensor_factorial_development/matched_conditions.yaml,no_noise_no_delay_no_dropout,SensorizedPyBulletUAVWaypoint-v0,SensorizedPyBulletUAVWaypoint-v0,native_gymnasium_observation,sensorized_controller,15002,eval,40,40,-0.9450645372457802,40,1,-0.9450645372457802,20,0.0,40,0,nan,nan,0,1,2,1.2921528000151739,0.5273348000191618,0.7648179999960121,0.5273348000191618,0.7648179999960121,a6856e5cafc085e89cbbb2e0fc8a8770c40029c1,1.8.0,dd539897a18ce6d787567c0969bf760cf4c6c2d331693676b7eab3ef6b71fe9b,True,3.12.13,2.12.0+cpu,2.4.6,1.2.3,3.1.0,2.1.0,3.2.7,,,,,,1.0,0.0,1.0,0.2,-0.010000000000000002,1.0,0.0,0.0,0.0,nan,nan,0.0,nan,0.0,0.0,nan,0.0,nan,nan,unsupported,597.265,378.0,mixed,0.0,0.0,0.0,,,,,,,,,,,,,0.0,0.0,1.0,0.0,nan,nan,2,nan,nan,nan,nan,unavailable,unavailable,unavailable,nan,nan,0.0,unavailable,nan
reviewer1_sensor_factorial_development,reviewer1_sensor_factorial_development,configs/reviewer1_remaining/sensor_factorial_development/matched_conditions.yaml,no_noise_no_delay_no_dropout,SensorizedPyBulletUAVWaypoint-v0,SensorizedPyBulletUAVWaypoint-v0,native_gymnasium_observation,sensorized_controller,15002,eval,40,40,-0.9354685431346297,40,2,-0.9354685431346297,20,0.0,40,0,nan,nan,0,1,2,1.2924102999968454,0.5275923000008333,0.7648179999960121,0.5275923000008333,0.7648179999960121,a6856e5cafc085e89cbbb2e0fc8a8770c40029c1,1.8.0,dd539897a18ce6d787567c0969bf760cf4c6c2d331693676b7eab3ef6b71fe9b,True,3.12.13,2.12.0+cpu,2.4.6,1.2.3,3.1.0,2.1.0,3.2.7,,,,,,1.0,0.0,1.0,0.2,-0.010000000000000002,1.0,0.0,0.0,0.0,nan,nan,0.0,nan,0.0,0.0,nan,0.0,nan,nan,unsupported,469.51999999999987,423.9,mixed,0.0,0.0,0.0,,,,,,,,,,,,,0.0,0.0,1.0,0.0,nan,nan,2,nan,nan,nan,nan,unavailable,unavailable,unavailable,nan,nan,0.0,unavailable,nan
reviewer1_sensor_factorial_development,reviewer1_sensor_factorial_development,configs/reviewer1_remaining/sensor_factorial_development/matched_conditions.yaml,no_noise_no_delay_no_dropout,SensorizedPyBulletUAVWaypoint-v0,SensorizedPyBulletUAVWaypoint-v0,native_gymnasium_observation,sensorized_controller,15002,train,40,,,40,2,-1.026708941599354,20,0.0,40,0,nan,nan,0,1,2,1.3139097999955993,0.5490917999995872,0.7648179999960121,0.5490917999995872,0.7648179999960121,a6856e5cafc085e89cbbb2e0fc8a8770c40029c1,1.8.0,dd539897a18ce6d787567c0969bf760cf4c6c2d331693676b7eab3ef6b71fe9b,True,3.12.13,2.12.0+cpu,2.4.6,1.2.3,3.1.0,2.1.0,3.2.7,,,,,,1.0,0.0,1.0,0.05,-0.0025000000000000005,1.0,0.0,0.0,0.0,nan,nan,0.0,nan,0.0,0.0,nan,0.0,nan,nan,unsupported,34.56,29.4,none,0.0,0.0,0.0,,,,,,,,,,,,,0.0,0.0,1.0,0.0,,,,,,,,,,,,,,,
reviewer1_sensor_factorial_development,reviewer1_sensor_factorial_development,configs/reviewer1_remaining/sensor_factorial_development/matched_conditions.yaml,no_noise_no_delay_no_dropout,SensorizedPyBulletUAVWaypoint-v0,SensorizedPyBulletUAVWaypoint-v0,native_gymnasium_observation,sensorized_controller,15002,train,60,,,60,3,-0.21006370425224308,20,0.0,60,0,nan,nan,0,1,2,1.5574388999957591,0.792620899999747,0.7648179999960121,0.792620899999747,0.7648179999960121,a6856e5cafc085e89cbbb2e0fc8a8770c40029c1,1.8.0,dd539897a18ce6d787567c0969bf760cf4c6c2d331693676b7eab3ef6b71fe9b,True,3.12.13,2.12.0+cpu,2.4.6,1.2.3,3.1.0,2.1.0,3.2.7,,,,,,1.0,0.0,0.0,0.05,-0.0025000000000000005,1.0,0.0,0.0,0.0,nan,nan,0.0,nan,0.0,0.0,nan,0.0,nan,nan,unsupported,38.855000000000004,35.45,none,0.0,0.0,0.0,,,,,,,,,,,,,0.0,0.0,1.0,0.0,,,,,,,,,,,,,,,
reviewer1_sensor_factorial_development,reviewer1_sensor_factorial_development,configs/reviewer1_remaining/sensor_factorial_development/matched_conditions.yaml,no_noise_no_delay_no_dropout,SensorizedPyBulletUAVWaypoint-v0,SensorizedPyBulletUAVWaypoint-v0,native_gymnasium_observation,sensorized_controller,15002,eval,80,80,-0.38970167749561374,80,1,-0.38970167749561374,20,0.0,80,0,nan,nan,0,2,2,2.3999177000077907,0.9623683000099845,1.4375493999978062,0.9623683000099845,1.4375493999978062,a6856e5cafc085e89cbbb2e0fc8a8770c40029c1,1.8.0,dd539897a18ce6d787567c0969bf760cf4c6c2d331693676b7eab3ef6b71fe9b,True,3.12.13,2.12.0+cpu,2.4.6,1.2.3,3.1.0,2.1.0,3.2.7,,,,,,1.0,0.0,0.3,0.2,-0.010000000000000002,1.0,0.0,0.0,0.0,nan,nan,0.0,nan,0.0,0.0,nan,0.0,nan,nan,unsupported,464.395,447.35,mixed,0.0,0.0,0.0,,,,,,,,,,,,,0.0,0.0,1.0,0.0,nan,nan,20,nan,nan,nan,nan,unavailable,unavailable,unavailable,nan,nan,0.0,unavailable,nan
reviewer1_sensor_factorial_development,reviewer1_sensor_factorial_development,configs/reviewer1_remaining/sensor_factorial_development/matched_conditions.yaml,no_noise_no_delay_no_dropout,SensorizedPyBulletUAVWaypoint-v0,SensorizedPyBulletUAVWaypoint-v0,native_gymnasium_observation,sensorized_controller,15002,eval,80,80,-0.1331389058753848,80,2,-0.1331389058753848,20,0.0,80,0,nan,nan,0,2,2,2.400114600022789,0.9625652000249829,1.4375493999978062,0.9625652000249829,1.4375493999978062,a6856e5cafc085e89cbbb2e0fc8a8770c40029c1,1.8.0,dd539897a18ce6d787567c0969bf760cf4c6c2d331693676b7eab3ef6b71fe9b,True,3.12.13,2.12.0+cpu,2.4.6,1.2.3,3.1.0,2.1.0,3.2.7,,,,,,1.0,0.0,0.0,0.25,-0.012500000000000002,1.0,0.0,0.0,0.0,nan,nan,0.0,nan,0.0,0.0,nan,0.0,nan,nan,unsupported,495.98999999999995,407.15,mixed,0.0,0.0,0.0,,,,,,,,,,,,,0.0,0.0,1.0,0.0,nan,nan,8,nan,nan,nan,nan,unavailable,unavailable,unavailable,nan,nan,0.0,unavailable,nan
reviewer1_sensor_factorial_development,reviewer1_sensor_factorial_development,configs/reviewer1_remaining/sensor_factorial_development/matched_conditions.yaml,no_noise_no_delay_no_dropout,SensorizedPyBulletUAVWaypoint-v0,SensorizedPyBulletUAVWaypoint-v0,native_gymnasium_observation,sensorized_controller,15002,train,80,,,80,4,-0.23221940512303266,20,0.0,80,0,nan,nan,0,2,2,2.4019319000071846,0.9643825000093784,1.4375493999978062,0.9643825000093784,1.4375493999978062,a6856e5cafc085e89cbbb2e0fc8a8770c40029c1,1.8.0,dd539897a18ce6d787567c0969bf760cf4c6c2d331693676b7eab3ef6b71fe9b,True,3.12.13,2.12.0+cpu,2.4.6,1.2.3,3.1.0,2.1.0,3.2.7,,,,,,1.0,0.0,0.0,0.0,0.0,1.0,0.0,0.0,0.0,nan,nan,0.0,nan,0.0,0.0,nan,0.0,nan,nan,unsupported,33.71,31.549999999999997,none,0.0,0.0,0.0,,,,,,,,,,,,,0.0,0.0,1.0,0.0,,,,,,,,,,,,,,,
reviewer1_sensor_factorial_development,reviewer1_sensor_factorial_development,configs/reviewer1_remaining/sensor_factorial_development/matched_conditions.yaml,no_noise_no_delay_no_dropout,SensorizedPyBulletUAVWaypoint-v0,SensorizedPyBulletUAVWaypoint-v0,native_gymnasium_observation,sensorized_controller,15003,train,20,,,20,1,-0.9694168138597161,20,0.0,20,0,nan,nan,0,0,2,0.3093386999971699,0.3093386999971699,0.0,0.3093386999971699,0.0,a6856e5cafc085e89cbbb2e0fc8a8770c40029c1,1.8.0,dd539897a18ce6d787567c0969bf760cf4c6c2d331693676b7eab3ef6b71fe9b,True,3.12.13,2.12.0+cpu,2.4.6,1.2.3,3.1.0,2.1.0,3.2.7,,,,,,1.0,0.0,1.0,0.0,0.0,1.0,0.0,0.0,0.0,nan,nan,0.0,nan,0.0,0.0,nan,0.0,nan,nan,unsupported,42.01,35.5,none,0.0,0.0,0.0,,,,,,,,,,,,,0.0,0.0,1.0,0.0,,,,,,,,,,,,,,,
reviewer1_sensor_factorial_development,reviewer1_sensor_factorial_development,configs/reviewer1_remaining/sensor_factorial_development/matched_conditions.yaml,no_noise_no_delay_no_dropout,SensorizedPyBulletUAVWaypoint-v0,SensorizedPyBulletUAVWaypoint-v0,native_gymnasium_observation,sensorized_controller,15003,eval,40,40,-0.941017999947071,40,1,-0.941017999947071,20,0.0,40,0,nan,nan,0,1,2,1.3133965999877546,0.4993615999992471,0.8140349999885075,0.4993615999992471,0.8140349999885075,a6856e5cafc085e89cbbb2e0fc8a8770c40029c1,1.8.0,dd539897a18ce6d787567c0969bf760cf4c6c2d331693676b7eab3ef6b71fe9b,True,3.12.13,2.12.0+cpu,2.4.6,1.2.3,3.1.0,2.1.0,3.2.7,,,,,,1.0,0.0,1.0,0.35,-0.0175,1.0,0.0,0.0,0.0,nan,nan,0.0,nan,0.0,0.0,nan,0.0,nan,nan,unsupported,472.16499999999996,445.65,mixed,0.0,0.0,0.0,,,,,,,,,,,,,0.0,0.0,1.0,0.0,nan,nan,8,nan,nan,nan,nan,unavailable,unavailable,unavailable,nan,nan,0.0,unavailable,nan
reviewer1_sensor_factorial_development,reviewer1_sensor_factorial_development,configs/reviewer1_remaining/sensor_factorial_development/matched_conditions.yaml,no_noise_no_delay_no_dropout,SensorizedPyBulletUAVWaypoint-v0,SensorizedPyBulletUAVWaypoint-v0,native_gymnasium_observation,sensorized_controller,15003,eval,40,40,-0.9350160943996162,40,2,-0.9350160943996162,20,0.0,40,0,nan,nan,0,1,2,1.3136554000084288,0.49962040001992136,0.8140349999885075,0.49962040001992136,0.8140349999885075,a6856e5cafc085e89cbbb2e0fc8a8770c40029c1,1.8.0,dd539897a18ce6d787567c0969bf760cf4c6c2d331693676b7eab3ef6b71fe9b,True,3.12.13,2.12.0+cpu,2.4.6,1.2.3,3.1.0,2.1.0,3.2.7,,,,,,1.0,0.0,1.0,0.25,-0.012500000000000002,1.0,0.0,0.0,0.0,nan,nan,0.0,nan,0.0,0.0,nan,0.0,nan,nan,unsupported,528.7750000000001,400.65,mixed,0.0,0.0,0.0,,,,,,,,,,,,,0.0,0.0,1.0,0.0,nan,nan,26,nan,nan,nan,nan,unavailable,unavailable,unavailable,nan,nan,0.0,unavailable,nan
reviewer1_sensor_factorial_development,reviewer1_sensor_factorial_development,configs/reviewer1_remaining/sensor_factorial_development/matched_conditions.yaml,no_noise_no_delay_no_dropout,SensorizedPyBulletUAVWaypoint-v0,SensorizedPyBulletUAVWaypoint-v0,native_gymnasium_observation,sensorized_controller,15003,train,40,,,40,2,-0.992950388630852,20,0.0,40,0,nan,nan,0,1,2,1.3197899000078905,0.5057549000193831,0.8140349999885075,0.5057549000193831,0.8140349999885075,a6856e5cafc085e89cbbb2e0fc8a8770c40029c1,1.8.0,dd539897a18ce6d787567c0969bf760cf4c6c2d331693676b7eab3ef6b71fe9b,True,3.12.13,2.12.0+cpu,2.4.6,1.2.3,3.1.0,2.1.0,3.2.7,,,,,,1.0,0.0,1.0,0.0,0.0,1.0,0.0,0.0,0.0,nan,nan,0.0,nan,0.0,0.0,nan,0.0,nan,nan,unsupported,30.730000000000008,29.5,none,0.0,0.0,0.0,,,,,,,,,,,,,0.0,0.0,1.0,0.0,,,,,,,,,,,,,,,
reviewer1_sensor_factorial_development,reviewer1_sensor_factorial_development,configs/reviewer1_remaining/sensor_factorial_development/matched_conditions.yaml,no_noise_no_delay_no_dropout,SensorizedPyBulletUAVWaypoint-v0,SensorizedPyBulletUAVWaypoint-v0,native_gymnasium_observation,sensorized_controller,15003,train,60,,,60,3,-1.0559553976822644,20,0.0,60,0,nan,nan,0,1,2,1.5965197999903467,0.7824848000018392,0.8140349999885075,0.7824848000018392,0.8140349999885075,a6856e5cafc085e89cbbb2e0fc8a8770c40029c1,1.8.0,dd539897a18ce6d787567c0969bf760cf4c6c2d331693676b7eab3ef6b71fe9b,True,3.12.13,2.12.0+cpu,2.4.6,1.2.3,3.1.0,2.1.0,3.2.7,,,,,,1.0,0.0,1.0,0.15,-0.0075000000000000015,1.0,0.0,0.0,0.0,nan,nan,0.0,nan,0.0,0.0,nan,0.0,nan,nan,unsupported,36.535,35.55,none,0.0,0.0,0.0,,,,,,,,,,,,,0.0,0.0,1.0,0.0,,,,,,,,,,,,,,,
reviewer1_sensor_factorial_development,reviewer1_sensor_factorial_development,configs/reviewer1_remaining/sensor_factorial_development/matched_conditions.yaml,no_noise_no_delay_no_dropout,SensorizedPyBulletUAVWaypoint-v0,SensorizedPyBulletUAVWaypoint-v0,native_gymnasium_observation,sensorized_controller,15003,eval,80,80,-0.9414527327939868,80,1,-0.9414527327939868,20,0.0,80,0,nan,nan,0,2,2,2.486438099993393,1.056061100010993,1.4303769999823999,1.056061100010993,1.4303769999823999,a6856e5cafc085e89cbbb2e0fc8a8770c40029c1,1.8.0,dd539897a18ce6d787567c0969bf760cf4c6c2d331693676b7eab3ef6b71fe9b,True,3.12.13,2.12.0+cpu,2.4.6,1.2.3,3.1.0,2.1.0,3.2.7,,,,,,1.0,0.0,1.0,0.3,-0.015000000000000003,1.0,0.0,0.0,0.0,nan,nan,0.0,nan,0.0,0.0,nan,0.0,nan,nan,unsupported,459.18500000000006,421.25,mixed,0.0,0.0,0.0,,,,,,,,,,,,,0.0,0.0,1.0,0.0,nan,nan,26,nan,nan,nan,nan,unavailable,unavailable,unavailable,nan,nan,0.0,unavailable,nan
reviewer1_sensor_factorial_development,reviewer1_sensor_factorial_development,configs/reviewer1_remaining/sensor_factorial_development/matched_conditions.yaml,no_noise_no_delay_no_dropout,SensorizedPyBulletUAVWaypoint-v0,SensorizedPyBulletUAVWaypoint-v0,native_gymnasium_observation,sensorized_controller,15003,eval,80,80,-0.9665102467220276,80,2,-0.9665102467220276,20,0.0,80,0,nan,nan,0,2,2,2.4866882000060286,1.0563112000236288,1.4303769999823999,1.0563112000236288,1.4303769999823999,a6856e5cafc085e89cbbb2e0fc8a8770c40029c1,1.8.0,dd539897a18ce6d787567c0969bf760cf4c6c2d331693676b7eab3ef6b71fe9b,True,3.12.13,2.12.0+cpu,2.4.6,1.2.3,3.1.0,2.1.0,3.2.7,,,,,,1.0,0.0,1.0,0.2,-0.010000000000000002,1.0,0.0,0.0,0.0,nan,nan,0.0,nan,0.0,0.0,nan,0.0,nan,nan,unsupported,431.75999999999993,427.7,mixed,0.0,0.0,0.0,,,,,,,,,,,,,0.0,0.0,1.0,0.0,nan,nan,20,nan,nan,nan,nan,unavailable,unavailable,unavailable,nan,nan,0.0,unavailable,nan
reviewer1_sensor_factorial_development,reviewer1_sensor_factorial_development,configs/reviewer1_remaining/sensor_factorial_development/matched_conditions.yaml,no_noise_no_delay_no_dropout,SensorizedPyBulletUAVWaypoint-v0,SensorizedPyBulletUAVWaypoint-v0,native_gymnasium_observation,sensorized_controller,15003,train,80,,,80,4,-0.21001707190182062,20,0.0,80,0,nan,nan,0,2,2,2.4884149999998044,1.0580380000174046,1.4303769999823999,1.0580380000174046,1.4303769999823999,a6856e5cafc085e89cbbb2e0fc8a8770c40029c1,1.8.0,dd539897a18ce6d787567c0969bf760cf4c6c2d331693676b7eab3ef6b71fe9b,True,3.12.13,2.12.0+cpu,2.4.6,1.2.3,3.1.0,2.1.0,3.2.7,,,,,,1.0,0.0,0.0,0.05,-0.0025000000000000005,1.0,0.0,0.0,0.0,nan,nan,0.0,nan,0.0,0.0,nan,0.0,nan,nan,unsupported,36.19500000000001,35.55,none,0.0,0.0,0.0,,,,,,,,,,,,,0.0,0.0,1.0,0.0,,,,,,,,,,,,,,,
reviewer1_sensor_factorial_development,reviewer1_sensor_factorial_development,configs/reviewer1_remaining/sensor_factorial_development/matched_conditions.yaml,noise_only,SensorizedPyBulletUAVWaypoint-v0,SensorizedPyBulletUAVWaypoint-v0,native_gymnasium_observation,dqn,15002,train,20,,,20,1,-0.9782511259615422,20,0.0,20,0,nan,nan,0,0,2,0.200987799995346,0.200987799995346,0.0,0.200987799995346,0.0,a6856e5cafc085e89cbbb2e0fc8a8770c40029c1,1.8.0,dd539897a18ce6d787567c0969bf760cf4c6c2d331693676b7eab3ef6b71fe9b,True,3.12.13,2.12.0+cpu,2.4.6,1.2.3,3.1.0,2.1.0,3.2.7,,,,,,1.0,0.0,1.0,0.0,0.0,1.0,0.0,0.5,0.0,nan,nan,0.0,nan,0.0,0.0,nan,0.5,nan,nan,unsupported,110.62,33.95,neural,0.0,0.0,0.0,,,,,,,,,,,,,0.02965485444292426,0.0,1.0,0.0,,,,,,,,,,,,,,,
reviewer1_sensor_factorial_development,reviewer1_sensor_factorial_development,configs/reviewer1_remaining/sensor_factorial_development/matched_conditions.yaml,noise_only,SensorizedPyBulletUAVWaypoint-v0,SensorizedPyBulletUAVWaypoint-v0,native_gymnasium_observation,dqn,15002,eval,40,40,-1.0977691059187056,40,1,-1.0977691059187056,20,0.0,40,3,0.0057426489268740015,0.006909395568072796,0,1,2,0.9721541999897454,0.4140101999801118,0.5581440000096336,0.4140101999801118,0.5581440000096336,a6856e5cafc085e89cbbb2e0fc8a8770c40029c1,1.8.0,dd539897a18ce6d787567c0969bf760cf4c6c2d331693676b7eab3ef6b71fe9b,True,3.12.13,2.12.0+cpu,2.4.6,1.2.3,3.1.0,2.1.0,3.2.7,,,,,,1.0,0.0,1.0,0.0,0.0,1.0,0.0,1.0,0.0,nan,nan,0.0,nan,0.0,0.0,nan,1.0,nan,nan,unsupported,1066.645,1068.75,neural,0.0,0.0,0.0,,,,,,,,,,,,,0.03721562931314111,0.0,1.0,0.0,nan,nan,6,nan,nan,nan,nan,unavailable,unavailable,unavailable,nan,nan,0.0,unavailable,nan
reviewer1_sensor_factorial_development,reviewer1_sensor_factorial_development,configs/reviewer1_remaining/sensor_factorial_development/matched_conditions.yaml,noise_only,SensorizedPyBulletUAVWaypoint-v0,SensorizedPyBulletUAVWaypoint-v0,native_gymnasium_observation,dqn,15002,eval,40,40,-1.0743692847900093,40,2,-1.0743692847900093,20,0.0,40,3,0.0057426489268740015,0.006909395568072796,0,1,2,0.9724265999975614,0.4142825999879278,0.5581440000096336,0.4142825999879278,0.5581440000096336,a6856e5cafc085e89cbbb2e0fc8a8770c40029c1,1.8.0,dd539897a18ce6d787567c0969bf760cf4c6c2d331693676b7eab3ef6b71fe9b,True,3.12.13,2.12.0+cpu,2.4.6,1.2.3,3.1.0,2.1.0,3.2.7,,,,,,1.0,0.0,1.0,0.0,0.0,1.0,0.0,1.0,0.0,nan,nan,0.0,nan,0.0,0.0,nan,1.0,nan,nan,unsupported,1113.4699999999998,1056.85,neural,0.0,0.0,0.0,,,,,,,,,,,,,0.03328441369812936,0.0,1.0,0.0,nan,nan,6,nan,nan,nan,nan,unavailable,unavailable,unavailable,nan,nan,0.0,unavailable,nan
reviewer1_sensor_factorial_development,reviewer1_sensor_factorial_development,configs/reviewer1_remaining/sensor_factorial_development/matched_conditions.yaml,noise_only,SensorizedPyBulletUAVWaypoint-v0,SensorizedPyBulletUAVWaypoint-v0,native_gymnasium_observation,dqn,15002,train,40,,,40,2,-1.0506238009454683,20,0.0,40,3,0.0057426489268740015,0.006909395568072796,0,1,2,0.980316099972697,0.4221720999630634,0.5581440000096336,0.4221720999630634,0.5581440000096336,a6856e5cafc085e89cbbb2e0fc8a8770c40029c1,1.8.0,dd539897a18ce6d787567c0969bf760cf4c6c2d331693676b7eab3ef6b71fe9b,True,3.12.13,2.12.0+cpu,2.4.6,1.2.3,3.1.0,2.1.0,3.2.7,,,,,,1.0,0.0,1.0,0.0,0.0,1.0,0.0,1.0,0.0,nan,nan,0.0,nan,0.0,0.0,nan,1.0,nan,nan,unsupported,755.1249999999999,1019.3,neural,0.0,0.0,0.0,,,,,,,,,,,,,0.028132743248715997,0.0,1.0,0.0,,,,,,,,,,,,,,,
reviewer1_sensor_factorial_development,reviewer1_sensor_factorial_development,configs/reviewer1_remaining/sensor_factorial_development/matched_conditions.yaml,noise_only,SensorizedPyBulletUAVWaypoint-v0,SensorizedPyBulletUAVWaypoint-v0,native_gymnasium_observation,dqn,15002,train,60,,,60,3,-0.19188901242800058,20,0.0,60,8,0.005576418770942837,0.007184314075857401,0,1,2,1.1670420999871567,0.6088980999775231,0.5581440000096336,0.6088980999775231,0.5581440000096336,a6856e5cafc085e89cbbb2e0fc8a8770c40029c1,1.8.0,dd539897a18ce6d787567c0969bf760cf4c6c2d331693676b7eab3ef6b71fe9b,True,3.12.13,2.12.0+cpu,2.4.6,1.2.3,3.1.0,2.1.0,3.2.7,,,,,,1.0,0.0,0.05,0.0,0.0,1.0,0.0,1.0,0.0,nan,nan,0.0,nan,0.0,0.0,nan,1.0,nan,nan,unsupported,731.29,835.5999999999999,neural,0.0,0.0,0.0,,,,,,,,,,,,,0.036874926183372736,0.0,1.0,0.0,,,,,,,,,,,,,,,
reviewer1_sensor_factorial_development,reviewer1_sensor_factorial_development,configs/reviewer1_remaining/sensor_factorial_development/matched_conditions.yaml,noise_only,SensorizedPyBulletUAVWaypoint-v0,SensorizedPyBulletUAVWaypoint-v0,native_gymnasium_observation,dqn,15002,eval,80,80,-0.2932433796557598,80,1,-0.2932433796557598,20,0.0,80,13,0.0046365870288215,0.007184314075857401,0,2,2,1.9079608999891207,0.803321599989431,1.1046392999996897,0.803321599989431,1.1046392999996897,a6856e5cafc085e89cbbb2e0fc8a8770c40029c1,1.8.0,dd539897a18ce6d787567c0969bf760cf4c6c2d331693676b7eab3ef6b71fe9b,True,3.12.13,2.12.0+cpu,2.4.6,1.2.3,3.1.0,2.1.0,3.2.7,,,,,,1.0,0.0,0.2,0.0,0.0,1.0,0.0,1.0,0.0,nan,nan,0.0,nan,0.0,0.0,nan,1.0,nan,nan,unsupported,1201.775,1233.85,neural,0.0,0.0,0.0,,,,,,,,,,,,,0.032946758437901735,0.0,1.0,0.0,nan,nan,23,nan,nan,nan,nan,unavailable,unavailable,unavailable,nan,nan,0.0,unavailable,nan
reviewer1_sensor_factorial_development,reviewer1_sensor_factorial_development,configs/reviewer1_remaining/sensor_factorial_development/matched_conditions.yaml,noise_only,SensorizedPyBulletUAVWaypoint-v0,SensorizedPyBulletUAVWaypoint-v0,native_gymnasium_observation,dqn,15002,eval,80,80,-0.11731283798813823,80,2,-0.11731283798813823,20,0.0,80,13,0.0046365870288215,0.007184314075857401,0,2,2,1.908179799997015,0.8035404999973252,1.1046392999996897,0.8035404999973252,1.1046392999996897,a6856e5cafc085e89cbbb2e0fc8a8770c40029c1,1.8.0,dd539897a18ce6d787567c0969bf760cf4c6c2d331693676b7eab3ef6b71fe9b,True,3.12.13,2.12.0+cpu,2.4.6,1.2.3,3.1.0,2.1.0,3.2.7,,,,,,1.0,0.0,0.0,0.0,0.0,1.0,0.0,1.0,0.0,nan,nan,0.0,nan,0.0,0.0,nan,1.0,nan,nan,unsupported,1022.22,889.65,neural,0.0,0.0,0.0,,,,,,,,,,,,,0.03122174539603293,0.0,1.0,0.0,nan,nan,7,nan,nan,nan,nan,unavailable,unavailable,unavailable,nan,nan,0.0,unavailable,nan
reviewer1_sensor_factorial_development,reviewer1_sensor_factorial_development,configs/reviewer1_remaining/sensor_factorial_development/matched_conditions.yaml,noise_only,SensorizedPyBulletUAVWaypoint-v0,SensorizedPyBulletUAVWaypoint-v0,native_gymnasium_observation,dqn,15002,train,80,,,80,4,-0.2008683621976525,20,0.0,80,13,0.0046365870288215,0.007184314075857401,0,2,2,1.91090119999717,0.8062618999974802,1.1046392999996897,0.8062618999974802,1.1046392999996897,a6856e5cafc085e89cbbb2e0fc8a8770c40029c1,1.8.0,dd539897a18ce6d787567c0969bf760cf4c6c2d331693676b7eab3ef6b71fe9b,True,3.12.13,2.12.0+cpu,2.4.6,1.2.3,3.1.0,2.1.0,3.2.7,,,,,,1.0,0.0,0.0,0.05,-0.0025000000000000005,1.0,0.0,1.0,0.0,nan,nan,0.0,nan,0.0,0.0,nan,1.0,nan,nan,unsupported,896.76,894.5,neural,0.0,0.0,0.0,,,,,,,,,,,,,0.02866992293857038,0.0,1.0,0.0,,,,,,,,,,,,,,,
reviewer1_sensor_factorial_development,reviewer1_sensor_factorial_development,configs/reviewer1_remaining/sensor_factorial_development/matched_conditions.yaml,noise_only,SensorizedPyBulletUAVWaypoint-v0,SensorizedPyBulletUAVWaypoint-v0,native_gymnasium_observation,dqn,15003,train,20,,,20,1,-0.921431416934356,20,0.0,20,0,nan,nan,0,0,2,0.19490400000358932,0.19490400000358932,0.0,0.19490400000358932,0.0,a6856e5cafc085e89cbbb2e0fc8a8770c40029c1,1.8.0,dd539897a18ce6d787567c0969bf760cf4c6c2d331693676b7eab3ef6b71fe9b,True,3.12.13,2.12.0+cpu,2.4.6,1.2.3,3.1.0,2.1.0,3.2.7,,,,,,1.0,0.0,0.95,0.0,0.0,1.0,0.0,0.25,0.0,nan,nan,0.0,nan,0.0,0.0,nan,0.25,nan,nan,unsupported,86.965,34.9,none,0.0,0.0,0.0,,,,,,,,,,,,,0.035039686458185317,0.0,1.0,0.0,,,,,,,,,,,,,,,
reviewer1_sensor_factorial_development,reviewer1_sensor_factorial_development,configs/reviewer1_remaining/sensor_factorial_development/matched_conditions.yaml,noise_only,SensorizedPyBulletUAVWaypoint-v0,SensorizedPyBulletUAVWaypoint-v0,native_gymnasium_observation,dqn,15003,eval,40,40,-0.9505452085100116,40,1,-0.9505452085100116,20,0.0,40,3,0.010576092017193636,0.0130623122677207,0,1,2,0.9424968000093941,0.416382600000361,0.5261142000090331,0.416382600000361,0.5261142000090331,a6856e5cafc085e89cbbb2e0fc8a8770c40029c1,1.8.0,dd539897a18ce6d787567c0969bf760cf4c6c2d331693676b7eab3ef6b71fe9b,True,3.12.13,2.12.0+cpu,2.4.6,1.2.3,3.1.0,2.1.0,3.2.7,,,,,,1.0,0.0,1.0,0.0,0.0,1.0,0.0,1.0,0.0,nan,nan,0.0,nan,0.0,0.0,nan,1.0,nan,nan,unsupported,1128.8850000000002,1074.4,neural,0.0,0.0,0.0,,,,,,,,,,,,,0.03300519259646535,0.0,1.0,0.0,nan,nan,7,nan,nan,nan,nan,unavailable,unavailable,unavailable,nan,nan,0.0,unavailable,nan
reviewer1_sensor_factorial_development,reviewer1_sensor_factorial_development,configs/reviewer1_remaining/sensor_factorial_development/matched_conditions.yaml,noise_only,SensorizedPyBulletUAVWaypoint-v0,SensorizedPyBulletUAVWaypoint-v0,native_gymnasium_observation,dqn,15003,eval,40,40,-1.201528521552682,40,2,-1.201528521552682,20,0.0,40,3,0.010576092017193636,0.0130623122677207,0,1,2,0.9426880000100937,0.4165738000010606,0.5261142000090331,0.4165738000010606,0.5261142000090331,a6856e5cafc085e89cbbb2e0fc8a8770c40029c1,1.8.0,dd539897a18ce6d787567c0969bf760cf4c6c2d331693676b7eab3ef6b71fe9b,True,3.12.13,2.12.0+cpu,2.4.6,1.2.3,3.1.0,2.1.0,3.2.7,,,,,,1.0,0.0,1.0,0.0,0.0,1.0,0.0,1.0,0.0,nan,nan,0.0,nan,0.0,0.0,nan,1.0,nan,nan,unsupported,1128.1599999999999,1093.9,neural,0.0,0.0,0.0,,,,,,,,,,,,,0.0337454944383353,0.0,1.0,0.0,nan,nan,0,nan,nan,nan,nan,unavailable,unavailable,unavailable,nan,nan,0.0,unavailable,nan
reviewer1_sensor_factorial_development,reviewer1_sensor_factorial_development,configs/reviewer1_remaining/sensor_factorial_development/matched_conditions.yaml,noise_only,SensorizedPyBulletUAVWaypoint-v0,SensorizedPyBulletUAVWaypoint-v0,native_gymnasium_observation,dqn,15003,train,40,,,40,2,-0.9601322599221022,20,0.0,40,3,0.010576092017193636,0.0130623122677207,0,1,2,0.9495183000108227,0.42340410000178963,0.5261142000090331,0.42340410000178963,0.5261142000090331,a6856e5cafc085e89cbbb2e0fc8a8770c40029c1,1.8.0,dd539897a18ce6d787567c0969bf760cf4c6c2d331693676b7eab3ef6b71fe9b,True,3.12.13,2.12.0+cpu,2.4.6,1.2.3,3.1.0,2.1.0,3.2.7,,,,,,1.0,0.0,1.0,0.05,-0.0025000000000000005,1.0,0.0,1.0,0.0,nan,nan,0.0,nan,0.0,0.0,nan,1.0,nan,nan,unsupported,390.7950000000001,54.75,neural,0.0,0.0,0.0,,,,,,,,,,,,,0.028624412463977934,0.0,1.0,0.0,,,,,,,,,,,,,,,
reviewer1_sensor_factorial_development,reviewer1_sensor_factorial_development,configs/reviewer1_remaining/sensor_factorial_development/matched_conditions.yaml,noise_only,SensorizedPyBulletUAVWaypoint-v0,SensorizedPyBulletUAVWaypoint-v0,native_gymnasium_observation,dqn,15003,train,60,,,60,3,-1.0288377857580782,20,0.0,60,8,0.008272814215160906,0.0130623122677207,0,1,2,1.1542875000159256,0.6281733000068925,0.5261142000090331,0.6281733000068925,0.5261142000090331,a6856e5cafc085e89cbbb2e0fc8a8770c40029c1,1.8.0,dd539897a18ce6d787567c0969bf760cf4c6c2d331693676b7eab3ef6b71fe9b,True,3.12.13,2.12.0+cpu,2.4.6,1.2.3,3.1.0,2.1.0,3.2.7,,,,,,1.0,0.0,1.0,0.0,0.0,1.0,0.0,1.0,0.0,nan,nan,0.0,nan,0.0,0.0,nan,1.0,nan,nan,unsupported,652.4549999999999,940.25,neural,0.0,0.0,0.0,,,,,,,,,,,,,0.031642594700679184,0.0,1.0,0.0,,,,,,,,,,,,,,,
reviewer1_sensor_factorial_development,reviewer1_sensor_factorial_development,configs/reviewer1_remaining/sensor_factorial_development/matched_conditions.yaml,noise_only,SensorizedPyBulletUAVWaypoint-v0,SensorizedPyBulletUAVWaypoint-v0,native_gymnasium_observation,dqn,15003,eval,80,80,-1.1936596130859105,80,1,-1.1936596130859105,20,0.0,80,13,0.007844237646517845,0.0130623122677207,0,2,2,1.913795400003437,0.8478862999763805,1.0659091000270564,0.8478862999763805,1.0659091000270564,a6856e5cafc085e89cbbb2e0fc8a8770c40029c1,1.8.0,dd539897a18ce6d787567c0969bf760cf4c6c2d331693676b7eab3ef6b71fe9b,True,3.12.13,2.12.0+cpu,2.4.6,1.2.3,3.1.0,2.1.0,3.2.7,,,,,,1.0,0.0,1.0,0.0,0.0,1.0,0.0,1.0,0.0,nan,nan,0.0,nan,0.0,0.0,nan,1.0,nan,nan,unsupported,921.2699999999999,852.5999999999999,neural,0.0,0.0,0.0,,,,,,,,,,,,,0.029566338751465082,0.0,1.0,0.0,nan,nan,0,nan,nan,nan,nan,unavailable,unavailable,unavailable,nan,nan,0.0,unavailable,nan
reviewer1_sensor_factorial_development,reviewer1_sensor_factorial_development,configs/reviewer1_remaining/sensor_factorial_development/matched_conditions.yaml,noise_only,SensorizedPyBulletUAVWaypoint-v0,SensorizedPyBulletUAVWaypoint-v0,native_gymnasium_observation,dqn,15003,eval,80,80,-1.1175308416225014,80,2,-1.1175308416225014,20,0.0,80,13,0.007844237646517845,0.0130623122677207,0,2,2,1.9139891999948304,0.848080099967774,1.0659091000270564,0.848080099967774,1.0659091000270564,a6856e5cafc085e89cbbb2e0fc8a8770c40029c1,1.8.0,dd539897a18ce6d787567c0969bf760cf4c6c2d331693676b7eab3ef6b71fe9b,True,3.12.13,2.12.0+cpu,2.4.6,1.2.3,3.1.0,2.1.0,3.2.7,,,,,,1.0,0.0,1.0,0.0,0.0,1.0,0.0,1.0,0.0,nan,nan,0.0,nan,0.0,0.0,nan,1.0,nan,nan,unsupported,1334.3750000000002,1298.55,neural,0.0,0.0,0.0,,,,,,,,,,,,,0.02991608576849103,0.0,1.0,0.0,nan,nan,0,nan,nan,nan,nan,unavailable,unavailable,unavailable,nan,nan,0.0,unavailable,nan
reviewer1_sensor_factorial_development,reviewer1_sensor_factorial_development,configs/reviewer1_remaining/sensor_factorial_development/matched_conditions.yaml,noise_only,SensorizedPyBulletUAVWaypoint-v0,SensorizedPyBulletUAVWaypoint-v0,native_gymnasium_observation,dqn,15003,train,80,,,80,4,-0.2668054256867617,20,0.0,80,13,0.007844237646517845,0.0130623122677207,0,2,2,1.9160106999916025,0.850101599964546,1.0659091000270564,0.850101599964546,1.0659091000270564,a6856e5cafc085e89cbbb2e0fc8a8770c40029c1,1.8.0,dd539897a18ce6d787567c0969bf760cf4c6c2d331693676b7eab3ef6b71fe9b,True,3.12.13,2.12.0+cpu,2.4.6,1.2.3,3.1.0,2.1.0,3.2.7,,,,,,1.0,0.0,0.0,0.0,0.0,1.0,0.0,1.0,0.0,nan,nan,0.0,nan,0.0,0.0,nan,1.0,nan,nan,unsupported,1031.9399999999998,1114.2,neural,0.0,0.0,0.0,,,,,,,,,,,,,0.022847236157394944,0.0,1.0,0.0,,,,,,,,,,,,,,,
reviewer1_sensor_factorial_development,reviewer1_sensor_factorial_development,configs/reviewer1_remaining/sensor_factorial_development/matched_conditions.yaml,noise_only,SensorizedPyBulletUAVWaypoint-v0,SensorizedPyBulletUAVWaypoint-v0,native_gymnasium_observation,fuzzy_relative_reliability,15002,train,20,,,20,1,-0.9782511259615422,20,0.0,20,0,nan,nan,0,0,2,0.2757114999985788,0.2757114999985788,0.0,0.2757114999985788,0.0,a6856e5cafc085e89cbbb2e0fc8a8770c40029c1,1.8.0,dd539897a18ce6d787567c0969bf760cf4c6c2d331693676b7eab3ef6b71fe9b,True,3.12.13,2.12.0+cpu,2.4.6,1.2.3,3.1.0,2.1.0,3.2.7,0.0,0.0,0.35999134,0.3700783587433628,20.0,1.0,0.0,1.0,0.0,0.0,1.0,0.0,0.5,0.0,0.0,0.0,0.0,0.9915508591161085,0.0,0.0,0.0,0.5,10.0,1.0,support-boundary collapse,134.68,54.3,neural,20.0,540.0,4080.0,0.0,0,nan,0.0,nan,exact_count,raw_state,none,4.21e-05,1920,,,0.02965485444292426,0.0,1.0,0.0,,,,,,,,,,,,,,,
reviewer1_sensor_factorial_development,reviewer1_sensor_factorial_development,configs/reviewer1_remaining/sensor_factorial_development/matched_conditions.yaml,noise_only,SensorizedPyBulletUAVWaypoint-v0,SensorizedPyBulletUAVWaypoint-v0,native_gymnasium_observation,fuzzy_relative_reliability,15002,eval,40,40,-1.0977691059187056,40,1,-1.0977691059187056,20,0.0,40,3,0.0057426489268740015,0.006909395568072796,0,1,2,1.0606224999937695,0.48628349998034537,0.5743390000134241,0.48628349998034537,0.5743390000134241,a6856e5cafc085e89cbbb2e0fc8a8770c40029c1,1.8.0,dd539897a18ce6d787567c0969bf760cf4c6c2d331693676b7eab3ef6b71fe9b,True,3.12.13,2.12.0+cpu,2.4.6,1.2.3,3.1.0,2.1.0,3.2.7,0.0,0.0,0.13085808,0.13927463871084253,40.0,1.0,0.0,1.0,0.0,0.0,1.0,0.0,1.0,0.0,0.0,0.0,0.0,0.9394478395372605,0.0,0.0,0.0,1.0,20.0,1.0,support-boundary collapse,1724.8849999999998,1548.0500000000002,neural,40.0,1080.0,8160.0,0.0,0,nan,0.0,nan,exact_count,raw_state,none,2.98e-05,3840,,,0.03721562931314111,0.0,1.0,0.0,nan,nan,6,nan,nan,nan,nan,unavailable,unavailable,unavailable,nan,nan,0.0,unavailable,nan
reviewer1_sensor_factorial_development,reviewer1_sensor_factorial_development,configs/reviewer1_remaining/sensor_factorial_development/matched_conditions.yaml,noise_only,SensorizedPyBulletUAVWaypoint-v0,SensorizedPyBulletUAVWaypoint-v0,native_gymnasium_observation,fuzzy_relative_reliability,15002,eval,40,40,-1.0743692847900093,40,2,-1.0743692847900093,20,0.0,40,3,0.0057426489268740015,0.006909395568072796,0,1,2,1.060882199992193,0.4865431999787688,0.5743390000134241,0.4865431999787688,0.5743390000134241,a6856e5cafc085e89cbbb2e0fc8a8770c40029c1,1.8.0,dd539897a18ce6d787567c0969bf760cf4c6c2d331693676b7eab3ef6b71fe9b,True,3.12.13,2.12.0+cpu,2.4.6,1.2.3,3.1.0,2.1.0,3.2.7,0.0,0.0,0.13085808,0.13927463871084253,40.0,1.0,0.0,1.0,0.0,0.0,1.0,0.0,1.0,0.0,0.0,0.0,0.0,0.9456114007074226,0.0,0.0,0.0,1.0,20.0,1.0,support-boundary collapse,1753.6650000000002,1651.6,neural,40.0,1080.0,8160.0,0.0,0,nan,0.0,nan,exact_count,raw_state,none,2.98e-05,3840,,,0.03328441369812936,0.0,1.0,0.0,nan,nan,6,nan,nan,nan,nan,unavailable,unavailable,unavailable,nan,nan,0.0,unavailable,nan
reviewer1_sensor_factorial_development,reviewer1_sensor_factorial_development,configs/reviewer1_remaining/sensor_factorial_development/matched_conditions.yaml,noise_only,SensorizedPyBulletUAVWaypoint-v0,SensorizedPyBulletUAVWaypoint-v0,native_gymnasium_observation,fuzzy_relative_reliability,15002,train,40,,,40,2,-1.0506238009454683,20,0.0,40,3,0.0057426489268740015,0.006909395568072796,0,1,2,1.067765399988275,0.49342639997485094,0.5743390000134241,0.49342639997485094,0.5743390000134241,a6856e5cafc085e89cbbb2e0fc8a8770c40029c1,1.8.0,dd539897a18ce6d787567c0969bf760cf4c6c2d331693676b7eab3ef6b71fe9b,True,3.12.13,2.12.0+cpu,2.4.6,1.2.3,3.1.0,2.1.0,3.2.7,0.0,0.0,0.13085808,0.13927463871084253,40.0,1.0,0.0,1.0,0.0,0.0,1.0,0.0,1.0,0.0,0.0,0.0,0.0,0.8504754569567844,0.0,0.0,0.0,1.0,20.0,1.0,support-boundary collapse,987.8849999999999,1389.25,neural,40.0,1080.0,8160.0,0.0,0,nan,0.0,nan,exact_count,raw_state,none,2.98e-05,3840,,,0.028132743248715997,0.0,1.0,0.0,,,,,,,,,,,,,,,
reviewer1_sensor_factorial_development,reviewer1_sensor_factorial_development,configs/reviewer1_remaining/sensor_factorial_development/matched_conditions.yaml,noise_only,SensorizedPyBulletUAVWaypoint-v0,SensorizedPyBulletUAVWaypoint-v0,native_gymnasium_observation,fuzzy_relative_reliability,15002,train,60,,,60,3,-0.19188901242800058,20,0.0,60,8,0.005576418770942837,0.007184314075857401,0,1,2,1.3014637999876868,0.7271247999742627,0.5743390000134241,0.7271247999742627,0.5743390000134241,a6856e5cafc085e89cbbb2e0fc8a8770c40029c1,1.8.0,dd539897a18ce6d787567c0969bf760cf4c6c2d331693676b7eab3ef6b71fe9b,True,3.12.13,2.12.0+cpu,2.4.6,1.2.3,3.1.0,2.1.0,3.2.7,0.0,0.0,0.047047526,0.0559311751198961,60.0,1.0,0.0,0.05,0.0,0.0,1.0,0.0,1.0,0.0,0.0,0.0,0.0,0.8958015241829729,0.0,0.0,0.0,1.0,20.0,1.0,support-boundary collapse,1095.2949999999998,1416.7,neural,60.0,1620.0,12240.0,0.0,0,nan,0.0,nan,exact_count,raw_state,none,4.71e-05,5760,,,0.036874926183372736,0.0,1.0,0.0,,,,,,,,,,,,,,,
reviewer1_sensor_factorial_development,reviewer1_sensor_factorial_development,configs/reviewer1_remaining/sensor_factorial_development/matched_conditions.yaml,noise_only,SensorizedPyBulletUAVWaypoint-v0,SensorizedPyBulletUAVWaypoint-v0,native_gymnasium_observation,fuzzy_relative_reliability,15002,eval,80,80,-0.2932433796557598,80,1,-0.2932433796557598,20,0.0,80,13,0.0046365870288215,0.007184314075857401,0,2,2,2.1491532000072766,0.9542210999934468,1.1949321000138298,0.9542210999934468,1.1949321000138298,a6856e5cafc085e89cbbb2e0fc8a8770c40029c1,1.8.0,dd539897a18ce6d787567c0969bf760cf4c6c2d331693676b7eab3ef6b71fe9b,True,3.12.13,2.12.0+cpu,2.4.6,1.2.3,3.1.0,2.1.0,3.2.7,0.0,0.0,0.016929451,0.022138735687634116,80.0,1.0,0.0,0.2,0.0,0.0,1.0,0.0,1.0,0.0,0.0,0.0,0.0,0.6048669043758454,0.0,0.0,0.0,1.0,20.0,1.0,support-boundary collapse,1879.6649999999997,1897.15,neural,80.0,2160.0,16320.0,0.0,0,nan,0.0,nan,exact_count,raw_state,none,2.37e-05,7680,,,0.032946758437901735,0.0,1.0,0.0,nan,nan,23,nan,nan,nan,nan,unavailable,unavailable,unavailable,nan,nan,0.0,unavailable,nan
reviewer1_sensor_factorial_development,reviewer1_sensor_factorial_development,configs/reviewer1_remaining/sensor_factorial_development/matched_conditions.yaml,noise_only,SensorizedPyBulletUAVWaypoint-v0,SensorizedPyBulletUAVWaypoint-v0,native_gymnasium_observation,fuzzy_relative_reliability,15002,eval,80,80,-0.11731283798813823,80,2,-0.11731283798813823,20,0.0,80,13,0.0046365870288215,0.007184314075857401,0,2,2,2.1493679999839514,0.9544358999701217,1.1949321000138298,0.9544358999701217,1.1949321000138298,a6856e5cafc085e89cbbb2e0fc8a8770c40029c1,1.8.0,dd539897a18ce6d787567c0969bf760cf4c6c2d331693676b7eab3ef6b71fe9b,True,3.12.13,2.12.0+cpu,2.4.6,1.2.3,3.1.0,2.1.0,3.2.7,0.0,0.0,0.016929451,0.022138735687634116,80.0,1.0,0.0,0.0,0.0,0.0,1.0,0.0,1.0,0.0,0.0,0.0,0.0,0.9575034092101677,0.0,0.0,0.0,1.0,20.0,1.0,support-boundary collapse,1784.6649999999997,1744.6,neural,80.0,2160.0,16320.0,0.0,0,nan,0.0,nan,exact_count,raw_state,none,2.37e-05,7680,,,0.03122174539603293,0.0,1.0,0.0,nan,nan,7,nan,nan,nan,nan,unavailable,unavailable,unavailable,nan,nan,0.0,unavailable,nan
reviewer1_sensor_factorial_development,reviewer1_sensor_factorial_development,configs/reviewer1_remaining/sensor_factorial_development/matched_conditions.yaml,noise_only,SensorizedPyBulletUAVWaypoint-v0,SensorizedPyBulletUAVWaypoint-v0,native_gymnasium_observation,fuzzy_relative_reliability,15002,train,80,,,80,4,-0.2008683621976525,20,0.0,80,13,0.0046365870288215,0.007184314075857401,0,2,2,2.1520942999923136,0.9571621999784838,1.1949321000138298,0.9571621999784838,1.1949321000138298,a6856e5cafc085e89cbbb2e0fc8a8770c40029c1,1.8.0,dd539897a18ce6d787567c0969bf760cf4c6c2d331693676b7eab3ef6b71fe9b,True,3.12.13,2.12.0+cpu,2.4.6,1.2.3,3.1.0,2.1.0,3.2.7,0.0,0.0,0.016929451,0.022138735687634116,80.0,1.0,0.0,0.0,0.05,-0.0025000000000000005,1.0,0.0,1.0,0.0,0.0,0.0,0.0,0.6186807635534388,0.0,0.0,0.0,1.0,20.0,1.0,support-boundary collapse,1389.78,1405.85,neural,80.0,2160.0,16320.0,0.0,0,nan,0.0,nan,exact_count,raw_state,none,2.37e-05,7680,,,0.02866992293857038,0.0,1.0,0.0,,,,,,,,,,,,,,,
reviewer1_sensor_factorial_development,reviewer1_sensor_factorial_development,configs/reviewer1_remaining/sensor_factorial_development/matched_conditions.yaml,noise_only,SensorizedPyBulletUAVWaypoint-v0,SensorizedPyBulletUAVWaypoint-v0,native_gymnasium_observation,fuzzy_relative_reliability,15003,train,20,,,20,1,-0.921431416934356,20,0.0,20,0,nan,nan,0,0,2,0.2834166999964509,0.2834166999964509,0.0,0.2834166999964509,0.0,a6856e5cafc085e89cbbb2e0fc8a8770c40029c1,1.8.0,dd539897a18ce6d787567c0969bf760cf4c6c2d331693676b7eab3ef6b71fe9b,True,3.12.13,2.12.0+cpu,2.4.6,1.2.3,3.1.0,2.1.0,3.2.7,0.0,0.0,0.35983372,0.37367121549963367,20.0,1.0,0.0,0.95,0.0,0.0,1.0,0.0,0.25,0.0,0.0,0.0,0.0,0.9296747761268218,0.0,0.0,0.0,0.25,5.0,1.0,unsupported,147.12999999999997,51.75,none,20.0,540.0,4080.0,0.0,0,nan,0.0,nan,exact_count,raw_state,none,4.43e-05,1920,,,0.035039686458185317,0.0,1.0,0.0,,,,,,,,,,,,,,,
reviewer1_sensor_factorial_development,reviewer1_sensor_factorial_development,configs/reviewer1_remaining/sensor_factorial_development/matched_conditions.yaml,noise_only,SensorizedPyBulletUAVWaypoint-v0,SensorizedPyBulletUAVWaypoint-v0,native_gymnasium_observation,fuzzy_relative_reliability,15003,eval,40,40,-0.9505452085100116,40,1,-0.9505452085100116,20,0.0,40,3,0.010576092017193636,0.0130623122677207,0,1,2,1.068332900002133,0.49389919999521226,0.5744337000069208,0.49389919999521226,0.5744337000069208,a6856e5cafc085e89cbbb2e0fc8a8770c40029c1,1.8.0,dd539897a18ce6d787567c0969bf760cf4c6c2d331693676b7eab3ef6b71fe9b,True,3.12.13,2.12.0+cpu,2.4.6,1.2.3,3.1.0,2.1.0,3.2.7,0.0,0.0,0.13042055,0.14657945413247253,40.0,1.0,0.0,1.0,0.0,0.0,1.0,0.0,1.0,0.0,0.0,0.0,0.0,0.9705321903560302,0.0,0.0,0.0,1.0,20.0,1.0,support-boundary collapse,1690.73,1639.65,neural,40.0,1080.0,8160.0,0.0,0,nan,0.0,nan,exact_count,raw_state,none,2.76e-05,3840,,,0.03300519259646535,0.0,1.0,0.0,nan,nan,7,nan,nan,nan,nan,unavailable,unavailable,unavailable,nan,nan,0.0,unavailable,nan
reviewer1_sensor_factorial_development,reviewer1_sensor_factorial_development,configs/reviewer1_remaining/sensor_factorial_development/matched_conditions.yaml,noise_only,SensorizedPyBulletUAVWaypoint-v0,SensorizedPyBulletUAVWaypoint-v0,native_gymnasium_observation,fuzzy_relative_reliability,15003,eval,40,40,-1.201528521552682,40,2,-1.201528521552682,20,0.0,40,3,0.010576092017193636,0.0130623122677207,0,1,2,1.0687095999892335,0.4942758999823127,0.5744337000069208,0.4942758999823127,0.5744337000069208,a6856e5cafc085e89cbbb2e0fc8a8770c40029c1,1.8.0,dd539897a18ce6d787567c0969bf760cf4c6c2d331693676b7eab3ef6b71fe9b,True,3.12.13,2.12.0+cpu,2.4.6,1.2.3,3.1.0,2.1.0,3.2.7,0.0,0.0,0.13042055,0.14657945413247253,40.0,1.0,0.0,1.0,0.0,0.0,1.0,0.0,1.0,0.0,0.0,0.0,0.0,0.9900701210253097,0.0,0.0,0.0,1.0,20.0,1.0,support-boundary collapse,1858.345,1858.4,neural,40.0,1080.0,8160.0,0.0,0,nan,0.0,nan,exact_count,raw_state,none,2.76e-05,3840,,,0.0337454944383353,0.0,1.0,0.0,nan,nan,0,nan,nan,nan,nan,unavailable,unavailable,unavailable,nan,nan,0.0,unavailable,nan
reviewer1_sensor_factorial_development,reviewer1_sensor_factorial_development,configs/reviewer1_remaining/sensor_factorial_development/matched_conditions.yaml,noise_only,SensorizedPyBulletUAVWaypoint-v0,SensorizedPyBulletUAVWaypoint-v0,native_gymnasium_observation,fuzzy_relative_reliability,15003,train,40,,,40,2,-0.9601322599221022,20,0.0,40,3,0.010576092017193636,0.0130623122677207,0,1,2,1.0786899999948218,0.504256299987901,0.5744337000069208,0.504256299987901,0.5744337000069208,a6856e5cafc085e89cbbb2e0fc8a8770c40029c1,1.8.0,dd539897a18ce6d787567c0969bf760cf4c6c2d331693676b7eab3ef6b71fe9b,True,3.12.13,2.12.0+cpu,2.4.6,1.2.3,3.1.0,2.1.0,3.2.7,0.0,0.0,0.13042055,0.14657945413247253,40.0,1.0,0.0,1.0,0.05,-0.0025000000000000005,1.0,0.0,1.0,0.0,0.0,0.0,0.0,0.9166994361537659,0.0,0.0,0.0,1.0,20.0,1.0,support-boundary collapse,565.22,62.95,neural,40.0,1080.0,8160.0,0.0,0,nan,0.0,nan,exact_count,raw_state,none,2.76e-05,3840,,,0.028624412463977934,0.0,1.0,0.0,,,,,,,,,,,,,,,
reviewer1_sensor_factorial_development,reviewer1_sensor_factorial_development,configs/reviewer1_remaining/sensor_factorial_development/matched_conditions.yaml,noise_only,SensorizedPyBulletUAVWaypoint-v0,SensorizedPyBulletUAVWaypoint-v0,native_gymnasium_observation,fuzzy_relative_reliability,15003,train,60,,,60,3,-1.0288377857580782,20,0.0,60,8,0.008272814215160906,0.0130623122677207,0,1,2,1.3080042999936268,0.7335705999867059,0.5744337000069208,0.7335705999867059,0.5744337000069208,a6856e5cafc085e89cbbb2e0fc8a8770c40029c1,1.8.0,dd539897a18ce6d787567c0969bf760cf4c6c2d331693676b7eab3ef6b71fe9b,True,3.12.13,2.12.0+cpu,2.4.6,1.2.3,3.1.0,2.1.0,3.2.7,0.0,0.0,0.048471984,0.06261705476530587,60.0,1.0,0.0,1.0,0.0,0.0,1.0,0.0,1.0,0.0,0.0,0.0,0.0,0.9386796587786149,0.0,0.0,0.0,1.0,20.0,1.0,support-boundary collapse,914.7949999999998,1356.3000000000002,neural,60.0,1620.0,12240.0,0.0,0,nan,0.0,nan,exact_count,raw_state,none,2.94e-05,5760,,,0.031642594700679184,0.0,1.0,0.0,,,,,,,,,,,,,,,
reviewer1_sensor_factorial_development,reviewer1_sensor_factorial_development,configs/reviewer1_remaining/sensor_factorial_development/matched_conditions.yaml,noise_only,SensorizedPyBulletUAVWaypoint-v0,SensorizedPyBulletUAVWaypoint-v0,native_gymnasium_observation,fuzzy_relative_reliability,15003,eval,80,80,-1.1936596130859105,80,1,-1.1936596130859105,20,0.0,80,13,0.007844237646517845,0.0130623122677207,0,2,2,2.1388714999775402,0.9539948999590706,1.1848766000184696,0.9539948999590706,1.1848766000184696,a6856e5cafc085e89cbbb2e0fc8a8770c40029c1,1.8.0,dd539897a18ce6d787567c0969bf760cf4c6c2d331693676b7eab3ef6b71fe9b,True,3.12.13,2.12.0+cpu,2.4.6,1.2.3,3.1.0,2.1.0,3.2.7,0.0,0.0,0.017511694,0.027001242611101213,80.0,1.0,0.0,1.0,0.0,0.0,1.0,0.0,1.0,0.0,0.0,0.0,0.0,0.8473803626761885,0.0,0.0,0.0,1.0,20.0,1.0,support-boundary collapse,1851.6750000000004,1857.9,neural,80.0,2160.0,16320.0,0.0,0,nan,0.0,nan,exact_count,raw_state,none,2.95e-05,7680,,,0.029566338751465082,0.0,1.0,0.0,nan,nan,0,nan,nan,nan,nan,unavailable,unavailable,unavailable,nan,nan,0.0,unavailable,nan
reviewer1_sensor_factorial_development,reviewer1_sensor_factorial_development,configs/reviewer1_remaining/sensor_factorial_development/matched_conditions.yaml,noise_only,SensorizedPyBulletUAVWaypoint-v0,SensorizedPyBulletUAVWaypoint-v0,native_gymnasium_observation,fuzzy_relative_reliability,15003,eval,80,80,-1.1175308416225014,80,2,-1.1175308416225014,20,0.0,80,13,0.007844237646517845,0.0130623122677207,0,2,2,2.139127299975371,0.9542506999569014,1.1848766000184696,0.9542506999569014,1.1848766000184696,a6856e5cafc085e89cbbb2e0fc8a8770c40029c1,1.8.0,dd539897a18ce6d787567c0969bf760cf4c6c2d331693676b7eab3ef6b71fe9b,True,3.12.13,2.12.0+cpu,2.4.6,1.2.3,3.1.0,2.1.0,3.2.7,0.0,0.0,0.017511694,0.027001242611101213,80.0,1.0,0.0,1.0,0.0,0.0,1.0,0.0,1.0,0.0,0.0,0.0,0.0,0.8021766731664656,0.0,0.0,0.0,1.0,20.0,1.0,support-boundary collapse,1817.1299999999999,1806.4,neural,80.0,2160.0,16320.0,0.0,0,nan,0.0,nan,exact_count,raw_state,none,2.95e-05,7680,,,0.02991608576849103,0.0,1.0,0.0,nan,nan,0,nan,nan,nan,nan,unavailable,unavailable,unavailable,nan,nan,0.0,unavailable,nan
reviewer1_sensor_factorial_development,reviewer1_sensor_factorial_development,configs/reviewer1_remaining/sensor_factorial_development/matched_conditions.yaml,noise_only,SensorizedPyBulletUAVWaypoint-v0,SensorizedPyBulletUAVWaypoint-v0,native_gymnasium_observation,fuzzy_relative_reliability,15003,train,80,,,80,4,-0.2668054256867617,20,0.0,80,13,0.007844237646517845,0.0130623122677207,0,2,2,2.1421857999812346,0.957309199962765,1.1848766000184696,0.957309199962765,1.1848766000184696,a6856e5cafc085e89cbbb2e0fc8a8770c40029c1,1.8.0,dd539897a18ce6d787567c0969bf760cf4c6c2d331693676b7eab3ef6b71fe9b,True,3.12.13,2.12.0+cpu,2.4.6,1.2.3,3.1.0,2.1.0,3.2.7,0.0,0.0,0.017511694,0.027001242611101213,80.0,1.0,0.0,0.0,0.0,0.0,1.0,0.0,1.0,0.0,0.0,0.0,0.0,0.8137951772274133,0.0,0.0,0.0,1.0,20.0,1.0,support-boundary collapse,1279.0350000000003,1445.5,neural,80.0,2160.0,16320.0,0.0,0,nan,0.0,nan,exact_count,raw_state,none,2.95e-05,7680,,,0.022847236157394944,0.0,1.0,0.0,,,,,,,,,,,,,,,
reviewer1_sensor_factorial_development,reviewer1_sensor_factorial_development,configs/reviewer1_remaining/sensor_factorial_development/matched_conditions.yaml,noise_only,SensorizedPyBulletUAVWaypoint-v0,SensorizedPyBulletUAVWaypoint-v0,native_gymnasium_observation,selected_approximate_support,15002,train,20,,,20,1,-0.9782511259615422,20,0.0,20,0,nan,nan,0,0,2,0.25695800001267344,0.25695800001267344,0.0,0.25695800001267344,0.0,a6856e5cafc085e89cbbb2e0fc8a8770c40029c1,1.8.0,dd539897a18ce6d787567c0969bf760cf4c6c2d331693676b7eab3ef6b71fe9b,True,3.12.13,2.12.0+cpu,2.4.6,1.2.3,3.1.0,2.1.0,3.2.7,0.7188462080907435,0.0,1.0,1.0,20.0,1.0,0.0,1.0,0.0,0.0,1.0,0.3594231040453718,0.14057689595462824,0.0,nan,nan,0.3594231040453718,nan,0.0,0.5,nan,0.0,nan,nan,approximate-only,128.72,52.05,memory,20.0,540.0,4080.0,0.7188462080907435,3,0.13228753209114075,2.556772232055664,nan,gaussian_affinity,raw_state,brute_force,0.0006087,1760,,,0.02965485444292426,0.0,1.0,0.0,,,,,,,,,,,,,,,
reviewer1_sensor_factorial_development,reviewer1_sensor_factorial_development,configs/reviewer1_remaining/sensor_factorial_development/matched_conditions.yaml,noise_only,SensorizedPyBulletUAVWaypoint-v0,SensorizedPyBulletUAVWaypoint-v0,native_gymnasium_observation,selected_approximate_support,15002,eval,40,40,-1.1034346395032482,40,1,-1.1034346395032482,20,0.0,40,3,0.005731174256652594,0.006909395568072796,0,1,2,1.134723800001666,0.49424959998577833,0.6404742000158876,0.49424959998577833,0.6404742000158876,a6856e5cafc085e89cbbb2e0fc8a8770c40029c1,1.8.0,dd539897a18ce6d787567c0969bf760cf4c6c2d331693676b7eab3ef6b71fe9b,True,3.12.13,2.12.0+cpu,2.4.6,1.2.3,3.1.0,2.1.0,3.2.7,0.6340362672465447,0.0,1.0,1.0,40.0,1.0,0.0,1.0,0.0,0.0,1.0,0.6046199232283944,0.39538007677160547,0.0,nan,nan,0.6046199232283944,nan,0.0,1.0,nan,0.0,nan,nan,approximate-only,1913.5400000000002,1803.25,memory,40.0,1080.0,8160.0,0.6339807727297916,3,0.2345207929611206,1.7320969104766846,nan,gaussian_affinity,raw_state,brute_force,0.0003976,3520,,,0.03721563294529915,0.0,1.0,0.0,0,6,23,nan,nan,nan,0.49999999749999996,neural,unavailable,unavailable,nan,nan,0.0,unavailable,nan
reviewer1_sensor_factorial_development,reviewer1_sensor_factorial_development,configs/reviewer1_remaining/sensor_factorial_development/matched_conditions.yaml,noise_only,SensorizedPyBulletUAVWaypoint-v0,SensorizedPyBulletUAVWaypoint-v0,native_gymnasium_observation,selected_approximate_support,15002,eval,40,40,-1.0258411906659604,40,2,-1.0258411906659604,20,0.0,40,3,0.005731174256652594,0.006909395568072796,0,1,2,1.1350304000079632,0.49455619999207556,0.6404742000158876,0.49455619999207556,0.6404742000158876,a6856e5cafc085e89cbbb2e0fc8a8770c40029c1,1.8.0,dd539897a18ce6d787567c0969bf760cf4c6c2d331693676b7eab3ef6b71fe9b,True,3.12.13,2.12.0+cpu,2.4.6,1.2.3,3.1.0,2.1.0,3.2.7,0.6340362672465447,0.0,1.0,1.0,40.0,1.0,0.0,1.0,0.0,0.0,1.0,0.6153787301915142,0.3846212698084859,0.0,nan,nan,0.6153787301915142,nan,0.0,1.0,nan,0.0,nan,nan,approximate-only,1936.605,1858.4499999999998,memory,40.0,1080.0,8160.0,0.6339807727297916,3,0.2345207929611206,1.7320969104766846,nan,gaussian_affinity,raw_state,brute_force,0.0003976,3520,,,0.03328441239427775,0.0,1.0,0.0,0,6,23,nan,nan,nan,0.49999999749999996,neural,unavailable,unavailable,nan,nan,0.0,unavailable,nan
reviewer1_sensor_factorial_development,reviewer1_sensor_factorial_development,configs/reviewer1_remaining/sensor_factorial_development/matched_conditions.yaml,noise_only,SensorizedPyBulletUAVWaypoint-v0,SensorizedPyBulletUAVWaypoint-v0,native_gymnasium_observation,selected_approximate_support,15002,train,40,,,40,2,-1.0355518302368,20,0.0,40,3,0.005731174256652594,0.006909395568072796,0,1,2,1.1408160999999382,0.5003418999840505,0.6404742000158876,0.5003418999840505,0.6404742000158876,a6856e5cafc085e89cbbb2e0fc8a8770c40029c1,1.8.0,dd539897a18ce6d787567c0969bf760cf4c6c2d331693676b7eab3ef6b71fe9b,True,3.12.13,2.12.0+cpu,2.4.6,1.2.3,3.1.0,2.1.0,3.2.7,0.6340362672465447,0.0,1.0,1.0,40.0,1.0,0.0,1.0,0.0,0.0,1.0,0.6479814784231714,0.35201852157682856,0.0,nan,nan,0.6479814784231714,nan,0.0,1.0,nan,0.0,nan,nan,approximate-only,1065.955,1417.9,memory,40.0,1080.0,8160.0,0.6339807727297916,3,0.2345207929611206,1.7320969104766846,nan,gaussian_affinity,raw_state,brute_force,0.0003976,3520,,,0.02813274406362325,0.0,1.0,0.0,,,,,,,,,,,,,,,
reviewer1_sensor_factorial_development,reviewer1_sensor_factorial_development,configs/reviewer1_remaining/sensor_factorial_development/matched_conditions.yaml,noise_only,SensorizedPyBulletUAVWaypoint-v0,SensorizedPyBulletUAVWaypoint-v0,native_gymnasium_observation,selected_approximate_support,15002,train,60,,,60,3,-0.19188901242800058,20,0.0,60,8,0.0055637823534198105,0.0071379574947059155,0,1,2,1.3984435999882407,0.7579693999723531,0.6404742000158876,0.7579693999723531,0.6404742000158876,a6856e5cafc085e89cbbb2e0fc8a8770c40029c1,1.8.0,dd539897a18ce6d787567c0969bf760cf4c6c2d331693676b7eab3ef6b71fe9b,True,3.12.13,2.12.0+cpu,2.4.6,1.2.3,3.1.0,2.1.0,3.2.7,0.647950399891405,0.0,1.0,1.0,60.0,1.0,0.0,0.05,0.0,0.0,1.0,0.6242222483999454,0.37577775160005455,0.0,nan,nan,0.6242222483999454,nan,0.0,1.0,nan,0.0,nan,nan,approximate-only,1231.54,1517.65,memory,60.0,1620.0,12240.0,0.6825663850965654,3,0.19364917278289795,2.1502649784088135,nan,gaussian_affinity,raw_state,brute_force,0.0003965,5280,,,0.036874926183372736,0.0,1.0,0.0,,,,,,,,,,,,,,,
reviewer1_sensor_factorial_development,reviewer1_sensor_factorial_development,configs/reviewer1_remaining/sensor_factorial_development/matched_conditions.yaml,noise_only,SensorizedPyBulletUAVWaypoint-v0,SensorizedPyBulletUAVWaypoint-v0,native_gymnasium_observation,selected_approximate_support,15002,eval,80,80,-0.2932433796557598,80,1,-0.2932433796557598,20,0.0,80,13,0.004633775357013712,0.0071379574947059155,0,2,2,2.3186816000088584,1.0254074000113178,1.2932741999975406,1.0254074000113178,1.2932741999975406,a6856e5cafc085e89cbbb2e0fc8a8770c40029c1,1.8.0,dd539897a18ce6d787567c0969bf760cf4c6c2d331693676b7eab3ef6b71fe9b,True,3.12.13,2.12.0+cpu,2.4.6,1.2.3,3.1.0,2.1.0,3.2.7,0.6706671191404358,0.0,1.0,1.0,80.0,1.0,0.0,0.2,0.0,0.0,1.0,0.6942552051958742,0.30574479480412564,0.0,nan,nan,0.6942552051958742,nan,0.0,1.0,nan,0.0,nan,nan,approximate-only,2279.83,1998.0,memory,80.0,2160.0,16320.0,0.14189112062208897,3,0.5958187580108643,0.16535328328609467,nan,gaussian_affinity,raw_state,brute_force,0.0004184,7040,,,0.032946758437901735,0.0,1.0,0.0,0,23,23,nan,nan,nan,0.49999999749999996,neural,unavailable,unavailable,nan,nan,0.0,unavailable,nan
reviewer1_sensor_factorial_development,reviewer1_sensor_factorial_development,configs/reviewer1_remaining/sensor_factorial_development/matched_conditions.yaml,noise_only,SensorizedPyBulletUAVWaypoint-v0,SensorizedPyBulletUAVWaypoint-v0,native_gymnasium_observation,selected_approximate_support,15002,eval,80,80,-0.11712410181760792,80,2,-0.11712410181760792,20,0.0,80,13,0.004633775357013712,0.0071379574947059155,0,2,2,2.318936499999836,1.0256623000022955,1.2932741999975406,1.0256623000022955,1.2932741999975406,a6856e5cafc085e89cbbb2e0fc8a8770c40029c1,1.8.0,dd539897a18ce6d787567c0969bf760cf4c6c2d331693676b7eab3ef6b71fe9b,True,3.12.13,2.12.0+cpu,2.4.6,1.2.3,3.1.0,2.1.0,3.2.7,0.6706671191404358,0.0,1.0,1.0,80.0,1.0,0.0,0.0,0.0,0.0,1.0,0.12243028483487192,0.8775697151651283,0.0,nan,nan,0.12243028483487192,nan,0.0,1.0,nan,0.0,nan,nan,approximate-only,2035.9300000000003,1967.65,neural,80.0,2160.0,16320.0,0.14189112062208897,3,0.5958187580108643,0.16535328328609467,nan,gaussian_affinity,raw_state,brute_force,0.0004184,7040,,,0.03122174539603293,0.0,1.0,0.0,0,7,7,nan,nan,nan,0.49999999749999996,neural,unavailable,unavailable,nan,nan,0.0,unavailable,nan
reviewer1_sensor_factorial_development,reviewer1_sensor_factorial_development,configs/reviewer1_remaining/sensor_factorial_development/matched_conditions.yaml,noise_only,SensorizedPyBulletUAVWaypoint-v0,SensorizedPyBulletUAVWaypoint-v0,native_gymnasium_observation,selected_approximate_support,15002,train,80,,,80,4,-0.2008683621976525,20,0.0,80,13,0.004633775357013712,0.0071379574947059155,0,2,2,2.320848500006832,1.0275743000092916,1.2932741999975406,1.0275743000092916,1.2932741999975406,a6856e5cafc085e89cbbb2e0fc8a8770c40029c1,1.8.0,dd539897a18ce6d787567c0969bf760cf4c6c2d331693676b7eab3ef6b71fe9b,True,3.12.13,2.12.0+cpu,2.4.6,1.2.3,3.1.0,2.1.0,3.2.7,0.6706671191404358,0.0,1.0,1.0,80.0,1.0,0.0,0.0,0.05,-0.0025000000000000005,1.0,0.7039279176939284,0.29607208230607174,0.0,nan,nan,0.7039279176939284,nan,0.0,1.0,nan,0.0,nan,nan,approximate-only,1907.7849999999999,1806.1999999999998,memory,80.0,2160.0,16320.0,0.14189112062208897,3,0.5958187580108643,0.16535328328609467,nan,gaussian_affinity,raw_state,brute_force,0.0004184,7040,,,0.02866992293857038,0.0,1.0,0.0,,,,,,,,,,,,,,,
reviewer1_sensor_factorial_development,reviewer1_sensor_factorial_development,configs/reviewer1_remaining/sensor_factorial_development/matched_conditions.yaml,noise_only,SensorizedPyBulletUAVWaypoint-v0,SensorizedPyBulletUAVWaypoint-v0,native_gymnasium_observation,selected_approximate_support,15003,train,20,,,20,1,-0.921431416934356,20,0.0,20,0,nan,nan,0,0,2,0.23517919998266734,0.23517919998266734,0.0,0.23517919998266734,0.0,a6856e5cafc085e89cbbb2e0fc8a8770c40029c1,1.8.0,dd539897a18ce6d787567c0969bf760cf4c6c2d331693676b7eab3ef6b71fe9b,True,3.12.13,2.12.0+cpu,2.4.6,1.2.3,3.1.0,2.1.0,3.2.7,0.6953932475741799,0.0,1.0,1.0,20.0,1.0,0.0,0.95,0.0,0.0,1.0,0.17384831189354497,0.07615168810645503,0.0,nan,nan,0.17384831189354497,nan,0.0,0.25,nan,0.0,nan,nan,unsupported,144.555,67.4,none,20.0,540.0,4080.0,0.6953932475741799,3,0.18027755618095398,2.282921314239502,nan,gaussian_affinity,raw_state,brute_force,0.0004534,1760,,,0.035039686458185317,0.0,1.0,0.0,,,,,,,,,,,,,,,
reviewer1_sensor_factorial_development,reviewer1_sensor_factorial_development,configs/reviewer1_remaining/sensor_factorial_development/matched_conditions.yaml,noise_only,SensorizedPyBulletUAVWaypoint-v0,SensorizedPyBulletUAVWaypoint-v0,native_gymnasium_observation,selected_approximate_support,15003,eval,40,40,-0.9733951631840319,40,1,-0.9733951631840319,20,0.0,40,3,0.010571505253513655,0.0130623122677207,0,1,2,1.0849546999961603,0.4479552999837324,0.6369994000124279,0.4479552999837324,0.6369994000124279,a6856e5cafc085e89cbbb2e0fc8a8770c40029c1,1.8.0,dd539897a18ce6d787567c0969bf760cf4c6c2d331693676b7eab3ef6b71fe9b,True,3.12.13,2.12.0+cpu,2.4.6,1.2.3,3.1.0,2.1.0,3.2.7,0.7048110669763087,0.0,1.0,1.0,40.0,1.0,0.0,1.0,0.0,0.0,1.0,0.688435229051368,0.3115647709486321,0.0,nan,nan,0.688435229051368,nan,0.0,1.0,nan,0.0,nan,nan,approximate-only,1920.205,1896.15,memory,40.0,1080.0,8160.0,0.001551577416319153,3,0.968245804309845,0.0015539885498583317,nan,gaussian_affinity,raw_state,brute_force,0.0003899,3520,,,0.03300519264303148,0.0,1.0,0.0,0,7,7,nan,nan,nan,0.49999999749999996,neural,unavailable,unavailable,nan,nan,0.0,unavailable,nan
reviewer1_sensor_factorial_development,reviewer1_sensor_factorial_development,configs/reviewer1_remaining/sensor_factorial_development/matched_conditions.yaml,noise_only,SensorizedPyBulletUAVWaypoint-v0,SensorizedPyBulletUAVWaypoint-v0,native_gymnasium_observation,selected_approximate_support,15003,eval,40,40,-1.201528521552682,40,2,-1.201528521552682,20,0.0,40,3,0.010571505253513655,0.0130623122677207,0,1,2,1.085354799986817,0.448355399974389,0.6369994000124279,0.448355399974389,0.6369994000124279,a6856e5cafc085e89cbbb2e0fc8a8770c40029c1,1.8.0,dd539897a18ce6d787567c0969bf760cf4c6c2d331693676b7eab3ef6b71fe9b,True,3.12.13,2.12.0+cpu,2.4.6,1.2.3,3.1.0,2.1.0,3.2.7,0.7048110669763087,0.0,1.0,1.0,40.0,1.0,0.0,1.0,0.0,0.0,1.0,0.001954123905103837,0.9980458760948961,0.0,nan,nan,0.001954123905103837,nan,0.0,1.0,nan,0.0,nan,nan,approximate-only,1948.315,1861.45,neural,40.0,1080.0,8160.0,0.001551577416319153,3,0.968245804309845,0.0015539885498583317,nan,gaussian_affinity,raw_state,brute_force,0.0003899,3520,,,0.0337454944383353,0.0,1.0,0.0,0,0,0,nan,nan,nan,0.49999999749999996,neural,unavailable,unavailable,nan,nan,0.0,unavailable,nan
reviewer1_sensor_factorial_development,reviewer1_sensor_factorial_development,configs/reviewer1_remaining/sensor_factorial_development/matched_conditions.yaml,noise_only,SensorizedPyBulletUAVWaypoint-v0,SensorizedPyBulletUAVWaypoint-v0,native_gymnasium_observation,selected_approximate_support,15003,train,40,,,40,2,-0.9604404440987856,20,0.0,40,3,0.010571505253513655,0.0130623122677207,0,1,2,1.093355499993777,0.45635609998134896,0.6369994000124279,0.45635609998134896,0.6369994000124279,a6856e5cafc085e89cbbb2e0fc8a8770c40029c1,1.8.0,dd539897a18ce6d787567c0969bf760cf4c6c2d331693676b7eab3ef6b71fe9b,True,3.12.13,2.12.0+cpu,2.4.6,1.2.3,3.1.0,2.1.0,3.2.7,0.7048110669763087,0.0,1.0,1.0,40.0,1.0,0.0,1.0,0.05,-0.0025000000000000005,1.0,0.7053304149574111,0.29466958504258894,0.0,nan,nan,0.7053304149574111,nan,0.0,1.0,nan,0.0,nan,nan,approximate-only,774.73,84.65,memory,40.0,1080.0,8160.0,0.001551577416319153,3,0.968245804309845,0.0015539885498583317,nan,gaussian_affinity,raw_state,brute_force,0.0003899,3520,,,0.028624412463977934,0.0,1.0,0.0,,,,,,,,,,,,,,,
reviewer1_sensor_factorial_development,reviewer1_sensor_factorial_development,configs/reviewer1_remaining/sensor_factorial_development/matched_conditions.yaml,noise_only,SensorizedPyBulletUAVWaypoint-v0,SensorizedPyBulletUAVWaypoint-v0,native_gymnasium_observation,selected_approximate_support,15003,train,60,,,60,3,-1.027485694196075,20,0.0,60,8,0.008259761554654688,0.0130623122677207,0,1,2,1.3591277999803424,0.7221283999679144,0.6369994000124279,0.7221283999679144,0.6369994000124279,a6856e5cafc085e89cbbb2e0fc8a8770c40029c1,1.8.0,dd539897a18ce6d787567c0969bf760cf4c6c2d331693676b7eab3ef6b71fe9b,True,3.12.13,2.12.0+cpu,2.4.6,1.2.3,3.1.0,2.1.0,3.2.7,0.6524802039115027,0.0,1.0,1.0,60.0,1.0,0.0,1.0,0.0,0.0,1.0,0.5844453194254403,0.4155546805745597,0.0,nan,nan,0.5844453194254403,nan,0.0,1.0,nan,0.0,nan,nan,approximate-only,1136.175,1447.15,memory,60.0,1620.0,12240.0,0.714840258210632,3,0.1414213478565216,2.5068063735961914,nan,gaussian_affinity,raw_state,brute_force,0.0014365,5280,,,0.031642596470192075,0.0,1.0,0.0,,,,,,,,,,,,,,,
reviewer1_sensor_factorial_development,reviewer1_sensor_factorial_development,configs/reviewer1_remaining/sensor_factorial_development/matched_conditions.yaml,noise_only,SensorizedPyBulletUAVWaypoint-v0,SensorizedPyBulletUAVWaypoint-v0,native_gymnasium_observation,selected_approximate_support,15003,eval,80,80,-1.1936596130859105,80,1,-1.1936596130859105,20,0.0,80,13,0.007828541601506563,0.0130623122677207,0,2,2,2.2683605999918655,0.9775949999748264,1.290765600017039,0.9775949999748264,1.290765600017039,a6856e5cafc085e89cbbb2e0fc8a8770c40029c1,1.8.0,dd539897a18ce6d787567c0969bf760cf4c6c2d331693676b7eab3ef6b71fe9b,True,3.12.13,2.12.0+cpu,2.4.6,1.2.3,3.1.0,2.1.0,3.2.7,0.6548529256990514,0.0,1.0,1.0,80.0,1.0,0.0,1.0,0.0,0.0,1.0,0.6414064748156953,0.3585935251843046,0.0,nan,nan,0.6414064748156953,nan,0.0,1.0,nan,0.0,nan,nan,approximate-only,1967.8200000000002,1940.25,memory,80.0,2160.0,16320.0,0.6427778997578322,3,0.2345207780599594,1.7993788719177246,nan,gaussian_affinity,raw_state,brute_force,0.0004327,7040,,,0.029566338751465082,0.0,1.0,0.0,1,0,0,nan,nan,nan,0.49999999749999996,neural,unavailable,unavailable,nan,nan,0.0,unavailable,nan
reviewer1_sensor_factorial_development,reviewer1_sensor_factorial_development,configs/reviewer1_remaining/sensor_factorial_development/matched_conditions.yaml,noise_only,SensorizedPyBulletUAVWaypoint-v0,SensorizedPyBulletUAVWaypoint-v0,native_gymnasium_observation,selected_approximate_support,15003,eval,80,80,-1.1175308416225014,80,2,-1.1175308416225014,20,0.0,80,13,0.007828541601506563,0.0130623122677207,0,2,2,2.2686030000040773,0.9778373999870382,1.290765600017039,0.9778373999870382,1.290765600017039,a6856e5cafc085e89cbbb2e0fc8a8770c40029c1,1.8.0,dd539897a18ce6d787567c0969bf760cf4c6c2d331693676b7eab3ef6b71fe9b,True,3.12.13,2.12.0+cpu,2.4.6,1.2.3,3.1.0,2.1.0,3.2.7,0.6548529256990514,0.0,1.0,1.0,80.0,1.0,0.0,1.0,0.0,0.0,1.0,0.6961552639067735,0.3038447360932264,0.0,nan,nan,0.6961552639067735,nan,0.0,1.0,nan,0.0,nan,nan,approximate-only,2095.58,1982.15,memory,80.0,2160.0,16320.0,0.6427778997578322,3,0.2345207780599594,1.7993788719177246,nan,gaussian_affinity,raw_state,brute_force,0.0004327,7040,,,0.02991608576849103,0.0,1.0,0.0,1,0,0,nan,nan,nan,0.49999999749999996,neural,unavailable,unavailable,nan,nan,0.0,unavailable,nan
reviewer1_sensor_factorial_development,reviewer1_sensor_factorial_development,configs/reviewer1_remaining/sensor_factorial_development/matched_conditions.yaml,noise_only,SensorizedPyBulletUAVWaypoint-v0,SensorizedPyBulletUAVWaypoint-v0,native_gymnasium_observation,selected_approximate_support,15003,train,80,,,80,4,-0.2668054256867617,20,0.0,80,13,0.007828541601506563,0.0130623122677207,0,2,2,2.271128399996087,0.9803627999790478,1.290765600017039,0.9803627999790478,1.290765600017039,a6856e5cafc085e89cbbb2e0fc8a8770c40029c1,1.8.0,dd539897a18ce6d787567c0969bf760cf4c6c2d331693676b7eab3ef6b71fe9b,True,3.12.13,2.12.0+cpu,2.4.6,1.2.3,3.1.0,2.1.0,3.2.7,0.6548529256990514,0.0,1.0,1.0,80.0,1.0,0.0,0.0,0.0,0.0,1.0,0.6317968962896847,0.36820310371031517,0.0,nan,nan,0.6317968962896847,nan,0.0,1.0,nan,0.0,nan,nan,approximate-only,1551.9250000000002,1687.85,memory,80.0,2160.0,16320.0,0.6427778997578322,3,0.2345207780599594,1.7993788719177246,nan,gaussian_affinity,raw_state,brute_force,0.0004327,7040,,,0.022847236157394944,0.0,1.0,0.0,,,,,,,,,,,,,,,
reviewer1_sensor_factorial_development,reviewer1_sensor_factorial_development,configs/reviewer1_remaining/sensor_factorial_development/matched_conditions.yaml,noise_only,SensorizedPyBulletUAVWaypoint-v0,SensorizedPyBulletUAVWaypoint-v0,native_gymnasium_observation,sensorized_controller,15002,train,20,,,20,1,-0.9819721009954808,20,0.0,20,0,nan,nan,0,0,2,0.23664470002404414,0.23664470002404414,0.0,0.23664470002404414,0.0,a6856e5cafc085e89cbbb2e0fc8a8770c40029c1,1.8.0,dd539897a18ce6d787567c0969bf760cf4c6c2d331693676b7eab3ef6b71fe9b,True,3.12.13,2.12.0+cpu,2.4.6,1.2.3,3.1.0,2.1.0,3.2.7,,,,,,1.0,0.0,1.0,0.0,0.0,1.0,0.0,0.0,0.0,nan,nan,0.0,nan,0.0,0.0,nan,0.0,nan,nan,unsupported,35.760000000000005,33.4,none,0.0,0.0,0.0,,,,,,,,,,,,,0.02965485453605652,0.0,1.0,0.0,,,,,,,,,,,,,,,
reviewer1_sensor_factorial_development,reviewer1_sensor_factorial_development,configs/reviewer1_remaining/sensor_factorial_development/matched_conditions.yaml,noise_only,SensorizedPyBulletUAVWaypoint-v0,SensorizedPyBulletUAVWaypoint-v0,native_gymnasium_observation,sensorized_controller,15002,eval,40,40,-0.9480573602439836,40,1,-0.9480573602439836,20,0.0,40,0,nan,nan,0,1,2,0.92488730000332,0.3811495999980252,0.5437377000052948,0.3811495999980252,0.5437377000052948,a6856e5cafc085e89cbbb2e0fc8a8770c40029c1,1.8.0,dd539897a18ce6d787567c0969bf760cf4c6c2d331693676b7eab3ef6b71fe9b,True,3.12.13,2.12.0+cpu,2.4.6,1.2.3,3.1.0,2.1.0,3.2.7,,,,,,1.0,0.0,1.0,0.1,-0.005000000000000001,1.0,0.0,0.0,0.0,nan,nan,0.0,nan,0.0,0.0,nan,0.0,nan,nan,unsupported,394.645,380.0,mixed,0.0,0.0,0.0,,,,,,,,,,,,,0.0372156297788024,0.0,1.0,0.0,nan,nan,2,nan,nan,nan,nan,unavailable,unavailable,unavailable,nan,nan,0.0,unavailable,nan
reviewer1_sensor_factorial_development,reviewer1_sensor_factorial_development,configs/reviewer1_remaining/sensor_factorial_development/matched_conditions.yaml,noise_only,SensorizedPyBulletUAVWaypoint-v0,SensorizedPyBulletUAVWaypoint-v0,native_gymnasium_observation,sensorized_controller,15002,eval,40,40,-0.907652006149292,40,2,-0.907652006149292,20,0.0,40,0,nan,nan,0,1,2,0.9250742000003811,0.38133649999508634,0.5437377000052948,0.38133649999508634,0.5437377000052948,a6856e5cafc085e89cbbb2e0fc8a8770c40029c1,1.8.0,dd539897a18ce6d787567c0969bf760cf4c6c2d331693676b7eab3ef6b71fe9b,True,3.12.13,2.12.0+cpu,2.4.6,1.2.3,3.1.0,2.1.0,3.2.7,,,,,,1.0,0.0,1.0,0.15,-0.0075000000000000015,1.0,0.0,0.0,0.0,nan,nan,0.0,nan,0.0,0.0,nan,0.0,nan,nan,unsupported,520.47,432.15,mixed,0.0,0.0,0.0,,,,,,,,,,,,,0.03328441181220114,0.0,1.0,0.0,nan,nan,2,nan,nan,nan,nan,unavailable,unavailable,unavailable,nan,nan,0.0,unavailable,nan
reviewer1_sensor_factorial_development,reviewer1_sensor_factorial_development,configs/reviewer1_remaining/sensor_factorial_development/matched_conditions.yaml,noise_only,SensorizedPyBulletUAVWaypoint-v0,SensorizedPyBulletUAVWaypoint-v0,native_gymnasium_observation,sensorized_controller,15002,train,40,,,40,2,-0.9935097848298028,20,0.0,40,0,nan,nan,0,1,2,0.9353904000017792,0.39165269999648444,0.5437377000052948,0.39165269999648444,0.5437377000052948,a6856e5cafc085e89cbbb2e0fc8a8770c40029c1,1.8.0,dd539897a18ce6d787567c0969bf760cf4c6c2d331693676b7eab3ef6b71fe9b,True,3.12.13,2.12.0+cpu,2.4.6,1.2.3,3.1.0,2.1.0,3.2.7,,,,,,1.0,0.0,1.0,0.05,-0.0025000000000000005,1.0,0.0,0.0,0.0,nan,nan,0.0,nan,0.0,0.0,nan,0.0,nan,nan,unsupported,28.074999999999996,27.4,none,0.0,0.0,0.0,,,,,,,,,,,,,0.028132742270827293,0.0,1.0,0.0,,,,,,,,,,,,,,,
reviewer1_sensor_factorial_development,reviewer1_sensor_factorial_development,configs/reviewer1_remaining/sensor_factorial_development/matched_conditions.yaml,noise_only,SensorizedPyBulletUAVWaypoint-v0,SensorizedPyBulletUAVWaypoint-v0,native_gymnasium_observation,sensorized_controller,15002,train,60,,,60,3,-0.3398711418593302,20,0.0,60,0,nan,nan,0,1,2,1.1113898000039626,0.5676520999986678,0.5437377000052948,0.5676520999986678,0.5437377000052948,a6856e5cafc085e89cbbb2e0fc8a8770c40029c1,1.8.0,dd539897a18ce6d787567c0969bf760cf4c6c2d331693676b7eab3ef6b71fe9b,True,3.12.13,2.12.0+cpu,2.4.6,1.2.3,3.1.0,2.1.0,3.2.7,,,,,,1.0,0.0,0.1,0.05,-0.0025000000000000005,1.0,0.0,0.0,0.0,nan,nan,0.0,nan,0.0,0.0,nan,0.0,nan,nan,unsupported,30.869999999999997,29.65,none,0.0,0.0,0.0,,,,,,,,,,,,,0.03687492148019374,0.0,1.0,0.0,,,,,,,,,,,,,,,
reviewer1_sensor_factorial_development,reviewer1_sensor_factorial_development,configs/reviewer1_remaining/sensor_factorial_development/matched_conditions.yaml,noise_only,SensorizedPyBulletUAVWaypoint-v0,SensorizedPyBulletUAVWaypoint-v0,native_gymnasium_observation,sensorized_controller,15002,eval,80,80,-0.46737535373074934,80,1,-0.46737535373074934,20,0.0,80,0,nan,nan,0,2,2,1.8501447000016924,0.729937099997187,1.1202076000045054,0.729937099997187,1.1202076000045054,a6856e5cafc085e89cbbb2e0fc8a8770c40029c1,1.8.0,dd539897a18ce6d787567c0969bf760cf4c6c2d331693676b7eab3ef6b71fe9b,True,3.12.13,2.12.0+cpu,2.4.6,1.2.3,3.1.0,2.1.0,3.2.7,,,,,,1.0,0.0,0.4,0.3,-0.015000000000000003,1.0,0.0,0.0,0.0,nan,nan,0.0,nan,0.0,0.0,nan,0.0,nan,nan,unsupported,418.21999999999997,374.6,mixed,0.0,0.0,0.0,,,,,,,,,,,,,0.03294675825163722,0.0,1.0,0.0,nan,nan,20,nan,nan,nan,nan,unavailable,unavailable,unavailable,nan,nan,0.0,unavailable,nan
reviewer1_sensor_factorial_development,reviewer1_sensor_factorial_development,configs/reviewer1_remaining/sensor_factorial_development/matched_conditions.yaml,noise_only,SensorizedPyBulletUAVWaypoint-v0,SensorizedPyBulletUAVWaypoint-v0,native_gymnasium_observation,sensorized_controller,15002,eval,80,80,-0.10004578256979584,80,2,-0.10004578256979584,20,0.0,80,0,nan,nan,0,2,2,1.8503309000225272,0.7301233000180218,1.1202076000045054,0.7301233000180218,1.1202076000045054,a6856e5cafc085e89cbbb2e0fc8a8770c40029c1,1.8.0,dd539897a18ce6d787567c0969bf760cf4c6c2d331693676b7eab3ef6b71fe9b,True,3.12.13,2.12.0+cpu,2.4.6,1.2.3,3.1.0,2.1.0,3.2.7,,,,,,1.0,0.0,0.0,0.15,-0.0075000000000000015,1.0,0.0,0.0,0.0,nan,nan,0.0,nan,0.0,0.0,nan,0.0,nan,nan,unsupported,369.65500000000003,356.8,mixed,0.0,0.0,0.0,,,,,,,,,,,,,0.031221745954826473,0.0,1.0,0.0,nan,nan,8,nan,nan,nan,nan,unavailable,unavailable,unavailable,nan,nan,0.0,unavailable,nan
reviewer1_sensor_factorial_development,reviewer1_sensor_factorial_development,configs/reviewer1_remaining/sensor_factorial_development/matched_conditions.yaml,noise_only,SensorizedPyBulletUAVWaypoint-v0,SensorizedPyBulletUAVWaypoint-v0,native_gymnasium_observation,sensorized_controller,15002,train,80,,,80,4,-0.23330811000429091,20,0.0,80,0,nan,nan,0,2,2,1.853398000006564,0.7331904000020586,1.1202076000045054,0.7331904000020586,1.1202076000045054,a6856e5cafc085e89cbbb2e0fc8a8770c40029c1,1.8.0,dd539897a18ce6d787567c0969bf760cf4c6c2d331693676b7eab3ef6b71fe9b,True,3.12.13,2.12.0+cpu,2.4.6,1.2.3,3.1.0,2.1.0,3.2.7,,,,,,1.0,0.0,0.0,0.0,0.0,1.0,0.0,0.0,0.0,nan,nan,0.0,nan,0.0,0.0,nan,0.0,nan,nan,unsupported,30.945000000000004,28.5,none,0.0,0.0,0.0,,,,,,,,,,,,,0.028669924335554244,0.0,1.0,0.0,,,,,,,,,,,,,,,
reviewer1_sensor_factorial_development,reviewer1_sensor_factorial_development,configs/reviewer1_remaining/sensor_factorial_development/matched_conditions.yaml,noise_only,SensorizedPyBulletUAVWaypoint-v0,SensorizedPyBulletUAVWaypoint-v0,native_gymnasium_observation,sensorized_controller,15003,train,20,,,20,1,-0.9168409600667653,20,0.0,20,0,nan,nan,0,0,2,0.25503449997631833,0.25503449997631833,0.0,0.25503449997631833,0.0,a6856e5cafc085e89cbbb2e0fc8a8770c40029c1,1.8.0,dd539897a18ce6d787567c0969bf760cf4c6c2d331693676b7eab3ef6b71fe9b,True,3.12.13,2.12.0+cpu,2.4.6,1.2.3,3.1.0,2.1.0,3.2.7,,,,,,1.0,0.0,0.95,0.0,0.0,1.0,0.0,0.0,0.0,nan,nan,0.0,nan,0.0,0.0,nan,0.0,nan,nan,unsupported,36.95,35.6,none,0.0,0.0,0.0,,,,,,,,,,,,,0.035039686551317575,0.0,1.0,0.0,,,,,,,,,,,,,,,
reviewer1_sensor_factorial_development,reviewer1_sensor_factorial_development,configs/reviewer1_remaining/sensor_factorial_development/matched_conditions.yaml,noise_only,SensorizedPyBulletUAVWaypoint-v0,SensorizedPyBulletUAVWaypoint-v0,native_gymnasium_observation,sensorized_controller,15003,eval,40,40,-0.943548645246774,40,1,-0.943548645246774,20,0.0,40,0,nan,nan,0,1,2,0.9258060999854933,0.3962887999950908,0.5295172999904025,0.3962887999950908,0.5295172999904025,a6856e5cafc085e89cbbb2e0fc8a8770c40029c1,1.8.0,dd539897a18ce6d787567c0969bf760cf4c6c2d331693676b7eab3ef6b71fe9b,True,3.12.13,2.12.0+cpu,2.4.6,1.2.3,3.1.0,2.1.0,3.2.7,,,,,,1.0,0.0,1.0,0.25,-0.012500000000000002,1.0,0.0,0.0,0.0,nan,nan,0.0,nan,0.0,0.0,nan,0.0,nan,nan,unsupported,390.93,362.6,mixed,0.0,0.0,0.0,,,,,,,,,,,,,0.033005194179713725,0.0,1.0,0.0,nan,nan,8,nan,nan,nan,nan,unavailable,unavailable,unavailable,nan,nan,0.0,unavailable,nan
reviewer1_sensor_factorial_development,reviewer1_sensor_factorial_development,configs/reviewer1_remaining/sensor_factorial_development/matched_conditions.yaml,noise_only,SensorizedPyBulletUAVWaypoint-v0,SensorizedPyBulletUAVWaypoint-v0,native_gymnasium_observation,sensorized_controller,15003,eval,40,40,-0.9294895195215941,40,2,-0.9294895195215941,20,0.0,40,0,nan,nan,0,1,2,0.9260244999895804,0.39650719999917783,0.5295172999904025,0.39650719999917783,0.5295172999904025,a6856e5cafc085e89cbbb2e0fc8a8770c40029c1,1.8.0,dd539897a18ce6d787567c0969bf760cf4c6c2d331693676b7eab3ef6b71fe9b,True,3.12.13,2.12.0+cpu,2.4.6,1.2.3,3.1.0,2.1.0,3.2.7,,,,,,1.0,0.0,1.0,0.25,-0.012500000000000002,1.0,0.0,0.0,0.0,nan,nan,0.0,nan,0.0,0.0,nan,0.0,nan,nan,unsupported,404.90999999999997,373.29999999999995,mixed,0.0,0.0,0.0,,,,,,,,,,,,,0.03374549583531916,0.0,1.0,0.0,nan,nan,26,nan,nan,nan,nan,unavailable,unavailable,unavailable,nan,nan,0.0,unavailable,nan
reviewer1_sensor_factorial_development,reviewer1_sensor_factorial_development,configs/reviewer1_remaining/sensor_factorial_development/matched_conditions.yaml,noise_only,SensorizedPyBulletUAVWaypoint-v0,SensorizedPyBulletUAVWaypoint-v0,native_gymnasium_observation,sensorized_controller,15003,train,40,,,40,2,-0.9790884656319394,20,0.0,40,0,nan,nan,0,1,2,0.9326078000012785,0.403090500010876,0.5295172999904025,0.403090500010876,0.5295172999904025,a6856e5cafc085e89cbbb2e0fc8a8770c40029c1,1.8.0,dd539897a18ce6d787567c0969bf760cf4c6c2d331693676b7eab3ef6b71fe9b,True,3.12.13,2.12.0+cpu,2.4.6,1.2.3,3.1.0,2.1.0,3.2.7,,,,,,1.0,0.0,1.0,0.0,0.0,1.0,0.0,0.0,0.0,nan,nan,0.0,nan,0.0,0.0,nan,0.0,nan,nan,unsupported,33.19,31.5,none,0.0,0.0,0.0,,,,,,,,,,,,,0.028624412789940833,0.0,1.0,0.0,,,,,,,,,,,,,,,
reviewer1_sensor_factorial_development,reviewer1_sensor_factorial_development,configs/reviewer1_remaining/sensor_factorial_development/matched_conditions.yaml,noise_only,SensorizedPyBulletUAVWaypoint-v0,SensorizedPyBulletUAVWaypoint-v0,native_gymnasium_observation,sensorized_controller,15003,train,60,,,60,3,-1.0234440643992275,20,0.0,60,0,nan,nan,0,1,2,1.1183936999877915,0.5888763999973889,0.5295172999904025,0.5888763999973889,0.5295172999904025,a6856e5cafc085e89cbbb2e0fc8a8770c40029c1,1.8.0,dd539897a18ce6d787567c0969bf760cf4c6c2d331693676b7eab3ef6b71fe9b,True,3.12.13,2.12.0+cpu,2.4.6,1.2.3,3.1.0,2.1.0,3.2.7,,,,,,1.0,0.0,1.0,0.15,-0.0075000000000000015,1.0,0.0,0.0,0.0,nan,nan,0.0,nan,0.0,0.0,nan,0.0,nan,nan,unsupported,35.47500000000001,33.05,none,0.0,0.0,0.0,,,,,,,,,,,,,0.031642596470192075,0.0,1.0,0.0,,,,,,,,,,,,,,,
reviewer1_sensor_factorial_development,reviewer1_sensor_factorial_development,configs/reviewer1_remaining/sensor_factorial_development/matched_conditions.yaml,noise_only,SensorizedPyBulletUAVWaypoint-v0,SensorizedPyBulletUAVWaypoint-v0,native_gymnasium_observation,sensorized_controller,15003,eval,80,80,-0.8990823797415943,80,1,-0.8990823797415943,20,0.0,80,0,nan,nan,0,2,2,1.857204300002195,0.751246700034244,1.105957599967951,0.751246700034244,1.105957599967951,a6856e5cafc085e89cbbb2e0fc8a8770c40029c1,1.8.0,dd539897a18ce6d787567c0969bf760cf4c6c2d331693676b7eab3ef6b71fe9b,True,3.12.13,2.12.0+cpu,2.4.6,1.2.3,3.1.0,2.1.0,3.2.7,,,,,,1.0,0.0,1.0,0.2,-0.010000000000000002,1.0,0.0,0.0,0.0,nan,nan,0.0,nan,0.0,0.0,nan,0.0,nan,nan,unsupported,395.085,382.0,mixed,0.0,0.0,0.0,,,,,,,,,,,,,0.029566338891163467,0.0,1.0,0.0,nan,nan,26,nan,nan,nan,nan,unavailable,unavailable,unavailable,nan,nan,0.0,unavailable,nan
reviewer1_sensor_factorial_development,reviewer1_sensor_factorial_development,configs/reviewer1_remaining/sensor_factorial_development/matched_conditions.yaml,noise_only,SensorizedPyBulletUAVWaypoint-v0,SensorizedPyBulletUAVWaypoint-v0,native_gymnasium_observation,sensorized_controller,15003,eval,80,80,-0.9497397202253343,80,2,-0.9497397202253343,20,0.0,80,0,nan,nan,0,2,2,1.8574235999840312,0.7514660000160802,1.105957599967951,0.7514660000160802,1.105957599967951,a6856e5cafc085e89cbbb2e0fc8a8770c40029c1,1.8.0,dd539897a18ce6d787567c0969bf760cf4c6c2d331693676b7eab3ef6b71fe9b,True,3.12.13,2.12.0+cpu,2.4.6,1.2.3,3.1.0,2.1.0,3.2.7,,,,,,1.0,0.0,1.0,0.0,0.0,1.0,0.0,0.0,0.0,nan,nan,0.0,nan,0.0,0.0,nan,0.0,nan,nan,unsupported,410.71999999999997,370.04999999999995,mixed,0.0,0.0,0.0,,,,,,,,,,,,,0.029916083579882978,0.0,1.0,0.0,nan,nan,20,nan,nan,nan,nan,unavailable,unavailable,unavailable,nan,nan,0.0,unavailable,nan
reviewer1_sensor_factorial_development,reviewer1_sensor_factorial_development,configs/reviewer1_remaining/sensor_factorial_development/matched_conditions.yaml,noise_only,SensorizedPyBulletUAVWaypoint-v0,SensorizedPyBulletUAVWaypoint-v0,native_gymnasium_observation,sensorized_controller,15003,train,80,,,80,4,-0.23781555941328408,20,0.0,80,0,nan,nan,0,2,2,1.8617072999768425,0.7557497000088915,1.105957599967951,0.7557497000088915,1.105957599967951,a6856e5cafc085e89cbbb2e0fc8a8770c40029c1,1.8.0,dd539897a18ce6d787567c0969bf760cf4c6c2d331693676b7eab3ef6b71fe9b,True,3.12.13,2.12.0+cpu,2.4.6,1.2.3,3.1.0,2.1.0,3.2.7,,,,,,1.0,0.0,0.0,0.05,-0.0025000000000000005,1.0,0.0,0.0,0.0,nan,nan,0.0,nan,0.0,0.0,nan,0.0,nan,nan,unsupported,31.32,29.75,none,0.0,0.0,0.0,,,,,,,,,,,,,0.022847238765098154,0.0,1.0,0.0,,,,,,,,,,,,,,,
reviewer1_sensor_factorial_development,reviewer1_sensor_factorial_development,configs/reviewer1_remaining/sensor_factorial_development/matched_conditions.yaml,range_dropout_only,SensorizedPyBulletUAVWaypoint-v0,SensorizedPyBulletUAVWaypoint-v0,native_gymnasium_observation,dqn,15002,train,20,,,20,1,-1.0151569248735903,20,0.0,20,0,nan,nan,0,0,2,0.22756040000240318,0.22756040000240318,0.0,0.22756040000240318,0.0,a6856e5cafc085e89cbbb2e0fc8a8770c40029c1,1.8.0,dd539897a18ce6d787567c0969bf760cf4c6c2d331693676b7eab3ef6b71fe9b,True,3.12.13,2.12.0+cpu,2.4.6,1.2.3,3.1.0,2.1.0,3.2.7,,,,,,1.0,0.0,1.0,0.0,0.0,1.0,0.0,0.5,0.0,nan,nan,0.0,nan,0.0,0.0,nan,0.5,nan,nan,unsupported,85.265,31.8,neural,0.0,0.0,0.0,,,,,,,,,,,,,0.0,0.2,1.0,0.0,,,,,,,,,,,,,,,
reviewer1_sensor_factorial_development,reviewer1_sensor_factorial_development,configs/reviewer1_remaining/sensor_factorial_development/matched_conditions.yaml,range_dropout_only,SensorizedPyBulletUAVWaypoint-v0,SensorizedPyBulletUAVWaypoint-v0,native_gymnasium_observation,dqn,15002,eval,40,40,-1.1141097559873014,40,1,-1.1141097559873014,20,0.0,40,3,0.005715179645145933,0.0068928515538573265,0,1,2,0.9598686000099406,0.4116275999986101,0.5482410000113305,0.4116275999986101,0.5482410000113305,a6856e5cafc085e89cbbb2e0fc8a8770c40029c1,1.8.0,dd539897a18ce6d787567c0969bf760cf4c6c2d331693676b7eab3ef6b71fe9b,True,3.12.13,2.12.0+cpu,2.4.6,1.2.3,3.1.0,2.1.0,3.2.7,,,,,,1.0,0.0,1.0,0.0,0.0,1.0,0.0,1.0,0.0,nan,nan,0.0,nan,0.0,0.0,nan,1.0,nan,nan,unsupported,1078.905,1120.0,neural,0.0,0.0,0.0,,,,,,,,,,,,,0.0,0.3,1.0,0.0,nan,nan,6,nan,nan,nan,nan,unavailable,unavailable,unavailable,nan,nan,0.0,unavailable,nan
reviewer1_sensor_factorial_development,reviewer1_sensor_factorial_development,configs/reviewer1_remaining/sensor_factorial_development/matched_conditions.yaml,range_dropout_only,SensorizedPyBulletUAVWaypoint-v0,SensorizedPyBulletUAVWaypoint-v0,native_gymnasium_observation,dqn,15002,eval,40,40,-1.0734973585419358,40,2,-1.0734973585419358,20,0.0,40,3,0.005715179645145933,0.0068928515538573265,0,1,2,0.9601340999943204,0.41189309998298995,0.5482410000113305,0.41189309998298995,0.5482410000113305,a6856e5cafc085e89cbbb2e0fc8a8770c40029c1,1.8.0,dd539897a18ce6d787567c0969bf760cf4c6c2d331693676b7eab3ef6b71fe9b,True,3.12.13,2.12.0+cpu,2.4.6,1.2.3,3.1.0,2.1.0,3.2.7,,,,,,1.0,0.0,1.0,0.0,0.0,1.0,0.0,1.0,0.0,nan,nan,0.0,nan,0.0,0.0,nan,1.0,nan,nan,unsupported,1072.435,1048.9499999999998,neural,0.0,0.0,0.0,,,,,,,,,,,,,0.0,0.1,1.0,0.0,nan,nan,6,nan,nan,nan,nan,unavailable,unavailable,unavailable,nan,nan,0.0,unavailable,nan
reviewer1_sensor_factorial_development,reviewer1_sensor_factorial_development,configs/reviewer1_remaining/sensor_factorial_development/matched_conditions.yaml,range_dropout_only,SensorizedPyBulletUAVWaypoint-v0,SensorizedPyBulletUAVWaypoint-v0,native_gymnasium_observation,dqn,15002,train,40,,,40,2,-1.0411711939889938,20,0.0,40,3,0.005715179645145933,0.0068928515538573265,0,1,2,0.9678865000023507,0.4196454999910202,0.5482410000113305,0.4196454999910202,0.5482410000113305,a6856e5cafc085e89cbbb2e0fc8a8770c40029c1,1.8.0,dd539897a18ce6d787567c0969bf760cf4c6c2d331693676b7eab3ef6b71fe9b,True,3.12.13,2.12.0+cpu,2.4.6,1.2.3,3.1.0,2.1.0,3.2.7,,,,,,1.0,0.0,1.0,0.0,0.0,0.7,0.0,1.0,0.0,nan,nan,0.0,nan,0.3,0.3,nan,1.0,nan,nan,unsupported,656.6299999999999,827.75,neural,0.0,0.0,0.0,,,,,,,,,,,,,0.0,0.2,1.0,0.0,,,,,,,,,,,,,,,
reviewer1_sensor_factorial_development,reviewer1_sensor_factorial_development,configs/reviewer1_remaining/sensor_factorial_development/matched_conditions.yaml,range_dropout_only,SensorizedPyBulletUAVWaypoint-v0,SensorizedPyBulletUAVWaypoint-v0,native_gymnasium_observation,dqn,15002,train,60,,,60,3,-0.12733940634876492,20,0.0,60,8,0.005558123724767938,0.0068928515538573265,0,1,2,1.173857699992368,0.6256166999810375,0.5482410000113305,0.6256166999810375,0.5482410000113305,a6856e5cafc085e89cbbb2e0fc8a8770c40029c1,1.8.0,dd539897a18ce6d787567c0969bf760cf4c6c2d331693676b7eab3ef6b71fe9b,True,3.12.13,2.12.0+cpu,2.4.6,1.2.3,3.1.0,2.1.0,3.2.7,,,,,,1.0,0.0,0.0,0.0,0.0,0.9,0.0,1.0,0.0,nan,nan,0.0,nan,0.1,0.1,nan,1.0,nan,nan,unsupported,651.6949999999999,820.75,neural,0.0,0.0,0.0,,,,,,,,,,,,,0.0,0.15,1.0,0.0,,,,,,,,,,,,,,,
reviewer1_sensor_factorial_development,reviewer1_sensor_factorial_development,configs/reviewer1_remaining/sensor_factorial_development/matched_conditions.yaml,range_dropout_only,SensorizedPyBulletUAVWaypoint-v0,SensorizedPyBulletUAVWaypoint-v0,native_gymnasium_observation,dqn,15002,eval,80,80,-0.1717708364967257,80,1,-0.1717708364967257,20,0.0,80,13,0.004603308768799672,0.0068928515538573265,0,2,2,1.9359246999956667,0.8384794999728911,1.0974452000227757,0.8384794999728911,1.0974452000227757,a6856e5cafc085e89cbbb2e0fc8a8770c40029c1,1.8.0,dd539897a18ce6d787567c0969bf760cf4c6c2d331693676b7eab3ef6b71fe9b,True,3.12.13,2.12.0+cpu,2.4.6,1.2.3,3.1.0,2.1.0,3.2.7,,,,,,1.0,0.0,0.0,0.0,0.0,1.0,0.0,1.0,0.0,nan,nan,0.0,nan,0.0,0.0,nan,1.0,nan,nan,unsupported,1071.28,1020.0999999999999,neural,0.0,0.0,0.0,,,,,,,,,,,,,0.0,0.15,1.0,0.0,nan,nan,23,nan,nan,nan,nan,unavailable,unavailable,unavailable,nan,nan,0.0,unavailable,nan
reviewer1_sensor_factorial_development,reviewer1_sensor_factorial_development,configs/reviewer1_remaining/sensor_factorial_development/matched_conditions.yaml,range_dropout_only,SensorizedPyBulletUAVWaypoint-v0,SensorizedPyBulletUAVWaypoint-v0,native_gymnasium_observation,dqn,15002,eval,80,80,-0.13366501240059733,80,2,-0.13366501240059733,20,0.0,80,13,0.004603308768799672,0.0068928515538573265,0,2,2,1.9361342999909539,0.8386890999681782,1.0974452000227757,0.8386890999681782,1.0974452000227757,a6856e5cafc085e89cbbb2e0fc8a8770c40029c1,1.8.0,dd539897a18ce6d787567c0969bf760cf4c6c2d331693676b7eab3ef6b71fe9b,True,3.12.13,2.12.0+cpu,2.4.6,1.2.3,3.1.0,2.1.0,3.2.7,,,,,,1.0,0.0,0.0,0.0,0.0,1.0,0.0,1.0,0.0,nan,nan,0.0,nan,0.0,0.0,nan,1.0,nan,nan,unsupported,923.8399999999999,902.4000000000001,neural,0.0,0.0,0.0,,,,,,,,,,,,,0.0,0.1,1.0,0.0,nan,nan,23,nan,nan,nan,nan,unavailable,unavailable,unavailable,nan,nan,0.0,unavailable,nan
reviewer1_sensor_factorial_development,reviewer1_sensor_factorial_development,configs/reviewer1_remaining/sensor_factorial_development/matched_conditions.yaml,range_dropout_only,SensorizedPyBulletUAVWaypoint-v0,SensorizedPyBulletUAVWaypoint-v0,native_gymnasium_observation,dqn,15002,train,80,,,80,4,-0.1876264189369977,20,0.0,80,13,0.004603308768799672,0.0068928515538573265,0,2,2,1.9378586999955587,0.840413499972783,1.0974452000227757,0.840413499972783,1.0974452000227757,a6856e5cafc085e89cbbb2e0fc8a8770c40029c1,1.8.0,dd539897a18ce6d787567c0969bf760cf4c6c2d331693676b7eab3ef6b71fe9b,True,3.12.13,2.12.0+cpu,2.4.6,1.2.3,3.1.0,2.1.0,3.2.7,,,,,,1.0,0.0,0.0,0.05,-0.0025000000000000005,0.7,0.0,1.0,0.0,nan,nan,0.0,nan,0.3,0.3,nan,1.0,nan,nan,unsupported,1126.8200000000002,862.05,neural,0.0,0.0,0.0,,,,,,,,,,,,,0.0,0.15,1.0,0.0,,,,,,,,,,,,,,,
reviewer1_sensor_factorial_development,reviewer1_sensor_factorial_development,configs/reviewer1_remaining/sensor_factorial_development/matched_conditions.yaml,range_dropout_only,SensorizedPyBulletUAVWaypoint-v0,SensorizedPyBulletUAVWaypoint-v0,native_gymnasium_observation,dqn,15003,train,20,,,20,1,-0.9650195746589452,20,0.0,20,0,nan,nan,0,0,2,0.23024370000348426,0.23024370000348426,0.0,0.23024370000348426,0.0,a6856e5cafc085e89cbbb2e0fc8a8770c40029c1,1.8.0,dd539897a18ce6d787567c0969bf760cf4c6c2d331693676b7eab3ef6b71fe9b,True,3.12.13,2.12.0+cpu,2.4.6,1.2.3,3.1.0,2.1.0,3.2.7,,,,,,1.0,0.0,1.0,0.0,0.0,1.0,0.0,0.25,0.0,nan,nan,0.0,nan,0.0,0.0,nan,0.25,nan,nan,unsupported,82.7,30.9,none,0.0,0.0,0.0,,,,,,,,,,,,,0.0,0.2,1.0,0.0,,,,,,,,,,,,,,,
reviewer1_sensor_factorial_development,reviewer1_sensor_factorial_development,configs/reviewer1_remaining/sensor_factorial_development/matched_conditions.yaml,range_dropout_only,SensorizedPyBulletUAVWaypoint-v0,SensorizedPyBulletUAVWaypoint-v0,native_gymnasium_observation,dqn,15003,eval,40,40,-0.9287961330823602,40,1,-0.9287961330823602,20,0.0,40,3,0.011677795400222143,0.014217385090887547,0,1,2,0.9492808999784756,0.41652489997795783,0.5327560000005178,0.41652489997795783,0.5327560000005178,a6856e5cafc085e89cbbb2e0fc8a8770c40029c1,1.8.0,dd539897a18ce6d787567c0969bf760cf4c6c2d331693676b7eab3ef6b71fe9b,True,3.12.13,2.12.0+cpu,2.4.6,1.2.3,3.1.0,2.1.0,3.2.7,,,,,,1.0,0.0,1.0,0.0,0.0,1.0,0.0,1.0,0.0,nan,nan,0.0,nan,0.0,0.0,nan,1.0,nan,nan,unsupported,1003.8499999999998,966.45,neural,0.0,0.0,0.0,,,,,,,,,,,,,0.0,0.3,1.0,0.0,nan,nan,7,nan,nan,nan,nan,unavailable,unavailable,unavailable,nan,nan,0.0,unavailable,nan
reviewer1_sensor_factorial_development,reviewer1_sensor_factorial_development,configs/reviewer1_remaining/sensor_factorial_development/matched_conditions.yaml,range_dropout_only,SensorizedPyBulletUAVWaypoint-v0,SensorizedPyBulletUAVWaypoint-v0,native_gymnasium_observation,dqn,15003,eval,40,40,-1.168503694087267,40,2,-1.168503694087267,20,0.0,40,3,0.011677795400222143,0.014217385090887547,0,1,2,0.9494794999773148,0.41672349997679703,0.5327560000005178,0.41672349997679703,0.5327560000005178,a6856e5cafc085e89cbbb2e0fc8a8770c40029c1,1.8.0,dd539897a18ce6d787567c0969bf760cf4c6c2d331693676b7eab3ef6b71fe9b,True,3.12.13,2.12.0+cpu,2.4.6,1.2.3,3.1.0,2.1.0,3.2.7,,,,,,1.0,0.0,1.0,0.0,0.0,1.0,0.0,1.0,0.0,nan,nan,0.0,nan,0.0,0.0,nan,1.0,nan,nan,unsupported,1134.3899999999999,1150.65,neural,0.0,0.0,0.0,,,,,,,,,,,,,0.0,0.3,1.0,0.0,nan,nan,0,nan,nan,nan,nan,unavailable,unavailable,unavailable,nan,nan,0.0,unavailable,nan
reviewer1_sensor_factorial_development,reviewer1_sensor_factorial_development,configs/reviewer1_remaining/sensor_factorial_development/matched_conditions.yaml,range_dropout_only,SensorizedPyBulletUAVWaypoint-v0,SensorizedPyBulletUAVWaypoint-v0,native_gymnasium_observation,dqn,15003,train,40,,,40,2,-0.9588260003738105,20,0.0,40,3,0.011677795400222143,0.014217385090887547,0,1,2,0.9547486999945249,0.4219926999940071,0.5327560000005178,0.4219926999940071,0.5327560000005178,a6856e5cafc085e89cbbb2e0fc8a8770c40029c1,1.8.0,dd539897a18ce6d787567c0969bf760cf4c6c2d331693676b7eab3ef6b71fe9b,True,3.12.13,2.12.0+cpu,2.4.6,1.2.3,3.1.0,2.1.0,3.2.7,,,,,,1.0,0.0,1.0,0.05,-0.0025000000000000005,1.0,0.0,1.0,0.0,nan,nan,0.0,nan,0.0,0.0,nan,1.0,nan,nan,unsupported,453.625,39.900000000000006,neural,0.0,0.0,0.0,,,,,,,,,,,,,0.0,0.15,1.0,0.0,,,,,,,,,,,,,,,
reviewer1_sensor_factorial_development,reviewer1_sensor_factorial_development,configs/reviewer1_remaining/sensor_factorial_development/matched_conditions.yaml,range_dropout_only,SensorizedPyBulletUAVWaypoint-v0,SensorizedPyBulletUAVWaypoint-v0,native_gymnasium_observation,dqn,15003,train,60,,,60,3,-1.1055717716412619,20,0.0,60,8,0.008818335423711687,0.014217385090887547,0,1,2,1.160899199981941,0.6281431999814231,0.5327560000005178,0.6281431999814231,0.5327560000005178,a6856e5cafc085e89cbbb2e0fc8a8770c40029c1,1.8.0,dd539897a18ce6d787567c0969bf760cf4c6c2d331693676b7eab3ef6b71fe9b,True,3.12.13,2.12.0+cpu,2.4.6,1.2.3,3.1.0,2.1.0,3.2.7,,,,,,1.0,0.0,1.0,0.0,0.0,0.75,0.0,1.0,0.0,nan,nan,0.0,nan,0.25,0.25,nan,1.0,nan,nan,unsupported,560.065,768.9,neural,0.0,0.0,0.0,,,,,,,,,,,,,0.0,0.15,1.0,0.0,,,,,,,,,,,,,,,
reviewer1_sensor_factorial_development,reviewer1_sensor_factorial_development,configs/reviewer1_remaining/sensor_factorial_development/matched_conditions.yaml,range_dropout_only,SensorizedPyBulletUAVWaypoint-v0,SensorizedPyBulletUAVWaypoint-v0,native_gymnasium_observation,dqn,15003,eval,80,80,-1.1844252278096976,80,1,-1.1844252278096976,20,0.0,80,13,0.008079209938072242,0.014217385090887547,0,2,2,1.920380399998976,0.8278418999980204,1.0925385000009555,0.8278418999980204,1.0925385000009555,a6856e5cafc085e89cbbb2e0fc8a8770c40029c1,1.8.0,dd539897a18ce6d787567c0969bf760cf4c6c2d331693676b7eab3ef6b71fe9b,True,3.12.13,2.12.0+cpu,2.4.6,1.2.3,3.1.0,2.1.0,3.2.7,,,,,,1.0,0.0,1.0,0.0,0.0,1.0,0.0,1.0,0.0,nan,nan,0.0,nan,0.0,0.0,nan,1.0,nan,nan,unsupported,1022.47,1009.45,neural,0.0,0.0,0.0,,,,,,,,,,,,,0.0,0.15,1.0,0.0,nan,nan,0,nan,nan,nan,nan,unavailable,unavailable,unavailable,nan,nan,0.0,unavailable,nan
reviewer1_sensor_factorial_development,reviewer1_sensor_factorial_development,configs/reviewer1_remaining/sensor_factorial_development/matched_conditions.yaml,range_dropout_only,SensorizedPyBulletUAVWaypoint-v0,SensorizedPyBulletUAVWaypoint-v0,native_gymnasium_observation,dqn,15003,eval,80,80,-1.1077790099382403,80,2,-1.1077790099382403,20,0.0,80,13,0.008079209938072242,0.014217385090887547,0,2,2,1.9205737999873236,0.828035299986368,1.0925385000009555,0.828035299986368,1.0925385000009555,a6856e5cafc085e89cbbb2e0fc8a8770c40029c1,1.8.0,dd539897a18ce6d787567c0969bf760cf4c6c2d331693676b7eab3ef6b71fe9b,True,3.12.13,2.12.0+cpu,2.4.6,1.2.3,3.1.0,2.1.0,3.2.7,,,,,,1.0,0.0,1.0,0.0,0.0,1.0,0.0,1.0,0.0,nan,nan,0.0,nan,0.0,0.0,nan,1.0,nan,nan,unsupported,872.6700000000001,857.75,neural,0.0,0.0,0.0,,,,,,,,,,,,,0.0,0.15,1.0,0.0,nan,nan,0,nan,nan,nan,nan,unavailable,unavailable,unavailable,nan,nan,0.0,unavailable,nan
reviewer1_sensor_factorial_development,reviewer1_sensor_factorial_development,configs/reviewer1_remaining/sensor_factorial_development/matched_conditions.yaml,range_dropout_only,SensorizedPyBulletUAVWaypoint-v0,SensorizedPyBulletUAVWaypoint-v0,native_gymnasium_observation,dqn,15003,train,80,,,80,4,-0.3322195572219788,20,0.0,80,13,0.008079209938072242,0.014217385090887547,0,2,2,1.9219018000003416,0.8293632999993861,1.0925385000009555,0.8293632999993861,1.0925385000009555,a6856e5cafc085e89cbbb2e0fc8a8770c40029c1,1.8.0,dd539897a18ce6d787567c0969bf760cf4c6c2d331693676b7eab3ef6b71fe9b,True,3.12.13,2.12.0+cpu,2.4.6,1.2.3,3.1.0,2.1.0,3.2.7,,,,,,1.0,0.0,0.15,0.0,0.0,0.8,0.0,1.0,0.0,nan,nan,0.0,nan,0.2,0.2,nan,1.0,nan,nan,unsupported,724.865,794.9000000000001,neural,0.0,0.0,0.0,,,,,,,,,,,,,0.0,0.1,1.0,0.0,,,,,,,,,,,,,,,
reviewer1_sensor_factorial_development,reviewer1_sensor_factorial_development,configs/reviewer1_remaining/sensor_factorial_development/matched_conditions.yaml,range_dropout_only,SensorizedPyBulletUAVWaypoint-v0,SensorizedPyBulletUAVWaypoint-v0,native_gymnasium_observation,fuzzy_relative_reliability,15002,train,20,,,20,1,-1.0151569248735903,20,0.0,20,0,nan,nan,0,0,2,0.2630615000089165,0.2630615000089165,0.0,0.2630615000089165,0.0,a6856e5cafc085e89cbbb2e0fc8a8770c40029c1,1.8.0,dd539897a18ce6d787567c0969bf760cf4c6c2d331693676b7eab3ef6b71fe9b,True,3.12.13,2.12.0+cpu,2.4.6,1.2.3,3.1.0,2.1.0,3.2.7,0.0,0.0,0.3601519,0.3700770644033142,17.0,1.0,0.0,1.0,0.0,0.0,1.0,0.0,0.5,0.0,0.0,0.0,0.0,0.8536100769014862,0.0,0.0,0.0,0.5,10.0,1.0,support-boundary collapse,131.62499999999997,49.15,neural,17.0,459.0,3468.0,0.0,0,nan,0.0,nan,exact_count,raw_state,none,3.81e-05,1632,,,0.0,0.2,1.0,0.0,,,,,,,,,,,,,,,
reviewer1_sensor_factorial_development,reviewer1_sensor_factorial_development,configs/reviewer1_remaining/sensor_factorial_development/matched_conditions.yaml,range_dropout_only,SensorizedPyBulletUAVWaypoint-v0,SensorizedPyBulletUAVWaypoint-v0,native_gymnasium_observation,fuzzy_relative_reliability,15002,eval,40,40,-1.1141097559873014,40,1,-1.1141097559873014,20,0.0,40,3,0.005711098589623968,0.0068928515538573265,0,1,2,1.099393600015901,0.4833556000085082,0.6160380000073928,0.4833556000085082,0.6160380000073928,a6856e5cafc085e89cbbb2e0fc8a8770c40029c1,1.8.0,dd539897a18ce6d787567c0969bf760cf4c6c2d331693676b7eab3ef6b71fe9b,True,3.12.13,2.12.0+cpu,2.4.6,1.2.3,3.1.0,2.1.0,3.2.7,0.06449908287619298,0.0,0.1307923,0.13916965922511118,32.0,1.0,0.0,1.0,0.0,0.0,1.0,0.0,1.0,0.0,0.0,0.0,0.0,0.9708144089226227,0.0,0.0,0.0,1.0,20.0,1.0,support-boundary collapse,1806.4,1829.1,neural,32.0,864.0,6528.0,0.0,0,nan,0.0,nan,exact_count,raw_state,none,2.58e-05,3072,,,0.0,0.3,1.0,0.0,nan,nan,6,nan,nan,nan,nan,unavailable,unavailable,unavailable,nan,nan,0.0,unavailable,nan
reviewer1_sensor_factorial_development,reviewer1_sensor_factorial_development,configs/reviewer1_remaining/sensor_factorial_development/matched_conditions.yaml,range_dropout_only,SensorizedPyBulletUAVWaypoint-v0,SensorizedPyBulletUAVWaypoint-v0,native_gymnasium_observation,fuzzy_relative_reliability,15002,eval,40,40,-1.0734973585419358,40,2,-1.0734973585419358,20,0.0,40,3,0.005711098589623968,0.0068928515538573265,0,1,2,1.0996383000165224,0.48360030000912957,0.6160380000073928,0.48360030000912957,0.6160380000073928,a6856e5cafc085e89cbbb2e0fc8a8770c40029c1,1.8.0,dd539897a18ce6d787567c0969bf760cf4c6c2d331693676b7eab3ef6b71fe9b,True,3.12.13,2.12.0+cpu,2.4.6,1.2.3,3.1.0,2.1.0,3.2.7,0.06449908287619298,0.0,0.1307923,0.13916965922511118,32.0,1.0,0.0,1.0,0.0,0.0,1.0,0.0,1.0,0.0,0.0,0.0,0.0,0.9761653239845769,0.0,0.0,0.0,1.0,20.0,1.0,support-boundary collapse,1736.075,1684.7,neural,32.0,864.0,6528.0,0.0,0,nan,0.0,nan,exact_count,raw_state,none,2.58e-05,3072,,,0.0,0.1,1.0,0.0,nan,nan,6,nan,nan,nan,nan,unavailable,unavailable,unavailable,nan,nan,0.0,unavailable,nan
reviewer1_sensor_factorial_development,reviewer1_sensor_factorial_development,configs/reviewer1_remaining/sensor_factorial_development/matched_conditions.yaml,range_dropout_only,SensorizedPyBulletUAVWaypoint-v0,SensorizedPyBulletUAVWaypoint-v0,native_gymnasium_observation,fuzzy_relative_reliability,15002,train,40,,,40,2,-1.0388123268354685,20,0.0,40,3,0.005711098589623968,0.0068928515538573265,0,1,2,1.1051519000029657,0.48911389999557287,0.6160380000073928,0.48911389999557287,0.6160380000073928,a6856e5cafc085e89cbbb2e0fc8a8770c40029c1,1.8.0,dd539897a18ce6d787567c0969bf760cf4c6c2d331693676b7eab3ef6b71fe9b,True,3.12.13,2.12.0+cpu,2.4.6,1.2.3,3.1.0,2.1.0,3.2.7,0.06449908287619298,0.0,0.1307923,0.13916965922511118,32.0,1.0,0.0,1.0,0.0,0.0,0.7,0.07519019276673404,0.924809807233266,0.0,0.07519019276673404,0.22177192598139062,0.0749732712465171,0.8731573833939723,0.3,0.5,0.3,0.7,14.0,0.7,support-boundary collapse,891.25,1226.7,neural,32.0,864.0,6528.0,0.0,0,nan,0.0,nan,exact_count,raw_state,none,2.58e-05,3072,,,0.0,0.2,1.0,0.0,,,,,,,,,,,,,,,
reviewer1_sensor_factorial_development,reviewer1_sensor_factorial_development,configs/reviewer1_remaining/sensor_factorial_development/matched_conditions.yaml,range_dropout_only,SensorizedPyBulletUAVWaypoint-v0,SensorizedPyBulletUAVWaypoint-v0,native_gymnasium_observation,fuzzy_relative_reliability,15002,train,60,,,60,3,-0.12733940634876492,20,0.0,60,8,0.005558682256378233,0.0068928515538573265,0,1,2,1.3356159999966621,0.7195779999892693,0.6160380000073928,0.7195779999892693,0.6160380000073928,a6856e5cafc085e89cbbb2e0fc8a8770c40029c1,1.8.0,dd539897a18ce6d787567c0969bf760cf4c6c2d331693676b7eab3ef6b71fe9b,True,3.12.13,2.12.0+cpu,2.4.6,1.2.3,3.1.0,2.1.0,3.2.7,0.06743851289374883,0.0,0.04691157,0.055622684848297764,48.0,1.0,0.0,0.0,0.0,0.0,0.9,0.04574566289234805,0.954254337107652,0.0,0.04574566289234805,0.0,0.046055139377317596,0.8670318465359174,0.1,0.55,0.1,0.9,18.0,0.9,support-boundary collapse,1139.6100000000001,1329.6,neural,48.0,1296.0,9792.0,0.0,0,nan,0.0,nan,exact_count,raw_state,none,2.61e-05,4608,,,0.0,0.15,1.0,0.0,,,,,,,,,,,,,,,
reviewer1_sensor_factorial_development,reviewer1_sensor_factorial_development,configs/reviewer1_remaining/sensor_factorial_development/matched_conditions.yaml,range_dropout_only,SensorizedPyBulletUAVWaypoint-v0,SensorizedPyBulletUAVWaypoint-v0,native_gymnasium_observation,fuzzy_relative_reliability,15002,eval,80,80,-0.1717708364967257,80,1,-0.1717708364967257,20,0.0,80,13,0.00461007109305893,0.0068928515538573265,0,2,2,2.1363774000201374,0.9633427000080701,1.1730347000120673,0.9633427000080701,1.1730347000120673,a6856e5cafc085e89cbbb2e0fc8a8770c40029c1,1.8.0,dd539897a18ce6d787567c0969bf760cf4c6c2d331693676b7eab3ef6b71fe9b,True,3.12.13,2.12.0+cpu,2.4.6,1.2.3,3.1.0,2.1.0,3.2.7,0.06903572668954258,0.0,0.016869357,0.02195804140969155,63.0,1.0,0.0,0.0,0.0,0.0,1.0,0.0,1.0,0.0,0.0,0.0,0.0,0.590804867066206,0.0,0.7,0.0,1.0,20.0,1.0,support-boundary collapse,1584.6550000000002,1533.75,neural,63.0,1701.0,12852.0,0.0,0,nan,0.0,nan,exact_count,raw_state,none,2e-05,6048,,,0.0,0.15,1.0,0.0,nan,nan,23,nan,nan,nan,nan,unavailable,unavailable,unavailable,nan,nan,0.0,unavailable,nan
reviewer1_sensor_factorial_development,reviewer1_sensor_factorial_development,configs/reviewer1_remaining/sensor_factorial_development/matched_conditions.yaml,range_dropout_only,SensorizedPyBulletUAVWaypoint-v0,SensorizedPyBulletUAVWaypoint-v0,native_gymnasium_observation,fuzzy_relative_reliability,15002,eval,80,80,-0.13366501240059733,80,2,-0.13366501240059733,20,0.0,80,13,0.00461007109305893,0.0068928515538573265,0,2,2,2.136619700002484,0.9635849999904167,1.1730347000120673,0.9635849999904167,1.1730347000120673,a6856e5cafc085e89cbbb2e0fc8a8770c40029c1,1.8.0,dd539897a18ce6d787567c0969bf760cf4c6c2d331693676b7eab3ef6b71fe9b,True,3.12.13,2.12.0+cpu,2.4.6,1.2.3,3.1.0,2.1.0,3.2.7,0.06903572668954258,0.0,0.016869357,0.02195804140969155,63.0,1.0,0.0,0.0,0.0,0.0,1.0,0.0,1.0,0.0,0.0,0.0,0.0,0.9581902160965834,0.0,0.0,0.0,1.0,20.0,1.0,support-boundary collapse,1938.4299999999998,1893.25,neural,63.0,1701.0,12852.0,0.0,0,nan,0.0,nan,exact_count,raw_state,none,2e-05,6048,,,0.0,0.1,1.0,0.0,nan,nan,23,nan,nan,nan,nan,unavailable,unavailable,unavailable,nan,nan,0.0,unavailable,nan
reviewer1_sensor_factorial_development,reviewer1_sensor_factorial_development,configs/reviewer1_remaining/sensor_factorial_development/matched_conditions.yaml,range_dropout_only,SensorizedPyBulletUAVWaypoint-v0,SensorizedPyBulletUAVWaypoint-v0,native_gymnasium_observation,fuzzy_relative_reliability,15002,train,80,,,80,4,-0.1876264189369977,20,0.0,80,13,0.00461007109305893,0.0068928515538573265,0,2,2,2.1389747000066563,0.965939999994589,1.1730347000120673,0.965939999994589,1.1730347000120673,a6856e5cafc085e89cbbb2e0fc8a8770c40029c1,1.8.0,dd539897a18ce6d787567c0969bf760cf4c6c2d331693676b7eab3ef6b71fe9b,True,3.12.13,2.12.0+cpu,2.4.6,1.2.3,3.1.0,2.1.0,3.2.7,0.06903572668954258,0.0,0.016869357,0.02195804140969155,63.0,1.0,0.0,0.0,0.05,-0.0025000000000000005,0.7,0.08393918370624978,0.9160608162937504,0.0,0.08393918370624978,0.22231205417538996,0.08358677741445568,0.6045168465222369,0.3,0.6,0.3,0.7,14.0,0.7,support-boundary collapse,1414.685,1415.6999999999998,neural,63.0,1701.0,12852.0,0.0,0,nan,0.0,nan,exact_count,raw_state,none,2e-05,6048,,,0.0,0.15,1.0,0.0,,,,,,,,,,,,,,,
reviewer1_sensor_factorial_development,reviewer1_sensor_factorial_development,configs/reviewer1_remaining/sensor_factorial_development/matched_conditions.yaml,range_dropout_only,SensorizedPyBulletUAVWaypoint-v0,SensorizedPyBulletUAVWaypoint-v0,native_gymnasium_observation,fuzzy_relative_reliability,15003,train,20,,,20,1,-0.9650195746589452,20,0.0,20,0,nan,nan,0,0,2,0.24606710000080056,0.24606710000080056,0.0,0.24606710000080056,0.0,a6856e5cafc085e89cbbb2e0fc8a8770c40029c1,1.8.0,dd539897a18ce6d787567c0969bf760cf4c6c2d331693676b7eab3ef6b71fe9b,True,3.12.13,2.12.0+cpu,2.4.6,1.2.3,3.1.0,2.1.0,3.2.7,0.0,0.0,0.35990947,0.37513078845524483,18.0,1.0,0.0,1.0,0.0,0.0,1.0,0.0,0.25,0.0,0.0,0.0,0.0,0.901341956904354,0.0,0.25,0.0,0.25,5.0,1.0,unsupported,129.055,48.150000000000006,none,18.0,486.0,3672.0,0.0,0,nan,0.0,nan,exact_count,raw_state,none,3.4e-05,1728,,,0.0,0.2,1.0,0.0,,,,,,,,,,,,,,,
reviewer1_sensor_factorial_development,reviewer1_sensor_factorial_development,configs/reviewer1_remaining/sensor_factorial_development/matched_conditions.yaml,range_dropout_only,SensorizedPyBulletUAVWaypoint-v0,SensorizedPyBulletUAVWaypoint-v0,native_gymnasium_observation,fuzzy_relative_reliability,15003,eval,40,40,-0.9287961330823602,40,1,-0.9287961330823602,20,0.0,40,3,0.011677795400222143,0.014217385090887547,0,1,2,1.077576899988344,0.4607534999959171,0.6168233999924269,0.4607534999959171,0.6168233999924269,a6856e5cafc085e89cbbb2e0fc8a8770c40029c1,1.8.0,dd539897a18ce6d787567c0969bf760cf4c6c2d331693676b7eab3ef6b71fe9b,True,3.12.13,2.12.0+cpu,2.4.6,1.2.3,3.1.0,2.1.0,3.2.7,0.0,0.0,0.13041596,0.14759791834356317,35.0,1.0,0.0,1.0,0.0,0.0,1.0,0.0,1.0,0.0,0.0,0.0,0.0,0.9747495255823828,0.0,0.0,0.0,1.0,20.0,1.0,support-boundary collapse,1788.455,1784.5,neural,35.0,945.0,7140.0,0.0,0,nan,0.0,nan,exact_count,raw_state,none,2.84e-05,3360,,,0.0,0.3,1.0,0.0,nan,nan,7,nan,nan,nan,nan,unavailable,unavailable,unavailable,nan,nan,0.0,unavailable,nan
reviewer1_sensor_factorial_development,reviewer1_sensor_factorial_development,configs/reviewer1_remaining/sensor_factorial_development/matched_conditions.yaml,range_dropout_only,SensorizedPyBulletUAVWaypoint-v0,SensorizedPyBulletUAVWaypoint-v0,native_gymnasium_observation,fuzzy_relative_reliability,15003,eval,40,40,-1.168503694087267,40,2,-1.168503694087267,20,0.0,40,3,0.011677795400222143,0.014217385090887547,0,1,2,1.0778236000041943,0.46100020001176745,0.6168233999924269,0.46100020001176745,0.6168233999924269,a6856e5cafc085e89cbbb2e0fc8a8770c40029c1,1.8.0,dd539897a18ce6d787567c0969bf760cf4c6c2d331693676b7eab3ef6b71fe9b,True,3.12.13,2.12.0+cpu,2.4.6,1.2.3,3.1.0,2.1.0,3.2.7,0.0,0.0,0.13041596,0.14759791834356317,35.0,1.0,0.0,1.0,0.0,0.0,1.0,0.0,1.0,0.0,0.0,0.0,0.0,0.9782273114157392,0.0,0.0,0.0,1.0,20.0,1.0,support-boundary collapse,1829.8349999999998,1650.2,neural,35.0,945.0,7140.0,0.0,0,nan,0.0,nan,exact_count,raw_state,none,2.84e-05,3360,,,0.0,0.3,1.0,0.0,nan,nan,0,nan,nan,nan,nan,unavailable,unavailable,unavailable,nan,nan,0.0,unavailable,nan
reviewer1_sensor_factorial_development,reviewer1_sensor_factorial_development,configs/reviewer1_remaining/sensor_factorial_development/matched_conditions.yaml,range_dropout_only,SensorizedPyBulletUAVWaypoint-v0,SensorizedPyBulletUAVWaypoint-v0,native_gymnasium_observation,fuzzy_relative_reliability,15003,train,40,,,40,2,-0.9588260003738105,20,0.0,40,3,0.011677795400222143,0.014217385090887547,0,1,2,1.0839198000030592,0.46709640001063235,0.6168233999924269,0.46709640001063235,0.6168233999924269,a6856e5cafc085e89cbbb2e0fc8a8770c40029c1,1.8.0,dd539897a18ce6d787567c0969bf760cf4c6c2d331693676b7eab3ef6b71fe9b,True,3.12.13,2.12.0+cpu,2.4.6,1.2.3,3.1.0,2.1.0,3.2.7,0.0,0.0,0.13041596,0.14759791834356317,35.0,1.0,0.0,1.0,0.05,-0.0025000000000000005,1.0,0.0,1.0,0.0,0.0,0.0,0.0,0.9054194585554418,0.0,0.85,0.0,1.0,20.0,1.0,support-boundary collapse,562.69,76.8,neural,35.0,945.0,7140.0,0.0,0,nan,0.0,nan,exact_count,raw_state,none,2.84e-05,3360,,,0.0,0.15,1.0,0.0,,,,,,,,,,,,,,,
reviewer1_sensor_factorial_development,reviewer1_sensor_factorial_development,configs/reviewer1_remaining/sensor_factorial_development/matched_conditions.yaml,range_dropout_only,SensorizedPyBulletUAVWaypoint-v0,SensorizedPyBulletUAVWaypoint-v0,native_gymnasium_observation,fuzzy_relative_reliability,15003,train,60,,,60,3,-1.105351575021632,20,0.0,60,8,0.008818335423711687,0.014217385090887547,0,1,2,1.3084724000073038,0.691649000014877,0.6168233999924269,0.691649000014877,0.6168233999924269,a6856e5cafc085e89cbbb2e0fc8a8770c40029c1,1.8.0,dd539897a18ce6d787567c0969bf760cf4c6c2d331693676b7eab3ef6b71fe9b,True,3.12.13,2.12.0+cpu,2.4.6,1.2.3,3.1.0,2.1.0,3.2.7,0.050900358457564125,0.0,0.048697807,0.06242193692040804,48.0,1.0,0.0,1.0,0.0,0.0,0.75,0.07066229015885797,0.9293377098411421,0.0,0.07066229015885797,0.05576224292365398,0.07062151574866829,0.9477661951425003,0.25,0.8,0.25,0.75,15.0,0.75,support-boundary collapse,1094.56,1371.45,neural,48.0,1296.0,9792.0,0.0,0,nan,0.0,nan,exact_count,raw_state,none,3.72e-05,4608,,,0.0,0.15,1.0,0.0,,,,,,,,,,,,,,,
reviewer1_sensor_factorial_development,reviewer1_sensor_factorial_development,configs/reviewer1_remaining/sensor_factorial_development/matched_conditions.yaml,range_dropout_only,SensorizedPyBulletUAVWaypoint-v0,SensorizedPyBulletUAVWaypoint-v0,native_gymnasium_observation,fuzzy_relative_reliability,15003,eval,80,80,-1.1844252278096976,80,1,-1.1844252278096976,20,0.0,80,13,0.00807905551762535,0.014217385090887547,0,2,2,2.1372271000000183,0.9338878999988083,1.20333920000121,0.9338878999988083,1.20333920000121,a6856e5cafc085e89cbbb2e0fc8a8770c40029c1,1.8.0,dd539897a18ce6d787567c0969bf760cf4c6c2d331693676b7eab3ef6b71fe9b,True,3.12.13,2.12.0+cpu,2.4.6,1.2.3,3.1.0,2.1.0,3.2.7,0.05660802259358449,0.0,0.017896608,0.027465867415693155,63.0,1.0,0.0,1.0,0.0,0.0,1.0,0.0,1.0,0.0,0.0,0.0,0.0,0.8882439820927452,0.0,0.0,0.0,1.0,20.0,1.0,support-boundary collapse,1722.265,1601.7,neural,63.0,1701.0,12852.0,0.0,0,nan,0.0,nan,exact_count,raw_state,none,4.05e-05,6048,,,0.0,0.15,1.0,0.0,nan,nan,0,nan,nan,nan,nan,unavailable,unavailable,unavailable,nan,nan,0.0,unavailable,nan
reviewer1_sensor_factorial_development,reviewer1_sensor_factorial_development,configs/reviewer1_remaining/sensor_factorial_development/matched_conditions.yaml,range_dropout_only,SensorizedPyBulletUAVWaypoint-v0,SensorizedPyBulletUAVWaypoint-v0,native_gymnasium_observation,fuzzy_relative_reliability,15003,eval,80,80,-1.1077790099382403,80,2,-1.1077790099382403,20,0.0,80,13,0.00807905551762535,0.014217385090887547,0,2,2,2.1374771000118926,0.9341379000106826,1.20333920000121,0.9341379000106826,1.20333920000121,a6856e5cafc085e89cbbb2e0fc8a8770c40029c1,1.8.0,dd539897a18ce6d787567c0969bf760cf4c6c2d331693676b7eab3ef6b71fe9b,True,3.12.13,2.12.0+cpu,2.4.6,1.2.3,3.1.0,2.1.0,3.2.7,0.05660802259358449,0.0,0.017896608,0.027465867415693155,63.0,1.0,0.0,1.0,0.0,0.0,1.0,0.0,1.0,0.0,0.0,0.0,0.0,0.8565478346061335,0.0,0.4,0.0,1.0,20.0,1.0,support-boundary collapse,1863.525,1791.25,neural,63.0,1701.0,12852.0,0.0,0,nan,0.0,nan,exact_count,raw_state,none,4.05e-05,6048,,,0.0,0.15,1.0,0.0,nan,nan,0,nan,nan,nan,nan,unavailable,unavailable,unavailable,nan,nan,0.0,unavailable,nan
reviewer1_sensor_factorial_development,reviewer1_sensor_factorial_development,configs/reviewer1_remaining/sensor_factorial_development/matched_conditions.yaml,range_dropout_only,SensorizedPyBulletUAVWaypoint-v0,SensorizedPyBulletUAVWaypoint-v0,native_gymnasium_observation,fuzzy_relative_reliability,15003,train,80,,,80,4,-0.3322195572219788,20,0.0,80,13,0.00807905551762535,0.014217385090887547,0,2,2,2.13934860000154,0.9360094000003301,1.20333920000121,0.9360094000003301,1.20333920000121,a6856e5cafc085e89cbbb2e0fc8a8770c40029c1,1.8.0,dd539897a18ce6d787567c0969bf760cf4c6c2d331693676b7eab3ef6b71fe9b,True,3.12.13,2.12.0+cpu,2.4.6,1.2.3,3.1.0,2.1.0,3.2.7,0.05660802259358449,0.0,0.017896608,0.027465867415693155,63.0,1.0,0.0,0.15,0.0,0.0,0.8,0.07047594396308648,0.9295240560369133,0.0,0.07047594396308648,0.0,0.07008036188953475,0.8414317441252754,0.2,0.55,0.2,0.8,16.0,0.8,support-boundary collapse,1265.435,1396.9,neural,63.0,1701.0,12852.0,0.0,0,nan,0.0,nan,exact_count,raw_state,none,4.05e-05,6048,,,0.0,0.1,1.0,0.0,,,,,,,,,,,,,,,
reviewer1_sensor_factorial_development,reviewer1_sensor_factorial_development,configs/reviewer1_remaining/sensor_factorial_development/matched_conditions.yaml,range_dropout_only,SensorizedPyBulletUAVWaypoint-v0,SensorizedPyBulletUAVWaypoint-v0,native_gymnasium_observation,selected_approximate_support,15002,train,20,,,20,1,-1.0151569248735903,20,0.0,20,0,nan,nan,0,0,2,0.23702569998567924,0.23702569998567924,0.0,0.23702569998567924,0.0,a6856e5cafc085e89cbbb2e0fc8a8770c40029c1,1.8.0,dd539897a18ce6d787567c0969bf760cf4c6c2d331693676b7eab3ef6b71fe9b,True,3.12.13,2.12.0+cpu,2.4.6,1.2.3,3.1.0,2.1.0,3.2.7,1.3967115638171986e-06,0.0,1.0,1.0,17.0,1.0,0.0,1.0,0.0,0.0,1.0,6.983557819085993e-07,0.499999301644218,0.0,nan,nan,6.983557819085993e-07,nan,0.0,0.5,nan,0.0,nan,nan,approximate-only,114.31500000000001,54.349999999999994,neural,17.0,459.0,3468.0,1.3967115638171986e-06,3,1.350000023841858,1.3967135146231158e-06,nan,gaussian_affinity,raw_state,brute_force,0.0002843,1496,,,0.0,0.2,1.0,0.0,,,,,,,,,,,,,,,
reviewer1_sensor_factorial_development,reviewer1_sensor_factorial_development,configs/reviewer1_remaining/sensor_factorial_development/matched_conditions.yaml,range_dropout_only,SensorizedPyBulletUAVWaypoint-v0,SensorizedPyBulletUAVWaypoint-v0,native_gymnasium_observation,selected_approximate_support,15002,eval,40,40,-1.0794103550352157,40,1,-1.0794103550352157,20,0.0,40,3,0.005696767009794712,0.0068928515538573265,0,1,2,1.0559224000026006,0.46749300000374205,0.5884293999988586,0.46749300000374205,0.5884293999988586,a6856e5cafc085e89cbbb2e0fc8a8770c40029c1,1.8.0,dd539897a18ce6d787567c0969bf760cf4c6c2d331693676b7eab3ef6b71fe9b,True,3.12.13,2.12.0+cpu,2.4.6,1.2.3,3.1.0,2.1.0,3.2.7,0.5925469379200586,0.0,1.0,1.0,32.0,1.0,0.0,1.0,0.0,0.0,1.0,0.5786469176781642,0.42135308232183577,0.0,nan,nan,0.5786469176781642,nan,0.0,1.0,nan,0.0,nan,nan,approximate-only,1775.0,1664.85,memory,32.0,864.0,6528.0,0.3922503480469379,3,0.4301162660121918,0.6454143524169922,nan,gaussian_affinity,raw_state,brute_force,0.0004009,2816,,,0.0,0.3,1.0,0.0,0,6,23,nan,nan,nan,0.49999999749999996,neural,unavailable,unavailable,nan,nan,0.0,unavailable,nan
reviewer1_sensor_factorial_development,reviewer1_sensor_factorial_development,configs/reviewer1_remaining/sensor_factorial_development/matched_conditions.yaml,range_dropout_only,SensorizedPyBulletUAVWaypoint-v0,SensorizedPyBulletUAVWaypoint-v0,native_gymnasium_observation,selected_approximate_support,15002,eval,40,40,-1.0769966065417975,40,2,-1.0769966065417975,20,0.0,40,3,0.005696767009794712,0.0068928515538573265,0,1,2,1.056184499990195,0.46775509999133646,0.5884293999988586,0.46775509999133646,0.5884293999988586,a6856e5cafc085e89cbbb2e0fc8a8770c40029c1,1.8.0,dd539897a18ce6d787567c0969bf760cf4c6c2d331693676b7eab3ef6b71fe9b,True,3.12.13,2.12.0+cpu,2.4.6,1.2.3,3.1.0,2.1.0,3.2.7,0.5925469379200586,0.0,1.0,1.0,32.0,1.0,0.0,1.0,0.0,0.0,1.0,0.5658051009179871,0.4341948990820129,0.0,nan,nan,0.5658051009179871,nan,0.0,1.0,nan,0.0,nan,nan,approximate-only,1701.825,1754.8,memory,32.0,864.0,6528.0,0.3922503480469379,3,0.4301162660121918,0.6454143524169922,nan,gaussian_affinity,raw_state,brute_force,0.0004009,2816,,,0.0,0.1,1.0,0.0,0,6,23,nan,nan,nan,0.49999999749999996,neural,unavailable,unavailable,nan,nan,0.0,unavailable,nan
reviewer1_sensor_factorial_development,reviewer1_sensor_factorial_development,configs/reviewer1_remaining/sensor_factorial_development/matched_conditions.yaml,range_dropout_only,SensorizedPyBulletUAVWaypoint-v0,SensorizedPyBulletUAVWaypoint-v0,native_gymnasium_observation,selected_approximate_support,15002,train,40,,,40,2,-1.0322732759732753,20,0.0,40,3,0.005696767009794712,0.0068928515538573265,0,1,2,1.0619526999944355,0.47352329999557696,0.5884293999988586,0.47352329999557696,0.5884293999988586,a6856e5cafc085e89cbbb2e0fc8a8770c40029c1,1.8.0,dd539897a18ce6d787567c0969bf760cf4c6c2d331693676b7eab3ef6b71fe9b,True,3.12.13,2.12.0+cpu,2.4.6,1.2.3,3.1.0,2.1.0,3.2.7,0.5925469379200586,0.0,1.0,1.0,32.0,1.0,0.0,1.0,0.0,0.0,0.7,0.664089651656028,0.33591034834397193,0.0,nan,nan,0.664089651656028,nan,0.3,1.0,nan,0.0,nan,nan,approximate-only,996.5449999999998,1288.35,memory,32.0,864.0,6528.0,0.3922503480469379,3,0.4301162660121918,0.6454143524169922,nan,gaussian_affinity,raw_state,brute_force,0.0004009,2816,,,0.0,0.2,1.0,0.0,,,,,,,,,,,,,,,
reviewer1_sensor_factorial_development,reviewer1_sensor_factorial_development,configs/reviewer1_remaining/sensor_factorial_development/matched_conditions.yaml,range_dropout_only,SensorizedPyBulletUAVWaypoint-v0,SensorizedPyBulletUAVWaypoint-v0,native_gymnasium_observation,selected_approximate_support,15002,train,60,,,60,3,-0.12733940634876492,20,0.0,60,8,0.005540175596252084,0.0068928515538573265,0,1,2,1.3221320000011474,0.7337026000022888,0.5884293999988586,0.7337026000022888,0.5884293999988586,a6856e5cafc085e89cbbb2e0fc8a8770c40029c1,1.8.0,dd539897a18ce6d787567c0969bf760cf4c6c2d331693676b7eab3ef6b71fe9b,True,3.12.13,2.12.0+cpu,2.4.6,1.2.3,3.1.0,2.1.0,3.2.7,0.60479652790503,0.0,1.0,1.0,48.0,1.0,0.0,0.0,0.0,0.0,0.9,0.5999492879198803,0.40005071208011955,0.0,nan,nan,0.5999492879198803,nan,0.1,1.0,nan,0.0,nan,nan,approximate-only,1229.8799999999997,1635.9,memory,48.0,1296.0,9792.0,0.747500076755858,3,0.0,2.960397243499756,nan,gaussian_affinity,raw_state,brute_force,0.0006854,4224,,,0.0,0.15,1.0,0.0,,,,,,,,,,,,,,,
reviewer1_sensor_factorial_development,reviewer1_sensor_factorial_development,configs/reviewer1_remaining/sensor_factorial_development/matched_conditions.yaml,range_dropout_only,SensorizedPyBulletUAVWaypoint-v0,SensorizedPyBulletUAVWaypoint-v0,native_gymnasium_observation,selected_approximate_support,15002,eval,80,80,-0.1717708364967257,80,1,-0.1717708364967257,20,0.0,80,13,0.004596805656686998,0.0068928515538573265,0,2,2,2.2093707000021823,0.9927765000029467,1.2165941999992356,0.9927765000029467,1.2165941999992356,a6856e5cafc085e89cbbb2e0fc8a8770c40029c1,1.8.0,dd539897a18ce6d787567c0969bf760cf4c6c2d331693676b7eab3ef6b71fe9b,True,3.12.13,2.12.0+cpu,2.4.6,1.2.3,3.1.0,2.1.0,3.2.7,0.6548247640148235,0.0,1.0,1.0,63.0,1.0,0.0,0.0,0.0,0.0,1.0,0.7099152041153834,0.29008479588461655,0.0,nan,nan,0.7099152041153834,nan,0.0,1.0,nan,0.0,nan,nan,approximate-only,1793.14,1677.3000000000002,memory,63.0,1701.0,12852.0,0.10266020490849032,3,0.6383572220802307,0.11440505087375641,nan,gaussian_affinity,raw_state,brute_force,0.0004552,5544,,,0.0,0.15,1.0,0.0,0,23,23,nan,nan,nan,0.49999999749999996,neural,unavailable,unavailable,nan,nan,0.0,unavailable,nan
reviewer1_sensor_factorial_development,reviewer1_sensor_factorial_development,configs/reviewer1_remaining/sensor_factorial_development/matched_conditions.yaml,range_dropout_only,SensorizedPyBulletUAVWaypoint-v0,SensorizedPyBulletUAVWaypoint-v0,native_gymnasium_observation,selected_approximate_support,15002,eval,80,80,-0.13024380987510084,80,2,-0.13024380987510084,20,0.0,80,13,0.004596805656686998,0.0068928515538573265,0,2,2,2.2096109999984037,0.9930167999991681,1.2165941999992356,0.9930167999991681,1.2165941999992356,a6856e5cafc085e89cbbb2e0fc8a8770c40029c1,1.8.0,dd539897a18ce6d787567c0969bf760cf4c6c2d331693676b7eab3ef6b71fe9b,True,3.12.13,2.12.0+cpu,2.4.6,1.2.3,3.1.0,2.1.0,3.2.7,0.6548247640148235,0.0,1.0,1.0,63.0,1.0,0.0,0.0,0.0,0.0,1.0,0.10538261720786264,0.8946173827921374,0.0,nan,nan,0.10538261720786264,nan,0.0,1.0,nan,0.0,nan,nan,approximate-only,2064.6249999999995,1974.1999999999998,neural,63.0,1701.0,12852.0,0.10266020490849032,3,0.6383572220802307,0.11440505087375641,nan,gaussian_affinity,raw_state,brute_force,0.0004552,5544,,,0.0,0.1,1.0,0.0,0,7,7,nan,nan,nan,0.49999999749999996,neural,unavailable,unavailable,nan,nan,0.0,unavailable,nan
reviewer1_sensor_factorial_development,reviewer1_sensor_factorial_development,configs/reviewer1_remaining/sensor_factorial_development/matched_conditions.yaml,range_dropout_only,SensorizedPyBulletUAVWaypoint-v0,SensorizedPyBulletUAVWaypoint-v0,native_gymnasium_observation,selected_approximate_support,15002,train,80,,,80,4,-0.1876264189369977,20,0.0,80,13,0.004596805656686998,0.0068928515538573265,0,2,2,2.212524000002304,0.9959298000030685,1.2165941999992356,0.9959298000030685,1.2165941999992356,a6856e5cafc085e89cbbb2e0fc8a8770c40029c1,1.8.0,dd539897a18ce6d787567c0969bf760cf4c6c2d331693676b7eab3ef6b71fe9b,True,3.12.13,2.12.0+cpu,2.4.6,1.2.3,3.1.0,2.1.0,3.2.7,0.6548247640148235,0.0,1.0,1.0,63.0,1.0,0.0,0.0,0.05,-0.0025000000000000005,0.7,0.7252576902782745,0.27474230972172553,0.0,nan,nan,0.7252576902782745,nan,0.3,1.0,nan,0.0,nan,nan,approximate-only,1715.89,1899.85,memory,63.0,1701.0,12852.0,0.10266020490849032,3,0.6383572220802307,0.11440505087375641,nan,gaussian_affinity,raw_state,brute_force,0.0004552,5544,,,0.0,0.15,1.0,0.0,,,,,,,,,,,,,,,
reviewer1_sensor_factorial_development,reviewer1_sensor_factorial_development,configs/reviewer1_remaining/sensor_factorial_development/matched_conditions.yaml,range_dropout_only,SensorizedPyBulletUAVWaypoint-v0,SensorizedPyBulletUAVWaypoint-v0,native_gymnasium_observation,selected_approximate_support,15003,train,20,,,20,1,-0.9650195746589452,20,0.0,20,0,nan,nan,0,0,2,0.23875689998385496,0.23875689998385496,0.0,0.23875689998385496,0.0,a6856e5cafc085e89cbbb2e0fc8a8770c40029c1,1.8.0,dd539897a18ce6d787567c0969bf760cf4c6c2d331693676b7eab3ef6b71fe9b,True,3.12.13,2.12.0+cpu,2.4.6,1.2.3,3.1.0,2.1.0,3.2.7,0.7462565265846898,0.0,1.0,1.0,18.0,1.0,0.0,1.0,0.0,0.0,1.0,0.18656413164617244,0.06343586835382756,0.0,nan,nan,0.18656413164617244,nan,0.0,0.25,nan,0.0,nan,nan,unsupported,121.11999999999998,52.4,none,18.0,486.0,3672.0,0.7462565265846898,3,0.0,2.940988063812256,nan,gaussian_affinity,raw_state,brute_force,0.0003123,1584,,,0.0,0.2,1.0,0.0,,,,,,,,,,,,,,,
reviewer1_sensor_factorial_development,reviewer1_sensor_factorial_development,configs/reviewer1_remaining/sensor_factorial_development/matched_conditions.yaml,range_dropout_only,SensorizedPyBulletUAVWaypoint-v0,SensorizedPyBulletUAVWaypoint-v0,native_gymnasium_observation,selected_approximate_support,15003,eval,40,40,-0.9639777061156928,40,1,-0.9639777061156928,20,0.0,40,3,0.011673239370187124,0.014217385090887547,0,1,2,1.0473594999930356,0.45420300000114366,0.5931564999918919,0.45420300000114366,0.5931564999918919,a6856e5cafc085e89cbbb2e0fc8a8770c40029c1,1.8.0,dd539897a18ce6d787567c0969bf760cf4c6c2d331693676b7eab3ef6b71fe9b,True,3.12.13,2.12.0+cpu,2.4.6,1.2.3,3.1.0,2.1.0,3.2.7,0.7427602480039875,0.0,1.0,1.0,35.0,1.0,0.0,1.0,0.0,0.0,1.0,0.6694295044663602,0.3305704955336399,0.0,nan,nan,0.6694295044663602,nan,0.0,1.0,nan,0.0,nan,nan,approximate-only,1866.2099999999998,1743.0,memory,35.0,945.0,7140.0,0.002325744366167583,3,0.9460443258285522,0.002331166062504053,nan,gaussian_affinity,raw_state,brute_force,0.0003562,3080,,,0.0,0.3,1.0,0.0,0,7,0,nan,nan,nan,0.49999999749999996,neural,unavailable,unavailable,nan,nan,0.0,unavailable,nan
reviewer1_sensor_factorial_development,reviewer1_sensor_factorial_development,configs/reviewer1_remaining/sensor_factorial_development/matched_conditions.yaml,range_dropout_only,SensorizedPyBulletUAVWaypoint-v0,SensorizedPyBulletUAVWaypoint-v0,native_gymnasium_observation,selected_approximate_support,15003,eval,40,40,-1.1529389838501811,40,2,-1.1529389838501811,20,0.0,40,3,0.011673239370187124,0.014217385090887547,0,1,2,1.04763109999476,0.4544746000028681,0.5931564999918919,0.4544746000028681,0.5931564999918919,a6856e5cafc085e89cbbb2e0fc8a8770c40029c1,1.8.0,dd539897a18ce6d787567c0969bf760cf4c6c2d331693676b7eab3ef6b71fe9b,True,3.12.13,2.12.0+cpu,2.4.6,1.2.3,3.1.0,2.1.0,3.2.7,0.7427602480039875,0.0,1.0,1.0,35.0,1.0,0.0,1.0,0.0,0.0,1.0,0.0023581016657772767,0.9976418983342228,0.0,nan,nan,0.0023581016657772767,nan,0.0,1.0,nan,0.0,nan,nan,approximate-only,1704.8850000000002,1691.4,neural,35.0,945.0,7140.0,0.002325744366167583,3,0.9460443258285522,0.002331166062504053,nan,gaussian_affinity,raw_state,brute_force,0.0003562,3080,,,0.0,0.3,1.0,0.0,0,0,0,nan,nan,nan,0.49999999749999996,neural,unavailable,unavailable,nan,nan,0.0,unavailable,nan
reviewer1_sensor_factorial_development,reviewer1_sensor_factorial_development,configs/reviewer1_remaining/sensor_factorial_development/matched_conditions.yaml,range_dropout_only,SensorizedPyBulletUAVWaypoint-v0,SensorizedPyBulletUAVWaypoint-v0,native_gymnasium_observation,selected_approximate_support,15003,train,40,,,40,2,-0.9592765106074512,20,0.0,40,3,0.011673239370187124,0.014217385090887547,0,1,2,1.057273599988548,0.4641170999966562,0.5931564999918919,0.4641170999966562,0.5931564999918919,a6856e5cafc085e89cbbb2e0fc8a8770c40029c1,1.8.0,dd539897a18ce6d787567c0969bf760cf4c6c2d331693676b7eab3ef6b71fe9b,True,3.12.13,2.12.0+cpu,2.4.6,1.2.3,3.1.0,2.1.0,3.2.7,0.7427602480039875,0.0,1.0,1.0,35.0,1.0,0.0,1.0,0.05,-0.0025000000000000005,1.0,0.7435888571468027,0.25641114285319727,0.0,nan,nan,0.7435888571468027,nan,0.0,1.0,nan,0.0,nan,nan,approximate-only,535.275,56.25,memory,35.0,945.0,7140.0,0.002325744366167583,3,0.9460443258285522,0.002331166062504053,nan,gaussian_affinity,raw_state,brute_force,0.0003562,3080,,,0.0,0.15,1.0,0.0,,,,,,,,,,,,,,,
reviewer1_sensor_factorial_development,reviewer1_sensor_factorial_development,configs/reviewer1_remaining/sensor_factorial_development/matched_conditions.yaml,range_dropout_only,SensorizedPyBulletUAVWaypoint-v0,SensorizedPyBulletUAVWaypoint-v0,native_gymnasium_observation,selected_approximate_support,15003,train,60,,,60,3,-1.0751203007111327,20,0.0,60,8,0.008814927306957543,0.014217385090887547,0,1,2,1.319432999996934,0.7262765000050422,0.5931564999918919,0.7262765000050422,0.5931564999918919,a6856e5cafc085e89cbbb2e0fc8a8770c40029c1,1.8.0,dd539897a18ce6d787567c0969bf760cf4c6c2d331693676b7eab3ef6b71fe9b,True,3.12.13,2.12.0+cpu,2.4.6,1.2.3,3.1.0,2.1.0,3.2.7,0.6888708998552346,0.0,1.0,1.0,54.0,1.0,0.0,1.0,0.0,0.0,1.0,0.631580088441636,0.3684199115583639,0.0,nan,nan,0.631580088441636,nan,0.0,1.0,nan,0.0,nan,nan,approximate-only,1002.405,1509.35,memory,54.0,1458.0,11016.0,0.7462565265846898,3,0.0,2.940988063812256,nan,gaussian_affinity,raw_state,brute_force,0.0005673,4752,,,0.0,0.15,1.0,0.0,,,,,,,,,,,,,,,
reviewer1_sensor_factorial_development,reviewer1_sensor_factorial_development,configs/reviewer1_remaining/sensor_factorial_development/matched_conditions.yaml,range_dropout_only,SensorizedPyBulletUAVWaypoint-v0,SensorizedPyBulletUAVWaypoint-v0,native_gymnasium_observation,selected_approximate_support,15003,eval,80,80,-1.1844252278096976,80,1,-1.1844252278096976,20,0.0,80,13,0.008062368706585122,0.014217385090887547,0,2,2,2.2024499000108335,1.001720000000205,1.2007299000106286,1.001720000000205,1.2007299000106286,a6856e5cafc085e89cbbb2e0fc8a8770c40029c1,1.8.0,dd539897a18ce6d787567c0969bf760cf4c6c2d331693676b7eab3ef6b71fe9b,True,3.12.13,2.12.0+cpu,2.4.6,1.2.3,3.1.0,2.1.0,3.2.7,0.6697523939018719,0.0,1.0,1.0,69.0,1.0,0.0,1.0,0.0,0.0,1.0,0.6438216905811058,0.35617830941889406,0.0,nan,nan,0.6438216905811058,nan,0.0,1.0,nan,0.0,nan,nan,approximate-only,2425.075,1956.25,memory,69.0,1863.0,14076.0,0.6621269372169969,3,0.21794496476650238,1.9596914052963257,nan,gaussian_affinity,raw_state,brute_force,0.0005662,6072,,,0.0,0.15,1.0,0.0,1,0,0,nan,nan,nan,0.49999999749999996,neural,unavailable,unavailable,nan,nan,0.0,unavailable,nan
reviewer1_sensor_factorial_development,reviewer1_sensor_factorial_development,configs/reviewer1_remaining/sensor_factorial_development/matched_conditions.yaml,range_dropout_only,SensorizedPyBulletUAVWaypoint-v0,SensorizedPyBulletUAVWaypoint-v0,native_gymnasium_observation,selected_approximate_support,15003,eval,80,80,-1.1077790099382403,80,2,-1.1077790099382403,20,0.0,80,13,0.008062368706585122,0.014217385090887547,0,2,2,2.2027462999976706,1.002016399987042,1.2007299000106286,1.002016399987042,1.2007299000106286,a6856e5cafc085e89cbbb2e0fc8a8770c40029c1,1.8.0,dd539897a18ce6d787567c0969bf760cf4c6c2d331693676b7eab3ef6b71fe9b,True,3.12.13,2.12.0+cpu,2.4.6,1.2.3,3.1.0,2.1.0,3.2.7,0.6697523939018719,0.0,1.0,1.0,69.0,1.0,0.0,1.0,0.0,0.0,1.0,0.6556665641253107,0.34433343587468934,0.0,nan,nan,0.6556665641253107,nan,0.0,1.0,nan,0.0,nan,nan,approximate-only,2107.075,2079.95,memory,69.0,1863.0,14076.0,0.6621269372169969,3,0.21794496476650238,1.9596914052963257,nan,gaussian_affinity,raw_state,brute_force,0.0005662,6072,,,0.0,0.15,1.0,0.0,1,0,0,nan,nan,nan,0.49999999749999996,neural,unavailable,unavailable,nan,nan,0.0,unavailable,nan
reviewer1_sensor_factorial_development,reviewer1_sensor_factorial_development,configs/reviewer1_remaining/sensor_factorial_development/matched_conditions.yaml,range_dropout_only,SensorizedPyBulletUAVWaypoint-v0,SensorizedPyBulletUAVWaypoint-v0,native_gymnasium_observation,selected_approximate_support,15003,train,80,,,80,4,-0.3322195572219788,20,0.0,80,13,0.008062368706585122,0.014217385090887547,0,2,2,2.205576000007568,1.0048460999969393,1.2007299000106286,1.0048460999969393,1.2007299000106286,a6856e5cafc085e89cbbb2e0fc8a8770c40029c1,1.8.0,dd539897a18ce6d787567c0969bf760cf4c6c2d331693676b7eab3ef6b71fe9b,True,3.12.13,2.12.0+cpu,2.4.6,1.2.3,3.1.0,2.1.0,3.2.7,0.6697523939018719,0.0,1.0,1.0,69.0,1.0,0.0,0.15,0.0,0.0,0.8,0.6294662052096733,0.3705337947903267,0.0,nan,nan,0.6294662052096733,nan,0.2,1.0,nan,0.0,nan,nan,approximate-only,1648.645,1785.0,memory,69.0,1863.0,14076.0,0.6621269372169969,3,0.21794496476650238,1.9596914052963257,nan,gaussian_affinity,raw_state,brute_force,0.0005662,6072,,,0.0,0.1,1.0,0.0,,,,,,,,,,,,,,,
reviewer1_sensor_factorial_development,reviewer1_sensor_factorial_development,configs/reviewer1_remaining/sensor_factorial_development/matched_conditions.yaml,range_dropout_only,SensorizedPyBulletUAVWaypoint-v0,SensorizedPyBulletUAVWaypoint-v0,native_gymnasium_observation,sensorized_controller,15002,train,20,,,20,1,-1.0107978251762688,20,0.0,20,0,nan,nan,0,0,2,0.21377190001658164,0.21377190001658164,0.0,0.21377190001658164,0.0,a6856e5cafc085e89cbbb2e0fc8a8770c40029c1,1.8.0,dd539897a18ce6d787567c0969bf760cf4c6c2d331693676b7eab3ef6b71fe9b,True,3.12.13,2.12.0+cpu,2.4.6,1.2.3,3.1.0,2.1.0,3.2.7,,,,,,1.0,0.0,1.0,0.0,0.0,1.0,0.0,0.0,0.0,nan,nan,0.0,nan,0.0,0.0,nan,0.0,nan,nan,unsupported,33.440000000000005,29.35,none,0.0,0.0,0.0,,,,,,,,,,,,,0.0,0.2,1.0,0.0,,,,,,,,,,,,,,,
reviewer1_sensor_factorial_development,reviewer1_sensor_factorial_development,configs/reviewer1_remaining/sensor_factorial_development/matched_conditions.yaml,range_dropout_only,SensorizedPyBulletUAVWaypoint-v0,SensorizedPyBulletUAVWaypoint-v0,native_gymnasium_observation,sensorized_controller,15002,eval,40,40,-0.9450645372457802,40,1,-0.9450645372457802,20,0.0,40,0,nan,nan,0,1,2,0.886693300009938,0.3723061000346206,0.5143871999753173,0.3723061000346206,0.5143871999753173,a6856e5cafc085e89cbbb2e0fc8a8770c40029c1,1.8.0,dd539897a18ce6d787567c0969bf760cf4c6c2d331693676b7eab3ef6b71fe9b,True,3.12.13,2.12.0+cpu,2.4.6,1.2.3,3.1.0,2.1.0,3.2.7,,,,,,1.0,0.0,1.0,0.2,-0.010000000000000002,1.0,0.0,0.0,0.0,nan,nan,0.0,nan,0.0,0.0,nan,0.0,nan,nan,unsupported,450.2250000000001,383.65,mixed,0.0,0.0,0.0,,,,,,,,,,,,,0.0,0.3,1.0,0.0,nan,nan,2,nan,nan,nan,nan,unavailable,unavailable,unavailable,nan,nan,0.0,unavailable,nan
reviewer1_sensor_factorial_development,reviewer1_sensor_factorial_development,configs/reviewer1_remaining/sensor_factorial_development/matched_conditions.yaml,range_dropout_only,SensorizedPyBulletUAVWaypoint-v0,SensorizedPyBulletUAVWaypoint-v0,native_gymnasium_observation,sensorized_controller,15002,eval,40,40,-0.9354685431346297,40,2,-0.9354685431346297,20,0.0,40,0,nan,nan,0,1,2,0.8869277999910992,0.3725406000157818,0.5143871999753173,0.3725406000157818,0.5143871999753173,a6856e5cafc085e89cbbb2e0fc8a8770c40029c1,1.8.0,dd539897a18ce6d787567c0969bf760cf4c6c2d331693676b7eab3ef6b71fe9b,True,3.12.13,2.12.0+cpu,2.4.6,1.2.3,3.1.0,2.1.0,3.2.7,,,,,,1.0,0.0,1.0,0.2,-0.010000000000000002,1.0,0.0,0.0,0.0,nan,nan,0.0,nan,0.0,0.0,nan,0.0,nan,nan,unsupported,424.8,417.54999999999995,mixed,0.0,0.0,0.0,,,,,,,,,,,,,0.0,0.1,1.0,0.0,nan,nan,2,nan,nan,nan,nan,unavailable,unavailable,unavailable,nan,nan,0.0,unavailable,nan
reviewer1_sensor_factorial_development,reviewer1_sensor_factorial_development,configs/reviewer1_remaining/sensor_factorial_development/matched_conditions.yaml,range_dropout_only,SensorizedPyBulletUAVWaypoint-v0,SensorizedPyBulletUAVWaypoint-v0,native_gymnasium_observation,sensorized_controller,15002,train,40,,,40,2,-1.026708941599354,20,0.0,40,0,nan,nan,0,1,2,0.892081900004996,0.37769470002967864,0.5143871999753173,0.37769470002967864,0.5143871999753173,a6856e5cafc085e89cbbb2e0fc8a8770c40029c1,1.8.0,dd539897a18ce6d787567c0969bf760cf4c6c2d331693676b7eab3ef6b71fe9b,True,3.12.13,2.12.0+cpu,2.4.6,1.2.3,3.1.0,2.1.0,3.2.7,,,,,,1.0,0.0,1.0,0.05,-0.0025000000000000005,1.0,0.0,0.0,0.0,nan,nan,0.0,nan,0.0,0.0,nan,0.0,nan,nan,unsupported,36.074999999999996,35.5,none,0.0,0.0,0.0,,,,,,,,,,,,,0.0,0.2,1.0,0.0,,,,,,,,,,,,,,,
reviewer1_sensor_factorial_development,reviewer1_sensor_factorial_development,configs/reviewer1_remaining/sensor_factorial_development/matched_conditions.yaml,range_dropout_only,SensorizedPyBulletUAVWaypoint-v0,SensorizedPyBulletUAVWaypoint-v0,native_gymnasium_observation,sensorized_controller,15002,train,60,,,60,3,-0.21006370425224308,20,0.0,60,0,nan,nan,0,1,2,1.066131800005678,0.5517446000303607,0.5143871999753173,0.5517446000303607,0.5143871999753173,a6856e5cafc085e89cbbb2e0fc8a8770c40029c1,1.8.0,dd539897a18ce6d787567c0969bf760cf4c6c2d331693676b7eab3ef6b71fe9b,True,3.12.13,2.12.0+cpu,2.4.6,1.2.3,3.1.0,2.1.0,3.2.7,,,,,,1.0,0.0,0.0,0.05,-0.0025000000000000005,1.0,0.0,0.0,0.0,nan,nan,0.0,nan,0.0,0.0,nan,0.0,nan,nan,unsupported,39.775,32.55,none,0.0,0.0,0.0,,,,,,,,,,,,,0.0,0.15,1.0,0.0,,,,,,,,,,,,,,,
reviewer1_sensor_factorial_development,reviewer1_sensor_factorial_development,configs/reviewer1_remaining/sensor_factorial_development/matched_conditions.yaml,range_dropout_only,SensorizedPyBulletUAVWaypoint-v0,SensorizedPyBulletUAVWaypoint-v0,native_gymnasium_observation,sensorized_controller,15002,eval,80,80,-0.39039660193957393,80,1,-0.39039660193957393,20,0.0,80,0,nan,nan,0,2,2,1.8309872999961954,0.7182993000315037,1.1126879999646917,0.7182993000315037,1.1126879999646917,a6856e5cafc085e89cbbb2e0fc8a8770c40029c1,1.8.0,dd539897a18ce6d787567c0969bf760cf4c6c2d331693676b7eab3ef6b71fe9b,True,3.12.13,2.12.0+cpu,2.4.6,1.2.3,3.1.0,2.1.0,3.2.7,,,,,,1.0,0.0,0.3,0.2,-0.010000000000000002,1.0,0.0,0.0,0.0,nan,nan,0.0,nan,0.0,0.0,nan,0.0,nan,nan,unsupported,423.675,389.45,mixed,0.0,0.0,0.0,,,,,,,,,,,,,0.0,0.15,1.0,0.0,nan,nan,20,nan,nan,nan,nan,unavailable,unavailable,unavailable,nan,nan,0.0,unavailable,nan
reviewer1_sensor_factorial_development,reviewer1_sensor_factorial_development,configs/reviewer1_remaining/sensor_factorial_development/matched_conditions.yaml,range_dropout_only,SensorizedPyBulletUAVWaypoint-v0,SensorizedPyBulletUAVWaypoint-v0,native_gymnasium_observation,sensorized_controller,15002,eval,80,80,-0.1331389058753848,80,2,-0.1331389058753848,20,0.0,80,0,nan,nan,0,2,2,1.8311824999982491,0.7184945000335574,1.1126879999646917,0.7184945000335574,1.1126879999646917,a6856e5cafc085e89cbbb2e0fc8a8770c40029c1,1.8.0,dd539897a18ce6d787567c0969bf760cf4c6c2d331693676b7eab3ef6b71fe9b,True,3.12.13,2.12.0+cpu,2.4.6,1.2.3,3.1.0,2.1.0,3.2.7,,,,,,1.0,0.0,0.0,0.25,-0.012500000000000002,1.0,0.0,0.0,0.0,nan,nan,0.0,nan,0.0,0.0,nan,0.0,nan,nan,unsupported,421.48499999999996,382.65,mixed,0.0,0.0,0.0,,,,,,,,,,,,,0.0,0.1,1.0,0.0,nan,nan,8,nan,nan,nan,nan,unavailable,unavailable,unavailable,nan,nan,0.0,unavailable,nan
reviewer1_sensor_factorial_development,reviewer1_sensor_factorial_development,configs/reviewer1_remaining/sensor_factorial_development/matched_conditions.yaml,range_dropout_only,SensorizedPyBulletUAVWaypoint-v0,SensorizedPyBulletUAVWaypoint-v0,native_gymnasium_observation,sensorized_controller,15002,train,80,,,80,4,-0.23221940512303266,20,0.0,80,0,nan,nan,0,2,2,1.833192499994766,0.7205045000300743,1.1126879999646917,0.7205045000300743,1.1126879999646917,a6856e5cafc085e89cbbb2e0fc8a8770c40029c1,1.8.0,dd539897a18ce6d787567c0969bf760cf4c6c2d331693676b7eab3ef6b71fe9b,True,3.12.13,2.12.0+cpu,2.4.6,1.2.3,3.1.0,2.1.0,3.2.7,,,,,,1.0,0.0,0.0,0.0,0.0,1.0,0.0,0.0,0.0,nan,nan,0.0,nan,0.0,0.0,nan,0.0,nan,nan,unsupported,32.2,29.15,none,0.0,0.0,0.0,,,,,,,,,,,,,0.0,0.15,1.0,0.0,,,,,,,,,,,,,,,
reviewer1_sensor_factorial_development,reviewer1_sensor_factorial_development,configs/reviewer1_remaining/sensor_factorial_development/matched_conditions.yaml,range_dropout_only,SensorizedPyBulletUAVWaypoint-v0,SensorizedPyBulletUAVWaypoint-v0,native_gymnasium_observation,sensorized_controller,15003,train,20,,,20,1,-0.9694168138597161,20,0.0,20,0,nan,nan,0,0,2,0.19772980001289397,0.19772980001289397,0.0,0.19772980001289397,0.0,a6856e5cafc085e89cbbb2e0fc8a8770c40029c1,1.8.0,dd539897a18ce6d787567c0969bf760cf4c6c2d331693676b7eab3ef6b71fe9b,True,3.12.13,2.12.0+cpu,2.4.6,1.2.3,3.1.0,2.1.0,3.2.7,,,,,,1.0,0.0,1.0,0.0,0.0,1.0,0.0,0.0,0.0,nan,nan,0.0,nan,0.0,0.0,nan,0.0,nan,nan,unsupported,33.175000000000004,31.099999999999998,none,0.0,0.0,0.0,,,,,,,,,,,,,0.0,0.2,1.0,0.0,,,,,,,,,,,,,,,
reviewer1_sensor_factorial_development,reviewer1_sensor_factorial_development,configs/reviewer1_remaining/sensor_factorial_development/matched_conditions.yaml,range_dropout_only,SensorizedPyBulletUAVWaypoint-v0,SensorizedPyBulletUAVWaypoint-v0,native_gymnasium_observation,sensorized_controller,15003,eval,40,40,-0.941017999947071,40,1,-0.941017999947071,20,0.0,40,0,nan,nan,0,1,2,0.9054340000147931,0.3461832000175491,0.559250799997244,0.3461832000175491,0.559250799997244,a6856e5cafc085e89cbbb2e0fc8a8770c40029c1,1.8.0,dd539897a18ce6d787567c0969bf760cf4c6c2d331693676b7eab3ef6b71fe9b,True,3.12.13,2.12.0+cpu,2.4.6,1.2.3,3.1.0,2.1.0,3.2.7,,,,,,1.0,0.0,1.0,0.35,-0.0175,1.0,0.0,0.0,0.0,nan,nan,0.0,nan,0.0,0.0,nan,0.0,nan,nan,unsupported,450.945,426.85,mixed,0.0,0.0,0.0,,,,,,,,,,,,,0.0,0.3,1.0,0.0,nan,nan,8,nan,nan,nan,nan,unavailable,unavailable,unavailable,nan,nan,0.0,unavailable,nan
reviewer1_sensor_factorial_development,reviewer1_sensor_factorial_development,configs/reviewer1_remaining/sensor_factorial_development/matched_conditions.yaml,range_dropout_only,SensorizedPyBulletUAVWaypoint-v0,SensorizedPyBulletUAVWaypoint-v0,native_gymnasium_observation,sensorized_controller,15003,eval,40,40,-0.9350160943996162,40,2,-0.9350160943996162,20,0.0,40,0,nan,nan,0,1,2,0.9056759999948554,0.34642519999761134,0.559250799997244,0.34642519999761134,0.559250799997244,a6856e5cafc085e89cbbb2e0fc8a8770c40029c1,1.8.0,dd539897a18ce6d787567c0969bf760cf4c6c2d331693676b7eab3ef6b71fe9b,True,3.12.13,2.12.0+cpu,2.4.6,1.2.3,3.1.0,2.1.0,3.2.7,,,,,,1.0,0.0,1.0,0.25,-0.012500000000000002,1.0,0.0,0.0,0.0,nan,nan,0.0,nan,0.0,0.0,nan,0.0,nan,nan,unsupported,414.71999999999997,392.25,mixed,0.0,0.0,0.0,,,,,,,,,,,,,0.0,0.3,1.0,0.0,nan,nan,26,nan,nan,nan,nan,unavailable,unavailable,unavailable,nan,nan,0.0,unavailable,nan
reviewer1_sensor_factorial_development,reviewer1_sensor_factorial_development,configs/reviewer1_remaining/sensor_factorial_development/matched_conditions.yaml,range_dropout_only,SensorizedPyBulletUAVWaypoint-v0,SensorizedPyBulletUAVWaypoint-v0,native_gymnasium_observation,sensorized_controller,15003,train,40,,,40,2,-0.992950388630852,20,0.0,40,0,nan,nan,0,1,2,0.9132042000128422,0.35395340001559816,0.559250799997244,0.35395340001559816,0.559250799997244,a6856e5cafc085e89cbbb2e0fc8a8770c40029c1,1.8.0,dd539897a18ce6d787567c0969bf760cf4c6c2d331693676b7eab3ef6b71fe9b,True,3.12.13,2.12.0+cpu,2.4.6,1.2.3,3.1.0,2.1.0,3.2.7,,,,,,1.0,0.0,1.0,0.0,0.0,1.0,0.0,0.0,0.0,nan,nan,0.0,nan,0.0,0.0,nan,0.0,nan,nan,unsupported,34.665,34.9,none,0.0,0.0,0.0,,,,,,,,,,,,,0.0,0.15,1.0,0.0,,,,,,,,,,,,,,,
reviewer1_sensor_factorial_development,reviewer1_sensor_factorial_development,configs/reviewer1_remaining/sensor_factorial_development/matched_conditions.yaml,range_dropout_only,SensorizedPyBulletUAVWaypoint-v0,SensorizedPyBulletUAVWaypoint-v0,native_gymnasium_observation,sensorized_controller,15003,train,60,,,60,3,-1.0559553976822644,20,0.0,60,0,nan,nan,0,1,2,1.0947741999989375,0.5355234000016935,0.559250799997244,0.5355234000016935,0.559250799997244,a6856e5cafc085e89cbbb2e0fc8a8770c40029c1,1.8.0,dd539897a18ce6d787567c0969bf760cf4c6c2d331693676b7eab3ef6b71fe9b,True,3.12.13,2.12.0+cpu,2.4.6,1.2.3,3.1.0,2.1.0,3.2.7,,,,,,1.0,0.0,1.0,0.15,-0.0075000000000000015,1.0,0.0,0.0,0.0,nan,nan,0.0,nan,0.0,0.0,nan,0.0,nan,nan,unsupported,34.605,32.9,none,0.0,0.0,0.0,,,,,,,,,,,,,0.0,0.15,1.0,0.0,,,,,,,,,,,,,,,
reviewer1_sensor_factorial_development,reviewer1_sensor_factorial_development,configs/reviewer1_remaining/sensor_factorial_development/matched_conditions.yaml,range_dropout_only,SensorizedPyBulletUAVWaypoint-v0,SensorizedPyBulletUAVWaypoint-v0,native_gymnasium_observation,sensorized_controller,15003,eval,80,80,-0.9414527327939868,80,1,-0.9414527327939868,20,0.0,80,0,nan,nan,0,2,2,1.8029587999917567,0.6942941999877803,1.1086646000039764,0.6942941999877803,1.1086646000039764,a6856e5cafc085e89cbbb2e0fc8a8770c40029c1,1.8.0,dd539897a18ce6d787567c0969bf760cf4c6c2d331693676b7eab3ef6b71fe9b,True,3.12.13,2.12.0+cpu,2.4.6,1.2.3,3.1.0,2.1.0,3.2.7,,,,,,1.0,0.0,1.0,0.3,-0.015000000000000003,1.0,0.0,0.0,0.0,nan,nan,0.0,nan,0.0,0.0,nan,0.0,nan,nan,unsupported,435.495,390.0,mixed,0.0,0.0,0.0,,,,,,,,,,,,,0.0,0.15,1.0,0.0,nan,nan,26,nan,nan,nan,nan,unavailable,unavailable,unavailable,nan,nan,0.0,unavailable,nan
reviewer1_sensor_factorial_development,reviewer1_sensor_factorial_development,configs/reviewer1_remaining/sensor_factorial_development/matched_conditions.yaml,range_dropout_only,SensorizedPyBulletUAVWaypoint-v0,SensorizedPyBulletUAVWaypoint-v0,native_gymnasium_observation,sensorized_controller,15003,eval,80,80,-0.9665102467220276,80,2,-0.9665102467220276,20,0.0,80,0,nan,nan,0,2,2,1.8031883999938145,0.6945237999898382,1.1086646000039764,0.6945237999898382,1.1086646000039764,a6856e5cafc085e89cbbb2e0fc8a8770c40029c1,1.8.0,dd539897a18ce6d787567c0969bf760cf4c6c2d331693676b7eab3ef6b71fe9b,True,3.12.13,2.12.0+cpu,2.4.6,1.2.3,3.1.0,2.1.0,3.2.7,,,,,,1.0,0.0,1.0,0.2,-0.010000000000000002,1.0,0.0,0.0,0.0,nan,nan,0.0,nan,0.0,0.0,nan,0.0,nan,nan,unsupported,510.5499999999999,409.95000000000005,mixed,0.0,0.0,0.0,,,,,,,,,,,,,0.0,0.15,1.0,0.0,nan,nan,20,nan,nan,nan,nan,unavailable,unavailable,unavailable,nan,nan,0.0,unavailable,nan
reviewer1_sensor_factorial_development,reviewer1_sensor_factorial_development,configs/reviewer1_remaining/sensor_factorial_development/matched_conditions.yaml,range_dropout_only,SensorizedPyBulletUAVWaypoint-v0,SensorizedPyBulletUAVWaypoint-v0,native_gymnasium_observation,sensorized_controller,15003,train,80,,,80,4,-0.21001707190182062,20,0.0,80,0,nan,nan,0,2,2,1.8046621000103187,0.6959975000063423,1.1086646000039764,0.6959975000063423,1.1086646000039764,a6856e5cafc085e89cbbb2e0fc8a8770c40029c1,1.8.0,dd539897a18ce6d787567c0969bf760cf4c6c2d331693676b7eab3ef6b71fe9b,True,3.12.13,2.12.0+cpu,2.4.6,1.2.3,3.1.0,2.1.0,3.2.7,,,,,,1.0,0.0,0.0,0.05,-0.0025000000000000005,1.0,0.0,0.0,0.0,nan,nan,0.0,nan,0.0,0.0,nan,0.0,nan,nan,unsupported,33.11,30.35,none,0.0,0.0,0.0,,,,,,,,,,,,,0.0,0.1,1.0,0.0,,,,,,,,,,,,,,,
reviewer1_sensor_factorial_development,reviewer1_sensor_factorial_development,configs/reviewer1_remaining/sensor_factorial_development/matched_conditions.yaml,visibility_occlusion_only,SensorizedPyBulletUAVWaypoint-v0,SensorizedPyBulletUAVWaypoint-v0,native_gymnasium_observation,dqn,15002,train,20,,,20,1,-1.0151569248735903,20,0.0,20,0,nan,nan,0,0,2,0.21008760001859628,0.21008760001859628,0.0,0.21008760001859628,0.0,a6856e5cafc085e89cbbb2e0fc8a8770c40029c1,1.8.0,dd539897a18ce6d787567c0969bf760cf4c6c2d331693676b7eab3ef6b71fe9b,True,3.12.13,2.12.0+cpu,2.4.6,1.2.3,3.1.0,2.1.0,3.2.7,,,,,,1.0,0.0,1.0,0.0,0.0,1.0,0.0,0.5,0.0,nan,nan,0.0,nan,0.0,0.0,nan,0.5,nan,nan,unsupported,91.9,35.6,neural,0.0,0.0,0.0,,,,,,,,,,,,,0.0,0.0,0.6,0.0,,,,,,,,,,,,,,,
reviewer1_sensor_factorial_development,reviewer1_sensor_factorial_development,configs/reviewer1_remaining/sensor_factorial_development/matched_conditions.yaml,visibility_occlusion_only,SensorizedPyBulletUAVWaypoint-v0,SensorizedPyBulletUAVWaypoint-v0,native_gymnasium_observation,dqn,15002,eval,40,40,-1.092377481814474,40,1,-1.092377481814474,20,0.0,40,3,0.00798793820043405,0.009975901804864407,0,1,2,0.9544172000023536,0.39754780000657775,0.5568693999957759,0.39754780000657775,0.5568693999957759,a6856e5cafc085e89cbbb2e0fc8a8770c40029c1,1.8.0,dd539897a18ce6d787567c0969bf760cf4c6c2d331693676b7eab3ef6b71fe9b,True,3.12.13,2.12.0+cpu,2.4.6,1.2.3,3.1.0,2.1.0,3.2.7,,,,,,1.0,0.0,1.0,0.0,0.0,1.0,0.0,1.0,0.0,nan,nan,0.0,nan,0.0,0.0,nan,1.0,nan,nan,unsupported,1134.725,1128.3000000000002,neural,0.0,0.0,0.0,,,,,,,,,,,,,0.0,0.0,0.0,0.0,nan,nan,6,nan,nan,nan,nan,unavailable,unavailable,unavailable,nan,nan,0.0,unavailable,nan
reviewer1_sensor_factorial_development,reviewer1_sensor_factorial_development,configs/reviewer1_remaining/sensor_factorial_development/matched_conditions.yaml,visibility_occlusion_only,SensorizedPyBulletUAVWaypoint-v0,SensorizedPyBulletUAVWaypoint-v0,native_gymnasium_observation,dqn,15002,eval,40,40,-1.0743244093470277,40,2,-1.0743244093470277,20,0.0,40,3,0.00798793820043405,0.009975901804864407,0,1,2,0.954652000014903,0.39778260001912713,0.5568693999957759,0.39778260001912713,0.5568693999957759,a6856e5cafc085e89cbbb2e0fc8a8770c40029c1,1.8.0,dd539897a18ce6d787567c0969bf760cf4c6c2d331693676b7eab3ef6b71fe9b,True,3.12.13,2.12.0+cpu,2.4.6,1.2.3,3.1.0,2.1.0,3.2.7,,,,,,1.0,0.0,1.0,0.0,0.0,1.0,0.0,1.0,0.0,nan,nan,0.0,nan,0.0,0.0,nan,1.0,nan,nan,unsupported,1067.575,976.9,neural,0.0,0.0,0.0,,,,,,,,,,,,,0.0,0.0,0.0,0.0,nan,nan,6,nan,nan,nan,nan,unavailable,unavailable,unavailable,nan,nan,0.0,unavailable,nan
reviewer1_sensor_factorial_development,reviewer1_sensor_factorial_development,configs/reviewer1_remaining/sensor_factorial_development/matched_conditions.yaml,visibility_occlusion_only,SensorizedPyBulletUAVWaypoint-v0,SensorizedPyBulletUAVWaypoint-v0,native_gymnasium_observation,dqn,15002,train,40,,,40,2,-1.0411711939889938,20,0.0,40,3,0.00798793820043405,0.009975901804864407,0,1,2,0.9607961000001524,0.40392670000437647,0.5568693999957759,0.40392670000437647,0.5568693999957759,a6856e5cafc085e89cbbb2e0fc8a8770c40029c1,1.8.0,dd539897a18ce6d787567c0969bf760cf4c6c2d331693676b7eab3ef6b71fe9b,True,3.12.13,2.12.0+cpu,2.4.6,1.2.3,3.1.0,2.1.0,3.2.7,,,,,,1.0,0.0,1.0,0.0,0.0,0.7,0.0,1.0,0.0,nan,nan,0.0,nan,0.3,0.3,nan,1.0,nan,nan,unsupported,696.93,952.0,neural,0.0,0.0,0.0,,,,,,,,,,,,,0.0,0.0,0.0,0.0,,,,,,,,,,,,,,,
reviewer1_sensor_factorial_development,reviewer1_sensor_factorial_development,configs/reviewer1_remaining/sensor_factorial_development/matched_conditions.yaml,visibility_occlusion_only,SensorizedPyBulletUAVWaypoint-v0,SensorizedPyBulletUAVWaypoint-v0,native_gymnasium_observation,dqn,15002,train,60,,,60,3,-0.12733940634876492,20,0.0,60,8,0.006638508755713701,0.009975901804864407,0,1,2,1.1617666000092868,0.6048972000135109,0.5568693999957759,0.6048972000135109,0.5568693999957759,a6856e5cafc085e89cbbb2e0fc8a8770c40029c1,1.8.0,dd539897a18ce6d787567c0969bf760cf4c6c2d331693676b7eab3ef6b71fe9b,True,3.12.13,2.12.0+cpu,2.4.6,1.2.3,3.1.0,2.1.0,3.2.7,,,,,,1.0,0.0,0.0,0.0,0.0,0.9,0.0,1.0,0.0,nan,nan,0.0,nan,0.1,0.1,nan,1.0,nan,nan,unsupported,729.6500000000001,879.5,neural,0.0,0.0,0.0,,,,,,,,,,,,,0.0,0.0,1.0,0.0,,,,,,,,,,,,,,,
reviewer1_sensor_factorial_development,reviewer1_sensor_factorial_development,configs/reviewer1_remaining/sensor_factorial_development/matched_conditions.yaml,visibility_occlusion_only,SensorizedPyBulletUAVWaypoint-v0,SensorizedPyBulletUAVWaypoint-v0,native_gymnasium_observation,dqn,15002,eval,80,80,-0.1717708364967257,80,1,-0.1717708364967257,20,0.0,80,13,0.005581911330899367,0.009975901804864407,0,2,2,1.9600166000018362,0.8320572999946307,1.1279593000072055,0.8320572999946307,1.1279593000072055,a6856e5cafc085e89cbbb2e0fc8a8770c40029c1,1.8.0,dd539897a18ce6d787567c0969bf760cf4c6c2d331693676b7eab3ef6b71fe9b,True,3.12.13,2.12.0+cpu,2.4.6,1.2.3,3.1.0,2.1.0,3.2.7,,,,,,1.0,0.0,0.0,0.0,0.0,1.0,0.0,1.0,0.0,nan,nan,0.0,nan,0.0,0.0,nan,1.0,nan,nan,unsupported,1237.235,1081.6999999999998,neural,0.0,0.0,0.0,,,,,,,,,,,,,0.0,0.0,0.15,0.0,nan,nan,23,nan,nan,nan,nan,unavailable,unavailable,unavailable,nan,nan,0.0,unavailable,nan
reviewer1_sensor_factorial_development,reviewer1_sensor_factorial_development,configs/reviewer1_remaining/sensor_factorial_development/matched_conditions.yaml,visibility_occlusion_only,SensorizedPyBulletUAVWaypoint-v0,SensorizedPyBulletUAVWaypoint-v0,native_gymnasium_observation,dqn,15002,eval,80,80,-0.14030870043789034,80,2,-0.14030870043789034,20,0.0,80,13,0.005581911330899367,0.009975901804864407,0,2,2,1.9602530999982264,0.8322937999910209,1.1279593000072055,0.8322937999910209,1.1279593000072055,a6856e5cafc085e89cbbb2e0fc8a8770c40029c1,1.8.0,dd539897a18ce6d787567c0969bf760cf4c6c2d331693676b7eab3ef6b71fe9b,True,3.12.13,2.12.0+cpu,2.4.6,1.2.3,3.1.0,2.1.0,3.2.7,,,,,,1.0,0.0,0.0,0.0,0.0,1.0,0.0,1.0,0.0,nan,nan,0.0,nan,0.0,0.0,nan,1.0,nan,nan,unsupported,1030.62,940.65,neural,0.0,0.0,0.0,,,,,,,,,,,,,0.0,0.0,0.0,0.0,nan,nan,14,nan,nan,nan,nan,unavailable,unavailable,unavailable,nan,nan,0.0,unavailable,nan
reviewer1_sensor_factorial_development,reviewer1_sensor_factorial_development,configs/reviewer1_remaining/sensor_factorial_development/matched_conditions.yaml,visibility_occlusion_only,SensorizedPyBulletUAVWaypoint-v0,SensorizedPyBulletUAVWaypoint-v0,native_gymnasium_observation,dqn,15002,train,80,,,80,4,-0.1876264189369977,20,0.0,80,13,0.005581911330899367,0.009975901804864407,0,2,2,1.962147800019011,0.8341885000118054,1.1279593000072055,0.8341885000118054,1.1279593000072055,a6856e5cafc085e89cbbb2e0fc8a8770c40029c1,1.8.0,dd539897a18ce6d787567c0969bf760cf4c6c2d331693676b7eab3ef6b71fe9b,True,3.12.13,2.12.0+cpu,2.4.6,1.2.3,3.1.0,2.1.0,3.2.7,,,,,,1.0,0.0,0.0,0.05,-0.0025000000000000005,0.85,0.0,1.0,0.0,nan,nan,0.0,nan,0.15,0.15,nan,1.0,nan,nan,unsupported,864.155,909.2,neural,0.0,0.0,0.0,,,,,,,,,,,,,0.0,0.0,0.25,0.0,,,,,,,,,,,,,,,
reviewer1_sensor_factorial_development,reviewer1_sensor_factorial_development,configs/reviewer1_remaining/sensor_factorial_development/matched_conditions.yaml,visibility_occlusion_only,SensorizedPyBulletUAVWaypoint-v0,SensorizedPyBulletUAVWaypoint-v0,native_gymnasium_observation,dqn,15003,train,20,,,20,1,-0.96718799890019,20,0.0,20,0,nan,nan,0,0,2,0.22289179998915642,0.22289179998915642,0.0,0.22289179998915642,0.0,a6856e5cafc085e89cbbb2e0fc8a8770c40029c1,1.8.0,dd539897a18ce6d787567c0969bf760cf4c6c2d331693676b7eab3ef6b71fe9b,True,3.12.13,2.12.0+cpu,2.4.6,1.2.3,3.1.0,2.1.0,3.2.7,,,,,,1.0,0.0,1.0,0.0,0.0,1.0,0.0,0.25,0.0,nan,nan,0.0,nan,0.0,0.0,nan,0.25,nan,nan,unsupported,83.06,33.400000000000006,none,0.0,0.0,0.0,,,,,,,,,,,,,0.0,0.0,0.0,0.0,,,,,,,,,,,,,,,
reviewer1_sensor_factorial_development,reviewer1_sensor_factorial_development,configs/reviewer1_remaining/sensor_factorial_development/matched_conditions.yaml,visibility_occlusion_only,SensorizedPyBulletUAVWaypoint-v0,SensorizedPyBulletUAVWaypoint-v0,native_gymnasium_observation,dqn,15003,eval,40,40,-1.0448219396546483,40,1,-1.0448219396546483,20,0.0,40,3,0.007847055482367674,0.010139407590031624,0,1,2,0.9695825999951921,0.3999267000181135,0.5696558999770787,0.3999267000181135,0.5696558999770787,a6856e5cafc085e89cbbb2e0fc8a8770c40029c1,1.8.0,dd539897a18ce6d787567c0969bf760cf4c6c2d331693676b7eab3ef6b71fe9b,True,3.12.13,2.12.0+cpu,2.4.6,1.2.3,3.1.0,2.1.0,3.2.7,,,,,,1.0,0.0,1.0,0.0,0.0,1.0,0.0,1.0,0.0,nan,nan,0.0,nan,0.0,0.0,nan,1.0,nan,nan,unsupported,1061.3450000000003,1032.65,neural,0.0,0.0,0.0,,,,,,,,,,,,,0.0,0.0,0.0,0.0,nan,nan,0,nan,nan,nan,nan,unavailable,unavailable,unavailable,nan,nan,0.0,unavailable,nan
reviewer1_sensor_factorial_development,reviewer1_sensor_factorial_development,configs/reviewer1_remaining/sensor_factorial_development/matched_conditions.yaml,visibility_occlusion_only,SensorizedPyBulletUAVWaypoint-v0,SensorizedPyBulletUAVWaypoint-v0,native_gymnasium_observation,dqn,15003,eval,40,40,-1.1701115471869707,40,2,-1.1701115471869707,20,0.0,40,3,0.007847055482367674,0.010139407590031624,0,1,2,0.9698069999867585,0.4001511000096798,0.5696558999770787,0.4001511000096798,0.5696558999770787,a6856e5cafc085e89cbbb2e0fc8a8770c40029c1,1.8.0,dd539897a18ce6d787567c0969bf760cf4c6c2d331693676b7eab3ef6b71fe9b,True,3.12.13,2.12.0+cpu,2.4.6,1.2.3,3.1.0,2.1.0,3.2.7,,,,,,1.0,0.0,1.0,0.0,0.0,1.0,0.0,1.0,0.0,nan,nan,0.0,nan,0.0,0.0,nan,1.0,nan,nan,unsupported,1135.855,1040.4499999999998,neural,0.0,0.0,0.0,,,,,,,,,,,,,0.0,0.0,1.0,0.0,nan,nan,0,nan,nan,nan,nan,unavailable,unavailable,unavailable,nan,nan,0.0,unavailable,nan
reviewer1_sensor_factorial_development,reviewer1_sensor_factorial_development,configs/reviewer1_remaining/sensor_factorial_development/matched_conditions.yaml,visibility_occlusion_only,SensorizedPyBulletUAVWaypoint-v0,SensorizedPyBulletUAVWaypoint-v0,native_gymnasium_observation,dqn,15003,train,40,,,40,2,-0.9574303419329225,20,0.0,40,3,0.007847055482367674,0.010139407590031624,0,1,2,0.9783540999924298,0.4086982000153512,0.5696558999770787,0.4086982000153512,0.5696558999770787,a6856e5cafc085e89cbbb2e0fc8a8770c40029c1,1.8.0,dd539897a18ce6d787567c0969bf760cf4c6c2d331693676b7eab3ef6b71fe9b,True,3.12.13,2.12.0+cpu,2.4.6,1.2.3,3.1.0,2.1.0,3.2.7,,,,,,1.0,0.0,1.0,0.05,-0.0025000000000000005,0.85,0.0,1.0,0.0,nan,nan,0.0,nan,0.15,0.15,nan,1.0,nan,nan,unsupported,375.11,70.65,neural,0.0,0.0,0.0,,,,,,,,,,,,,0.0,0.0,0.0,0.0,,,,,,,,,,,,,,,
reviewer1_sensor_factorial_development,reviewer1_sensor_factorial_development,configs/reviewer1_remaining/sensor_factorial_development/matched_conditions.yaml,visibility_occlusion_only,SensorizedPyBulletUAVWaypoint-v0,SensorizedPyBulletUAVWaypoint-v0,native_gymnasium_observation,dqn,15003,train,60,,,60,3,-1.1055717716412619,20,0.0,60,8,0.007234460208564997,0.012399455532431602,0,1,2,1.1863121000060346,0.6166562000289559,0.5696558999770787,0.6166562000289559,0.5696558999770787,a6856e5cafc085e89cbbb2e0fc8a8770c40029c1,1.8.0,dd539897a18ce6d787567c0969bf760cf4c6c2d331693676b7eab3ef6b71fe9b,True,3.12.13,2.12.0+cpu,2.4.6,1.2.3,3.1.0,2.1.0,3.2.7,,,,,,1.0,0.0,1.0,0.0,0.0,0.65,0.0,1.0,0.0,nan,nan,0.0,nan,0.35,0.35,nan,1.0,nan,nan,unsupported,604.1800000000001,816.7,neural,0.0,0.0,0.0,,,,,,,,,,,,,0.0,0.0,1.0,0.0,,,,,,,,,,,,,,,
reviewer1_sensor_factorial_development,reviewer1_sensor_factorial_development,configs/reviewer1_remaining/sensor_factorial_development/matched_conditions.yaml,visibility_occlusion_only,SensorizedPyBulletUAVWaypoint-v0,SensorizedPyBulletUAVWaypoint-v0,native_gymnasium_observation,dqn,15003,eval,80,80,-1.2026792104542254,80,1,-1.2026792104542254,20,0.0,80,13,0.0072671548248483585,0.012399455532431602,0,2,2,1.9540981999889482,0.8242850000096951,1.1298131999792531,0.8242850000096951,1.1298131999792531,a6856e5cafc085e89cbbb2e0fc8a8770c40029c1,1.8.0,dd539897a18ce6d787567c0969bf760cf4c6c2d331693676b7eab3ef6b71fe9b,True,3.12.13,2.12.0+cpu,2.4.6,1.2.3,3.1.0,2.1.0,3.2.7,,,,,,1.0,0.0,1.0,0.0,0.0,1.0,0.0,1.0,0.0,nan,nan,0.0,nan,0.0,0.0,nan,1.0,nan,nan,unsupported,1128.9550000000002,1078.5500000000002,neural,0.0,0.0,0.0,,,,,,,,,,,,,0.0,0.0,1.0,0.0,nan,nan,0,nan,nan,nan,nan,unavailable,unavailable,unavailable,nan,nan,0.0,unavailable,nan
reviewer1_sensor_factorial_development,reviewer1_sensor_factorial_development,configs/reviewer1_remaining/sensor_factorial_development/matched_conditions.yaml,visibility_occlusion_only,SensorizedPyBulletUAVWaypoint-v0,SensorizedPyBulletUAVWaypoint-v0,native_gymnasium_observation,dqn,15003,eval,80,80,-1.112504853308201,80,2,-1.112504853308201,20,0.0,80,13,0.0072671548248483585,0.012399455532431602,0,2,2,1.9543051999935415,0.8244920000142884,1.1298131999792531,0.8244920000142884,1.1298131999792531,a6856e5cafc085e89cbbb2e0fc8a8770c40029c1,1.8.0,dd539897a18ce6d787567c0969bf760cf4c6c2d331693676b7eab3ef6b71fe9b,True,3.12.13,2.12.0+cpu,2.4.6,1.2.3,3.1.0,2.1.0,3.2.7,,,,,,1.0,0.0,1.0,0.0,0.0,1.0,0.0,1.0,0.0,nan,nan,0.0,nan,0.0,0.0,nan,1.0,nan,nan,unsupported,1111.2149999999997,1058.4,neural,0.0,0.0,0.0,,,,,,,,,,,,,0.0,0.0,0.4,0.0,nan,nan,0,nan,nan,nan,nan,unavailable,unavailable,unavailable,nan,nan,0.0,unavailable,nan
reviewer1_sensor_factorial_development,reviewer1_sensor_factorial_development,configs/reviewer1_remaining/sensor_factorial_development/matched_conditions.yaml,visibility_occlusion_only,SensorizedPyBulletUAVWaypoint-v0,SensorizedPyBulletUAVWaypoint-v0,native_gymnasium_observation,dqn,15003,train,80,,,80,4,-0.3332687900029123,20,0.0,80,13,0.0072671548248483585,0.012399455532431602,0,2,2,1.9569402000051923,0.8271270000259392,1.1298131999792531,0.8271270000259392,1.1298131999792531,a6856e5cafc085e89cbbb2e0fc8a8770c40029c1,1.8.0,dd539897a18ce6d787567c0969bf760cf4c6c2d331693676b7eab3ef6b71fe9b,True,3.12.13,2.12.0+cpu,2.4.6,1.2.3,3.1.0,2.1.0,3.2.7,,,,,,1.0,0.0,0.15,0.0,0.0,0.8,0.0,1.0,0.0,nan,nan,0.0,nan,0.2,0.2,nan,1.0,nan,nan,unsupported,752.395,857.8,neural,0.0,0.0,0.0,,,,,,,,,,,,,0.0,0.0,0.6,0.0,,,,,,,,,,,,,,,
reviewer1_sensor_factorial_development,reviewer1_sensor_factorial_development,configs/reviewer1_remaining/sensor_factorial_development/matched_conditions.yaml,visibility_occlusion_only,SensorizedPyBulletUAVWaypoint-v0,SensorizedPyBulletUAVWaypoint-v0,native_gymnasium_observation,fuzzy_relative_reliability,15002,train,20,,,20,1,-1.0151569248735903,20,0.0,20,0,nan,nan,0,0,2,0.2720922000007704,0.2720922000007704,0.0,0.2720922000007704,0.0,a6856e5cafc085e89cbbb2e0fc8a8770c40029c1,1.8.0,dd539897a18ce6d787567c0969bf760cf4c6c2d331693676b7eab3ef6b71fe9b,True,3.12.13,2.12.0+cpu,2.4.6,1.2.3,3.1.0,2.1.0,3.2.7,0.0,0.0,0.3601519,0.3723965941446522,17.0,1.0,0.0,1.0,0.0,0.0,1.0,0.0,0.5,0.0,0.0,0.0,0.0,0.8104400996540267,0.0,0.5,0.0,0.5,10.0,1.0,support-boundary collapse,141.59500000000003,56.099999999999994,neural,17.0,459.0,3468.0,0.0,0,nan,0.0,nan,exact_count,raw_state,none,5.48e-05,1632,,,0.0,0.0,0.6,0.0,,,,,,,,,,,,,,,
reviewer1_sensor_factorial_development,reviewer1_sensor_factorial_development,configs/reviewer1_remaining/sensor_factorial_development/matched_conditions.yaml,visibility_occlusion_only,SensorizedPyBulletUAVWaypoint-v0,SensorizedPyBulletUAVWaypoint-v0,native_gymnasium_observation,fuzzy_relative_reliability,15002,eval,40,40,-1.092377481814474,40,1,-1.092377481814474,20,0.0,40,3,0.00798793820043405,0.009975901804864407,0,1,2,1.0426053999981377,0.4848731000092812,0.5577322999888565,0.4848731000092812,0.5577322999888565,a6856e5cafc085e89cbbb2e0fc8a8770c40029c1,1.8.0,dd539897a18ce6d787567c0969bf760cf4c6c2d331693676b7eab3ef6b71fe9b,True,3.12.13,2.12.0+cpu,2.4.6,1.2.3,3.1.0,2.1.0,3.2.7,0.06457787663468799,0.0,0.13073356,0.14261490980068903,30.0,1.0,0.0,1.0,0.0,0.0,1.0,0.0,1.0,0.0,0.0,0.0,0.0,0.752889450834682,0.0,0.0,0.0,1.0,20.0,1.0,support-boundary collapse,1691.25,1578.4,neural,30.0,810.0,6120.0,0.0,0,nan,0.0,nan,exact_count,raw_state,none,2.95e-05,2880,,,0.0,0.0,0.0,0.0,nan,nan,6,nan,nan,nan,nan,unavailable,unavailable,unavailable,nan,nan,0.0,unavailable,nan
reviewer1_sensor_factorial_development,reviewer1_sensor_factorial_development,configs/reviewer1_remaining/sensor_factorial_development/matched_conditions.yaml,visibility_occlusion_only,SensorizedPyBulletUAVWaypoint-v0,SensorizedPyBulletUAVWaypoint-v0,native_gymnasium_observation,fuzzy_relative_reliability,15002,eval,40,40,-1.0743244093470277,40,2,-1.0743244093470277,20,0.0,40,3,0.00798793820043405,0.009975901804864407,0,1,2,1.0428738000045996,0.4851415000157431,0.5577322999888565,0.4851415000157431,0.5577322999888565,a6856e5cafc085e89cbbb2e0fc8a8770c40029c1,1.8.0,dd539897a18ce6d787567c0969bf760cf4c6c2d331693676b7eab3ef6b71fe9b,True,3.12.13,2.12.0+cpu,2.4.6,1.2.3,3.1.0,2.1.0,3.2.7,0.06457787663468799,0.0,0.13073356,0.14261490980068903,30.0,1.0,0.0,1.0,0.0,0.0,1.0,0.0,1.0,0.0,0.0,0.0,0.0,0.7503638096330251,0.0,0.0,0.0,1.0,20.0,1.0,support-boundary collapse,1838.7749999999996,1790.25,neural,30.0,810.0,6120.0,0.0,0,nan,0.0,nan,exact_count,raw_state,none,2.95e-05,2880,,,0.0,0.0,0.0,0.0,nan,nan,6,nan,nan,nan,nan,unavailable,unavailable,unavailable,nan,nan,0.0,unavailable,nan
reviewer1_sensor_factorial_development,reviewer1_sensor_factorial_development,configs/reviewer1_remaining/sensor_factorial_development/matched_conditions.yaml,visibility_occlusion_only,SensorizedPyBulletUAVWaypoint-v0,SensorizedPyBulletUAVWaypoint-v0,native_gymnasium_observation,fuzzy_relative_reliability,15002,train,40,,,40,2,-1.0411711939889938,20,0.0,40,3,0.00798793820043405,0.009975901804864407,0,1,2,1.0478294000204187,0.49009710003156215,0.5577322999888565,0.49009710003156215,0.5577322999888565,a6856e5cafc085e89cbbb2e0fc8a8770c40029c1,1.8.0,dd539897a18ce6d787567c0969bf760cf4c6c2d331693676b7eab3ef6b71fe9b,True,3.12.13,2.12.0+cpu,2.4.6,1.2.3,3.1.0,2.1.0,3.2.7,0.06457787663468799,0.0,0.13073356,0.14261490980068903,30.0,1.0,0.0,1.0,0.0,0.0,0.7,0.07526127084736862,0.9247387291526312,0.0,0.07526127084736862,0.22190434023214295,0.0749732712465171,0.6944061672356179,0.3,0.65,0.3,0.7,14.0,0.7,support-boundary collapse,975.0650000000002,1429.8000000000002,neural,30.0,810.0,6120.0,0.0,0,nan,0.0,nan,exact_count,raw_state,none,2.95e-05,2880,,,0.0,0.0,0.0,0.0,,,,,,,,,,,,,,,
reviewer1_sensor_factorial_development,reviewer1_sensor_factorial_development,configs/reviewer1_remaining/sensor_factorial_development/matched_conditions.yaml,visibility_occlusion_only,SensorizedPyBulletUAVWaypoint-v0,SensorizedPyBulletUAVWaypoint-v0,native_gymnasium_observation,fuzzy_relative_reliability,15002,train,60,,,60,3,-0.12733940634876492,20,0.0,60,8,0.006638508755713701,0.009975901804864407,0,1,2,1.2756823000090662,0.7179500000202097,0.5577322999888565,0.7179500000202097,0.5577322999888565,a6856e5cafc085e89cbbb2e0fc8a8770c40029c1,1.8.0,dd539897a18ce6d787567c0969bf760cf4c6c2d331693676b7eab3ef6b71fe9b,True,3.12.13,2.12.0+cpu,2.4.6,1.2.3,3.1.0,2.1.0,3.2.7,0.07514967243809895,0.0,0.04689053,0.05647270156680671,44.0,1.0,0.0,0.0,0.0,0.0,0.9,0.055718954356981445,0.9442810456430186,0.0,0.055718954356981445,0.0,0.057987700304377145,0.9274570825247599,0.1,0.6,0.1,0.9,18.0,0.9,support-boundary collapse,1088.8899999999999,1287.6,neural,44.0,1188.0,8976.0,0.0,0,nan,0.0,nan,exact_count,raw_state,none,2.62e-05,4224,,,0.0,0.0,1.0,0.0,,,,,,,,,,,,,,,
reviewer1_sensor_factorial_development,reviewer1_sensor_factorial_development,configs/reviewer1_remaining/sensor_factorial_development/matched_conditions.yaml,visibility_occlusion_only,SensorizedPyBulletUAVWaypoint-v0,SensorizedPyBulletUAVWaypoint-v0,native_gymnasium_observation,fuzzy_relative_reliability,15002,eval,80,80,-0.1717708364967257,80,1,-0.1717708364967257,20,0.0,80,13,0.005581911330899367,0.009975901804864407,0,2,2,2.1010146000189707,0.9629087000212166,1.138105899997754,0.9629087000212166,1.138105899997754,a6856e5cafc085e89cbbb2e0fc8a8770c40029c1,1.8.0,dd539897a18ce6d787567c0969bf760cf4c6c2d331693676b7eab3ef6b71fe9b,True,3.12.13,2.12.0+cpu,2.4.6,1.2.3,3.1.0,2.1.0,3.2.7,0.05451916843938242,0.0,0.016864365,0.02232130243009822,62.0,1.0,0.0,0.0,0.0,0.0,1.0,0.0,1.0,0.0,0.0,0.0,0.0,0.7227061246078136,0.0,0.85,0.0,1.0,20.0,1.0,support-boundary collapse,1852.7300000000002,1808.2,neural,62.0,1674.0,12648.0,0.0,0,nan,0.0,nan,exact_count,raw_state,none,1.98e-05,5952,,,0.0,0.0,0.15,0.0,nan,nan,23,nan,nan,nan,nan,unavailable,unavailable,unavailable,nan,nan,0.0,unavailable,nan
reviewer1_sensor_factorial_development,reviewer1_sensor_factorial_development,configs/reviewer1_remaining/sensor_factorial_development/matched_conditions.yaml,visibility_occlusion_only,SensorizedPyBulletUAVWaypoint-v0,SensorizedPyBulletUAVWaypoint-v0,native_gymnasium_observation,fuzzy_relative_reliability,15002,eval,80,80,-0.14030870043789034,80,2,-0.14030870043789034,20,0.0,80,13,0.005581911330899367,0.009975901804864407,0,2,2,2.101287700003013,0.963181800005259,1.138105899997754,0.963181800005259,1.138105899997754,a6856e5cafc085e89cbbb2e0fc8a8770c40029c1,1.8.0,dd539897a18ce6d787567c0969bf760cf4c6c2d331693676b7eab3ef6b71fe9b,True,3.12.13,2.12.0+cpu,2.4.6,1.2.3,3.1.0,2.1.0,3.2.7,0.05451916843938242,0.0,0.016864365,0.02232130243009822,62.0,1.0,0.0,0.0,0.0,0.0,1.0,0.0,1.0,0.0,0.0,0.0,0.0,0.9437702827102381,0.0,0.0,0.0,1.0,20.0,1.0,support-boundary collapse,1852.92,1792.6,neural,62.0,1674.0,12648.0,0.0,0,nan,0.0,nan,exact_count,raw_state,none,1.98e-05,5952,,,0.0,0.0,0.0,0.0,nan,nan,14,nan,nan,nan,nan,unavailable,unavailable,unavailable,nan,nan,0.0,unavailable,nan
reviewer1_sensor_factorial_development,reviewer1_sensor_factorial_development,configs/reviewer1_remaining/sensor_factorial_development/matched_conditions.yaml,visibility_occlusion_only,SensorizedPyBulletUAVWaypoint-v0,SensorizedPyBulletUAVWaypoint-v0,native_gymnasium_observation,fuzzy_relative_reliability,15002,train,80,,,80,4,-0.1876264189369977,20,0.0,80,13,0.005581911330899367,0.009975901804864407,0,2,2,2.1046345000213478,0.9665286000235938,1.138105899997754,0.9665286000235938,1.138105899997754,a6856e5cafc085e89cbbb2e0fc8a8770c40029c1,1.8.0,dd539897a18ce6d787567c0969bf760cf4c6c2d331693676b7eab3ef6b71fe9b,True,3.12.13,2.12.0+cpu,2.4.6,1.2.3,3.1.0,2.1.0,3.2.7,0.05451916843938242,0.0,0.016864365,0.02232130243009822,62.0,1.0,0.0,0.0,0.05,-0.0025000000000000005,0.85,0.03336834883128522,0.9666316511687147,0.0,0.03336834883128522,0.0,0.03317988253928927,0.7789716920964518,0.15,0.65,0.15,0.85,17.0,0.85,support-boundary collapse,1448.8349999999998,1561.75,neural,62.0,1674.0,12648.0,0.0,0,nan,0.0,nan,exact_count,raw_state,none,1.98e-05,5952,,,0.0,0.0,0.25,0.0,,,,,,,,,,,,,,,
reviewer1_sensor_factorial_development,reviewer1_sensor_factorial_development,configs/reviewer1_remaining/sensor_factorial_development/matched_conditions.yaml,visibility_occlusion_only,SensorizedPyBulletUAVWaypoint-v0,SensorizedPyBulletUAVWaypoint-v0,native_gymnasium_observation,fuzzy_relative_reliability,15003,train,20,,,20,1,-0.96718799890019,20,0.0,20,0,nan,nan,0,0,2,0.2585162000032142,0.2585162000032142,0.0,0.2585162000032142,0.0,a6856e5cafc085e89cbbb2e0fc8a8770c40029c1,1.8.0,dd539897a18ce6d787567c0969bf760cf4c6c2d331693676b7eab3ef6b71fe9b,True,3.12.13,2.12.0+cpu,2.4.6,1.2.3,3.1.0,2.1.0,3.2.7,0.0,0.0,0.35995454,0.36947197562254486,15.0,1.0,0.0,1.0,0.0,0.0,1.0,0.0,0.25,0.0,0.0,0.0,0.0,0.9261281193738549,0.0,0.25,0.0,0.25,5.0,1.0,unsupported,126.57499999999997,45.25,none,15.0,405.0,3060.0,0.0,0,nan,0.0,nan,exact_count,raw_state,none,3.25e-05,1440,,,0.0,0.0,0.0,0.0,,,,,,,,,,,,,,,
reviewer1_sensor_factorial_development,reviewer1_sensor_factorial_development,configs/reviewer1_remaining/sensor_factorial_development/matched_conditions.yaml,visibility_occlusion_only,SensorizedPyBulletUAVWaypoint-v0,SensorizedPyBulletUAVWaypoint-v0,native_gymnasium_observation,fuzzy_relative_reliability,15003,eval,40,40,-1.0448219396546483,40,1,-1.0448219396546483,20,0.0,40,3,0.007847055482367674,0.010139407590031624,0,1,2,1.0409491000173148,0.4671026000287384,0.5738464999885764,0.4671026000287384,0.5738464999885764,a6856e5cafc085e89cbbb2e0fc8a8770c40029c1,1.8.0,dd539897a18ce6d787567c0969bf760cf4c6c2d331693676b7eab3ef6b71fe9b,True,3.12.13,2.12.0+cpu,2.4.6,1.2.3,3.1.0,2.1.0,3.2.7,0.05571070001611502,0.0,0.13039584,0.14534307490036438,30.0,1.0,0.0,1.0,0.0,0.0,1.0,0.0,1.0,0.0,0.0,0.0,0.0,0.8917119500586717,0.0,0.0,0.0,1.0,20.0,1.0,support-boundary collapse,1803.6050000000002,1721.85,neural,30.0,810.0,6120.0,0.0,0,nan,0.0,nan,exact_count,raw_state,none,2.67e-05,2880,,,0.0,0.0,0.0,0.0,nan,nan,0,nan,nan,nan,nan,unavailable,unavailable,unavailable,nan,nan,0.0,unavailable,nan
reviewer1_sensor_factorial_development,reviewer1_sensor_factorial_development,configs/reviewer1_remaining/sensor_factorial_development/matched_conditions.yaml,visibility_occlusion_only,SensorizedPyBulletUAVWaypoint-v0,SensorizedPyBulletUAVWaypoint-v0,native_gymnasium_observation,fuzzy_relative_reliability,15003,eval,40,40,-1.1701115471869707,40,2,-1.1701115471869707,20,0.0,40,3,0.007847055482367674,0.010139407590031624,0,1,2,1.0412269000080414,0.467380400019465,0.5738464999885764,0.467380400019465,0.5738464999885764,a6856e5cafc085e89cbbb2e0fc8a8770c40029c1,1.8.0,dd539897a18ce6d787567c0969bf760cf4c6c2d331693676b7eab3ef6b71fe9b,True,3.12.13,2.12.0+cpu,2.4.6,1.2.3,3.1.0,2.1.0,3.2.7,0.05571070001611502,0.0,0.13039584,0.14534307490036438,30.0,1.0,0.0,1.0,0.0,0.0,1.0,0.0,1.0,0.0,0.0,0.0,0.0,0.9977277516375066,0.0,0.0,0.0,1.0,20.0,1.0,support-boundary collapse,1892.2899999999997,1701.8000000000002,neural,30.0,810.0,6120.0,0.0,0,nan,0.0,nan,exact_count,raw_state,none,2.67e-05,2880,,,0.0,0.0,1.0,0.0,nan,nan,0,nan,nan,nan,nan,unavailable,unavailable,unavailable,nan,nan,0.0,unavailable,nan
reviewer1_sensor_factorial_development,reviewer1_sensor_factorial_development,configs/reviewer1_remaining/sensor_factorial_development/matched_conditions.yaml,visibility_occlusion_only,SensorizedPyBulletUAVWaypoint-v0,SensorizedPyBulletUAVWaypoint-v0,native_gymnasium_observation,fuzzy_relative_reliability,15003,train,40,,,40,2,-0.9574303419329225,20,0.0,40,3,0.007847055482367674,0.010139407590031624,0,1,2,1.048075400001835,0.4742289000132587,0.5738464999885764,0.4742289000132587,0.5738464999885764,a6856e5cafc085e89cbbb2e0fc8a8770c40029c1,1.8.0,dd539897a18ce6d787567c0969bf760cf4c6c2d331693676b7eab3ef6b71fe9b,True,3.12.13,2.12.0+cpu,2.4.6,1.2.3,3.1.0,2.1.0,3.2.7,0.05571070001611502,0.0,0.13039584,0.14534307490036438,30.0,1.0,0.0,1.0,0.05,-0.0025000000000000005,0.85,0.03342153895173044,0.9665784610482694,0.0,0.03342153895173044,0.0,0.03317988253928927,0.9590638653581351,0.15,0.95,0.15,0.85,17.0,0.85,support-boundary collapse,653.0250000000001,60.85,neural,30.0,810.0,6120.0,0.0,0,nan,0.0,nan,exact_count,raw_state,none,2.67e-05,2880,,,0.0,0.0,0.0,0.0,,,,,,,,,,,,,,,
reviewer1_sensor_factorial_development,reviewer1_sensor_factorial_development,configs/reviewer1_remaining/sensor_factorial_development/matched_conditions.yaml,visibility_occlusion_only,SensorizedPyBulletUAVWaypoint-v0,SensorizedPyBulletUAVWaypoint-v0,native_gymnasium_observation,fuzzy_relative_reliability,15003,train,60,,,60,3,-1.0963060306245462,20,0.0,60,8,0.007233996468130499,0.012399377301335335,0,1,2,1.2724928999959957,0.6986464000074193,0.5738464999885764,0.6986464000074193,0.5738464999885764,a6856e5cafc085e89cbbb2e0fc8a8770c40029c1,1.8.0,dd539897a18ce6d787567c0969bf760cf4c6c2d331693676b7eab3ef6b71fe9b,True,3.12.13,2.12.0+cpu,2.4.6,1.2.3,3.1.0,2.1.0,3.2.7,0.0885583608764227,0.0,0.048595384,0.06250973947692369,43.0,1.0,0.0,1.0,0.0,0.0,0.75,0.08161978483330198,0.918380215166698,0.0,0.08161978483330198,0.05576713496583404,0.08114032273596448,0.964089714618461,0.25,0.75,0.25,0.75,15.0,0.75,support-boundary collapse,847.925,1234.4,neural,43.0,1161.0,8772.0,0.0,0,nan,0.0,nan,exact_count,raw_state,none,3.44e-05,4128,,,0.0,0.0,1.0,0.0,,,,,,,,,,,,,,,
reviewer1_sensor_factorial_development,reviewer1_sensor_factorial_development,configs/reviewer1_remaining/sensor_factorial_development/matched_conditions.yaml,visibility_occlusion_only,SensorizedPyBulletUAVWaypoint-v0,SensorizedPyBulletUAVWaypoint-v0,native_gymnasium_observation,fuzzy_relative_reliability,15003,eval,80,80,-1.2026792104542254,80,1,-1.2026792104542254,20,0.0,80,13,0.007261312208496607,0.012399377301335335,0,2,2,2.087436700006947,0.9333839000319131,1.1540527999750338,0.9333839000319131,1.1540527999750338,a6856e5cafc085e89cbbb2e0fc8a8770c40029c1,1.8.0,dd539897a18ce6d787567c0969bf760cf4c6c2d331693676b7eab3ef6b71fe9b,True,3.12.13,2.12.0+cpu,2.4.6,1.2.3,3.1.0,2.1.0,3.2.7,0.0671954179342047,0.0,0.017864246,0.027410532644112383,60.0,1.0,0.0,1.0,0.0,0.0,1.0,0.0,1.0,0.0,0.0,0.0,0.0,0.8471933369210942,0.0,0.0,0.0,1.0,20.0,1.0,support-boundary collapse,1812.33,1728.6,neural,60.0,1620.0,12240.0,0.0,0,nan,0.0,nan,exact_count,raw_state,none,1.78e-05,5760,,,0.0,0.0,1.0,0.0,nan,nan,0,nan,nan,nan,nan,unavailable,unavailable,unavailable,nan,nan,0.0,unavailable,nan
reviewer1_sensor_factorial_development,reviewer1_sensor_factorial_development,configs/reviewer1_remaining/sensor_factorial_development/matched_conditions.yaml,visibility_occlusion_only,SensorizedPyBulletUAVWaypoint-v0,SensorizedPyBulletUAVWaypoint-v0,native_gymnasium_observation,fuzzy_relative_reliability,15003,eval,80,80,-1.112504853308201,80,2,-1.112504853308201,20,0.0,80,13,0.007261312208496607,0.012399377301335335,0,2,2,2.0877369999943767,0.9336842000193428,1.1540527999750338,0.9336842000193428,1.1540527999750338,a6856e5cafc085e89cbbb2e0fc8a8770c40029c1,1.8.0,dd539897a18ce6d787567c0969bf760cf4c6c2d331693676b7eab3ef6b71fe9b,True,3.12.13,2.12.0+cpu,2.4.6,1.2.3,3.1.0,2.1.0,3.2.7,0.0671954179342047,0.0,0.017864246,0.027410532644112383,60.0,1.0,0.0,1.0,0.0,0.0,1.0,0.0,1.0,0.0,0.0,0.0,0.0,0.8604717730490945,0.0,0.4,0.0,1.0,20.0,1.0,support-boundary collapse,1869.0000000000005,1786.4499999999998,neural,60.0,1620.0,12240.0,0.0,0,nan,0.0,nan,exact_count,raw_state,none,1.78e-05,5760,,,0.0,0.0,0.4,0.0,nan,nan,0,nan,nan,nan,nan,unavailable,unavailable,unavailable,nan,nan,0.0,unavailable,nan
reviewer1_sensor_factorial_development,reviewer1_sensor_factorial_development,configs/reviewer1_remaining/sensor_factorial_development/matched_conditions.yaml,visibility_occlusion_only,SensorizedPyBulletUAVWaypoint-v0,SensorizedPyBulletUAVWaypoint-v0,native_gymnasium_observation,fuzzy_relative_reliability,15003,train,80,,,80,4,-0.3332687900029123,20,0.0,80,13,0.007261312208496607,0.012399377301335335,0,2,2,2.0908414000004996,0.9367886000254657,1.1540527999750338,0.9367886000254657,1.1540527999750338,a6856e5cafc085e89cbbb2e0fc8a8770c40029c1,1.8.0,dd539897a18ce6d787567c0969bf760cf4c6c2d331693676b7eab3ef6b71fe9b,True,3.12.13,2.12.0+cpu,2.4.6,1.2.3,3.1.0,2.1.0,3.2.7,0.0671954179342047,0.0,0.017864246,0.027410532644112383,60.0,1.0,0.0,0.15,0.0,0.0,0.8,0.0446119225971305,0.9553880774028695,0.0,0.0446119225971305,0.0,0.04423984338571903,0.8552980087674381,0.2,0.5,0.2,0.8,16.0,0.8,support-boundary collapse,1261.2599999999998,1484.7,neural,60.0,1620.0,12240.0,0.0,0,nan,0.0,nan,exact_count,raw_state,none,1.78e-05,5760,,,0.0,0.0,0.6,0.0,,,,,,,,,,,,,,,
reviewer1_sensor_factorial_development,reviewer1_sensor_factorial_development,configs/reviewer1_remaining/sensor_factorial_development/matched_conditions.yaml,visibility_occlusion_only,SensorizedPyBulletUAVWaypoint-v0,SensorizedPyBulletUAVWaypoint-v0,native_gymnasium_observation,selected_approximate_support,15002,train,20,,,20,1,-1.0151569248735903,20,0.0,20,0,nan,nan,0,0,2,0.24704100002418272,0.24704100002418272,0.0,0.24704100002418272,0.0,a6856e5cafc085e89cbbb2e0fc8a8770c40029c1,1.8.0,dd539897a18ce6d787567c0969bf760cf4c6c2d331693676b7eab3ef6b71fe9b,True,3.12.13,2.12.0+cpu,2.4.6,1.2.3,3.1.0,2.1.0,3.2.7,0.747500076755858,0.0,1.0,1.0,17.0,1.0,0.0,1.0,0.0,0.0,1.0,0.373750038377929,0.126249961622071,0.0,nan,nan,0.373750038377929,nan,0.0,0.5,nan,0.0,nan,nan,approximate-only,117.875,58.75,memory,17.0,459.0,3468.0,0.747500076755858,3,0.0,2.960397243499756,nan,gaussian_affinity,raw_state,brute_force,0.0003144,1496,,,0.0,0.0,0.6,0.0,,,,,,,,,,,,,,,
reviewer1_sensor_factorial_development,reviewer1_sensor_factorial_development,configs/reviewer1_remaining/sensor_factorial_development/matched_conditions.yaml,visibility_occlusion_only,SensorizedPyBulletUAVWaypoint-v0,SensorizedPyBulletUAVWaypoint-v0,native_gymnasium_observation,selected_approximate_support,15002,eval,40,40,-1.092377481814474,40,1,-1.092377481814474,20,0.0,40,3,0.00798793820043405,0.009975901804864407,0,1,2,1.3091251000005286,0.4565405999892391,0.8525845000112895,0.4565405999892391,0.8525845000112895,a6856e5cafc085e89cbbb2e0fc8a8770c40029c1,1.8.0,dd539897a18ce6d787567c0969bf760cf4c6c2d331693676b7eab3ef6b71fe9b,True,3.12.13,2.12.0+cpu,2.4.6,1.2.3,3.1.0,2.1.0,3.2.7,0.6639406079438044,0.0,1.0,1.0,30.0,1.0,0.0,1.0,0.0,0.0,1.0,0.6714787129977361,0.3285212870022639,0.0,nan,nan,0.6714787129977361,nan,0.0,1.0,nan,0.0,nan,nan,approximate-only,1332.545,1262.4499999999998,memory,30.0,810.0,6120.0,0.6501133211991351,3,0.2345208078622818,1.8580682277679443,nan,gaussian_affinity,raw_state,brute_force,0.0002928,2640,,,0.0,0.0,0.0,0.0,0,6,6,nan,nan,nan,0.49999999749999996,neural,unavailable,unavailable,nan,nan,0.0,unavailable,nan
reviewer1_sensor_factorial_development,reviewer1_sensor_factorial_development,configs/reviewer1_remaining/sensor_factorial_development/matched_conditions.yaml,visibility_occlusion_only,SensorizedPyBulletUAVWaypoint-v0,SensorizedPyBulletUAVWaypoint-v0,native_gymnasium_observation,selected_approximate_support,15002,eval,40,40,-1.0743244093470277,40,2,-1.0743244093470277,20,0.0,40,3,0.00798793820043405,0.009975901804864407,0,1,2,1.3093517000088468,0.4567671999975573,0.8525845000112895,0.4567671999975573,0.8525845000112895,a6856e5cafc085e89cbbb2e0fc8a8770c40029c1,1.8.0,dd539897a18ce6d787567c0969bf760cf4c6c2d331693676b7eab3ef6b71fe9b,True,3.12.13,2.12.0+cpu,2.4.6,1.2.3,3.1.0,2.1.0,3.2.7,0.6639406079438044,0.0,1.0,1.0,30.0,1.0,0.0,1.0,0.0,0.0,1.0,0.6617838495654546,0.3382161504345456,0.0,nan,nan,0.6617838495654546,nan,0.0,1.0,nan,0.0,nan,nan,approximate-only,1873.81,1688.3,memory,30.0,810.0,6120.0,0.6501133211991351,3,0.2345208078622818,1.8580682277679443,nan,gaussian_affinity,raw_state,brute_force,0.0002928,2640,,,0.0,0.0,0.0,0.0,0,6,6,nan,nan,nan,0.49999999749999996,neural,unavailable,unavailable,nan,nan,0.0,unavailable,nan
reviewer1_sensor_factorial_development,reviewer1_sensor_factorial_development,configs/reviewer1_remaining/sensor_factorial_development/matched_conditions.yaml,visibility_occlusion_only,SensorizedPyBulletUAVWaypoint-v0,SensorizedPyBulletUAVWaypoint-v0,native_gymnasium_observation,selected_approximate_support,15002,train,40,,,40,2,-1.0411711939889938,20,0.0,40,3,0.00798793820043405,0.009975901804864407,0,1,2,1.3143437000107951,0.46175919999950565,0.8525845000112895,0.46175919999950565,0.8525845000112895,a6856e5cafc085e89cbbb2e0fc8a8770c40029c1,1.8.0,dd539897a18ce6d787567c0969bf760cf4c6c2d331693676b7eab3ef6b71fe9b,True,3.12.13,2.12.0+cpu,2.4.6,1.2.3,3.1.0,2.1.0,3.2.7,0.6639406079438044,0.0,1.0,1.0,30.0,1.0,0.0,1.0,0.0,0.0,0.7,0.6800409937882094,0.31995900621179063,0.0,nan,nan,0.6800409937882094,nan,0.3,1.0,nan,0.0,nan,nan,approximate-only,967.28,1394.3,memory,30.0,810.0,6120.0,0.6501133211991351,3,0.2345208078622818,1.8580682277679443,nan,gaussian_affinity,raw_state,brute_force,0.0002928,2640,,,0.0,0.0,0.0,0.0,,,,,,,,,,,,,,,
reviewer1_sensor_factorial_development,reviewer1_sensor_factorial_development,configs/reviewer1_remaining/sensor_factorial_development/matched_conditions.yaml,visibility_occlusion_only,SensorizedPyBulletUAVWaypoint-v0,SensorizedPyBulletUAVWaypoint-v0,native_gymnasium_observation,selected_approximate_support,15002,train,60,,,60,3,-0.13751445222646,20,0.0,60,8,0.006633856624830514,0.009975901804864407,0,1,2,1.751432700024452,0.8988482000131626,0.8525845000112895,0.8988482000131626,0.8525845000112895,a6856e5cafc085e89cbbb2e0fc8a8770c40029c1,1.8.0,dd539897a18ce6d787567c0969bf760cf4c6c2d331693676b7eab3ef6b71fe9b,True,3.12.13,2.12.0+cpu,2.4.6,1.2.3,3.1.0,2.1.0,3.2.7,0.6646994278748427,0.0,1.0,1.0,42.0,1.0,0.0,0.0,0.0,0.0,0.7,0.6331376495383167,0.3668623504616832,0.0,nan,nan,0.6331376495383167,nan,0.3,1.0,nan,0.0,nan,nan,approximate-only,1268.395,1539.1999999999998,memory,42.0,1134.0,8568.0,0.7449751773157451,3,0.04999999701976776,2.921186923980713,nan,gaussian_affinity,raw_state,brute_force,0.0004908,3696,,,0.0,0.0,1.0,0.0,,,,,,,,,,,,,,,
reviewer1_sensor_factorial_development,reviewer1_sensor_factorial_development,configs/reviewer1_remaining/sensor_factorial_development/matched_conditions.yaml,visibility_occlusion_only,SensorizedPyBulletUAVWaypoint-v0,SensorizedPyBulletUAVWaypoint-v0,native_gymnasium_observation,selected_approximate_support,15002,eval,80,80,-0.1717708364967257,80,1,-0.1717708364967257,20,0.0,80,13,0.005578485720504362,0.009975901804864407,0,2,2,3.093961100006709,1.3374276999966241,1.7565334000100847,1.3374276999966241,1.7565334000100847,a6856e5cafc085e89cbbb2e0fc8a8770c40029c1,1.8.0,dd539897a18ce6d787567c0969bf760cf4c6c2d331693676b7eab3ef6b71fe9b,True,3.12.13,2.12.0+cpu,2.4.6,1.2.3,3.1.0,2.1.0,3.2.7,0.6926871616097544,0.0,1.0,1.0,60.0,1.0,0.0,0.0,0.0,0.0,1.0,0.7334089118674388,0.26659108813256116,0.0,nan,nan,0.7334089118674388,nan,0.0,1.0,nan,0.0,nan,nan,approximate-only,2230.8549999999996,2020.85,memory,60.0,1620.0,12240.0,0.052417357985866365,3,0.7053368091583252,0.055316925048828125,nan,gaussian_affinity,raw_state,brute_force,0.0005168,5280,,,0.0,0.0,0.15,0.0,0,23,23,nan,nan,nan,0.49999999749999996,neural,unavailable,unavailable,nan,nan,0.0,unavailable,nan
reviewer1_sensor_factorial_development,reviewer1_sensor_factorial_development,configs/reviewer1_remaining/sensor_factorial_development/matched_conditions.yaml,visibility_occlusion_only,SensorizedPyBulletUAVWaypoint-v0,SensorizedPyBulletUAVWaypoint-v0,native_gymnasium_observation,selected_approximate_support,15002,eval,80,80,-0.14030870043789034,80,2,-0.14030870043789034,20,0.0,80,13,0.005578485720504362,0.009975901804864407,0,2,2,3.0943149000231642,1.3377815000130795,1.7565334000100847,1.3377815000130795,1.7565334000100847,a6856e5cafc085e89cbbb2e0fc8a8770c40029c1,1.8.0,dd539897a18ce6d787567c0969bf760cf4c6c2d331693676b7eab3ef6b71fe9b,True,3.12.13,2.12.0+cpu,2.4.6,1.2.3,3.1.0,2.1.0,3.2.7,0.6926871616097544,0.0,1.0,1.0,60.0,1.0,0.0,0.0,0.0,0.0,1.0,0.0928462835218518,0.9071537164781482,0.0,nan,nan,0.0928462835218518,nan,0.0,1.0,nan,0.0,nan,nan,approximate-only,2130.155,1970.75,neural,60.0,1620.0,12240.0,0.052417357985866365,3,0.7053368091583252,0.055316925048828125,nan,gaussian_affinity,raw_state,brute_force,0.0005168,5280,,,0.0,0.0,0.0,0.0,0,14,14,nan,nan,nan,0.49999999749999996,neural,unavailable,unavailable,nan,nan,0.0,unavailable,nan
reviewer1_sensor_factorial_development,reviewer1_sensor_factorial_development,configs/reviewer1_remaining/sensor_factorial_development/matched_conditions.yaml,visibility_occlusion_only,SensorizedPyBulletUAVWaypoint-v0,SensorizedPyBulletUAVWaypoint-v0,native_gymnasium_observation,selected_approximate_support,15002,train,80,,,80,4,-0.1876264189369977,20,0.0,80,13,0.005578485720504362,0.009975901804864407,0,2,2,3.0963378000014927,1.339804399991408,1.7565334000100847,1.339804399991408,1.7565334000100847,a6856e5cafc085e89cbbb2e0fc8a8770c40029c1,1.8.0,dd539897a18ce6d787567c0969bf760cf4c6c2d331693676b7eab3ef6b71fe9b,True,3.12.13,2.12.0+cpu,2.4.6,1.2.3,3.1.0,2.1.0,3.2.7,0.6926871616097544,0.0,1.0,1.0,60.0,1.0,0.0,0.0,0.05,-0.0025000000000000005,0.85,0.7325196202383515,0.2674803797616486,0.0,nan,nan,0.7325196202383515,nan,0.15,1.0,nan,0.0,nan,nan,approximate-only,1930.5549999999996,1733.3,memory,60.0,1620.0,12240.0,0.052417357985866365,3,0.7053368091583252,0.055316925048828125,nan,gaussian_affinity,raw_state,brute_force,0.0005168,5280,,,0.0,0.0,0.25,0.0,,,,,,,,,,,,,,,
reviewer1_sensor_factorial_development,reviewer1_sensor_factorial_development,configs/reviewer1_remaining/sensor_factorial_development/matched_conditions.yaml,visibility_occlusion_only,SensorizedPyBulletUAVWaypoint-v0,SensorizedPyBulletUAVWaypoint-v0,native_gymnasium_observation,selected_approximate_support,15003,train,20,,,20,1,-0.96718799890019,20,0.0,20,0,nan,nan,0,0,2,0.26598379999632016,0.26598379999632016,0.0,0.26598379999632016,0.0,a6856e5cafc085e89cbbb2e0fc8a8770c40029c1,1.8.0,dd539897a18ce6d787567c0969bf760cf4c6c2d331693676b7eab3ef6b71fe9b,True,3.12.13,2.12.0+cpu,2.4.6,1.2.3,3.1.0,2.1.0,3.2.7,0.7462565265846898,0.0,1.0,1.0,15.0,1.0,0.0,1.0,0.0,0.0,1.0,0.18656413164617244,0.06343586835382756,0.0,nan,nan,0.18656413164617244,nan,0.0,0.25,nan,0.0,nan,nan,unsupported,126.36500000000001,57.25,none,15.0,405.0,3060.0,0.7462565265846898,3,0.0,2.940988063812256,nan,gaussian_affinity,raw_state,brute_force,0.0002991,1320,,,0.0,0.0,0.0,0.0,,,,,,,,,,,,,,,
reviewer1_sensor_factorial_development,reviewer1_sensor_factorial_development,configs/reviewer1_remaining/sensor_factorial_development/matched_conditions.yaml,visibility_occlusion_only,SensorizedPyBulletUAVWaypoint-v0,SensorizedPyBulletUAVWaypoint-v0,native_gymnasium_observation,selected_approximate_support,15003,eval,40,40,-1.0448219396546483,40,1,-1.0448219396546483,20,0.0,40,3,0.007848595889906088,0.010153146460652351,0,1,2,1.383897599996999,0.46864839998306707,0.9152492000139318,0.46864839998306707,0.9152492000139318,a6856e5cafc085e89cbbb2e0fc8a8770c40029c1,1.8.0,dd539897a18ce6d787567c0969bf760cf4c6c2d331693676b7eab3ef6b71fe9b,True,3.12.13,2.12.0+cpu,2.4.6,1.2.3,3.1.0,2.1.0,3.2.7,0.7442015270834266,0.0,1.0,1.0,28.0,1.0,0.0,1.0,0.0,0.0,1.0,0.6726935099576544,0.3273064900423456,0.0,nan,nan,0.6726935099576544,nan,0.0,1.0,nan,0.0,nan,nan,approximate-only,1411.4450000000002,1402.0,memory,28.0,756.0,5712.0,0.0,0,2.213594436645508,0.0,nan,gaussian_affinity,raw_state,brute_force,0.000335,2464,,,0.0,0.0,0.0,0.0,0,0,0,nan,nan,nan,0.49999999749999996,neural,unavailable,unavailable,nan,nan,0.0,unavailable,nan
reviewer1_sensor_factorial_development,reviewer1_sensor_factorial_development,configs/reviewer1_remaining/sensor_factorial_development/matched_conditions.yaml,visibility_occlusion_only,SensorizedPyBulletUAVWaypoint-v0,SensorizedPyBulletUAVWaypoint-v0,native_gymnasium_observation,selected_approximate_support,15003,eval,40,40,-1.1465129555109892,40,2,-1.1465129555109892,20,0.0,40,3,0.007848595889906088,0.010153146460652351,0,1,2,1.3841164000041317,0.4688671999901999,0.9152492000139318,0.4688671999901999,0.9152492000139318,a6856e5cafc085e89cbbb2e0fc8a8770c40029c1,1.8.0,dd539897a18ce6d787567c0969bf760cf4c6c2d331693676b7eab3ef6b71fe9b,True,3.12.13,2.12.0+cpu,2.4.6,1.2.3,3.1.0,2.1.0,3.2.7,0.7442015270834266,0.0,1.0,1.0,28.0,1.0,0.0,1.0,0.0,0.0,1.0,0.0,1.0,0.0,nan,nan,0.0,nan,0.0,0.0,nan,1.0,nan,nan,unsupported,2069.995,1732.3,neural,28.0,756.0,5712.0,0.0,0,2.213594436645508,0.0,nan,gaussian_affinity,raw_state,brute_force,0.000335,2464,,,0.0,0.0,1.0,0.0,0,0,0,nan,nan,nan,0.49999999749999996,neural,unavailable,unavailable,nan,nan,0.0,unavailable,nan
reviewer1_sensor_factorial_development,reviewer1_sensor_factorial_development,configs/reviewer1_remaining/sensor_factorial_development/matched_conditions.yaml,visibility_occlusion_only,SensorizedPyBulletUAVWaypoint-v0,SensorizedPyBulletUAVWaypoint-v0,native_gymnasium_observation,selected_approximate_support,15003,train,40,,,40,2,-0.9629065657220781,20,0.0,40,3,0.007848595889906088,0.010153146460652351,0,1,2,1.3955022000009194,0.48025299998698756,0.9152492000139318,0.48025299998698756,0.9152492000139318,a6856e5cafc085e89cbbb2e0fc8a8770c40029c1,1.8.0,dd539897a18ce6d787567c0969bf760cf4c6c2d331693676b7eab3ef6b71fe9b,True,3.12.13,2.12.0+cpu,2.4.6,1.2.3,3.1.0,2.1.0,3.2.7,0.7442015270834266,0.0,1.0,1.0,28.0,1.0,0.0,1.0,0.05,-0.0025000000000000005,0.9,0.7432724599423515,0.25672754005764864,0.0,nan,nan,0.7432724599423515,nan,0.1,1.0,nan,0.0,nan,nan,approximate-only,595.975,65.5,memory,28.0,756.0,5712.0,0.0,0,2.213594436645508,0.0,nan,gaussian_affinity,raw_state,brute_force,0.000335,2464,,,0.0,0.0,0.0,0.0,,,,,,,,,,,,,,,
reviewer1_sensor_factorial_development,reviewer1_sensor_factorial_development,configs/reviewer1_remaining/sensor_factorial_development/matched_conditions.yaml,visibility_occlusion_only,SensorizedPyBulletUAVWaypoint-v0,SensorizedPyBulletUAVWaypoint-v0,native_gymnasium_observation,selected_approximate_support,15003,train,60,,,60,3,-1.0516588057857006,20,0.0,60,8,0.0072145898011513054,0.012323020026087761,0,1,2,1.9180374999996275,1.0027882999856956,0.9152492000139318,1.0027882999856956,0.9152492000139318,a6856e5cafc085e89cbbb2e0fc8a8770c40029c1,1.8.0,dd539897a18ce6d787567c0969bf760cf4c6c2d331693676b7eab3ef6b71fe9b,True,3.12.13,2.12.0+cpu,2.4.6,1.2.3,3.1.0,2.1.0,3.2.7,0.6922230328945035,0.0,1.0,1.0,40.0,1.0,0.0,1.0,0.0,0.0,0.65,0.6339282147623522,0.3660717852376479,0.0,nan,nan,0.6339282147623522,nan,0.35,0.95,nan,0.05,nan,nan,approximate-only,1170.4299999999998,1259.4,memory,40.0,1080.0,8160.0,0.7412078276921983,3,0.05000000074505806,2.8641045093536377,nan,gaussian_affinity,raw_state,brute_force,0.000364,3520,,,0.0,0.0,1.0,0.0,,,,,,,,,,,,,,,
reviewer1_sensor_factorial_development,reviewer1_sensor_factorial_development,configs/reviewer1_remaining/sensor_factorial_development/matched_conditions.yaml,visibility_occlusion_only,SensorizedPyBulletUAVWaypoint-v0,SensorizedPyBulletUAVWaypoint-v0,native_gymnasium_observation,selected_approximate_support,15003,eval,80,80,-1.2026792104542254,80,1,-1.2026792104542254,20,0.0,80,13,0.007222830497014981,0.012323020026087761,0,2,2,3.1275730000052135,1.3794176999945194,1.7481553000106942,1.3794176999945194,1.7481553000106942,a6856e5cafc085e89cbbb2e0fc8a8770c40029c1,1.8.0,dd539897a18ce6d787567c0969bf760cf4c6c2d331693676b7eab3ef6b71fe9b,True,3.12.13,2.12.0+cpu,2.4.6,1.2.3,3.1.0,2.1.0,3.2.7,0.6704193911932904,0.0,1.0,1.0,57.0,1.0,0.0,1.0,0.0,0.0,1.0,0.6282220090740454,0.3717779909259545,0.0,nan,nan,0.6282220090740454,nan,0.0,1.0,nan,0.0,nan,nan,approximate-only,1944.3100000000002,1872.7,memory,57.0,1539.0,11628.0,0.660635151256629,3,0.21794496476650238,1.9466811418533325,nan,gaussian_affinity,raw_state,brute_force,0.0003806,5016,,,0.0,0.0,1.0,0.0,1,0,0,nan,nan,nan,0.49999999749999996,neural,unavailable,unavailable,nan,nan,0.0,unavailable,nan
reviewer1_sensor_factorial_development,reviewer1_sensor_factorial_development,configs/reviewer1_remaining/sensor_factorial_development/matched_conditions.yaml,visibility_occlusion_only,SensorizedPyBulletUAVWaypoint-v0,SensorizedPyBulletUAVWaypoint-v0,native_gymnasium_observation,selected_approximate_support,15003,eval,80,80,-1.112504853308201,80,2,-1.112504853308201,20,0.0,80,13,0.007222830497014981,0.012323020026087761,0,2,2,3.1278590000001714,1.3797036999894772,1.7481553000106942,1.3797036999894772,1.7481553000106942,a6856e5cafc085e89cbbb2e0fc8a8770c40029c1,1.8.0,dd539897a18ce6d787567c0969bf760cf4c6c2d331693676b7eab3ef6b71fe9b,True,3.12.13,2.12.0+cpu,2.4.6,1.2.3,3.1.0,2.1.0,3.2.7,0.6704193911932904,0.0,1.0,1.0,57.0,1.0,0.0,1.0,0.0,0.0,1.0,0.6999747377608211,0.30002526223917897,0.0,nan,nan,0.6999747377608211,nan,0.0,1.0,nan,0.0,nan,nan,approximate-only,2259.6099999999997,2006.3,memory,57.0,1539.0,11628.0,0.660635151256629,3,0.21794496476650238,1.9466811418533325,nan,gaussian_affinity,raw_state,brute_force,0.0003806,5016,,,0.0,0.0,0.4,0.0,1,0,0,nan,nan,nan,0.49999999749999996,neural,unavailable,unavailable,nan,nan,0.0,unavailable,nan
reviewer1_sensor_factorial_development,reviewer1_sensor_factorial_development,configs/reviewer1_remaining/sensor_factorial_development/matched_conditions.yaml,visibility_occlusion_only,SensorizedPyBulletUAVWaypoint-v0,SensorizedPyBulletUAVWaypoint-v0,native_gymnasium_observation,selected_approximate_support,15003,train,80,,,80,4,-0.3332687900029123,20,0.0,80,13,0.007222830497014981,0.012323020026087761,0,2,2,3.138780199980829,1.3906248999701347,1.7481553000106942,1.3906248999701347,1.7481553000106942,a6856e5cafc085e89cbbb2e0fc8a8770c40029c1,1.8.0,dd539897a18ce6d787567c0969bf760cf4c6c2d331693676b7eab3ef6b71fe9b,True,3.12.13,2.12.0+cpu,2.4.6,1.2.3,3.1.0,2.1.0,3.2.7,0.6704193911932904,0.0,1.0,1.0,57.0,1.0,0.0,0.15,0.0,0.0,0.8,0.5936654642473146,0.4063345357526855,0.0,nan,nan,0.5936654642473146,nan,0.2,1.0,nan,0.0,nan,nan,approximate-only,1748.3849999999998,1880.15,memory,57.0,1539.0,11628.0,0.660635151256629,3,0.21794496476650238,1.9466811418533325,nan,gaussian_affinity,raw_state,brute_force,0.0003806,5016,,,0.0,0.0,0.6,0.0,,,,,,,,,,,,,,,
reviewer1_sensor_factorial_development,reviewer1_sensor_factorial_development,configs/reviewer1_remaining/sensor_factorial_development/matched_conditions.yaml,visibility_occlusion_only,SensorizedPyBulletUAVWaypoint-v0,SensorizedPyBulletUAVWaypoint-v0,native_gymnasium_observation,sensorized_controller,15002,train,20,,,20,1,-1.0107978251762688,20,0.0,20,0,nan,nan,0,0,2,0.2050980000058189,0.2050980000058189,0.0,0.2050980000058189,0.0,a6856e5cafc085e89cbbb2e0fc8a8770c40029c1,1.8.0,dd539897a18ce6d787567c0969bf760cf4c6c2d331693676b7eab3ef6b71fe9b,True,3.12.13,2.12.0+cpu,2.4.6,1.2.3,3.1.0,2.1.0,3.2.7,,,,,,1.0,0.0,1.0,0.0,0.0,1.0,0.0,0.0,0.0,nan,nan,0.0,nan,0.0,0.0,nan,0.0,nan,nan,unsupported,36.17,33.7,none,0.0,0.0,0.0,,,,,,,,,,,,,0.0,0.0,0.6,0.0,,,,,,,,,,,,,,,
reviewer1_sensor_factorial_development,reviewer1_sensor_factorial_development,configs/reviewer1_remaining/sensor_factorial_development/matched_conditions.yaml,visibility_occlusion_only,SensorizedPyBulletUAVWaypoint-v0,SensorizedPyBulletUAVWaypoint-v0,native_gymnasium_observation,sensorized_controller,15002,eval,40,40,-0.9450645372457802,40,1,-0.9450645372457802,20,0.0,40,0,nan,nan,0,1,2,1.1832218999916222,0.35325270000612363,0.8299691999854986,0.35325270000612363,0.8299691999854986,a6856e5cafc085e89cbbb2e0fc8a8770c40029c1,1.8.0,dd539897a18ce6d787567c0969bf760cf4c6c2d331693676b7eab3ef6b71fe9b,True,3.12.13,2.12.0+cpu,2.4.6,1.2.3,3.1.0,2.1.0,3.2.7,,,,,,1.0,0.0,1.0,0.2,-0.010000000000000002,1.0,0.0,0.0,0.0,nan,nan,0.0,nan,0.0,0.0,nan,0.0,nan,nan,unsupported,333.05499999999995,328.2,mixed,0.0,0.0,0.0,,,,,,,,,,,,,0.0,0.0,0.0,0.0,nan,nan,2,nan,nan,nan,nan,unavailable,unavailable,unavailable,nan,nan,0.0,unavailable,nan
reviewer1_sensor_factorial_development,reviewer1_sensor_factorial_development,configs/reviewer1_remaining/sensor_factorial_development/matched_conditions.yaml,visibility_occlusion_only,SensorizedPyBulletUAVWaypoint-v0,SensorizedPyBulletUAVWaypoint-v0,native_gymnasium_observation,sensorized_controller,15002,eval,40,40,-0.9354685431346297,40,2,-0.9354685431346297,20,0.0,40,0,nan,nan,0,1,2,1.1840717000013683,0.35410250001586974,0.8299691999854986,0.35410250001586974,0.8299691999854986,a6856e5cafc085e89cbbb2e0fc8a8770c40029c1,1.8.0,dd539897a18ce6d787567c0969bf760cf4c6c2d331693676b7eab3ef6b71fe9b,True,3.12.13,2.12.0+cpu,2.4.6,1.2.3,3.1.0,2.1.0,3.2.7,,,,,,1.0,0.0,1.0,0.2,-0.010000000000000002,1.0,0.0,0.0,0.0,nan,nan,0.0,nan,0.0,0.0,nan,0.0,nan,nan,unsupported,633.9649999999999,385.54999999999995,mixed,0.0,0.0,0.0,,,,,,,,,,,,,0.0,0.0,0.0,0.0,nan,nan,2,nan,nan,nan,nan,unavailable,unavailable,unavailable,nan,nan,0.0,unavailable,nan
reviewer1_sensor_factorial_development,reviewer1_sensor_factorial_development,configs/reviewer1_remaining/sensor_factorial_development/matched_conditions.yaml,visibility_occlusion_only,SensorizedPyBulletUAVWaypoint-v0,SensorizedPyBulletUAVWaypoint-v0,native_gymnasium_observation,sensorized_controller,15002,train,40,,,40,2,-1.026708941599354,20,0.0,40,0,nan,nan,0,1,2,1.190763499995228,0.36079430000972934,0.8299691999854986,0.36079430000972934,0.8299691999854986,a6856e5cafc085e89cbbb2e0fc8a8770c40029c1,1.8.0,dd539897a18ce6d787567c0969bf760cf4c6c2d331693676b7eab3ef6b71fe9b,True,3.12.13,2.12.0+cpu,2.4.6,1.2.3,3.1.0,2.1.0,3.2.7,,,,,,1.0,0.0,1.0,0.05,-0.0025000000000000005,1.0,0.0,0.0,0.0,nan,nan,0.0,nan,0.0,0.0,nan,0.0,nan,nan,unsupported,30.139999999999993,28.200000000000003,none,0.0,0.0,0.0,,,,,,,,,,,,,0.0,0.0,0.0,0.0,,,,,,,,,,,,,,,
reviewer1_sensor_factorial_development,reviewer1_sensor_factorial_development,configs/reviewer1_remaining/sensor_factorial_development/matched_conditions.yaml,visibility_occlusion_only,SensorizedPyBulletUAVWaypoint-v0,SensorizedPyBulletUAVWaypoint-v0,native_gymnasium_observation,sensorized_controller,15002,train,60,,,60,3,-0.21006370425224308,20,0.0,60,0,nan,nan,0,1,2,1.5300723999971524,0.7001032000116538,0.8299691999854986,0.7001032000116538,0.8299691999854986,a6856e5cafc085e89cbbb2e0fc8a8770c40029c1,1.8.0,dd539897a18ce6d787567c0969bf760cf4c6c2d331693676b7eab3ef6b71fe9b,True,3.12.13,2.12.0+cpu,2.4.6,1.2.3,3.1.0,2.1.0,3.2.7,,,,,,1.0,0.0,0.0,0.05,-0.0025000000000000005,1.0,0.0,0.0,0.0,nan,nan,0.0,nan,0.0,0.0,nan,0.0,nan,nan,unsupported,44.37500000000001,43.3,none,0.0,0.0,0.0,,,,,,,,,,,,,0.0,0.0,1.0,0.0,,,,,,,,,,,,,,,
reviewer1_sensor_factorial_development,reviewer1_sensor_factorial_development,configs/reviewer1_remaining/sensor_factorial_development/matched_conditions.yaml,visibility_occlusion_only,SensorizedPyBulletUAVWaypoint-v0,SensorizedPyBulletUAVWaypoint-v0,native_gymnasium_observation,sensorized_controller,15002,eval,80,80,-0.38970167749561374,80,1,-0.38970167749561374,20,0.0,80,0,nan,nan,0,2,2,2.691929499997059,1.0309213000000454,1.6610081999970134,1.0309213000000454,1.6610081999970134,a6856e5cafc085e89cbbb2e0fc8a8770c40029c1,1.8.0,dd539897a18ce6d787567c0969bf760cf4c6c2d331693676b7eab3ef6b71fe9b,True,3.12.13,2.12.0+cpu,2.4.6,1.2.3,3.1.0,2.1.0,3.2.7,,,,,,1.0,0.0,0.3,0.2,-0.010000000000000002,1.0,0.0,0.0,0.0,nan,nan,0.0,nan,0.0,0.0,nan,0.0,nan,nan,unsupported,574.665,526.6,mixed,0.0,0.0,0.0,,,,,,,,,,,,,0.0,0.0,0.25,0.0,nan,nan,20,nan,nan,nan,nan,unavailable,unavailable,unavailable,nan,nan,0.0,unavailable,nan
reviewer1_sensor_factorial_development,reviewer1_sensor_factorial_development,configs/reviewer1_remaining/sensor_factorial_development/matched_conditions.yaml,visibility_occlusion_only,SensorizedPyBulletUAVWaypoint-v0,SensorizedPyBulletUAVWaypoint-v0,native_gymnasium_observation,sensorized_controller,15002,eval,80,80,-0.1331389058753848,80,2,-0.1331389058753848,20,0.0,80,0,nan,nan,0,2,2,2.692167300003348,1.0311591000063345,1.6610081999970134,1.0311591000063345,1.6610081999970134,a6856e5cafc085e89cbbb2e0fc8a8770c40029c1,1.8.0,dd539897a18ce6d787567c0969bf760cf4c6c2d331693676b7eab3ef6b71fe9b,True,3.12.13,2.12.0+cpu,2.4.6,1.2.3,3.1.0,2.1.0,3.2.7,,,,,,1.0,0.0,0.0,0.25,-0.012500000000000002,1.0,0.0,0.0,0.0,nan,nan,0.0,nan,0.0,0.0,nan,0.0,nan,nan,unsupported,524.65,423.65,mixed,0.0,0.0,0.0,,,,,,,,,,,,,0.0,0.0,0.0,0.0,nan,nan,8,nan,nan,nan,nan,unavailable,unavailable,unavailable,nan,nan,0.0,unavailable,nan
reviewer1_sensor_factorial_development,reviewer1_sensor_factorial_development,configs/reviewer1_remaining/sensor_factorial_development/matched_conditions.yaml,visibility_occlusion_only,SensorizedPyBulletUAVWaypoint-v0,SensorizedPyBulletUAVWaypoint-v0,native_gymnasium_observation,sensorized_controller,15002,train,80,,,80,4,-0.23221940512303266,20,0.0,80,0,nan,nan,0,2,2,2.693784400005825,1.0327762000088114,1.6610081999970134,1.0327762000088114,1.6610081999970134,a6856e5cafc085e89cbbb2e0fc8a8770c40029c1,1.8.0,dd539897a18ce6d787567c0969bf760cf4c6c2d331693676b7eab3ef6b71fe9b,True,3.12.13,2.12.0+cpu,2.4.6,1.2.3,3.1.0,2.1.0,3.2.7,,,,,,1.0,0.0,0.0,0.0,0.0,1.0,0.0,0.0,0.0,nan,nan,0.0,nan,0.0,0.0,nan,0.0,nan,nan,unsupported,40.925,37.75,none,0.0,0.0,0.0,,,,,,,,,,,,,0.0,0.0,0.65,0.0,,,,,,,,,,,,,,,
reviewer1_sensor_factorial_development,reviewer1_sensor_factorial_development,configs/reviewer1_remaining/sensor_factorial_development/matched_conditions.yaml,visibility_occlusion_only,SensorizedPyBulletUAVWaypoint-v0,SensorizedPyBulletUAVWaypoint-v0,native_gymnasium_observation,sensorized_controller,15003,train,20,,,20,1,-0.9694168138597161,20,0.0,20,0,nan,nan,0,0,2,0.20700759999454021,0.20700759999454021,0.0,0.20700759999454021,0.0,a6856e5cafc085e89cbbb2e0fc8a8770c40029c1,1.8.0,dd539897a18ce6d787567c0969bf760cf4c6c2d331693676b7eab3ef6b71fe9b,True,3.12.13,2.12.0+cpu,2.4.6,1.2.3,3.1.0,2.1.0,3.2.7,,,,,,1.0,0.0,1.0,0.0,0.0,1.0,0.0,0.0,0.0,nan,nan,0.0,nan,0.0,0.0,nan,0.0,nan,nan,unsupported,36.964999999999996,34.0,none,0.0,0.0,0.0,,,,,,,,,,,,,0.0,0.0,0.0,0.0,,,,,,,,,,,,,,,
reviewer1_sensor_factorial_development,reviewer1_sensor_factorial_development,configs/reviewer1_remaining/sensor_factorial_development/matched_conditions.yaml,visibility_occlusion_only,SensorizedPyBulletUAVWaypoint-v0,SensorizedPyBulletUAVWaypoint-v0,native_gymnasium_observation,sensorized_controller,15003,eval,40,40,-0.941017999947071,40,1,-0.941017999947071,20,0.0,40,0,nan,nan,0,1,2,1.00504039999214,0.35423769999761134,0.6508026999945287,0.35423769999761134,0.6508026999945287,a6856e5cafc085e89cbbb2e0fc8a8770c40029c1,1.8.0,dd539897a18ce6d787567c0969bf760cf4c6c2d331693676b7eab3ef6b71fe9b,True,3.12.13,2.12.0+cpu,2.4.6,1.2.3,3.1.0,2.1.0,3.2.7,,,,,,1.0,0.0,1.0,0.35,-0.0175,1.0,0.0,0.0,0.0,nan,nan,0.0,nan,0.0,0.0,nan,0.0,nan,nan,unsupported,369.945,353.7,mixed,0.0,0.0,0.0,,,,,,,,,,,,,0.0,0.0,0.0,0.0,nan,nan,8,nan,nan,nan,nan,unavailable,unavailable,unavailable,nan,nan,0.0,unavailable,nan
reviewer1_sensor_factorial_development,reviewer1_sensor_factorial_development,configs/reviewer1_remaining/sensor_factorial_development/matched_conditions.yaml,visibility_occlusion_only,SensorizedPyBulletUAVWaypoint-v0,SensorizedPyBulletUAVWaypoint-v0,native_gymnasium_observation,sensorized_controller,15003,eval,40,40,-0.9350160943996162,40,2,-0.9350160943996162,20,0.0,40,0,nan,nan,0,1,2,1.005765199981397,0.35496249998686835,0.6508026999945287,0.35496249998686835,0.6508026999945287,a6856e5cafc085e89cbbb2e0fc8a8770c40029c1,1.8.0,dd539897a18ce6d787567c0969bf760cf4c6c2d331693676b7eab3ef6b71fe9b,True,3.12.13,2.12.0+cpu,2.4.6,1.2.3,3.1.0,2.1.0,3.2.7,,,,,,1.0,0.0,1.0,0.25,-0.012500000000000002,1.0,0.0,0.0,0.0,nan,nan,0.0,nan,0.0,0.0,nan,0.0,nan,nan,unsupported,474.92999999999995,378.85,mixed,0.0,0.0,0.0,,,,,,,,,,,,,0.0,0.0,1.0,0.0,nan,nan,26,nan,nan,nan,nan,unavailable,unavailable,unavailable,nan,nan,0.0,unavailable,nan
reviewer1_sensor_factorial_development,reviewer1_sensor_factorial_development,configs/reviewer1_remaining/sensor_factorial_development/matched_conditions.yaml,visibility_occlusion_only,SensorizedPyBulletUAVWaypoint-v0,SensorizedPyBulletUAVWaypoint-v0,native_gymnasium_observation,sensorized_controller,15003,train,40,,,40,2,-0.992950388630852,20,0.0,40,0,nan,nan,0,1,2,1.0120071999845095,0.36120449998998083,0.6508026999945287,0.36120449998998083,0.6508026999945287,a6856e5cafc085e89cbbb2e0fc8a8770c40029c1,1.8.0,dd539897a18ce6d787567c0969bf760cf4c6c2d331693676b7eab3ef6b71fe9b,True,3.12.13,2.12.0+cpu,2.4.6,1.2.3,3.1.0,2.1.0,3.2.7,,,,,,1.0,0.0,1.0,0.0,0.0,1.0,0.0,0.0,0.0,nan,nan,0.0,nan,0.0,0.0,nan,0.0,nan,nan,unsupported,28.294999999999998,26.5,none,0.0,0.0,0.0,,,,,,,,,,,,,0.0,0.0,0.0,0.0,,,,,,,,,,,,,,,
reviewer1_sensor_factorial_development,reviewer1_sensor_factorial_development,configs/reviewer1_remaining/sensor_factorial_development/matched_conditions.yaml,visibility_occlusion_only,SensorizedPyBulletUAVWaypoint-v0,SensorizedPyBulletUAVWaypoint-v0,native_gymnasium_observation,sensorized_controller,15003,train,60,,,60,3,-1.0559553976822644,20,0.0,60,0,nan,nan,0,1,2,1.3094469000061508,0.6586442000116222,0.6508026999945287,0.6586442000116222,0.6508026999945287,a6856e5cafc085e89cbbb2e0fc8a8770c40029c1,1.8.0,dd539897a18ce6d787567c0969bf760cf4c6c2d331693676b7eab3ef6b71fe9b,True,3.12.13,2.12.0+cpu,2.4.6,1.2.3,3.1.0,2.1.0,3.2.7,,,,,,1.0,0.0,1.0,0.15,-0.0075000000000000015,1.0,0.0,0.0,0.0,nan,nan,0.0,nan,0.0,0.0,nan,0.0,nan,nan,unsupported,42.7,32.900000000000006,none,0.0,0.0,0.0,,,,,,,,,,,,,0.0,0.0,1.0,0.0,,,,,,,,,,,,,,,
reviewer1_sensor_factorial_development,reviewer1_sensor_factorial_development,configs/reviewer1_remaining/sensor_factorial_development/matched_conditions.yaml,visibility_occlusion_only,SensorizedPyBulletUAVWaypoint-v0,SensorizedPyBulletUAVWaypoint-v0,native_gymnasium_observation,sensorized_controller,15003,eval,80,80,-0.9414527327939868,80,1,-0.9414527327939868,20,0.0,80,0,nan,nan,0,2,2,2.6203442999976687,0.9371676000009757,1.683176699996693,0.9371676000009757,1.683176699996693,a6856e5cafc085e89cbbb2e0fc8a8770c40029c1,1.8.0,dd539897a18ce6d787567c0969bf760cf4c6c2d331693676b7eab3ef6b71fe9b,True,3.12.13,2.12.0+cpu,2.4.6,1.2.3,3.1.0,2.1.0,3.2.7,,,,,,1.0,0.0,1.0,0.3,-0.015000000000000003,1.0,0.0,0.0,0.0,nan,nan,0.0,nan,0.0,0.0,nan,0.0,nan,nan,unsupported,668.36,544.05,mixed,0.0,0.0,0.0,,,,,,,,,,,,,0.0,0.0,1.0,0.0,nan,nan,26,nan,nan,nan,nan,unavailable,unavailable,unavailable,nan,nan,0.0,unavailable,nan
reviewer1_sensor_factorial_development,reviewer1_sensor_factorial_development,configs/reviewer1_remaining/sensor_factorial_development/matched_conditions.yaml,visibility_occlusion_only,SensorizedPyBulletUAVWaypoint-v0,SensorizedPyBulletUAVWaypoint-v0,native_gymnasium_observation,sensorized_controller,15003,eval,80,80,-0.9665102467220276,80,2,-0.9665102467220276,20,0.0,80,0,nan,nan,0,2,2,2.620542299991939,0.9373655999952462,1.683176699996693,0.9373655999952462,1.683176699996693,a6856e5cafc085e89cbbb2e0fc8a8770c40029c1,1.8.0,dd539897a18ce6d787567c0969bf760cf4c6c2d331693676b7eab3ef6b71fe9b,True,3.12.13,2.12.0+cpu,2.4.6,1.2.3,3.1.0,2.1.0,3.2.7,,,,,,1.0,0.0,1.0,0.2,-0.010000000000000002,1.0,0.0,0.0,0.0,nan,nan,0.0,nan,0.0,0.0,nan,0.0,nan,nan,unsupported,752.605,518.75,mixed,0.0,0.0,0.0,,,,,,,,,,,,,0.0,0.0,0.45,0.0,nan,nan,20,nan,nan,nan,nan,unavailable,unavailable,unavailable,nan,nan,0.0,unavailable,nan
reviewer1_sensor_factorial_development,reviewer1_sensor_factorial_development,configs/reviewer1_remaining/sensor_factorial_development/matched_conditions.yaml,visibility_occlusion_only,SensorizedPyBulletUAVWaypoint-v0,SensorizedPyBulletUAVWaypoint-v0,native_gymnasium_observation,sensorized_controller,15003,train,80,,,80,4,-0.21001707190182062,20,0.0,80,0,nan,nan,0,2,2,2.6223489999829326,0.9391722999862395,1.683176699996693,0.9391722999862395,1.683176699996693,a6856e5cafc085e89cbbb2e0fc8a8770c40029c1,1.8.0,dd539897a18ce6d787567c0969bf760cf4c6c2d331693676b7eab3ef6b71fe9b,True,3.12.13,2.12.0+cpu,2.4.6,1.2.3,3.1.0,2.1.0,3.2.7,,,,,,1.0,0.0,0.0,0.05,-0.0025000000000000005,1.0,0.0,0.0,0.0,nan,nan,0.0,nan,0.0,0.0,nan,0.0,nan,nan,unsupported,39.75500000000001,35.05,none,0.0,0.0,0.0,,,,,,,,,,,,,0.0,0.0,0.0,0.0,,,,,,,,,,,,,,,
