environment,agent,metric,n_seeds,mean,std,median,q25,q75,t_ci_low,t_ci_high,bootstrap_ci_low,bootstrap_ci_high
camera_dropout_only,dqn,mean_return,2,-0.7047528482717462,0.6404113150344684,-0.7047528482717462,-0.9311724400764797,-0.4783332564670127,-6.458620227775837,5.049114531232345,-1.1575920318812132,-0.2519136646622792
camera_dropout_only,dqn,success_rate,2,0.0,0.0,0.0,0.0,0.0,0.0,0.0,0.0,0.0
camera_dropout_only,dqn,return_auc,2,-0.8861388924194034,0.30901497922453436,-0.8861388924194034,-0.9953921860683476,-0.7768855987704593,-3.662528326829201,1.8902505419903946,-1.1046454797172918,-0.6676323051215151
camera_dropout_only,dqn,success_rate_auc,2,0.0,0.0,0.0,0.0,0.0,0.0,0.0,0.0,0.0
camera_dropout_only,dqn,seconds_per_1000_steps,2,11.395547500251269,0.25879754624668266,11.395547500251269,11.304048750298534,11.487046250204003,9.070343800244277,13.72075120025826,11.2125500003458,11.578545000156737
camera_dropout_only,dqn,gradient_updates,2,13.0,0.0,13.0,13.0,13.0,13.0,13.0,13.0,13.0
camera_dropout_only,dqn,failure_rate,2,1.0,0.0,1.0,1.0,1.0,1.0,1.0,1.0,1.0
camera_dropout_only,dqn,collision_rate,2,0.0,0.0,0.0,0.0,0.0,0.0,0.0,0.0,0.0
camera_dropout_only,dqn,risk_zone_rate,2,0.525,0.6717514421272202,0.525,0.2875,0.7625,-5.510447249682979,6.56044724968298,0.05,1.0
camera_dropout_only,dqn,idle_rate,2,0.0,0.0,0.0,0.0,0.0,0.0,0.0,0.0,0.0
camera_dropout_only,dqn,risk_adjusted_score,2,0.0,0.0,0.0,0.0,0.0,0.0,0.0,0.0,0.0
camera_dropout_only,dqn,localization_error_mean,2,0.0,0.0,0.0,0.0,0.0,0.0,0.0,0.0,0.0
camera_dropout_only,dqn,sensor_dropout_rate,2,0.0,0.0,0.0,0.0,0.0,0.0,0.0,0.0,0.0
camera_dropout_only,dqn,camera_visible_rate,2,0.9375,0.017677669529663625,0.9375,0.93125,0.94375,0.778672440797817,1.096327559202183,0.925,0.95
camera_dropout_only,dqn,motor_saturation_rate,2,0.0,0.0,0.0,0.0,0.0,0.0,0.0,0.0,0.0
camera_dropout_only,dqn,unsupported_state_ratio,2,1.0,0.0,1.0,1.0,1.0,1.0,1.0,1.0,1.0
camera_dropout_only,dqn,memory_branch_usage_ratio,2,0.0,0.0,0.0,0.0,0.0,0.0,0.0,0.0,0.0
camera_dropout_only,dqn,neural_branch_usage_ratio,2,1.0,0.0,1.0,1.0,1.0,1.0,1.0,1.0,1.0
camera_dropout_only,dqn,abstention_ratio,2,0.0,0.0,0.0,0.0,0.0,0.0,0.0,0.0,0.0
camera_dropout_only,dqn,support_score_mean,2,0.0,0.0,0.0,0.0,0.0,0.0,0.0,0.0,0.0
camera_dropout_only,dqn,exact_support_coverage,2,0.0,0.0,0.0,0.0,0.0,0.0,0.0,0.0,0.0
camera_dropout_only,dqn,approximate_support_coverage,2,0.0,0.0,0.0,0.0,0.0,0.0,0.0,0.0,0.0
camera_dropout_only,dqn,neural_only_fallback_rate,2,1.0,0.0,1.0,1.0,1.0,1.0,1.0,1.0,1.0
camera_dropout_only,dqn,inference_time_us_per_decision_mean,2,1116.46875,7.288503147080261,1116.46875,1113.891875,1119.045625,1050.9841473409404,1181.9533526590596,1111.315,1121.6225
camera_dropout_only,dqn,inference_time_us_per_decision_median,2,1040.45,22.980970388562795,1040.45,1032.325,1048.575,833.9741730371613,1246.9258269628388,1024.2,1056.7
camera_dropout_only,dqn,memory_cost_states,2,0.0,0.0,0.0,0.0,0.0,0.0,0.0,0.0,0.0
camera_dropout_only,dqn,memory_cost_entries,2,0.0,0.0,0.0,0.0,0.0,0.0,0.0,0.0,0.0
camera_dropout_only,dqn,memory_cost_bytes_estimated,2,0.0,0.0,0.0,0.0,0.0,0.0,0.0,0.0,0.0
camera_dropout_only,fuzzy_relative_reliability,mean_return,2,-0.6546505225426518,0.7112667035869882,-0.6546505225426518,-0.9061212772119325,-0.403179767873371,-7.0451283105191305,5.7358272654338265,-1.1575920318812132,-0.1517090132040903
camera_dropout_only,fuzzy_relative_reliability,success_rate,2,0.0,0.0,0.0,0.0,0.0,0.0,0.0,0.0,0.0
camera_dropout_only,fuzzy_relative_reliability,return_auc,2,-0.8610877295548562,0.3444426735007943,-0.8610877295548562,-0.982866604636074,-0.7393088544736384,-3.9557823682008477,2.2336069090911357,-1.1046454797172918,-0.6175299793924206
camera_dropout_only,fuzzy_relative_reliability,success_rate_auc,2,0.0,0.0,0.0,0.0,0.0,0.0,0.0,0.0,0.0
camera_dropout_only,fuzzy_relative_reliability,seconds_per_1000_steps,2,12.720536249980798,0.004398204227366103,12.720536249980798,12.71898124996369,12.722091249997906,12.681019952816566,12.76005254714503,12.717426249946584,12.723646250015012
camera_dropout_only,fuzzy_relative_reliability,gradient_updates,2,13.0,0.0,13.0,13.0,13.0,13.0,13.0,13.0,13.0
camera_dropout_only,fuzzy_relative_reliability,mean_gate,2,0.0812357684440102,0.005879132440434146,0.0812357684440102,0.07915718123594781,0.0833143556520726,0.028413859188740988,0.13405767769927943,0.0770785940278854,0.085392942860135
camera_dropout_only,fuzzy_relative_reliability,support_abstention_rate,2,0.0,0.0,0.0,0.0,0.0,0.0,0.0,0.0,0.0
camera_dropout_only,fuzzy_relative_reliability,global_tabular_error,2,0.0173547195,0.0006957471107467844,0.0173547195,0.01710873575,0.017600703250000002,0.01110367972145599,0.02360575927854401,0.016862752,0.017846687
camera_dropout_only,fuzzy_relative_reliability,global_neural_error,2,0.024833364834706502,0.0039263015083777835,0.024833364834706502,0.02344520762392805,0.02622152204548495,-0.010443054617589896,0.0601097842870029,0.0220570504131496,0.0276096792562634
camera_dropout_only,fuzzy_relative_reliability,visited_states,2,57.5,0.7071067811865476,57.5,57.25,57.75,51.14689763191265,63.85310236808735,57.0,58.0
camera_dropout_only,fuzzy_relative_reliability,failure_rate,2,1.0,0.0,1.0,1.0,1.0,1.0,1.0,1.0,1.0
camera_dropout_only,fuzzy_relative_reliability,collision_rate,2,0.0,0.0,0.0,0.0,0.0,0.0,0.0,0.0,0.0
camera_dropout_only,fuzzy_relative_reliability,risk_zone_rate,2,0.5,0.7071067811865476,0.5,0.25,0.75,-5.853102368087347,6.853102368087347,0.0,1.0
camera_dropout_only,fuzzy_relative_reliability,idle_rate,2,0.0,0.0,0.0,0.0,0.0,0.0,0.0,0.0,0.0
camera_dropout_only,fuzzy_relative_reliability,risk_adjusted_score,2,0.0,0.0,0.0,0.0,0.0,0.0,0.0,0.0,0.0
camera_dropout_only,fuzzy_relative_reliability,localization_error_mean,2,0.0,0.0,0.0,0.0,0.0,0.0,0.0,0.0,0.0
camera_dropout_only,fuzzy_relative_reliability,sensor_dropout_rate,2,0.0,0.0,0.0,0.0,0.0,0.0,0.0,0.0,0.0
camera_dropout_only,fuzzy_relative_reliability,camera_visible_rate,2,0.9375,0.017677669529663625,0.9375,0.93125,0.94375,0.778672440797817,1.096327559202183,0.925,0.95
camera_dropout_only,fuzzy_relative_reliability,motor_saturation_rate,2,0.0,0.0,0.0,0.0,0.0,0.0,0.0,0.0,0.0
camera_dropout_only,fuzzy_relative_reliability,unsupported_state_ratio,2,1.0,0.0,1.0,1.0,1.0,1.0,1.0,1.0,1.0
camera_dropout_only,fuzzy_relative_reliability,memory_branch_usage_ratio,2,0.0,0.0,0.0,0.0,0.0,0.0,0.0,0.0,0.0
camera_dropout_only,fuzzy_relative_reliability,neural_branch_usage_ratio,2,1.0,0.0,1.0,1.0,1.0,1.0,1.0,1.0,1.0
camera_dropout_only,fuzzy_relative_reliability,abstention_ratio,2,0.0,0.0,0.0,0.0,0.0,0.0,0.0,0.0,0.0
camera_dropout_only,fuzzy_relative_reliability,adaptive_alpha_mean,2,0.0,0.0,0.0,0.0,0.0,0.0,0.0,0.0,0.0
camera_dropout_only,fuzzy_relative_reliability,adaptive_alpha_iqr,2,0.0,0.0,0.0,0.0,0.0,0.0,0.0,0.0,0.0
camera_dropout_only,fuzzy_relative_reliability,support_score_mean,2,0.0,0.0,0.0,0.0,0.0,0.0,0.0,0.0,0.0
camera_dropout_only,fuzzy_relative_reliability,uncertainty_score_mean,2,0.8224983851090983,0.06917478849021627,0.8224983851090983,0.7980414040948097,0.8469553661233868,0.20098756911652327,1.4440092011016734,0.7735844230805212,0.8714123471376753
camera_dropout_only,fuzzy_relative_reliability,exact_support_coverage,2,0.0,0.0,0.0,0.0,0.0,0.0,0.0,0.0,0.0
camera_dropout_only,fuzzy_relative_reliability,approximate_support_coverage,2,0.30000000000000004,0.14142135623730953,0.30000000000000004,0.25,0.35000000000000003,-0.9706204736174695,1.5706204736174696,0.2,0.4
camera_dropout_only,fuzzy_relative_reliability,fuzzy_gate_active_rate,2,0.0,0.0,0.0,0.0,0.0,0.0,0.0,0.0,0.0
camera_dropout_only,fuzzy_relative_reliability,neural_only_fallback_rate,2,1.0,0.0,1.0,1.0,1.0,1.0,1.0,1.0,1.0
camera_dropout_only,fuzzy_relative_reliability,out_of_fuzzy_support_count,2,20.0,0.0,20.0,20.0,20.0,20.0,20.0,20.0,20.0
camera_dropout_only,fuzzy_relative_reliability,out_of_fuzzy_support_ratio,2,1.0,0.0,1.0,1.0,1.0,1.0,1.0,1.0,1.0
camera_dropout_only,fuzzy_relative_reliability,inference_time_us_per_decision_mean,2,1794.7362500000002,27.310231656377393,1794.7362500000002,1785.080625,1804.3918750000003,1549.363553788547,2040.1089462114533,1775.4250000000002,1814.0475000000001
camera_dropout_only,fuzzy_relative_reliability,inference_time_us_per_decision_median,2,1747.075,8.803479425772709,1747.075,1743.9625,1750.1875,1667.9788755173108,1826.1711244826893,1740.85,1753.3000000000002
camera_dropout_only,fuzzy_relative_reliability,memory_cost_states,2,57.5,0.7071067811865476,57.5,57.25,57.75,51.14689763191265,63.85310236808735,57.0,58.0
camera_dropout_only,fuzzy_relative_reliability,memory_cost_entries,2,1552.5,19.091883092036785,1552.5,1545.75,1559.25,1380.9662360616417,1724.0337639383583,1539.0,1566.0
camera_dropout_only,fuzzy_relative_reliability,memory_cost_bytes_estimated,2,11730.0,144.2497833620557,11730.0,11679.0,11781.0,10433.967116910182,13026.032883089818,11628.0,11832.0
camera_dropout_only,selected_approximate_support,mean_return,2,-0.6170957244280726,0.6584235264221293,-0.6170957244280726,-0.8498835946409964,-0.38430785421514885,-6.532796402475016,5.298604953618872,-1.0826714648539202,-0.15151998400222505
camera_dropout_only,selected_approximate_support,success_rate,2,0.0,0.0,0.0,0.0,0.0,0.0,0.0,0.0,0.0
camera_dropout_only,selected_approximate_support,return_auc,2,-0.8442659050994552,0.32959773370728596,-0.8442659050994552,-0.9607963013835251,-0.7277355088153853,-3.805584051445381,2.117052241246471,-1.077326697667595,-0.6112051125313154
camera_dropout_only,selected_approximate_support,success_rate_auc,2,0.0,0.0,0.0,0.0,0.0,0.0,0.0,0.0,0.0
camera_dropout_only,selected_approximate_support,seconds_per_1000_steps,2,12.376253750335305,0.5396957155013382,12.376253750335305,12.185442500231146,12.567065000439467,7.527280130757497,17.225227369913114,11.994631250126984,12.757876250543628
camera_dropout_only,selected_approximate_support,gradient_updates,2,13.0,0.0,13.0,13.0,13.0,13.0,13.0,13.0,13.0
camera_dropout_only,selected_approximate_support,mean_gate,2,0.6805648602907839,0.02023076399732681,0.6805648602907839,0.6734122050852367,0.6877175154963312,0.4987986573928864,0.8623310631886814,0.6662595498796895,0.6948701707018784
camera_dropout_only,selected_approximate_support,support_abstention_rate,2,0.0,0.0,0.0,0.0,0.0,0.0,0.0,0.0,0.0
camera_dropout_only,selected_approximate_support,global_tabular_error,2,1.0,0.0,1.0,1.0,1.0,1.0,1.0,1.0,1.0
camera_dropout_only,selected_approximate_support,global_neural_error,2,1.0,0.0,1.0,1.0,1.0,1.0,1.0,1.0,1.0
camera_dropout_only,selected_approximate_support,visited_states,2,59.5,2.1213203435596424,59.5,58.75,60.25,40.44069289573796,78.55930710426205,58.0,61.0
camera_dropout_only,selected_approximate_support,failure_rate,2,1.0,0.0,1.0,1.0,1.0,1.0,1.0,1.0,1.0
camera_dropout_only,selected_approximate_support,collision_rate,2,0.0,0.0,0.0,0.0,0.0,0.0,0.0,0.0,0.0
camera_dropout_only,selected_approximate_support,risk_zone_rate,2,0.5,0.7071067811865476,0.5,0.25,0.75,-5.853102368087347,6.853102368087347,0.0,1.0
camera_dropout_only,selected_approximate_support,idle_rate,2,0.0,0.0,0.0,0.0,0.0,0.0,0.0,0.0,0.0
camera_dropout_only,selected_approximate_support,risk_adjusted_score,2,0.0,0.0,0.0,0.0,0.0,0.0,0.0,0.0,0.0
camera_dropout_only,selected_approximate_support,localization_error_mean,2,0.0,0.0,0.0,0.0,0.0,0.0,0.0,0.0,0.0
camera_dropout_only,selected_approximate_support,sensor_dropout_rate,2,0.0,0.0,0.0,0.0,0.0,0.0,0.0,0.0,0.0
camera_dropout_only,selected_approximate_support,camera_visible_rate,2,0.9375,0.017677669529663625,0.9375,0.93125,0.94375,0.778672440797817,1.096327559202183,0.925,0.95
camera_dropout_only,selected_approximate_support,motor_saturation_rate,2,0.0,0.0,0.0,0.0,0.0,0.0,0.0,0.0,0.0
camera_dropout_only,selected_approximate_support,unsupported_state_ratio,2,1.0,0.0,1.0,1.0,1.0,1.0,1.0,1.0,1.0
camera_dropout_only,selected_approximate_support,memory_branch_usage_ratio,2,0.5485121834511519,0.1944055163825785,0.5485121834511519,0.4797794539840551,0.6172449129182488,-1.198152081918928,2.295176448821232,0.41104672451695823,0.6859776423853456
camera_dropout_only,selected_approximate_support,neural_branch_usage_ratio,2,0.4514878165488481,0.1944055163825784,0.4514878165488481,0.3827550870817513,0.5202205460159449,-1.2951764488212312,2.1981520819189275,0.31402235761465447,0.5889532754830418
camera_dropout_only,selected_approximate_support,abstention_ratio,2,0.0,0.0,0.0,0.0,0.0,0.0,0.0,0.0,0.0
camera_dropout_only,selected_approximate_support,support_score_mean,2,0.5485121834511519,0.1944055163825785,0.5485121834511519,0.4797794539840551,0.6172449129182488,-1.198152081918928,2.295176448821232,0.41104672451695823,0.6859776423853456
camera_dropout_only,selected_approximate_support,exact_support_coverage,2,0.0,0.0,0.0,0.0,0.0,0.0,0.0,0.0,0.0
camera_dropout_only,selected_approximate_support,approximate_support_coverage,2,1.0,0.0,1.0,1.0,1.0,1.0,1.0,1.0,1.0
camera_dropout_only,selected_approximate_support,neural_only_fallback_rate,2,0.0,0.0,0.0,0.0,0.0,0.0,0.0,0.0,0.0
camera_dropout_only,selected_approximate_support,inference_time_us_per_decision_mean,2,1697.9812499999998,23.399931156415484,1697.9812499999998,1689.708125,1706.2543749999998,1487.7412098840723,1908.2212901159273,1681.4350000000002,1714.5274999999997
camera_dropout_only,selected_approximate_support,inference_time_us_per_decision_median,2,1725.1875,10.376792013912715,1725.1875,1721.51875,1728.85625,1631.955722748317,1818.419277251683,1717.85,1732.525
camera_dropout_only,selected_approximate_support,memory_cost_states,2,59.5,2.1213203435596424,59.5,58.75,60.25,40.44069289573796,78.55930710426205,58.0,61.0
camera_dropout_only,selected_approximate_support,memory_cost_entries,2,1606.5,57.27564927611035,1606.5,1586.25,1626.75,1091.898708184925,2121.101291815075,1566.0,1647.0
camera_dropout_only,selected_approximate_support,memory_cost_bytes_estimated,2,12138.0,432.7493500861671,12138.0,11985.0,12291.0,8249.901350730543,16026.098649269457,11832.0,12444.0
camera_dropout_only,sensorized_controller,mean_return,2,-0.6077008907217533,0.4897147195437501,-0.6077008907217533,-0.7808411902398802,-0.4345605912036262,-5.007613078241614,3.7922112967981074,-0.9539814897580072,-0.26142029168549924
camera_dropout_only,sensorized_controller,success_rate,2,0.0,0.0,0.0,0.0,0.0,0.0,0.0,0.0,0.0
camera_dropout_only,sensorized_controller,return_auc,2,-0.7734213422017637,0.24406204388864783,-0.7734213422017637,-0.8597103053337196,-0.6871323790698078,-2.966231806255485,1.4193891218519576,-0.9459992684656754,-0.6008434159378521
camera_dropout_only,sensorized_controller,success_rate_auc,2,0.0,0.0,0.0,0.0,0.0,0.0,0.0,0.0,0.0
camera_dropout_only,sensorized_controller,seconds_per_1000_steps,2,9.10467374997097,0.33401779774418866,9.10467374997097,8.986580625060014,9.222766874881927,6.103642903864447,12.105704596077494,8.868487500149058,9.340859999792883
camera_dropout_only,sensorized_controller,gradient_updates,2,0.0,0.0,0.0,0.0,0.0,0.0,0.0,0.0,0.0
camera_dropout_only,sensorized_controller,failure_rate,2,1.0,0.0,1.0,1.0,1.0,1.0,1.0,1.0,1.0
camera_dropout_only,sensorized_controller,collision_rate,2,0.0,0.0,0.0,0.0,0.0,0.0,0.0,0.0,0.0
camera_dropout_only,sensorized_controller,risk_zone_rate,2,0.575,0.6010407640085653,0.575,0.3625,0.7875,-4.825137012874244,5.975137012874244,0.15,1.0
camera_dropout_only,sensorized_controller,idle_rate,2,0.2375,0.017677669529663684,0.2375,0.23125,0.24375,0.07867244079781635,0.39632755920218365,0.225,0.25
camera_dropout_only,sensorized_controller,risk_adjusted_score,2,-0.011875,0.0008838834764831852,-0.011875,-0.0121875,-0.0115625,-0.01981637796010919,-0.003933622039890809,-0.0125,-0.01125
camera_dropout_only,sensorized_controller,localization_error_mean,2,0.0,0.0,0.0,0.0,0.0,0.0,0.0,0.0,0.0
camera_dropout_only,sensorized_controller,sensor_dropout_rate,2,0.0,0.0,0.0,0.0,0.0,0.0,0.0,0.0,0.0
camera_dropout_only,sensorized_controller,camera_visible_rate,2,0.9375,0.017677669529663625,0.9375,0.93125,0.94375,0.778672440797817,1.096327559202183,0.925,0.95
camera_dropout_only,sensorized_controller,motor_saturation_rate,2,0.0,0.0,0.0,0.0,0.0,0.0,0.0,0.0,0.0
camera_dropout_only,sensorized_controller,unsupported_state_ratio,2,1.0,0.0,1.0,1.0,1.0,1.0,1.0,1.0,1.0
camera_dropout_only,sensorized_controller,memory_branch_usage_ratio,2,0.0,0.0,0.0,0.0,0.0,0.0,0.0,0.0,0.0
camera_dropout_only,sensorized_controller,neural_branch_usage_ratio,2,0.0,0.0,0.0,0.0,0.0,0.0,0.0,0.0,0.0
camera_dropout_only,sensorized_controller,abstention_ratio,2,0.0,0.0,0.0,0.0,0.0,0.0,0.0,0.0,0.0
camera_dropout_only,sensorized_controller,support_score_mean,2,0.0,0.0,0.0,0.0,0.0,0.0,0.0,0.0,0.0
camera_dropout_only,sensorized_controller,exact_support_coverage,2,0.0,0.0,0.0,0.0,0.0,0.0,0.0,0.0,0.0
camera_dropout_only,sensorized_controller,approximate_support_coverage,2,0.0,0.0,0.0,0.0,0.0,0.0,0.0,0.0,0.0
camera_dropout_only,sensorized_controller,neural_only_fallback_rate,2,0.0,0.0,0.0,0.0,0.0,0.0,0.0,0.0,0.0
camera_dropout_only,sensorized_controller,inference_time_us_per_decision_mean,2,410.2625,53.61637168346992,410.2625,391.30625,429.21875,-71.46148706022268,891.9864870602227,372.35,448.17499999999995
camera_dropout_only,sensorized_controller,inference_time_us_per_decision_median,2,361.9375,10.306081335793962,361.9375,358.29375,365.58125,269.3410329851266,454.5339670148734,354.65,369.225
camera_dropout_only,sensorized_controller,memory_cost_states,2,0.0,0.0,0.0,0.0,0.0,0.0,0.0,0.0,0.0
camera_dropout_only,sensorized_controller,memory_cost_entries,2,0.0,0.0,0.0,0.0,0.0,0.0,0.0,0.0,0.0
camera_dropout_only,sensorized_controller,memory_cost_bytes_estimated,2,0.0,0.0,0.0,0.0,0.0,0.0,0.0,0.0,0.0
combined_executed_condition,dqn,mean_return,2,-0.6731126524097635,0.6425634004444977,-0.6731126524097635,-0.9002931213080592,-0.44593218351146785,-6.446315752173588,5.100090447354061,-1.1274735902063548,-0.2187517146131722
combined_executed_condition,dqn,success_rate,2,0.0,0.0,0.0,0.0,0.0,0.0,0.0,0.0,0.0
combined_executed_condition,dqn,return_auc,2,-0.8881193281179003,0.32661999459530805,-0.8881193281179003,-1.0035969346426283,-0.7726417215931725,-3.8226835500111314,2.0464448937753312,-1.1190745411673562,-0.6571641150684445
combined_executed_condition,dqn,success_rate_auc,2,0.0,0.0,0.0,0.0,0.0,0.0,0.0,0.0,0.0
combined_executed_condition,dqn,seconds_per_1000_steps,2,17.957019999994372,0.8550830177223314,17.957019999994372,17.654702499839914,18.25933750014883,10.27440389541222,25.639636104576525,17.352384999685455,18.56165500030329
combined_executed_condition,dqn,gradient_updates,2,13.0,0.0,13.0,13.0,13.0,13.0,13.0,13.0,13.0
combined_executed_condition,dqn,failure_rate,2,1.0,0.0,1.0,1.0,1.0,1.0,1.0,1.0,1.0
combined_executed_condition,dqn,collision_rate,2,0.0,0.0,0.0,0.0,0.0,0.0,0.0,0.0,0.0
combined_executed_condition,dqn,risk_zone_rate,2,0.55,0.6363961030678927,0.55,0.325,0.775,-5.167792131278612,6.267792131278612,0.1,1.0
combined_executed_condition,dqn,idle_rate,2,0.0,0.0,0.0,0.0,0.0,0.0,0.0,0.0,0.0
combined_executed_condition,dqn,risk_adjusted_score,2,0.0,0.0,0.0,0.0,0.0,0.0,0.0,0.0,0.0
combined_executed_condition,dqn,localization_error_mean,2,0.03360745053505522,0.00043245322152907385,0.03360745053505522,0.03345455523231063,0.03376034583779981,0.02972201249531092,0.03749288857479952,0.033301659929566046,0.0339132411405444
combined_executed_condition,dqn,sensor_dropout_rate,2,0.175,0.07071067811865474,0.175,0.15,0.19999999999999998,-0.46031023680873456,0.8103102368087345,0.125,0.22499999999999998
combined_executed_condition,dqn,camera_visible_rate,2,0.3625,0.37123106012293744,0.3625,0.23125,0.49375,-2.972878743245857,3.6978787432458566,0.1,0.625
combined_executed_condition,dqn,motor_saturation_rate,2,0.0,0.0,0.0,0.0,0.0,0.0,0.0,0.0,0.0
combined_executed_condition,dqn,unsupported_state_ratio,2,1.0,0.0,1.0,1.0,1.0,1.0,1.0,1.0,1.0
combined_executed_condition,dqn,memory_branch_usage_ratio,2,0.0,0.0,0.0,0.0,0.0,0.0,0.0,0.0,0.0
combined_executed_condition,dqn,neural_branch_usage_ratio,2,1.0,0.0,1.0,1.0,1.0,1.0,1.0,1.0,1.0
combined_executed_condition,dqn,abstention_ratio,2,0.0,0.0,0.0,0.0,0.0,0.0,0.0,0.0,0.0
combined_executed_condition,dqn,support_score_mean,2,0.0,0.0,0.0,0.0,0.0,0.0,0.0,0.0,0.0
combined_executed_condition,dqn,exact_support_coverage,2,0.0,0.0,0.0,0.0,0.0,0.0,0.0,0.0,0.0
combined_executed_condition,dqn,approximate_support_coverage,2,0.0,0.0,0.0,0.0,0.0,0.0,0.0,0.0,0.0
combined_executed_condition,dqn,neural_only_fallback_rate,2,1.0,0.0,1.0,1.0,1.0,1.0,1.0,1.0,1.0
combined_executed_condition,dqn,inference_time_us_per_decision_mean,2,1239.395,109.48487846501895,1239.395,1200.68625,1278.1037499999998,255.71239483719683,2223.077605162803,1161.9775,1316.8124999999998
combined_executed_condition,dqn,inference_time_us_per_decision_median,2,1124.9,25.915463530487195,1124.9,1115.7375,1134.0625,892.0587982095968,1357.7412017904035,1106.5749999999998,1143.2250000000001
combined_executed_condition,dqn,memory_cost_states,2,0.0,0.0,0.0,0.0,0.0,0.0,0.0,0.0,0.0
combined_executed_condition,dqn,memory_cost_entries,2,0.0,0.0,0.0,0.0,0.0,0.0,0.0,0.0,0.0
combined_executed_condition,dqn,memory_cost_bytes_estimated,2,0.0,0.0,0.0,0.0,0.0,0.0,0.0,0.0,0.0
combined_executed_condition,fuzzy_relative_reliability,mean_return,2,-0.6731126524097635,0.6425634004444977,-0.6731126524097635,-0.9002931213080592,-0.44593218351146785,-6.446315752173588,5.100090447354061,-1.1274735902063548,-0.2187517146131722
combined_executed_condition,fuzzy_relative_reliability,success_rate,2,0.0,0.0,0.0,0.0,0.0,0.0,0.0,0.0,0.0
combined_executed_condition,fuzzy_relative_reliability,return_auc,2,-0.8881193281179003,0.32661999459530805,-0.8881193281179003,-1.0035969346426283,-0.7726417215931725,-3.8226835500111314,2.0464448937753312,-1.1190745411673562,-0.6571641150684445
combined_executed_condition,fuzzy_relative_reliability,success_rate_auc,2,0.0,0.0,0.0,0.0,0.0,0.0,0.0,0.0,0.0
combined_executed_condition,fuzzy_relative_reliability,seconds_per_1000_steps,2,17.183619374918635,0.19254429247035657,17.183619374918635,17.115544687476355,17.25169406236091,15.453677542933278,18.913561206903992,17.047470000034078,17.31976874980319
combined_executed_condition,fuzzy_relative_reliability,gradient_updates,2,13.0,0.0,13.0,13.0,13.0,13.0,13.0,13.0,13.0
combined_executed_condition,fuzzy_relative_reliability,mean_gate,2,0.0,0.0,0.0,0.0,0.0,0.0,0.0,0.0,0.0
combined_executed_condition,fuzzy_relative_reliability,support_abstention_rate,2,0.0,0.0,0.0,0.0,0.0,0.0,0.0,0.0,0.0
combined_executed_condition,fuzzy_relative_reliability,global_tabular_error,2,0.017207182,0.0003942007168030016,0.017207182,0.017067811,0.017346553,0.013665429079429192,0.02074893492057081,0.01692844,0.017485924
combined_executed_condition,fuzzy_relative_reliability,global_neural_error,2,0.02447615199814685,0.0028371315744915634,0.02447615199814685,0.023473074510426125,0.025479229485867574,-0.0010144638523077384,0.04996676784860144,0.0224699970227054,0.0264823069735883
combined_executed_condition,fuzzy_relative_reliability,visited_states,2,80.0,0.0,80.0,80.0,80.0,80.0,80.0,80.0,80.0
combined_executed_condition,fuzzy_relative_reliability,failure_rate,2,1.0,0.0,1.0,1.0,1.0,1.0,1.0,1.0,1.0
combined_executed_condition,fuzzy_relative_reliability,collision_rate,2,0.0,0.0,0.0,0.0,0.0,0.0,0.0,0.0,0.0
combined_executed_condition,fuzzy_relative_reliability,risk_zone_rate,2,0.55,0.6363961030678927,0.55,0.325,0.775,-5.167792131278612,6.267792131278612,0.1,1.0
combined_executed_condition,fuzzy_relative_reliability,idle_rate,2,0.0,0.0,0.0,0.0,0.0,0.0,0.0,0.0,0.0
combined_executed_condition,fuzzy_relative_reliability,risk_adjusted_score,2,0.0,0.0,0.0,0.0,0.0,0.0,0.0,0.0,0.0
combined_executed_condition,fuzzy_relative_reliability,localization_error_mean,2,0.03360745053505522,0.00043245322152907385,0.03360745053505522,0.03345455523231063,0.03376034583779981,0.02972201249531092,0.03749288857479952,0.033301659929566046,0.0339132411405444
combined_executed_condition,fuzzy_relative_reliability,sensor_dropout_rate,2,0.175,0.07071067811865474,0.175,0.15,0.19999999999999998,-0.46031023680873456,0.8103102368087345,0.125,0.22499999999999998
combined_executed_condition,fuzzy_relative_reliability,camera_visible_rate,2,0.3625,0.37123106012293744,0.3625,0.23125,0.49375,-2.972878743245857,3.6978787432458566,0.1,0.625
combined_executed_condition,fuzzy_relative_reliability,motor_saturation_rate,2,0.0,0.0,0.0,0.0,0.0,0.0,0.0,0.0,0.0
combined_executed_condition,fuzzy_relative_reliability,unsupported_state_ratio,2,1.0,0.0,1.0,1.0,1.0,1.0,1.0,1.0,1.0
combined_executed_condition,fuzzy_relative_reliability,memory_branch_usage_ratio,2,0.0,0.0,0.0,0.0,0.0,0.0,0.0,0.0,0.0
combined_executed_condition,fuzzy_relative_reliability,neural_branch_usage_ratio,2,1.0,0.0,1.0,1.0,1.0,1.0,1.0,1.0,1.0
combined_executed_condition,fuzzy_relative_reliability,abstention_ratio,2,0.0,0.0,0.0,0.0,0.0,0.0,0.0,0.0,0.0
combined_executed_condition,fuzzy_relative_reliability,adaptive_alpha_mean,2,0.0,0.0,0.0,0.0,0.0,0.0,0.0,0.0,0.0
combined_executed_condition,fuzzy_relative_reliability,adaptive_alpha_iqr,2,0.0,0.0,0.0,0.0,0.0,0.0,0.0,0.0,0.0
combined_executed_condition,fuzzy_relative_reliability,support_score_mean,2,0.0,0.0,0.0,0.0,0.0,0.0,0.0,0.0,0.0
combined_executed_condition,fuzzy_relative_reliability,uncertainty_score_mean,2,0.8696888608210744,0.038412918035514575,0.8696888608210744,0.8561078434070367,0.883269878235112,0.5245624852444409,1.2148152363977078,0.842526825992999,0.8968508956491498
combined_executed_condition,fuzzy_relative_reliability,exact_support_coverage,2,0.0,0.0,0.0,0.0,0.0,0.0,0.0,0.0,0.0
combined_executed_condition,fuzzy_relative_reliability,approximate_support_coverage,2,0.0,0.0,0.0,0.0,0.0,0.0,0.0,0.0,0.0
combined_executed_condition,fuzzy_relative_reliability,fuzzy_gate_active_rate,2,0.0,0.0,0.0,0.0,0.0,0.0,0.0,0.0,0.0
combined_executed_condition,fuzzy_relative_reliability,neural_only_fallback_rate,2,1.0,0.0,1.0,1.0,1.0,1.0,1.0,1.0,1.0
combined_executed_condition,fuzzy_relative_reliability,out_of_fuzzy_support_count,2,20.0,0.0,20.0,20.0,20.0,20.0,20.0,20.0,20.0
combined_executed_condition,fuzzy_relative_reliability,out_of_fuzzy_support_ratio,2,1.0,0.0,1.0,1.0,1.0,1.0,1.0,1.0,1.0
combined_executed_condition,fuzzy_relative_reliability,inference_time_us_per_decision_mean,2,2568.21,802.1843589848903,2568.21,2284.595,2851.825,-4639.130512500367,9775.550512500367,2000.98,3135.4399999999996
combined_executed_condition,fuzzy_relative_reliability,inference_time_us_per_decision_median,2,2371.4125000000004,810.7863129780253,2371.4125000000004,2084.75625,2658.0687500000004,-4913.213502808156,9656.038502808156,1798.1,2944.7250000000004
combined_executed_condition,fuzzy_relative_reliability,memory_cost_states,2,80.0,0.0,80.0,80.0,80.0,80.0,80.0,80.0,80.0
combined_executed_condition,fuzzy_relative_reliability,memory_cost_entries,2,2160.0,0.0,2160.0,2160.0,2160.0,2160.0,2160.0,2160.0,2160.0
combined_executed_condition,fuzzy_relative_reliability,memory_cost_bytes_estimated,2,16320.0,0.0,16320.0,16320.0,16320.0,16320.0,16320.0,16320.0,16320.0
combined_executed_condition,selected_approximate_support,mean_return,2,-0.6731126524097635,0.6425634004444977,-0.6731126524097635,-0.9002931213080592,-0.44593218351146785,-6.446315752173588,5.100090447354061,-1.1274735902063548,-0.2187517146131722
combined_executed_condition,selected_approximate_support,success_rate,2,0.0,0.0,0.0,0.0,0.0,0.0,0.0,0.0,0.0
combined_executed_condition,selected_approximate_support,return_auc,2,-0.8881193281179003,0.32661999459530805,-0.8881193281179003,-1.0035969346426283,-0.7726417215931725,-3.8226835500111314,2.0464448937753312,-1.1190745411673562,-0.6571641150684445
combined_executed_condition,selected_approximate_support,success_rate_auc,2,0.0,0.0,0.0,0.0,0.0,0.0,0.0,0.0,0.0
combined_executed_condition,selected_approximate_support,seconds_per_1000_steps,2,16.477558749829768,0.09210419386322324,16.477558749829768,16.444994999801565,16.51012249985797,15.65003540015785,17.305082099501686,16.412431249773363,16.542686249886174
combined_executed_condition,selected_approximate_support,gradient_updates,2,13.0,0.0,13.0,13.0,13.0,13.0,13.0,13.0,13.0
combined_executed_condition,selected_approximate_support,mean_gate,2,0.5995462913410988,0.019492118261277874,0.5995462913410988,0.592654786839979,0.6064377958422187,0.42441655707810205,0.7746760256040957,0.5857632823388591,0.6133293003433385
combined_executed_condition,selected_approximate_support,support_abstention_rate,2,0.0,0.0,0.0,0.0,0.0,0.0,0.0,0.0,0.0
combined_executed_condition,selected_approximate_support,global_tabular_error,2,1.0,0.0,1.0,1.0,1.0,1.0,1.0,1.0,1.0
combined_executed_condition,selected_approximate_support,global_neural_error,2,1.0,0.0,1.0,1.0,1.0,1.0,1.0,1.0,1.0
combined_executed_condition,selected_approximate_support,visited_states,2,80.0,0.0,80.0,80.0,80.0,80.0,80.0,80.0,80.0
combined_executed_condition,selected_approximate_support,failure_rate,2,1.0,0.0,1.0,1.0,1.0,1.0,1.0,1.0,1.0
combined_executed_condition,selected_approximate_support,collision_rate,2,0.0,0.0,0.0,0.0,0.0,0.0,0.0,0.0,0.0
combined_executed_condition,selected_approximate_support,risk_zone_rate,2,0.55,0.6363961030678927,0.55,0.325,0.775,-5.167792131278612,6.267792131278612,0.1,1.0
combined_executed_condition,selected_approximate_support,idle_rate,2,0.0,0.0,0.0,0.0,0.0,0.0,0.0,0.0,0.0
combined_executed_condition,selected_approximate_support,risk_adjusted_score,2,0.0,0.0,0.0,0.0,0.0,0.0,0.0,0.0,0.0
combined_executed_condition,selected_approximate_support,localization_error_mean,2,0.03360745053505522,0.00043245322152907385,0.03360745053505522,0.03345455523231063,0.03376034583779981,0.02972201249531092,0.03749288857479952,0.033301659929566046,0.0339132411405444
combined_executed_condition,selected_approximate_support,sensor_dropout_rate,2,0.175,0.07071067811865474,0.175,0.15,0.19999999999999998,-0.46031023680873456,0.8103102368087345,0.125,0.22499999999999998
combined_executed_condition,selected_approximate_support,camera_visible_rate,2,0.3625,0.37123106012293744,0.3625,0.23125,0.49375,-2.972878743245857,3.6978787432458566,0.1,0.625
combined_executed_condition,selected_approximate_support,motor_saturation_rate,2,0.0,0.0,0.0,0.0,0.0,0.0,0.0,0.0,0.0
combined_executed_condition,selected_approximate_support,unsupported_state_ratio,2,1.0,0.0,1.0,1.0,1.0,1.0,1.0,1.0,1.0
combined_executed_condition,selected_approximate_support,memory_branch_usage_ratio,2,0.4846199113711442,0.14891590201792018,0.4846199113711442,0.43197018929945274,0.5372696334428356,-0.8533363845200692,1.8225762072623577,0.37932046722776136,0.589919355514527
combined_executed_condition,selected_approximate_support,neural_branch_usage_ratio,2,0.5153800886288558,0.14891590201792015,0.5153800886288558,0.4627303665571644,0.5680298107005473,-0.8225762072623575,1.853336384520069,0.410080644485473,0.6206795327722386
combined_executed_condition,selected_approximate_support,abstention_ratio,2,0.0,0.0,0.0,0.0,0.0,0.0,0.0,0.0,0.0
combined_executed_condition,selected_approximate_support,support_score_mean,2,0.4846199113711442,0.14891590201792018,0.4846199113711442,0.43197018929945274,0.5372696334428356,-0.8533363845200692,1.8225762072623577,0.37932046722776136,0.589919355514527
combined_executed_condition,selected_approximate_support,exact_support_coverage,2,0.0,0.0,0.0,0.0,0.0,0.0,0.0,0.0,0.0
combined_executed_condition,selected_approximate_support,approximate_support_coverage,2,1.0,0.0,1.0,1.0,1.0,1.0,1.0,1.0,1.0
combined_executed_condition,selected_approximate_support,neural_only_fallback_rate,2,0.0,0.0,0.0,0.0,0.0,0.0,0.0,0.0,0.0
combined_executed_condition,selected_approximate_support,inference_time_us_per_decision_mean,2,2215.05875,259.2589335550947,2215.05875,2123.3968750000004,2306.720625,-114.29035050330549,4544.407850503306,2031.7350000000001,2398.3825
combined_executed_condition,selected_approximate_support,inference_time_us_per_decision_median,2,2103.775,247.0984646856389,2103.775,2016.4125000000001,2191.1375,-116.31662252812202,4323.866622528122,1929.0500000000002,2278.5
combined_executed_condition,selected_approximate_support,memory_cost_states,2,80.0,0.0,80.0,80.0,80.0,80.0,80.0,80.0,80.0
combined_executed_condition,selected_approximate_support,memory_cost_entries,2,2160.0,0.0,2160.0,2160.0,2160.0,2160.0,2160.0,2160.0,2160.0
combined_executed_condition,selected_approximate_support,memory_cost_bytes_estimated,2,16320.0,0.0,16320.0,16320.0,16320.0,16320.0,16320.0,16320.0,16320.0
combined_executed_condition,sensorized_controller,mean_return,2,-0.5958980863098986,0.4550829959299971,-0.5958980863098986,-0.7567942225222941,-0.43500195009750314,-4.684656582258195,3.4928604096383973,-0.9176903587346896,-0.27410581388510763
combined_executed_condition,sensorized_controller,success_rate,2,0.0,0.0,0.0,0.0,0.0,0.0,0.0,0.0,0.0
combined_executed_condition,sensorized_controller,return_auc,2,-0.7552404570271027,0.2306502839390458,-0.7552404570271027,-0.8367876469550537,-0.6736932670991518,-2.8275510387956375,1.3170701247414323,-0.9183348368830047,-0.5921460771712008
combined_executed_condition,sensorized_controller,success_rate_auc,2,0.0,0.0,0.0,0.0,0.0,0.0,0.0,0.0,0.0
combined_executed_condition,sensorized_controller,seconds_per_1000_steps,2,12.003969999932453,0.2187151984969177,12.003969999932453,11.926642499929587,12.081297499935319,10.038891906386521,13.969048093478385,11.84931499992672,12.158624999938185
combined_executed_condition,sensorized_controller,gradient_updates,2,0.0,0.0,0.0,0.0,0.0,0.0,0.0,0.0,0.0
combined_executed_condition,sensorized_controller,failure_rate,2,1.0,0.0,1.0,1.0,1.0,1.0,1.0,1.0,1.0
combined_executed_condition,sensorized_controller,collision_rate,2,0.0,0.0,0.0,0.0,0.0,0.0,0.0,0.0,0.0
combined_executed_condition,sensorized_controller,risk_zone_rate,2,0.6,0.565685424949238,0.6,0.4,0.8,-4.482481894469878,5.682481894469877,0.2,1.0
combined_executed_condition,sensorized_controller,idle_rate,2,0.1375,0.05303300858899106,0.1375,0.11875,0.15625,-0.33898267760655093,0.6139826776065509,0.1,0.175
combined_executed_condition,sensorized_controller,risk_adjusted_score,2,-0.006875000000000001,0.002651650429449554,-0.006875000000000001,-0.0078125,-0.0059375,-0.030699133880327557,0.016949133880327552,-0.00875,-0.005
combined_executed_condition,sensorized_controller,localization_error_mean,2,0.03345578641165042,0.0008943410447319542,0.03345578641165042,0.03313958910293871,0.033771983720362136,0.025420450928613503,0.041491121894687344,0.032823391794227,0.03408818102907385
combined_executed_condition,sensorized_controller,sensor_dropout_rate,2,0.175,0.07071067811865474,0.175,0.15,0.19999999999999998,-0.46031023680873456,0.8103102368087345,0.125,0.22499999999999998
combined_executed_condition,sensorized_controller,camera_visible_rate,2,0.3625,0.37123106012293744,0.3625,0.23125,0.49375,-2.972878743245857,3.6978787432458566,0.1,0.625
combined_executed_condition,sensorized_controller,motor_saturation_rate,2,0.0,0.0,0.0,0.0,0.0,0.0,0.0,0.0,0.0
combined_executed_condition,sensorized_controller,unsupported_state_ratio,2,1.0,0.0,1.0,1.0,1.0,1.0,1.0,1.0,1.0
combined_executed_condition,sensorized_controller,memory_branch_usage_ratio,2,0.0,0.0,0.0,0.0,0.0,0.0,0.0,0.0,0.0
combined_executed_condition,sensorized_controller,neural_branch_usage_ratio,2,0.0,0.0,0.0,0.0,0.0,0.0,0.0,0.0,0.0
combined_executed_condition,sensorized_controller,abstention_ratio,2,0.0,0.0,0.0,0.0,0.0,0.0,0.0,0.0,0.0
combined_executed_condition,sensorized_controller,support_score_mean,2,0.0,0.0,0.0,0.0,0.0,0.0,0.0,0.0,0.0
combined_executed_condition,sensorized_controller,exact_support_coverage,2,0.0,0.0,0.0,0.0,0.0,0.0,0.0,0.0,0.0
combined_executed_condition,sensorized_controller,approximate_support_coverage,2,0.0,0.0,0.0,0.0,0.0,0.0,0.0,0.0,0.0
combined_executed_condition,sensorized_controller,neural_only_fallback_rate,2,0.0,0.0,0.0,0.0,0.0,0.0,0.0,0.0,0.0
combined_executed_condition,sensorized_controller,inference_time_us_per_decision_mean,2,480.13375,74.55557124135669,480.13375,453.77437499999996,506.4931250000001,-189.7214809352103,1149.9889809352103,427.41499999999996,532.8525000000001
combined_executed_condition,sensorized_controller,inference_time_us_per_decision_median,2,421.0625,18.296387963201877,421.0625,414.59375000000006,427.53125,256.67597622574027,585.4490237742598,408.12500000000006,434.0
combined_executed_condition,sensorized_controller,memory_cost_states,2,0.0,0.0,0.0,0.0,0.0,0.0,0.0,0.0,0.0
combined_executed_condition,sensorized_controller,memory_cost_entries,2,0.0,0.0,0.0,0.0,0.0,0.0,0.0,0.0,0.0
combined_executed_condition,sensorized_controller,memory_cost_bytes_estimated,2,0.0,0.0,0.0,0.0,0.0,0.0,0.0,0.0,0.0
latency_only,dqn,mean_return,2,-0.6559532805945494,0.7101029245268509,-0.6559532805945494,-0.9070125772312171,-0.40489398395788173,-7.035974928565579,5.724068367376479,-1.1580718738678848,-0.15383468732121403
latency_only,dqn,success_rate,2,0.0,0.0,0.0,0.0,0.0,0.0,0.0,0.0,0.0
latency_only,dqn,return_auc,2,-0.8641609502976646,0.34698192179407317,-0.8641609502976646,-0.9868375852225293,-0.7414843153727998,-3.981669829698244,2.253347929102915,-1.109514220147394,-0.6188076804479351
latency_only,dqn,success_rate_auc,2,0.0,0.0,0.0,0.0,0.0,0.0,0.0,0.0,0.0
latency_only,dqn,seconds_per_1000_steps,2,10.577789375201974,0.11862335031607373,10.577789375201974,10.535849687494192,10.619729062909755,9.51200085802937,11.643577892374577,10.49390999978641,10.661668750617537
latency_only,dqn,gradient_updates,2,13.0,0.0,13.0,13.0,13.0,13.0,13.0,13.0,13.0
latency_only,dqn,failure_rate,2,1.0,0.0,1.0,1.0,1.0,1.0,1.0,1.0,1.0
latency_only,dqn,collision_rate,2,0.0,0.0,0.0,0.0,0.0,0.0,0.0,0.0,0.0
latency_only,dqn,risk_zone_rate,2,0.5,0.7071067811865476,0.5,0.25,0.75,-5.853102368087347,6.853102368087347,0.0,1.0
latency_only,dqn,idle_rate,2,0.0,0.0,0.0,0.0,0.0,0.0,0.0,0.0,0.0
latency_only,dqn,risk_adjusted_score,2,0.0,0.0,0.0,0.0,0.0,0.0,0.0,0.0,0.0
latency_only,dqn,localization_error_mean,2,0.0035243935835296497,0.0007063361717763457,0.0035243935835296497,0.0032746660350994497,0.00377412113195985,-0.0028217851337045555,0.009870572300763856,0.0030249384866692496,0.00402384868039005
latency_only,dqn,sensor_dropout_rate,2,0.0,0.0,0.0,0.0,0.0,0.0,0.0,0.0,0.0
latency_only,dqn,camera_visible_rate,2,1.0,0.0,1.0,1.0,1.0,1.0,1.0,1.0,1.0
latency_only,dqn,motor_saturation_rate,2,0.0,0.0,0.0,0.0,0.0,0.0,0.0,0.0,0.0
latency_only,dqn,unsupported_state_ratio,2,1.0,0.0,1.0,1.0,1.0,1.0,1.0,1.0,1.0
latency_only,dqn,memory_branch_usage_ratio,2,0.0,0.0,0.0,0.0,0.0,0.0,0.0,0.0,0.0
latency_only,dqn,neural_branch_usage_ratio,2,1.0,0.0,1.0,1.0,1.0,1.0,1.0,1.0,1.0
latency_only,dqn,abstention_ratio,2,0.0,0.0,0.0,0.0,0.0,0.0,0.0,0.0,0.0
latency_only,dqn,support_score_mean,2,0.0,0.0,0.0,0.0,0.0,0.0,0.0,0.0,0.0
latency_only,dqn,exact_support_coverage,2,0.0,0.0,0.0,0.0,0.0,0.0,0.0,0.0,0.0
latency_only,dqn,approximate_support_coverage,2,0.0,0.0,0.0,0.0,0.0,0.0,0.0,0.0,0.0
latency_only,dqn,neural_only_fallback_rate,2,1.0,0.0,1.0,1.0,1.0,1.0,1.0,1.0,1.0
latency_only,dqn,inference_time_us_per_decision_mean,2,996.52875,18.379473009991223,996.52875,990.030625,1003.0268749999999,831.3957366974906,1161.6617633025094,983.5325,1009.5249999999999
latency_only,dqn,inference_time_us_per_decision_median,2,932.4499999999999,30.617723625377476,932.4499999999999,921.625,943.2749999999999,657.3606674618181,1207.5393325381817,910.8,954.0999999999999
latency_only,dqn,memory_cost_states,2,0.0,0.0,0.0,0.0,0.0,0.0,0.0,0.0,0.0
latency_only,dqn,memory_cost_entries,2,0.0,0.0,0.0,0.0,0.0,0.0,0.0,0.0,0.0
latency_only,dqn,memory_cost_bytes_estimated,2,0.0,0.0,0.0,0.0,0.0,0.0,0.0,0.0,0.0
latency_only,fuzzy_relative_reliability,mean_return,2,-0.6559532805945494,0.7101029245268509,-0.6559532805945494,-0.9070125772312171,-0.40489398395788173,-7.035974928565579,5.724068367376479,-1.1580718738678848,-0.15383468732121403
latency_only,fuzzy_relative_reliability,success_rate,2,0.0,0.0,0.0,0.0,0.0,0.0,0.0,0.0,0.0
latency_only,fuzzy_relative_reliability,return_auc,2,-0.8641609502976646,0.34698192179407317,-0.8641609502976646,-0.9868375852225293,-0.7414843153727998,-3.981669829698244,2.253347929102915,-1.109514220147394,-0.6188076804479351
latency_only,fuzzy_relative_reliability,success_rate_auc,2,0.0,0.0,0.0,0.0,0.0,0.0,0.0,0.0,0.0
latency_only,fuzzy_relative_reliability,seconds_per_1000_steps,2,12.330698125151685,0.15407591614775504,12.330698125151685,12.27622406258888,12.385172187714488,10.946380941683337,13.715015308620032,12.221750000026077,12.439646250277292
latency_only,fuzzy_relative_reliability,gradient_updates,2,13.0,0.0,13.0,13.0,13.0,13.0,13.0,13.0,13.0
latency_only,fuzzy_relative_reliability,mean_gate,2,0.1017101551955038,0.012806819520159596,0.1017101551955038,0.09718226073143525,0.10623804965957234,-0.013354552972990139,0.21677486336399776,0.0926543662673667,0.1107659441236409
latency_only,fuzzy_relative_reliability,support_abstention_rate,2,0.0,0.0,0.0,0.0,0.0,0.0,0.0,0.0,0.0
latency_only,fuzzy_relative_reliability,global_tabular_error,2,0.017360826000000003,0.0007057052955462356,0.017360826000000003,0.017111321500000002,0.0176103305,0.011020315480806207,0.0237013365191938,0.016861817,0.017859835
latency_only,fuzzy_relative_reliability,global_neural_error,2,0.02469601474168815,0.00379330837049704,0.02469601474168815,0.023354877705733076,0.026037151777643226,-0.009385508774535173,0.058777538257911474,0.022013740669778,0.0273782888135983
latency_only,fuzzy_relative_reliability,visited_states,2,54.0,0.0,54.0,54.0,54.0,54.0,54.0,54.0,54.0
latency_only,fuzzy_relative_reliability,failure_rate,2,1.0,0.0,1.0,1.0,1.0,1.0,1.0,1.0,1.0
latency_only,fuzzy_relative_reliability,collision_rate,2,0.0,0.0,0.0,0.0,0.0,0.0,0.0,0.0,0.0
latency_only,fuzzy_relative_reliability,risk_zone_rate,2,0.5,0.7071067811865476,0.5,0.25,0.75,-5.853102368087347,6.853102368087347,0.0,1.0
latency_only,fuzzy_relative_reliability,idle_rate,2,0.0,0.0,0.0,0.0,0.0,0.0,0.0,0.0,0.0
latency_only,fuzzy_relative_reliability,risk_adjusted_score,2,0.0,0.0,0.0,0.0,0.0,0.0,0.0,0.0,0.0
latency_only,fuzzy_relative_reliability,localization_error_mean,2,0.0035243935835296497,0.0007063361717763457,0.0035243935835296497,0.0032746660350994497,0.00377412113195985,-0.0028217851337045555,0.009870572300763856,0.0030249384866692496,0.00402384868039005
latency_only,fuzzy_relative_reliability,sensor_dropout_rate,2,0.0,0.0,0.0,0.0,0.0,0.0,0.0,0.0,0.0
latency_only,fuzzy_relative_reliability,camera_visible_rate,2,1.0,0.0,1.0,1.0,1.0,1.0,1.0,1.0,1.0
latency_only,fuzzy_relative_reliability,motor_saturation_rate,2,0.0,0.0,0.0,0.0,0.0,0.0,0.0,0.0,0.0
latency_only,fuzzy_relative_reliability,unsupported_state_ratio,2,1.0,0.0,1.0,1.0,1.0,1.0,1.0,1.0,1.0
latency_only,fuzzy_relative_reliability,memory_branch_usage_ratio,2,0.0,0.0,0.0,0.0,0.0,0.0,0.0,0.0,0.0
latency_only,fuzzy_relative_reliability,neural_branch_usage_ratio,2,1.0,0.0,1.0,1.0,1.0,1.0,1.0,1.0,1.0
latency_only,fuzzy_relative_reliability,abstention_ratio,2,0.0,0.0,0.0,0.0,0.0,0.0,0.0,0.0,0.0
latency_only,fuzzy_relative_reliability,adaptive_alpha_mean,2,0.0,0.0,0.0,0.0,0.0,0.0,0.0,0.0,0.0
latency_only,fuzzy_relative_reliability,adaptive_alpha_iqr,2,0.0,0.0,0.0,0.0,0.0,0.0,0.0,0.0,0.0
latency_only,fuzzy_relative_reliability,support_score_mean,2,0.0,0.0,0.0,0.0,0.0,0.0,0.0,0.0,0.0
latency_only,fuzzy_relative_reliability,uncertainty_score_mean,2,0.8162581015810417,0.07509363159693938,0.8162581015810417,0.7897084935179817,0.8428077096441018,0.14156859015216927,1.4909476130099142,0.7631588854549215,0.869357317707162
latency_only,fuzzy_relative_reliability,exact_support_coverage,2,0.0,0.0,0.0,0.0,0.0,0.0,0.0,0.0,0.0
latency_only,fuzzy_relative_reliability,approximate_support_coverage,2,0.3375,0.12374368670764581,0.3375,0.29375,0.38125,-0.7742929144152856,1.4492929144152855,0.25,0.425
latency_only,fuzzy_relative_reliability,fuzzy_gate_active_rate,2,0.0,0.0,0.0,0.0,0.0,0.0,0.0,0.0,0.0
latency_only,fuzzy_relative_reliability,neural_only_fallback_rate,2,1.0,0.0,1.0,1.0,1.0,1.0,1.0,1.0,1.0
latency_only,fuzzy_relative_reliability,out_of_fuzzy_support_count,2,20.0,0.0,20.0,20.0,20.0,20.0,20.0,20.0,20.0
latency_only,fuzzy_relative_reliability,out_of_fuzzy_support_ratio,2,1.0,0.0,1.0,1.0,1.0,1.0,1.0,1.0,1.0
latency_only,fuzzy_relative_reliability,inference_time_us_per_decision_mean,2,1724.8625,34.44670684550245,1724.8625,1712.6837500000001,1737.0412499999998,1415.3711181386268,2034.353881861373,1700.505,1749.2199999999998
latency_only,fuzzy_relative_reliability,inference_time_us_per_decision_median,2,1640.4499999999998,58.51308614318665,1640.4499999999998,1619.7625,1661.1374999999998,1114.7307790407733,2166.1692209592265,1599.075,1681.8249999999998
latency_only,fuzzy_relative_reliability,memory_cost_states,2,54.0,0.0,54.0,54.0,54.0,54.0,54.0,54.0,54.0
latency_only,fuzzy_relative_reliability,memory_cost_entries,2,1458.0,0.0,1458.0,1458.0,1458.0,1458.0,1458.0,1458.0,1458.0
latency_only,fuzzy_relative_reliability,memory_cost_bytes_estimated,2,11016.0,0.0,11016.0,11016.0,11016.0,11016.0,11016.0,11016.0,11016.0
latency_only,selected_approximate_support,mean_return,2,-0.6544768684956946,0.7121908865407031,-0.6544768684956946,-0.9062743711817898,-0.4026793658095995,-7.053258110869738,5.744304373878348,-1.1580718738678848,-0.1508818631235044
latency_only,selected_approximate_support,success_rate,2,0.0,0.0,0.0,0.0,0.0,0.0,0.0,0.0,0.0
latency_only,selected_approximate_support,return_auc,2,-0.8615128488661141,0.35175266229448265,-0.8615128488661141,-0.9858761952705393,-0.737149502461689,-4.021885131046996,2.2988594333147674,-1.1102395416749644,-0.6127861560572638
latency_only,selected_approximate_support,success_rate_auc,2,0.0,0.0,0.0,0.0,0.0,0.0,0.0,0.0,0.0
latency_only,selected_approximate_support,seconds_per_1000_steps,2,12.101739375248146,0.08691668159779087,12.101739375248146,12.07100968777013,12.13246906272616,11.320823974099502,12.88265477639679,12.040280000292116,12.163198750204176
latency_only,selected_approximate_support,gradient_updates,2,13.0,0.0,13.0,13.0,13.0,13.0,13.0,13.0,13.0
latency_only,selected_approximate_support,mean_gate,2,0.6930433280400472,0.004084192663485137,0.6930433280400472,0.6915993478760359,0.6944873082040586,0.6563483128422407,0.7297383432378537,0.6901553677120246,0.69593128836807
latency_only,selected_approximate_support,support_abstention_rate,2,0.0,0.0,0.0,0.0,0.0,0.0,0.0,0.0,0.0
latency_only,selected_approximate_support,global_tabular_error,2,1.0,0.0,1.0,1.0,1.0,1.0,1.0,1.0,1.0
latency_only,selected_approximate_support,global_neural_error,2,1.0,0.0,1.0,1.0,1.0,1.0,1.0,1.0,1.0
latency_only,selected_approximate_support,visited_states,2,56.0,5.656854249492381,56.0,54.0,58.0,5.175181055301223,106.82481894469878,52.0,60.0
latency_only,selected_approximate_support,failure_rate,2,1.0,0.0,1.0,1.0,1.0,1.0,1.0,1.0,1.0
latency_only,selected_approximate_support,collision_rate,2,0.0,0.0,0.0,0.0,0.0,0.0,0.0,0.0,0.0
latency_only,selected_approximate_support,risk_zone_rate,2,0.5,0.7071067811865476,0.5,0.25,0.75,-5.853102368087347,6.853102368087347,0.0,1.0
latency_only,selected_approximate_support,idle_rate,2,0.0,0.0,0.0,0.0,0.0,0.0,0.0,0.0,0.0
latency_only,selected_approximate_support,risk_adjusted_score,2,0.0,0.0,0.0,0.0,0.0,0.0,0.0,0.0,0.0
latency_only,selected_approximate_support,localization_error_mean,2,0.003665850072457,0.0005062864866496073,0.003665850072457,0.003486850768490475,0.003844849376423525,-0.0008829535352058641,0.008214653680119864,0.0033078514645239502,0.00402384868039005
latency_only,selected_approximate_support,sensor_dropout_rate,2,0.0,0.0,0.0,0.0,0.0,0.0,0.0,0.0,0.0
latency_only,selected_approximate_support,camera_visible_rate,2,1.0,0.0,1.0,1.0,1.0,1.0,1.0,1.0,1.0
latency_only,selected_approximate_support,motor_saturation_rate,2,0.0,0.0,0.0,0.0,0.0,0.0,0.0,0.0,0.0
latency_only,selected_approximate_support,unsupported_state_ratio,2,1.0,0.0,1.0,1.0,1.0,1.0,1.0,1.0,1.0
latency_only,selected_approximate_support,memory_branch_usage_ratio,2,0.5557491013170527,0.19237610597249402,0.5557491013170527,0.48773387678134644,0.6237643258527589,-1.172681634938098,2.2841798375722036,0.41971865224564026,0.6917795503884651
latency_only,selected_approximate_support,neural_branch_usage_ratio,2,0.44425089868294726,0.19237610597249405,0.44425089868294726,0.376235674147241,0.5122661232186535,-1.284179837572204,2.1726816349380984,0.30822044961153483,0.5802813477543597
latency_only,selected_approximate_support,abstention_ratio,2,0.0,0.0,0.0,0.0,0.0,0.0,0.0,0.0,0.0
latency_only,selected_approximate_support,support_score_mean,2,0.5557491013170527,0.19237610597249402,0.5557491013170527,0.48773387678134644,0.6237643258527589,-1.172681634938098,2.2841798375722036,0.41971865224564026,0.6917795503884651
latency_only,selected_approximate_support,exact_support_coverage,2,0.0,0.0,0.0,0.0,0.0,0.0,0.0,0.0,0.0
latency_only,selected_approximate_support,approximate_support_coverage,2,1.0,0.0,1.0,1.0,1.0,1.0,1.0,1.0,1.0
latency_only,selected_approximate_support,neural_only_fallback_rate,2,0.0,0.0,0.0,0.0,0.0,0.0,0.0,0.0,0.0
latency_only,selected_approximate_support,inference_time_us_per_decision_mean,2,1753.0124999999998,14.043140674364762,1753.0124999999998,1748.0475,1757.9775,1626.8398869697858,1879.1851130302139,1743.0825,1762.9424999999999
latency_only,selected_approximate_support,inference_time_us_per_decision_median,2,1676.025,27.011479041325988,1676.025,1666.4750000000001,1685.575,1433.3364895390646,1918.7135104609356,1656.9250000000002,1695.125
latency_only,selected_approximate_support,memory_cost_states,2,56.0,5.656854249492381,56.0,54.0,58.0,5.175181055301223,106.82481894469878,52.0,60.0
latency_only,selected_approximate_support,memory_cost_entries,2,1512.0,152.73506473629428,1512.0,1458.0,1566.0,139.7298884931331,2884.2701115068667,1404.0,1620.0
latency_only,selected_approximate_support,memory_cost_bytes_estimated,2,11424.0,1153.9982668964456,11424.0,11016.0,11832.0,1055.7369352814512,21792.26306471855,10608.0,12240.0
latency_only,sensorized_controller,mean_return,2,-0.5868835972785018,0.48919758258245793,-0.5868835972785018,-0.7598410612705628,-0.4139261332864407,-4.982149493543881,3.808382298986878,-0.9327985252626239,-0.24096866929437966
latency_only,sensorized_controller,success_rate,2,0.0,0.0,0.0,0.0,0.0,0.0,0.0,0.0,0.0
latency_only,sensorized_controller,return_auc,2,-0.7525234878924674,0.2428787845790005,-0.7525234878924674,-0.8383941056835463,-0.6666528701013884,-2.934702788842976,1.4296558130580412,-0.9242647234746253,-0.5807822523103094
latency_only,sensorized_controller,success_rate_auc,2,0.0,0.0,0.0,0.0,0.0,0.0,0.0,0.0,0.0
latency_only,sensorized_controller,seconds_per_1000_steps,2,8.801974375091959,0.25395828363580525,8.801974375091959,8.712186562843272,8.891762187340646,6.520249724601891,11.083699025582026,8.622398750594584,8.981549999589333
latency_only,sensorized_controller,gradient_updates,2,0.0,0.0,0.0,0.0,0.0,0.0,0.0,0.0,0.0
latency_only,sensorized_controller,failure_rate,2,1.0,0.0,1.0,1.0,1.0,1.0,1.0,1.0,1.0
latency_only,sensorized_controller,collision_rate,2,0.0,0.0,0.0,0.0,0.0,0.0,0.0,0.0,0.0
latency_only,sensorized_controller,risk_zone_rate,2,0.575,0.6010407640085653,0.575,0.3625,0.7875,-4.825137012874244,5.975137012874244,0.15,1.0
latency_only,sensorized_controller,idle_rate,2,0.1375,0.017677669529663705,0.1375,0.13125,0.14375000000000002,-0.021327559202183793,0.2963275592021838,0.125,0.15000000000000002
latency_only,sensorized_controller,risk_adjusted_score,2,-0.006875,0.000883883476483184,-0.006875,-0.0071874999999999994,-0.006562500000000001,-0.014816377960109178,0.001066377960109179,-0.0075,-0.00625
latency_only,sensorized_controller,localization_error_mean,2,0.00425098800251355,9.655293173491442e-05,0.00425098800251355,0.0042168513861269505,0.004285124618900149,0.0033834943288967613,0.005118481676130339,0.00418271476974035,0.00431926123528675
latency_only,sensorized_controller,sensor_dropout_rate,2,0.0,0.0,0.0,0.0,0.0,0.0,0.0,0.0,0.0
latency_only,sensorized_controller,camera_visible_rate,2,1.0,0.0,1.0,1.0,1.0,1.0,1.0,1.0,1.0
latency_only,sensorized_controller,motor_saturation_rate,2,0.0,0.0,0.0,0.0,0.0,0.0,0.0,0.0,0.0
latency_only,sensorized_controller,unsupported_state_ratio,2,1.0,0.0,1.0,1.0,1.0,1.0,1.0,1.0,1.0
latency_only,sensorized_controller,memory_branch_usage_ratio,2,0.0,0.0,0.0,0.0,0.0,0.0,0.0,0.0,0.0
latency_only,sensorized_controller,neural_branch_usage_ratio,2,0.0,0.0,0.0,0.0,0.0,0.0,0.0,0.0,0.0
latency_only,sensorized_controller,abstention_ratio,2,0.0,0.0,0.0,0.0,0.0,0.0,0.0,0.0,0.0
latency_only,sensorized_controller,support_score_mean,2,0.0,0.0,0.0,0.0,0.0,0.0,0.0,0.0,0.0
latency_only,sensorized_controller,exact_support_coverage,2,0.0,0.0,0.0,0.0,0.0,0.0,0.0,0.0,0.0
latency_only,sensorized_controller,approximate_support_coverage,2,0.0,0.0,0.0,0.0,0.0,0.0,0.0,0.0,0.0
latency_only,sensorized_controller,neural_only_fallback_rate,2,0.0,0.0,0.0,0.0,0.0,0.0,0.0,0.0,0.0
latency_only,sensorized_controller,inference_time_us_per_decision_mean,2,456.26374999999996,13.376692533096486,456.26374999999996,451.534375,460.99312499999996,336.0789359517078,576.4485640482922,446.805,465.72249999999997
latency_only,sensorized_controller,inference_time_us_per_decision_median,2,424.375,12.409724009823877,424.375,419.9875,428.7625,312.87805344006733,535.8719465599327,415.6,433.15
latency_only,sensorized_controller,memory_cost_states,2,0.0,0.0,0.0,0.0,0.0,0.0,0.0,0.0,0.0
latency_only,sensorized_controller,memory_cost_entries,2,0.0,0.0,0.0,0.0,0.0,0.0,0.0,0.0,0.0
latency_only,sensorized_controller,memory_cost_bytes_estimated,2,0.0,0.0,0.0,0.0,0.0,0.0,0.0,0.0,0.0
localization_dropout_only,dqn,mean_return,2,-0.6538271855912172,0.7086755133385633,-0.6538271855912172,-0.904381816162495,-0.4032725550199393,-7.02102405286176,5.7133696816793265,-1.1549364467337728,-0.1527179244486615
localization_dropout_only,dqn,success_rate,2,0.0,0.0,0.0,0.0,0.0,0.0,0.0,0.0,0.0
localization_dropout_only,dqn,return_auc,2,-0.8595743810350541,0.3442180309562822,-0.8595743810350541,-0.9812738329829882,-0.73787492908712,-3.9522506864964617,2.2331019244263537,-1.1029732849309222,-0.6161754771391861
localization_dropout_only,dqn,success_rate_auc,2,0.0,0.0,0.0,0.0,0.0,0.0,0.0,0.0,0.0
localization_dropout_only,dqn,seconds_per_1000_steps,2,9.914370000296913,0.07293099335446165,9.914370000296913,9.888585000317107,9.940155000276718,9.259111022565577,10.569628978028248,9.862800000337302,9.965940000256523
localization_dropout_only,dqn,gradient_updates,2,13.0,0.0,13.0,13.0,13.0,13.0,13.0,13.0,13.0
localization_dropout_only,dqn,failure_rate,2,1.0,0.0,1.0,1.0,1.0,1.0,1.0,1.0,1.0
localization_dropout_only,dqn,collision_rate,2,0.0,0.0,0.0,0.0,0.0,0.0,0.0,0.0,0.0
localization_dropout_only,dqn,risk_zone_rate,2,0.5,0.7071067811865476,0.5,0.25,0.75,-5.853102368087347,6.853102368087347,0.0,1.0
localization_dropout_only,dqn,idle_rate,2,0.0,0.0,0.0,0.0,0.0,0.0,0.0,0.0,0.0
localization_dropout_only,dqn,risk_adjusted_score,2,0.0,0.0,0.0,0.0,0.0,0.0,0.0,0.0,0.0
localization_dropout_only,dqn,localization_error_mean,2,9.219808998750522e-06,1.3038778928522495e-05,9.219808998750522e-06,4.609904499375261e-06,1.3829713498125783e-05,-0.00010792897176779942,0.00012636858976530047,0.0,1.8439617997501044e-05
localization_dropout_only,dqn,sensor_dropout_rate,2,0.0125,0.01767766952966369,0.0125,0.00625,0.018750000000000003,-0.14632755920218368,0.1713275592021837,0.0,0.025
localization_dropout_only,dqn,camera_visible_rate,2,1.0,0.0,1.0,1.0,1.0,1.0,1.0,1.0,1.0
localization_dropout_only,dqn,motor_saturation_rate,2,0.0,0.0,0.0,0.0,0.0,0.0,0.0,0.0,0.0
localization_dropout_only,dqn,unsupported_state_ratio,2,1.0,0.0,1.0,1.0,1.0,1.0,1.0,1.0,1.0
localization_dropout_only,dqn,memory_branch_usage_ratio,2,0.0,0.0,0.0,0.0,0.0,0.0,0.0,0.0,0.0
localization_dropout_only,dqn,neural_branch_usage_ratio,2,1.0,0.0,1.0,1.0,1.0,1.0,1.0,1.0,1.0
localization_dropout_only,dqn,abstention_ratio,2,0.0,0.0,0.0,0.0,0.0,0.0,0.0,0.0,0.0
localization_dropout_only,dqn,support_score_mean,2,0.0,0.0,0.0,0.0,0.0,0.0,0.0,0.0,0.0
localization_dropout_only,dqn,exact_support_coverage,2,0.0,0.0,0.0,0.0,0.0,0.0,0.0,0.0,0.0
localization_dropout_only,dqn,approximate_support_coverage,2,0.0,0.0,0.0,0.0,0.0,0.0,0.0,0.0,0.0
localization_dropout_only,dqn,neural_only_fallback_rate,2,1.0,0.0,1.0,1.0,1.0,1.0,1.0,1.0,1.0
localization_dropout_only,dqn,inference_time_us_per_decision_mean,2,1089.00125,3.6822585630289333,1089.00125,1087.6993750000001,1090.303125,1055.9174694181852,1122.0850305818149,1086.3975,1091.605
localization_dropout_only,dqn,inference_time_us_per_decision_median,2,1045.9499999999998,28.99137802864829,1045.9499999999998,1035.7,1056.1999999999998,785.47280290842,1306.4271970915797,1025.45,1066.4499999999998
localization_dropout_only,dqn,memory_cost_states,2,0.0,0.0,0.0,0.0,0.0,0.0,0.0,0.0,0.0
localization_dropout_only,dqn,memory_cost_entries,2,0.0,0.0,0.0,0.0,0.0,0.0,0.0,0.0,0.0
localization_dropout_only,dqn,memory_cost_bytes_estimated,2,0.0,0.0,0.0,0.0,0.0,0.0,0.0,0.0,0.0
localization_dropout_only,fuzzy_relative_reliability,mean_return,2,-0.6538271855912172,0.7086755133385633,-0.6538271855912172,-0.904381816162495,-0.4032725550199393,-7.02102405286176,5.7133696816793265,-1.1549364467337728,-0.1527179244486615
localization_dropout_only,fuzzy_relative_reliability,success_rate,2,0.0,0.0,0.0,0.0,0.0,0.0,0.0,0.0,0.0
localization_dropout_only,fuzzy_relative_reliability,return_auc,2,-0.8595743810350541,0.3442180309562822,-0.8595743810350541,-0.9812738329829882,-0.73787492908712,-3.9522506864964617,2.2331019244263537,-1.1029732849309222,-0.6161754771391861
localization_dropout_only,fuzzy_relative_reliability,success_rate_auc,2,0.0,0.0,0.0,0.0,0.0,0.0,0.0,0.0,0.0
localization_dropout_only,fuzzy_relative_reliability,seconds_per_1000_steps,2,11.756339999919874,0.1362877610460598,11.756339999919874,11.708154999905673,11.804524999934074,10.531843049133853,12.980836950705894,11.659969999891473,11.852709999948274
localization_dropout_only,fuzzy_relative_reliability,gradient_updates,2,13.0,0.0,13.0,13.0,13.0,13.0,13.0,13.0,13.0
localization_dropout_only,fuzzy_relative_reliability,mean_gate,2,0.08078768280421414,0.01577095288121133,0.08078768280421414,0.07521180894017512,0.08636355666825317,-0.06090870699491657,0.22248407260334485,0.0696359350761361,0.0919394305322922
localization_dropout_only,fuzzy_relative_reliability,support_abstention_rate,2,0.0,0.0,0.0,0.0,0.0,0.0,0.0,0.0,0.0
localization_dropout_only,fuzzy_relative_reliability,global_tabular_error,2,0.017355143,0.0006932616304109169,0.017355143,0.017110038,0.017600248,0.011126434376279786,0.023583851623720214,0.016864933,0.017845353
localization_dropout_only,fuzzy_relative_reliability,global_neural_error,2,0.02467449360175495,0.0038321219065532886,0.02467449360175495,0.023319633908526274,0.026029353294983626,-0.009755755700153836,0.059104742903663736,0.0219647742152976,0.0273842129882123
localization_dropout_only,fuzzy_relative_reliability,visited_states,2,57.5,0.7071067811865476,57.5,57.25,57.75,51.14689763191265,63.85310236808735,57.0,58.0
localization_dropout_only,fuzzy_relative_reliability,failure_rate,2,1.0,0.0,1.0,1.0,1.0,1.0,1.0,1.0,1.0
localization_dropout_only,fuzzy_relative_reliability,collision_rate,2,0.0,0.0,0.0,0.0,0.0,0.0,0.0,0.0,0.0
localization_dropout_only,fuzzy_relative_reliability,risk_zone_rate,2,0.5,0.7071067811865476,0.5,0.25,0.75,-5.853102368087347,6.853102368087347,0.0,1.0
localization_dropout_only,fuzzy_relative_reliability,idle_rate,2,0.0,0.0,0.0,0.0,0.0,0.0,0.0,0.0,0.0
localization_dropout_only,fuzzy_relative_reliability,risk_adjusted_score,2,0.0,0.0,0.0,0.0,0.0,0.0,0.0,0.0,0.0
localization_dropout_only,fuzzy_relative_reliability,localization_error_mean,2,9.219808998750522e-06,1.3038778928522495e-05,9.219808998750522e-06,4.609904499375261e-06,1.3829713498125783e-05,-0.00010792897176779942,0.00012636858976530047,0.0,1.8439617997501044e-05
localization_dropout_only,fuzzy_relative_reliability,sensor_dropout_rate,2,0.0125,0.01767766952966369,0.0125,0.00625,0.018750000000000003,-0.14632755920218368,0.1713275592021837,0.0,0.025
localization_dropout_only,fuzzy_relative_reliability,camera_visible_rate,2,1.0,0.0,1.0,1.0,1.0,1.0,1.0,1.0,1.0
localization_dropout_only,fuzzy_relative_reliability,motor_saturation_rate,2,0.0,0.0,0.0,0.0,0.0,0.0,0.0,0.0,0.0
localization_dropout_only,fuzzy_relative_reliability,unsupported_state_ratio,2,1.0,0.0,1.0,1.0,1.0,1.0,1.0,1.0,1.0
localization_dropout_only,fuzzy_relative_reliability,memory_branch_usage_ratio,2,0.0,0.0,0.0,0.0,0.0,0.0,0.0,0.0,0.0
localization_dropout_only,fuzzy_relative_reliability,neural_branch_usage_ratio,2,1.0,0.0,1.0,1.0,1.0,1.0,1.0,1.0,1.0
localization_dropout_only,fuzzy_relative_reliability,abstention_ratio,2,0.0,0.0,0.0,0.0,0.0,0.0,0.0,0.0,0.0
localization_dropout_only,fuzzy_relative_reliability,adaptive_alpha_mean,2,0.0,0.0,0.0,0.0,0.0,0.0,0.0,0.0,0.0
localization_dropout_only,fuzzy_relative_reliability,adaptive_alpha_iqr,2,0.0,0.0,0.0,0.0,0.0,0.0,0.0,0.0,0.0
localization_dropout_only,fuzzy_relative_reliability,support_score_mean,2,0.0,0.0,0.0,0.0,0.0,0.0,0.0,0.0,0.0
localization_dropout_only,fuzzy_relative_reliability,uncertainty_score_mean,2,0.8002536734092716,0.04403964959994835,0.8002536734092716,0.7846833059726701,0.815824040845873,0.40457312047542043,1.1959342263431227,0.7691129385360687,0.8313944082824745
localization_dropout_only,fuzzy_relative_reliability,exact_support_coverage,2,0.0,0.0,0.0,0.0,0.0,0.0,0.0,0.0,0.0
localization_dropout_only,fuzzy_relative_reliability,approximate_support_coverage,2,0.3125,0.15909902576697318,0.3125,0.25625,0.36875,-1.116948032819653,1.741948032819653,0.2,0.425
localization_dropout_only,fuzzy_relative_reliability,fuzzy_gate_active_rate,2,0.0,0.0,0.0,0.0,0.0,0.0,0.0,0.0,0.0
localization_dropout_only,fuzzy_relative_reliability,neural_only_fallback_rate,2,1.0,0.0,1.0,1.0,1.0,1.0,1.0,1.0,1.0
localization_dropout_only,fuzzy_relative_reliability,out_of_fuzzy_support_count,2,20.0,0.0,20.0,20.0,20.0,20.0,20.0,20.0,20.0
localization_dropout_only,fuzzy_relative_reliability,out_of_fuzzy_support_ratio,2,1.0,0.0,1.0,1.0,1.0,1.0,1.0,1.0,1.0
localization_dropout_only,fuzzy_relative_reliability,inference_time_us_per_decision_mean,2,1948.1625,5.35633386748813,1948.1625,1946.26875,1950.05625,1900.0377495617379,1996.287250438262,1944.375,1951.95
localization_dropout_only,fuzzy_relative_reliability,inference_time_us_per_decision_median,2,1860.25,47.12866696608314,1860.25,1843.5875,1876.9125,1436.8157271669807,2283.6842728330193,1826.9250000000002,1893.5749999999998
localization_dropout_only,fuzzy_relative_reliability,memory_cost_states,2,57.5,0.7071067811865476,57.5,57.25,57.75,51.14689763191265,63.85310236808735,57.0,58.0
localization_dropout_only,fuzzy_relative_reliability,memory_cost_entries,2,1552.5,19.091883092036785,1552.5,1545.75,1559.25,1380.9662360616417,1724.0337639383583,1539.0,1566.0
localization_dropout_only,fuzzy_relative_reliability,memory_cost_bytes_estimated,2,11730.0,144.2497833620557,11730.0,11679.0,11781.0,10433.967116910182,13026.032883089818,11628.0,11832.0
localization_dropout_only,selected_approximate_support,mean_return,2,-0.654285204706248,0.7080277764942606,-0.654285204706248,-0.9046108257200104,-0.4039595836924854,-7.015662387328128,5.707091977915631,-1.1549364467337728,-0.15363396267872298
localization_dropout_only,selected_approximate_support,success_rate,2,0.0,0.0,0.0,0.0,0.0,0.0,0.0,0.0,0.0
localization_dropout_only,selected_approximate_support,return_auc,2,-0.8644261296489276,0.3498617898081938,-0.8644261296489276,-0.9881209516746459,-0.7407313076232094,-4.007809596575861,2.278957337278005,-1.111815773700364,-0.6170364855974912
localization_dropout_only,selected_approximate_support,success_rate_auc,2,0.0,0.0,0.0,0.0,0.0,0.0,0.0,0.0,0.0
localization_dropout_only,selected_approximate_support,seconds_per_1000_steps,2,11.850658124785696,0.0153486363952241,11.850658124785696,11.84523156234718,11.85608468722421,11.712756098070887,11.988560151500504,11.839804999908665,11.861511249662724
localization_dropout_only,selected_approximate_support,gradient_updates,2,13.0,0.0,13.0,13.0,13.0,13.0,13.0,13.0,13.0
localization_dropout_only,selected_approximate_support,mean_gate,2,0.6741774710275856,0.029021329275361683,0.6741774710275856,0.6639168816627576,0.6844380603924135,0.4134311726609442,0.934923769394227,0.6536562922979297,0.6946986497572415
localization_dropout_only,selected_approximate_support,support_abstention_rate,2,0.0,0.0,0.0,0.0,0.0,0.0,0.0,0.0,0.0
localization_dropout_only,selected_approximate_support,global_tabular_error,2,1.0,0.0,1.0,1.0,1.0,1.0,1.0,1.0,1.0
localization_dropout_only,selected_approximate_support,global_neural_error,2,1.0,0.0,1.0,1.0,1.0,1.0,1.0,1.0,1.0
localization_dropout_only,selected_approximate_support,visited_states,2,59.0,2.8284271247461903,59.0,58.0,60.0,33.58759052765061,84.4124094723494,57.0,61.0
localization_dropout_only,selected_approximate_support,failure_rate,2,1.0,0.0,1.0,1.0,1.0,1.0,1.0,1.0,1.0
localization_dropout_only,selected_approximate_support,collision_rate,2,0.0,0.0,0.0,0.0,0.0,0.0,0.0,0.0,0.0
localization_dropout_only,selected_approximate_support,risk_zone_rate,2,0.5,0.7071067811865476,0.5,0.25,0.75,-5.853102368087347,6.853102368087347,0.0,1.0
localization_dropout_only,selected_approximate_support,idle_rate,2,0.0,0.0,0.0,0.0,0.0,0.0,0.0,0.0,0.0
localization_dropout_only,selected_approximate_support,risk_adjusted_score,2,0.0,0.0,0.0,0.0,0.0,0.0,0.0,0.0,0.0
localization_dropout_only,selected_approximate_support,localization_error_mean,2,9.219808998750522e-06,1.3038778928522495e-05,9.219808998750522e-06,4.609904499375261e-06,1.3829713498125783e-05,-0.00010792897176779942,0.00012636858976530047,0.0,1.8439617997501044e-05
localization_dropout_only,selected_approximate_support,sensor_dropout_rate,2,0.0125,0.01767766952966369,0.0125,0.00625,0.018750000000000003,-0.14632755920218368,0.1713275592021837,0.0,0.025
localization_dropout_only,selected_approximate_support,camera_visible_rate,2,1.0,0.0,1.0,1.0,1.0,1.0,1.0,1.0,1.0
localization_dropout_only,selected_approximate_support,motor_saturation_rate,2,0.0,0.0,0.0,0.0,0.0,0.0,0.0,0.0,0.0
localization_dropout_only,selected_approximate_support,unsupported_state_ratio,2,1.0,0.0,1.0,1.0,1.0,1.0,1.0,1.0,1.0
localization_dropout_only,selected_approximate_support,memory_branch_usage_ratio,2,0.5460174387714972,0.17692452839924783,0.5460174387714972,0.4834651718768272,0.6085697056661672,-1.043586380979542,2.1356212585225367,0.42091290498215717,0.6711219725608373
localization_dropout_only,selected_approximate_support,neural_branch_usage_ratio,2,0.4539825612285028,0.17692452839924783,0.4539825612285028,0.39143029433383275,0.5165348281231728,-1.1356212585225367,2.043586380979542,0.3288780274391627,0.5790870950178428
localization_dropout_only,selected_approximate_support,abstention_ratio,2,0.0,0.0,0.0,0.0,0.0,0.0,0.0,0.0,0.0
localization_dropout_only,selected_approximate_support,support_score_mean,2,0.5460174387714972,0.17692452839924783,0.5460174387714972,0.4834651718768272,0.6085697056661672,-1.043586380979542,2.1356212585225367,0.42091290498215717,0.6711219725608373
localization_dropout_only,selected_approximate_support,exact_support_coverage,2,0.0,0.0,0.0,0.0,0.0,0.0,0.0,0.0,0.0
localization_dropout_only,selected_approximate_support,approximate_support_coverage,2,1.0,0.0,1.0,1.0,1.0,1.0,1.0,1.0,1.0
localization_dropout_only,selected_approximate_support,neural_only_fallback_rate,2,0.0,0.0,0.0,0.0,0.0,0.0,0.0,0.0,0.0
localization_dropout_only,selected_approximate_support,inference_time_us_per_decision_mean,2,1749.4375,3.0971277015971554,1749.4375,1748.3425,1750.5325,1721.6109116277767,1777.2640883722233,1747.2475,1751.6275
localization_dropout_only,selected_approximate_support,inference_time_us_per_decision_median,2,1690.9375,12.887021087125085,1690.9375,1686.38125,1695.49375,1575.1522093416058,1806.7227906583942,1681.8249999999998,1700.0500000000002
localization_dropout_only,selected_approximate_support,memory_cost_states,2,59.0,2.8284271247461903,59.0,58.0,60.0,33.58759052765061,84.4124094723494,57.0,61.0
localization_dropout_only,selected_approximate_support,memory_cost_entries,2,1593.0,76.36753236814714,1593.0,1566.0,1620.0,906.8649442465666,2279.1350557534333,1539.0,1647.0
localization_dropout_only,selected_approximate_support,memory_cost_bytes_estimated,2,12036.0,576.9991334482228,12036.0,11832.0,12240.0,6851.868467640726,17220.131532359275,11628.0,12444.0
localization_dropout_only,sensorized_controller,mean_return,2,-0.6055752686783671,0.48670863602151426,-0.6055752686783671,-0.7776527571748011,-0.4334977801819332,-4.978478867323238,3.7673283299665035,-0.949730245671235,-0.26142029168549924
localization_dropout_only,sensorized_controller,success_rate,2,0.0,0.0,0.0,0.0,0.0,0.0,0.0,0.0,0.0
localization_dropout_only,sensorized_controller,return_auc,2,-0.7736937623203266,0.24103779834767,-0.7736937623203266,-0.8589134931872832,-0.6884740314533702,-2.9393324582348384,1.3919449335941851,-0.9441332240542397,-0.6032543005864136
localization_dropout_only,sensorized_controller,success_rate_auc,2,0.0,0.0,0.0,0.0,0.0,0.0,0.0,0.0,0.0
localization_dropout_only,sensorized_controller,seconds_per_1000_steps,2,8.816213749742019,0.46057930555527765,8.816213749742019,8.653374374625855,8.979053124858183,4.6780728710685615,12.954354628415476,8.490534999509691,9.141892499974347
localization_dropout_only,sensorized_controller,gradient_updates,2,0.0,0.0,0.0,0.0,0.0,0.0,0.0,0.0,0.0
localization_dropout_only,sensorized_controller,failure_rate,2,1.0,0.0,1.0,1.0,1.0,1.0,1.0,1.0,1.0
localization_dropout_only,sensorized_controller,collision_rate,2,0.0,0.0,0.0,0.0,0.0,0.0,0.0,0.0,0.0
localization_dropout_only,sensorized_controller,risk_zone_rate,2,0.575,0.6010407640085653,0.575,0.3625,0.7875,-4.825137012874244,5.975137012874244,0.15,1.0
localization_dropout_only,sensorized_controller,idle_rate,2,0.225,0.0,0.225,0.225,0.225,0.225,0.225,0.225,0.225
localization_dropout_only,sensorized_controller,risk_adjusted_score,2,-0.01125,0.0,-0.01125,-0.01125,-0.01125,-0.01125,-0.01125,-0.01125,-0.01125
localization_dropout_only,sensorized_controller,localization_error_mean,2,1.0388878581579775e-05,1.469209298791748e-05,1.0388878581579775e-05,5.194439290789888e-06,1.5583317872369665e-05,-0.000121614339655233,0.00014239209681839255,0.0,2.077775716315955e-05
localization_dropout_only,sensorized_controller,sensor_dropout_rate,2,0.0125,0.01767766952966369,0.0125,0.00625,0.018750000000000003,-0.14632755920218368,0.1713275592021837,0.0,0.025
localization_dropout_only,sensorized_controller,camera_visible_rate,2,1.0,0.0,1.0,1.0,1.0,1.0,1.0,1.0,1.0
localization_dropout_only,sensorized_controller,motor_saturation_rate,2,0.0,0.0,0.0,0.0,0.0,0.0,0.0,0.0,0.0
localization_dropout_only,sensorized_controller,unsupported_state_ratio,2,1.0,0.0,1.0,1.0,1.0,1.0,1.0,1.0,1.0
localization_dropout_only,sensorized_controller,memory_branch_usage_ratio,2,0.0,0.0,0.0,0.0,0.0,0.0,0.0,0.0,0.0
localization_dropout_only,sensorized_controller,neural_branch_usage_ratio,2,0.0,0.0,0.0,0.0,0.0,0.0,0.0,0.0,0.0
localization_dropout_only,sensorized_controller,abstention_ratio,2,0.0,0.0,0.0,0.0,0.0,0.0,0.0,0.0,0.0
localization_dropout_only,sensorized_controller,support_score_mean,2,0.0,0.0,0.0,0.0,0.0,0.0,0.0,0.0,0.0
localization_dropout_only,sensorized_controller,exact_support_coverage,2,0.0,0.0,0.0,0.0,0.0,0.0,0.0,0.0,0.0
localization_dropout_only,sensorized_controller,approximate_support_coverage,2,0.0,0.0,0.0,0.0,0.0,0.0,0.0,0.0,0.0
localization_dropout_only,sensorized_controller,neural_only_fallback_rate,2,0.0,0.0,0.0,0.0,0.0,0.0,0.0,0.0,0.0
localization_dropout_only,sensorized_controller,inference_time_us_per_decision_mean,2,409.83125,33.108507262107196,409.83125,398.125625,421.536875,112.36311437022954,707.2993856297705,386.41999999999996,433.24250000000006
localization_dropout_only,sensorized_controller,inference_time_us_per_decision_median,2,367.8875,9.210065824954764,367.8875,364.63125,371.14374999999995,285.13834165566243,450.63665834433755,361.375,374.4
localization_dropout_only,sensorized_controller,memory_cost_states,2,0.0,0.0,0.0,0.0,0.0,0.0,0.0,0.0,0.0
localization_dropout_only,sensorized_controller,memory_cost_entries,2,0.0,0.0,0.0,0.0,0.0,0.0,0.0,0.0,0.0
localization_dropout_only,sensorized_controller,memory_cost_bytes_estimated,2,0.0,0.0,0.0,0.0,0.0,0.0,0.0,0.0,0.0
no_noise_no_delay_no_dropout,dqn,mean_return,2,-0.6625599909923039,0.700081026034328,-0.6625599909923039,-0.9100760114367585,-0.41504397054784936,-6.952538453493187,5.627418471508578,-1.1575920318812132,-0.16752795010339472
no_noise_no_delay_no_dropout,dqn,success_rate,2,0.0,0.0,0.0,0.0,0.0,0.0,0.0,0.0,0.0
no_noise_no_delay_no_dropout,dqn,return_auc,2,-0.864980184469605,0.3387617584794976,-0.864980184469605,-0.9847505527833711,-0.7452098161558389,-3.908633826713129,2.178673457773919,-1.1045209210971372,-0.6254394478420728
no_noise_no_delay_no_dropout,dqn,success_rate_auc,2,0.0,0.0,0.0,0.0,0.0,0.0,0.0,0.0,0.0
no_noise_no_delay_no_dropout,dqn,seconds_per_1000_steps,2,15.429385625066061,0.26693369334731526,15.429385625066061,15.335010312719533,15.52376093741259,13.031081543635208,17.827689706496916,15.240635000373004,15.618136249759118
no_noise_no_delay_no_dropout,dqn,gradient_updates,2,13.0,0.0,13.0,13.0,13.0,13.0,13.0,13.0,13.0
no_noise_no_delay_no_dropout,dqn,failure_rate,2,1.0,0.0,1.0,1.0,1.0,1.0,1.0,1.0,1.0
no_noise_no_delay_no_dropout,dqn,collision_rate,2,0.0,0.0,0.0,0.0,0.0,0.0,0.0,0.0,0.0
no_noise_no_delay_no_dropout,dqn,risk_zone_rate,2,0.5,0.7071067811865476,0.5,0.25,0.75,-5.853102368087347,6.853102368087347,0.0,1.0
no_noise_no_delay_no_dropout,dqn,idle_rate,2,0.0,0.0,0.0,0.0,0.0,0.0,0.0,0.0,0.0
no_noise_no_delay_no_dropout,dqn,risk_adjusted_score,2,0.0,0.0,0.0,0.0,0.0,0.0,0.0,0.0,0.0
no_noise_no_delay_no_dropout,dqn,localization_error_mean,2,0.0,0.0,0.0,0.0,0.0,0.0,0.0,0.0,0.0
no_noise_no_delay_no_dropout,dqn,sensor_dropout_rate,2,0.0,0.0,0.0,0.0,0.0,0.0,0.0,0.0,0.0
no_noise_no_delay_no_dropout,dqn,camera_visible_rate,2,1.0,0.0,1.0,1.0,1.0,1.0,1.0,1.0,1.0
no_noise_no_delay_no_dropout,dqn,motor_saturation_rate,2,0.0,0.0,0.0,0.0,0.0,0.0,0.0,0.0,0.0
no_noise_no_delay_no_dropout,dqn,unsupported_state_ratio,2,1.0,0.0,1.0,1.0,1.0,1.0,1.0,1.0,1.0
no_noise_no_delay_no_dropout,dqn,memory_branch_usage_ratio,2,0.0,0.0,0.0,0.0,0.0,0.0,0.0,0.0,0.0
no_noise_no_delay_no_dropout,dqn,neural_branch_usage_ratio,2,1.0,0.0,1.0,1.0,1.0,1.0,1.0,1.0,1.0
no_noise_no_delay_no_dropout,dqn,abstention_ratio,2,0.0,0.0,0.0,0.0,0.0,0.0,0.0,0.0,0.0
no_noise_no_delay_no_dropout,dqn,support_score_mean,2,0.0,0.0,0.0,0.0,0.0,0.0,0.0,0.0,0.0
no_noise_no_delay_no_dropout,dqn,exact_support_coverage,2,0.0,0.0,0.0,0.0,0.0,0.0,0.0,0.0,0.0
no_noise_no_delay_no_dropout,dqn,approximate_support_coverage,2,0.0,0.0,0.0,0.0,0.0,0.0,0.0,0.0,0.0
no_noise_no_delay_no_dropout,dqn,neural_only_fallback_rate,2,1.0,0.0,1.0,1.0,1.0,1.0,1.0,1.0,1.0
no_noise_no_delay_no_dropout,dqn,inference_time_us_per_decision_mean,2,1179.15875,44.23483246407737,1179.15875,1163.519375,1194.798125,781.7245486083766,1576.5929513916235,1147.88,1210.4375
no_noise_no_delay_no_dropout,dqn,inference_time_us_per_decision_median,2,1142.4875,18.649941353795192,1142.4875,1135.89375,1149.08125,974.9244250416962,1310.0505749583037,1129.3,1155.675
no_noise_no_delay_no_dropout,dqn,memory_cost_states,2,0.0,0.0,0.0,0.0,0.0,0.0,0.0,0.0,0.0
no_noise_no_delay_no_dropout,dqn,memory_cost_entries,2,0.0,0.0,0.0,0.0,0.0,0.0,0.0,0.0,0.0
no_noise_no_delay_no_dropout,dqn,memory_cost_bytes_estimated,2,0.0,0.0,0.0,0.0,0.0,0.0,0.0,0.0,0.0
no_noise_no_delay_no_dropout,fuzzy_relative_reliability,mean_return,2,-0.6551549781649373,0.7105532956043366,-0.6551549781649373,-0.9063735050230752,-0.40393645130679945,-7.03922304972434,5.728913093394466,-1.1575920318812132,-0.1527179244486615
no_noise_no_delay_no_dropout,fuzzy_relative_reliability,success_rate,2,0.0,0.0,0.0,0.0,0.0,0.0,0.0,0.0,0.0
no_noise_no_delay_no_dropout,fuzzy_relative_reliability,return_auc,2,-0.8612776780559217,0.3439978932645019,-0.8612776780559217,-0.9828992995765294,-0.739656056535314,-3.9519761248287057,2.229420768716863,-1.1045209210971372,-0.6180344350147062
no_noise_no_delay_no_dropout,fuzzy_relative_reliability,success_rate_auc,2,0.0,0.0,0.0,0.0,0.0,0.0,0.0,0.0,0.0
no_noise_no_delay_no_dropout,fuzzy_relative_reliability,seconds_per_1000_steps,2,16.41029874990636,0.20925587753196598,16.41029874990636,16.336315624903364,16.48428187490936,14.53020928328618,18.29038821652654,16.262332499900367,16.558264999912357
no_noise_no_delay_no_dropout,fuzzy_relative_reliability,gradient_updates,2,13.0,0.0,13.0,13.0,13.0,13.0,13.0,13.0,13.0
no_noise_no_delay_no_dropout,fuzzy_relative_reliability,mean_gate,2,0.08970833630291536,0.006118243056911233,0.08970833630291536,0.08754521072567063,0.09187146188016007,0.03473810339386034,0.14467856921197036,0.0853820851484259,0.0940345874574048
no_noise_no_delay_no_dropout,fuzzy_relative_reliability,support_abstention_rate,2,0.0,0.0,0.0,0.0,0.0,0.0,0.0,0.0,0.0
no_noise_no_delay_no_dropout,fuzzy_relative_reliability,global_tabular_error,2,0.017356641,0.0006984645221068842,0.017356641,0.0171096965,0.0176035855,0.011081186249055429,0.02363209575094457,0.016862752,0.01785053
no_noise_no_delay_no_dropout,fuzzy_relative_reliability,global_neural_error,2,0.02468524122077555,0.0039094071063512535,0.02468524122077555,0.023303057083115628,0.026067425358435474,-0.01043938805162459,0.059809870493175696,0.0219208729454557,0.0274496094960954
no_noise_no_delay_no_dropout,fuzzy_relative_reliability,visited_states,2,56.0,1.4142135623730951,56.0,55.5,56.5,43.2937952638253,68.7062047361747,55.0,57.0
no_noise_no_delay_no_dropout,fuzzy_relative_reliability,failure_rate,2,1.0,0.0,1.0,1.0,1.0,1.0,1.0,1.0,1.0
no_noise_no_delay_no_dropout,fuzzy_relative_reliability,collision_rate,2,0.0,0.0,0.0,0.0,0.0,0.0,0.0,0.0,0.0
no_noise_no_delay_no_dropout,fuzzy_relative_reliability,risk_zone_rate,2,0.5,0.7071067811865476,0.5,0.25,0.75,-5.853102368087347,6.853102368087347,0.0,1.0
no_noise_no_delay_no_dropout,fuzzy_relative_reliability,idle_rate,2,0.0,0.0,0.0,0.0,0.0,0.0,0.0,0.0,0.0
no_noise_no_delay_no_dropout,fuzzy_relative_reliability,risk_adjusted_score,2,0.0,0.0,0.0,0.0,0.0,0.0,0.0,0.0,0.0
no_noise_no_delay_no_dropout,fuzzy_relative_reliability,localization_error_mean,2,0.0,0.0,0.0,0.0,0.0,0.0,0.0,0.0,0.0
no_noise_no_delay_no_dropout,fuzzy_relative_reliability,sensor_dropout_rate,2,0.0,0.0,0.0,0.0,0.0,0.0,0.0,0.0,0.0
no_noise_no_delay_no_dropout,fuzzy_relative_reliability,camera_visible_rate,2,1.0,0.0,1.0,1.0,1.0,1.0,1.0,1.0,1.0
no_noise_no_delay_no_dropout,fuzzy_relative_reliability,motor_saturation_rate,2,0.0,0.0,0.0,0.0,0.0,0.0,0.0,0.0,0.0
no_noise_no_delay_no_dropout,fuzzy_relative_reliability,unsupported_state_ratio,2,1.0,0.0,1.0,1.0,1.0,1.0,1.0,1.0,1.0
no_noise_no_delay_no_dropout,fuzzy_relative_reliability,memory_branch_usage_ratio,2,0.0,0.0,0.0,0.0,0.0,0.0,0.0,0.0,0.0
no_noise_no_delay_no_dropout,fuzzy_relative_reliability,neural_branch_usage_ratio,2,1.0,0.0,1.0,1.0,1.0,1.0,1.0,1.0,1.0
no_noise_no_delay_no_dropout,fuzzy_relative_reliability,abstention_ratio,2,0.0,0.0,0.0,0.0,0.0,0.0,0.0,0.0,0.0
no_noise_no_delay_no_dropout,fuzzy_relative_reliability,adaptive_alpha_mean,2,0.0,0.0,0.0,0.0,0.0,0.0,0.0,0.0,0.0
no_noise_no_delay_no_dropout,fuzzy_relative_reliability,adaptive_alpha_iqr,2,0.0,0.0,0.0,0.0,0.0,0.0,0.0,0.0,0.0
no_noise_no_delay_no_dropout,fuzzy_relative_reliability,support_score_mean,2,0.0,0.0,0.0,0.0,0.0,0.0,0.0,0.0,0.0
no_noise_no_delay_no_dropout,fuzzy_relative_reliability,uncertainty_score_mean,2,0.8178980828917737,0.0659083404740323,0.8178980828917737,0.7945959656488037,0.8412002001347437,0.22573513794072653,1.4100610278428207,0.7712938484058337,0.8645023173777138
no_noise_no_delay_no_dropout,fuzzy_relative_reliability,exact_support_coverage,2,0.0,0.0,0.0,0.0,0.0,0.0,0.0,0.0,0.0
no_noise_no_delay_no_dropout,fuzzy_relative_reliability,approximate_support_coverage,2,0.3125,0.15909902576697318,0.3125,0.25625,0.36875,-1.116948032819653,1.741948032819653,0.2,0.425
no_noise_no_delay_no_dropout,fuzzy_relative_reliability,fuzzy_gate_active_rate,2,0.0,0.0,0.0,0.0,0.0,0.0,0.0,0.0,0.0
no_noise_no_delay_no_dropout,fuzzy_relative_reliability,neural_only_fallback_rate,2,1.0,0.0,1.0,1.0,1.0,1.0,1.0,1.0,1.0
no_noise_no_delay_no_dropout,fuzzy_relative_reliability,out_of_fuzzy_support_count,2,20.0,0.0,20.0,20.0,20.0,20.0,20.0,20.0,20.0
no_noise_no_delay_no_dropout,fuzzy_relative_reliability,out_of_fuzzy_support_ratio,2,1.0,0.0,1.0,1.0,1.0,1.0,1.0,1.0,1.0
no_noise_no_delay_no_dropout,fuzzy_relative_reliability,inference_time_us_per_decision_mean,2,2010.79625,107.6693818043229,2010.79625,1972.729375,2048.8631250000003,1043.4252351672576,2978.1672648327426,1934.6625,2086.9300000000003
no_noise_no_delay_no_dropout,fuzzy_relative_reliability,inference_time_us_per_decision_median,2,1955.65,63.179990899018115,1955.65,1933.3125,1977.9875,1388.0003034113947,2523.2996965886055,1910.975,2000.325
no_noise_no_delay_no_dropout,fuzzy_relative_reliability,memory_cost_states,2,56.0,1.4142135623730951,56.0,55.5,56.5,43.2937952638253,68.7062047361747,55.0,57.0
no_noise_no_delay_no_dropout,fuzzy_relative_reliability,memory_cost_entries,2,1512.0,38.18376618407357,1512.0,1498.5,1525.5,1168.9324721232833,1855.0675278767167,1485.0,1539.0
no_noise_no_delay_no_dropout,fuzzy_relative_reliability,memory_cost_bytes_estimated,2,11424.0,288.4995667241114,11424.0,11322.0,11526.0,8831.934233820362,14016.065766179638,11220.0,11628.0
no_noise_no_delay_no_dropout,selected_approximate_support,mean_return,2,-0.6542996775335632,0.7117628733571321,-0.6542996775335632,-0.9059458547073882,-0.40265350035973824,-7.049235374026185,5.740636018959058,-1.1575920318812132,-0.15100732318591326
no_noise_no_delay_no_dropout,selected_approximate_support,success_rate,2,0.0,0.0,0.0,0.0,0.0,0.0,0.0,0.0,0.0
no_noise_no_delay_no_dropout,selected_approximate_support,return_auc,2,-0.8638293991121464,0.3547314636525399,-0.8638293991121464,-0.9892459108366165,-0.7384128873876762,-4.050965149648089,2.3233063514237964,-1.1146624225610866,-0.6129963756632061
no_noise_no_delay_no_dropout,selected_approximate_support,success_rate_auc,2,0.0,0.0,0.0,0.0,0.0,0.0,0.0,0.0,0.0
no_noise_no_delay_no_dropout,selected_approximate_support,seconds_per_1000_steps,2,15.82159812514874,0.654481242836287,15.82159812514874,15.59020406266427,16.05299218763321,9.941317459823013,21.701878790474467,15.358810000179801,16.284386250117677
no_noise_no_delay_no_dropout,selected_approximate_support,gradient_updates,2,13.0,0.0,13.0,13.0,13.0,13.0,13.0,13.0,13.0
no_noise_no_delay_no_dropout,selected_approximate_support,mean_gate,2,0.6954980865583567,0.000888007120260589,0.6954980865583567,0.6951841286301175,0.6958120444865957,0.6875196591288542,0.7034765139878592,0.6948701707018784,0.6961260024148348
no_noise_no_delay_no_dropout,selected_approximate_support,support_abstention_rate,2,0.0,0.0,0.0,0.0,0.0,0.0,0.0,0.0,0.0
no_noise_no_delay_no_dropout,selected_approximate_support,global_tabular_error,2,1.0,0.0,1.0,1.0,1.0,1.0,1.0,1.0,1.0
no_noise_no_delay_no_dropout,selected_approximate_support,global_neural_error,2,1.0,0.0,1.0,1.0,1.0,1.0,1.0,1.0,1.0
no_noise_no_delay_no_dropout,selected_approximate_support,visited_states,2,59.0,2.8284271247461903,59.0,58.0,60.0,33.58759052765061,84.4124094723494,57.0,61.0
no_noise_no_delay_no_dropout,selected_approximate_support,failure_rate,2,1.0,0.0,1.0,1.0,1.0,1.0,1.0,1.0,1.0
no_noise_no_delay_no_dropout,selected_approximate_support,collision_rate,2,0.0,0.0,0.0,0.0,0.0,0.0,0.0,0.0,0.0
no_noise_no_delay_no_dropout,selected_approximate_support,risk_zone_rate,2,0.5,0.7071067811865476,0.5,0.25,0.75,-5.853102368087347,6.853102368087347,0.0,1.0
no_noise_no_delay_no_dropout,selected_approximate_support,idle_rate,2,0.0,0.0,0.0,0.0,0.0,0.0,0.0,0.0,0.0
no_noise_no_delay_no_dropout,selected_approximate_support,risk_adjusted_score,2,0.0,0.0,0.0,0.0,0.0,0.0,0.0,0.0,0.0
no_noise_no_delay_no_dropout,selected_approximate_support,localization_error_mean,2,0.0,0.0,0.0,0.0,0.0,0.0,0.0,0.0,0.0
no_noise_no_delay_no_dropout,selected_approximate_support,sensor_dropout_rate,2,0.0,0.0,0.0,0.0,0.0,0.0,0.0,0.0,0.0
no_noise_no_delay_no_dropout,selected_approximate_support,camera_visible_rate,2,1.0,0.0,1.0,1.0,1.0,1.0,1.0,1.0,1.0
no_noise_no_delay_no_dropout,selected_approximate_support,motor_saturation_rate,2,0.0,0.0,0.0,0.0,0.0,0.0,0.0,0.0,0.0
no_noise_no_delay_no_dropout,selected_approximate_support,unsupported_state_ratio,2,1.0,0.0,1.0,1.0,1.0,1.0,1.0,1.0,1.0
no_noise_no_delay_no_dropout,selected_approximate_support,memory_branch_usage_ratio,2,0.5488726969966217,0.18135639478536386,0.5488726969966217,0.48475352871448396,0.6129918652787594,-1.080549862415539,2.1782952564087825,0.42063436043234625,0.6771110335608971
no_noise_no_delay_no_dropout,selected_approximate_support,neural_branch_usage_ratio,2,0.4511273030033783,0.18135639478536378,0.4511273030033783,0.3870081347212406,0.5152464712855159,-1.1782952564087819,2.0805498624155385,0.3228889664391029,0.5793656395676536
no_noise_no_delay_no_dropout,selected_approximate_support,abstention_ratio,2,0.0,0.0,0.0,0.0,0.0,0.0,0.0,0.0,0.0
no_noise_no_delay_no_dropout,selected_approximate_support,support_score_mean,2,0.5488726969966217,0.18135639478536386,0.5488726969966217,0.48475352871448396,0.6129918652787594,-1.080549862415539,2.1782952564087825,0.42063436043234625,0.6771110335608971
no_noise_no_delay_no_dropout,selected_approximate_support,exact_support_coverage,2,0.0,0.0,0.0,0.0,0.0,0.0,0.0,0.0,0.0
no_noise_no_delay_no_dropout,selected_approximate_support,approximate_support_coverage,2,1.0,0.0,1.0,1.0,1.0,1.0,1.0,1.0,1.0
no_noise_no_delay_no_dropout,selected_approximate_support,neural_only_fallback_rate,2,0.0,0.0,0.0,0.0,0.0,0.0,0.0,0.0,0.0
no_noise_no_delay_no_dropout,selected_approximate_support,inference_time_us_per_decision_mean,2,1907.5412500000002,21.82308303436995,1907.5412500000002,1899.8256250000002,1915.2568750000003,1711.4686281649033,2103.613871835097,1892.1100000000001,1922.9725000000003
no_noise_no_delay_no_dropout,selected_approximate_support,inference_time_us_per_decision_median,2,1827.0375,72.70825477550662,1827.0375,1801.33125,1852.7437499999999,1173.7797490014195,2480.2952509985803,1775.625,1878.4499999999998
no_noise_no_delay_no_dropout,selected_approximate_support,memory_cost_states,2,59.0,2.8284271247461903,59.0,58.0,60.0,33.58759052765061,84.4124094723494,57.0,61.0
no_noise_no_delay_no_dropout,selected_approximate_support,memory_cost_entries,2,1593.0,76.36753236814714,1593.0,1566.0,1620.0,906.8649442465666,2279.1350557534333,1539.0,1647.0
no_noise_no_delay_no_dropout,selected_approximate_support,memory_cost_bytes_estimated,2,12036.0,576.9991334482228,12036.0,11832.0,12240.0,6851.868467640726,17220.131532359275,11628.0,12444.0
no_noise_no_delay_no_dropout,sensorized_controller,mean_return,2,-0.6077008907217533,0.4897147195437501,-0.6077008907217533,-0.7808411902398802,-0.4345605912036262,-5.007613078241614,3.7922112967981074,-0.9539814897580072,-0.26142029168549924
no_noise_no_delay_no_dropout,sensorized_controller,success_rate,2,0.0,0.0,0.0,0.0,0.0,0.0,0.0,0.0,0.0
no_noise_no_delay_no_dropout,sensorized_controller,return_auc,2,-0.7734213422017637,0.24406204388864783,-0.7734213422017637,-0.8597103053337196,-0.6871323790698078,-2.966231806255485,1.4193891218519576,-0.9459992684656754,-0.6008434159378521
no_noise_no_delay_no_dropout,sensorized_controller,success_rate_auc,2,0.0,0.0,0.0,0.0,0.0,0.0,0.0,0.0,0.0
no_noise_no_delay_no_dropout,sensorized_controller,seconds_per_1000_steps,2,12.617977500303823,0.8286054038519584,12.617977500303823,12.325021250308053,12.910933750299591,5.173253317927394,20.062701682680252,12.032065000312285,13.20389000029536
no_noise_no_delay_no_dropout,sensorized_controller,gradient_updates,2,0.0,0.0,0.0,0.0,0.0,0.0,0.0,0.0,0.0
no_noise_no_delay_no_dropout,sensorized_controller,failure_rate,2,1.0,0.0,1.0,1.0,1.0,1.0,1.0,1.0,1.0
no_noise_no_delay_no_dropout,sensorized_controller,collision_rate,2,0.0,0.0,0.0,0.0,0.0,0.0,0.0,0.0,0.0
no_noise_no_delay_no_dropout,sensorized_controller,risk_zone_rate,2,0.575,0.6010407640085653,0.575,0.3625,0.7875,-4.825137012874244,5.975137012874244,0.15,1.0
no_noise_no_delay_no_dropout,sensorized_controller,idle_rate,2,0.2375,0.017677669529663684,0.2375,0.23125,0.24375,0.07867244079781635,0.39632755920218365,0.225,0.25
no_noise_no_delay_no_dropout,sensorized_controller,risk_adjusted_score,2,-0.011875,0.0008838834764831852,-0.011875,-0.0121875,-0.0115625,-0.01981637796010919,-0.003933622039890809,-0.0125,-0.01125
no_noise_no_delay_no_dropout,sensorized_controller,localization_error_mean,2,0.0,0.0,0.0,0.0,0.0,0.0,0.0,0.0,0.0
no_noise_no_delay_no_dropout,sensorized_controller,sensor_dropout_rate,2,0.0,0.0,0.0,0.0,0.0,0.0,0.0,0.0,0.0
no_noise_no_delay_no_dropout,sensorized_controller,camera_visible_rate,2,1.0,0.0,1.0,1.0,1.0,1.0,1.0,1.0,1.0
no_noise_no_delay_no_dropout,sensorized_controller,motor_saturation_rate,2,0.0,0.0,0.0,0.0,0.0,0.0,0.0,0.0,0.0
no_noise_no_delay_no_dropout,sensorized_controller,unsupported_state_ratio,2,1.0,0.0,1.0,1.0,1.0,1.0,1.0,1.0,1.0
no_noise_no_delay_no_dropout,sensorized_controller,memory_branch_usage_ratio,2,0.0,0.0,0.0,0.0,0.0,0.0,0.0,0.0,0.0
no_noise_no_delay_no_dropout,sensorized_controller,neural_branch_usage_ratio,2,0.0,0.0,0.0,0.0,0.0,0.0,0.0,0.0,0.0
no_noise_no_delay_no_dropout,sensorized_controller,abstention_ratio,2,0.0,0.0,0.0,0.0,0.0,0.0,0.0,0.0,0.0
no_noise_no_delay_no_dropout,sensorized_controller,support_score_mean,2,0.0,0.0,0.0,0.0,0.0,0.0,0.0,0.0,0.0
no_noise_no_delay_no_dropout,sensorized_controller,exact_support_coverage,2,0.0,0.0,0.0,0.0,0.0,0.0,0.0,0.0,0.0
no_noise_no_delay_no_dropout,sensorized_controller,approximate_support_coverage,2,0.0,0.0,0.0,0.0,0.0,0.0,0.0,0.0,0.0
no_noise_no_delay_no_dropout,sensorized_controller,neural_only_fallback_rate,2,0.0,0.0,0.0,0.0,0.0,0.0,0.0,0.0,0.0
no_noise_no_delay_no_dropout,sensorized_controller,inference_time_us_per_decision_mean,2,462.8325,24.550747442796947,462.8325,454.1525,471.5125,242.25278578000717,683.4122142199928,445.47249999999997,480.1925
no_noise_no_delay_no_dropout,sensorized_controller,inference_time_us_per_decision_median,2,425.8625,1.9622213177926533,425.8625,425.16875000000005,426.55625,408.23264092855777,443.49235907144225,424.475,427.25
no_noise_no_delay_no_dropout,sensorized_controller,memory_cost_states,2,0.0,0.0,0.0,0.0,0.0,0.0,0.0,0.0,0.0
no_noise_no_delay_no_dropout,sensorized_controller,memory_cost_entries,2,0.0,0.0,0.0,0.0,0.0,0.0,0.0,0.0,0.0
no_noise_no_delay_no_dropout,sensorized_controller,memory_cost_bytes_estimated,2,0.0,0.0,0.0,0.0,0.0,0.0,0.0,0.0,0.0
noise_only,dqn,mean_return,2,-0.6804366680880776,0.6719756787918191,-0.6804366680880776,-0.9180159477211418,-0.44285738845501327,-6.717898604269304,5.357025268093149,-1.155595227354206,-0.205278108821949
noise_only,dqn,success_rate,2,0.0,0.0,0.0,0.0,0.0,0.0,0.0,0.0,0.0
noise_only,dqn,return_auc,2,-0.8807448491404648,0.3324408749946574,-0.8807448491404648,-0.9982804476666206,-0.763209250614309,-3.8676076064648015,2.1061179081838715,-1.1158160461927764,-0.6456736520881532
noise_only,dqn,success_rate_auc,2,0.0,0.0,0.0,0.0,0.0,0.0,0.0,0.0,0.0
noise_only,dqn,seconds_per_1000_steps,2,10.32262874978187,0.3936781646305059,10.32262874978187,10.183442499874218,10.461814999689523,6.785570774207856,13.859686725355886,10.044256249966566,10.601001249597175
noise_only,dqn,gradient_updates,2,13.0,0.0,13.0,13.0,13.0,13.0,13.0,13.0,13.0
noise_only,dqn,failure_rate,2,1.0,0.0,1.0,1.0,1.0,1.0,1.0,1.0,1.0
noise_only,dqn,collision_rate,2,0.0,0.0,0.0,0.0,0.0,0.0,0.0,0.0,0.0
noise_only,dqn,risk_zone_rate,2,0.55,0.6363961030678927,0.55,0.325,0.775,-5.167792131278612,6.267792131278612,0.1,1.0
noise_only,dqn,idle_rate,2,0.0,0.0,0.0,0.0,0.0,0.0,0.0,0.0,0.0
noise_only,dqn,risk_adjusted_score,2,0.0,0.0,0.0,0.0,0.0,0.0,0.0,0.0,0.0
noise_only,dqn,localization_error_mean,2,0.03091273208847265,0.0016567792300461372,0.03091273208847265,0.030326972174225326,0.03149849200271998,0.01602716129513136,0.04579830288181394,0.029741212259978,0.0320842519169673
noise_only,dqn,sensor_dropout_rate,2,0.0,0.0,0.0,0.0,0.0,0.0,0.0,0.0,0.0
noise_only,dqn,camera_visible_rate,2,1.0,0.0,1.0,1.0,1.0,1.0,1.0,1.0,1.0
noise_only,dqn,motor_saturation_rate,2,0.0,0.0,0.0,0.0,0.0,0.0,0.0,0.0,0.0
noise_only,dqn,unsupported_state_ratio,2,1.0,0.0,1.0,1.0,1.0,1.0,1.0,1.0,1.0
noise_only,dqn,memory_branch_usage_ratio,2,0.0,0.0,0.0,0.0,0.0,0.0,0.0,0.0,0.0
noise_only,dqn,neural_branch_usage_ratio,2,1.0,0.0,1.0,1.0,1.0,1.0,1.0,1.0,1.0
noise_only,dqn,abstention_ratio,2,0.0,0.0,0.0,0.0,0.0,0.0,0.0,0.0,0.0
noise_only,dqn,support_score_mean,2,0.0,0.0,0.0,0.0,0.0,0.0,0.0,0.0,0.0
noise_only,dqn,exact_support_coverage,2,0.0,0.0,0.0,0.0,0.0,0.0,0.0,0.0,0.0
noise_only,dqn,approximate_support_coverage,2,0.0,0.0,0.0,0.0,0.0,0.0,0.0,0.0,0.0
noise_only,dqn,neural_only_fallback_rate,2,1.0,0.0,1.0,1.0,1.0,1.0,1.0,1.0,1.0
noise_only,dqn,inference_time_us_per_decision_mean,2,1119.91,11.189964812277307,1119.91,1115.9537500000001,1123.86625,1019.3721550250161,1220.447844974984,1111.9975,1127.8225000000002
noise_only,dqn,inference_time_us_per_decision_median,2,1068.6625,9.775751249903891,1068.6625,1065.20625,1072.1187499999999,980.8308597611936,1156.4941402388063,1061.75,1075.5749999999998
noise_only,dqn,memory_cost_states,2,0.0,0.0,0.0,0.0,0.0,0.0,0.0,0.0,0.0
noise_only,dqn,memory_cost_entries,2,0.0,0.0,0.0,0.0,0.0,0.0,0.0,0.0,0.0
noise_only,dqn,memory_cost_bytes_estimated,2,0.0,0.0,0.0,0.0,0.0,0.0,0.0,0.0,0.0
noise_only,fuzzy_relative_reliability,mean_return,2,-0.6804366680880776,0.6719756787918191,-0.6804366680880776,-0.9180159477211418,-0.44285738845501327,-6.717898604269304,5.357025268093149,-1.155595227354206,-0.205278108821949
noise_only,fuzzy_relative_reliability,success_rate,2,0.0,0.0,0.0,0.0,0.0,0.0,0.0,0.0,0.0
noise_only,fuzzy_relative_reliability,return_auc,2,-0.8807448491404648,0.3324408749946574,-0.8807448491404648,-0.9982804476666206,-0.763209250614309,-3.8676076064648015,2.1061179081838715,-1.1158160461927764,-0.6456736520881532
noise_only,fuzzy_relative_reliability,success_rate_auc,2,0.0,0.0,0.0,0.0,0.0,0.0,0.0,0.0,0.0
noise_only,fuzzy_relative_reliability,seconds_per_1000_steps,2,11.929291249543894,0.001636952315297739,11.929291249543894,11.92871249950258,11.929869999585206,11.91458381651191,11.943998682575879,11.928133749461267,11.93044874962652
noise_only,fuzzy_relative_reliability,gradient_updates,2,13.0,0.0,13.0,13.0,13.0,13.0,13.0,13.0,13.0
noise_only,fuzzy_relative_reliability,mean_gate,2,0.0,0.0,0.0,0.0,0.0,0.0,0.0,0.0,0.0
noise_only,fuzzy_relative_reliability,support_abstention_rate,2,0.0,0.0,0.0,0.0,0.0,0.0,0.0,0.0,0.0
noise_only,fuzzy_relative_reliability,global_tabular_error,2,0.017220572500000003,0.00041170797359839877,0.017220572500000003,0.01707501175,0.017366133250000002,0.013521523117897723,0.020919621882102283,0.016929451,0.017511694
noise_only,fuzzy_relative_reliability,global_neural_error,2,0.02456998914936765,0.0034383116191501234,0.02456998914936765,0.023354362418500873,0.025785615880234425,-0.006322015100952306,0.055461993399687604,0.0221387356876341,0.0270012426111012
noise_only,fuzzy_relative_reliability,visited_states,2,80.0,0.0,80.0,80.0,80.0,80.0,80.0,80.0,80.0
noise_only,fuzzy_relative_reliability,failure_rate,2,1.0,0.0,1.0,1.0,1.0,1.0,1.0,1.0,1.0
noise_only,fuzzy_relative_reliability,collision_rate,2,0.0,0.0,0.0,0.0,0.0,0.0,0.0,0.0,0.0
noise_only,fuzzy_relative_reliability,risk_zone_rate,2,0.55,0.6363961030678927,0.55,0.325,0.775,-5.167792131278612,6.267792131278612,0.1,1.0
noise_only,fuzzy_relative_reliability,idle_rate,2,0.0,0.0,0.0,0.0,0.0,0.0,0.0,0.0,0.0
noise_only,fuzzy_relative_reliability,risk_adjusted_score,2,0.0,0.0,0.0,0.0,0.0,0.0,0.0,0.0,0.0
noise_only,fuzzy_relative_reliability,localization_error_mean,2,0.03091273208847265,0.0016567792300461372,0.03091273208847265,0.030326972174225326,0.03149849200271998,0.01602716129513136,0.04579830288181394,0.029741212259978,0.0320842519169673
noise_only,fuzzy_relative_reliability,sensor_dropout_rate,2,0.0,0.0,0.0,0.0,0.0,0.0,0.0,0.0,0.0
noise_only,fuzzy_relative_reliability,camera_visible_rate,2,1.0,0.0,1.0,1.0,1.0,1.0,1.0,1.0,1.0
noise_only,fuzzy_relative_reliability,motor_saturation_rate,2,0.0,0.0,0.0,0.0,0.0,0.0,0.0,0.0,0.0
noise_only,fuzzy_relative_reliability,unsupported_state_ratio,2,1.0,0.0,1.0,1.0,1.0,1.0,1.0,1.0,1.0
noise_only,fuzzy_relative_reliability,memory_branch_usage_ratio,2,0.0,0.0,0.0,0.0,0.0,0.0,0.0,0.0,0.0
noise_only,fuzzy_relative_reliability,neural_branch_usage_ratio,2,1.0,0.0,1.0,1.0,1.0,1.0,1.0,1.0,1.0
noise_only,fuzzy_relative_reliability,abstention_ratio,2,0.0,0.0,0.0,0.0,0.0,0.0,0.0,0.0,0.0
noise_only,fuzzy_relative_reliability,adaptive_alpha_mean,2,0.0,0.0,0.0,0.0,0.0,0.0,0.0,0.0,0.0
noise_only,fuzzy_relative_reliability,adaptive_alpha_iqr,2,0.0,0.0,0.0,0.0,0.0,0.0,0.0,0.0,0.0
noise_only,fuzzy_relative_reliability,support_score_mean,2,0.0,0.0,0.0,0.0,0.0,0.0,0.0,0.0,0.0
noise_only,fuzzy_relative_reliability,uncertainty_score_mean,2,0.8029818373571669,0.030825161268549443,0.8029818373571669,0.7920834970750867,0.8138801776392469,0.5260287515399473,1.0799349231743864,0.7811851567930066,0.8247785179213271
noise_only,fuzzy_relative_reliability,exact_support_coverage,2,0.0,0.0,0.0,0.0,0.0,0.0,0.0,0.0,0.0
noise_only,fuzzy_relative_reliability,approximate_support_coverage,2,0.0,0.0,0.0,0.0,0.0,0.0,0.0,0.0,0.0
noise_only,fuzzy_relative_reliability,fuzzy_gate_active_rate,2,0.0,0.0,0.0,0.0,0.0,0.0,0.0,0.0,0.0
noise_only,fuzzy_relative_reliability,neural_only_fallback_rate,2,1.0,0.0,1.0,1.0,1.0,1.0,1.0,1.0,1.0
noise_only,fuzzy_relative_reliability,out_of_fuzzy_support_count,2,20.0,0.0,20.0,20.0,20.0,20.0,20.0,20.0,20.0
noise_only,fuzzy_relative_reliability,out_of_fuzzy_support_ratio,2,1.0,0.0,1.0,1.0,1.0,1.0,1.0,1.0,1.0
noise_only,fuzzy_relative_reliability,inference_time_us_per_decision_mean,2,1833.28375,1.5821514229051894,1833.28375,1832.7243749999998,1833.843125,1819.068683451402,1847.4988165485981,1832.1649999999997,1834.4025000000001
noise_only,fuzzy_relative_reliability,inference_time_us_per_decision_median,2,1826.5125,7.9726289578783875,1826.5125,1823.69375,1829.3312500000002,1754.8812707998147,1898.1437292001854,1820.875,1832.15
noise_only,fuzzy_relative_reliability,memory_cost_states,2,80.0,0.0,80.0,80.0,80.0,80.0,80.0,80.0,80.0
noise_only,fuzzy_relative_reliability,memory_cost_entries,2,2160.0,0.0,2160.0,2160.0,2160.0,2160.0,2160.0,2160.0,2160.0
noise_only,fuzzy_relative_reliability,memory_cost_bytes_estimated,2,16320.0,0.0,16320.0,16320.0,16320.0,16320.0,16320.0,16320.0,16320.0
noise_only,selected_approximate_support,mean_return,2,-0.680389484045445,0.6720424071048376,-0.680389484045445,-0.9179923556998255,-0.4427866123910644,-6.718450950332642,5.357671982241751,-1.155595227354206,-0.20518374073668386
noise_only,selected_approximate_support,success_rate,2,0.0,0.0,0.0,0.0,0.0,0.0,0.0,0.0,0.0
noise_only,selected_approximate_support,return_auc,2,-0.8782196813859628,0.3440906804302439,-0.8782196813859628,-0.9998741081236222,-0.7565652546483035,-3.969751787767292,2.213312424995366,-1.1215285348612816,-0.6349108279106441
noise_only,selected_approximate_support,success_rate_auc,2,0.0,0.0,0.0,0.0,0.0,0.0,0.0,0.0,0.0
noise_only,selected_approximate_support,seconds_per_1000_steps,2,12.521873124933336,0.4227163888794632,12.521873124933336,12.372420312385657,12.671325937481015,8.72391705567744,16.319829194189232,12.222967499837978,12.820778750028694
noise_only,selected_approximate_support,gradient_updates,2,13.0,0.0,13.0,13.0,13.0,13.0,13.0,13.0,13.0
noise_only,selected_approximate_support,mean_gate,2,0.6627600224197436,0.011182323421398698,0.6627600224197436,0.6588064740593975,0.6667135707800896,0.5622908326178934,0.7632292122215939,0.6548529256990514,0.6706671191404358
noise_only,selected_approximate_support,support_abstention_rate,2,0.0,0.0,0.0,0.0,0.0,0.0,0.0,0.0,0.0
noise_only,selected_approximate_support,global_tabular_error,2,1.0,0.0,1.0,1.0,1.0,1.0,1.0,1.0,1.0
noise_only,selected_approximate_support,global_neural_error,2,1.0,0.0,1.0,1.0,1.0,1.0,1.0,1.0,1.0
noise_only,selected_approximate_support,visited_states,2,80.0,0.0,80.0,80.0,80.0,80.0,80.0,80.0,80.0
noise_only,selected_approximate_support,failure_rate,2,1.0,0.0,1.0,1.0,1.0,1.0,1.0,1.0,1.0
noise_only,selected_approximate_support,collision_rate,2,0.0,0.0,0.0,0.0,0.0,0.0,0.0,0.0,0.0
noise_only,selected_approximate_support,risk_zone_rate,2,0.55,0.6363961030678927,0.55,0.325,0.775,-5.167792131278612,6.267792131278612,0.1,1.0
noise_only,selected_approximate_support,idle_rate,2,0.0,0.0,0.0,0.0,0.0,0.0,0.0,0.0,0.0
noise_only,selected_approximate_support,risk_adjusted_score,2,0.0,0.0,0.0,0.0,0.0,0.0,0.0,0.0,0.0
noise_only,selected_approximate_support,localization_error_mean,2,0.03091273208847265,0.0016567792300461372,0.03091273208847265,0.030326972174225326,0.03149849200271998,0.01602716129513136,0.04579830288181394,0.029741212259978,0.0320842519169673
noise_only,selected_approximate_support,sensor_dropout_rate,2,0.0,0.0,0.0,0.0,0.0,0.0,0.0,0.0,0.0
noise_only,selected_approximate_support,camera_visible_rate,2,1.0,0.0,1.0,1.0,1.0,1.0,1.0,1.0,1.0
noise_only,selected_approximate_support,motor_saturation_rate,2,0.0,0.0,0.0,0.0,0.0,0.0,0.0,0.0,0.0
noise_only,selected_approximate_support,unsupported_state_ratio,2,1.0,0.0,1.0,1.0,1.0,1.0,1.0,1.0,1.0
noise_only,selected_approximate_support,memory_branch_usage_ratio,2,0.5385618071883038,0.1841575638044639,0.5385618071883038,0.4734522761018384,0.6036713382747692,-1.1160282573336155,2.1931518717102234,0.40834274501537304,0.6687808693612345
noise_only,selected_approximate_support,neural_branch_usage_ratio,2,0.46143819281169624,0.1841575638044639,0.46143819281169624,0.39632866172523085,0.5265477238981616,-1.1931518717102232,2.1160282573336158,0.3312191306387655,0.591657254984627
noise_only,selected_approximate_support,abstention_ratio,2,0.0,0.0,0.0,0.0,0.0,0.0,0.0,0.0,0.0
noise_only,selected_approximate_support,support_score_mean,2,0.5385618071883038,0.1841575638044639,0.5385618071883038,0.4734522761018384,0.6036713382747692,-1.1160282573336155,2.1931518717102234,0.40834274501537304,0.6687808693612345
noise_only,selected_approximate_support,exact_support_coverage,2,0.0,0.0,0.0,0.0,0.0,0.0,0.0,0.0,0.0
noise_only,selected_approximate_support,approximate_support_coverage,2,1.0,0.0,1.0,1.0,1.0,1.0,1.0,1.0,1.0
noise_only,selected_approximate_support,neural_only_fallback_rate,2,0.0,0.0,0.0,0.0,0.0,0.0,0.0,0.0,0.0
noise_only,selected_approximate_support,inference_time_us_per_decision_mean,2,2094.79,89.22273365011877,2094.79,2063.245,2126.335,1293.1555431947368,2896.424456805263,2031.6999999999998,2157.88
noise_only,selected_approximate_support,inference_time_us_per_decision_median,2,1972.0125,15.29118414315909,1972.0125,1966.60625,1977.41875,1834.6266612901113,2109.398338709889,1961.2,1982.825
noise_only,selected_approximate_support,memory_cost_states,2,80.0,0.0,80.0,80.0,80.0,80.0,80.0,80.0,80.0
noise_only,selected_approximate_support,memory_cost_entries,2,2160.0,0.0,2160.0,2160.0,2160.0,2160.0,2160.0,2160.0,2160.0
noise_only,selected_approximate_support,memory_cost_bytes_estimated,2,16320.0,0.0,16320.0,16320.0,16320.0,16320.0,16320.0,16320.0,16320.0
noise_only,sensorized_controller,mean_return,2,-0.6040608090668684,0.45304365541373837,-0.6040608090668684,-0.7642359295251664,-0.4438856886085705,-4.674496557436024,3.4663749393022876,-0.9244110499834644,-0.2837105681502725
noise_only,sensorized_controller,success_rate,2,0.0,0.0,0.0,0.0,0.0,0.0,0.0,0.0,0.0
noise_only,sensorized_controller,return_auc,2,-0.7681238459286397,0.2295851554170798,-0.7681238459286397,-0.8492944560562319,-0.6869532358010474,-2.8308646276114446,1.2946169357541653,-0.9304650661838242,-0.6057826256734551
noise_only,sensorized_controller,success_rate_auc,2,0.0,0.0,0.0,0.0,0.0,0.0,0.0,0.0,0.0
noise_only,sensorized_controller,seconds_per_1000_steps,2,9.259933125213138,0.18864459871821493,9.259933125213138,9.193237187719205,9.32662906270707,7.565028651475107,10.954837598951169,9.126541250225273,9.393325000201003
noise_only,sensorized_controller,gradient_updates,2,0.0,0.0,0.0,0.0,0.0,0.0,0.0,0.0,0.0
noise_only,sensorized_controller,failure_rate,2,1.0,0.0,1.0,1.0,1.0,1.0,1.0,1.0,1.0
noise_only,sensorized_controller,collision_rate,2,0.0,0.0,0.0,0.0,0.0,0.0,0.0,0.0,0.0
noise_only,sensorized_controller,risk_zone_rate,2,0.6,0.565685424949238,0.6,0.4,0.8,-4.482481894469878,5.682481894469877,0.2,1.0
noise_only,sensorized_controller,idle_rate,2,0.16249999999999998,0.08838834764831842,0.16249999999999998,0.13125,0.19374999999999998,-0.6316377960109182,0.9566377960109181,0.1,0.22499999999999998
noise_only,sensorized_controller,risk_adjusted_score,2,-0.008125,0.004419417382415922,-0.008125,-0.0096875,-0.0065625,-0.04783188980054592,0.031581889800545916,-0.01125,-0.005
noise_only,sensorized_controller,localization_error_mean,2,0.030912731669377476,0.0016567800861539957,0.030912731669377476,0.030326971452450315,0.03149849188630464,0.016027153184212252,0.0457983101545427,0.029741211235523153,0.0320842521032318
noise_only,sensorized_controller,sensor_dropout_rate,2,0.0,0.0,0.0,0.0,0.0,0.0,0.0,0.0,0.0
noise_only,sensorized_controller,camera_visible_rate,2,1.0,0.0,1.0,1.0,1.0,1.0,1.0,1.0,1.0
noise_only,sensorized_controller,motor_saturation_rate,2,0.0,0.0,0.0,0.0,0.0,0.0,0.0,0.0,0.0
noise_only,sensorized_controller,unsupported_state_ratio,2,1.0,0.0,1.0,1.0,1.0,1.0,1.0,1.0,1.0
noise_only,sensorized_controller,memory_branch_usage_ratio,2,0.0,0.0,0.0,0.0,0.0,0.0,0.0,0.0,0.0
noise_only,sensorized_controller,neural_branch_usage_ratio,2,0.0,0.0,0.0,0.0,0.0,0.0,0.0,0.0,0.0
noise_only,sensorized_controller,abstention_ratio,2,0.0,0.0,0.0,0.0,0.0,0.0,0.0,0.0,0.0
noise_only,sensorized_controller,support_score_mean,2,0.0,0.0,0.0,0.0,0.0,0.0,0.0,0.0,0.0
noise_only,sensorized_controller,exact_support_coverage,2,0.0,0.0,0.0,0.0,0.0,0.0,0.0,0.0,0.0
noise_only,sensorized_controller,approximate_support_coverage,2,0.0,0.0,0.0,0.0,0.0,0.0,0.0,0.0,0.0
noise_only,sensorized_controller,neural_only_fallback_rate,2,0.0,0.0,0.0,0.0,0.0,0.0,0.0,0.0,0.0
noise_only,sensorized_controller,inference_time_us_per_decision_mean,2,398.42,6.339212293337421,398.42,396.17875000000004,400.66125,341.46443727009677,455.37556272990327,393.9375,402.90250000000003
noise_only,sensorized_controller,inference_time_us_per_decision_median,2,370.8625,7.300877515751055,370.8625,368.28125,373.44375,305.2667180494986,436.45828195050143,365.70000000000005,376.025
noise_only,sensorized_controller,memory_cost_states,2,0.0,0.0,0.0,0.0,0.0,0.0,0.0,0.0,0.0
noise_only,sensorized_controller,memory_cost_entries,2,0.0,0.0,0.0,0.0,0.0,0.0,0.0,0.0,0.0
noise_only,sensorized_controller,memory_cost_bytes_estimated,2,0.0,0.0,0.0,0.0,0.0,0.0,0.0,0.0,0.0
range_dropout_only,dqn,mean_return,2,-0.6494100216613152,0.7024287002016706,-0.6494100216613152,-0.897756070267642,-0.4010639730549883,-6.960481499685276,5.661661456362646,-1.1461021188739688,-0.1527179244486615
range_dropout_only,dqn,success_rate,2,0.0,0.0,0.0,0.0,0.0,0.0,0.0,0.0,0.0
range_dropout_only,dqn,return_auc,2,-0.8603183785430157,0.3352501262801997,-0.8603183785430157,-0.9788471973862035,-0.741789559699828,-3.872421257260026,2.151784500173994,-1.0973760162293913,-0.6232607408566402
range_dropout_only,dqn,success_rate_auc,2,0.0,0.0,0.0,0.0,0.0,0.0,0.0,0.0,0.0
range_dropout_only,dqn,seconds_per_1000_steps,2,10.417027499715914,0.09416717765678843,10.417027499715914,10.383734374772757,10.45032062465907,9.570968976046327,11.263086023385501,10.3504412498296,10.483613749602227
range_dropout_only,dqn,gradient_updates,2,13.0,0.0,13.0,13.0,13.0,13.0,13.0,13.0,13.0
range_dropout_only,dqn,failure_rate,2,1.0,0.0,1.0,1.0,1.0,1.0,1.0,1.0,1.0
range_dropout_only,dqn,collision_rate,2,0.0,0.0,0.0,0.0,0.0,0.0,0.0,0.0,0.0
range_dropout_only,dqn,risk_zone_rate,2,0.5,0.7071067811865476,0.5,0.25,0.75,-5.853102368087347,6.853102368087347,0.0,1.0
range_dropout_only,dqn,idle_rate,2,0.0,0.0,0.0,0.0,0.0,0.0,0.0,0.0,0.0
range_dropout_only,dqn,risk_adjusted_score,2,0.0,0.0,0.0,0.0,0.0,0.0,0.0,0.0,0.0
range_dropout_only,dqn,localization_error_mean,2,0.0,0.0,0.0,0.0,0.0,0.0,0.0,0.0,0.0
range_dropout_only,dqn,sensor_dropout_rate,2,0.1375,0.017677669529663684,0.1375,0.13125,0.14375,-0.021327559202183627,0.2963275592021837,0.125,0.15
range_dropout_only,dqn,camera_visible_rate,2,1.0,0.0,1.0,1.0,1.0,1.0,1.0,1.0,1.0
range_dropout_only,dqn,motor_saturation_rate,2,0.0,0.0,0.0,0.0,0.0,0.0,0.0,0.0,0.0
range_dropout_only,dqn,unsupported_state_ratio,2,1.0,0.0,1.0,1.0,1.0,1.0,1.0,1.0,1.0
range_dropout_only,dqn,memory_branch_usage_ratio,2,0.0,0.0,0.0,0.0,0.0,0.0,0.0,0.0,0.0
range_dropout_only,dqn,neural_branch_usage_ratio,2,1.0,0.0,1.0,1.0,1.0,1.0,1.0,1.0,1.0
range_dropout_only,dqn,abstention_ratio,2,0.0,0.0,0.0,0.0,0.0,0.0,0.0,0.0,0.0
range_dropout_only,dqn,support_score_mean,2,0.0,0.0,0.0,0.0,0.0,0.0,0.0,0.0,0.0
range_dropout_only,dqn,exact_support_coverage,2,0.0,0.0,0.0,0.0,0.0,0.0,0.0,0.0,0.0
range_dropout_only,dqn,approximate_support_coverage,2,0.0,0.0,0.0,0.0,0.0,0.0,0.0,0.0,0.0
range_dropout_only,dqn,neural_only_fallback_rate,2,1.0,0.0,1.0,1.0,1.0,1.0,1.0,1.0,1.0
range_dropout_only,dqn,inference_time_us_per_decision_mean,2,972.565,35.348267991515435,972.565,960.0675,985.0625,654.9734126193143,1290.1565873806858,947.57,997.56
range_dropout_only,dqn,inference_time_us_per_decision_median,2,947.425,19.551502499808024,947.425,940.5125,954.3375,771.761719522385,1123.088280477615,933.6,961.25
range_dropout_only,dqn,memory_cost_states,2,0.0,0.0,0.0,0.0,0.0,0.0,0.0,0.0,0.0
range_dropout_only,dqn,memory_cost_entries,2,0.0,0.0,0.0,0.0,0.0,0.0,0.0,0.0,0.0
range_dropout_only,dqn,memory_cost_bytes_estimated,2,0.0,0.0,0.0,0.0,0.0,0.0,0.0,0.0,0.0
range_dropout_only,fuzzy_relative_reliability,mean_return,2,-0.6494100216613152,0.7024287002016706,-0.6494100216613152,-0.897756070267642,-0.4010639730549883,-6.960481499685276,5.661661456362646,-1.1461021188739688,-0.1527179244486615
range_dropout_only,fuzzy_relative_reliability,success_rate,2,0.0,0.0,0.0,0.0,0.0,0.0,0.0,0.0,0.0
range_dropout_only,fuzzy_relative_reliability,return_auc,2,-0.8603183785430157,0.3352501262801997,-0.8603183785430157,-0.9788471973862035,-0.741789559699828,-3.872421257260026,2.151784500173994,-1.0973760162293913,-0.6232607408566402
range_dropout_only,fuzzy_relative_reliability,success_rate_auc,2,0.0,0.0,0.0,0.0,0.0,0.0,0.0,0.0,0.0
range_dropout_only,fuzzy_relative_reliability,seconds_per_1000_steps,2,11.86076812500687,0.2602780510243537,11.86076812500687,11.768745937570202,11.952790312443542,9.522262617324945,14.199273632688797,11.676723750133533,12.04481249988021
range_dropout_only,fuzzy_relative_reliability,gradient_updates,2,13.0,0.0,13.0,13.0,13.0,13.0,13.0,13.0,13.0
range_dropout_only,fuzzy_relative_reliability,mean_gate,2,0.06282187464156344,0.008787713840831804,0.06282187464156344,0.059714948617573926,0.06592880066555297,-0.01613260168035678,0.14177635096348368,0.0566080225935844,0.0690357266895425
range_dropout_only,fuzzy_relative_reliability,support_abstention_rate,2,0.0,0.0,0.0,0.0,0.0,0.0,0.0,0.0,0.0
range_dropout_only,fuzzy_relative_reliability,global_tabular_error,2,0.0173829825,0.000726376148080662,0.0173829825,0.017126169750000003,0.01763979525,0.010856751739279906,0.023909213260720097,0.016869357,0.017896608
range_dropout_only,fuzzy_relative_reliability,global_neural_error,2,0.024711954412692298,0.0038946211184393486,0.024711954412692298,0.0233349979111919,0.0260889109141927,-0.010279828029049531,0.05970373685443413,0.0219580414096915,0.0274658674156931
range_dropout_only,fuzzy_relative_reliability,visited_states,2,63.0,0.0,63.0,63.0,63.0,63.0,63.0,63.0,63.0
range_dropout_only,fuzzy_relative_reliability,failure_rate,2,1.0,0.0,1.0,1.0,1.0,1.0,1.0,1.0,1.0
range_dropout_only,fuzzy_relative_reliability,collision_rate,2,0.0,0.0,0.0,0.0,0.0,0.0,0.0,0.0,0.0
range_dropout_only,fuzzy_relative_reliability,risk_zone_rate,2,0.5,0.7071067811865476,0.5,0.25,0.75,-5.853102368087347,6.853102368087347,0.0,1.0
range_dropout_only,fuzzy_relative_reliability,idle_rate,2,0.0,0.0,0.0,0.0,0.0,0.0,0.0,0.0,0.0
range_dropout_only,fuzzy_relative_reliability,risk_adjusted_score,2,0.0,0.0,0.0,0.0,0.0,0.0,0.0,0.0,0.0
range_dropout_only,fuzzy_relative_reliability,localization_error_mean,2,0.0,0.0,0.0,0.0,0.0,0.0,0.0,0.0,0.0
range_dropout_only,fuzzy_relative_reliability,sensor_dropout_rate,2,0.1375,0.017677669529663684,0.1375,0.13125,0.14375,-0.021327559202183627,0.2963275592021837,0.125,0.15
range_dropout_only,fuzzy_relative_reliability,camera_visible_rate,2,1.0,0.0,1.0,1.0,1.0,1.0,1.0,1.0,1.0
range_dropout_only,fuzzy_relative_reliability,motor_saturation_rate,2,0.0,0.0,0.0,0.0,0.0,0.0,0.0,0.0,0.0
range_dropout_only,fuzzy_relative_reliability,unsupported_state_ratio,2,1.0,0.0,1.0,1.0,1.0,1.0,1.0,1.0,1.0
range_dropout_only,fuzzy_relative_reliability,memory_branch_usage_ratio,2,0.0,0.0,0.0,0.0,0.0,0.0,0.0,0.0,0.0
range_dropout_only,fuzzy_relative_reliability,neural_branch_usage_ratio,2,1.0,0.0,1.0,1.0,1.0,1.0,1.0,1.0,1.0
range_dropout_only,fuzzy_relative_reliability,abstention_ratio,2,0.0,0.0,0.0,0.0,0.0,0.0,0.0,0.0,0.0
range_dropout_only,fuzzy_relative_reliability,adaptive_alpha_mean,2,0.0,0.0,0.0,0.0,0.0,0.0,0.0,0.0,0.0
range_dropout_only,fuzzy_relative_reliability,adaptive_alpha_iqr,2,0.0,0.0,0.0,0.0,0.0,0.0,0.0,0.0,0.0
range_dropout_only,fuzzy_relative_reliability,support_score_mean,2,0.0,0.0,0.0,0.0,0.0,0.0,0.0,0.0,0.0
range_dropout_only,fuzzy_relative_reliability,uncertainty_score_mean,2,0.823446724965417,0.06922459900877212,0.823446724965417,0.7989721332734059,0.8479213166574282,0.20148837921946894,1.4454050707113653,0.7744975415813947,0.8723959083494394
range_dropout_only,fuzzy_relative_reliability,exact_support_coverage,2,0.0,0.0,0.0,0.0,0.0,0.0,0.0,0.0,0.0
range_dropout_only,fuzzy_relative_reliability,approximate_support_coverage,2,0.275,0.10606601717798211,0.275,0.2375,0.3125,-0.6779653552131019,1.2279653552131018,0.2,0.35
range_dropout_only,fuzzy_relative_reliability,fuzzy_gate_active_rate,2,0.0,0.0,0.0,0.0,0.0,0.0,0.0,0.0,0.0
range_dropout_only,fuzzy_relative_reliability,neural_only_fallback_rate,2,1.0,0.0,1.0,1.0,1.0,1.0,1.0,1.0,1.0
range_dropout_only,fuzzy_relative_reliability,out_of_fuzzy_support_count,2,20.0,0.0,20.0,20.0,20.0,20.0,20.0,20.0,20.0
range_dropout_only,fuzzy_relative_reliability,out_of_fuzzy_support_ratio,2,1.0,0.0,1.0,1.0,1.0,1.0,1.0,1.0,1.0
range_dropout_only,fuzzy_relative_reliability,inference_time_us_per_decision_mean,2,1777.21875,22.169565357151207,1777.21875,1769.380625,1785.056875,1578.0331080045416,1976.4043919954584,1761.5425,1792.895
range_dropout_only,fuzzy_relative_reliability,inference_time_us_per_decision_median,2,1704.9875,12.038492949701036,1704.9875,1700.7312499999998,1709.24375,1596.8259321833123,1813.1490678166876,1696.475,1713.5
range_dropout_only,fuzzy_relative_reliability,memory_cost_states,2,63.0,0.0,63.0,63.0,63.0,63.0,63.0,63.0,63.0
range_dropout_only,fuzzy_relative_reliability,memory_cost_entries,2,1701.0,0.0,1701.0,1701.0,1701.0,1701.0,1701.0,1701.0,1701.0
range_dropout_only,fuzzy_relative_reliability,memory_cost_bytes_estimated,2,12852.0,0.0,12852.0,12852.0,12852.0,12852.0,12852.0,12852.0,12852.0
range_dropout_only,selected_approximate_support,mean_return,2,-0.648554721029941,0.7036382779544661,-0.648554721029941,-0.8973284199519549,-0.39978102210792715,-6.9704938239871215,5.673384381927239,-1.1461021188739688,-0.15100732318591326
range_dropout_only,selected_approximate_support,success_rate,2,0.0,0.0,0.0,0.0,0.0,0.0,0.0,0.0,0.0
range_dropout_only,selected_approximate_support,return_auc,2,-0.8584428169578313,0.3448381792654492,-0.8584428169578313,-0.9803615244431421,-0.7365241094725207,-3.9566909339141354,2.2398052999984728,-1.1022802319284528,-0.6146054019872099
range_dropout_only,selected_approximate_support,success_rate_auc,2,0.0,0.0,0.0,0.0,0.0,0.0,0.0,0.0,0.0
range_dropout_only,selected_approximate_support,seconds_per_1000_steps,2,12.468957499913813,0.0795459772424005,12.468957499913813,12.440833749951706,12.497081249875919,11.754265249978802,13.183649749848824,12.4127099999896,12.525204999838024
range_dropout_only,selected_approximate_support,gradient_updates,2,13.0,0.0,13.0,13.0,13.0,13.0,13.0,13.0,13.0
range_dropout_only,selected_approximate_support,mean_gate,2,0.6622885789583477,0.010555428320174923,0.6622885789583477,0.6585566714865856,0.6660204864301098,0.5674518181730088,0.7571253397436866,0.6548247640148235,0.6697523939018719
range_dropout_only,selected_approximate_support,support_abstention_rate,2,0.0,0.0,0.0,0.0,0.0,0.0,0.0,0.0,0.0
range_dropout_only,selected_approximate_support,global_tabular_error,2,1.0,0.0,1.0,1.0,1.0,1.0,1.0,1.0,1.0
range_dropout_only,selected_approximate_support,global_neural_error,2,1.0,0.0,1.0,1.0,1.0,1.0,1.0,1.0,1.0
range_dropout_only,selected_approximate_support,visited_states,2,66.0,4.242640687119285,66.0,64.5,67.5,27.88138579147592,104.11861420852408,63.0,69.0
range_dropout_only,selected_approximate_support,failure_rate,2,1.0,0.0,1.0,1.0,1.0,1.0,1.0,1.0,1.0
range_dropout_only,selected_approximate_support,collision_rate,2,0.0,0.0,0.0,0.0,0.0,0.0,0.0,0.0,0.0
range_dropout_only,selected_approximate_support,risk_zone_rate,2,0.5,0.7071067811865476,0.5,0.25,0.75,-5.853102368087347,6.853102368087347,0.0,1.0
range_dropout_only,selected_approximate_support,idle_rate,2,0.0,0.0,0.0,0.0,0.0,0.0,0.0,0.0,0.0
range_dropout_only,selected_approximate_support,risk_adjusted_score,2,0.0,0.0,0.0,0.0,0.0,0.0,0.0,0.0,0.0
range_dropout_only,selected_approximate_support,localization_error_mean,2,0.0,0.0,0.0,0.0,0.0,0.0,0.0,0.0,0.0
range_dropout_only,selected_approximate_support,sensor_dropout_rate,2,0.1375,0.017677669529663684,0.1375,0.13125,0.14375,-0.021327559202183627,0.2963275592021837,0.125,0.15
range_dropout_only,selected_approximate_support,camera_visible_rate,2,1.0,0.0,1.0,1.0,1.0,1.0,1.0,1.0,1.0
range_dropout_only,selected_approximate_support,motor_saturation_rate,2,0.0,0.0,0.0,0.0,0.0,0.0,0.0,0.0,0.0
range_dropout_only,selected_approximate_support,unsupported_state_ratio,2,1.0,0.0,1.0,1.0,1.0,1.0,1.0,1.0,1.0
range_dropout_only,selected_approximate_support,memory_branch_usage_ratio,2,0.5286965190074157,0.17118716941544662,0.5286965190074157,0.46817271483451933,0.5892203231803119,-1.0093591754585143,2.066752213473346,0.407648910661623,0.6497441273532083
range_dropout_only,selected_approximate_support,neural_branch_usage_ratio,2,0.47130348099258434,0.17118716941544665,0.47130348099258434,0.41077967681968797,0.5318272851654806,-1.0667522134733458,2.0093591754585147,0.35025587264679164,0.592351089338377
range_dropout_only,selected_approximate_support,abstention_ratio,2,0.0,0.0,0.0,0.0,0.0,0.0,0.0,0.0,0.0
range_dropout_only,selected_approximate_support,support_score_mean,2,0.5286965190074157,0.17118716941544662,0.5286965190074157,0.46817271483451933,0.5892203231803119,-1.0093591754585143,2.066752213473346,0.407648910661623,0.6497441273532083
range_dropout_only,selected_approximate_support,exact_support_coverage,2,0.0,0.0,0.0,0.0,0.0,0.0,0.0,0.0,0.0
range_dropout_only,selected_approximate_support,approximate_support_coverage,2,1.0,0.0,1.0,1.0,1.0,1.0,1.0,1.0,1.0
range_dropout_only,selected_approximate_support,neural_only_fallback_rate,2,0.0,0.0,0.0,0.0,0.0,0.0,0.0,0.0,0.0
range_dropout_only,selected_approximate_support,inference_time_us_per_decision_mean,2,2097.4787499999998,238.431103315245,2097.4787499999998,2013.1806249999997,2181.7768749999996,-44.73972025129342,4239.697220251293,1928.8824999999997,2266.075
range_dropout_only,selected_approximate_support,inference_time_us_per_decision_median,2,1921.925,136.01198936123234,1921.925,1873.8375,1970.0124999999998,699.9057594983994,3143.9442405016007,1825.75,2018.1
range_dropout_only,selected_approximate_support,memory_cost_states,2,66.0,4.242640687119285,66.0,64.5,67.5,27.88138579147592,104.11861420852408,63.0,69.0
range_dropout_only,selected_approximate_support,memory_cost_entries,2,1782.0,114.5512985522207,1782.0,1741.5,1822.5,752.7974163698498,2811.20258363015,1701.0,1863.0
range_dropout_only,selected_approximate_support,memory_cost_bytes_estimated,2,13464.0,865.4987001723342,13464.0,13158.0,13770.0,5687.802701461087,21240.197298538915,12852.0,14076.0
range_dropout_only,sensorized_controller,mean_return,2,-0.6078746218327433,0.48946902665038183,-0.6078746218327433,-0.7809280557953753,-0.43482118787011126,-5.005579346287321,3.789830102621834,-0.9539814897580072,-0.2617677539074793
range_dropout_only,sensorized_controller,success_rate,2,0.0,0.0,0.0,0.0,0.0,0.0,0.0,0.0,0.0
range_dropout_only,sensorized_controller,return_auc,2,-0.7735082077572588,0.24393919744196368,-0.7735082077572588,-0.859753738111467,-0.6872626774030505,-2.9652149402783383,1.418198524763821,-0.9459992684656754,-0.6010171470488421
range_dropout_only,sensorized_controller,success_rate_auc,2,0.0,0.0,0.0,0.0,0.0,0.0,0.0,0.0,0.0
range_dropout_only,sensorized_controller,seconds_per_1000_steps,2,8.831364375146222,0.21187305688378202,8.831364375146222,8.7564559375096,8.906272812782845,6.927760484990419,10.734968265302026,8.681547499872977,8.981181250419468
range_dropout_only,sensorized_controller,gradient_updates,2,0.0,0.0,0.0,0.0,0.0,0.0,0.0,0.0,0.0
range_dropout_only,sensorized_controller,failure_rate,2,1.0,0.0,1.0,1.0,1.0,1.0,1.0,1.0,1.0
range_dropout_only,sensorized_controller,collision_rate,2,0.0,0.0,0.0,0.0,0.0,0.0,0.0,0.0,0.0
range_dropout_only,sensorized_controller,risk_zone_rate,2,0.575,0.6010407640085653,0.575,0.3625,0.7875,-4.825137012874244,5.975137012874244,0.15,1.0
range_dropout_only,sensorized_controller,idle_rate,2,0.2375,0.017677669529663684,0.2375,0.23125,0.24375,0.07867244079781635,0.39632755920218365,0.225,0.25
range_dropout_only,sensorized_controller,risk_adjusted_score,2,-0.011875,0.0008838834764831852,-0.011875,-0.0121875,-0.0115625,-0.01981637796010919,-0.003933622039890809,-0.0125,-0.01125
range_dropout_only,sensorized_controller,localization_error_mean,2,0.0,0.0,0.0,0.0,0.0,0.0,0.0,0.0,0.0
range_dropout_only,sensorized_controller,sensor_dropout_rate,2,0.1375,0.017677669529663684,0.1375,0.13125,0.14375,-0.021327559202183627,0.2963275592021837,0.125,0.15
range_dropout_only,sensorized_controller,camera_visible_rate,2,1.0,0.0,1.0,1.0,1.0,1.0,1.0,1.0,1.0
range_dropout_only,sensorized_controller,motor_saturation_rate,2,0.0,0.0,0.0,0.0,0.0,0.0,0.0,0.0,0.0
range_dropout_only,sensorized_controller,unsupported_state_ratio,2,1.0,0.0,1.0,1.0,1.0,1.0,1.0,1.0,1.0
range_dropout_only,sensorized_controller,memory_branch_usage_ratio,2,0.0,0.0,0.0,0.0,0.0,0.0,0.0,0.0,0.0
range_dropout_only,sensorized_controller,neural_branch_usage_ratio,2,0.0,0.0,0.0,0.0,0.0,0.0,0.0,0.0,0.0
range_dropout_only,sensorized_controller,abstention_ratio,2,0.0,0.0,0.0,0.0,0.0,0.0,0.0,0.0,0.0
range_dropout_only,sensorized_controller,support_score_mean,2,0.0,0.0,0.0,0.0,0.0,0.0,0.0,0.0,0.0
range_dropout_only,sensorized_controller,exact_support_coverage,2,0.0,0.0,0.0,0.0,0.0,0.0,0.0,0.0,0.0
range_dropout_only,sensorized_controller,approximate_support_coverage,2,0.0,0.0,0.0,0.0,0.0,0.0,0.0,0.0,0.0
range_dropout_only,sensorized_controller,neural_only_fallback_rate,2,0.0,0.0,0.0,0.0,0.0,0.0,0.0,0.0,0.0
range_dropout_only,sensorized_controller,inference_time_us_per_decision_mean,2,447.80125,35.66823381000234,447.80125,435.190625,460.41187499999995,127.33488379775474,768.2676162022452,422.58000000000004,473.0224999999999
range_dropout_only,sensorized_controller,inference_time_us_per_decision_median,2,393.0125,9.846461928022721,393.0125,389.53125,396.49375,304.54554952438326,481.4794504756167,386.04999999999995,399.975
range_dropout_only,sensorized_controller,memory_cost_states,2,0.0,0.0,0.0,0.0,0.0,0.0,0.0,0.0,0.0
range_dropout_only,sensorized_controller,memory_cost_entries,2,0.0,0.0,0.0,0.0,0.0,0.0,0.0,0.0,0.0
range_dropout_only,sensorized_controller,memory_cost_bytes_estimated,2,0.0,0.0,0.0,0.0,0.0,0.0,0.0,0.0,0.0
visibility_occlusion_only,dqn,mean_return,2,-0.6568159001742606,0.7082043971727077,-0.6568159001742606,-0.9072039660277369,-0.4064278343207843,-7.019779956632384,5.706148156283863,-1.1575920318812132,-0.156039768467308
visibility_occlusion_only,dqn,success_rate,2,0.0,0.0,0.0,0.0,0.0,0.0,0.0,0.0,0.0
visibility_occlusion_only,dqn,return_auc,2,-0.8761123723375204,0.3626284206795684,-0.8761123723375204,-1.0043208799942658,-0.7479038646807749,-4.1341994667495765,2.381974722074536,-1.1325293876510112,-0.6196953570240294
visibility_occlusion_only,dqn,success_rate_auc,2,0.0,0.0,0.0,0.0,0.0,0.0,0.0,0.0,0.0
visibility_occlusion_only,dqn,seconds_per_1000_steps,2,10.354911250033183,0.06895882086260822,10.354911250033183,10.330530625105894,10.379291874960472,9.735340826189137,10.974481673877229,10.306150000178604,10.403672499887762
visibility_occlusion_only,dqn,gradient_updates,2,13.0,0.0,13.0,13.0,13.0,13.0,13.0,13.0,13.0
visibility_occlusion_only,dqn,failure_rate,2,1.0,0.0,1.0,1.0,1.0,1.0,1.0,1.0,1.0
visibility_occlusion_only,dqn,collision_rate,2,0.0,0.0,0.0,0.0,0.0,0.0,0.0,0.0,0.0
visibility_occlusion_only,dqn,risk_zone_rate,2,0.5,0.7071067811865476,0.5,0.25,0.75,-5.853102368087347,6.853102368087347,0.0,1.0
visibility_occlusion_only,dqn,idle_rate,2,0.0,0.0,0.0,0.0,0.0,0.0,0.0,0.0,0.0
visibility_occlusion_only,dqn,risk_adjusted_score,2,0.0,0.0,0.0,0.0,0.0,0.0,0.0,0.0,0.0
visibility_occlusion_only,dqn,localization_error_mean,2,0.0,0.0,0.0,0.0,0.0,0.0,0.0,0.0,0.0
visibility_occlusion_only,dqn,sensor_dropout_rate,2,0.0,0.0,0.0,0.0,0.0,0.0,0.0,0.0,0.0
visibility_occlusion_only,dqn,camera_visible_rate,2,0.38749999999999996,0.44194173824159216,0.38749999999999996,0.23125,0.54375,-3.583188980054591,4.358188980054591,0.075,0.7
visibility_occlusion_only,dqn,motor_saturation_rate,2,0.0,0.0,0.0,0.0,0.0,0.0,0.0,0.0,0.0
visibility_occlusion_only,dqn,unsupported_state_ratio,2,1.0,0.0,1.0,1.0,1.0,1.0,1.0,1.0,1.0
visibility_occlusion_only,dqn,memory_branch_usage_ratio,2,0.0,0.0,0.0,0.0,0.0,0.0,0.0,0.0,0.0
visibility_occlusion_only,dqn,neural_branch_usage_ratio,2,1.0,0.0,1.0,1.0,1.0,1.0,1.0,1.0,1.0
visibility_occlusion_only,dqn,abstention_ratio,2,0.0,0.0,0.0,0.0,0.0,0.0,0.0,0.0,0.0
visibility_occlusion_only,dqn,support_score_mean,2,0.0,0.0,0.0,0.0,0.0,0.0,0.0,0.0,0.0
visibility_occlusion_only,dqn,exact_support_coverage,2,0.0,0.0,0.0,0.0,0.0,0.0,0.0,0.0,0.0
visibility_occlusion_only,dqn,approximate_support_coverage,2,0.0,0.0,0.0,0.0,0.0,0.0,0.0,0.0,0.0
visibility_occlusion_only,dqn,neural_only_fallback_rate,2,1.0,0.0,1.0,1.0,1.0,1.0,1.0,1.0,1.0
visibility_occlusion_only,dqn,inference_time_us_per_decision_mean,2,1127.00625,9.788125618574604,1127.00625,1123.545625,1130.4668749999998,1039.0634304697523,1214.9490695302475,1120.085,1133.9274999999998
visibility_occlusion_only,dqn,inference_time_us_per_decision_median,2,1039.825,40.5172185619893,1039.825,1025.5,1054.15,675.7922343085938,1403.8577656914063,1011.175,1068.4750000000001
visibility_occlusion_only,dqn,memory_cost_states,2,0.0,0.0,0.0,0.0,0.0,0.0,0.0,0.0,0.0
visibility_occlusion_only,dqn,memory_cost_entries,2,0.0,0.0,0.0,0.0,0.0,0.0,0.0,0.0,0.0
visibility_occlusion_only,dqn,memory_cost_bytes_estimated,2,0.0,0.0,0.0,0.0,0.0,0.0,0.0,0.0,0.0
visibility_occlusion_only,fuzzy_relative_reliability,mean_return,2,-0.6568159001742606,0.7082043971727077,-0.6568159001742606,-0.9072039660277369,-0.4064278343207843,-7.019779956632384,5.706148156283863,-1.1575920318812132,-0.156039768467308
visibility_occlusion_only,fuzzy_relative_reliability,success_rate,2,0.0,0.0,0.0,0.0,0.0,0.0,0.0,0.0,0.0
visibility_occlusion_only,fuzzy_relative_reliability,return_auc,2,-0.8761123723375204,0.3626284206795684,-0.8761123723375204,-1.0043208799942658,-0.7479038646807749,-4.1341994667495765,2.381974722074536,-1.1325293876510112,-0.6196953570240294
visibility_occlusion_only,fuzzy_relative_reliability,success_rate_auc,2,0.0,0.0,0.0,0.0,0.0,0.0,0.0,0.0,0.0
visibility_occlusion_only,fuzzy_relative_reliability,seconds_per_1000_steps,2,11.855412500153761,0.2607244122346191,11.855412500153761,11.763232500197773,11.94759250010975,9.512896596111045,14.197928404196478,11.671052500241785,12.039772500065737
visibility_occlusion_only,fuzzy_relative_reliability,gradient_updates,2,13.0,0.0,13.0,13.0,13.0,13.0,13.0,13.0,13.0
visibility_occlusion_only,fuzzy_relative_reliability,mean_gate,2,0.060857293186793546,0.008963461977801393,0.060857293186793546,0.05768823081308797,0.06402635556049913,-0.01967621749722802,0.1413908038708151,0.0545191684393824,0.0671954179342047
visibility_occlusion_only,fuzzy_relative_reliability,support_abstention_rate,2,0.0,0.0,0.0,0.0,0.0,0.0,0.0,0.0,0.0
visibility_occlusion_only,fuzzy_relative_reliability,global_tabular_error,2,0.0173643055,0.0007070226354795871,0.0173643055,0.01711433525,0.01761427575,0.011011959151094448,0.023716651848905552,0.016864365,0.017864246
visibility_occlusion_only,fuzzy_relative_reliability,global_neural_error,2,0.02486591753710525,0.0035986291953488334,0.02486591753710525,0.023593609983601726,0.026138225090608775,-0.007466482987289393,0.05719831806149989,0.0223213024300982,0.0274105326441123
visibility_occlusion_only,fuzzy_relative_reliability,visited_states,2,61.0,1.4142135623730951,61.0,60.5,61.5,48.2937952638253,73.7062047361747,60.0,62.0
visibility_occlusion_only,fuzzy_relative_reliability,failure_rate,2,1.0,0.0,1.0,1.0,1.0,1.0,1.0,1.0,1.0
visibility_occlusion_only,fuzzy_relative_reliability,collision_rate,2,0.0,0.0,0.0,0.0,0.0,0.0,0.0,0.0,0.0
visibility_occlusion_only,fuzzy_relative_reliability,risk_zone_rate,2,0.5,0.7071067811865476,0.5,0.25,0.75,-5.853102368087347,6.853102368087347,0.0,1.0
visibility_occlusion_only,fuzzy_relative_reliability,idle_rate,2,0.0,0.0,0.0,0.0,0.0,0.0,0.0,0.0,0.0
visibility_occlusion_only,fuzzy_relative_reliability,risk_adjusted_score,2,0.0,0.0,0.0,0.0,0.0,0.0,0.0,0.0,0.0
visibility_occlusion_only,fuzzy_relative_reliability,localization_error_mean,2,0.0,0.0,0.0,0.0,0.0,0.0,0.0,0.0,0.0
visibility_occlusion_only,fuzzy_relative_reliability,sensor_dropout_rate,2,0.0,0.0,0.0,0.0,0.0,0.0,0.0,0.0,0.0
visibility_occlusion_only,fuzzy_relative_reliability,camera_visible_rate,2,0.38749999999999996,0.44194173824159216,0.38749999999999996,0.23125,0.54375,-3.583188980054591,4.358188980054591,0.075,0.7
visibility_occlusion_only,fuzzy_relative_reliability,motor_saturation_rate,2,0.0,0.0,0.0,0.0,0.0,0.0,0.0,0.0,0.0
visibility_occlusion_only,fuzzy_relative_reliability,unsupported_state_ratio,2,1.0,0.0,1.0,1.0,1.0,1.0,1.0,1.0,1.0
visibility_occlusion_only,fuzzy_relative_reliability,memory_branch_usage_ratio,2,0.0,0.0,0.0,0.0,0.0,0.0,0.0,0.0,0.0
visibility_occlusion_only,fuzzy_relative_reliability,neural_branch_usage_ratio,2,1.0,0.0,1.0,1.0,1.0,1.0,1.0,1.0,1.0
visibility_occlusion_only,fuzzy_relative_reliability,abstention_ratio,2,0.0,0.0,0.0,0.0,0.0,0.0,0.0,0.0,0.0
visibility_occlusion_only,fuzzy_relative_reliability,adaptive_alpha_mean,2,0.0,0.0,0.0,0.0,0.0,0.0,0.0,0.0,0.0
visibility_occlusion_only,fuzzy_relative_reliability,adaptive_alpha_iqr,2,0.0,0.0,0.0,0.0,0.0,0.0,0.0,0.0,0.0
visibility_occlusion_only,fuzzy_relative_reliability,support_score_mean,2,0.0,0.0,0.0,0.0,0.0,0.0,0.0,0.0,0.0
visibility_occlusion_only,fuzzy_relative_reliability,uncertainty_score_mean,2,0.8435353793220601,0.014562405476801253,0.8435353793220601,0.838386791490543,0.8486839671535772,0.7126973571431912,0.9743734015009291,0.8332382036590258,0.8538325549850944
visibility_occlusion_only,fuzzy_relative_reliability,exact_support_coverage,2,0.0,0.0,0.0,0.0,0.0,0.0,0.0,0.0,0.0
visibility_occlusion_only,fuzzy_relative_reliability,approximate_support_coverage,2,0.3125,0.15909902576697318,0.3125,0.25625,0.36875,-1.116948032819653,1.741948032819653,0.2,0.425
visibility_occlusion_only,fuzzy_relative_reliability,fuzzy_gate_active_rate,2,0.0,0.0,0.0,0.0,0.0,0.0,0.0,0.0,0.0
visibility_occlusion_only,fuzzy_relative_reliability,neural_only_fallback_rate,2,1.0,0.0,1.0,1.0,1.0,1.0,1.0,1.0,1.0
visibility_occlusion_only,fuzzy_relative_reliability,out_of_fuzzy_support_count,2,20.0,0.0,20.0,20.0,20.0,20.0,20.0,20.0,20.0
visibility_occlusion_only,fuzzy_relative_reliability,out_of_fuzzy_support_ratio,2,1.0,0.0,1.0,1.0,1.0,1.0,1.0,1.0,1.0
visibility_occlusion_only,fuzzy_relative_reliability,inference_time_us_per_decision_mean,2,1846.7450000000001,8.598418459228315,1846.7450000000001,1843.7050000000002,1849.785,1769.4912752040589,1923.9987247959414,1840.6650000000002,1852.825
visibility_occlusion_only,fuzzy_relative_reliability,inference_time_us_per_decision_median,2,1778.9625,30.317203243373385,1778.9625,1768.2437499999999,1789.68125,1506.5732359682538,2051.3517640317464,1757.5249999999999,1800.4
visibility_occlusion_only,fuzzy_relative_reliability,memory_cost_states,2,61.0,1.4142135623730951,61.0,60.5,61.5,48.2937952638253,73.7062047361747,60.0,62.0
visibility_occlusion_only,fuzzy_relative_reliability,memory_cost_entries,2,1647.0,38.18376618407357,1647.0,1633.5,1660.5,1303.9324721232833,1990.0675278767167,1620.0,1674.0
visibility_occlusion_only,fuzzy_relative_reliability,memory_cost_bytes_estimated,2,12444.0,288.4995667241114,12444.0,12342.0,12546.0,9851.934233820362,15036.065766179638,12240.0,12648.0
visibility_occlusion_only,selected_approximate_support,mean_return,2,-0.6568159001742606,0.7082043971727077,-0.6568159001742606,-0.9072039660277369,-0.4064278343207843,-7.019779956632384,5.706148156283863,-1.1575920318812132,-0.156039768467308
visibility_occlusion_only,selected_approximate_support,success_rate,2,0.0,0.0,0.0,0.0,0.0,0.0,0.0,0.0,0.0
visibility_occlusion_only,selected_approximate_support,return_auc,2,-0.8731625483780228,0.35845673962943375,-0.8731625483780228,-0.9998961440550194,-0.746428952701026,-4.093768575625029,2.3474434788689837,-1.126629739732016,-0.6196953570240294
visibility_occlusion_only,selected_approximate_support,success_rate_auc,2,0.0,0.0,0.0,0.0,0.0,0.0,0.0,0.0,0.0
visibility_occlusion_only,selected_approximate_support,seconds_per_1000_steps,2,16.98428250001598,0.37054339856961654,16.98428250001598,16.853275625089736,17.115289374942222,13.655082150697437,20.313482849334523,16.722268750163494,17.246296249868465
visibility_occlusion_only,selected_approximate_support,gradient_updates,2,13.0,0.0,13.0,13.0,13.0,13.0,13.0,13.0,13.0
visibility_occlusion_only,selected_approximate_support,mean_gate,2,0.6815532764015224,0.015745691463386884,0.6815532764015224,0.6759863337974064,0.6871202190056385,0.5400838514366596,0.8230227013663852,0.6704193911932904,0.6926871616097544
visibility_occlusion_only,selected_approximate_support,support_abstention_rate,2,0.0,0.0,0.0,0.0,0.0,0.0,0.0,0.0,0.0
visibility_occlusion_only,selected_approximate_support,global_tabular_error,2,1.0,0.0,1.0,1.0,1.0,1.0,1.0,1.0,1.0
visibility_occlusion_only,selected_approximate_support,global_neural_error,2,1.0,0.0,1.0,1.0,1.0,1.0,1.0,1.0,1.0
visibility_occlusion_only,selected_approximate_support,visited_states,2,58.5,2.1213203435596424,58.5,57.75,59.25,39.44069289573796,77.55930710426205,57.0,60.0
visibility_occlusion_only,selected_approximate_support,failure_rate,2,1.0,0.0,1.0,1.0,1.0,1.0,1.0,1.0,1.0
visibility_occlusion_only,selected_approximate_support,collision_rate,2,0.0,0.0,0.0,0.0,0.0,0.0,0.0,0.0,0.0
visibility_occlusion_only,selected_approximate_support,risk_zone_rate,2,0.5,0.7071067811865476,0.5,0.25,0.75,-5.853102368087347,6.853102368087347,0.0,1.0
visibility_occlusion_only,selected_approximate_support,idle_rate,2,0.0,0.0,0.0,0.0,0.0,0.0,0.0,0.0,0.0
visibility_occlusion_only,selected_approximate_support,risk_adjusted_score,2,0.0,0.0,0.0,0.0,0.0,0.0,0.0,0.0,0.0
visibility_occlusion_only,selected_approximate_support,localization_error_mean,2,0.0,0.0,0.0,0.0,0.0,0.0,0.0,0.0,0.0
visibility_occlusion_only,selected_approximate_support,sensor_dropout_rate,2,0.0,0.0,0.0,0.0,0.0,0.0,0.0,0.0,0.0
visibility_occlusion_only,selected_approximate_support,camera_visible_rate,2,0.38749999999999996,0.44194173824159216,0.38749999999999996,0.23125,0.54375,-3.583188980054591,4.358188980054591,0.075,0.7
visibility_occlusion_only,selected_approximate_support,motor_saturation_rate,2,0.0,0.0,0.0,0.0,0.0,0.0,0.0,0.0,0.0
visibility_occlusion_only,selected_approximate_support,unsupported_state_ratio,2,1.0,0.0,1.0,1.0,1.0,1.0,1.0,1.0,1.0
visibility_occlusion_only,selected_approximate_support,memory_branch_usage_ratio,2,0.5386129855560393,0.17746313739323152,0.5386129855560393,0.4758702916253423,0.6013556794867363,-1.0558300440091235,2.133056015121202,0.4131275976946453,0.6640983734174333
visibility_occlusion_only,selected_approximate_support,neural_branch_usage_ratio,2,0.4613870144439607,0.1774631373932315,0.4613870144439607,0.3986443205132637,0.5241297083746577,-1.1330560151212017,2.055830044009123,0.3359016265825667,0.5868724023053546
visibility_occlusion_only,selected_approximate_support,abstention_ratio,2,0.0,0.0,0.0,0.0,0.0,0.0,0.0,0.0,0.0
visibility_occlusion_only,selected_approximate_support,support_score_mean,2,0.5386129855560393,0.17746313739323152,0.5386129855560393,0.4758702916253423,0.6013556794867363,-1.0558300440091235,2.133056015121202,0.4131275976946453,0.6640983734174333
visibility_occlusion_only,selected_approximate_support,exact_support_coverage,2,0.0,0.0,0.0,0.0,0.0,0.0,0.0,0.0,0.0
visibility_occlusion_only,selected_approximate_support,approximate_support_coverage,2,1.0,0.0,1.0,1.0,1.0,1.0,1.0,1.0,1.0
visibility_occlusion_only,selected_approximate_support,neural_only_fallback_rate,2,0.0,0.0,0.0,0.0,0.0,0.0,0.0,0.0,0.0
visibility_occlusion_only,selected_approximate_support,inference_time_us_per_decision_mean,2,2141.2325,55.53970212829743,2141.2325,2121.59625,2160.86875,1642.228074498579,2640.236925501421,2101.96,2180.505
visibility_occlusion_only,selected_approximate_support,inference_time_us_per_decision_median,2,1967.65,39.81011178080259,1967.65,1953.575,1981.725,1609.9703366766828,2325.3296633233176,1939.5,1995.8
visibility_occlusion_only,selected_approximate_support,memory_cost_states,2,58.5,2.1213203435596424,58.5,57.75,59.25,39.44069289573796,77.55930710426205,57.0,60.0
visibility_occlusion_only,selected_approximate_support,memory_cost_entries,2,1579.5,57.27564927611035,1579.5,1559.25,1599.75,1064.898708184925,2094.101291815075,1539.0,1620.0
visibility_occlusion_only,selected_approximate_support,memory_cost_bytes_estimated,2,11934.0,432.7493500861671,11934.0,11781.0,12087.0,8045.9013507305435,15822.098649269457,11628.0,12240.0
visibility_occlusion_only,sensorized_controller,mean_return,2,-0.6077008907217533,0.4897147195437501,-0.6077008907217533,-0.7808411902398802,-0.4345605912036262,-5.007613078241614,3.7922112967981074,-0.9539814897580072,-0.26142029168549924
visibility_occlusion_only,sensorized_controller,success_rate,2,0.0,0.0,0.0,0.0,0.0,0.0,0.0,0.0,0.0
visibility_occlusion_only,sensorized_controller,return_auc,2,-0.7734213422017637,0.24406204388864783,-0.7734213422017637,-0.8597103053337196,-0.6871323790698078,-2.966231806255485,1.4193891218519576,-0.9459992684656754,-0.6008434159378521
visibility_occlusion_only,sensorized_controller,success_rate_auc,2,0.0,0.0,0.0,0.0,0.0,0.0,0.0,0.0,0.0
visibility_occlusion_only,sensorized_controller,seconds_per_1000_steps,2,12.303279375009879,0.8290252486132634,12.303279375009879,12.010174687475228,12.59638406254453,4.854783037114306,19.751775712905452,11.717069999940577,12.889488750079181
visibility_occlusion_only,sensorized_controller,gradient_updates,2,0.0,0.0,0.0,0.0,0.0,0.0,0.0,0.0,0.0
visibility_occlusion_only,sensorized_controller,failure_rate,2,1.0,0.0,1.0,1.0,1.0,1.0,1.0,1.0,1.0
visibility_occlusion_only,sensorized_controller,collision_rate,2,0.0,0.0,0.0,0.0,0.0,0.0,0.0,0.0,0.0
visibility_occlusion_only,sensorized_controller,risk_zone_rate,2,0.575,0.6010407640085653,0.575,0.3625,0.7875,-4.825137012874244,5.975137012874244,0.15,1.0
visibility_occlusion_only,sensorized_controller,idle_rate,2,0.2375,0.017677669529663684,0.2375,0.23125,0.24375,0.07867244079781635,0.39632755920218365,0.225,0.25
visibility_occlusion_only,sensorized_controller,risk_adjusted_score,2,-0.011875,0.0008838834764831852,-0.011875,-0.0121875,-0.0115625,-0.01981637796010919,-0.003933622039890809,-0.0125,-0.01125
visibility_occlusion_only,sensorized_controller,localization_error_mean,2,0.0,0.0,0.0,0.0,0.0,0.0,0.0,0.0,0.0
visibility_occlusion_only,sensorized_controller,sensor_dropout_rate,2,0.0,0.0,0.0,0.0,0.0,0.0,0.0,0.0,0.0
visibility_occlusion_only,sensorized_controller,camera_visible_rate,2,0.425,0.4242640687119285,0.425,0.275,0.575,-3.386861420852408,4.236861420852408,0.125,0.725
visibility_occlusion_only,sensorized_controller,motor_saturation_rate,2,0.0,0.0,0.0,0.0,0.0,0.0,0.0,0.0,0.0
visibility_occlusion_only,sensorized_controller,unsupported_state_ratio,2,1.0,0.0,1.0,1.0,1.0,1.0,1.0,1.0,1.0
visibility_occlusion_only,sensorized_controller,memory_branch_usage_ratio,2,0.0,0.0,0.0,0.0,0.0,0.0,0.0,0.0,0.0
visibility_occlusion_only,sensorized_controller,neural_branch_usage_ratio,2,0.0,0.0,0.0,0.0,0.0,0.0,0.0,0.0,0.0
visibility_occlusion_only,sensorized_controller,abstention_ratio,2,0.0,0.0,0.0,0.0,0.0,0.0,0.0,0.0,0.0
visibility_occlusion_only,sensorized_controller,support_score_mean,2,0.0,0.0,0.0,0.0,0.0,0.0,0.0,0.0,0.0
visibility_occlusion_only,sensorized_controller,exact_support_coverage,2,0.0,0.0,0.0,0.0,0.0,0.0,0.0,0.0,0.0
visibility_occlusion_only,sensorized_controller,approximate_support_coverage,2,0.0,0.0,0.0,0.0,0.0,0.0,0.0,0.0,0.0
visibility_occlusion_only,sensorized_controller,neural_only_fallback_rate,2,0.0,0.0,0.0,0.0,0.0,0.0,0.0,0.0,0.0
visibility_occlusion_only,sensorized_controller,inference_time_us_per_decision_mean,2,630.07,113.72044808432653,630.07,589.86375,670.2762500000001,-391.66768834764764,1651.8076883476479,549.6575,710.4825000000001
visibility_occlusion_only,sensorized_controller,inference_time_us_per_decision_median,2,503.2625,39.79243411127295,503.2625,489.19375,517.33125,145.74166423588468,860.7833357641152,475.125,531.4
visibility_occlusion_only,sensorized_controller,memory_cost_states,2,0.0,0.0,0.0,0.0,0.0,0.0,0.0,0.0,0.0
visibility_occlusion_only,sensorized_controller,memory_cost_entries,2,0.0,0.0,0.0,0.0,0.0,0.0,0.0,0.0,0.0
visibility_occlusion_only,sensorized_controller,memory_cost_bytes_estimated,2,0.0,0.0,0.0,0.0,0.0,0.0,0.0,0.0,0.0
