experiment_name,experiment,config_file,environment,environment_id,resolved_environment_id,observation_representation,agent,seed,phase,train_steps,eval_checkpoint,eval_return,checkpoint,episode,return,length,success,environment_steps,gradient_updates,training_loss_mean,training_loss_max,nonfinite_loss_count,completed_checkpoint_count,expected_checkpoint_count,elapsed_seconds,training_elapsed_seconds,evaluation_elapsed_seconds,wall_clock_training_time,wall_clock_evaluation_time,git_commit_hash,package_version,source_snapshot_sha256,execution_inputs_clean,python_version,torch_version,numpy_version,gymnasium_version,minigrid_version,gym_pybullet_drones_version,pybullet_version,mean_gate,support_abstention_rate,global_tabular_error,global_neural_error,visited_states,failure_rate,collision_rate,risk_zone_rate,idle_rate,risk_adjusted_score,unsupported_state_ratio,memory_branch_usage_ratio,neural_branch_usage_ratio,abstention_ratio,adaptive_alpha_mean,adaptive_alpha_iqr,support_score_mean,uncertainty_score_mean,exact_support_coverage,approximate_support_coverage,fuzzy_gate_active_rate,neural_only_fallback_rate,out_of_fuzzy_support_count,out_of_fuzzy_support_ratio,support_status,inference_time_us_per_decision_mean,inference_time_us_per_decision_median,selected_branch,memory_cost_states,memory_cost_entries,memory_cost_bytes_estimated,estimator_support_score,support_neighbor_count,support_nearest_distance,support_effective_sample_mass,support_density_log_score,support_estimator_type,support_representation_type,support_index_type,support_query_latency,support_memory_bytes,embedding_snapshot_hash,embedding_freeze_step,localization_error_mean,sensor_dropout_rate,camera_visible_rate,motor_saturation_rate,tabular_greedy_action,neural_greedy_action,mixed_selected_action,optimal_action,tabular_action_correct,neural_action_correct,relative_reliability_score,predicted_better_branch,actually_better_branch,actually_better_branch_value,tabular_q_error,neural_q_error,post_shift,shift_region,steps_since_shift
reviewer1_temporal_interface_development,reviewer1_temporal_interface_development,configs/reviewer1_remaining/temporal_and_interface_development/matched_design.yaml,architecture_filtered_belief,SensorizedPyBulletUAVWaypoint-v0,SensorizedPyBulletUAVWaypoint-v0,native_gymnasium_observation,temporal_filtered_alpha035,15004,train,30,,,30,1,-1.5487800478842113,30,0.0,30,0,nan,nan,0,0,2,0.2202594999980647,0.2202594999980647,0.0,0.2202594999980647,0.0,7544f61e62b857de55fcd6c17c5151159b824ebf,1.8.0,36544a532d02876404ae4245dbfdbf54a902a017d06dc714fab7bef09253291c,True,3.12.13,2.12.0+cpu,2.4.6,1.2.3,3.1.0,2.1.0,3.2.7,,,,,,1.0,0.0,1.0,0.03333333333333333,-0.0016666666666666672,1.0,0.0,0.26666666666666666,0.0,nan,nan,0.0,nan,0.0,0.0,nan,0.26666666666666666,nan,nan,unsupported,60.79999999999999,35.2,none,0.0,0.0,0.0,,,,,,,,,,,,,0.030779587694754203,0.23333333333333334,0.9,0.0,,,,,,,,,,,,,,,
reviewer1_temporal_interface_development,reviewer1_temporal_interface_development,configs/reviewer1_remaining/temporal_and_interface_development/matched_design.yaml,architecture_filtered_belief,SensorizedPyBulletUAVWaypoint-v0,SensorizedPyBulletUAVWaypoint-v0,native_gymnasium_observation,temporal_filtered_alpha035,15004,train,60,,,60,2,-1.593522722669877,30,0.0,60,8,0.018934459192678332,0.026766180992126465,0,0,2,0.4691799000138417,0.4691799000138417,0.0,0.4691799000138417,0.0,7544f61e62b857de55fcd6c17c5151159b824ebf,1.8.0,36544a532d02876404ae4245dbfdbf54a902a017d06dc714fab7bef09253291c,True,3.12.13,2.12.0+cpu,2.4.6,1.2.3,3.1.0,2.1.0,3.2.7,,,,,,1.0,0.0,1.0,0.0,0.0,1.0,0.0,1.0,0.0,nan,nan,0.0,nan,0.0,0.0,nan,1.0,nan,nan,unsupported,226.91999999999996,47.55,neural,0.0,0.0,0.0,,,,,,,,,,,,,0.0302692921521763,0.26666666666666666,0.0,0.0,,,,,,,,,,,,,,,
reviewer1_temporal_interface_development,reviewer1_temporal_interface_development,configs/reviewer1_remaining/temporal_and_interface_development/matched_design.yaml,architecture_filtered_belief,SensorizedPyBulletUAVWaypoint-v0,SensorizedPyBulletUAVWaypoint-v0,native_gymnasium_observation,temporal_filtered_alpha035,15004,train,90,,,90,3,-0.3235809809714557,30,0.0,90,15,0.01902367677539587,0.026766180992126465,0,0,2,0.7163058000151068,0.7163058000151068,0.0,0.7163058000151068,0.0,7544f61e62b857de55fcd6c17c5151159b824ebf,1.8.0,36544a532d02876404ae4245dbfdbf54a902a017d06dc714fab7bef09253291c,True,3.12.13,2.12.0+cpu,2.4.6,1.2.3,3.1.0,2.1.0,3.2.7,,,,,,1.0,0.0,0.0,0.0,0.0,1.0,0.0,1.0,0.0,nan,nan,0.0,nan,0.0,0.0,nan,1.0,nan,nan,unsupported,430.6433333333334,60.7,neural,0.0,0.0,0.0,,,,,,,,,,,,,0.03476900054762761,0.2,0.0,0.0,,,,,,,,,,,,,,,
reviewer1_temporal_interface_development,reviewer1_temporal_interface_development,configs/reviewer1_remaining/temporal_and_interface_development/matched_design.yaml,architecture_filtered_belief,SensorizedPyBulletUAVWaypoint-v0,SensorizedPyBulletUAVWaypoint-v0,native_gymnasium_observation,temporal_filtered_alpha035,15004,eval,120,120,-0.6151299057295547,120,1,-0.6151299057295547,30,0.0,120,23,0.017575036329419716,0.026766180992126465,0,1,2,1.7265710000065155,0.9552853000059258,0.7712857000005897,0.9552853000059258,0.7712857000005897,7544f61e62b857de55fcd6c17c5151159b824ebf,1.8.0,36544a532d02876404ae4245dbfdbf54a902a017d06dc714fab7bef09253291c,True,3.12.13,2.12.0+cpu,2.4.6,1.2.3,3.1.0,2.1.0,3.2.7,,,,,,1.0,0.0,0.0,0.0,0.0,1.0,0.0,1.0,0.0,nan,nan,0.0,nan,0.0,0.0,nan,1.0,nan,nan,unsupported,1065.7266666666667,1048.55,neural,0.0,0.0,0.0,,,,,,,,,,,,,0.032276109357674915,0.13333333333333333,0.9666666666666667,0.0,nan,nan,6,nan,nan,nan,nan,unavailable,unavailable,unavailable,nan,nan,0.0,unavailable,nan
reviewer1_temporal_interface_development,reviewer1_temporal_interface_development,configs/reviewer1_remaining/temporal_and_interface_development/matched_design.yaml,architecture_filtered_belief,SensorizedPyBulletUAVWaypoint-v0,SensorizedPyBulletUAVWaypoint-v0,native_gymnasium_observation,temporal_filtered_alpha035,15004,eval,120,120,-1.5759003331232815,120,2,-1.5759003331232815,30,0.0,120,23,0.017575036329419716,0.026766180992126465,0,1,2,1.7268608000013046,0.9555751000007149,0.7712857000005897,0.9555751000007149,0.7712857000005897,7544f61e62b857de55fcd6c17c5151159b824ebf,1.8.0,36544a532d02876404ae4245dbfdbf54a902a017d06dc714fab7bef09253291c,True,3.12.13,2.12.0+cpu,2.4.6,1.2.3,3.1.0,2.1.0,3.2.7,,,,,,1.0,0.0,1.0,0.0,0.0,1.0,0.0,1.0,0.0,nan,nan,0.0,nan,0.0,0.0,nan,1.0,nan,nan,unsupported,960.9,945.85,neural,0.0,0.0,0.0,,,,,,,,,,,,,0.030620455648750065,0.23333333333333334,0.3,0.0,nan,nan,6,nan,nan,nan,nan,unavailable,unavailable,unavailable,nan,nan,0.0,unavailable,nan
reviewer1_temporal_interface_development,reviewer1_temporal_interface_development,configs/reviewer1_remaining/temporal_and_interface_development/matched_design.yaml,architecture_filtered_belief,SensorizedPyBulletUAVWaypoint-v0,SensorizedPyBulletUAVWaypoint-v0,native_gymnasium_observation,temporal_filtered_alpha035,15004,eval,120,120,-1.4643333662766969,120,3,-1.4643333662766969,30,0.0,120,23,0.017575036329419716,0.026766180992126465,0,1,2,1.7271514000021853,0.9558657000015955,0.7712857000005897,0.9558657000015955,0.7712857000005897,7544f61e62b857de55fcd6c17c5151159b824ebf,1.8.0,36544a532d02876404ae4245dbfdbf54a902a017d06dc714fab7bef09253291c,True,3.12.13,2.12.0+cpu,2.4.6,1.2.3,3.1.0,2.1.0,3.2.7,,,,,,1.0,0.0,1.0,0.0,0.0,1.0,0.0,1.0,0.0,nan,nan,0.0,nan,0.0,0.0,nan,1.0,nan,nan,unsupported,948.6900000000002,901.8,neural,0.0,0.0,0.0,,,,,,,,,,,,,0.03316378140201171,0.13333333333333333,0.0,0.0,nan,nan,6,nan,nan,nan,nan,unavailable,unavailable,unavailable,nan,nan,0.0,unavailable,nan
reviewer1_temporal_interface_development,reviewer1_temporal_interface_development,configs/reviewer1_remaining/temporal_and_interface_development/matched_design.yaml,architecture_filtered_belief,SensorizedPyBulletUAVWaypoint-v0,SensorizedPyBulletUAVWaypoint-v0,native_gymnasium_observation,temporal_filtered_alpha035,15004,train,120,,,120,4,-0.8170896767033266,30,0.0,120,23,0.017575036329419716,0.026766180992126465,0,1,2,1.733271600009175,0.9619859000085853,0.7712857000005897,0.9619859000085853,0.7712857000005897,7544f61e62b857de55fcd6c17c5151159b824ebf,1.8.0,36544a532d02876404ae4245dbfdbf54a902a017d06dc714fab7bef09253291c,True,3.12.13,2.12.0+cpu,2.4.6,1.2.3,3.1.0,2.1.0,3.2.7,,,,,,1.0,0.0,0.3,0.03333333333333333,-0.0016666666666666672,1.0,0.0,1.0,0.0,nan,nan,0.0,nan,0.0,0.0,nan,1.0,nan,nan,unsupported,419.8766666666667,56.900000000000006,neural,0.0,0.0,0.0,,,,,,,,,,,,,0.0294750132348175,0.2,0.06666666666666667,0.0,,,,,,,,,,,,,,,
reviewer1_temporal_interface_development,reviewer1_temporal_interface_development,configs/reviewer1_remaining/temporal_and_interface_development/matched_design.yaml,architecture_filtered_belief,SensorizedPyBulletUAVWaypoint-v0,SensorizedPyBulletUAVWaypoint-v0,native_gymnasium_observation,temporal_filtered_alpha035,15004,train,150,,,150,5,-1.4064584363251922,30,0.0,150,30,0.015648632651815812,0.026766180992126465,0,1,2,1.9639770000067074,1.1926913000061177,0.7712857000005897,1.1926913000061177,0.7712857000005897,7544f61e62b857de55fcd6c17c5151159b824ebf,1.8.0,36544a532d02876404ae4245dbfdbf54a902a017d06dc714fab7bef09253291c,True,3.12.13,2.12.0+cpu,2.4.6,1.2.3,3.1.0,2.1.0,3.2.7,,,,,,1.0,0.0,1.0,0.06666666666666667,-0.0033333333333333344,1.0,0.0,1.0,0.0,nan,nan,0.0,nan,0.0,0.0,nan,1.0,nan,nan,unsupported,472.15999999999997,101.95,neural,0.0,0.0,0.0,,,,,,,,,,,,,0.030597489575544992,0.3333333333333333,0.0,0.0,,,,,,,,,,,,,,,
reviewer1_temporal_interface_development,reviewer1_temporal_interface_development,configs/reviewer1_remaining/temporal_and_interface_development/matched_design.yaml,architecture_filtered_belief,SensorizedPyBulletUAVWaypoint-v0,SensorizedPyBulletUAVWaypoint-v0,native_gymnasium_observation,temporal_filtered_alpha035,15004,train,180,,,180,6,-0.4825111884437501,30,0.0,180,38,0.01348246555579336,0.026766180992126465,0,1,2,2.195405500009656,1.4241198000090662,0.7712857000005897,1.4241198000090662,0.7712857000005897,7544f61e62b857de55fcd6c17c5151159b824ebf,1.8.0,36544a532d02876404ae4245dbfdbf54a902a017d06dc714fab7bef09253291c,True,3.12.13,2.12.0+cpu,2.4.6,1.2.3,3.1.0,2.1.0,3.2.7,,,,,,1.0,0.0,0.0,0.0,0.0,1.0,0.0,1.0,0.0,nan,nan,0.0,nan,0.0,0.0,nan,1.0,nan,nan,unsupported,747.9733333333332,900.7,neural,0.0,0.0,0.0,,,,,,,,,,,,,0.03308212058618665,0.26666666666666666,0.36666666666666664,0.0,,,,,,,,,,,,,,,
reviewer1_temporal_interface_development,reviewer1_temporal_interface_development,configs/reviewer1_remaining/temporal_and_interface_development/matched_design.yaml,architecture_filtered_belief,SensorizedPyBulletUAVWaypoint-v0,SensorizedPyBulletUAVWaypoint-v0,native_gymnasium_observation,temporal_filtered_alpha035,15004,train,210,,,210,7,-1.3282557545229792,30,0.0,210,45,0.011943225986841652,0.026766180992126465,0,1,2,2.528910499997437,1.7576247999968473,0.7712857000005897,1.7576247999968473,0.7712857000005897,7544f61e62b857de55fcd6c17c5151159b824ebf,1.8.0,36544a532d02876404ae4245dbfdbf54a902a017d06dc714fab7bef09253291c,True,3.12.13,2.12.0+cpu,2.4.6,1.2.3,3.1.0,2.1.0,3.2.7,,,,,,1.0,0.0,0.8333333333333334,0.06666666666666667,-0.0033333333333333344,1.0,0.0,1.0,0.0,nan,nan,0.0,nan,0.0,0.0,nan,1.0,nan,nan,unsupported,867.9600000000003,890.55,neural,0.0,0.0,0.0,,,,,,,,,,,,,0.03161312034353614,0.23333333333333334,0.9666666666666667,0.0,,,,,,,,,,,,,,,
reviewer1_temporal_interface_development,reviewer1_temporal_interface_development,configs/reviewer1_remaining/temporal_and_interface_development/matched_design.yaml,architecture_filtered_belief,SensorizedPyBulletUAVWaypoint-v0,SensorizedPyBulletUAVWaypoint-v0,native_gymnasium_observation,temporal_filtered_alpha035,15004,eval,240,240,-1.1411276179086416,240,1,-1.1411276179086416,30,0.0,240,53,0.010589460108675203,0.026766180992126465,0,2,2,3.5433531000162475,2.0070365000283346,1.536316599987913,2.0070365000283346,1.536316599987913,7544f61e62b857de55fcd6c17c5151159b824ebf,1.8.0,36544a532d02876404ae4245dbfdbf54a902a017d06dc714fab7bef09253291c,True,3.12.13,2.12.0+cpu,2.4.6,1.2.3,3.1.0,2.1.0,3.2.7,,,,,,1.0,0.0,0.7333333333333333,0.1,-0.005000000000000002,1.0,0.0,1.0,0.0,nan,nan,0.0,nan,0.0,0.0,nan,1.0,nan,nan,unsupported,993.7366666666666,928.55,neural,0.0,0.0,0.0,,,,,,,,,,,,,0.029639135207980873,0.3,0.0,0.0,nan,nan,2,nan,nan,nan,nan,unavailable,unavailable,unavailable,nan,nan,0.0,unavailable,nan
reviewer1_temporal_interface_development,reviewer1_temporal_interface_development,configs/reviewer1_remaining/temporal_and_interface_development/matched_design.yaml,architecture_filtered_belief,SensorizedPyBulletUAVWaypoint-v0,SensorizedPyBulletUAVWaypoint-v0,native_gymnasium_observation,temporal_filtered_alpha035,15004,eval,240,240,-1.617323258628603,240,2,-1.617323258628603,30,0.0,240,53,0.010589460108675203,0.026766180992126465,0,2,2,3.543645400000969,2.007328800013056,1.536316599987913,2.007328800013056,1.536316599987913,7544f61e62b857de55fcd6c17c5151159b824ebf,1.8.0,36544a532d02876404ae4245dbfdbf54a902a017d06dc714fab7bef09253291c,True,3.12.13,2.12.0+cpu,2.4.6,1.2.3,3.1.0,2.1.0,3.2.7,,,,,,1.0,0.0,1.0,0.2,-0.010000000000000004,1.0,0.0,1.0,0.0,nan,nan,0.0,nan,0.0,0.0,nan,1.0,nan,nan,unsupported,1033.6,1017.0,neural,0.0,0.0,0.0,,,,,,,,,,,,,0.02676678684850534,0.16666666666666666,0.5333333333333333,0.0,nan,nan,6,nan,nan,nan,nan,unavailable,unavailable,unavailable,nan,nan,0.0,unavailable,nan
reviewer1_temporal_interface_development,reviewer1_temporal_interface_development,configs/reviewer1_remaining/temporal_and_interface_development/matched_design.yaml,architecture_filtered_belief,SensorizedPyBulletUAVWaypoint-v0,SensorizedPyBulletUAVWaypoint-v0,native_gymnasium_observation,temporal_filtered_alpha035,15004,eval,240,240,-1.4031353825796398,240,3,-1.4031353825796398,30,0.0,240,53,0.010589460108675203,0.026766180992126465,0,2,2,3.543795300007332,2.007478700019419,1.536316599987913,2.007478700019419,1.536316599987913,7544f61e62b857de55fcd6c17c5151159b824ebf,1.8.0,36544a532d02876404ae4245dbfdbf54a902a017d06dc714fab7bef09253291c,True,3.12.13,2.12.0+cpu,2.4.6,1.2.3,3.1.0,2.1.0,3.2.7,,,,,,1.0,0.0,1.0,0.4,-0.020000000000000007,1.0,0.0,1.0,0.0,nan,nan,0.0,nan,0.0,0.0,nan,1.0,nan,nan,unsupported,1047.2500000000002,1014.95,neural,0.0,0.0,0.0,,,,,,,,,,,,,0.026295948317662503,0.26666666666666666,0.0,0.0,nan,nan,13,nan,nan,nan,nan,unavailable,unavailable,unavailable,nan,nan,0.0,unavailable,nan
reviewer1_temporal_interface_development,reviewer1_temporal_interface_development,configs/reviewer1_remaining/temporal_and_interface_development/matched_design.yaml,architecture_filtered_belief,SensorizedPyBulletUAVWaypoint-v0,SensorizedPyBulletUAVWaypoint-v0,native_gymnasium_observation,temporal_filtered_alpha035,15004,train,240,,,240,8,-0.6674865033105014,30,0.0,240,53,0.010589460108675203,0.026766180992126465,0,2,2,3.546225800004322,2.009909200016409,1.536316599987913,2.009909200016409,1.536316599987913,7544f61e62b857de55fcd6c17c5151159b824ebf,1.8.0,36544a532d02876404ae4245dbfdbf54a902a017d06dc714fab7bef09253291c,True,3.12.13,2.12.0+cpu,2.4.6,1.2.3,3.1.0,2.1.0,3.2.7,,,,,,1.0,0.0,0.43333333333333335,0.0,0.0,1.0,0.0,1.0,0.0,nan,nan,0.0,nan,0.0,0.0,nan,1.0,nan,nan,unsupported,957.0899999999999,939.1500000000001,neural,0.0,0.0,0.0,,,,,,,,,,,,,0.03134961534136285,0.2,0.0,0.0,,,,,,,,,,,,,,,
reviewer1_temporal_interface_development,reviewer1_temporal_interface_development,configs/reviewer1_remaining/temporal_and_interface_development/matched_design.yaml,architecture_filtered_belief,SensorizedPyBulletUAVWaypoint-v0,SensorizedPyBulletUAVWaypoint-v0,native_gymnasium_observation,temporal_filtered_alpha035,15005,train,30,,,30,1,-0.49999214906245476,30,0.0,30,0,nan,nan,0,0,2,0.20645470000454225,0.20645470000454225,0.0,0.20645470000454225,0.0,7544f61e62b857de55fcd6c17c5151159b824ebf,1.8.0,36544a532d02876404ae4245dbfdbf54a902a017d06dc714fab7bef09253291c,True,3.12.13,2.12.0+cpu,2.4.6,1.2.3,3.1.0,2.1.0,3.2.7,,,,,,1.0,0.0,0.03333333333333333,0.03333333333333333,-0.0016666666666666672,1.0,0.0,0.0,0.0,nan,nan,0.0,nan,0.0,0.0,nan,0.0,nan,nan,unsupported,31.83,31.3,none,0.0,0.0,0.0,,,,,,,,,,,,,0.03030656126017372,0.16666666666666666,0.8666666666666667,0.0,,,,,,,,,,,,,,,
reviewer1_temporal_interface_development,reviewer1_temporal_interface_development,configs/reviewer1_remaining/temporal_and_interface_development/matched_design.yaml,architecture_filtered_belief,SensorizedPyBulletUAVWaypoint-v0,SensorizedPyBulletUAVWaypoint-v0,native_gymnasium_observation,temporal_filtered_alpha035,15005,train,60,,,60,2,-1.4678566792421044,30,0.0,60,8,0.017016362864524126,0.030813924968242645,0,0,2,0.44165660001453944,0.44165660001453944,0.0,0.44165660001453944,0.0,7544f61e62b857de55fcd6c17c5151159b824ebf,1.8.0,36544a532d02876404ae4245dbfdbf54a902a017d06dc714fab7bef09253291c,True,3.12.13,2.12.0+cpu,2.4.6,1.2.3,3.1.0,2.1.0,3.2.7,,,,,,1.0,0.0,1.0,0.13333333333333333,-0.006666666666666669,1.0,0.0,0.6333333333333333,0.0,nan,nan,0.0,nan,0.0,0.0,nan,0.6333333333333333,nan,nan,unsupported,211.49666666666664,37.85,neural,0.0,0.0,0.0,,,,,,,,,,,,,0.032558212103322146,0.16666666666666666,0.0,0.0,,,,,,,,,,,,,,,
reviewer1_temporal_interface_development,reviewer1_temporal_interface_development,configs/reviewer1_remaining/temporal_and_interface_development/matched_design.yaml,architecture_filtered_belief,SensorizedPyBulletUAVWaypoint-v0,SensorizedPyBulletUAVWaypoint-v0,native_gymnasium_observation,temporal_filtered_alpha035,15005,train,90,,,90,3,-1.5949629377620294,30,0.0,90,15,0.01377783998226126,0.030813924968242645,0,0,2,0.667444799997611,0.667444799997611,0.0,0.667444799997611,0.0,7544f61e62b857de55fcd6c17c5151159b824ebf,1.8.0,36544a532d02876404ae4245dbfdbf54a902a017d06dc714fab7bef09253291c,True,3.12.13,2.12.0+cpu,2.4.6,1.2.3,3.1.0,2.1.0,3.2.7,,,,,,1.0,0.0,1.0,0.26666666666666666,-0.013333333333333338,1.0,0.0,1.0,0.0,nan,nan,0.0,nan,0.0,0.0,nan,1.0,nan,nan,unsupported,260.34333333333336,45.35,neural,0.0,0.0,0.0,,,,,,,,,,,,,0.032193257752805945,0.26666666666666666,0.0,0.0,,,,,,,,,,,,,,,
reviewer1_temporal_interface_development,reviewer1_temporal_interface_development,configs/reviewer1_remaining/temporal_and_interface_development/matched_design.yaml,architecture_filtered_belief,SensorizedPyBulletUAVWaypoint-v0,SensorizedPyBulletUAVWaypoint-v0,native_gymnasium_observation,temporal_filtered_alpha035,15005,eval,120,120,-0.6927365376241504,120,1,-0.6927365376241504,30,0.0,120,23,0.011883261309855658,0.030813924968242645,0,1,2,1.7069606000150088,0.9065148000081535,0.8004458000068553,0.9065148000081535,0.8004458000068553,7544f61e62b857de55fcd6c17c5151159b824ebf,1.8.0,36544a532d02876404ae4245dbfdbf54a902a017d06dc714fab7bef09253291c,True,3.12.13,2.12.0+cpu,2.4.6,1.2.3,3.1.0,2.1.0,3.2.7,,,,,,1.0,0.0,0.36666666666666664,0.03333333333333333,-0.0016666666666666672,1.0,0.0,1.0,0.0,nan,nan,0.0,nan,0.0,0.0,nan,1.0,nan,nan,unsupported,997.73,964.65,neural,0.0,0.0,0.0,,,,,,,,,,,,,0.031272676028311255,0.1,0.9666666666666667,0.0,nan,nan,20,nan,nan,nan,nan,unavailable,unavailable,unavailable,nan,nan,0.0,unavailable,nan
reviewer1_temporal_interface_development,reviewer1_temporal_interface_development,configs/reviewer1_remaining/temporal_and_interface_development/matched_design.yaml,architecture_filtered_belief,SensorizedPyBulletUAVWaypoint-v0,SensorizedPyBulletUAVWaypoint-v0,native_gymnasium_observation,temporal_filtered_alpha035,15005,eval,120,120,-0.48424084552563723,120,2,-0.48424084552563723,30,0.0,120,23,0.011883261309855658,0.030813924968242645,0,1,2,1.7073035000066739,0.9068576999998186,0.8004458000068553,0.9068576999998186,0.8004458000068553,7544f61e62b857de55fcd6c17c5151159b824ebf,1.8.0,36544a532d02876404ae4245dbfdbf54a902a017d06dc714fab7bef09253291c,True,3.12.13,2.12.0+cpu,2.4.6,1.2.3,3.1.0,2.1.0,3.2.7,,,,,,1.0,0.0,0.2,0.13333333333333333,-0.006666666666666669,1.0,0.0,1.0,0.0,nan,nan,0.0,nan,0.0,0.0,nan,1.0,nan,nan,unsupported,1037.6733333333332,989.85,neural,0.0,0.0,0.0,,,,,,,,,,,,,0.036220361664891246,0.26666666666666666,0.9666666666666667,0.0,nan,nan,20,nan,nan,nan,nan,unavailable,unavailable,unavailable,nan,nan,0.0,unavailable,nan
reviewer1_temporal_interface_development,reviewer1_temporal_interface_development,configs/reviewer1_remaining/temporal_and_interface_development/matched_design.yaml,architecture_filtered_belief,SensorizedPyBulletUAVWaypoint-v0,SensorizedPyBulletUAVWaypoint-v0,native_gymnasium_observation,temporal_filtered_alpha035,15005,eval,120,120,-1.477686223834753,120,3,-1.477686223834753,30,0.0,120,23,0.011883261309855658,0.030813924968242645,0,1,2,1.7074387000175193,0.906992900010664,0.8004458000068553,0.906992900010664,0.8004458000068553,7544f61e62b857de55fcd6c17c5151159b824ebf,1.8.0,36544a532d02876404ae4245dbfdbf54a902a017d06dc714fab7bef09253291c,True,3.12.13,2.12.0+cpu,2.4.6,1.2.3,3.1.0,2.1.0,3.2.7,,,,,,1.0,0.0,1.0,0.0,0.0,1.0,0.0,1.0,0.0,nan,nan,0.0,nan,0.0,0.0,nan,1.0,nan,nan,unsupported,940.1000000000001,926.95,neural,0.0,0.0,0.0,,,,,,,,,,,,,0.03122521600065132,0.13333333333333333,0.0,0.0,nan,nan,20,nan,nan,nan,nan,unavailable,unavailable,unavailable,nan,nan,0.0,unavailable,nan
reviewer1_temporal_interface_development,reviewer1_temporal_interface_development,configs/reviewer1_remaining/temporal_and_interface_development/matched_design.yaml,architecture_filtered_belief,SensorizedPyBulletUAVWaypoint-v0,SensorizedPyBulletUAVWaypoint-v0,native_gymnasium_observation,temporal_filtered_alpha035,15005,train,120,,,120,4,-1.1284127802029253,30,0.0,120,23,0.011883261309855658,0.030813924968242645,0,1,2,1.7132479000138119,0.9128021000069566,0.8004458000068553,0.9128021000069566,0.8004458000068553,7544f61e62b857de55fcd6c17c5151159b824ebf,1.8.0,36544a532d02876404ae4245dbfdbf54a902a017d06dc714fab7bef09253291c,True,3.12.13,2.12.0+cpu,2.4.6,1.2.3,3.1.0,2.1.0,3.2.7,,,,,,1.0,0.0,0.6333333333333333,0.03333333333333333,-0.0016666666666666672,1.0,0.0,1.0,0.0,nan,nan,0.0,nan,0.0,0.0,nan,1.0,nan,nan,unsupported,446.5633333333334,57.9,neural,0.0,0.0,0.0,,,,,,,,,,,,,0.03378701095158855,0.1,1.0,0.0,,,,,,,,,,,,,,,
reviewer1_temporal_interface_development,reviewer1_temporal_interface_development,configs/reviewer1_remaining/temporal_and_interface_development/matched_design.yaml,architecture_filtered_belief,SensorizedPyBulletUAVWaypoint-v0,SensorizedPyBulletUAVWaypoint-v0,native_gymnasium_observation,temporal_filtered_alpha035,15005,train,150,,,150,5,-1.0332447208371012,30,0.0,150,30,0.010222627362236381,0.030813924968242645,0,1,2,1.9379495000175666,1.1375037000107113,0.8004458000068553,1.1375037000107113,0.8004458000068553,7544f61e62b857de55fcd6c17c5151159b824ebf,1.8.0,36544a532d02876404ae4245dbfdbf54a902a017d06dc714fab7bef09253291c,True,3.12.13,2.12.0+cpu,2.4.6,1.2.3,3.1.0,2.1.0,3.2.7,,,,,,1.0,0.0,0.5,0.0,0.0,1.0,0.0,1.0,0.0,nan,nan,0.0,nan,0.0,0.0,nan,1.0,nan,nan,unsupported,459.6466666666667,65.85,neural,0.0,0.0,0.0,,,,,,,,,,,,,0.03503041590253512,0.16666666666666666,0.0,0.0,,,,,,,,,,,,,,,
reviewer1_temporal_interface_development,reviewer1_temporal_interface_development,configs/reviewer1_remaining/temporal_and_interface_development/matched_design.yaml,architecture_filtered_belief,SensorizedPyBulletUAVWaypoint-v0,SensorizedPyBulletUAVWaypoint-v0,native_gymnasium_observation,temporal_filtered_alpha035,15005,train,180,,,180,6,-1.3395771865732968,30,0.0,180,38,0.00866317733705632,0.030813924968242645,0,1,2,2.166633400018327,1.3661876000114717,0.8004458000068553,1.3661876000114717,0.8004458000068553,7544f61e62b857de55fcd6c17c5151159b824ebf,1.8.0,36544a532d02876404ae4245dbfdbf54a902a017d06dc714fab7bef09253291c,True,3.12.13,2.12.0+cpu,2.4.6,1.2.3,3.1.0,2.1.0,3.2.7,,,,,,1.0,0.0,1.0,0.0,0.0,1.0,0.0,1.0,0.0,nan,nan,0.0,nan,0.0,0.0,nan,1.0,nan,nan,unsupported,667.3133333333333,810.0999999999999,neural,0.0,0.0,0.0,,,,,,,,,,,,,0.03063567801558141,0.26666666666666666,0.0,0.0,,,,,,,,,,,,,,,
reviewer1_temporal_interface_development,reviewer1_temporal_interface_development,configs/reviewer1_remaining/temporal_and_interface_development/matched_design.yaml,architecture_filtered_belief,SensorizedPyBulletUAVWaypoint-v0,SensorizedPyBulletUAVWaypoint-v0,native_gymnasium_observation,temporal_filtered_alpha035,15005,train,210,,,210,7,-1.6519766136445104,30,0.0,210,45,0.007738030906249252,0.030813924968242645,0,1,2,2.4795980000053532,1.679152199998498,0.8004458000068553,1.679152199998498,0.8004458000068553,7544f61e62b857de55fcd6c17c5151159b824ebf,1.8.0,36544a532d02876404ae4245dbfdbf54a902a017d06dc714fab7bef09253291c,True,3.12.13,2.12.0+cpu,2.4.6,1.2.3,3.1.0,2.1.0,3.2.7,,,,,,1.0,0.0,0.8666666666666667,0.0,0.0,1.0,0.0,1.0,0.0,nan,nan,0.0,nan,0.0,0.0,nan,1.0,nan,nan,unsupported,830.9733333333332,827.45,neural,0.0,0.0,0.0,,,,,,,,,,,,,0.027891845721751452,0.26666666666666666,0.0,0.0,,,,,,,,,,,,,,,
reviewer1_temporal_interface_development,reviewer1_temporal_interface_development,configs/reviewer1_remaining/temporal_and_interface_development/matched_design.yaml,architecture_filtered_belief,SensorizedPyBulletUAVWaypoint-v0,SensorizedPyBulletUAVWaypoint-v0,native_gymnasium_observation,temporal_filtered_alpha035,15005,eval,240,240,-1.5036620654817672,240,1,-1.5036620654817672,30,0.0,240,53,0.006921687185377726,0.030813924968242645,0,2,2,3.4901729999983218,1.929366599972127,1.5608064000261948,1.929366599972127,1.5608064000261948,7544f61e62b857de55fcd6c17c5151159b824ebf,1.8.0,36544a532d02876404ae4245dbfdbf54a902a017d06dc714fab7bef09253291c,True,3.12.13,2.12.0+cpu,2.4.6,1.2.3,3.1.0,2.1.0,3.2.7,,,,,,1.0,0.0,1.0,0.0,0.0,1.0,0.0,1.0,0.0,nan,nan,0.0,nan,0.0,0.0,nan,1.0,nan,nan,unsupported,982.99,967.5999999999999,neural,0.0,0.0,0.0,,,,,,,,,,,,,0.03289275427038471,0.26666666666666666,0.0,0.0,nan,nan,6,nan,nan,nan,nan,unavailable,unavailable,unavailable,nan,nan,0.0,unavailable,nan
reviewer1_temporal_interface_development,reviewer1_temporal_interface_development,configs/reviewer1_remaining/temporal_and_interface_development/matched_design.yaml,architecture_filtered_belief,SensorizedPyBulletUAVWaypoint-v0,SensorizedPyBulletUAVWaypoint-v0,native_gymnasium_observation,temporal_filtered_alpha035,15005,eval,240,240,-1.4970810748264198,240,2,-1.4970810748264198,30,0.0,240,53,0.006921687185377726,0.030813924968242645,0,2,2,3.4904479999968316,1.929641599970637,1.5608064000261948,1.929641599970637,1.5608064000261948,7544f61e62b857de55fcd6c17c5151159b824ebf,1.8.0,36544a532d02876404ae4245dbfdbf54a902a017d06dc714fab7bef09253291c,True,3.12.13,2.12.0+cpu,2.4.6,1.2.3,3.1.0,2.1.0,3.2.7,,,,,,1.0,0.0,1.0,0.0,0.0,1.0,0.0,1.0,0.0,nan,nan,0.0,nan,0.0,0.0,nan,1.0,nan,nan,unsupported,1018.7533333333334,996.25,neural,0.0,0.0,0.0,,,,,,,,,,,,,0.028794656818111736,0.26666666666666666,0.0,0.0,nan,nan,6,nan,nan,nan,nan,unavailable,unavailable,unavailable,nan,nan,0.0,unavailable,nan
reviewer1_temporal_interface_development,reviewer1_temporal_interface_development,configs/reviewer1_remaining/temporal_and_interface_development/matched_design.yaml,architecture_filtered_belief,SensorizedPyBulletUAVWaypoint-v0,SensorizedPyBulletUAVWaypoint-v0,native_gymnasium_observation,temporal_filtered_alpha035,15005,eval,240,240,-1.4885123957972972,240,3,-1.4885123957972972,30,0.0,240,53,0.006921687185377726,0.030813924968242645,0,2,2,3.490621300006751,1.9298148999805562,1.5608064000261948,1.9298148999805562,1.5608064000261948,7544f61e62b857de55fcd6c17c5151159b824ebf,1.8.0,36544a532d02876404ae4245dbfdbf54a902a017d06dc714fab7bef09253291c,True,3.12.13,2.12.0+cpu,2.4.6,1.2.3,3.1.0,2.1.0,3.2.7,,,,,,1.0,0.0,1.0,0.0,0.0,1.0,0.0,1.0,0.0,nan,nan,0.0,nan,0.0,0.0,nan,1.0,nan,nan,unsupported,1031.3066666666666,993.7,neural,0.0,0.0,0.0,,,,,,,,,,,,,0.033730603226770954,0.06666666666666667,0.9666666666666667,0.0,nan,nan,16,nan,nan,nan,nan,unavailable,unavailable,unavailable,nan,nan,0.0,unavailable,nan
reviewer1_temporal_interface_development,reviewer1_temporal_interface_development,configs/reviewer1_remaining/temporal_and_interface_development/matched_design.yaml,architecture_filtered_belief,SensorizedPyBulletUAVWaypoint-v0,SensorizedPyBulletUAVWaypoint-v0,native_gymnasium_observation,temporal_filtered_alpha035,15005,train,240,,,240,8,-1.1986077160411517,30,0.0,240,53,0.006921687185377726,0.030813924968242645,0,2,2,3.4921768000058364,1.9313703999796417,1.5608064000261948,1.9313703999796417,1.5608064000261948,7544f61e62b857de55fcd6c17c5151159b824ebf,1.8.0,36544a532d02876404ae4245dbfdbf54a902a017d06dc714fab7bef09253291c,True,3.12.13,2.12.0+cpu,2.4.6,1.2.3,3.1.0,2.1.0,3.2.7,,,,,,1.0,0.0,0.6333333333333333,0.0,0.0,1.0,0.0,1.0,0.0,nan,nan,0.0,nan,0.0,0.0,nan,1.0,nan,nan,unsupported,849.8933333333332,914.3,neural,0.0,0.0,0.0,,,,,,,,,,,,,0.033509936494131885,0.26666666666666666,0.0,0.0,,,,,,,,,,,,,,,
reviewer1_temporal_interface_development,reviewer1_temporal_interface_development,configs/reviewer1_remaining/temporal_and_interface_development/matched_design.yaml,architecture_frame_stack,SensorizedPyBulletUAVWaypoint-v0,SensorizedPyBulletUAVWaypoint-v0,native_gymnasium_observation,temporal_frame_stack_4,15004,train,30,,,30,1,-1.5517470434214922,30,0.0,30,0,nan,nan,0,0,2,0.2465671999962069,0.2465671999962069,0.0,0.2465671999962069,0.0,7544f61e62b857de55fcd6c17c5151159b824ebf,1.8.0,36544a532d02876404ae4245dbfdbf54a902a017d06dc714fab7bef09253291c,True,3.12.13,2.12.0+cpu,2.4.6,1.2.3,3.1.0,2.1.0,3.2.7,,,,,,1.0,0.0,1.0,0.03333333333333333,-0.0016666666666666672,1.0,0.0,0.26666666666666666,0.0,nan,nan,0.0,nan,0.0,0.0,nan,0.26666666666666666,nan,nan,unsupported,67.77666666666669,33.05,none,0.0,0.0,0.0,,,,,,,,,,,,,0.030779258254915474,0.23333333333333334,0.9,0.0,,,,,,,,,,,,,,,
reviewer1_temporal_interface_development,reviewer1_temporal_interface_development,configs/reviewer1_remaining/temporal_and_interface_development/matched_design.yaml,architecture_frame_stack,SensorizedPyBulletUAVWaypoint-v0,SensorizedPyBulletUAVWaypoint-v0,native_gymnasium_observation,temporal_frame_stack_4,15004,train,60,,,60,2,-1.5181481709983196,30,0.0,60,8,0.00600410025799647,0.008155559189617634,0,0,2,0.4976423000043724,0.4976423000043724,0.0,0.4976423000043724,0.0,7544f61e62b857de55fcd6c17c5151159b824ebf,1.8.0,36544a532d02876404ae4245dbfdbf54a902a017d06dc714fab7bef09253291c,True,3.12.13,2.12.0+cpu,2.4.6,1.2.3,3.1.0,2.1.0,3.2.7,,,,,,1.0,0.0,1.0,0.0,0.0,1.0,0.0,1.0,0.0,nan,nan,0.0,nan,0.0,0.0,nan,1.0,nan,nan,unsupported,205.79,40.900000000000006,neural,0.0,0.0,0.0,,,,,,,,,,,,,0.029972359382857878,0.26666666666666666,0.0,0.0,,,,,,,,,,,,,,,
reviewer1_temporal_interface_development,reviewer1_temporal_interface_development,configs/reviewer1_remaining/temporal_and_interface_development/matched_design.yaml,architecture_frame_stack,SensorizedPyBulletUAVWaypoint-v0,SensorizedPyBulletUAVWaypoint-v0,native_gymnasium_observation,temporal_frame_stack_4,15004,train,90,,,90,3,-0.5563631457649172,30,0.0,90,15,0.00476251202635467,0.008155559189617634,0,0,2,0.7519976999901701,0.7519976999901701,0.0,0.7519976999901701,0.0,7544f61e62b857de55fcd6c17c5151159b824ebf,1.8.0,36544a532d02876404ae4245dbfdbf54a902a017d06dc714fab7bef09253291c,True,3.12.13,2.12.0+cpu,2.4.6,1.2.3,3.1.0,2.1.0,3.2.7,,,,,,1.0,0.0,0.26666666666666666,0.06666666666666667,-0.0033333333333333344,1.0,0.0,1.0,0.0,nan,nan,0.0,nan,0.0,0.0,nan,1.0,nan,nan,unsupported,420.07000000000005,52.85,neural,0.0,0.0,0.0,,,,,,,,,,,,,0.0346995083304743,0.2,0.0,0.0,,,,,,,,,,,,,,,
reviewer1_temporal_interface_development,reviewer1_temporal_interface_development,configs/reviewer1_remaining/temporal_and_interface_development/matched_design.yaml,architecture_frame_stack,SensorizedPyBulletUAVWaypoint-v0,SensorizedPyBulletUAVWaypoint-v0,native_gymnasium_observation,temporal_frame_stack_4,15004,eval,120,120,-0.2578291361965239,120,1,-0.2578291361965239,30,0.0,120,23,0.003971042253238999,0.008155559189617634,0,1,2,1.8678316999867093,1.013973699969938,0.8538580000167713,1.013973699969938,0.8538580000167713,7544f61e62b857de55fcd6c17c5151159b824ebf,1.8.0,36544a532d02876404ae4245dbfdbf54a902a017d06dc714fab7bef09253291c,True,3.12.13,2.12.0+cpu,2.4.6,1.2.3,3.1.0,2.1.0,3.2.7,,,,,,1.0,0.0,0.0,0.0,0.0,1.0,0.0,1.0,0.0,nan,nan,0.0,nan,0.0,0.0,nan,1.0,nan,nan,unsupported,1071.256666666667,1016.9000000000001,neural,0.0,0.0,0.0,,,,,,,,,,,,,0.03115700933461388,0.13333333333333333,0.9666666666666667,0.0,nan,nan,16,nan,nan,nan,nan,unavailable,unavailable,unavailable,nan,nan,0.0,unavailable,nan
reviewer1_temporal_interface_development,reviewer1_temporal_interface_development,configs/reviewer1_remaining/temporal_and_interface_development/matched_design.yaml,architecture_frame_stack,SensorizedPyBulletUAVWaypoint-v0,SensorizedPyBulletUAVWaypoint-v0,native_gymnasium_observation,temporal_frame_stack_4,15004,eval,120,120,-1.6429047409910709,120,2,-1.6429047409910709,30,0.0,120,23,0.003971042253238999,0.008155559189617634,0,1,2,1.8680760999850463,1.014218099968275,0.8538580000167713,1.014218099968275,0.8538580000167713,7544f61e62b857de55fcd6c17c5151159b824ebf,1.8.0,36544a532d02876404ae4245dbfdbf54a902a017d06dc714fab7bef09253291c,True,3.12.13,2.12.0+cpu,2.4.6,1.2.3,3.1.0,2.1.0,3.2.7,,,,,,1.0,0.0,0.9333333333333333,0.03333333333333333,-0.0016666666666666672,1.0,0.0,1.0,0.0,nan,nan,0.0,nan,0.0,0.0,nan,1.0,nan,nan,unsupported,1063.2166666666665,1044.25,neural,0.0,0.0,0.0,,,,,,,,,,,,,0.030522120495637257,0.23333333333333334,0.4666666666666667,0.0,nan,nan,16,nan,nan,nan,nan,unavailable,unavailable,unavailable,nan,nan,0.0,unavailable,nan
reviewer1_temporal_interface_development,reviewer1_temporal_interface_development,configs/reviewer1_remaining/temporal_and_interface_development/matched_design.yaml,architecture_frame_stack,SensorizedPyBulletUAVWaypoint-v0,SensorizedPyBulletUAVWaypoint-v0,native_gymnasium_observation,temporal_frame_stack_4,15004,eval,120,120,-1.401527095930651,120,3,-1.401527095930651,30,0.0,120,23,0.003971042253238999,0.008155559189617634,0,1,2,1.8681972000049427,1.0143391999881715,0.8538580000167713,1.0143391999881715,0.8538580000167713,7544f61e62b857de55fcd6c17c5151159b824ebf,1.8.0,36544a532d02876404ae4245dbfdbf54a902a017d06dc714fab7bef09253291c,True,3.12.13,2.12.0+cpu,2.4.6,1.2.3,3.1.0,2.1.0,3.2.7,,,,,,1.0,0.0,1.0,0.1,-0.005000000000000002,1.0,0.0,1.0,0.0,nan,nan,0.0,nan,0.0,0.0,nan,1.0,nan,nan,unsupported,1210.53,1141.85,neural,0.0,0.0,0.0,,,,,,,,,,,,,0.03294896023968855,0.13333333333333333,0.0,0.0,nan,nan,16,nan,nan,nan,nan,unavailable,unavailable,unavailable,nan,nan,0.0,unavailable,nan
reviewer1_temporal_interface_development,reviewer1_temporal_interface_development,configs/reviewer1_remaining/temporal_and_interface_development/matched_design.yaml,architecture_frame_stack,SensorizedPyBulletUAVWaypoint-v0,SensorizedPyBulletUAVWaypoint-v0,native_gymnasium_observation,temporal_frame_stack_4,15004,train,120,,,120,4,-0.790636478723027,30,0.0,120,23,0.003971042253238999,0.008155559189617634,0,1,2,1.8747971999982838,1.0209391999815125,0.8538580000167713,1.0209391999815125,0.8538580000167713,7544f61e62b857de55fcd6c17c5151159b824ebf,1.8.0,36544a532d02876404ae4245dbfdbf54a902a017d06dc714fab7bef09253291c,True,3.12.13,2.12.0+cpu,2.4.6,1.2.3,3.1.0,2.1.0,3.2.7,,,,,,1.0,0.0,0.3,0.1,-0.005000000000000002,1.0,0.0,1.0,0.0,nan,nan,0.0,nan,0.0,0.0,nan,1.0,nan,nan,unsupported,488.28333333333336,51.900000000000006,neural,0.0,0.0,0.0,,,,,,,,,,,,,0.029505618512484944,0.2,0.2,0.0,,,,,,,,,,,,,,,
reviewer1_temporal_interface_development,reviewer1_temporal_interface_development,configs/reviewer1_remaining/temporal_and_interface_development/matched_design.yaml,architecture_frame_stack,SensorizedPyBulletUAVWaypoint-v0,SensorizedPyBulletUAVWaypoint-v0,native_gymnasium_observation,temporal_frame_stack_4,15004,train,150,,,150,5,-1.4867150121275337,30,0.0,150,30,0.003473218138484905,0.008155559189617634,0,1,2,2.1317593999847304,1.2779013999679592,0.8538580000167713,1.2779013999679592,0.8538580000167713,7544f61e62b857de55fcd6c17c5151159b824ebf,1.8.0,36544a532d02876404ae4245dbfdbf54a902a017d06dc714fab7bef09253291c,True,3.12.13,2.12.0+cpu,2.4.6,1.2.3,3.1.0,2.1.0,3.2.7,,,,,,1.0,0.0,1.0,0.1,-0.005000000000000002,1.0,0.0,1.0,0.0,nan,nan,0.0,nan,0.0,0.0,nan,1.0,nan,nan,unsupported,554.7566666666668,109.75,neural,0.0,0.0,0.0,,,,,,,,,,,,,0.02951367818750441,0.3333333333333333,0.0,0.0,,,,,,,,,,,,,,,
reviewer1_temporal_interface_development,reviewer1_temporal_interface_development,configs/reviewer1_remaining/temporal_and_interface_development/matched_design.yaml,architecture_frame_stack,SensorizedPyBulletUAVWaypoint-v0,SensorizedPyBulletUAVWaypoint-v0,native_gymnasium_observation,temporal_frame_stack_4,15004,train,180,,,180,6,-0.3722204428724945,30,0.0,180,38,0.0030498766756959653,0.008155559189617634,0,1,2,2.3910999999789055,1.5372419999621343,0.8538580000167713,1.5372419999621343,0.8538580000167713,7544f61e62b857de55fcd6c17c5151159b824ebf,1.8.0,36544a532d02876404ae4245dbfdbf54a902a017d06dc714fab7bef09253291c,True,3.12.13,2.12.0+cpu,2.4.6,1.2.3,3.1.0,2.1.0,3.2.7,,,,,,1.0,0.0,0.0,0.0,0.0,1.0,0.0,1.0,0.0,nan,nan,0.0,nan,0.0,0.0,nan,1.0,nan,nan,unsupported,851.34,1023.6,neural,0.0,0.0,0.0,,,,,,,,,,,,,0.03298841140543421,0.26666666666666666,0.5333333333333333,0.0,,,,,,,,,,,,,,,
reviewer1_temporal_interface_development,reviewer1_temporal_interface_development,configs/reviewer1_remaining/temporal_and_interface_development/matched_design.yaml,architecture_frame_stack,SensorizedPyBulletUAVWaypoint-v0,SensorizedPyBulletUAVWaypoint-v0,native_gymnasium_observation,temporal_frame_stack_4,15004,train,210,,,210,7,-0.9830683122389021,30,0.0,210,45,0.0027373270028167303,0.008155559189617634,0,1,2,2.633889199991245,1.7800311999744736,0.8538580000167713,1.7800311999744736,0.8538580000167713,7544f61e62b857de55fcd6c17c5151159b824ebf,1.8.0,36544a532d02876404ae4245dbfdbf54a902a017d06dc714fab7bef09253291c,True,3.12.13,2.12.0+cpu,2.4.6,1.2.3,3.1.0,2.1.0,3.2.7,,,,,,1.0,0.0,0.6333333333333333,0.06666666666666667,-0.0033333333333333344,1.0,0.0,1.0,0.0,nan,nan,0.0,nan,0.0,0.0,nan,1.0,nan,nan,unsupported,806.3366666666666,859.85,neural,0.0,0.0,0.0,,,,,,,,,,,,,0.031101292309661705,0.23333333333333334,0.9666666666666667,0.0,,,,,,,,,,,,,,,
reviewer1_temporal_interface_development,reviewer1_temporal_interface_development,configs/reviewer1_remaining/temporal_and_interface_development/matched_design.yaml,architecture_frame_stack,SensorizedPyBulletUAVWaypoint-v0,SensorizedPyBulletUAVWaypoint-v0,native_gymnasium_observation,temporal_frame_stack_4,15004,eval,240,240,-1.397117362655699,240,1,-1.397117362655699,30,0.0,240,53,0.002467478979115357,0.008155559189617634,0,2,2,3.750716599985026,2.0199285999697167,1.730788000015309,2.0199285999697167,1.730788000015309,7544f61e62b857de55fcd6c17c5151159b824ebf,1.8.0,36544a532d02876404ae4245dbfdbf54a902a017d06dc714fab7bef09253291c,True,3.12.13,2.12.0+cpu,2.4.6,1.2.3,3.1.0,2.1.0,3.2.7,,,,,,1.0,0.0,0.6333333333333333,0.03333333333333333,-0.0016666666666666672,1.0,0.0,1.0,0.0,nan,nan,0.0,nan,0.0,0.0,nan,1.0,nan,nan,unsupported,1293.7133333333336,1192.4,neural,0.0,0.0,0.0,,,,,,,,,,,,,0.03137790126105149,0.3,0.0,0.0,nan,nan,10,nan,nan,nan,nan,unavailable,unavailable,unavailable,nan,nan,0.0,unavailable,nan
reviewer1_temporal_interface_development,reviewer1_temporal_interface_development,configs/reviewer1_remaining/temporal_and_interface_development/matched_design.yaml,architecture_frame_stack,SensorizedPyBulletUAVWaypoint-v0,SensorizedPyBulletUAVWaypoint-v0,native_gymnasium_observation,temporal_frame_stack_4,15004,eval,240,240,-1.8264145364053546,240,2,-1.8264145364053546,30,0.0,240,53,0.002467478979115357,0.008155559189617634,0,2,2,3.7508998999837786,2.0201118999684695,1.730788000015309,2.0201118999684695,1.730788000015309,7544f61e62b857de55fcd6c17c5151159b824ebf,1.8.0,36544a532d02876404ae4245dbfdbf54a902a017d06dc714fab7bef09253291c,True,3.12.13,2.12.0+cpu,2.4.6,1.2.3,3.1.0,2.1.0,3.2.7,,,,,,1.0,0.0,1.0,0.0,0.0,1.0,0.0,1.0,0.0,nan,nan,0.0,nan,0.0,0.0,nan,1.0,nan,nan,unsupported,1096.98,991.3,neural,0.0,0.0,0.0,,,,,,,,,,,,,0.027085272230518362,0.16666666666666666,0.4,0.0,nan,nan,7,nan,nan,nan,nan,unavailable,unavailable,unavailable,nan,nan,0.0,unavailable,nan
reviewer1_temporal_interface_development,reviewer1_temporal_interface_development,configs/reviewer1_remaining/temporal_and_interface_development/matched_design.yaml,architecture_frame_stack,SensorizedPyBulletUAVWaypoint-v0,SensorizedPyBulletUAVWaypoint-v0,native_gymnasium_observation,temporal_frame_stack_4,15004,eval,240,240,-1.6750558382738385,240,3,-1.6750558382738385,30,0.0,240,53,0.002467478979115357,0.008155559189617634,0,2,2,3.7510109999857377,2.0202229999704286,1.730788000015309,2.0202229999704286,1.730788000015309,7544f61e62b857de55fcd6c17c5151159b824ebf,1.8.0,36544a532d02876404ae4245dbfdbf54a902a017d06dc714fab7bef09253291c,True,3.12.13,2.12.0+cpu,2.4.6,1.2.3,3.1.0,2.1.0,3.2.7,,,,,,1.0,0.0,1.0,0.0,0.0,1.0,0.0,1.0,0.0,nan,nan,0.0,nan,0.0,0.0,nan,1.0,nan,nan,unsupported,1115.8633333333332,1129.35,neural,0.0,0.0,0.0,,,,,,,,,,,,,0.024886606777484607,0.26666666666666666,0.0,0.0,nan,nan,18,nan,nan,nan,nan,unavailable,unavailable,unavailable,nan,nan,0.0,unavailable,nan
reviewer1_temporal_interface_development,reviewer1_temporal_interface_development,configs/reviewer1_remaining/temporal_and_interface_development/matched_design.yaml,architecture_frame_stack,SensorizedPyBulletUAVWaypoint-v0,SensorizedPyBulletUAVWaypoint-v0,native_gymnasium_observation,temporal_frame_stack_4,15004,train,240,,,240,8,-0.6406702210195363,30,0.0,240,53,0.002467478979115357,0.008155559189617634,0,2,2,3.7525800000003073,2.0217919999849983,1.730788000015309,2.0217919999849983,1.730788000015309,7544f61e62b857de55fcd6c17c5151159b824ebf,1.8.0,36544a532d02876404ae4245dbfdbf54a902a017d06dc714fab7bef09253291c,True,3.12.13,2.12.0+cpu,2.4.6,1.2.3,3.1.0,2.1.0,3.2.7,,,,,,1.0,0.0,0.06666666666666667,0.0,0.0,1.0,0.0,1.0,0.0,nan,nan,0.0,nan,0.0,0.0,nan,1.0,nan,nan,unsupported,897.7900000000001,908.75,neural,0.0,0.0,0.0,,,,,,,,,,,,,0.032037885238726936,0.2,0.0,0.0,,,,,,,,,,,,,,,
reviewer1_temporal_interface_development,reviewer1_temporal_interface_development,configs/reviewer1_remaining/temporal_and_interface_development/matched_design.yaml,architecture_frame_stack,SensorizedPyBulletUAVWaypoint-v0,SensorizedPyBulletUAVWaypoint-v0,native_gymnasium_observation,temporal_frame_stack_4,15005,train,30,,,30,1,-0.49999214906245476,30,0.0,30,0,nan,nan,0,0,2,0.20940359999076463,0.20940359999076463,0.0,0.20940359999076463,0.0,7544f61e62b857de55fcd6c17c5151159b824ebf,1.8.0,36544a532d02876404ae4245dbfdbf54a902a017d06dc714fab7bef09253291c,True,3.12.13,2.12.0+cpu,2.4.6,1.2.3,3.1.0,2.1.0,3.2.7,,,,,,1.0,0.0,0.03333333333333333,0.03333333333333333,-0.0016666666666666672,1.0,0.0,0.0,0.0,nan,nan,0.0,nan,0.0,0.0,nan,0.0,nan,nan,unsupported,34.72333333333333,33.15,none,0.0,0.0,0.0,,,,,,,,,,,,,0.03030656126017372,0.16666666666666666,0.8666666666666667,0.0,,,,,,,,,,,,,,,
reviewer1_temporal_interface_development,reviewer1_temporal_interface_development,configs/reviewer1_remaining/temporal_and_interface_development/matched_design.yaml,architecture_frame_stack,SensorizedPyBulletUAVWaypoint-v0,SensorizedPyBulletUAVWaypoint-v0,native_gymnasium_observation,temporal_frame_stack_4,15005,train,60,,,60,2,-1.4648204120621082,30,0.0,60,8,0.03229506895877421,0.048915162682533264,0,0,2,0.4598332999739796,0.4598332999739796,0.0,0.4598332999739796,0.0,7544f61e62b857de55fcd6c17c5151159b824ebf,1.8.0,36544a532d02876404ae4245dbfdbf54a902a017d06dc714fab7bef09253291c,True,3.12.13,2.12.0+cpu,2.4.6,1.2.3,3.1.0,2.1.0,3.2.7,,,,,,1.0,0.0,1.0,0.06666666666666667,-0.0033333333333333344,1.0,0.0,0.6333333333333333,0.0,nan,nan,0.0,nan,0.0,0.0,nan,0.6333333333333333,nan,nan,unsupported,226.82666666666665,37.4,neural,0.0,0.0,0.0,,,,,,,,,,,,,0.032704989053308965,0.16666666666666666,0.0,0.0,,,,,,,,,,,,,,,
reviewer1_temporal_interface_development,reviewer1_temporal_interface_development,configs/reviewer1_remaining/temporal_and_interface_development/matched_design.yaml,architecture_frame_stack,SensorizedPyBulletUAVWaypoint-v0,SensorizedPyBulletUAVWaypoint-v0,native_gymnasium_observation,temporal_frame_stack_4,15005,train,90,,,90,3,-1.5910486282152123,30,0.0,90,15,0.02618714068084955,0.048915162682533264,0,0,2,0.7042244999902323,0.7042244999902323,0.0,0.7042244999902323,0.0,7544f61e62b857de55fcd6c17c5151159b824ebf,1.8.0,36544a532d02876404ae4245dbfdbf54a902a017d06dc714fab7bef09253291c,True,3.12.13,2.12.0+cpu,2.4.6,1.2.3,3.1.0,2.1.0,3.2.7,,,,,,1.0,0.0,1.0,0.06666666666666667,-0.0033333333333333344,1.0,0.0,1.0,0.0,nan,nan,0.0,nan,0.0,0.0,nan,1.0,nan,nan,unsupported,290.8233333333334,44.8,neural,0.0,0.0,0.0,,,,,,,,,,,,,0.03194986418820918,0.26666666666666666,0.0,0.0,,,,,,,,,,,,,,,
reviewer1_temporal_interface_development,reviewer1_temporal_interface_development,configs/reviewer1_remaining/temporal_and_interface_development/matched_design.yaml,architecture_frame_stack,SensorizedPyBulletUAVWaypoint-v0,SensorizedPyBulletUAVWaypoint-v0,native_gymnasium_observation,temporal_frame_stack_4,15005,eval,120,120,-0.23108138313516977,120,1,-0.23108138313516977,30,0.0,120,23,0.02241614983295617,0.048915162682533264,0,1,2,1.8219018999952823,0.9572155000059865,0.8646863999892958,0.9572155000059865,0.8646863999892958,7544f61e62b857de55fcd6c17c5151159b824ebf,1.8.0,36544a532d02876404ae4245dbfdbf54a902a017d06dc714fab7bef09253291c,True,3.12.13,2.12.0+cpu,2.4.6,1.2.3,3.1.0,2.1.0,3.2.7,,,,,,1.0,0.0,0.13333333333333333,0.0,0.0,1.0,0.0,1.0,0.0,nan,nan,0.0,nan,0.0,0.0,nan,1.0,nan,nan,unsupported,1236.506666666667,1214.5,neural,0.0,0.0,0.0,,,,,,,,,,,,,0.029741950752213597,0.1,0.9666666666666667,0.0,nan,nan,23,nan,nan,nan,nan,unavailable,unavailable,unavailable,nan,nan,0.0,unavailable,nan
reviewer1_temporal_interface_development,reviewer1_temporal_interface_development,configs/reviewer1_remaining/temporal_and_interface_development/matched_design.yaml,architecture_frame_stack,SensorizedPyBulletUAVWaypoint-v0,SensorizedPyBulletUAVWaypoint-v0,native_gymnasium_observation,temporal_frame_stack_4,15005,eval,120,120,-0.12206994506530464,120,2,-0.12206994506530464,30,0.0,120,23,0.02241614983295617,0.048915162682533264,0,1,2,1.8221527999849059,0.9574663999956101,0.8646863999892958,0.9574663999956101,0.8646863999892958,7544f61e62b857de55fcd6c17c5151159b824ebf,1.8.0,36544a532d02876404ae4245dbfdbf54a902a017d06dc714fab7bef09253291c,True,3.12.13,2.12.0+cpu,2.4.6,1.2.3,3.1.0,2.1.0,3.2.7,,,,,,1.0,0.0,0.2,0.0,0.0,1.0,0.0,1.0,0.0,nan,nan,0.0,nan,0.0,0.0,nan,1.0,nan,nan,unsupported,1184.6866666666667,1122.1,neural,0.0,0.0,0.0,,,,,,,,,,,,,0.03549414975568652,0.26666666666666666,0.9666666666666667,0.0,nan,nan,23,nan,nan,nan,nan,unavailable,unavailable,unavailable,nan,nan,0.0,unavailable,nan
reviewer1_temporal_interface_development,reviewer1_temporal_interface_development,configs/reviewer1_remaining/temporal_and_interface_development/matched_design.yaml,architecture_frame_stack,SensorizedPyBulletUAVWaypoint-v0,SensorizedPyBulletUAVWaypoint-v0,native_gymnasium_observation,temporal_frame_stack_4,15005,eval,120,120,-1.5547979571949693,120,3,-1.5547979571949693,30,0.0,120,23,0.02241614983295617,0.048915162682533264,0,1,2,1.8222792999877129,0.9575928999984171,0.8646863999892958,0.9575928999984171,0.8646863999892958,7544f61e62b857de55fcd6c17c5151159b824ebf,1.8.0,36544a532d02876404ae4245dbfdbf54a902a017d06dc714fab7bef09253291c,True,3.12.13,2.12.0+cpu,2.4.6,1.2.3,3.1.0,2.1.0,3.2.7,,,,,,1.0,0.0,1.0,0.0,0.0,1.0,0.0,1.0,0.0,nan,nan,0.0,nan,0.0,0.0,nan,1.0,nan,nan,unsupported,1072.35,987.35,neural,0.0,0.0,0.0,,,,,,,,,,,,,0.028672811823586622,0.13333333333333333,0.0,0.0,nan,nan,14,nan,nan,nan,nan,unavailable,unavailable,unavailable,nan,nan,0.0,unavailable,nan
reviewer1_temporal_interface_development,reviewer1_temporal_interface_development,configs/reviewer1_remaining/temporal_and_interface_development/matched_design.yaml,architecture_frame_stack,SensorizedPyBulletUAVWaypoint-v0,SensorizedPyBulletUAVWaypoint-v0,native_gymnasium_observation,temporal_frame_stack_4,15005,train,120,,,120,4,-0.4654178113304079,30,0.0,120,23,0.02241614983295617,0.048915162682533264,0,1,2,1.8280862999963574,0.9633999000070617,0.8646863999892958,0.9633999000070617,0.8646863999892958,7544f61e62b857de55fcd6c17c5151159b824ebf,1.8.0,36544a532d02876404ae4245dbfdbf54a902a017d06dc714fab7bef09253291c,True,3.12.13,2.12.0+cpu,2.4.6,1.2.3,3.1.0,2.1.0,3.2.7,,,,,,1.0,0.0,0.16666666666666666,0.0,0.0,1.0,0.0,1.0,0.0,nan,nan,0.0,nan,0.0,0.0,nan,1.0,nan,nan,unsupported,456.19,59.25,neural,0.0,0.0,0.0,,,,,,,,,,,,,0.034494999299446744,0.1,1.0,0.0,,,,,,,,,,,,,,,
reviewer1_temporal_interface_development,reviewer1_temporal_interface_development,configs/reviewer1_remaining/temporal_and_interface_development/matched_design.yaml,architecture_frame_stack,SensorizedPyBulletUAVWaypoint-v0,SensorizedPyBulletUAVWaypoint-v0,native_gymnasium_observation,temporal_frame_stack_4,15005,train,150,,,150,5,-0.918772686342709,30,0.0,150,30,0.018618831659356752,0.048915162682533264,0,1,2,2.074854599981336,1.2101681999920402,0.8646863999892958,1.2101681999920402,0.8646863999892958,7544f61e62b857de55fcd6c17c5151159b824ebf,1.8.0,36544a532d02876404ae4245dbfdbf54a902a017d06dc714fab7bef09253291c,True,3.12.13,2.12.0+cpu,2.4.6,1.2.3,3.1.0,2.1.0,3.2.7,,,,,,1.0,0.0,0.4,0.0,0.0,1.0,0.0,1.0,0.0,nan,nan,0.0,nan,0.0,0.0,nan,1.0,nan,nan,unsupported,527.92,57.25,neural,0.0,0.0,0.0,,,,,,,,,,,,,0.035477460858722526,0.16666666666666666,0.0,0.0,,,,,,,,,,,,,,,
reviewer1_temporal_interface_development,reviewer1_temporal_interface_development,configs/reviewer1_remaining/temporal_and_interface_development/matched_design.yaml,architecture_frame_stack,SensorizedPyBulletUAVWaypoint-v0,SensorizedPyBulletUAVWaypoint-v0,native_gymnasium_observation,temporal_frame_stack_4,15005,train,180,,,180,6,-1.268380623757839,30,0.0,180,38,0.015911221908601492,0.048915162682533264,0,1,2,2.3317373000027146,1.4670509000134189,0.8646863999892958,1.4670509000134189,0.8646863999892958,7544f61e62b857de55fcd6c17c5151159b824ebf,1.8.0,36544a532d02876404ae4245dbfdbf54a902a017d06dc714fab7bef09253291c,True,3.12.13,2.12.0+cpu,2.4.6,1.2.3,3.1.0,2.1.0,3.2.7,,,,,,1.0,0.0,1.0,0.0,0.0,1.0,0.0,1.0,0.0,nan,nan,0.0,nan,0.0,0.0,nan,1.0,nan,nan,unsupported,761.6033333333334,907.9,neural,0.0,0.0,0.0,,,,,,,,,,,,,0.030028794853569706,0.26666666666666666,0.0,0.0,,,,,,,,,,,,,,,
reviewer1_temporal_interface_development,reviewer1_temporal_interface_development,configs/reviewer1_remaining/temporal_and_interface_development/matched_design.yaml,architecture_frame_stack,SensorizedPyBulletUAVWaypoint-v0,SensorizedPyBulletUAVWaypoint-v0,native_gymnasium_observation,temporal_frame_stack_4,15005,train,210,,,210,7,-1.6915107779763636,30,0.0,210,45,0.01413751975633204,0.048915162682533264,0,1,2,2.576534599997103,1.7118482000078075,0.8646863999892958,1.7118482000078075,0.8646863999892958,7544f61e62b857de55fcd6c17c5151159b824ebf,1.8.0,36544a532d02876404ae4245dbfdbf54a902a017d06dc714fab7bef09253291c,True,3.12.13,2.12.0+cpu,2.4.6,1.2.3,3.1.0,2.1.0,3.2.7,,,,,,1.0,0.0,1.0,0.0,0.0,1.0,0.0,1.0,0.0,nan,nan,0.0,nan,0.0,0.0,nan,1.0,nan,nan,unsupported,828.9799999999999,883.05,neural,0.0,0.0,0.0,,,,,,,,,,,,,0.02865624533345302,0.26666666666666666,0.0,0.0,,,,,,,,,,,,,,,
reviewer1_temporal_interface_development,reviewer1_temporal_interface_development,configs/reviewer1_remaining/temporal_and_interface_development/matched_design.yaml,architecture_frame_stack,SensorizedPyBulletUAVWaypoint-v0,SensorizedPyBulletUAVWaypoint-v0,native_gymnasium_observation,temporal_frame_stack_4,15005,eval,240,240,-1.1121244668867434,240,1,-1.1121244668867434,30,0.0,240,53,0.012449369534085732,0.048915162682533264,0,2,2,3.685349999985192,1.9651031999965198,1.7202467999886721,1.9651031999965198,1.7202467999886721,7544f61e62b857de55fcd6c17c5151159b824ebf,1.8.0,36544a532d02876404ae4245dbfdbf54a902a017d06dc714fab7bef09253291c,True,3.12.13,2.12.0+cpu,2.4.6,1.2.3,3.1.0,2.1.0,3.2.7,,,,,,1.0,0.0,0.8666666666666667,0.0,0.0,1.0,0.0,1.0,0.0,nan,nan,0.0,nan,0.0,0.0,nan,1.0,nan,nan,unsupported,1092.8866666666665,1073.5500000000002,neural,0.0,0.0,0.0,,,,,,,,,,,,,0.031669108849018815,0.26666666666666666,0.0,0.0,nan,nan,8,nan,nan,nan,nan,unavailable,unavailable,unavailable,nan,nan,0.0,unavailable,nan
reviewer1_temporal_interface_development,reviewer1_temporal_interface_development,configs/reviewer1_remaining/temporal_and_interface_development/matched_design.yaml,architecture_frame_stack,SensorizedPyBulletUAVWaypoint-v0,SensorizedPyBulletUAVWaypoint-v0,native_gymnasium_observation,temporal_frame_stack_4,15005,eval,240,240,-1.4011325252614915,240,2,-1.4011325252614915,30,0.0,240,53,0.012449369534085732,0.048915162682533264,0,2,2,3.685665799974231,1.965418999985559,1.7202467999886721,1.965418999985559,1.7202467999886721,7544f61e62b857de55fcd6c17c5151159b824ebf,1.8.0,36544a532d02876404ae4245dbfdbf54a902a017d06dc714fab7bef09253291c,True,3.12.13,2.12.0+cpu,2.4.6,1.2.3,3.1.0,2.1.0,3.2.7,,,,,,1.0,0.0,1.0,0.0,0.0,1.0,0.0,1.0,0.0,nan,nan,0.0,nan,0.0,0.0,nan,1.0,nan,nan,unsupported,1166.71,1108.85,neural,0.0,0.0,0.0,,,,,,,,,,,,,0.027865496914212903,0.26666666666666666,0.0,0.0,nan,nan,4,nan,nan,nan,nan,unavailable,unavailable,unavailable,nan,nan,0.0,unavailable,nan
reviewer1_temporal_interface_development,reviewer1_temporal_interface_development,configs/reviewer1_remaining/temporal_and_interface_development/matched_design.yaml,architecture_frame_stack,SensorizedPyBulletUAVWaypoint-v0,SensorizedPyBulletUAVWaypoint-v0,native_gymnasium_observation,temporal_frame_stack_4,15005,eval,240,240,-1.7936057472974063,240,3,-1.7936057472974063,30,0.0,240,53,0.012449369534085732,0.048915162682533264,0,2,2,3.6858201999857556,1.9655733999970835,1.7202467999886721,1.9655733999970835,1.7202467999886721,7544f61e62b857de55fcd6c17c5151159b824ebf,1.8.0,36544a532d02876404ae4245dbfdbf54a902a017d06dc714fab7bef09253291c,True,3.12.13,2.12.0+cpu,2.4.6,1.2.3,3.1.0,2.1.0,3.2.7,,,,,,1.0,0.0,1.0,0.0,0.0,1.0,0.0,1.0,0.0,nan,nan,0.0,nan,0.0,0.0,nan,1.0,nan,nan,unsupported,1065.72,1012.65,neural,0.0,0.0,0.0,,,,,,,,,,,,,0.032282077427953484,0.06666666666666667,0.9666666666666667,0.0,nan,nan,4,nan,nan,nan,nan,unavailable,unavailable,unavailable,nan,nan,0.0,unavailable,nan
reviewer1_temporal_interface_development,reviewer1_temporal_interface_development,configs/reviewer1_remaining/temporal_and_interface_development/matched_design.yaml,architecture_frame_stack,SensorizedPyBulletUAVWaypoint-v0,SensorizedPyBulletUAVWaypoint-v0,native_gymnasium_observation,temporal_frame_stack_4,15005,train,240,,,240,8,-1.0944608704769057,30,0.0,240,53,0.012449369534085732,0.048915162682533264,0,2,2,3.6878986999799963,1.9676518999913242,1.7202467999886721,1.9676518999913242,1.7202467999886721,7544f61e62b857de55fcd6c17c5151159b824ebf,1.8.0,36544a532d02876404ae4245dbfdbf54a902a017d06dc714fab7bef09253291c,True,3.12.13,2.12.0+cpu,2.4.6,1.2.3,3.1.0,2.1.0,3.2.7,,,,,,1.0,0.0,0.6333333333333333,0.0,0.0,1.0,0.0,1.0,0.0,nan,nan,0.0,nan,0.0,0.0,nan,1.0,nan,nan,unsupported,945.5833333333334,995.95,neural,0.0,0.0,0.0,,,,,,,,,,,,,0.03287920205232998,0.26666666666666666,0.0,0.0,,,,,,,,,,,,,,,
reviewer1_temporal_interface_development,reviewer1_temporal_interface_development,configs/reviewer1_remaining/temporal_and_interface_development/matched_design.yaml,architecture_sensorized_low_level,SensorizedPyBulletUAVWaypoint-v0,SensorizedPyBulletUAVWaypoint-v0,native_gymnasium_observation,feedforward_capacity_h064,15004,train,30,,,30,1,-1.5487800478842113,30,0.0,30,0,nan,nan,0,0,2,0.29277660002117045,0.29277660002117045,0.0,0.29277660002117045,0.0,7544f61e62b857de55fcd6c17c5151159b824ebf,1.8.0,36544a532d02876404ae4245dbfdbf54a902a017d06dc714fab7bef09253291c,True,3.12.13,2.12.0+cpu,2.4.6,1.2.3,3.1.0,2.1.0,3.2.7,,,,,,1.0,0.0,1.0,0.03333333333333333,-0.0016666666666666672,1.0,0.0,0.26666666666666666,0.0,nan,nan,0.0,nan,0.0,0.0,nan,0.26666666666666666,nan,nan,unsupported,1464.116666666667,26.85,none,0.0,0.0,0.0,,,,,,,,,,,,,0.030779587694754203,0.23333333333333334,0.9,0.0,,,,,,,,,,,,,,,
reviewer1_temporal_interface_development,reviewer1_temporal_interface_development,configs/reviewer1_remaining/temporal_and_interface_development/matched_design.yaml,architecture_sensorized_low_level,SensorizedPyBulletUAVWaypoint-v0,SensorizedPyBulletUAVWaypoint-v0,native_gymnasium_observation,feedforward_capacity_h064,15004,train,60,,,60,2,-1.593522722669877,30,0.0,60,8,0.018312775064259768,0.02545190416276455,0,0,2,0.7355239000171423,0.7355239000171423,0.0,0.7355239000171423,0.0,7544f61e62b857de55fcd6c17c5151159b824ebf,1.8.0,36544a532d02876404ae4245dbfdbf54a902a017d06dc714fab7bef09253291c,True,3.12.13,2.12.0+cpu,2.4.6,1.2.3,3.1.0,2.1.0,3.2.7,,,,,,1.0,0.0,1.0,0.0,0.0,1.0,0.0,1.0,0.0,nan,nan,0.0,nan,0.0,0.0,nan,1.0,nan,nan,unsupported,206.91666666666666,37.5,neural,0.0,0.0,0.0,,,,,,,,,,,,,0.0302692921521763,0.26666666666666666,0.0,0.0,,,,,,,,,,,,,,,
reviewer1_temporal_interface_development,reviewer1_temporal_interface_development,configs/reviewer1_remaining/temporal_and_interface_development/matched_design.yaml,architecture_sensorized_low_level,SensorizedPyBulletUAVWaypoint-v0,SensorizedPyBulletUAVWaypoint-v0,native_gymnasium_observation,feedforward_capacity_h064,15004,train,90,,,90,3,-0.32151923918165276,30,0.0,90,15,0.018130052462220193,0.02545190416276455,0,0,2,1.0041154000209644,1.0041154000209644,0.0,1.0041154000209644,0.0,7544f61e62b857de55fcd6c17c5151159b824ebf,1.8.0,36544a532d02876404ae4245dbfdbf54a902a017d06dc714fab7bef09253291c,True,3.12.13,2.12.0+cpu,2.4.6,1.2.3,3.1.0,2.1.0,3.2.7,,,,,,1.0,0.0,0.0,0.0,0.0,1.0,0.0,1.0,0.0,nan,nan,0.0,nan,0.0,0.0,nan,1.0,nan,nan,unsupported,490.81666666666666,67.6,neural,0.0,0.0,0.0,,,,,,,,,,,,,0.03478155229240656,0.2,0.0,0.0,,,,,,,,,,,,,,,
reviewer1_temporal_interface_development,reviewer1_temporal_interface_development,configs/reviewer1_remaining/temporal_and_interface_development/matched_design.yaml,architecture_sensorized_low_level,SensorizedPyBulletUAVWaypoint-v0,SensorizedPyBulletUAVWaypoint-v0,native_gymnasium_observation,feedforward_capacity_h064,15004,eval,120,120,-0.6158695311238989,120,1,-0.6158695311238989,30,0.0,120,23,0.01673060469329357,0.02545190416276455,0,1,2,2.2490246000234038,1.338881100033177,0.9101434999902267,1.338881100033177,0.9101434999902267,7544f61e62b857de55fcd6c17c5151159b824ebf,1.8.0,36544a532d02876404ae4245dbfdbf54a902a017d06dc714fab7bef09253291c,True,3.12.13,2.12.0+cpu,2.4.6,1.2.3,3.1.0,2.1.0,3.2.7,,,,,,1.0,0.0,0.0,0.0,0.0,1.0,0.0,1.0,0.0,nan,nan,0.0,nan,0.0,0.0,nan,1.0,nan,nan,unsupported,1163.86,1100.1,neural,0.0,0.0,0.0,,,,,,,,,,,,,0.03234221652771036,0.13333333333333333,0.9666666666666667,0.0,nan,nan,6,nan,nan,nan,nan,unavailable,unavailable,unavailable,nan,nan,0.0,unavailable,nan
reviewer1_temporal_interface_development,reviewer1_temporal_interface_development,configs/reviewer1_remaining/temporal_and_interface_development/matched_design.yaml,architecture_sensorized_low_level,SensorizedPyBulletUAVWaypoint-v0,SensorizedPyBulletUAVWaypoint-v0,native_gymnasium_observation,feedforward_capacity_h064,15004,eval,120,120,-1.7612354377191513,120,2,-1.7612354377191513,30,0.0,120,23,0.01673060469329357,0.02545190416276455,0,1,2,2.249264600017341,1.3391211000271142,0.9101434999902267,1.3391211000271142,0.9101434999902267,7544f61e62b857de55fcd6c17c5151159b824ebf,1.8.0,36544a532d02876404ae4245dbfdbf54a902a017d06dc714fab7bef09253291c,True,3.12.13,2.12.0+cpu,2.4.6,1.2.3,3.1.0,2.1.0,3.2.7,,,,,,1.0,0.0,0.9666666666666667,0.0,0.0,1.0,0.0,1.0,0.0,nan,nan,0.0,nan,0.0,0.0,nan,1.0,nan,nan,unsupported,1043.33,1034.2,neural,0.0,0.0,0.0,,,,,,,,,,,,,0.030996072106063366,0.23333333333333334,0.6333333333333333,0.0,nan,nan,6,nan,nan,nan,nan,unavailable,unavailable,unavailable,nan,nan,0.0,unavailable,nan
reviewer1_temporal_interface_development,reviewer1_temporal_interface_development,configs/reviewer1_remaining/temporal_and_interface_development/matched_design.yaml,architecture_sensorized_low_level,SensorizedPyBulletUAVWaypoint-v0,SensorizedPyBulletUAVWaypoint-v0,native_gymnasium_observation,feedforward_capacity_h064,15004,eval,120,120,-1.786884712651372,120,3,-1.786884712651372,30,0.0,120,23,0.01673060469329357,0.02545190416276455,0,1,2,2.249377700005425,1.3392342000151984,0.9101434999902267,1.3392342000151984,0.9101434999902267,7544f61e62b857de55fcd6c17c5151159b824ebf,1.8.0,36544a532d02876404ae4245dbfdbf54a902a017d06dc714fab7bef09253291c,True,3.12.13,2.12.0+cpu,2.4.6,1.2.3,3.1.0,2.1.0,3.2.7,,,,,,1.0,0.0,1.0,0.0,0.0,1.0,0.0,1.0,0.0,nan,nan,0.0,nan,0.0,0.0,nan,1.0,nan,nan,unsupported,1048.3799999999999,996.8,neural,0.0,0.0,0.0,,,,,,,,,,,,,0.03404378633325299,0.13333333333333333,0.0,0.0,nan,nan,23,nan,nan,nan,nan,unavailable,unavailable,unavailable,nan,nan,0.0,unavailable,nan
reviewer1_temporal_interface_development,reviewer1_temporal_interface_development,configs/reviewer1_remaining/temporal_and_interface_development/matched_design.yaml,architecture_sensorized_low_level,SensorizedPyBulletUAVWaypoint-v0,SensorizedPyBulletUAVWaypoint-v0,native_gymnasium_observation,feedforward_capacity_h064,15004,train,120,,,120,4,-0.8147590092150497,30,0.0,120,23,0.01673060469329357,0.02545190416276455,0,1,2,2.255912599997828,1.345769100007601,0.9101434999902267,1.345769100007601,0.9101434999902267,7544f61e62b857de55fcd6c17c5151159b824ebf,1.8.0,36544a532d02876404ae4245dbfdbf54a902a017d06dc714fab7bef09253291c,True,3.12.13,2.12.0+cpu,2.4.6,1.2.3,3.1.0,2.1.0,3.2.7,,,,,,1.0,0.0,0.3,0.03333333333333333,-0.0016666666666666672,1.0,0.0,1.0,0.0,nan,nan,0.0,nan,0.0,0.0,nan,1.0,nan,nan,unsupported,453.6066666666666,59.15,neural,0.0,0.0,0.0,,,,,,,,,,,,,0.029482950648768262,0.2,0.06666666666666667,0.0,,,,,,,,,,,,,,,
reviewer1_temporal_interface_development,reviewer1_temporal_interface_development,configs/reviewer1_remaining/temporal_and_interface_development/matched_design.yaml,architecture_sensorized_low_level,SensorizedPyBulletUAVWaypoint-v0,SensorizedPyBulletUAVWaypoint-v0,native_gymnasium_observation,feedforward_capacity_h064,15004,train,150,,,150,5,-1.6955522861843928,30,0.0,150,30,0.014922582901393373,0.02545190416276455,0,1,2,2.4962026000139304,1.5860591000237036,0.9101434999902267,1.5860591000237036,0.9101434999902267,7544f61e62b857de55fcd6c17c5151159b824ebf,1.8.0,36544a532d02876404ae4245dbfdbf54a902a017d06dc714fab7bef09253291c,True,3.12.13,2.12.0+cpu,2.4.6,1.2.3,3.1.0,2.1.0,3.2.7,,,,,,1.0,0.0,1.0,0.06666666666666667,-0.0033333333333333344,1.0,0.0,1.0,0.0,nan,nan,0.0,nan,0.0,0.0,nan,1.0,nan,nan,unsupported,514.1733333333333,72.2,neural,0.0,0.0,0.0,,,,,,,,,,,,,0.029770401942854127,0.3333333333333333,0.0,0.0,,,,,,,,,,,,,,,
reviewer1_temporal_interface_development,reviewer1_temporal_interface_development,configs/reviewer1_remaining/temporal_and_interface_development/matched_design.yaml,architecture_sensorized_low_level,SensorizedPyBulletUAVWaypoint-v0,SensorizedPyBulletUAVWaypoint-v0,native_gymnasium_observation,feedforward_capacity_h064,15004,train,180,,,180,6,-0.6254995576292277,30,0.0,180,38,0.012999431695789099,0.02545190416276455,0,1,2,2.804903900017962,1.8947604000277352,0.9101434999902267,1.8947604000277352,0.9101434999902267,7544f61e62b857de55fcd6c17c5151159b824ebf,1.8.0,36544a532d02876404ae4245dbfdbf54a902a017d06dc714fab7bef09253291c,True,3.12.13,2.12.0+cpu,2.4.6,1.2.3,3.1.0,2.1.0,3.2.7,,,,,,1.0,0.0,0.0,0.0,0.0,1.0,0.0,1.0,0.0,nan,nan,0.0,nan,0.0,0.0,nan,1.0,nan,nan,unsupported,793.3166666666668,972.75,neural,0.0,0.0,0.0,,,,,,,,,,,,,0.03293923223391175,0.26666666666666666,0.3333333333333333,0.0,,,,,,,,,,,,,,,
reviewer1_temporal_interface_development,reviewer1_temporal_interface_development,configs/reviewer1_remaining/temporal_and_interface_development/matched_design.yaml,architecture_sensorized_low_level,SensorizedPyBulletUAVWaypoint-v0,SensorizedPyBulletUAVWaypoint-v0,native_gymnasium_observation,feedforward_capacity_h064,15004,train,210,,,210,7,-1.3352386482432486,30,0.0,210,45,0.011573017129881515,0.02545190416276455,0,1,2,3.107879300019704,2.197735800029477,0.9101434999902267,2.197735800029477,0.9101434999902267,7544f61e62b857de55fcd6c17c5151159b824ebf,1.8.0,36544a532d02876404ae4245dbfdbf54a902a017d06dc714fab7bef09253291c,True,3.12.13,2.12.0+cpu,2.4.6,1.2.3,3.1.0,2.1.0,3.2.7,,,,,,1.0,0.0,0.8333333333333334,0.06666666666666667,-0.0033333333333333344,1.0,0.0,1.0,0.0,nan,nan,0.0,nan,0.0,0.0,nan,1.0,nan,nan,unsupported,847.57,931.7,neural,0.0,0.0,0.0,,,,,,,,,,,,,0.031653244079401094,0.23333333333333334,0.9666666666666667,0.0,,,,,,,,,,,,,,,
reviewer1_temporal_interface_development,reviewer1_temporal_interface_development,configs/reviewer1_remaining/temporal_and_interface_development/matched_design.yaml,architecture_sensorized_low_level,SensorizedPyBulletUAVWaypoint-v0,SensorizedPyBulletUAVWaypoint-v0,native_gymnasium_observation,feedforward_capacity_h064,15004,eval,240,240,-0.6761856769747101,240,1,-0.6761856769747101,30,0.0,240,53,0.010307957927854557,0.02545190416276455,0,2,2,4.397433500009356,2.5690785000333562,1.8283549999759998,2.5690785000333562,1.8283549999759998,7544f61e62b857de55fcd6c17c5151159b824ebf,1.8.0,36544a532d02876404ae4245dbfdbf54a902a017d06dc714fab7bef09253291c,True,3.12.13,2.12.0+cpu,2.4.6,1.2.3,3.1.0,2.1.0,3.2.7,,,,,,1.0,0.0,0.0,0.9666666666666667,-0.04833333333333335,1.0,0.0,1.0,0.0,nan,nan,0.0,nan,0.0,0.0,nan,1.0,nan,nan,unsupported,1046.15,1004.9,neural,0.0,0.0,0.0,,,,,,,,,,,,,0.03001336216305693,0.3,0.0,0.0,nan,nan,13,nan,nan,nan,nan,unavailable,unavailable,unavailable,nan,nan,0.0,unavailable,nan
reviewer1_temporal_interface_development,reviewer1_temporal_interface_development,configs/reviewer1_remaining/temporal_and_interface_development/matched_design.yaml,architecture_sensorized_low_level,SensorizedPyBulletUAVWaypoint-v0,SensorizedPyBulletUAVWaypoint-v0,native_gymnasium_observation,feedforward_capacity_h064,15004,eval,240,240,-1.6898970489017664,240,2,-1.6898970489017664,30,0.0,240,53,0.010307957927854557,0.02545190416276455,0,2,2,4.397684700001264,2.569329700025264,1.8283549999759998,2.569329700025264,1.8283549999759998,7544f61e62b857de55fcd6c17c5151159b824ebf,1.8.0,36544a532d02876404ae4245dbfdbf54a902a017d06dc714fab7bef09253291c,True,3.12.13,2.12.0+cpu,2.4.6,1.2.3,3.1.0,2.1.0,3.2.7,,,,,,1.0,0.0,1.0,0.1,-0.005000000000000002,1.0,0.0,1.0,0.0,nan,nan,0.0,nan,0.0,0.0,nan,1.0,nan,nan,unsupported,1060.7866666666664,1003.5,neural,0.0,0.0,0.0,,,,,,,,,,,,,0.02664654568458597,0.16666666666666666,0.43333333333333335,0.0,nan,nan,2,nan,nan,nan,nan,unavailable,unavailable,unavailable,nan,nan,0.0,unavailable,nan
reviewer1_temporal_interface_development,reviewer1_temporal_interface_development,configs/reviewer1_remaining/temporal_and_interface_development/matched_design.yaml,architecture_sensorized_low_level,SensorizedPyBulletUAVWaypoint-v0,SensorizedPyBulletUAVWaypoint-v0,native_gymnasium_observation,feedforward_capacity_h064,15004,eval,240,240,-1.7493502145959063,240,3,-1.7493502145959063,30,0.0,240,53,0.010307957927854557,0.02545190416276455,0,2,2,4.397811400005594,2.569456400029594,1.8283549999759998,2.569456400029594,1.8283549999759998,7544f61e62b857de55fcd6c17c5151159b824ebf,1.8.0,36544a532d02876404ae4245dbfdbf54a902a017d06dc714fab7bef09253291c,True,3.12.13,2.12.0+cpu,2.4.6,1.2.3,3.1.0,2.1.0,3.2.7,,,,,,1.0,0.0,1.0,0.9666666666666667,-0.04833333333333335,1.0,0.0,1.0,0.0,nan,nan,0.0,nan,0.0,0.0,nan,1.0,nan,nan,unsupported,1238.4999999999998,1135.0500000000002,neural,0.0,0.0,0.0,,,,,,,,,,,,,0.02495131300626478,0.26666666666666666,0.0,0.0,nan,nan,13,nan,nan,nan,nan,unavailable,unavailable,unavailable,nan,nan,0.0,unavailable,nan
reviewer1_temporal_interface_development,reviewer1_temporal_interface_development,configs/reviewer1_remaining/temporal_and_interface_development/matched_design.yaml,architecture_sensorized_low_level,SensorizedPyBulletUAVWaypoint-v0,SensorizedPyBulletUAVWaypoint-v0,native_gymnasium_observation,feedforward_capacity_h064,15004,train,240,,,240,8,-1.105258559160866,30,0.0,240,53,0.010307957927854557,0.02545190416276455,0,2,2,4.399560400022892,2.5712054000468925,1.8283549999759998,2.5712054000468925,1.8283549999759998,7544f61e62b857de55fcd6c17c5151159b824ebf,1.8.0,36544a532d02876404ae4245dbfdbf54a902a017d06dc714fab7bef09253291c,True,3.12.13,2.12.0+cpu,2.4.6,1.2.3,3.1.0,2.1.0,3.2.7,,,,,,1.0,0.0,0.7666666666666667,0.13333333333333333,-0.006666666666666669,1.0,0.0,1.0,0.0,nan,nan,0.0,nan,0.0,0.0,nan,1.0,nan,nan,unsupported,906.9566666666666,914.5999999999999,neural,0.0,0.0,0.0,,,,,,,,,,,,,0.031735240994021294,0.2,0.0,0.0,,,,,,,,,,,,,,,
reviewer1_temporal_interface_development,reviewer1_temporal_interface_development,configs/reviewer1_remaining/temporal_and_interface_development/matched_design.yaml,architecture_sensorized_low_level,SensorizedPyBulletUAVWaypoint-v0,SensorizedPyBulletUAVWaypoint-v0,native_gymnasium_observation,feedforward_capacity_h064,15005,train,30,,,30,1,-0.49999214906245476,30,0.0,30,0,nan,nan,0,0,2,0.2574647000001278,0.2574647000001278,0.0,0.2574647000001278,0.0,7544f61e62b857de55fcd6c17c5151159b824ebf,1.8.0,36544a532d02876404ae4245dbfdbf54a902a017d06dc714fab7bef09253291c,True,3.12.13,2.12.0+cpu,2.4.6,1.2.3,3.1.0,2.1.0,3.2.7,,,,,,1.0,0.0,0.03333333333333333,0.03333333333333333,-0.0016666666666666672,1.0,0.0,0.0,0.0,nan,nan,0.0,nan,0.0,0.0,nan,0.0,nan,nan,unsupported,31.28666666666667,30.5,none,0.0,0.0,0.0,,,,,,,,,,,,,0.03030656126017372,0.16666666666666666,0.8666666666666667,0.0,,,,,,,,,,,,,,,
reviewer1_temporal_interface_development,reviewer1_temporal_interface_development,configs/reviewer1_remaining/temporal_and_interface_development/matched_design.yaml,architecture_sensorized_low_level,SensorizedPyBulletUAVWaypoint-v0,SensorizedPyBulletUAVWaypoint-v0,native_gymnasium_observation,feedforward_capacity_h064,15005,train,60,,,60,2,-1.4678566792421044,30,0.0,60,8,0.017418271047063172,0.031895045191049576,0,0,2,0.7523426999978255,0.7523426999978255,0.0,0.7523426999978255,0.0,7544f61e62b857de55fcd6c17c5151159b824ebf,1.8.0,36544a532d02876404ae4245dbfdbf54a902a017d06dc714fab7bef09253291c,True,3.12.13,2.12.0+cpu,2.4.6,1.2.3,3.1.0,2.1.0,3.2.7,,,,,,1.0,0.0,1.0,0.13333333333333333,-0.006666666666666669,1.0,0.0,0.6333333333333333,0.0,nan,nan,0.0,nan,0.0,0.0,nan,0.6333333333333333,nan,nan,unsupported,175.26666666666662,36.0,neural,0.0,0.0,0.0,,,,,,,,,,,,,0.032558212103322146,0.16666666666666666,0.0,0.0,,,,,,,,,,,,,,,
reviewer1_temporal_interface_development,reviewer1_temporal_interface_development,configs/reviewer1_remaining/temporal_and_interface_development/matched_design.yaml,architecture_sensorized_low_level,SensorizedPyBulletUAVWaypoint-v0,SensorizedPyBulletUAVWaypoint-v0,native_gymnasium_observation,feedforward_capacity_h064,15005,train,90,,,90,3,-1.604618819844909,30,0.0,90,15,0.014000219323982795,0.031895045191049576,0,0,2,0.9923608000099193,0.9923608000099193,0.0,0.9923608000099193,0.0,7544f61e62b857de55fcd6c17c5151159b824ebf,1.8.0,36544a532d02876404ae4245dbfdbf54a902a017d06dc714fab7bef09253291c,True,3.12.13,2.12.0+cpu,2.4.6,1.2.3,3.1.0,2.1.0,3.2.7,,,,,,1.0,0.0,1.0,0.3,-0.015000000000000005,1.0,0.0,1.0,0.0,nan,nan,0.0,nan,0.0,0.0,nan,1.0,nan,nan,unsupported,302.56666666666666,40.8,neural,0.0,0.0,0.0,,,,,,,,,,,,,0.03225050962840517,0.26666666666666666,0.0,0.0,,,,,,,,,,,,,,,
reviewer1_temporal_interface_development,reviewer1_temporal_interface_development,configs/reviewer1_remaining/temporal_and_interface_development/matched_design.yaml,architecture_sensorized_low_level,SensorizedPyBulletUAVWaypoint-v0,SensorizedPyBulletUAVWaypoint-v0,native_gymnasium_observation,feedforward_capacity_h064,15005,eval,120,120,-0.6548240288533271,120,1,-0.6548240288533271,30,0.0,120,23,0.01205712686414304,0.031895045191049576,0,1,2,2.1949647000001278,1.2855830000189599,0.9093816999811679,1.2855830000189599,0.9093816999811679,7544f61e62b857de55fcd6c17c5151159b824ebf,1.8.0,36544a532d02876404ae4245dbfdbf54a902a017d06dc714fab7bef09253291c,True,3.12.13,2.12.0+cpu,2.4.6,1.2.3,3.1.0,2.1.0,3.2.7,,,,,,1.0,0.0,0.36666666666666664,0.0,0.0,1.0,0.0,1.0,0.0,nan,nan,0.0,nan,0.0,0.0,nan,1.0,nan,nan,unsupported,1146.7733333333335,1120.25,neural,0.0,0.0,0.0,,,,,,,,,,,,,0.030956681227932374,0.1,0.9666666666666667,0.0,nan,nan,20,nan,nan,nan,nan,unavailable,unavailable,unavailable,nan,nan,0.0,unavailable,nan
reviewer1_temporal_interface_development,reviewer1_temporal_interface_development,configs/reviewer1_remaining/temporal_and_interface_development/matched_design.yaml,architecture_sensorized_low_level,SensorizedPyBulletUAVWaypoint-v0,SensorizedPyBulletUAVWaypoint-v0,native_gymnasium_observation,feedforward_capacity_h064,15005,eval,120,120,-0.5644259104970842,120,2,-0.5644259104970842,30,0.0,120,23,0.01205712686414304,0.031895045191049576,0,1,2,2.19514959998196,1.285767900000792,0.9093816999811679,1.285767900000792,0.9093816999811679,7544f61e62b857de55fcd6c17c5151159b824ebf,1.8.0,36544a532d02876404ae4245dbfdbf54a902a017d06dc714fab7bef09253291c,True,3.12.13,2.12.0+cpu,2.4.6,1.2.3,3.1.0,2.1.0,3.2.7,,,,,,1.0,0.0,0.26666666666666666,0.03333333333333333,-0.0016666666666666672,1.0,0.0,1.0,0.0,nan,nan,0.0,nan,0.0,0.0,nan,1.0,nan,nan,unsupported,1079.0666666666666,1027.0,neural,0.0,0.0,0.0,,,,,,,,,,,,,0.03669542378435532,0.26666666666666666,0.9666666666666667,0.0,nan,nan,20,nan,nan,nan,nan,unavailable,unavailable,unavailable,nan,nan,0.0,unavailable,nan
reviewer1_temporal_interface_development,reviewer1_temporal_interface_development,configs/reviewer1_remaining/temporal_and_interface_development/matched_design.yaml,architecture_sensorized_low_level,SensorizedPyBulletUAVWaypoint-v0,SensorizedPyBulletUAVWaypoint-v0,native_gymnasium_observation,feedforward_capacity_h064,15005,eval,120,120,-1.474232081621886,120,3,-1.474232081621886,30,0.0,120,23,0.01205712686414304,0.031895045191049576,0,1,2,2.1952609999862034,1.2858793000050355,0.9093816999811679,1.2858793000050355,0.9093816999811679,7544f61e62b857de55fcd6c17c5151159b824ebf,1.8.0,36544a532d02876404ae4245dbfdbf54a902a017d06dc714fab7bef09253291c,True,3.12.13,2.12.0+cpu,2.4.6,1.2.3,3.1.0,2.1.0,3.2.7,,,,,,1.0,0.0,1.0,0.0,0.0,1.0,0.0,1.0,0.0,nan,nan,0.0,nan,0.0,0.0,nan,1.0,nan,nan,unsupported,1051.5566666666666,1049.4499999999998,neural,0.0,0.0,0.0,,,,,,,,,,,,,0.03117652558721602,0.13333333333333333,0.0,0.0,nan,nan,20,nan,nan,nan,nan,unavailable,unavailable,unavailable,nan,nan,0.0,unavailable,nan
reviewer1_temporal_interface_development,reviewer1_temporal_interface_development,configs/reviewer1_remaining/temporal_and_interface_development/matched_design.yaml,architecture_sensorized_low_level,SensorizedPyBulletUAVWaypoint-v0,SensorizedPyBulletUAVWaypoint-v0,native_gymnasium_observation,feedforward_capacity_h064,15005,train,120,,,120,4,-0.5291892760153861,30,0.0,120,23,0.01205712686414304,0.031895045191049576,0,1,2,2.2002149999898393,1.2908333000086714,0.9093816999811679,1.2908333000086714,0.9093816999811679,7544f61e62b857de55fcd6c17c5151159b824ebf,1.8.0,36544a532d02876404ae4245dbfdbf54a902a017d06dc714fab7bef09253291c,True,3.12.13,2.12.0+cpu,2.4.6,1.2.3,3.1.0,2.1.0,3.2.7,,,,,,1.0,0.0,0.16666666666666666,0.06666666666666667,-0.0033333333333333344,1.0,0.0,1.0,0.0,nan,nan,0.0,nan,0.0,0.0,nan,1.0,nan,nan,unsupported,497.03,64.35,neural,0.0,0.0,0.0,,,,,,,,,,,,,0.03428357963760694,0.1,1.0,0.0,,,,,,,,,,,,,,,
reviewer1_temporal_interface_development,reviewer1_temporal_interface_development,configs/reviewer1_remaining/temporal_and_interface_development/matched_design.yaml,architecture_sensorized_low_level,SensorizedPyBulletUAVWaypoint-v0,SensorizedPyBulletUAVWaypoint-v0,native_gymnasium_observation,feedforward_capacity_h064,15005,train,150,,,150,5,-1.0264571251813321,30,0.0,150,30,0.01042228212269644,0.031895045191049576,0,1,2,2.452031099994201,1.5426494000130333,0.9093816999811679,1.5426494000130333,0.9093816999811679,7544f61e62b857de55fcd6c17c5151159b824ebf,1.8.0,36544a532d02876404ae4245dbfdbf54a902a017d06dc714fab7bef09253291c,True,3.12.13,2.12.0+cpu,2.4.6,1.2.3,3.1.0,2.1.0,3.2.7,,,,,,1.0,0.0,0.5,0.0,0.0,1.0,0.0,1.0,0.0,nan,nan,0.0,nan,0.0,0.0,nan,1.0,nan,nan,unsupported,528.37,104.65,neural,0.0,0.0,0.0,,,,,,,,,,,,,0.0351678024046123,0.16666666666666666,0.0,0.0,,,,,,,,,,,,,,,
reviewer1_temporal_interface_development,reviewer1_temporal_interface_development,configs/reviewer1_remaining/temporal_and_interface_development/matched_design.yaml,architecture_sensorized_low_level,SensorizedPyBulletUAVWaypoint-v0,SensorizedPyBulletUAVWaypoint-v0,native_gymnasium_observation,feedforward_capacity_h064,15005,train,180,,,180,6,-1.399358499571681,30,0.0,180,38,0.008849714239324001,0.031895045191049576,0,1,2,2.7830882999987807,1.8737066000176128,0.9093816999811679,1.8737066000176128,0.9093816999811679,7544f61e62b857de55fcd6c17c5151159b824ebf,1.8.0,36544a532d02876404ae4245dbfdbf54a902a017d06dc714fab7bef09253291c,True,3.12.13,2.12.0+cpu,2.4.6,1.2.3,3.1.0,2.1.0,3.2.7,,,,,,1.0,0.0,1.0,0.0,0.0,1.0,0.0,1.0,0.0,nan,nan,0.0,nan,0.0,0.0,nan,1.0,nan,nan,unsupported,819.7266666666667,1065.6,neural,0.0,0.0,0.0,,,,,,,,,,,,,0.02974818047005101,0.26666666666666666,0.0,0.0,,,,,,,,,,,,,,,
reviewer1_temporal_interface_development,reviewer1_temporal_interface_development,configs/reviewer1_remaining/temporal_and_interface_development/matched_design.yaml,architecture_sensorized_low_level,SensorizedPyBulletUAVWaypoint-v0,SensorizedPyBulletUAVWaypoint-v0,native_gymnasium_observation,feedforward_capacity_h064,15005,train,210,,,210,7,-1.6896299266256392,30,0.0,210,45,0.007881698625472685,0.031895045191049576,0,1,2,3.1561806999961846,2.2467990000150166,0.9093816999811679,2.2467990000150166,0.9093816999811679,7544f61e62b857de55fcd6c17c5151159b824ebf,1.8.0,36544a532d02876404ae4245dbfdbf54a902a017d06dc714fab7bef09253291c,True,3.12.13,2.12.0+cpu,2.4.6,1.2.3,3.1.0,2.1.0,3.2.7,,,,,,1.0,0.0,0.9,0.0,0.0,1.0,0.0,1.0,0.0,nan,nan,0.0,nan,0.0,0.0,nan,1.0,nan,nan,unsupported,930.5066666666667,978.8,neural,0.0,0.0,0.0,,,,,,,,,,,,,0.027562415599822997,0.26666666666666666,0.0,0.0,,,,,,,,,,,,,,,
reviewer1_temporal_interface_development,reviewer1_temporal_interface_development,configs/reviewer1_remaining/temporal_and_interface_development/matched_design.yaml,architecture_sensorized_low_level,SensorizedPyBulletUAVWaypoint-v0,SensorizedPyBulletUAVWaypoint-v0,native_gymnasium_observation,feedforward_capacity_h064,15005,eval,240,240,-1.2863724761735653,240,1,-1.2863724761735653,30,0.0,240,53,0.007060712144077527,0.031895045191049576,0,2,2,4.340310200001113,2.5665282000263687,1.7737819999747444,2.5665282000263687,1.7737819999747444,7544f61e62b857de55fcd6c17c5151159b824ebf,1.8.0,36544a532d02876404ae4245dbfdbf54a902a017d06dc714fab7bef09253291c,True,3.12.13,2.12.0+cpu,2.4.6,1.2.3,3.1.0,2.1.0,3.2.7,,,,,,1.0,0.0,0.8333333333333334,0.0,0.0,1.0,0.0,1.0,0.0,nan,nan,0.0,nan,0.0,0.0,nan,1.0,nan,nan,unsupported,1124.6066666666668,1048.55,neural,0.0,0.0,0.0,,,,,,,,,,,,,0.033064265890667834,0.26666666666666666,0.0,0.0,nan,nan,6,nan,nan,nan,nan,unavailable,unavailable,unavailable,nan,nan,0.0,unavailable,nan
reviewer1_temporal_interface_development,reviewer1_temporal_interface_development,configs/reviewer1_remaining/temporal_and_interface_development/matched_design.yaml,architecture_sensorized_low_level,SensorizedPyBulletUAVWaypoint-v0,SensorizedPyBulletUAVWaypoint-v0,native_gymnasium_observation,feedforward_capacity_h064,15005,eval,240,240,-1.5808015162218358,240,2,-1.5808015162218358,30,0.0,240,53,0.007060712144077527,0.031895045191049576,0,2,2,4.3405710000079125,2.566789000033168,1.7737819999747444,2.566789000033168,1.7737819999747444,7544f61e62b857de55fcd6c17c5151159b824ebf,1.8.0,36544a532d02876404ae4245dbfdbf54a902a017d06dc714fab7bef09253291c,True,3.12.13,2.12.0+cpu,2.4.6,1.2.3,3.1.0,2.1.0,3.2.7,,,,,,1.0,0.0,1.0,0.0,0.0,1.0,0.0,1.0,0.0,nan,nan,0.0,nan,0.0,0.0,nan,1.0,nan,nan,unsupported,979.6233333333333,975.75,neural,0.0,0.0,0.0,,,,,,,,,,,,,0.027981348506485423,0.26666666666666666,0.0,0.0,nan,nan,6,nan,nan,nan,nan,unavailable,unavailable,unavailable,nan,nan,0.0,unavailable,nan
reviewer1_temporal_interface_development,reviewer1_temporal_interface_development,configs/reviewer1_remaining/temporal_and_interface_development/matched_design.yaml,architecture_sensorized_low_level,SensorizedPyBulletUAVWaypoint-v0,SensorizedPyBulletUAVWaypoint-v0,native_gymnasium_observation,feedforward_capacity_h064,15005,eval,240,240,-1.3724030160717668,240,3,-1.3724030160717668,30,0.0,240,53,0.007060712144077527,0.031895045191049576,0,2,2,4.340708200004883,2.5669262000301387,1.7737819999747444,2.5669262000301387,1.7737819999747444,7544f61e62b857de55fcd6c17c5151159b824ebf,1.8.0,36544a532d02876404ae4245dbfdbf54a902a017d06dc714fab7bef09253291c,True,3.12.13,2.12.0+cpu,2.4.6,1.2.3,3.1.0,2.1.0,3.2.7,,,,,,1.0,0.0,1.0,0.0,0.0,1.0,0.0,1.0,0.0,nan,nan,0.0,nan,0.0,0.0,nan,1.0,nan,nan,unsupported,1115.2233333333336,1019.7,neural,0.0,0.0,0.0,,,,,,,,,,,,,0.03497965456917882,0.06666666666666667,0.9666666666666667,0.0,nan,nan,17,nan,nan,nan,nan,unavailable,unavailable,unavailable,nan,nan,0.0,unavailable,nan
reviewer1_temporal_interface_development,reviewer1_temporal_interface_development,configs/reviewer1_remaining/temporal_and_interface_development/matched_design.yaml,architecture_sensorized_low_level,SensorizedPyBulletUAVWaypoint-v0,SensorizedPyBulletUAVWaypoint-v0,native_gymnasium_observation,feedforward_capacity_h064,15005,train,240,,,240,8,-1.4488355419831351,30,0.0,240,53,0.007060712144077527,0.031895045191049576,0,2,2,4.342869399988558,2.5690874000138137,1.7737819999747444,2.5690874000138137,1.7737819999747444,7544f61e62b857de55fcd6c17c5151159b824ebf,1.8.0,36544a532d02876404ae4245dbfdbf54a902a017d06dc714fab7bef09253291c,True,3.12.13,2.12.0+cpu,2.4.6,1.2.3,3.1.0,2.1.0,3.2.7,,,,,,1.0,0.0,1.0,0.0,0.0,1.0,0.0,1.0,0.0,nan,nan,0.0,nan,0.0,0.0,nan,1.0,nan,nan,unsupported,911.2566666666667,930.85,neural,0.0,0.0,0.0,,,,,,,,,,,,,0.032252049655653536,0.26666666666666666,0.0,0.0,,,,,,,,,,,,,,,
reviewer1_temporal_interface_development,reviewer1_temporal_interface_development,configs/reviewer1_remaining/temporal_and_interface_development/matched_design.yaml,architecture_sensorized_low_level,SensorizedPyBulletUAVWaypoint-v0,SensorizedPyBulletUAVWaypoint-v0,native_gymnasium_observation,feedforward_capacity_h096,15004,train,30,,,30,1,-1.5487800478842113,30,0.0,30,0,nan,nan,0,0,2,0.3071652000071481,0.3071652000071481,0.0,0.3071652000071481,0.0,7544f61e62b857de55fcd6c17c5151159b824ebf,1.8.0,36544a532d02876404ae4245dbfdbf54a902a017d06dc714fab7bef09253291c,True,3.12.13,2.12.0+cpu,2.4.6,1.2.3,3.1.0,2.1.0,3.2.7,,,,,,1.0,0.0,1.0,0.03333333333333333,-0.0016666666666666672,1.0,0.0,0.26666666666666666,0.0,nan,nan,0.0,nan,0.0,0.0,nan,0.26666666666666666,nan,nan,unsupported,66.85000000000001,34.8,none,0.0,0.0,0.0,,,,,,,,,,,,,0.030779587694754203,0.23333333333333334,0.9,0.0,,,,,,,,,,,,,,,
reviewer1_temporal_interface_development,reviewer1_temporal_interface_development,configs/reviewer1_remaining/temporal_and_interface_development/matched_design.yaml,architecture_sensorized_low_level,SensorizedPyBulletUAVWaypoint-v0,SensorizedPyBulletUAVWaypoint-v0,native_gymnasium_observation,feedforward_capacity_h096,15004,train,60,,,60,2,-1.5918109601363541,30,0.0,60,8,0.015147569123655558,0.022148411720991135,0,0,2,0.6562083000026178,0.6562083000026178,0.0,0.6562083000026178,0.0,7544f61e62b857de55fcd6c17c5151159b824ebf,1.8.0,36544a532d02876404ae4245dbfdbf54a902a017d06dc714fab7bef09253291c,True,3.12.13,2.12.0+cpu,2.4.6,1.2.3,3.1.0,2.1.0,3.2.7,,,,,,1.0,0.0,1.0,0.0,0.0,1.0,0.0,1.0,0.0,nan,nan,0.0,nan,0.0,0.0,nan,1.0,nan,nan,unsupported,269.11,37.7,neural,0.0,0.0,0.0,,,,,,,,,,,,,0.030123374486962954,0.26666666666666666,0.0,0.0,,,,,,,,,,,,,,,
reviewer1_temporal_interface_development,reviewer1_temporal_interface_development,configs/reviewer1_remaining/temporal_and_interface_development/matched_design.yaml,architecture_sensorized_low_level,SensorizedPyBulletUAVWaypoint-v0,SensorizedPyBulletUAVWaypoint-v0,native_gymnasium_observation,feedforward_capacity_h096,15004,train,90,,,90,3,-0.31889284484088426,30,0.0,90,15,0.011894752985487382,0.022148411720991135,0,0,2,0.9350449999910779,0.9350449999910779,0.0,0.9350449999910779,0.0,7544f61e62b857de55fcd6c17c5151159b824ebf,1.8.0,36544a532d02876404ae4245dbfdbf54a902a017d06dc714fab7bef09253291c,True,3.12.13,2.12.0+cpu,2.4.6,1.2.3,3.1.0,2.1.0,3.2.7,,,,,,1.0,0.0,0.0,0.0,0.0,1.0,0.0,1.0,0.0,nan,nan,0.0,nan,0.0,0.0,nan,1.0,nan,nan,unsupported,543.67,76.94999999999999,neural,0.0,0.0,0.0,,,,,,,,,,,,,0.034739050175994636,0.2,0.0,0.0,,,,,,,,,,,,,,,
reviewer1_temporal_interface_development,reviewer1_temporal_interface_development,configs/reviewer1_remaining/temporal_and_interface_development/matched_design.yaml,architecture_sensorized_low_level,SensorizedPyBulletUAVWaypoint-v0,SensorizedPyBulletUAVWaypoint-v0,native_gymnasium_observation,feedforward_capacity_h096,15004,eval,120,120,-0.6120918410411106,120,1,-0.6120918410411106,30,0.0,120,23,0.009320424667195133,0.022148411720991135,0,1,2,2.1313366999966092,1.1852607000037096,0.9460759999928996,1.1852607000037096,0.9460759999928996,7544f61e62b857de55fcd6c17c5151159b824ebf,1.8.0,36544a532d02876404ae4245dbfdbf54a902a017d06dc714fab7bef09253291c,True,3.12.13,2.12.0+cpu,2.4.6,1.2.3,3.1.0,2.1.0,3.2.7,,,,,,1.0,0.0,0.0,0.0,0.0,1.0,0.0,1.0,0.0,nan,nan,0.0,nan,0.0,0.0,nan,1.0,nan,nan,unsupported,1273.2733333333333,1061.9,neural,0.0,0.0,0.0,,,,,,,,,,,,,0.032266314265628655,0.13333333333333333,0.9666666666666667,0.0,nan,nan,6,nan,nan,nan,nan,unavailable,unavailable,unavailable,nan,nan,0.0,unavailable,nan
reviewer1_temporal_interface_development,reviewer1_temporal_interface_development,configs/reviewer1_remaining/temporal_and_interface_development/matched_design.yaml,architecture_sensorized_low_level,SensorizedPyBulletUAVWaypoint-v0,SensorizedPyBulletUAVWaypoint-v0,native_gymnasium_observation,feedforward_capacity_h096,15004,eval,120,120,-1.8396381896268579,120,2,-1.8396381896268579,30,0.0,120,23,0.009320424667195133,0.022148411720991135,0,1,2,2.1315471999987494,1.1854712000058498,0.9460759999928996,1.1854712000058498,0.9460759999928996,7544f61e62b857de55fcd6c17c5151159b824ebf,1.8.0,36544a532d02876404ae4245dbfdbf54a902a017d06dc714fab7bef09253291c,True,3.12.13,2.12.0+cpu,2.4.6,1.2.3,3.1.0,2.1.0,3.2.7,,,,,,1.0,0.0,1.0,0.0,0.0,1.0,0.0,1.0,0.0,nan,nan,0.0,nan,0.0,0.0,nan,1.0,nan,nan,unsupported,1118.82,1091.75,neural,0.0,0.0,0.0,,,,,,,,,,,,,0.03124164796123902,0.23333333333333334,0.7,0.0,nan,nan,6,nan,nan,nan,nan,unavailable,unavailable,unavailable,nan,nan,0.0,unavailable,nan
reviewer1_temporal_interface_development,reviewer1_temporal_interface_development,configs/reviewer1_remaining/temporal_and_interface_development/matched_design.yaml,architecture_sensorized_low_level,SensorizedPyBulletUAVWaypoint-v0,SensorizedPyBulletUAVWaypoint-v0,native_gymnasium_observation,feedforward_capacity_h096,15004,eval,120,120,-1.8926162097975614,120,3,-1.8926162097975614,30,0.0,120,23,0.009320424667195133,0.022148411720991135,0,1,2,2.1316494999919087,1.185573499999009,0.9460759999928996,1.185573499999009,0.9460759999928996,7544f61e62b857de55fcd6c17c5151159b824ebf,1.8.0,36544a532d02876404ae4245dbfdbf54a902a017d06dc714fab7bef09253291c,True,3.12.13,2.12.0+cpu,2.4.6,1.2.3,3.1.0,2.1.0,3.2.7,,,,,,1.0,0.0,1.0,0.0,0.0,1.0,0.0,1.0,0.0,nan,nan,0.0,nan,0.0,0.0,nan,1.0,nan,nan,unsupported,1260.8400000000001,1235.4,neural,0.0,0.0,0.0,,,,,,,,,,,,,0.031750031964232525,0.13333333333333333,0.0,0.0,nan,nan,24,nan,nan,nan,nan,unavailable,unavailable,unavailable,nan,nan,0.0,unavailable,nan
reviewer1_temporal_interface_development,reviewer1_temporal_interface_development,configs/reviewer1_remaining/temporal_and_interface_development/matched_design.yaml,architecture_sensorized_low_level,SensorizedPyBulletUAVWaypoint-v0,SensorizedPyBulletUAVWaypoint-v0,native_gymnasium_observation,feedforward_capacity_h096,15004,train,120,,,120,4,-0.7653520100237802,30,0.0,120,23,0.009320424667195133,0.022148411720991135,0,1,2,2.1367542000079993,1.1906782000150997,0.9460759999928996,1.1906782000150997,0.9460759999928996,7544f61e62b857de55fcd6c17c5151159b824ebf,1.8.0,36544a532d02876404ae4245dbfdbf54a902a017d06dc714fab7bef09253291c,True,3.12.13,2.12.0+cpu,2.4.6,1.2.3,3.1.0,2.1.0,3.2.7,,,,,,1.0,0.0,0.3,0.03333333333333333,-0.0016666666666666672,1.0,0.0,1.0,0.0,nan,nan,0.0,nan,0.0,0.0,nan,1.0,nan,nan,unsupported,496.57666666666677,58.900000000000006,neural,0.0,0.0,0.0,,,,,,,,,,,,,0.02958129918188206,0.2,0.16666666666666666,0.0,,,,,,,,,,,,,,,
reviewer1_temporal_interface_development,reviewer1_temporal_interface_development,configs/reviewer1_remaining/temporal_and_interface_development/matched_design.yaml,architecture_sensorized_low_level,SensorizedPyBulletUAVWaypoint-v0,SensorizedPyBulletUAVWaypoint-v0,native_gymnasium_observation,feedforward_capacity_h096,15004,train,150,,,150,5,-1.7992947239708155,30,0.0,150,30,0.007769154547713697,0.022148411720991135,0,1,2,2.398843200004194,1.4527672000112943,0.9460759999928996,1.4527672000112943,0.9460759999928996,7544f61e62b857de55fcd6c17c5151159b824ebf,1.8.0,36544a532d02876404ae4245dbfdbf54a902a017d06dc714fab7bef09253291c,True,3.12.13,2.12.0+cpu,2.4.6,1.2.3,3.1.0,2.1.0,3.2.7,,,,,,1.0,0.0,1.0,0.06666666666666667,-0.0033333333333333344,1.0,0.0,1.0,0.0,nan,nan,0.0,nan,0.0,0.0,nan,1.0,nan,nan,unsupported,602.2533333333333,89.55,neural,0.0,0.0,0.0,,,,,,,,,,,,,0.031039795745164155,0.3333333333333333,0.0,0.0,,,,,,,,,,,,,,,
reviewer1_temporal_interface_development,reviewer1_temporal_interface_development,configs/reviewer1_remaining/temporal_and_interface_development/matched_design.yaml,architecture_sensorized_low_level,SensorizedPyBulletUAVWaypoint-v0,SensorizedPyBulletUAVWaypoint-v0,native_gymnasium_observation,feedforward_capacity_h096,15004,train,180,,,180,6,-0.5436259826272726,30,0.0,180,38,0.006754351601366101,0.022148411720991135,0,1,2,2.6700846000167076,1.724008600023808,0.9460759999928996,1.724008600023808,0.9460759999928996,7544f61e62b857de55fcd6c17c5151159b824ebf,1.8.0,36544a532d02876404ae4245dbfdbf54a902a017d06dc714fab7bef09253291c,True,3.12.13,2.12.0+cpu,2.4.6,1.2.3,3.1.0,2.1.0,3.2.7,,,,,,1.0,0.0,0.0,0.0,0.0,1.0,0.0,1.0,0.0,nan,nan,0.0,nan,0.0,0.0,nan,1.0,nan,nan,unsupported,826.02,877.0,neural,0.0,0.0,0.0,,,,,,,,,,,,,0.032896991819143295,0.26666666666666666,0.43333333333333335,0.0,,,,,,,,,,,,,,,
reviewer1_temporal_interface_development,reviewer1_temporal_interface_development,configs/reviewer1_remaining/temporal_and_interface_development/matched_design.yaml,architecture_sensorized_low_level,SensorizedPyBulletUAVWaypoint-v0,SensorizedPyBulletUAVWaypoint-v0,native_gymnasium_observation,feedforward_capacity_h096,15004,train,210,,,210,7,-1.3144824821874501,30,0.0,210,45,0.0059682220666824526,0.022148411720991135,0,1,2,2.9414711999997962,1.9953952000068966,0.9460759999928996,1.9953952000068966,0.9460759999928996,7544f61e62b857de55fcd6c17c5151159b824ebf,1.8.0,36544a532d02876404ae4245dbfdbf54a902a017d06dc714fab7bef09253291c,True,3.12.13,2.12.0+cpu,2.4.6,1.2.3,3.1.0,2.1.0,3.2.7,,,,,,1.0,0.0,0.8333333333333334,0.06666666666666667,-0.0033333333333333344,1.0,0.0,1.0,0.0,nan,nan,0.0,nan,0.0,0.0,nan,1.0,nan,nan,unsupported,825.8333333333333,951.15,neural,0.0,0.0,0.0,,,,,,,,,,,,,0.03155529862269759,0.23333333333333334,0.9666666666666667,0.0,,,,,,,,,,,,,,,
reviewer1_temporal_interface_development,reviewer1_temporal_interface_development,configs/reviewer1_remaining/temporal_and_interface_development/matched_design.yaml,architecture_sensorized_low_level,SensorizedPyBulletUAVWaypoint-v0,SensorizedPyBulletUAVWaypoint-v0,native_gymnasium_observation,feedforward_capacity_h096,15004,eval,240,240,-0.8331818237435074,240,1,-0.8331818237435074,30,0.0,240,53,0.005304454185808833,0.022148411720991135,0,2,2,4.102267500013113,2.2630487000278663,1.8392187999852467,2.2630487000278663,1.8392187999852467,7544f61e62b857de55fcd6c17c5151159b824ebf,1.8.0,36544a532d02876404ae4245dbfdbf54a902a017d06dc714fab7bef09253291c,True,3.12.13,2.12.0+cpu,2.4.6,1.2.3,3.1.0,2.1.0,3.2.7,,,,,,1.0,0.0,0.6333333333333333,0.0,0.0,1.0,0.0,1.0,0.0,nan,nan,0.0,nan,0.0,0.0,nan,1.0,nan,nan,unsupported,1175.4633333333334,1141.35,neural,0.0,0.0,0.0,,,,,,,,,,,,,0.028421102681507666,0.3,0.0,0.0,nan,nan,5,nan,nan,nan,nan,unavailable,unavailable,unavailable,nan,nan,0.0,unavailable,nan
reviewer1_temporal_interface_development,reviewer1_temporal_interface_development,configs/reviewer1_remaining/temporal_and_interface_development/matched_design.yaml,architecture_sensorized_low_level,SensorizedPyBulletUAVWaypoint-v0,SensorizedPyBulletUAVWaypoint-v0,native_gymnasium_observation,feedforward_capacity_h096,15004,eval,240,240,-1.756587179643102,240,2,-1.756587179643102,30,0.0,240,53,0.005304454185808833,0.022148411720991135,0,2,2,4.102467099990463,2.263248300005216,1.8392187999852467,2.263248300005216,1.8392187999852467,7544f61e62b857de55fcd6c17c5151159b824ebf,1.8.0,36544a532d02876404ae4245dbfdbf54a902a017d06dc714fab7bef09253291c,True,3.12.13,2.12.0+cpu,2.4.6,1.2.3,3.1.0,2.1.0,3.2.7,,,,,,1.0,0.0,1.0,0.0,0.0,1.0,0.0,1.0,0.0,nan,nan,0.0,nan,0.0,0.0,nan,1.0,nan,nan,unsupported,990.77,950.45,neural,0.0,0.0,0.0,,,,,,,,,,,,,0.026804570054324964,0.16666666666666666,0.3,0.0,nan,nan,7,nan,nan,nan,nan,unavailable,unavailable,unavailable,nan,nan,0.0,unavailable,nan
reviewer1_temporal_interface_development,reviewer1_temporal_interface_development,configs/reviewer1_remaining/temporal_and_interface_development/matched_design.yaml,architecture_sensorized_low_level,SensorizedPyBulletUAVWaypoint-v0,SensorizedPyBulletUAVWaypoint-v0,native_gymnasium_observation,feedforward_capacity_h096,15004,eval,240,240,-1.2084191076830029,240,3,-1.2084191076830029,30,0.0,240,53,0.005304454185808833,0.022148411720991135,0,2,2,4.102574599994114,2.263355800008867,1.8392187999852467,2.263355800008867,1.8392187999852467,7544f61e62b857de55fcd6c17c5151159b824ebf,1.8.0,36544a532d02876404ae4245dbfdbf54a902a017d06dc714fab7bef09253291c,True,3.12.13,2.12.0+cpu,2.4.6,1.2.3,3.1.0,2.1.0,3.2.7,,,,,,1.0,0.0,1.0,0.0,0.0,1.0,0.0,1.0,0.0,nan,nan,0.0,nan,0.0,0.0,nan,1.0,nan,nan,unsupported,1329.0666666666666,1277.95,neural,0.0,0.0,0.0,,,,,,,,,,,,,0.026941735762860238,0.26666666666666666,0.0,0.0,nan,nan,5,nan,nan,nan,nan,unavailable,unavailable,unavailable,nan,nan,0.0,unavailable,nan
reviewer1_temporal_interface_development,reviewer1_temporal_interface_development,configs/reviewer1_remaining/temporal_and_interface_development/matched_design.yaml,architecture_sensorized_low_level,SensorizedPyBulletUAVWaypoint-v0,SensorizedPyBulletUAVWaypoint-v0,native_gymnasium_observation,feedforward_capacity_h096,15004,train,240,,,240,8,-0.7174874395458027,30,0.0,240,53,0.005304454185808833,0.022148411720991135,0,2,2,4.104007999994792,2.2647892000095453,1.8392187999852467,2.2647892000095453,1.8392187999852467,7544f61e62b857de55fcd6c17c5151159b824ebf,1.8.0,36544a532d02876404ae4245dbfdbf54a902a017d06dc714fab7bef09253291c,True,3.12.13,2.12.0+cpu,2.4.6,1.2.3,3.1.0,2.1.0,3.2.7,,,,,,1.0,0.0,0.6,0.0,0.0,1.0,0.0,1.0,0.0,nan,nan,0.0,nan,0.0,0.0,nan,1.0,nan,nan,unsupported,1034.006666666667,1038.0500000000002,neural,0.0,0.0,0.0,,,,,,,,,,,,,0.03166889826146265,0.2,0.0,0.0,,,,,,,,,,,,,,,
reviewer1_temporal_interface_development,reviewer1_temporal_interface_development,configs/reviewer1_remaining/temporal_and_interface_development/matched_design.yaml,architecture_sensorized_low_level,SensorizedPyBulletUAVWaypoint-v0,SensorizedPyBulletUAVWaypoint-v0,native_gymnasium_observation,feedforward_capacity_h096,15005,train,30,,,30,1,-0.49999214906245476,30,0.0,30,0,nan,nan,0,0,2,0.24621089998981915,0.24621089998981915,0.0,0.24621089998981915,0.0,7544f61e62b857de55fcd6c17c5151159b824ebf,1.8.0,36544a532d02876404ae4245dbfdbf54a902a017d06dc714fab7bef09253291c,True,3.12.13,2.12.0+cpu,2.4.6,1.2.3,3.1.0,2.1.0,3.2.7,,,,,,1.0,0.0,0.03333333333333333,0.03333333333333333,-0.0016666666666666672,1.0,0.0,0.0,0.0,nan,nan,0.0,nan,0.0,0.0,nan,0.0,nan,nan,unsupported,31.836666666666662,31.65,none,0.0,0.0,0.0,,,,,,,,,,,,,0.03030656126017372,0.16666666666666666,0.8666666666666667,0.0,,,,,,,,,,,,,,,
reviewer1_temporal_interface_development,reviewer1_temporal_interface_development,configs/reviewer1_remaining/temporal_and_interface_development/matched_design.yaml,architecture_sensorized_low_level,SensorizedPyBulletUAVWaypoint-v0,SensorizedPyBulletUAVWaypoint-v0,native_gymnasium_observation,feedforward_capacity_h096,15005,train,60,,,60,2,-1.4397138196416197,30,0.0,60,8,0.01207783498102799,0.020339053124189377,0,0,2,0.5058925999910571,0.5058925999910571,0.0,0.5058925999910571,0.0,7544f61e62b857de55fcd6c17c5151159b824ebf,1.8.0,36544a532d02876404ae4245dbfdbf54a902a017d06dc714fab7bef09253291c,True,3.12.13,2.12.0+cpu,2.4.6,1.2.3,3.1.0,2.1.0,3.2.7,,,,,,1.0,0.0,1.0,0.06666666666666667,-0.0033333333333333344,1.0,0.0,0.6333333333333333,0.0,nan,nan,0.0,nan,0.0,0.0,nan,0.6333333333333333,nan,nan,unsupported,207.41333333333336,37.65,neural,0.0,0.0,0.0,,,,,,,,,,,,,0.032596017234027386,0.16666666666666666,0.0,0.0,,,,,,,,,,,,,,,
reviewer1_temporal_interface_development,reviewer1_temporal_interface_development,configs/reviewer1_remaining/temporal_and_interface_development/matched_design.yaml,architecture_sensorized_low_level,SensorizedPyBulletUAVWaypoint-v0,SensorizedPyBulletUAVWaypoint-v0,native_gymnasium_observation,feedforward_capacity_h096,15005,train,90,,,90,3,-1.5754802314727567,30,0.0,90,15,0.009600372922917207,0.020339053124189377,0,0,2,0.8134728999866638,0.8134728999866638,0.0,0.8134728999866638,0.0,7544f61e62b857de55fcd6c17c5151159b824ebf,1.8.0,36544a532d02876404ae4245dbfdbf54a902a017d06dc714fab7bef09253291c,True,3.12.13,2.12.0+cpu,2.4.6,1.2.3,3.1.0,2.1.0,3.2.7,,,,,,1.0,0.0,1.0,0.06666666666666667,-0.0033333333333333344,1.0,0.0,1.0,0.0,nan,nan,0.0,nan,0.0,0.0,nan,1.0,nan,nan,unsupported,346.24666666666667,43.3,neural,0.0,0.0,0.0,,,,,,,,,,,,,0.03200457962229848,0.26666666666666666,0.0,0.0,,,,,,,,,,,,,,,
reviewer1_temporal_interface_development,reviewer1_temporal_interface_development,configs/reviewer1_remaining/temporal_and_interface_development/matched_design.yaml,architecture_sensorized_low_level,SensorizedPyBulletUAVWaypoint-v0,SensorizedPyBulletUAVWaypoint-v0,native_gymnasium_observation,feedforward_capacity_h096,15005,eval,120,120,-0.26842023521661756,120,1,-0.26842023521661756,30,0.0,120,23,0.008167710499433071,0.020339053124189377,0,1,2,1.9431707999901846,1.0713390999881085,0.8718317000020761,1.0713390999881085,0.8718317000020761,7544f61e62b857de55fcd6c17c5151159b824ebf,1.8.0,36544a532d02876404ae4245dbfdbf54a902a017d06dc714fab7bef09253291c,True,3.12.13,2.12.0+cpu,2.4.6,1.2.3,3.1.0,2.1.0,3.2.7,,,,,,1.0,0.0,0.0,0.0,0.0,1.0,0.0,1.0,0.0,nan,nan,0.0,nan,0.0,0.0,nan,1.0,nan,nan,unsupported,1120.1100000000001,1095.85,neural,0.0,0.0,0.0,,,,,,,,,,,,,0.029863306724776825,0.1,0.9666666666666667,0.0,nan,nan,24,nan,nan,nan,nan,unavailable,unavailable,unavailable,nan,nan,0.0,unavailable,nan
reviewer1_temporal_interface_development,reviewer1_temporal_interface_development,configs/reviewer1_remaining/temporal_and_interface_development/matched_design.yaml,architecture_sensorized_low_level,SensorizedPyBulletUAVWaypoint-v0,SensorizedPyBulletUAVWaypoint-v0,native_gymnasium_observation,feedforward_capacity_h096,15005,eval,120,120,-0.16626124830916525,120,2,-0.16626124830916525,30,0.0,120,23,0.008167710499433071,0.020339053124189377,0,1,2,1.9434307999908924,1.0715990999888163,0.8718317000020761,1.0715990999888163,0.8718317000020761,7544f61e62b857de55fcd6c17c5151159b824ebf,1.8.0,36544a532d02876404ae4245dbfdbf54a902a017d06dc714fab7bef09253291c,True,3.12.13,2.12.0+cpu,2.4.6,1.2.3,3.1.0,2.1.0,3.2.7,,,,,,1.0,0.0,0.0,0.0,0.0,1.0,0.0,1.0,0.0,nan,nan,0.0,nan,0.0,0.0,nan,1.0,nan,nan,unsupported,1102.6933333333332,1036.3,neural,0.0,0.0,0.0,,,,,,,,,,,,,0.03904583677649498,0.26666666666666666,0.9666666666666667,0.0,nan,nan,24,nan,nan,nan,nan,unavailable,unavailable,unavailable,nan,nan,0.0,unavailable,nan
reviewer1_temporal_interface_development,reviewer1_temporal_interface_development,configs/reviewer1_remaining/temporal_and_interface_development/matched_design.yaml,architecture_sensorized_low_level,SensorizedPyBulletUAVWaypoint-v0,SensorizedPyBulletUAVWaypoint-v0,native_gymnasium_observation,feedforward_capacity_h096,15005,eval,120,120,-1.4914006540738045,120,3,-1.4914006540738045,30,0.0,120,23,0.008167710499433071,0.020339053124189377,0,1,2,1.9435779999766964,1.0717462999746203,0.8718317000020761,1.0717462999746203,0.8718317000020761,7544f61e62b857de55fcd6c17c5151159b824ebf,1.8.0,36544a532d02876404ae4245dbfdbf54a902a017d06dc714fab7bef09253291c,True,3.12.13,2.12.0+cpu,2.4.6,1.2.3,3.1.0,2.1.0,3.2.7,,,,,,1.0,0.0,0.6666666666666666,0.0,0.0,1.0,0.0,1.0,0.0,nan,nan,0.0,nan,0.0,0.0,nan,1.0,nan,nan,unsupported,1274.22,1218.4,neural,0.0,0.0,0.0,,,,,,,,,,,,,0.029156970341379443,0.13333333333333333,0.0,0.0,nan,nan,26,nan,nan,nan,nan,unavailable,unavailable,unavailable,nan,nan,0.0,unavailable,nan
reviewer1_temporal_interface_development,reviewer1_temporal_interface_development,configs/reviewer1_remaining/temporal_and_interface_development/matched_design.yaml,architecture_sensorized_low_level,SensorizedPyBulletUAVWaypoint-v0,SensorizedPyBulletUAVWaypoint-v0,native_gymnasium_observation,feedforward_capacity_h096,15005,train,120,,,120,4,-0.5029828086495399,30,0.0,120,23,0.008167710499433071,0.020339053124189377,0,1,2,1.9534868999908213,1.0816551999887452,0.8718317000020761,1.0816551999887452,0.8718317000020761,7544f61e62b857de55fcd6c17c5151159b824ebf,1.8.0,36544a532d02876404ae4245dbfdbf54a902a017d06dc714fab7bef09253291c,True,3.12.13,2.12.0+cpu,2.4.6,1.2.3,3.1.0,2.1.0,3.2.7,,,,,,1.0,0.0,0.16666666666666666,0.0,0.0,1.0,0.0,1.0,0.0,nan,nan,0.0,nan,0.0,0.0,nan,1.0,nan,nan,unsupported,490.57,72.9,neural,0.0,0.0,0.0,,,,,,,,,,,,,0.03448853384082516,0.1,1.0,0.0,,,,,,,,,,,,,,,
reviewer1_temporal_interface_development,reviewer1_temporal_interface_development,configs/reviewer1_remaining/temporal_and_interface_development/matched_design.yaml,architecture_sensorized_low_level,SensorizedPyBulletUAVWaypoint-v0,SensorizedPyBulletUAVWaypoint-v0,native_gymnasium_observation,feedforward_capacity_h096,15005,train,150,,,150,5,-1.0142828908003867,30,0.0,150,30,0.006857002181156228,0.020339053124189377,0,1,2,2.2416392999875825,1.3698075999855064,0.8718317000020761,1.3698075999855064,0.8718317000020761,7544f61e62b857de55fcd6c17c5151159b824ebf,1.8.0,36544a532d02876404ae4245dbfdbf54a902a017d06dc714fab7bef09253291c,True,3.12.13,2.12.0+cpu,2.4.6,1.2.3,3.1.0,2.1.0,3.2.7,,,,,,1.0,0.0,0.36666666666666664,0.0,0.0,1.0,0.0,1.0,0.0,nan,nan,0.0,nan,0.0,0.0,nan,1.0,nan,nan,unsupported,527.23,65.94999999999999,neural,0.0,0.0,0.0,,,,,,,,,,,,,0.03573383167386055,0.16666666666666666,0.0,0.0,,,,,,,,,,,,,,,
reviewer1_temporal_interface_development,reviewer1_temporal_interface_development,configs/reviewer1_remaining/temporal_and_interface_development/matched_design.yaml,architecture_sensorized_low_level,SensorizedPyBulletUAVWaypoint-v0,SensorizedPyBulletUAVWaypoint-v0,native_gymnasium_observation,feedforward_capacity_h096,15005,train,180,,,180,6,-1.5517230619397013,30,0.0,180,38,0.005816093339633785,0.020339053124189377,0,1,2,2.4993696000019554,1.6275378999998793,0.8718317000020761,1.6275378999998793,0.8718317000020761,7544f61e62b857de55fcd6c17c5151159b824ebf,1.8.0,36544a532d02876404ae4245dbfdbf54a902a017d06dc714fab7bef09253291c,True,3.12.13,2.12.0+cpu,2.4.6,1.2.3,3.1.0,2.1.0,3.2.7,,,,,,1.0,0.0,1.0,0.06666666666666667,-0.0033333333333333344,1.0,0.0,1.0,0.0,nan,nan,0.0,nan,0.0,0.0,nan,1.0,nan,nan,unsupported,810.2599999999999,985.05,neural,0.0,0.0,0.0,,,,,,,,,,,,,0.0273377975684222,0.26666666666666666,0.0,0.0,,,,,,,,,,,,,,,
reviewer1_temporal_interface_development,reviewer1_temporal_interface_development,configs/reviewer1_remaining/temporal_and_interface_development/matched_design.yaml,architecture_sensorized_low_level,SensorizedPyBulletUAVWaypoint-v0,SensorizedPyBulletUAVWaypoint-v0,native_gymnasium_observation,feedforward_capacity_h096,15005,train,210,,,210,7,-1.4557157283090052,30,0.0,210,45,0.005152042483678088,0.020339053124189377,0,1,2,2.764504599996144,1.8926728999940678,0.8718317000020761,1.8926728999940678,0.8718317000020761,7544f61e62b857de55fcd6c17c5151159b824ebf,1.8.0,36544a532d02876404ae4245dbfdbf54a902a017d06dc714fab7bef09253291c,True,3.12.13,2.12.0+cpu,2.4.6,1.2.3,3.1.0,2.1.0,3.2.7,,,,,,1.0,0.0,1.0,0.0,0.0,1.0,0.0,1.0,0.0,nan,nan,0.0,nan,0.0,0.0,nan,1.0,nan,nan,unsupported,899.3566666666665,920.85,neural,0.0,0.0,0.0,,,,,,,,,,,,,0.02793874088674784,0.26666666666666666,0.0,0.0,,,,,,,,,,,,,,,
reviewer1_temporal_interface_development,reviewer1_temporal_interface_development,configs/reviewer1_remaining/temporal_and_interface_development/matched_design.yaml,architecture_sensorized_low_level,SensorizedPyBulletUAVWaypoint-v0,SensorizedPyBulletUAVWaypoint-v0,native_gymnasium_observation,feedforward_capacity_h096,15005,eval,240,240,-1.6904340786882672,240,1,-1.6904340786882672,30,0.0,240,53,0.004524202518195863,0.020339053124189377,0,2,2,3.9347792999760713,2.1744025999796577,1.7603766999964137,2.1744025999796577,1.7603766999964137,7544f61e62b857de55fcd6c17c5151159b824ebf,1.8.0,36544a532d02876404ae4245dbfdbf54a902a017d06dc714fab7bef09253291c,True,3.12.13,2.12.0+cpu,2.4.6,1.2.3,3.1.0,2.1.0,3.2.7,,,,,,1.0,0.0,1.0,0.0,0.0,1.0,0.0,1.0,0.0,nan,nan,0.0,nan,0.0,0.0,nan,1.0,nan,nan,unsupported,1165.7400000000002,1196.25,neural,0.0,0.0,0.0,,,,,,,,,,,,,0.03119116850818197,0.26666666666666666,0.0,0.0,nan,nan,12,nan,nan,nan,nan,unavailable,unavailable,unavailable,nan,nan,0.0,unavailable,nan
reviewer1_temporal_interface_development,reviewer1_temporal_interface_development,configs/reviewer1_remaining/temporal_and_interface_development/matched_design.yaml,architecture_sensorized_low_level,SensorizedPyBulletUAVWaypoint-v0,SensorizedPyBulletUAVWaypoint-v0,native_gymnasium_observation,feedforward_capacity_h096,15005,eval,240,240,-1.714366652639583,240,2,-1.714366652639583,30,0.0,240,53,0.004524202518195863,0.020339053124189377,0,2,2,3.935017199983122,2.174640499986708,1.7603766999964137,2.174640499986708,1.7603766999964137,7544f61e62b857de55fcd6c17c5151159b824ebf,1.8.0,36544a532d02876404ae4245dbfdbf54a902a017d06dc714fab7bef09253291c,True,3.12.13,2.12.0+cpu,2.4.6,1.2.3,3.1.0,2.1.0,3.2.7,,,,,,1.0,0.0,1.0,0.0,0.0,1.0,0.0,1.0,0.0,nan,nan,0.0,nan,0.0,0.0,nan,1.0,nan,nan,unsupported,1184.26,1179.05,neural,0.0,0.0,0.0,,,,,,,,,,,,,0.02722988245077431,0.26666666666666666,0.0,0.0,nan,nan,25,nan,nan,nan,nan,unavailable,unavailable,unavailable,nan,nan,0.0,unavailable,nan
reviewer1_temporal_interface_development,reviewer1_temporal_interface_development,configs/reviewer1_remaining/temporal_and_interface_development/matched_design.yaml,architecture_sensorized_low_level,SensorizedPyBulletUAVWaypoint-v0,SensorizedPyBulletUAVWaypoint-v0,native_gymnasium_observation,feedforward_capacity_h096,15005,eval,240,240,-1.7004141615051775,240,3,-1.7004141615051775,30,0.0,240,53,0.004524202518195863,0.020339053124189377,0,2,2,3.935133599996334,2.1747568999999203,1.7603766999964137,2.1747568999999203,1.7603766999964137,7544f61e62b857de55fcd6c17c5151159b824ebf,1.8.0,36544a532d02876404ae4245dbfdbf54a902a017d06dc714fab7bef09253291c,True,3.12.13,2.12.0+cpu,2.4.6,1.2.3,3.1.0,2.1.0,3.2.7,,,,,,1.0,0.0,1.0,0.0,0.0,1.0,0.0,1.0,0.0,nan,nan,0.0,nan,0.0,0.0,nan,1.0,nan,nan,unsupported,1155.2533333333333,1081.4,neural,0.0,0.0,0.0,,,,,,,,,,,,,0.03347519729286432,0.06666666666666667,0.9666666666666667,0.0,nan,nan,7,nan,nan,nan,nan,unavailable,unavailable,unavailable,nan,nan,0.0,unavailable,nan
reviewer1_temporal_interface_development,reviewer1_temporal_interface_development,configs/reviewer1_remaining/temporal_and_interface_development/matched_design.yaml,architecture_sensorized_low_level,SensorizedPyBulletUAVWaypoint-v0,SensorizedPyBulletUAVWaypoint-v0,native_gymnasium_observation,feedforward_capacity_h096,15005,train,240,,,240,8,-1.5982755437167362,30,0.0,240,53,0.004524202518195863,0.020339053124189377,0,2,2,3.936792799999239,2.1764161000028253,1.7603766999964137,2.1764161000028253,1.7603766999964137,7544f61e62b857de55fcd6c17c5151159b824ebf,1.8.0,36544a532d02876404ae4245dbfdbf54a902a017d06dc714fab7bef09253291c,True,3.12.13,2.12.0+cpu,2.4.6,1.2.3,3.1.0,2.1.0,3.2.7,,,,,,1.0,0.0,1.0,0.0,0.0,1.0,0.0,1.0,0.0,nan,nan,0.0,nan,0.0,0.0,nan,1.0,nan,nan,unsupported,960.2433333333333,940.5999999999999,neural,0.0,0.0,0.0,,,,,,,,,,,,,0.032597664666051664,0.26666666666666666,0.0,0.0,,,,,,,,,,,,,,,
reviewer1_temporal_interface_development,reviewer1_temporal_interface_development,configs/reviewer1_remaining/temporal_and_interface_development/matched_design.yaml,architecture_sensorized_low_level,SensorizedPyBulletUAVWaypoint-v0,SensorizedPyBulletUAVWaypoint-v0,native_gymnasium_observation,feedforward_capacity_h128,15004,train,30,,,30,1,-1.5361068573314698,30,0.0,30,0,nan,nan,0,0,2,0.21749979999731295,0.21749979999731295,0.0,0.21749979999731295,0.0,7544f61e62b857de55fcd6c17c5151159b824ebf,1.8.0,36544a532d02876404ae4245dbfdbf54a902a017d06dc714fab7bef09253291c,True,3.12.13,2.12.0+cpu,2.4.6,1.2.3,3.1.0,2.1.0,3.2.7,,,,,,1.0,0.0,1.0,0.03333333333333333,-0.0016666666666666672,1.0,0.0,0.26666666666666666,0.0,nan,nan,0.0,nan,0.0,0.0,nan,0.26666666666666666,nan,nan,unsupported,70.88666666666667,37.599999999999994,none,0.0,0.0,0.0,,,,,,,,,,,,,0.030785774160176516,0.23333333333333334,0.9,0.0,,,,,,,,,,,,,,,
reviewer1_temporal_interface_development,reviewer1_temporal_interface_development,configs/reviewer1_remaining/temporal_and_interface_development/matched_design.yaml,architecture_sensorized_low_level,SensorizedPyBulletUAVWaypoint-v0,SensorizedPyBulletUAVWaypoint-v0,native_gymnasium_observation,feedforward_capacity_h128,15004,train,60,,,60,2,-1.5918109764251855,30,0.0,60,8,0.004063024709466845,0.0073987217620015144,0,0,2,0.4713556000206154,0.4713556000206154,0.0,0.4713556000206154,0.0,7544f61e62b857de55fcd6c17c5151159b824ebf,1.8.0,36544a532d02876404ae4245dbfdbf54a902a017d06dc714fab7bef09253291c,True,3.12.13,2.12.0+cpu,2.4.6,1.2.3,3.1.0,2.1.0,3.2.7,,,,,,1.0,0.0,1.0,0.0,0.0,1.0,0.0,1.0,0.0,nan,nan,0.0,nan,0.0,0.0,nan,1.0,nan,nan,unsupported,218.23999999999998,44.8,neural,0.0,0.0,0.0,,,,,,,,,,,,,0.03012475126112501,0.26666666666666666,0.0,0.0,,,,,,,,,,,,,,,
reviewer1_temporal_interface_development,reviewer1_temporal_interface_development,configs/reviewer1_remaining/temporal_and_interface_development/matched_design.yaml,architecture_sensorized_low_level,SensorizedPyBulletUAVWaypoint-v0,SensorizedPyBulletUAVWaypoint-v0,native_gymnasium_observation,feedforward_capacity_h128,15004,train,90,,,90,3,-0.33357872244436293,30,0.0,90,15,0.0032671507137517135,0.0073987217620015144,0,0,2,0.7150165000057314,0.7150165000057314,0.0,0.7150165000057314,0.0,7544f61e62b857de55fcd6c17c5151159b824ebf,1.8.0,36544a532d02876404ae4245dbfdbf54a902a017d06dc714fab7bef09253291c,True,3.12.13,2.12.0+cpu,2.4.6,1.2.3,3.1.0,2.1.0,3.2.7,,,,,,1.0,0.0,0.0,0.0,0.0,1.0,0.0,1.0,0.0,nan,nan,0.0,nan,0.0,0.0,nan,1.0,nan,nan,unsupported,476.07333333333344,61.400000000000006,neural,0.0,0.0,0.0,,,,,,,,,,,,,0.03460048520937562,0.2,0.0,0.0,,,,,,,,,,,,,,,
reviewer1_temporal_interface_development,reviewer1_temporal_interface_development,configs/reviewer1_remaining/temporal_and_interface_development/matched_design.yaml,architecture_sensorized_low_level,SensorizedPyBulletUAVWaypoint-v0,SensorizedPyBulletUAVWaypoint-v0,native_gymnasium_observation,feedforward_capacity_h128,15004,eval,120,120,-0.3563798210490495,120,1,-0.3563798210490495,30,0.0,120,23,0.00274325379818354,0.0073987217620015144,0,1,2,1.9054257000098005,0.9581593000330031,0.9472663999767974,0.9581593000330031,0.9472663999767974,7544f61e62b857de55fcd6c17c5151159b824ebf,1.8.0,36544a532d02876404ae4245dbfdbf54a902a017d06dc714fab7bef09253291c,True,3.12.13,2.12.0+cpu,2.4.6,1.2.3,3.1.0,2.1.0,3.2.7,,,,,,1.0,0.0,0.0,0.0,0.0,1.0,0.0,1.0,0.0,nan,nan,0.0,nan,0.0,0.0,nan,1.0,nan,nan,unsupported,1157.2666666666664,1108.65,neural,0.0,0.0,0.0,,,,,,,,,,,,,0.03118039739007751,0.13333333333333333,0.9666666666666667,0.0,nan,nan,15,nan,nan,nan,nan,unavailable,unavailable,unavailable,nan,nan,0.0,unavailable,nan
reviewer1_temporal_interface_development,reviewer1_temporal_interface_development,configs/reviewer1_remaining/temporal_and_interface_development/matched_design.yaml,architecture_sensorized_low_level,SensorizedPyBulletUAVWaypoint-v0,SensorizedPyBulletUAVWaypoint-v0,native_gymnasium_observation,feedforward_capacity_h128,15004,eval,120,120,-1.5129175532516093,120,2,-1.5129175532516093,30,0.0,120,23,0.00274325379818354,0.0073987217620015144,0,1,2,1.9056629000115208,0.9583965000347234,0.9472663999767974,0.9583965000347234,0.9472663999767974,7544f61e62b857de55fcd6c17c5151159b824ebf,1.8.0,36544a532d02876404ae4245dbfdbf54a902a017d06dc714fab7bef09253291c,True,3.12.13,2.12.0+cpu,2.4.6,1.2.3,3.1.0,2.1.0,3.2.7,,,,,,1.0,0.0,0.8333333333333334,0.0,0.0,1.0,0.0,1.0,0.0,nan,nan,0.0,nan,0.0,0.0,nan,1.0,nan,nan,unsupported,1193.0866666666666,1224.65,neural,0.0,0.0,0.0,,,,,,,,,,,,,0.03057309230789542,0.23333333333333334,0.5,0.0,nan,nan,24,nan,nan,nan,nan,unavailable,unavailable,unavailable,nan,nan,0.0,unavailable,nan
reviewer1_temporal_interface_development,reviewer1_temporal_interface_development,configs/reviewer1_remaining/temporal_and_interface_development/matched_design.yaml,architecture_sensorized_low_level,SensorizedPyBulletUAVWaypoint-v0,SensorizedPyBulletUAVWaypoint-v0,native_gymnasium_observation,feedforward_capacity_h128,15004,eval,120,120,-1.4334383841231464,120,3,-1.4334383841231464,30,0.0,120,23,0.00274325379818354,0.0073987217620015144,0,1,2,1.9057964000094216,0.9585300000326242,0.9472663999767974,0.9585300000326242,0.9472663999767974,7544f61e62b857de55fcd6c17c5151159b824ebf,1.8.0,36544a532d02876404ae4245dbfdbf54a902a017d06dc714fab7bef09253291c,True,3.12.13,2.12.0+cpu,2.4.6,1.2.3,3.1.0,2.1.0,3.2.7,,,,,,1.0,0.0,0.9,0.0,0.0,1.0,0.0,1.0,0.0,nan,nan,0.0,nan,0.0,0.0,nan,1.0,nan,nan,unsupported,1128.13,1081.15,neural,0.0,0.0,0.0,,,,,,,,,,,,,0.032094184029847386,0.13333333333333333,0.0,0.0,nan,nan,7,nan,nan,nan,nan,unavailable,unavailable,unavailable,nan,nan,0.0,unavailable,nan
reviewer1_temporal_interface_development,reviewer1_temporal_interface_development,configs/reviewer1_remaining/temporal_and_interface_development/matched_design.yaml,architecture_sensorized_low_level,SensorizedPyBulletUAVWaypoint-v0,SensorizedPyBulletUAVWaypoint-v0,native_gymnasium_observation,feedforward_capacity_h128,15004,train,120,,,120,4,-1.4075508834281936,30,0.0,120,23,0.00274325379818354,0.0073987217620015144,0,1,2,1.9148606000235304,0.967594200046733,0.9472663999767974,0.967594200046733,0.9472663999767974,7544f61e62b857de55fcd6c17c5151159b824ebf,1.8.0,36544a532d02876404ae4245dbfdbf54a902a017d06dc714fab7bef09253291c,True,3.12.13,2.12.0+cpu,2.4.6,1.2.3,3.1.0,2.1.0,3.2.7,,,,,,1.0,0.0,1.0,0.03333333333333333,-0.0016666666666666672,1.0,0.0,1.0,0.0,nan,nan,0.0,nan,0.0,0.0,nan,1.0,nan,nan,unsupported,400.39333333333343,52.0,neural,0.0,0.0,0.0,,,,,,,,,,,,,0.02980401979123902,0.2,0.06666666666666667,0.0,,,,,,,,,,,,,,,
reviewer1_temporal_interface_development,reviewer1_temporal_interface_development,configs/reviewer1_remaining/temporal_and_interface_development/matched_design.yaml,architecture_sensorized_low_level,SensorizedPyBulletUAVWaypoint-v0,SensorizedPyBulletUAVWaypoint-v0,native_gymnasium_observation,feedforward_capacity_h128,15004,train,150,,,150,5,-1.6583875582646577,30,0.0,150,30,0.002482963006089752,0.0073987217620015144,0,1,2,2.163379800011171,1.2161134000343736,0.9472663999767974,1.2161134000343736,0.9472663999767974,7544f61e62b857de55fcd6c17c5151159b824ebf,1.8.0,36544a532d02876404ae4245dbfdbf54a902a017d06dc714fab7bef09253291c,True,3.12.13,2.12.0+cpu,2.4.6,1.2.3,3.1.0,2.1.0,3.2.7,,,,,,1.0,0.0,1.0,0.06666666666666667,-0.0033333333333333344,1.0,0.0,1.0,0.0,nan,nan,0.0,nan,0.0,0.0,nan,1.0,nan,nan,unsupported,502.5133333333333,66.35,neural,0.0,0.0,0.0,,,,,,,,,,,,,0.030038304898577433,0.3333333333333333,0.0,0.0,,,,,,,,,,,,,,,
reviewer1_temporal_interface_development,reviewer1_temporal_interface_development,configs/reviewer1_remaining/temporal_and_interface_development/matched_design.yaml,architecture_sensorized_low_level,SensorizedPyBulletUAVWaypoint-v0,SensorizedPyBulletUAVWaypoint-v0,native_gymnasium_observation,feedforward_capacity_h128,15004,train,180,,,180,6,-1.076444923458621,30,0.0,180,38,0.0023960735140319323,0.0073987217620015144,0,1,2,2.4578266000025906,1.5105602000257932,0.9472663999767974,1.5105602000257932,0.9472663999767974,7544f61e62b857de55fcd6c17c5151159b824ebf,1.8.0,36544a532d02876404ae4245dbfdbf54a902a017d06dc714fab7bef09253291c,True,3.12.13,2.12.0+cpu,2.4.6,1.2.3,3.1.0,2.1.0,3.2.7,,,,,,1.0,0.0,0.7,0.0,0.0,1.0,0.0,1.0,0.0,nan,nan,0.0,nan,0.0,0.0,nan,1.0,nan,nan,unsupported,828.8500000000001,1004.5,neural,0.0,0.0,0.0,,,,,,,,,,,,,0.033162569037328164,0.26666666666666666,0.4,0.0,,,,,,,,,,,,,,,
reviewer1_temporal_interface_development,reviewer1_temporal_interface_development,configs/reviewer1_remaining/temporal_and_interface_development/matched_design.yaml,architecture_sensorized_low_level,SensorizedPyBulletUAVWaypoint-v0,SensorizedPyBulletUAVWaypoint-v0,native_gymnasium_observation,feedforward_capacity_h128,15004,train,210,,,210,7,-1.1460647979564966,30,0.0,210,45,0.0022598616908200914,0.0073987217620015144,0,1,2,2.7223773000005167,1.7751109000237193,0.9472663999767974,1.7751109000237193,0.9472663999767974,7544f61e62b857de55fcd6c17c5151159b824ebf,1.8.0,36544a532d02876404ae4245dbfdbf54a902a017d06dc714fab7bef09253291c,True,3.12.13,2.12.0+cpu,2.4.6,1.2.3,3.1.0,2.1.0,3.2.7,,,,,,1.0,0.0,0.8333333333333334,0.06666666666666667,-0.0033333333333333344,1.0,0.0,1.0,0.0,nan,nan,0.0,nan,0.0,0.0,nan,1.0,nan,nan,unsupported,826.6466666666668,1008.45,neural,0.0,0.0,0.0,,,,,,,,,,,,,0.0341469534051915,0.23333333333333334,0.9666666666666667,0.0,,,,,,,,,,,,,,,
reviewer1_temporal_interface_development,reviewer1_temporal_interface_development,configs/reviewer1_remaining/temporal_and_interface_development/matched_design.yaml,architecture_sensorized_low_level,SensorizedPyBulletUAVWaypoint-v0,SensorizedPyBulletUAVWaypoint-v0,native_gymnasium_observation,feedforward_capacity_h128,15004,eval,240,240,-0.16505103337578478,240,1,-0.16505103337578478,30,0.0,240,53,0.0020881127675924944,0.0073987217620015144,0,2,2,3.8966823000228032,2.0572643000341486,1.8394179999886546,2.0572643000341486,1.8394179999886546,7544f61e62b857de55fcd6c17c5151159b824ebf,1.8.0,36544a532d02876404ae4245dbfdbf54a902a017d06dc714fab7bef09253291c,True,3.12.13,2.12.0+cpu,2.4.6,1.2.3,3.1.0,2.1.0,3.2.7,,,,,,1.0,0.0,0.0,0.0,0.0,1.0,0.0,1.0,0.0,nan,nan,0.0,nan,0.0,0.0,nan,1.0,nan,nan,unsupported,1198.1,1189.85,neural,0.0,0.0,0.0,,,,,,,,,,,,,0.028029162840296825,0.3,0.0,0.0,nan,nan,7,nan,nan,nan,nan,unavailable,unavailable,unavailable,nan,nan,0.0,unavailable,nan
reviewer1_temporal_interface_development,reviewer1_temporal_interface_development,configs/reviewer1_remaining/temporal_and_interface_development/matched_design.yaml,architecture_sensorized_low_level,SensorizedPyBulletUAVWaypoint-v0,SensorizedPyBulletUAVWaypoint-v0,native_gymnasium_observation,feedforward_capacity_h128,15004,eval,240,240,-1.8445993777504195,240,2,-1.8445993777504195,30,0.0,240,53,0.0020881127675924944,0.0073987217620015144,0,2,2,3.8969504999986384,2.057532500009984,1.8394179999886546,2.057532500009984,1.8394179999886546,7544f61e62b857de55fcd6c17c5151159b824ebf,1.8.0,36544a532d02876404ae4245dbfdbf54a902a017d06dc714fab7bef09253291c,True,3.12.13,2.12.0+cpu,2.4.6,1.2.3,3.1.0,2.1.0,3.2.7,,,,,,1.0,0.0,1.0,0.3333333333333333,-0.01666666666666667,1.0,0.0,1.0,0.0,nan,nan,0.0,nan,0.0,0.0,nan,1.0,nan,nan,unsupported,1161.0600000000002,1162.85,neural,0.0,0.0,0.0,,,,,,,,,,,,,0.026707856201877198,0.16666666666666666,0.43333333333333335,0.0,nan,nan,7,nan,nan,nan,nan,unavailable,unavailable,unavailable,nan,nan,0.0,unavailable,nan
reviewer1_temporal_interface_development,reviewer1_temporal_interface_development,configs/reviewer1_remaining/temporal_and_interface_development/matched_design.yaml,architecture_sensorized_low_level,SensorizedPyBulletUAVWaypoint-v0,SensorizedPyBulletUAVWaypoint-v0,native_gymnasium_observation,feedforward_capacity_h128,15004,eval,240,240,-1.20489240353927,240,3,-1.20489240353927,30,0.0,240,53,0.0020881127675924944,0.0073987217620015144,0,2,2,3.89707870001439,2.0576607000257354,1.8394179999886546,2.0576607000257354,1.8394179999886546,7544f61e62b857de55fcd6c17c5151159b824ebf,1.8.0,36544a532d02876404ae4245dbfdbf54a902a017d06dc714fab7bef09253291c,True,3.12.13,2.12.0+cpu,2.4.6,1.2.3,3.1.0,2.1.0,3.2.7,,,,,,1.0,0.0,0.9666666666666667,0.0,0.0,1.0,0.0,1.0,0.0,nan,nan,0.0,nan,0.0,0.0,nan,1.0,nan,nan,unsupported,1169.8633333333335,1104.35,neural,0.0,0.0,0.0,,,,,,,,,,,,,0.026107521132022762,0.26666666666666666,0.0,0.0,nan,nan,7,nan,nan,nan,nan,unavailable,unavailable,unavailable,nan,nan,0.0,unavailable,nan
reviewer1_temporal_interface_development,reviewer1_temporal_interface_development,configs/reviewer1_remaining/temporal_and_interface_development/matched_design.yaml,architecture_sensorized_low_level,SensorizedPyBulletUAVWaypoint-v0,SensorizedPyBulletUAVWaypoint-v0,native_gymnasium_observation,feedforward_capacity_h128,15004,train,240,,,240,8,-0.10464037852361802,30,0.0,240,53,0.0020881127675924944,0.0073987217620015144,0,2,2,3.8992431000224315,2.059825100033777,1.8394179999886546,2.059825100033777,1.8394179999886546,7544f61e62b857de55fcd6c17c5151159b824ebf,1.8.0,36544a532d02876404ae4245dbfdbf54a902a017d06dc714fab7bef09253291c,True,3.12.13,2.12.0+cpu,2.4.6,1.2.3,3.1.0,2.1.0,3.2.7,,,,,,1.0,0.0,0.0,0.0,0.0,1.0,0.0,1.0,0.0,nan,nan,0.0,nan,0.0,0.0,nan,1.0,nan,nan,unsupported,1098.82,1107.4,neural,0.0,0.0,0.0,,,,,,,,,,,,,0.032371676868448655,0.2,0.0,0.0,,,,,,,,,,,,,,,
reviewer1_temporal_interface_development,reviewer1_temporal_interface_development,configs/reviewer1_remaining/temporal_and_interface_development/matched_design.yaml,architecture_sensorized_low_level,SensorizedPyBulletUAVWaypoint-v0,SensorizedPyBulletUAVWaypoint-v0,native_gymnasium_observation,feedforward_capacity_h128,15005,train,30,,,30,1,-0.49999214906245476,30,0.0,30,0,nan,nan,0,0,2,0.21552789999987,0.21552789999987,0.0,0.21552789999987,0.0,7544f61e62b857de55fcd6c17c5151159b824ebf,1.8.0,36544a532d02876404ae4245dbfdbf54a902a017d06dc714fab7bef09253291c,True,3.12.13,2.12.0+cpu,2.4.6,1.2.3,3.1.0,2.1.0,3.2.7,,,,,,1.0,0.0,0.03333333333333333,0.03333333333333333,-0.0016666666666666672,1.0,0.0,0.0,0.0,nan,nan,0.0,nan,0.0,0.0,nan,0.0,nan,nan,unsupported,36.75333333333333,30.75,none,0.0,0.0,0.0,,,,,,,,,,,,,0.03030656126017372,0.16666666666666666,0.8666666666666667,0.0,,,,,,,,,,,,,,,
reviewer1_temporal_interface_development,reviewer1_temporal_interface_development,configs/reviewer1_remaining/temporal_and_interface_development/matched_design.yaml,architecture_sensorized_low_level,SensorizedPyBulletUAVWaypoint-v0,SensorizedPyBulletUAVWaypoint-v0,native_gymnasium_observation,feedforward_capacity_h128,15005,train,60,,,60,2,-1.4918772489693948,30,0.0,60,8,0.00806876108981669,0.014849125407636166,0,0,2,0.4724622000067029,0.4724622000067029,0.0,0.4724622000067029,0.0,7544f61e62b857de55fcd6c17c5151159b824ebf,1.8.0,36544a532d02876404ae4245dbfdbf54a902a017d06dc714fab7bef09253291c,True,3.12.13,2.12.0+cpu,2.4.6,1.2.3,3.1.0,2.1.0,3.2.7,,,,,,1.0,0.0,1.0,0.06666666666666667,-0.0033333333333333344,1.0,0.0,0.6333333333333333,0.0,nan,nan,0.0,nan,0.0,0.0,nan,0.6333333333333333,nan,nan,unsupported,245.44666666666666,40.35,neural,0.0,0.0,0.0,,,,,,,,,,,,,0.03272667865579327,0.16666666666666666,0.0,0.0,,,,,,,,,,,,,,,
reviewer1_temporal_interface_development,reviewer1_temporal_interface_development,configs/reviewer1_remaining/temporal_and_interface_development/matched_design.yaml,architecture_sensorized_low_level,SensorizedPyBulletUAVWaypoint-v0,SensorizedPyBulletUAVWaypoint-v0,native_gymnasium_observation,feedforward_capacity_h128,15005,train,90,,,90,3,-1.6008284429530613,30,0.0,90,15,0.00584910469284902,0.014849125407636166,0,0,2,0.7276566000073217,0.7276566000073217,0.0,0.7276566000073217,0.0,7544f61e62b857de55fcd6c17c5151159b824ebf,1.8.0,36544a532d02876404ae4245dbfdbf54a902a017d06dc714fab7bef09253291c,True,3.12.13,2.12.0+cpu,2.4.6,1.2.3,3.1.0,2.1.0,3.2.7,,,,,,1.0,0.0,1.0,0.06666666666666667,-0.0033333333333333344,1.0,0.0,1.0,0.0,nan,nan,0.0,nan,0.0,0.0,nan,1.0,nan,nan,unsupported,287.11999999999995,34.3,neural,0.0,0.0,0.0,,,,,,,,,,,,,0.031955447404955824,0.26666666666666666,0.0,0.0,,,,,,,,,,,,,,,
reviewer1_temporal_interface_development,reviewer1_temporal_interface_development,configs/reviewer1_remaining/temporal_and_interface_development/matched_design.yaml,architecture_sensorized_low_level,SensorizedPyBulletUAVWaypoint-v0,SensorizedPyBulletUAVWaypoint-v0,native_gymnasium_observation,feedforward_capacity_h128,15005,eval,120,120,-0.9805953641887752,120,1,-0.9805953641887752,30,0.0,120,23,0.004290864721912405,0.014849125407636166,0,1,2,1.9535667999880388,1.0098324999853503,0.9437343000026885,1.0098324999853503,0.9437343000026885,7544f61e62b857de55fcd6c17c5151159b824ebf,1.8.0,36544a532d02876404ae4245dbfdbf54a902a017d06dc714fab7bef09253291c,True,3.12.13,2.12.0+cpu,2.4.6,1.2.3,3.1.0,2.1.0,3.2.7,,,,,,1.0,0.0,0.4666666666666667,0.0,0.0,1.0,0.0,1.0,0.0,nan,nan,0.0,nan,0.0,0.0,nan,1.0,nan,nan,unsupported,1244.3433333333335,1177.15,neural,0.0,0.0,0.0,,,,,,,,,,,,,0.03054861833030979,0.1,0.9666666666666667,0.0,nan,nan,11,nan,nan,nan,nan,unavailable,unavailable,unavailable,nan,nan,0.0,unavailable,nan
reviewer1_temporal_interface_development,reviewer1_temporal_interface_development,configs/reviewer1_remaining/temporal_and_interface_development/matched_design.yaml,architecture_sensorized_low_level,SensorizedPyBulletUAVWaypoint-v0,SensorizedPyBulletUAVWaypoint-v0,native_gymnasium_observation,feedforward_capacity_h128,15005,eval,120,120,-0.7564333498384803,120,2,-0.7564333498384803,30,0.0,120,23,0.004290864721912405,0.014849125407636166,0,1,2,1.9537784999993164,1.0100441999966279,0.9437343000026885,1.0100441999966279,0.9437343000026885,7544f61e62b857de55fcd6c17c5151159b824ebf,1.8.0,36544a532d02876404ae4245dbfdbf54a902a017d06dc714fab7bef09253291c,True,3.12.13,2.12.0+cpu,2.4.6,1.2.3,3.1.0,2.1.0,3.2.7,,,,,,1.0,0.0,0.3,0.0,0.0,1.0,0.0,1.0,0.0,nan,nan,0.0,nan,0.0,0.0,nan,1.0,nan,nan,unsupported,1140.0866666666666,1109.5,neural,0.0,0.0,0.0,,,,,,,,,,,,,0.036597265085826315,0.26666666666666666,0.9666666666666667,0.0,nan,nan,11,nan,nan,nan,nan,unavailable,unavailable,unavailable,nan,nan,0.0,unavailable,nan
reviewer1_temporal_interface_development,reviewer1_temporal_interface_development,configs/reviewer1_remaining/temporal_and_interface_development/matched_design.yaml,architecture_sensorized_low_level,SensorizedPyBulletUAVWaypoint-v0,SensorizedPyBulletUAVWaypoint-v0,native_gymnasium_observation,feedforward_capacity_h128,15005,eval,120,120,-1.556948836483062,120,3,-1.556948836483062,30,0.0,120,23,0.004290864721912405,0.014849125407636166,0,1,2,1.9539078999951016,1.010173599992413,0.9437343000026885,1.010173599992413,0.9437343000026885,7544f61e62b857de55fcd6c17c5151159b824ebf,1.8.0,36544a532d02876404ae4245dbfdbf54a902a017d06dc714fab7bef09253291c,True,3.12.13,2.12.0+cpu,2.4.6,1.2.3,3.1.0,2.1.0,3.2.7,,,,,,1.0,0.0,0.8333333333333334,0.0,0.0,1.0,0.0,1.0,0.0,nan,nan,0.0,nan,0.0,0.0,nan,1.0,nan,nan,unsupported,1082.93,1051.5,neural,0.0,0.0,0.0,,,,,,,,,,,,,0.027724265741805237,0.13333333333333333,0.0,0.0,nan,nan,7,nan,nan,nan,nan,unavailable,unavailable,unavailable,nan,nan,0.0,unavailable,nan
reviewer1_temporal_interface_development,reviewer1_temporal_interface_development,configs/reviewer1_remaining/temporal_and_interface_development/matched_design.yaml,architecture_sensorized_low_level,SensorizedPyBulletUAVWaypoint-v0,SensorizedPyBulletUAVWaypoint-v0,native_gymnasium_observation,feedforward_capacity_h128,15005,train,120,,,120,4,-0.6022281422559173,30,0.0,120,23,0.004290864721912405,0.014849125407636166,0,1,2,1.9599095000012312,1.0161751999985427,0.9437343000026885,1.0161751999985427,0.9437343000026885,7544f61e62b857de55fcd6c17c5151159b824ebf,1.8.0,36544a532d02876404ae4245dbfdbf54a902a017d06dc714fab7bef09253291c,True,3.12.13,2.12.0+cpu,2.4.6,1.2.3,3.1.0,2.1.0,3.2.7,,,,,,1.0,0.0,0.16666666666666666,0.0,0.0,1.0,0.0,1.0,0.0,nan,nan,0.0,nan,0.0,0.0,nan,1.0,nan,nan,unsupported,506.15000000000003,59.55,neural,0.0,0.0,0.0,,,,,,,,,,,,,0.03447051184872786,0.1,1.0,0.0,,,,,,,,,,,,,,,
reviewer1_temporal_interface_development,reviewer1_temporal_interface_development,configs/reviewer1_remaining/temporal_and_interface_development/matched_design.yaml,architecture_sensorized_low_level,SensorizedPyBulletUAVWaypoint-v0,SensorizedPyBulletUAVWaypoint-v0,native_gymnasium_observation,feedforward_capacity_h128,15005,train,150,,,150,5,-0.9588170119002462,30,0.0,150,30,0.00350228445410418,0.014849125407636166,0,1,2,2.2097021999943536,1.265967899991665,0.9437343000026885,1.265967899991665,0.9437343000026885,7544f61e62b857de55fcd6c17c5151159b824ebf,1.8.0,36544a532d02876404ae4245dbfdbf54a902a017d06dc714fab7bef09253291c,True,3.12.13,2.12.0+cpu,2.4.6,1.2.3,3.1.0,2.1.0,3.2.7,,,,,,1.0,0.0,0.4,0.0,0.0,1.0,0.0,1.0,0.0,nan,nan,0.0,nan,0.0,0.0,nan,1.0,nan,nan,unsupported,530.73,67.8,neural,0.0,0.0,0.0,,,,,,,,,,,,,0.03634727662429214,0.16666666666666666,0.0,0.0,,,,,,,,,,,,,,,
reviewer1_temporal_interface_development,reviewer1_temporal_interface_development,configs/reviewer1_remaining/temporal_and_interface_development/matched_design.yaml,architecture_sensorized_low_level,SensorizedPyBulletUAVWaypoint-v0,SensorizedPyBulletUAVWaypoint-v0,native_gymnasium_observation,feedforward_capacity_h128,15005,train,180,,,180,6,-1.2826456922013314,30,0.0,180,38,0.003027741854710161,0.014849125407636166,0,1,2,2.489745300001232,1.5460109999985434,0.9437343000026885,1.5460109999985434,0.9437343000026885,7544f61e62b857de55fcd6c17c5151159b824ebf,1.8.0,36544a532d02876404ae4245dbfdbf54a902a017d06dc714fab7bef09253291c,True,3.12.13,2.12.0+cpu,2.4.6,1.2.3,3.1.0,2.1.0,3.2.7,,,,,,1.0,0.0,1.0,0.0,0.0,1.0,0.0,1.0,0.0,nan,nan,0.0,nan,0.0,0.0,nan,1.0,nan,nan,unsupported,801.9533333333335,1060.0,neural,0.0,0.0,0.0,,,,,,,,,,,,,0.0293164847343481,0.26666666666666666,0.0,0.0,,,,,,,,,,,,,,,
reviewer1_temporal_interface_development,reviewer1_temporal_interface_development,configs/reviewer1_remaining/temporal_and_interface_development/matched_design.yaml,architecture_sensorized_low_level,SensorizedPyBulletUAVWaypoint-v0,SensorizedPyBulletUAVWaypoint-v0,native_gymnasium_observation,feedforward_capacity_h128,15005,train,210,,,210,7,-1.6894401530362668,30,0.0,210,45,0.002731251781288948,0.014849125407636166,0,1,2,2.763793199992506,1.8200588999898173,0.9437343000026885,1.8200588999898173,0.9437343000026885,7544f61e62b857de55fcd6c17c5151159b824ebf,1.8.0,36544a532d02876404ae4245dbfdbf54a902a017d06dc714fab7bef09253291c,True,3.12.13,2.12.0+cpu,2.4.6,1.2.3,3.1.0,2.1.0,3.2.7,,,,,,1.0,0.0,1.0,0.0,0.0,1.0,0.0,1.0,0.0,nan,nan,0.0,nan,0.0,0.0,nan,1.0,nan,nan,unsupported,923.6700000000001,987.25,neural,0.0,0.0,0.0,,,,,,,,,,,,,0.02829980772609512,0.26666666666666666,0.0,0.0,,,,,,,,,,,,,,,
reviewer1_temporal_interface_development,reviewer1_temporal_interface_development,configs/reviewer1_remaining/temporal_and_interface_development/matched_design.yaml,architecture_sensorized_low_level,SensorizedPyBulletUAVWaypoint-v0,SensorizedPyBulletUAVWaypoint-v0,native_gymnasium_observation,feedforward_capacity_h128,15005,eval,240,240,-1.904570943614235,240,1,-1.904570943614235,30,0.0,240,53,0.0024658490660411465,0.014849125407636166,0,2,2,3.923512999986997,2.097191599983489,1.8263214000035077,2.097191599983489,1.8263214000035077,7544f61e62b857de55fcd6c17c5151159b824ebf,1.8.0,36544a532d02876404ae4245dbfdbf54a902a017d06dc714fab7bef09253291c,True,3.12.13,2.12.0+cpu,2.4.6,1.2.3,3.1.0,2.1.0,3.2.7,,,,,,1.0,0.0,1.0,0.0,0.0,1.0,0.0,1.0,0.0,nan,nan,0.0,nan,0.0,0.0,nan,1.0,nan,nan,unsupported,1231.6699999999998,1192.35,neural,0.0,0.0,0.0,,,,,,,,,,,,,0.03225649452457825,0.26666666666666666,0.0,0.0,nan,nan,21,nan,nan,nan,nan,unavailable,unavailable,unavailable,nan,nan,0.0,unavailable,nan
reviewer1_temporal_interface_development,reviewer1_temporal_interface_development,configs/reviewer1_remaining/temporal_and_interface_development/matched_design.yaml,architecture_sensorized_low_level,SensorizedPyBulletUAVWaypoint-v0,SensorizedPyBulletUAVWaypoint-v0,native_gymnasium_observation,feedforward_capacity_h128,15005,eval,240,240,-1.7583068286255004,240,2,-1.7583068286255004,30,0.0,240,53,0.0024658490660411465,0.014849125407636166,0,2,2,3.9238473000004888,2.097525899996981,1.8263214000035077,2.097525899996981,1.8263214000035077,7544f61e62b857de55fcd6c17c5151159b824ebf,1.8.0,36544a532d02876404ae4245dbfdbf54a902a017d06dc714fab7bef09253291c,True,3.12.13,2.12.0+cpu,2.4.6,1.2.3,3.1.0,2.1.0,3.2.7,,,,,,1.0,0.0,1.0,0.0,0.0,1.0,0.0,1.0,0.0,nan,nan,0.0,nan,0.0,0.0,nan,1.0,nan,nan,unsupported,1135.5766666666668,1150.0,neural,0.0,0.0,0.0,,,,,,,,,,,,,0.02745479471050203,0.26666666666666666,0.0,0.0,nan,nan,21,nan,nan,nan,nan,unavailable,unavailable,unavailable,nan,nan,0.0,unavailable,nan
reviewer1_temporal_interface_development,reviewer1_temporal_interface_development,configs/reviewer1_remaining/temporal_and_interface_development/matched_design.yaml,architecture_sensorized_low_level,SensorizedPyBulletUAVWaypoint-v0,SensorizedPyBulletUAVWaypoint-v0,native_gymnasium_observation,feedforward_capacity_h128,15005,eval,240,240,-1.7181466257013378,240,3,-1.7181466257013378,30,0.0,240,53,0.0024658490660411465,0.014849125407636166,0,2,2,3.9239756999886595,2.0976542999851517,1.8263214000035077,2.0976542999851517,1.8263214000035077,7544f61e62b857de55fcd6c17c5151159b824ebf,1.8.0,36544a532d02876404ae4245dbfdbf54a902a017d06dc714fab7bef09253291c,True,3.12.13,2.12.0+cpu,2.4.6,1.2.3,3.1.0,2.1.0,3.2.7,,,,,,1.0,0.0,1.0,0.0,0.0,1.0,0.0,1.0,0.0,nan,nan,0.0,nan,0.0,0.0,nan,1.0,nan,nan,unsupported,1151.0733333333333,1126.9499999999998,neural,0.0,0.0,0.0,,,,,,,,,,,,,0.03150873196621736,0.06666666666666667,0.9666666666666667,0.0,nan,nan,9,nan,nan,nan,nan,unavailable,unavailable,unavailable,nan,nan,0.0,unavailable,nan
reviewer1_temporal_interface_development,reviewer1_temporal_interface_development,configs/reviewer1_remaining/temporal_and_interface_development/matched_design.yaml,architecture_sensorized_low_level,SensorizedPyBulletUAVWaypoint-v0,SensorizedPyBulletUAVWaypoint-v0,native_gymnasium_observation,feedforward_capacity_h128,15005,train,240,,,240,8,-1.4922848016675563,30,0.0,240,53,0.0024658490660411465,0.014849125407636166,0,2,2,3.9257606999890413,2.0994392999855336,1.8263214000035077,2.0994392999855336,1.8263214000035077,7544f61e62b857de55fcd6c17c5151159b824ebf,1.8.0,36544a532d02876404ae4245dbfdbf54a902a017d06dc714fab7bef09253291c,True,3.12.13,2.12.0+cpu,2.4.6,1.2.3,3.1.0,2.1.0,3.2.7,,,,,,1.0,0.0,1.0,0.06666666666666667,-0.0033333333333333344,1.0,0.0,1.0,0.0,nan,nan,0.0,nan,0.0,0.0,nan,1.0,nan,nan,unsupported,904.1700000000001,941.9,neural,0.0,0.0,0.0,,,,,,,,,,,,,0.032638729767253,0.26666666666666666,0.0,0.0,,,,,,,,,,,,,,,
reviewer1_temporal_interface_development,reviewer1_temporal_interface_development,configs/reviewer1_remaining/temporal_and_interface_development/matched_design.yaml,architecture_sensorized_low_level,SensorizedPyBulletUAVWaypoint-v0,SensorizedPyBulletUAVWaypoint-v0,native_gymnasium_observation,temporal_drqn_seq4,15004,train,30,,,30,1,-1.5419812327530233,30,0.0,30,0,nan,nan,0,0,2,0.47224470000946894,0.47224470000946894,0.0,0.47224470000946894,0.0,7544f61e62b857de55fcd6c17c5151159b824ebf,1.8.0,36544a532d02876404ae4245dbfdbf54a902a017d06dc714fab7bef09253291c,True,3.12.13,2.12.0+cpu,2.4.6,1.2.3,3.1.0,2.1.0,3.2.7,,,,,,1.0,0.0,1.0,0.03333333333333333,-0.0016666666666666672,1.0,0.0,1.0,0.0,nan,nan,0.0,nan,0.0,0.0,nan,1.0,nan,nan,unsupported,7447.406666666666,1206.4,neural,30.0,27.0,112748.0,,,,,,,,,,,,,0.030785605031996965,0.23333333333333334,0.9,0.0,,,,,,,,,,,,,,,
reviewer1_temporal_interface_development,reviewer1_temporal_interface_development,configs/reviewer1_remaining/temporal_and_interface_development/matched_design.yaml,architecture_sensorized_low_level,SensorizedPyBulletUAVWaypoint-v0,SensorizedPyBulletUAVWaypoint-v0,native_gymnasium_observation,temporal_drqn_seq4,15004,train,60,,,60,2,-1.5564145339000977,30,0.0,60,8,0.020954092731699347,0.029170691967010498,0,0,2,0.861380200018175,0.861380200018175,0.0,0.861380200018175,0.0,7544f61e62b857de55fcd6c17c5151159b824ebf,1.8.0,36544a532d02876404ae4245dbfdbf54a902a017d06dc714fab7bef09253291c,True,3.12.13,2.12.0+cpu,2.4.6,1.2.3,3.1.0,2.1.0,3.2.7,,,,,,1.0,0.0,1.0,0.0,0.0,1.0,0.0,1.0,0.0,nan,nan,0.0,nan,0.0,0.0,nan,1.0,nan,nan,unsupported,1313.1266666666668,1292.55,neural,60.0,54.0,112748.0,,,,,,,,,,,,,0.03003235481058558,0.26666666666666666,0.0,0.0,,,,,,,,,,,,,,,
reviewer1_temporal_interface_development,reviewer1_temporal_interface_development,configs/reviewer1_remaining/temporal_and_interface_development/matched_design.yaml,architecture_sensorized_low_level,SensorizedPyBulletUAVWaypoint-v0,SensorizedPyBulletUAVWaypoint-v0,native_gymnasium_observation,temporal_drqn_seq4,15004,train,90,,,90,3,-0.33076078170444817,30,0.0,90,15,0.015371003095060587,0.029170691967010498,0,0,2,1.2000103000027593,1.2000103000027593,0.0,1.2000103000027593,0.0,7544f61e62b857de55fcd6c17c5151159b824ebf,1.8.0,36544a532d02876404ae4245dbfdbf54a902a017d06dc714fab7bef09253291c,True,3.12.13,2.12.0+cpu,2.4.6,1.2.3,3.1.0,2.1.0,3.2.7,,,,,,1.0,0.0,0.0,0.0,0.0,1.0,0.0,1.0,0.0,nan,nan,0.0,nan,0.0,0.0,nan,1.0,nan,nan,unsupported,1248.946666666667,1270.85,neural,90.0,81.0,112748.0,,,,,,,,,,,,,0.03465649628390868,0.2,0.0,0.0,,,,,,,,,,,,,,,
reviewer1_temporal_interface_development,reviewer1_temporal_interface_development,configs/reviewer1_remaining/temporal_and_interface_development/matched_design.yaml,architecture_sensorized_low_level,SensorizedPyBulletUAVWaypoint-v0,SensorizedPyBulletUAVWaypoint-v0,native_gymnasium_observation,temporal_drqn_seq4,15004,eval,120,120,-0.8523938428703695,120,1,-0.8523938428703695,30,0.0,120,23,0.012075482776550494,0.029170691967010498,0,1,2,2.535704900015844,1.5882956999994349,0.9474092000164092,1.5882956999994349,0.9474092000164092,7544f61e62b857de55fcd6c17c5151159b824ebf,1.8.0,36544a532d02876404ae4245dbfdbf54a902a017d06dc714fab7bef09253291c,True,3.12.13,2.12.0+cpu,2.4.6,1.2.3,3.1.0,2.1.0,3.2.7,,,,,,1.0,0.0,0.3333333333333333,0.0,0.0,1.0,0.0,1.0,0.0,nan,nan,0.0,nan,0.0,0.0,nan,1.0,nan,nan,unsupported,1456.0566666666666,1412.9499999999998,neural,120.0,108.0,112748.0,,,,,,,,,,,,,0.033539467056592304,0.13333333333333333,0.9666666666666667,0.0,nan,nan,18,nan,nan,nan,nan,unavailable,unavailable,unavailable,nan,nan,0.0,unavailable,nan
reviewer1_temporal_interface_development,reviewer1_temporal_interface_development,configs/reviewer1_remaining/temporal_and_interface_development/matched_design.yaml,architecture_sensorized_low_level,SensorizedPyBulletUAVWaypoint-v0,SensorizedPyBulletUAVWaypoint-v0,native_gymnasium_observation,temporal_drqn_seq4,15004,eval,120,120,-1.2927870144601912,120,2,-1.2927870144601912,30,0.0,120,23,0.012075482776550494,0.029170691967010498,0,1,2,2.535987400013255,1.5885781999968458,0.9474092000164092,1.5885781999968458,0.9474092000164092,7544f61e62b857de55fcd6c17c5151159b824ebf,1.8.0,36544a532d02876404ae4245dbfdbf54a902a017d06dc714fab7bef09253291c,True,3.12.13,2.12.0+cpu,2.4.6,1.2.3,3.1.0,2.1.0,3.2.7,,,,,,1.0,0.0,1.0,0.0,0.0,1.0,0.0,1.0,0.0,nan,nan,0.0,nan,0.0,0.0,nan,1.0,nan,nan,unsupported,1533.6666666666672,1337.4499999999998,neural,120.0,108.0,112748.0,,,,,,,,,,,,,0.030444385235508284,0.23333333333333334,0.6,0.0,nan,nan,19,nan,nan,nan,nan,unavailable,unavailable,unavailable,nan,nan,0.0,unavailable,nan
reviewer1_temporal_interface_development,reviewer1_temporal_interface_development,configs/reviewer1_remaining/temporal_and_interface_development/matched_design.yaml,architecture_sensorized_low_level,SensorizedPyBulletUAVWaypoint-v0,SensorizedPyBulletUAVWaypoint-v0,native_gymnasium_observation,temporal_drqn_seq4,15004,eval,120,120,-1.4457364064967262,120,3,-1.4457364064967262,30,0.0,120,23,0.012075482776550494,0.029170691967010498,0,1,2,2.5361469000054058,1.5887376999889966,0.9474092000164092,1.5887376999889966,0.9474092000164092,7544f61e62b857de55fcd6c17c5151159b824ebf,1.8.0,36544a532d02876404ae4245dbfdbf54a902a017d06dc714fab7bef09253291c,True,3.12.13,2.12.0+cpu,2.4.6,1.2.3,3.1.0,2.1.0,3.2.7,,,,,,1.0,0.0,1.0,0.0,0.0,1.0,0.0,1.0,0.0,nan,nan,0.0,nan,0.0,0.0,nan,1.0,nan,nan,unsupported,1413.2666666666667,1359.4,neural,120.0,108.0,112748.0,,,,,,,,,,,,,0.033177049333850545,0.13333333333333333,0.0,0.0,nan,nan,7,nan,nan,nan,nan,unavailable,unavailable,unavailable,nan,nan,0.0,unavailable,nan
reviewer1_temporal_interface_development,reviewer1_temporal_interface_development,configs/reviewer1_remaining/temporal_and_interface_development/matched_design.yaml,architecture_sensorized_low_level,SensorizedPyBulletUAVWaypoint-v0,SensorizedPyBulletUAVWaypoint-v0,native_gymnasium_observation,temporal_drqn_seq4,15004,train,120,,,120,4,-1.3121634749183428,30,0.0,120,23,0.012075482776550494,0.029170691967010498,0,1,2,2.5461150000046473,1.5987057999882381,0.9474092000164092,1.5987057999882381,0.9474092000164092,7544f61e62b857de55fcd6c17c5151159b824ebf,1.8.0,36544a532d02876404ae4245dbfdbf54a902a017d06dc714fab7bef09253291c,True,3.12.13,2.12.0+cpu,2.4.6,1.2.3,3.1.0,2.1.0,3.2.7,,,,,,1.0,0.0,1.0,0.03333333333333333,-0.0016666666666666672,1.0,0.0,1.0,0.0,nan,nan,0.0,nan,0.0,0.0,nan,1.0,nan,nan,unsupported,1421.353333333333,1339.1,neural,120.0,108.0,112748.0,,,,,,,,,,,,,0.03031732996290278,0.2,0.06666666666666667,0.0,,,,,,,,,,,,,,,
reviewer1_temporal_interface_development,reviewer1_temporal_interface_development,configs/reviewer1_remaining/temporal_and_interface_development/matched_design.yaml,architecture_sensorized_low_level,SensorizedPyBulletUAVWaypoint-v0,SensorizedPyBulletUAVWaypoint-v0,native_gymnasium_observation,temporal_drqn_seq4,15004,train,150,,,150,5,-1.6046913790516557,30,0.0,150,30,0.010005428091002007,0.029170691967010498,0,1,2,2.9493159000121523,2.001906699995743,0.9474092000164092,2.001906699995743,0.9474092000164092,7544f61e62b857de55fcd6c17c5151159b824ebf,1.8.0,36544a532d02876404ae4245dbfdbf54a902a017d06dc714fab7bef09253291c,True,3.12.13,2.12.0+cpu,2.4.6,1.2.3,3.1.0,2.1.0,3.2.7,,,,,,1.0,0.0,1.0,0.06666666666666667,-0.0033333333333333344,1.0,0.0,1.0,0.0,nan,nan,0.0,nan,0.0,0.0,nan,1.0,nan,nan,unsupported,1422.74,1312.3000000000002,neural,150.0,135.0,112748.0,,,,,,,,,,,,,0.02985524426524838,0.3333333333333333,0.0,0.0,,,,,,,,,,,,,,,
reviewer1_temporal_interface_development,reviewer1_temporal_interface_development,configs/reviewer1_remaining/temporal_and_interface_development/matched_design.yaml,architecture_sensorized_low_level,SensorizedPyBulletUAVWaypoint-v0,SensorizedPyBulletUAVWaypoint-v0,native_gymnasium_observation,temporal_drqn_seq4,15004,train,180,,,180,6,-0.6763098733965308,30,0.0,180,38,0.008386868137964293,0.029170691967010498,0,1,2,3.387885800009826,2.440476599993417,0.9474092000164092,2.440476599993417,0.9474092000164092,7544f61e62b857de55fcd6c17c5151159b824ebf,1.8.0,36544a532d02876404ae4245dbfdbf54a902a017d06dc714fab7bef09253291c,True,3.12.13,2.12.0+cpu,2.4.6,1.2.3,3.1.0,2.1.0,3.2.7,,,,,,1.0,0.0,0.26666666666666666,0.0,0.0,1.0,0.0,1.0,0.0,nan,nan,0.0,nan,0.0,0.0,nan,1.0,nan,nan,unsupported,1400.94,1382.55,neural,180.0,162.0,112748.0,,,,,,,,,,,,,0.033662186066309614,0.26666666666666666,0.43333333333333335,0.0,,,,,,,,,,,,,,,
reviewer1_temporal_interface_development,reviewer1_temporal_interface_development,configs/reviewer1_remaining/temporal_and_interface_development/matched_design.yaml,architecture_sensorized_low_level,SensorizedPyBulletUAVWaypoint-v0,SensorizedPyBulletUAVWaypoint-v0,native_gymnasium_observation,temporal_drqn_seq4,15004,train,210,,,210,7,-1.0103795212134719,30,0.0,210,45,0.00732619840806971,0.029170691967010498,0,1,2,3.7270569000102114,2.7796476999938022,0.9474092000164092,2.7796476999938022,0.9474092000164092,7544f61e62b857de55fcd6c17c5151159b824ebf,1.8.0,36544a532d02876404ae4245dbfdbf54a902a017d06dc714fab7bef09253291c,True,3.12.13,2.12.0+cpu,2.4.6,1.2.3,3.1.0,2.1.0,3.2.7,,,,,,1.0,0.0,0.5666666666666667,0.06666666666666667,-0.0033333333333333344,1.0,0.0,1.0,0.0,nan,nan,0.0,nan,0.0,0.0,nan,1.0,nan,nan,unsupported,1539.98,1419.7,neural,210.0,189.0,112748.0,,,,,,,,,,,,,0.03008219391728441,0.23333333333333334,0.9666666666666667,0.0,,,,,,,,,,,,,,,
reviewer1_temporal_interface_development,reviewer1_temporal_interface_development,configs/reviewer1_remaining/temporal_and_interface_development/matched_design.yaml,architecture_sensorized_low_level,SensorizedPyBulletUAVWaypoint-v0,SensorizedPyBulletUAVWaypoint-v0,native_gymnasium_observation,temporal_drqn_seq4,15004,eval,240,240,-0.27983586671878585,240,1,-0.27983586671878585,30,0.0,240,53,0.006456930358907349,0.029170691967010498,0,2,2,5.116483899997547,3.10595009996905,2.0105338000284974,3.10595009996905,2.0105338000284974,7544f61e62b857de55fcd6c17c5151159b824ebf,1.8.0,36544a532d02876404ae4245dbfdbf54a902a017d06dc714fab7bef09253291c,True,3.12.13,2.12.0+cpu,2.4.6,1.2.3,3.1.0,2.1.0,3.2.7,,,,,,1.0,0.0,0.0,0.0,0.0,1.0,0.0,1.0,0.0,nan,nan,0.0,nan,0.0,0.0,nan,1.0,nan,nan,unsupported,1604.94,1625.3,neural,240.0,216.0,112748.0,,,,,,,,,,,,,0.030500029617299636,0.3,0.0,0.0,nan,nan,14,nan,nan,nan,nan,unavailable,unavailable,unavailable,nan,nan,0.0,unavailable,nan
reviewer1_temporal_interface_development,reviewer1_temporal_interface_development,configs/reviewer1_remaining/temporal_and_interface_development/matched_design.yaml,architecture_sensorized_low_level,SensorizedPyBulletUAVWaypoint-v0,SensorizedPyBulletUAVWaypoint-v0,native_gymnasium_observation,temporal_drqn_seq4,15004,eval,240,240,-1.4320880424696953,240,2,-1.4320880424696953,30,0.0,240,53,0.006456930358907349,0.029170691967010498,0,2,2,5.116817000001902,3.1062831999734044,2.0105338000284974,3.1062831999734044,2.0105338000284974,7544f61e62b857de55fcd6c17c5151159b824ebf,1.8.0,36544a532d02876404ae4245dbfdbf54a902a017d06dc714fab7bef09253291c,True,3.12.13,2.12.0+cpu,2.4.6,1.2.3,3.1.0,2.1.0,3.2.7,,,,,,1.0,0.0,1.0,0.0,0.0,1.0,0.0,1.0,0.0,nan,nan,0.0,nan,0.0,0.0,nan,1.0,nan,nan,unsupported,1666.2299999999998,1626.35,neural,240.0,216.0,112748.0,,,,,,,,,,,,,0.02759505344244341,0.16666666666666666,0.5,0.0,nan,nan,14,nan,nan,nan,nan,unavailable,unavailable,unavailable,nan,nan,0.0,unavailable,nan
reviewer1_temporal_interface_development,reviewer1_temporal_interface_development,configs/reviewer1_remaining/temporal_and_interface_development/matched_design.yaml,architecture_sensorized_low_level,SensorizedPyBulletUAVWaypoint-v0,SensorizedPyBulletUAVWaypoint-v0,native_gymnasium_observation,temporal_drqn_seq4,15004,eval,240,240,-1.3597361475322391,240,3,-1.3597361475322391,30,0.0,240,53,0.006456930358907349,0.029170691967010498,0,2,2,5.117055900016567,3.1065220999880694,2.0105338000284974,3.1065220999880694,2.0105338000284974,7544f61e62b857de55fcd6c17c5151159b824ebf,1.8.0,36544a532d02876404ae4245dbfdbf54a902a017d06dc714fab7bef09253291c,True,3.12.13,2.12.0+cpu,2.4.6,1.2.3,3.1.0,2.1.0,3.2.7,,,,,,1.0,0.0,1.0,0.0,0.0,1.0,0.0,1.0,0.0,nan,nan,0.0,nan,0.0,0.0,nan,1.0,nan,nan,unsupported,1542.55,1519.9,neural,240.0,216.0,112748.0,,,,,,,,,,,,,0.026486495282733814,0.26666666666666666,0.0,0.0,nan,nan,14,nan,nan,nan,nan,unavailable,unavailable,unavailable,nan,nan,0.0,unavailable,nan
reviewer1_temporal_interface_development,reviewer1_temporal_interface_development,configs/reviewer1_remaining/temporal_and_interface_development/matched_design.yaml,architecture_sensorized_low_level,SensorizedPyBulletUAVWaypoint-v0,SensorizedPyBulletUAVWaypoint-v0,native_gymnasium_observation,temporal_drqn_seq4,15004,train,240,,,240,8,-0.15625347376801074,30,0.0,240,53,0.006456930358907349,0.029170691967010498,0,2,2,5.119239699997706,3.108705899969209,2.0105338000284974,3.108705899969209,2.0105338000284974,7544f61e62b857de55fcd6c17c5151159b824ebf,1.8.0,36544a532d02876404ae4245dbfdbf54a902a017d06dc714fab7bef09253291c,True,3.12.13,2.12.0+cpu,2.4.6,1.2.3,3.1.0,2.1.0,3.2.7,,,,,,1.0,0.0,0.0,0.0,0.0,1.0,0.0,1.0,0.0,nan,nan,0.0,nan,0.0,0.0,nan,1.0,nan,nan,unsupported,1368.1500000000003,1301.05,neural,240.0,216.0,112748.0,,,,,,,,,,,,,0.031450677282797795,0.2,0.0,0.0,,,,,,,,,,,,,,,
reviewer1_temporal_interface_development,reviewer1_temporal_interface_development,configs/reviewer1_remaining/temporal_and_interface_development/matched_design.yaml,architecture_sensorized_low_level,SensorizedPyBulletUAVWaypoint-v0,SensorizedPyBulletUAVWaypoint-v0,native_gymnasium_observation,temporal_drqn_seq4,15005,train,30,,,30,1,-0.49999214906245476,30,0.0,30,0,nan,nan,0,0,2,0.47231020001345314,0.47231020001345314,0.0,0.47231020001345314,0.0,7544f61e62b857de55fcd6c17c5151159b824ebf,1.8.0,36544a532d02876404ae4245dbfdbf54a902a017d06dc714fab7bef09253291c,True,3.12.13,2.12.0+cpu,2.4.6,1.2.3,3.1.0,2.1.0,3.2.7,,,,,,1.0,0.0,0.03333333333333333,0.03333333333333333,-0.0016666666666666672,1.0,0.0,1.0,0.0,nan,nan,0.0,nan,0.0,0.0,nan,1.0,nan,nan,unsupported,7433.663333333333,1183.1,neural,30.0,27.0,112748.0,,,,,,,,,,,,,0.03030656126017372,0.16666666666666666,0.8666666666666667,0.0,,,,,,,,,,,,,,,
reviewer1_temporal_interface_development,reviewer1_temporal_interface_development,configs/reviewer1_remaining/temporal_and_interface_development/matched_design.yaml,architecture_sensorized_low_level,SensorizedPyBulletUAVWaypoint-v0,SensorizedPyBulletUAVWaypoint-v0,native_gymnasium_observation,temporal_drqn_seq4,15005,train,60,,,60,2,-1.4648204120621082,30,0.0,60,8,0.006541179056512192,0.010510520078241825,0,0,2,0.8906779999961145,0.8906779999961145,0.0,0.8906779999961145,0.0,7544f61e62b857de55fcd6c17c5151159b824ebf,1.8.0,36544a532d02876404ae4245dbfdbf54a902a017d06dc714fab7bef09253291c,True,3.12.13,2.12.0+cpu,2.4.6,1.2.3,3.1.0,2.1.0,3.2.7,,,,,,1.0,0.0,1.0,0.06666666666666667,-0.0033333333333333344,1.0,0.0,1.0,0.0,nan,nan,0.0,nan,0.0,0.0,nan,1.0,nan,nan,unsupported,1215.1933333333334,1155.15,neural,60.0,54.0,112748.0,,,,,,,,,,,,,0.032704989053308965,0.16666666666666666,0.0,0.0,,,,,,,,,,,,,,,
reviewer1_temporal_interface_development,reviewer1_temporal_interface_development,configs/reviewer1_remaining/temporal_and_interface_development/matched_design.yaml,architecture_sensorized_low_level,SensorizedPyBulletUAVWaypoint-v0,SensorizedPyBulletUAVWaypoint-v0,native_gymnasium_observation,temporal_drqn_seq4,15005,train,90,,,90,3,-1.5658494850178248,30,0.0,90,15,0.004502021971469124,0.010510520078241825,0,0,2,1.2714846000017133,1.2714846000017133,0.0,1.2714846000017133,0.0,7544f61e62b857de55fcd6c17c5151159b824ebf,1.8.0,36544a532d02876404ae4245dbfdbf54a902a017d06dc714fab7bef09253291c,True,3.12.13,2.12.0+cpu,2.4.6,1.2.3,3.1.0,2.1.0,3.2.7,,,,,,1.0,0.0,1.0,0.06666666666666667,-0.0033333333333333344,1.0,0.0,1.0,0.0,nan,nan,0.0,nan,0.0,0.0,nan,1.0,nan,nan,unsupported,1263.7700000000002,1100.65,neural,90.0,81.0,112748.0,,,,,,,,,,,,,0.032090786223610245,0.26666666666666666,0.0,0.0,,,,,,,,,,,,,,,
reviewer1_temporal_interface_development,reviewer1_temporal_interface_development,configs/reviewer1_remaining/temporal_and_interface_development/matched_design.yaml,architecture_sensorized_low_level,SensorizedPyBulletUAVWaypoint-v0,SensorizedPyBulletUAVWaypoint-v0,native_gymnasium_observation,temporal_drqn_seq4,15005,eval,120,120,-0.23490997081156823,120,1,-0.23490997081156823,30,0.0,120,23,0.0034286538290831704,0.010510520078241825,0,1,2,2.564431800012244,1.6188868000172079,0.945544999995036,1.6188868000172079,0.945544999995036,7544f61e62b857de55fcd6c17c5151159b824ebf,1.8.0,36544a532d02876404ae4245dbfdbf54a902a017d06dc714fab7bef09253291c,True,3.12.13,2.12.0+cpu,2.4.6,1.2.3,3.1.0,2.1.0,3.2.7,,,,,,1.0,0.0,0.0,0.0,0.0,1.0,0.0,1.0,0.0,nan,nan,0.0,nan,0.0,0.0,nan,1.0,nan,nan,unsupported,1553.0433333333335,1481.15,neural,120.0,108.0,112748.0,,,,,,,,,,,,,0.02869444543806215,0.1,0.9666666666666667,0.0,nan,nan,17,nan,nan,nan,nan,unavailable,unavailable,unavailable,nan,nan,0.0,unavailable,nan
reviewer1_temporal_interface_development,reviewer1_temporal_interface_development,configs/reviewer1_remaining/temporal_and_interface_development/matched_design.yaml,architecture_sensorized_low_level,SensorizedPyBulletUAVWaypoint-v0,SensorizedPyBulletUAVWaypoint-v0,native_gymnasium_observation,temporal_drqn_seq4,15005,eval,120,120,-0.18182015879079705,120,2,-0.18182015879079705,30,0.0,120,23,0.0034286538290831704,0.010510520078241825,0,1,2,2.5646776000212412,1.6191326000262052,0.945544999995036,1.6191326000262052,0.945544999995036,7544f61e62b857de55fcd6c17c5151159b824ebf,1.8.0,36544a532d02876404ae4245dbfdbf54a902a017d06dc714fab7bef09253291c,True,3.12.13,2.12.0+cpu,2.4.6,1.2.3,3.1.0,2.1.0,3.2.7,,,,,,1.0,0.0,0.0,0.0,0.0,1.0,0.0,1.0,0.0,nan,nan,0.0,nan,0.0,0.0,nan,1.0,nan,nan,unsupported,1427.7966666666666,1249.0,neural,120.0,108.0,112748.0,,,,,,,,,,,,,0.03427082297081749,0.26666666666666666,0.9666666666666667,0.0,nan,nan,17,nan,nan,nan,nan,unavailable,unavailable,unavailable,nan,nan,0.0,unavailable,nan
reviewer1_temporal_interface_development,reviewer1_temporal_interface_development,configs/reviewer1_remaining/temporal_and_interface_development/matched_design.yaml,architecture_sensorized_low_level,SensorizedPyBulletUAVWaypoint-v0,SensorizedPyBulletUAVWaypoint-v0,native_gymnasium_observation,temporal_drqn_seq4,15005,eval,120,120,-1.5361071059480307,120,3,-1.5361071059480307,30,0.0,120,23,0.0034286538290831704,0.010510520078241825,0,1,2,2.564826300018467,1.619281300023431,0.945544999995036,1.619281300023431,0.945544999995036,7544f61e62b857de55fcd6c17c5151159b824ebf,1.8.0,36544a532d02876404ae4245dbfdbf54a902a017d06dc714fab7bef09253291c,True,3.12.13,2.12.0+cpu,2.4.6,1.2.3,3.1.0,2.1.0,3.2.7,,,,,,1.0,0.0,0.8333333333333334,0.0,0.0,1.0,0.0,1.0,0.0,nan,nan,0.0,nan,0.0,0.0,nan,1.0,nan,nan,unsupported,1478.1566666666665,1486.6,neural,120.0,108.0,112748.0,,,,,,,,,,,,,0.027736674016341566,0.13333333333333333,0.0,0.0,nan,nan,8,nan,nan,nan,nan,unavailable,unavailable,unavailable,nan,nan,0.0,unavailable,nan
reviewer1_temporal_interface_development,reviewer1_temporal_interface_development,configs/reviewer1_remaining/temporal_and_interface_development/matched_design.yaml,architecture_sensorized_low_level,SensorizedPyBulletUAVWaypoint-v0,SensorizedPyBulletUAVWaypoint-v0,native_gymnasium_observation,temporal_drqn_seq4,15005,train,120,,,120,4,-0.5457481189351527,30,0.0,120,23,0.0034286538290831704,0.010510520078241825,0,1,2,2.5727273000229616,1.6271823000279255,0.945544999995036,1.6271823000279255,0.945544999995036,7544f61e62b857de55fcd6c17c5151159b824ebf,1.8.0,36544a532d02876404ae4245dbfdbf54a902a017d06dc714fab7bef09253291c,True,3.12.13,2.12.0+cpu,2.4.6,1.2.3,3.1.0,2.1.0,3.2.7,,,,,,1.0,0.0,0.16666666666666666,0.0,0.0,1.0,0.0,1.0,0.0,nan,nan,0.0,nan,0.0,0.0,nan,1.0,nan,nan,unsupported,1417.0633333333333,1451.0,neural,120.0,108.0,112748.0,,,,,,,,,,,,,0.03436073623597622,0.1,1.0,0.0,,,,,,,,,,,,,,,
reviewer1_temporal_interface_development,reviewer1_temporal_interface_development,configs/reviewer1_remaining/temporal_and_interface_development/matched_design.yaml,architecture_sensorized_low_level,SensorizedPyBulletUAVWaypoint-v0,SensorizedPyBulletUAVWaypoint-v0,native_gymnasium_observation,temporal_drqn_seq4,15005,train,150,,,150,5,-0.9585058474168183,30,0.0,150,30,0.003141865615422527,0.010510520078241825,0,1,2,2.9809373000171036,2.0353923000220675,0.945544999995036,2.0353923000220675,0.945544999995036,7544f61e62b857de55fcd6c17c5151159b824ebf,1.8.0,36544a532d02876404ae4245dbfdbf54a902a017d06dc714fab7bef09253291c,True,3.12.13,2.12.0+cpu,2.4.6,1.2.3,3.1.0,2.1.0,3.2.7,,,,,,1.0,0.0,0.4,0.0,0.0,1.0,0.0,1.0,0.0,nan,nan,0.0,nan,0.0,0.0,nan,1.0,nan,nan,unsupported,1359.7266666666667,1328.25,neural,150.0,135.0,112748.0,,,,,,,,,,,,,0.03612816606958707,0.16666666666666666,0.0,0.0,,,,,,,,,,,,,,,
reviewer1_temporal_interface_development,reviewer1_temporal_interface_development,configs/reviewer1_remaining/temporal_and_interface_development/matched_design.yaml,architecture_sensorized_low_level,SensorizedPyBulletUAVWaypoint-v0,SensorizedPyBulletUAVWaypoint-v0,native_gymnasium_observation,temporal_drqn_seq4,15005,train,180,,,180,6,-1.2302369079366324,30,0.0,180,38,0.0026939979518494127,0.010510520078241825,0,1,2,3.4214496000204235,2.4759046000253875,0.945544999995036,2.4759046000253875,0.945544999995036,7544f61e62b857de55fcd6c17c5151159b824ebf,1.8.0,36544a532d02876404ae4245dbfdbf54a902a017d06dc714fab7bef09253291c,True,3.12.13,2.12.0+cpu,2.4.6,1.2.3,3.1.0,2.1.0,3.2.7,,,,,,1.0,0.0,1.0,0.0,0.0,1.0,0.0,1.0,0.0,nan,nan,0.0,nan,0.0,0.0,nan,1.0,nan,nan,unsupported,1396.29,1327.4,neural,180.0,162.0,112748.0,,,,,,,,,,,,,0.03056449945264224,0.26666666666666666,0.0,0.0,,,,,,,,,,,,,,,
reviewer1_temporal_interface_development,reviewer1_temporal_interface_development,configs/reviewer1_remaining/temporal_and_interface_development/matched_design.yaml,architecture_sensorized_low_level,SensorizedPyBulletUAVWaypoint-v0,SensorizedPyBulletUAVWaypoint-v0,native_gymnasium_observation,temporal_drqn_seq4,15005,train,210,,,210,7,-1.8564481159858404,30,0.0,210,45,0.0024071581745778933,0.010510520078241825,0,1,2,3.761881300015375,2.816336300020339,0.945544999995036,2.816336300020339,0.945544999995036,7544f61e62b857de55fcd6c17c5151159b824ebf,1.8.0,36544a532d02876404ae4245dbfdbf54a902a017d06dc714fab7bef09253291c,True,3.12.13,2.12.0+cpu,2.4.6,1.2.3,3.1.0,2.1.0,3.2.7,,,,,,1.0,0.0,1.0,0.0,0.0,1.0,0.0,1.0,0.0,nan,nan,0.0,nan,0.0,0.0,nan,1.0,nan,nan,unsupported,1590.8366666666668,1541.35,neural,210.0,189.0,112748.0,,,,,,,,,,,,,0.027088024467229844,0.26666666666666666,0.0,0.0,,,,,,,,,,,,,,,
reviewer1_temporal_interface_development,reviewer1_temporal_interface_development,configs/reviewer1_remaining/temporal_and_interface_development/matched_design.yaml,architecture_sensorized_low_level,SensorizedPyBulletUAVWaypoint-v0,SensorizedPyBulletUAVWaypoint-v0,native_gymnasium_observation,temporal_drqn_seq4,15005,eval,240,240,-1.5188885687070437,240,1,-1.5188885687070437,30,0.0,240,53,0.00216461973207704,0.010510520078241825,0,2,2,5.153957500006072,3.1413799000147264,2.012577599991346,3.1413799000147264,2.012577599991346,7544f61e62b857de55fcd6c17c5151159b824ebf,1.8.0,36544a532d02876404ae4245dbfdbf54a902a017d06dc714fab7bef09253291c,True,3.12.13,2.12.0+cpu,2.4.6,1.2.3,3.1.0,2.1.0,3.2.7,,,,,,1.0,0.0,1.0,0.0,0.0,1.0,0.0,1.0,0.0,nan,nan,0.0,nan,0.0,0.0,nan,1.0,nan,nan,unsupported,1664.4966666666667,1534.5,neural,240.0,216.0,112748.0,,,,,,,,,,,,,0.03211533104379972,0.26666666666666666,0.0,0.0,nan,nan,1,nan,nan,nan,nan,unavailable,unavailable,unavailable,nan,nan,0.0,unavailable,nan
reviewer1_temporal_interface_development,reviewer1_temporal_interface_development,configs/reviewer1_remaining/temporal_and_interface_development/matched_design.yaml,architecture_sensorized_low_level,SensorizedPyBulletUAVWaypoint-v0,SensorizedPyBulletUAVWaypoint-v0,native_gymnasium_observation,temporal_drqn_seq4,15005,eval,240,240,-1.543137053148821,240,2,-1.543137053148821,30,0.0,240,53,0.00216461973207704,0.010510520078241825,0,2,2,5.154222700017272,3.141645100025926,2.012577599991346,3.141645100025926,2.012577599991346,7544f61e62b857de55fcd6c17c5151159b824ebf,1.8.0,36544a532d02876404ae4245dbfdbf54a902a017d06dc714fab7bef09253291c,True,3.12.13,2.12.0+cpu,2.4.6,1.2.3,3.1.0,2.1.0,3.2.7,,,,,,1.0,0.0,1.0,0.0,0.0,1.0,0.0,1.0,0.0,nan,nan,0.0,nan,0.0,0.0,nan,1.0,nan,nan,unsupported,1659.7833333333333,1688.4,neural,240.0,216.0,112748.0,,,,,,,,,,,,,0.02820326901661853,0.26666666666666666,0.0,0.0,nan,nan,1,nan,nan,nan,nan,unavailable,unavailable,unavailable,nan,nan,0.0,unavailable,nan
reviewer1_temporal_interface_development,reviewer1_temporal_interface_development,configs/reviewer1_remaining/temporal_and_interface_development/matched_design.yaml,architecture_sensorized_low_level,SensorizedPyBulletUAVWaypoint-v0,SensorizedPyBulletUAVWaypoint-v0,native_gymnasium_observation,temporal_drqn_seq4,15005,eval,240,240,-1.531066532302648,240,3,-1.531066532302648,30,0.0,240,53,0.00216461973207704,0.010510520078241825,0,2,2,5.1543776000034995,3.1418000000121538,2.012577599991346,3.1418000000121538,2.012577599991346,7544f61e62b857de55fcd6c17c5151159b824ebf,1.8.0,36544a532d02876404ae4245dbfdbf54a902a017d06dc714fab7bef09253291c,True,3.12.13,2.12.0+cpu,2.4.6,1.2.3,3.1.0,2.1.0,3.2.7,,,,,,1.0,0.0,1.0,0.0,0.0,1.0,0.0,1.0,0.0,nan,nan,0.0,nan,0.0,0.0,nan,1.0,nan,nan,unsupported,1550.0099999999998,1568.1999999999998,neural,240.0,216.0,112748.0,,,,,,,,,,,,,0.03251474451584121,0.06666666666666667,0.9666666666666667,0.0,nan,nan,1,nan,nan,nan,nan,unavailable,unavailable,unavailable,nan,nan,0.0,unavailable,nan
reviewer1_temporal_interface_development,reviewer1_temporal_interface_development,configs/reviewer1_remaining/temporal_and_interface_development/matched_design.yaml,architecture_sensorized_low_level,SensorizedPyBulletUAVWaypoint-v0,SensorizedPyBulletUAVWaypoint-v0,native_gymnasium_observation,temporal_drqn_seq4,15005,train,240,,,240,8,-1.3516083107516172,30,0.0,240,53,0.00216461973207704,0.010510520078241825,0,2,2,5.156452800001716,3.1438752000103705,2.012577599991346,3.1438752000103705,2.012577599991346,7544f61e62b857de55fcd6c17c5151159b824ebf,1.8.0,36544a532d02876404ae4245dbfdbf54a902a017d06dc714fab7bef09253291c,True,3.12.13,2.12.0+cpu,2.4.6,1.2.3,3.1.0,2.1.0,3.2.7,,,,,,1.0,0.0,1.0,0.0,0.0,1.0,0.0,1.0,0.0,nan,nan,0.0,nan,0.0,0.0,nan,1.0,nan,nan,unsupported,1301.0299999999997,1256.3000000000002,neural,240.0,216.0,112748.0,,,,,,,,,,,,,0.032435211329720916,0.26666666666666666,0.0,0.0,,,,,,,,,,,,,,,
reviewer1_temporal_interface_development,reviewer1_temporal_interface_development,configs/reviewer1_remaining/temporal_and_interface_development/matched_design.yaml,interface_A_state_low_level,SensorizedPyBulletUAVWaypoint-v0,SensorizedPyBulletUAVWaypoint-v0,native_gymnasium_observation,interface_dqn_h064,15004,train,30,,,30,1,-1.5487800478842113,30,0.0,30,0,nan,nan,0,0,2,0.22998820000793785,0.22998820000793785,0.0,0.22998820000793785,0.0,7544f61e62b857de55fcd6c17c5151159b824ebf,1.8.0,36544a532d02876404ae4245dbfdbf54a902a017d06dc714fab7bef09253291c,True,3.12.13,2.12.0+cpu,2.4.6,1.2.3,3.1.0,2.1.0,3.2.7,,,,,,1.0,0.0,1.0,0.03333333333333333,-0.0016666666666666672,0.7333333333333333,0.0,0.26666666666666666,0.0,nan,nan,0.0,nan,0.26666666666666666,0.26666666666666666,nan,0.26666666666666666,nan,nan,unsupported,60.66333333333333,31.450000000000003,none,0.0,0.0,0.0,,,,,,,,,,,,,0.030779587694754203,0.23333333333333334,0.9,0.0,,,,,,,,,,,,,,,
reviewer1_temporal_interface_development,reviewer1_temporal_interface_development,configs/reviewer1_remaining/temporal_and_interface_development/matched_design.yaml,interface_A_state_low_level,SensorizedPyBulletUAVWaypoint-v0,SensorizedPyBulletUAVWaypoint-v0,native_gymnasium_observation,interface_dqn_h064,15004,train,60,,,60,2,-1.5928792642615737,30,0.0,60,8,0.0060683613701257855,0.009721986949443817,0,0,2,0.47726010001497343,0.47726010001497343,0.0,0.47726010001497343,0.0,7544f61e62b857de55fcd6c17c5151159b824ebf,1.8.0,36544a532d02876404ae4245dbfdbf54a902a017d06dc714fab7bef09253291c,True,3.12.13,2.12.0+cpu,2.4.6,1.2.3,3.1.0,2.1.0,3.2.7,,,,,,1.0,0.0,1.0,0.0,0.0,0.8333333333333334,0.0,1.0,0.0,nan,nan,0.0,nan,0.16666666666666666,0.16666666666666666,nan,1.0,nan,nan,unsupported,250.57000000000002,42.05,neural,0.0,0.0,0.0,,,,,,,,,,,,,0.030270138165603082,0.26666666666666666,0.0,0.0,,,,,,,,,,,,,,,
reviewer1_temporal_interface_development,reviewer1_temporal_interface_development,configs/reviewer1_remaining/temporal_and_interface_development/matched_design.yaml,interface_A_state_low_level,SensorizedPyBulletUAVWaypoint-v0,SensorizedPyBulletUAVWaypoint-v0,native_gymnasium_observation,interface_dqn_h064,15004,train,90,,,90,3,-0.3969536132412031,30,0.0,90,15,0.0050158261942366755,0.009721986949443817,0,0,2,0.7122635999985505,0.7122635999985505,0.0,0.7122635999985505,0.0,7544f61e62b857de55fcd6c17c5151159b824ebf,1.8.0,36544a532d02876404ae4245dbfdbf54a902a017d06dc714fab7bef09253291c,True,3.12.13,2.12.0+cpu,2.4.6,1.2.3,3.1.0,2.1.0,3.2.7,,,,,,1.0,0.0,0.0,0.0,0.0,0.8333333333333334,0.0,1.0,0.0,nan,nan,0.0,nan,0.16666666666666666,0.16666666666666666,nan,1.0,nan,nan,unsupported,462.10666666666674,52.1,neural,0.0,0.0,0.0,,,,,,,,,,,,,0.03468195401752989,0.2,0.0,0.0,,,,,,,,,,,,,,,
reviewer1_temporal_interface_development,reviewer1_temporal_interface_development,configs/reviewer1_remaining/temporal_and_interface_development/matched_design.yaml,interface_A_state_low_level,SensorizedPyBulletUAVWaypoint-v0,SensorizedPyBulletUAVWaypoint-v0,native_gymnasium_observation,interface_dqn_h064,15004,eval,120,120,-0.6859460114780812,120,1,-0.6859460114780812,30,0.0,120,23,0.0040716011806026745,0.009721986949443817,0,1,2,1.7829794000135735,0.9576847999996971,0.8252946000138763,0.9576847999996971,0.8252946000138763,7544f61e62b857de55fcd6c17c5151159b824ebf,1.8.0,36544a532d02876404ae4245dbfdbf54a902a017d06dc714fab7bef09253291c,True,3.12.13,2.12.0+cpu,2.4.6,1.2.3,3.1.0,2.1.0,3.2.7,,,,,,1.0,0.0,0.3333333333333333,0.0,0.0,1.0,0.0,1.0,0.0,nan,nan,0.0,nan,0.0,0.0,nan,1.0,nan,nan,unsupported,1045.1166666666666,992.0999999999999,neural,0.0,0.0,0.0,,,,,,,,,,,,,0.03250788161531091,0.13333333333333333,0.9666666666666667,0.0,nan,nan,18,nan,nan,nan,nan,unavailable,unavailable,unavailable,nan,nan,0.0,unavailable,nan
reviewer1_temporal_interface_development,reviewer1_temporal_interface_development,configs/reviewer1_remaining/temporal_and_interface_development/matched_design.yaml,interface_A_state_low_level,SensorizedPyBulletUAVWaypoint-v0,SensorizedPyBulletUAVWaypoint-v0,native_gymnasium_observation,interface_dqn_h064,15004,eval,120,120,-1.385591817777604,120,2,-1.385591817777604,30,0.0,120,23,0.0040716011806026745,0.009721986949443817,0,1,2,1.7832053000165615,0.9579107000026852,0.8252946000138763,0.9579107000026852,0.8252946000138763,7544f61e62b857de55fcd6c17c5151159b824ebf,1.8.0,36544a532d02876404ae4245dbfdbf54a902a017d06dc714fab7bef09253291c,True,3.12.13,2.12.0+cpu,2.4.6,1.2.3,3.1.0,2.1.0,3.2.7,,,,,,1.0,0.0,1.0,0.0,0.0,1.0,0.0,1.0,0.0,nan,nan,0.0,nan,0.0,0.0,nan,1.0,nan,nan,unsupported,1119.6399999999999,1094.6999999999998,neural,0.0,0.0,0.0,,,,,,,,,,,,,0.02950170636177063,0.23333333333333334,0.5,0.0,nan,nan,22,nan,nan,nan,nan,unavailable,unavailable,unavailable,nan,nan,0.0,unavailable,nan
reviewer1_temporal_interface_development,reviewer1_temporal_interface_development,configs/reviewer1_remaining/temporal_and_interface_development/matched_design.yaml,interface_A_state_low_level,SensorizedPyBulletUAVWaypoint-v0,SensorizedPyBulletUAVWaypoint-v0,native_gymnasium_observation,interface_dqn_h064,15004,eval,120,120,-1.9446535318158573,120,3,-1.9446535318158573,30,0.0,120,23,0.0040716011806026745,0.009721986949443817,0,1,2,1.7833540000137873,0.958059399999911,0.8252946000138763,0.958059399999911,0.8252946000138763,7544f61e62b857de55fcd6c17c5151159b824ebf,1.8.0,36544a532d02876404ae4245dbfdbf54a902a017d06dc714fab7bef09253291c,True,3.12.13,2.12.0+cpu,2.4.6,1.2.3,3.1.0,2.1.0,3.2.7,,,,,,1.0,0.0,1.0,0.0,0.0,1.0,0.0,1.0,0.0,nan,nan,0.0,nan,0.0,0.0,nan,1.0,nan,nan,unsupported,951.9100000000001,935.2,neural,0.0,0.0,0.0,,,,,,,,,,,,,0.035101869516074656,0.13333333333333333,0.0,0.0,nan,nan,20,nan,nan,nan,nan,unavailable,unavailable,unavailable,nan,nan,0.0,unavailable,nan
reviewer1_temporal_interface_development,reviewer1_temporal_interface_development,configs/reviewer1_remaining/temporal_and_interface_development/matched_design.yaml,interface_A_state_low_level,SensorizedPyBulletUAVWaypoint-v0,SensorizedPyBulletUAVWaypoint-v0,native_gymnasium_observation,interface_dqn_h064,15004,train,120,,,120,4,-1.5515760658727957,30,0.0,120,23,0.0040716011806026745,0.009721986949443817,0,1,2,1.7890807000221685,0.9637861000082921,0.8252946000138763,0.9637861000082921,0.8252946000138763,7544f61e62b857de55fcd6c17c5151159b824ebf,1.8.0,36544a532d02876404ae4245dbfdbf54a902a017d06dc714fab7bef09253291c,True,3.12.13,2.12.0+cpu,2.4.6,1.2.3,3.1.0,2.1.0,3.2.7,,,,,,1.0,0.0,1.0,0.03333333333333333,-0.0016666666666666672,0.9666666666666667,0.0,1.0,0.0,nan,nan,0.0,nan,0.03333333333333333,0.03333333333333333,nan,1.0,nan,nan,unsupported,447.5033333333333,44.2,neural,0.0,0.0,0.0,,,,,,,,,,,,,0.02998510596638274,0.2,0.06666666666666667,0.0,,,,,,,,,,,,,,,
reviewer1_temporal_interface_development,reviewer1_temporal_interface_development,configs/reviewer1_remaining/temporal_and_interface_development/matched_design.yaml,interface_A_state_low_level,SensorizedPyBulletUAVWaypoint-v0,SensorizedPyBulletUAVWaypoint-v0,native_gymnasium_observation,interface_dqn_h064,15004,train,150,,,150,5,-1.7939776077587157,30,0.0,150,30,0.0036700071980400634,0.009721986949443817,0,1,2,2.021926600020379,1.1966320000065025,0.8252946000138763,1.1966320000065025,0.8252946000138763,7544f61e62b857de55fcd6c17c5151159b824ebf,1.8.0,36544a532d02876404ae4245dbfdbf54a902a017d06dc714fab7bef09253291c,True,3.12.13,2.12.0+cpu,2.4.6,1.2.3,3.1.0,2.1.0,3.2.7,,,,,,1.0,0.0,1.0,0.06666666666666667,-0.0033333333333333344,0.9333333333333333,0.0,1.0,0.0,nan,nan,0.0,nan,0.06666666666666667,0.06666666666666667,nan,1.0,nan,nan,unsupported,470.08333333333326,68.15,neural,0.0,0.0,0.0,,,,,,,,,,,,,0.03064539038265745,0.3333333333333333,0.0,0.0,,,,,,,,,,,,,,,
reviewer1_temporal_interface_development,reviewer1_temporal_interface_development,configs/reviewer1_remaining/temporal_and_interface_development/matched_design.yaml,interface_A_state_low_level,SensorizedPyBulletUAVWaypoint-v0,SensorizedPyBulletUAVWaypoint-v0,native_gymnasium_observation,interface_dqn_h064,15004,train,180,,,180,6,-0.660647839861922,30,0.0,180,38,0.003439810379763673,0.009721986949443817,0,1,2,2.2748233000165783,1.449528700002702,0.8252946000138763,1.449528700002702,0.8252946000138763,7544f61e62b857de55fcd6c17c5151159b824ebf,1.8.0,36544a532d02876404ae4245dbfdbf54a902a017d06dc714fab7bef09253291c,True,3.12.13,2.12.0+cpu,2.4.6,1.2.3,3.1.0,2.1.0,3.2.7,,,,,,1.0,0.0,0.3,0.0,0.0,0.6,0.0,1.0,0.0,nan,nan,0.0,nan,0.4,0.4,nan,1.0,nan,nan,unsupported,739.8666666666666,908.1,neural,0.0,0.0,0.0,,,,,,,,,,,,,0.03320219020048777,0.26666666666666666,0.4,0.0,,,,,,,,,,,,,,,
reviewer1_temporal_interface_development,reviewer1_temporal_interface_development,configs/reviewer1_remaining/temporal_and_interface_development/matched_design.yaml,interface_A_state_low_level,SensorizedPyBulletUAVWaypoint-v0,SensorizedPyBulletUAVWaypoint-v0,native_gymnasium_observation,interface_dqn_h064,15004,train,210,,,210,7,-1.015087654609233,30,0.0,210,45,0.0031424764660187066,0.009721986949443817,0,1,2,2.5193549999967217,1.6940603999828454,0.8252946000138763,1.6940603999828454,0.8252946000138763,7544f61e62b857de55fcd6c17c5151159b824ebf,1.8.0,36544a532d02876404ae4245dbfdbf54a902a017d06dc714fab7bef09253291c,True,3.12.13,2.12.0+cpu,2.4.6,1.2.3,3.1.0,2.1.0,3.2.7,,,,,,1.0,0.0,0.5666666666666667,0.06666666666666667,-0.0033333333333333344,0.7,0.0,1.0,0.0,nan,nan,0.0,nan,0.3,0.3,nan,1.0,nan,nan,unsupported,720.3633333333333,870.65,neural,0.0,0.0,0.0,,,,,,,,,,,,,0.029515613242983817,0.23333333333333334,0.9666666666666667,0.0,,,,,,,,,,,,,,,
reviewer1_temporal_interface_development,reviewer1_temporal_interface_development,configs/reviewer1_remaining/temporal_and_interface_development/matched_design.yaml,interface_A_state_low_level,SensorizedPyBulletUAVWaypoint-v0,SensorizedPyBulletUAVWaypoint-v0,native_gymnasium_observation,interface_dqn_h064,15004,eval,240,240,-0.7067680343054236,240,1,-0.7067680343054236,30,0.0,240,53,0.002863731652603678,0.009721986949443817,0,2,2,3.6567526000144426,1.9643232999951579,1.6924293000192847,1.9643232999951579,1.6924293000192847,7544f61e62b857de55fcd6c17c5151159b824ebf,1.8.0,36544a532d02876404ae4245dbfdbf54a902a017d06dc714fab7bef09253291c,True,3.12.13,2.12.0+cpu,2.4.6,1.2.3,3.1.0,2.1.0,3.2.7,,,,,,1.0,0.0,0.06666666666666667,0.0,0.0,1.0,0.0,1.0,0.0,nan,nan,0.0,nan,0.0,0.0,nan,1.0,nan,nan,unsupported,1138.5133333333333,1044.4,neural,0.0,0.0,0.0,,,,,,,,,,,,,0.03203039315218727,0.3,0.0,0.0,nan,nan,22,nan,nan,nan,nan,unavailable,unavailable,unavailable,nan,nan,0.0,unavailable,nan
reviewer1_temporal_interface_development,reviewer1_temporal_interface_development,configs/reviewer1_remaining/temporal_and_interface_development/matched_design.yaml,interface_A_state_low_level,SensorizedPyBulletUAVWaypoint-v0,SensorizedPyBulletUAVWaypoint-v0,native_gymnasium_observation,interface_dqn_h064,15004,eval,240,240,-1.4049287206120789,240,2,-1.4049287206120789,30,0.0,240,53,0.002863731652603678,0.009721986949443817,0,2,2,3.65691049999441,1.9644811999751255,1.6924293000192847,1.9644811999751255,1.6924293000192847,7544f61e62b857de55fcd6c17c5151159b824ebf,1.8.0,36544a532d02876404ae4245dbfdbf54a902a017d06dc714fab7bef09253291c,True,3.12.13,2.12.0+cpu,2.4.6,1.2.3,3.1.0,2.1.0,3.2.7,,,,,,1.0,0.0,1.0,0.0,0.0,1.0,0.0,1.0,0.0,nan,nan,0.0,nan,0.0,0.0,nan,1.0,nan,nan,unsupported,1036.3766666666666,1011.25,neural,0.0,0.0,0.0,,,,,,,,,,,,,0.02628988172703733,0.16666666666666666,0.4666666666666667,0.0,nan,nan,21,nan,nan,nan,nan,unavailable,unavailable,unavailable,nan,nan,0.0,unavailable,nan
reviewer1_temporal_interface_development,reviewer1_temporal_interface_development,configs/reviewer1_remaining/temporal_and_interface_development/matched_design.yaml,interface_A_state_low_level,SensorizedPyBulletUAVWaypoint-v0,SensorizedPyBulletUAVWaypoint-v0,native_gymnasium_observation,interface_dqn_h064,15004,eval,240,240,-1.2229619482345881,240,3,-1.2229619482345881,30,0.0,240,53,0.002863731652603678,0.009721986949443817,0,2,2,3.6570140999974683,1.9645847999781836,1.6924293000192847,1.9645847999781836,1.6924293000192847,7544f61e62b857de55fcd6c17c5151159b824ebf,1.8.0,36544a532d02876404ae4245dbfdbf54a902a017d06dc714fab7bef09253291c,True,3.12.13,2.12.0+cpu,2.4.6,1.2.3,3.1.0,2.1.0,3.2.7,,,,,,1.0,0.0,1.0,0.0,0.0,1.0,0.0,1.0,0.0,nan,nan,0.0,nan,0.0,0.0,nan,1.0,nan,nan,unsupported,1141.63,1087.8,neural,0.0,0.0,0.0,,,,,,,,,,,,,0.026134787059466664,0.26666666666666666,0.0,0.0,nan,nan,7,nan,nan,nan,nan,unavailable,unavailable,unavailable,nan,nan,0.0,unavailable,nan
reviewer1_temporal_interface_development,reviewer1_temporal_interface_development,configs/reviewer1_remaining/temporal_and_interface_development/matched_design.yaml,interface_A_state_low_level,SensorizedPyBulletUAVWaypoint-v0,SensorizedPyBulletUAVWaypoint-v0,native_gymnasium_observation,interface_dqn_h064,15004,train,240,,,240,8,-0.46133550311438737,30,0.0,240,53,0.002863731652603678,0.009721986949443817,0,2,2,3.658237099996768,1.9658077999774832,1.6924293000192847,1.9658077999774832,1.6924293000192847,7544f61e62b857de55fcd6c17c5151159b824ebf,1.8.0,36544a532d02876404ae4245dbfdbf54a902a017d06dc714fab7bef09253291c,True,3.12.13,2.12.0+cpu,2.4.6,1.2.3,3.1.0,2.1.0,3.2.7,,,,,,1.0,0.0,0.0,0.0,0.0,0.5,0.0,1.0,0.0,nan,nan,0.0,nan,0.5,0.5,nan,1.0,nan,nan,exact,946.0400000000002,905.45,neural,0.0,0.0,0.0,,,,,,,,,,,,,0.031815185816958545,0.2,0.0,0.0,,,,,,,,,,,,,,,
reviewer1_temporal_interface_development,reviewer1_temporal_interface_development,configs/reviewer1_remaining/temporal_and_interface_development/matched_design.yaml,interface_A_state_low_level,SensorizedPyBulletUAVWaypoint-v0,SensorizedPyBulletUAVWaypoint-v0,native_gymnasium_observation,interface_dqn_h064,15005,train,30,,,30,1,-0.49999214906245476,30,0.0,30,0,nan,nan,0,0,2,0.21006640000268817,0.21006640000268817,0.0,0.21006640000268817,0.0,7544f61e62b857de55fcd6c17c5151159b824ebf,1.8.0,36544a532d02876404ae4245dbfdbf54a902a017d06dc714fab7bef09253291c,True,3.12.13,2.12.0+cpu,2.4.6,1.2.3,3.1.0,2.1.0,3.2.7,,,,,,1.0,0.0,0.03333333333333333,0.03333333333333333,-0.0016666666666666672,1.0,0.0,0.0,0.0,nan,nan,0.0,nan,0.0,0.0,nan,0.0,nan,nan,unsupported,40.54999999999999,37.25,none,0.0,0.0,0.0,,,,,,,,,,,,,0.03030656126017372,0.16666666666666666,0.8666666666666667,0.0,,,,,,,,,,,,,,,
reviewer1_temporal_interface_development,reviewer1_temporal_interface_development,configs/reviewer1_remaining/temporal_and_interface_development/matched_design.yaml,interface_A_state_low_level,SensorizedPyBulletUAVWaypoint-v0,SensorizedPyBulletUAVWaypoint-v0,native_gymnasium_observation,interface_dqn_h064,15005,train,60,,,60,2,-1.465747243249789,30,0.0,60,8,0.014652923098765314,0.022923460230231285,0,0,2,0.441838300001109,0.441838300001109,0.0,0.441838300001109,0.0,7544f61e62b857de55fcd6c17c5151159b824ebf,1.8.0,36544a532d02876404ae4245dbfdbf54a902a017d06dc714fab7bef09253291c,True,3.12.13,2.12.0+cpu,2.4.6,1.2.3,3.1.0,2.1.0,3.2.7,,,,,,1.0,0.0,1.0,0.06666666666666667,-0.0033333333333333344,0.4,0.0,0.6333333333333333,0.0,nan,nan,0.0,nan,0.6,0.6,nan,0.6333333333333333,nan,nan,exact,190.49000000000004,40.5,neural,0.0,0.0,0.0,,,,,,,,,,,,,0.03270910664771994,0.16666666666666666,0.0,0.0,,,,,,,,,,,,,,,
reviewer1_temporal_interface_development,reviewer1_temporal_interface_development,configs/reviewer1_remaining/temporal_and_interface_development/matched_design.yaml,interface_A_state_low_level,SensorizedPyBulletUAVWaypoint-v0,SensorizedPyBulletUAVWaypoint-v0,native_gymnasium_observation,interface_dqn_h064,15005,train,90,,,90,3,-1.3473675674200063,30,0.0,90,15,0.013184682683398325,0.022923460230231285,0,0,2,0.6663820999965537,0.6663820999965537,0.0,0.6663820999965537,0.0,7544f61e62b857de55fcd6c17c5151159b824ebf,1.8.0,36544a532d02876404ae4245dbfdbf54a902a017d06dc714fab7bef09253291c,True,3.12.13,2.12.0+cpu,2.4.6,1.2.3,3.1.0,2.1.0,3.2.7,,,,,,1.0,0.0,0.8666666666666667,0.06666666666666667,-0.0033333333333333344,0.5333333333333333,0.0,1.0,0.0,nan,nan,0.0,nan,0.4666666666666667,0.4666666666666667,nan,1.0,nan,nan,unsupported,285.0266666666667,44.0,neural,0.0,0.0,0.0,,,,,,,,,,,,,0.03234567393859227,0.26666666666666666,0.0,0.0,,,,,,,,,,,,,,,
reviewer1_temporal_interface_development,reviewer1_temporal_interface_development,configs/reviewer1_remaining/temporal_and_interface_development/matched_design.yaml,interface_A_state_low_level,SensorizedPyBulletUAVWaypoint-v0,SensorizedPyBulletUAVWaypoint-v0,native_gymnasium_observation,interface_dqn_h064,15005,eval,120,120,-0.25829162785783416,120,1,-0.25829162785783416,30,0.0,120,23,0.012406796601641438,0.022923460230231285,0,1,2,1.7284993999928702,0.9246941000164952,0.803805299976375,0.9246941000164952,0.803805299976375,7544f61e62b857de55fcd6c17c5151159b824ebf,1.8.0,36544a532d02876404ae4245dbfdbf54a902a017d06dc714fab7bef09253291c,True,3.12.13,2.12.0+cpu,2.4.6,1.2.3,3.1.0,2.1.0,3.2.7,,,,,,1.0,0.0,0.0,0.0,0.0,1.0,0.0,1.0,0.0,nan,nan,0.0,nan,0.0,0.0,nan,1.0,nan,nan,unsupported,961.0533333333334,967.5999999999999,neural,0.0,0.0,0.0,,,,,,,,,,,,,0.02886277452732126,0.1,0.9666666666666667,0.0,nan,nan,17,nan,nan,nan,nan,unavailable,unavailable,unavailable,nan,nan,0.0,unavailable,nan
reviewer1_temporal_interface_development,reviewer1_temporal_interface_development,configs/reviewer1_remaining/temporal_and_interface_development/matched_design.yaml,interface_A_state_low_level,SensorizedPyBulletUAVWaypoint-v0,SensorizedPyBulletUAVWaypoint-v0,native_gymnasium_observation,interface_dqn_h064,15005,eval,120,120,-0.18182020951062444,120,2,-0.18182020951062444,30,0.0,120,23,0.012406796601641438,0.022923460230231285,0,1,2,1.728742700011935,0.9249374000355601,0.803805299976375,0.9249374000355601,0.803805299976375,7544f61e62b857de55fcd6c17c5151159b824ebf,1.8.0,36544a532d02876404ae4245dbfdbf54a902a017d06dc714fab7bef09253291c,True,3.12.13,2.12.0+cpu,2.4.6,1.2.3,3.1.0,2.1.0,3.2.7,,,,,,1.0,0.0,0.0,0.0,0.0,1.0,0.0,1.0,0.0,nan,nan,0.0,nan,0.0,0.0,nan,1.0,nan,nan,unsupported,1158.076666666667,1117.0,neural,0.0,0.0,0.0,,,,,,,,,,,,,0.034270823529611034,0.26666666666666666,0.9666666666666667,0.0,nan,nan,17,nan,nan,nan,nan,unavailable,unavailable,unavailable,nan,nan,0.0,unavailable,nan
reviewer1_temporal_interface_development,reviewer1_temporal_interface_development,configs/reviewer1_remaining/temporal_and_interface_development/matched_design.yaml,interface_A_state_low_level,SensorizedPyBulletUAVWaypoint-v0,SensorizedPyBulletUAVWaypoint-v0,native_gymnasium_observation,interface_dqn_h064,15005,eval,120,120,-1.452860207576305,120,3,-1.452860207576305,30,0.0,120,23,0.012406796601641438,0.022923460230231285,0,1,2,1.7288799000089057,0.9250746000325307,0.803805299976375,0.9250746000325307,0.803805299976375,7544f61e62b857de55fcd6c17c5151159b824ebf,1.8.0,36544a532d02876404ae4245dbfdbf54a902a017d06dc714fab7bef09253291c,True,3.12.13,2.12.0+cpu,2.4.6,1.2.3,3.1.0,2.1.0,3.2.7,,,,,,1.0,0.0,0.7,0.0,0.0,1.0,0.0,1.0,0.0,nan,nan,0.0,nan,0.0,0.0,nan,1.0,nan,nan,unsupported,1004.76,912.7,neural,0.0,0.0,0.0,,,,,,,,,,,,,0.02792231758746008,0.13333333333333333,0.0,0.0,nan,nan,17,nan,nan,nan,nan,unavailable,unavailable,unavailable,nan,nan,0.0,unavailable,nan
reviewer1_temporal_interface_development,reviewer1_temporal_interface_development,configs/reviewer1_remaining/temporal_and_interface_development/matched_design.yaml,interface_A_state_low_level,SensorizedPyBulletUAVWaypoint-v0,SensorizedPyBulletUAVWaypoint-v0,native_gymnasium_observation,interface_dqn_h064,15005,train,120,,,120,4,-0.5093441989459098,30,0.0,120,23,0.012406796601641438,0.022923460230231285,0,1,2,1.7342593999928795,0.9304541000165045,0.803805299976375,0.9304541000165045,0.803805299976375,7544f61e62b857de55fcd6c17c5151159b824ebf,1.8.0,36544a532d02876404ae4245dbfdbf54a902a017d06dc714fab7bef09253291c,True,3.12.13,2.12.0+cpu,2.4.6,1.2.3,3.1.0,2.1.0,3.2.7,,,,,,1.0,0.0,0.16666666666666666,0.0,0.0,0.7333333333333333,0.0,1.0,0.0,nan,nan,0.0,nan,0.26666666666666666,0.26666666666666666,nan,1.0,nan,nan,unsupported,508.3066666666666,69.5,neural,0.0,0.0,0.0,,,,,,,,,,,,,0.03432568575566013,0.1,1.0,0.0,,,,,,,,,,,,,,,
reviewer1_temporal_interface_development,reviewer1_temporal_interface_development,configs/reviewer1_remaining/temporal_and_interface_development/matched_design.yaml,interface_A_state_low_level,SensorizedPyBulletUAVWaypoint-v0,SensorizedPyBulletUAVWaypoint-v0,native_gymnasium_observation,interface_dqn_h064,15005,train,150,,,150,5,-0.9657018897868693,30,0.0,150,30,0.010683287501645584,0.022923460230231285,0,1,2,1.9759269999922253,1.1721217000158504,0.803805299976375,1.1721217000158504,0.803805299976375,7544f61e62b857de55fcd6c17c5151159b824ebf,1.8.0,36544a532d02876404ae4245dbfdbf54a902a017d06dc714fab7bef09253291c,True,3.12.13,2.12.0+cpu,2.4.6,1.2.3,3.1.0,2.1.0,3.2.7,,,,,,1.0,0.0,0.36666666666666664,0.0,0.0,0.5666666666666667,0.0,1.0,0.0,nan,nan,0.0,nan,0.43333333333333335,0.43333333333333335,nan,1.0,nan,nan,unsupported,563.9100000000001,80.0,neural,0.0,0.0,0.0,,,,,,,,,,,,,0.03605957785621285,0.16666666666666666,0.0,0.0,,,,,,,,,,,,,,,
reviewer1_temporal_interface_development,reviewer1_temporal_interface_development,configs/reviewer1_remaining/temporal_and_interface_development/matched_design.yaml,interface_A_state_low_level,SensorizedPyBulletUAVWaypoint-v0,SensorizedPyBulletUAVWaypoint-v0,native_gymnasium_observation,interface_dqn_h064,15005,train,180,,,180,6,-1.3119201862439513,30,0.0,180,38,0.009851668152566018,0.022923460230231285,0,1,2,2.2358250000106636,1.4320197000342887,0.803805299976375,1.4320197000342887,0.803805299976375,7544f61e62b857de55fcd6c17c5151159b824ebf,1.8.0,36544a532d02876404ae4245dbfdbf54a902a017d06dc714fab7bef09253291c,True,3.12.13,2.12.0+cpu,2.4.6,1.2.3,3.1.0,2.1.0,3.2.7,,,,,,1.0,0.0,1.0,0.0,0.0,0.6666666666666666,0.0,1.0,0.0,nan,nan,0.0,nan,0.3333333333333333,0.3333333333333333,nan,1.0,nan,nan,unsupported,822.3499999999999,944.25,neural,0.0,0.0,0.0,,,,,,,,,,,,,0.029810791393053173,0.26666666666666666,0.0,0.0,,,,,,,,,,,,,,,
reviewer1_temporal_interface_development,reviewer1_temporal_interface_development,configs/reviewer1_remaining/temporal_and_interface_development/matched_design.yaml,interface_A_state_low_level,SensorizedPyBulletUAVWaypoint-v0,SensorizedPyBulletUAVWaypoint-v0,native_gymnasium_observation,interface_dqn_h064,15005,train,210,,,210,7,-1.6625318477954716,30,0.0,210,45,0.008908239995232888,0.022923460230231285,0,1,2,2.480417899991153,1.6766126000147779,0.803805299976375,1.6766126000147779,0.803805299976375,7544f61e62b857de55fcd6c17c5151159b824ebf,1.8.0,36544a532d02876404ae4245dbfdbf54a902a017d06dc714fab7bef09253291c,True,3.12.13,2.12.0+cpu,2.4.6,1.2.3,3.1.0,2.1.0,3.2.7,,,,,,1.0,0.0,1.0,0.0,0.0,0.5666666666666667,0.0,1.0,0.0,nan,nan,0.0,nan,0.43333333333333335,0.43333333333333335,nan,1.0,nan,nan,unsupported,861.19,940.5999999999999,neural,0.0,0.0,0.0,,,,,,,,,,,,,0.026621502793083587,0.26666666666666666,0.0,0.0,,,,,,,,,,,,,,,
reviewer1_temporal_interface_development,reviewer1_temporal_interface_development,configs/reviewer1_remaining/temporal_and_interface_development/matched_design.yaml,interface_A_state_low_level,SensorizedPyBulletUAVWaypoint-v0,SensorizedPyBulletUAVWaypoint-v0,native_gymnasium_observation,interface_dqn_h064,15005,eval,240,240,-1.3948885935638096,240,1,-1.3948885935638096,30,0.0,240,53,0.008185223243550732,0.022923460230231285,0,2,2,3.611155799997505,1.9546100000152364,1.6565457999822684,1.9546100000152364,1.6565457999822684,7544f61e62b857de55fcd6c17c5151159b824ebf,1.8.0,36544a532d02876404ae4245dbfdbf54a902a017d06dc714fab7bef09253291c,True,3.12.13,2.12.0+cpu,2.4.6,1.2.3,3.1.0,2.1.0,3.2.7,,,,,,1.0,0.0,1.0,0.0,0.0,1.0,0.0,1.0,0.0,nan,nan,0.0,nan,0.0,0.0,nan,1.0,nan,nan,unsupported,979.0900000000001,948.5,neural,0.0,0.0,0.0,,,,,,,,,,,,,0.030958411935716867,0.26666666666666666,0.0,0.0,nan,nan,5,nan,nan,nan,nan,unavailable,unavailable,unavailable,nan,nan,0.0,unavailable,nan
reviewer1_temporal_interface_development,reviewer1_temporal_interface_development,configs/reviewer1_remaining/temporal_and_interface_development/matched_design.yaml,interface_A_state_low_level,SensorizedPyBulletUAVWaypoint-v0,SensorizedPyBulletUAVWaypoint-v0,native_gymnasium_observation,interface_dqn_h064,15005,eval,240,240,-1.2837361101154237,240,2,-1.2837361101154237,30,0.0,240,53,0.008185223243550732,0.022923460230231285,0,2,2,3.611358099995414,1.9548123000131454,1.6565457999822684,1.9548123000131454,1.6565457999822684,7544f61e62b857de55fcd6c17c5151159b824ebf,1.8.0,36544a532d02876404ae4245dbfdbf54a902a017d06dc714fab7bef09253291c,True,3.12.13,2.12.0+cpu,2.4.6,1.2.3,3.1.0,2.1.0,3.2.7,,,,,,1.0,0.0,1.0,0.0,0.0,1.0,0.0,1.0,0.0,nan,nan,0.0,nan,0.0,0.0,nan,1.0,nan,nan,unsupported,1154.6166666666666,1118.5500000000002,neural,0.0,0.0,0.0,,,,,,,,,,,,,0.028775499652450284,0.26666666666666666,0.0,0.0,nan,nan,5,nan,nan,nan,nan,unavailable,unavailable,unavailable,nan,nan,0.0,unavailable,nan
reviewer1_temporal_interface_development,reviewer1_temporal_interface_development,configs/reviewer1_remaining/temporal_and_interface_development/matched_design.yaml,interface_A_state_low_level,SensorizedPyBulletUAVWaypoint-v0,SensorizedPyBulletUAVWaypoint-v0,native_gymnasium_observation,interface_dqn_h064,15005,eval,240,240,-1.7101793077867478,240,3,-1.7101793077867478,30,0.0,240,53,0.008185223243550732,0.022923460230231285,0,2,2,3.611489300004905,1.9549435000226367,1.6565457999822684,1.9549435000226367,1.6565457999822684,7544f61e62b857de55fcd6c17c5151159b824ebf,1.8.0,36544a532d02876404ae4245dbfdbf54a902a017d06dc714fab7bef09253291c,True,3.12.13,2.12.0+cpu,2.4.6,1.2.3,3.1.0,2.1.0,3.2.7,,,,,,1.0,0.0,1.0,0.0,0.0,1.0,0.0,1.0,0.0,nan,nan,0.0,nan,0.0,0.0,nan,1.0,nan,nan,unsupported,1053.8066666666666,1027.9,neural,0.0,0.0,0.0,,,,,,,,,,,,,0.034065927689274154,0.06666666666666667,0.9666666666666667,0.0,nan,nan,5,nan,nan,nan,nan,unavailable,unavailable,unavailable,nan,nan,0.0,unavailable,nan
reviewer1_temporal_interface_development,reviewer1_temporal_interface_development,configs/reviewer1_remaining/temporal_and_interface_development/matched_design.yaml,interface_A_state_low_level,SensorizedPyBulletUAVWaypoint-v0,SensorizedPyBulletUAVWaypoint-v0,native_gymnasium_observation,interface_dqn_h064,15005,train,240,,,240,8,-1.4804661550861788,30,0.0,240,53,0.008185223243550732,0.022923460230231285,0,2,2,3.6130321999953594,1.956486400013091,1.6565457999822684,1.956486400013091,1.6565457999822684,7544f61e62b857de55fcd6c17c5151159b824ebf,1.8.0,36544a532d02876404ae4245dbfdbf54a902a017d06dc714fab7bef09253291c,True,3.12.13,2.12.0+cpu,2.4.6,1.2.3,3.1.0,2.1.0,3.2.7,,,,,,1.0,0.0,1.0,0.0,0.0,0.5333333333333333,0.0,1.0,0.0,nan,nan,0.0,nan,0.4666666666666667,0.4666666666666667,nan,1.0,nan,nan,unsupported,918.2299999999999,965.75,neural,0.0,0.0,0.0,,,,,,,,,,,,,0.03240054726290206,0.26666666666666666,0.0,0.0,,,,,,,,,,,,,,,
reviewer1_temporal_interface_development,reviewer1_temporal_interface_development,configs/reviewer1_remaining/temporal_and_interface_development/matched_design.yaml,interface_B_sensorized_high_level,SensorizedPyBulletUAVWaypoint-v0,SensorizedPyBulletUAVWaypoint-v0,native_gymnasium_observation,interface_dqn_h064,15004,train,30,,,30,1,-1.539443774786778,30,0.0,30,0,nan,nan,0,0,2,0.21588469998096116,0.21588469998096116,0.0,0.21588469998096116,0.0,7544f61e62b857de55fcd6c17c5151159b824ebf,1.8.0,36544a532d02876404ae4245dbfdbf54a902a017d06dc714fab7bef09253291c,True,3.12.13,2.12.0+cpu,2.4.6,1.2.3,3.1.0,2.1.0,3.2.7,,,,,,1.0,0.0,1.0,0.1,-0.005000000000000002,1.0,0.0,0.26666666666666666,0.0,nan,nan,0.0,nan,0.0,0.0,nan,0.26666666666666666,nan,nan,unsupported,60.57666666666666,24.0,none,0.0,0.0,0.0,,,,,,,,,,,,,0.03037373305608829,0.23333333333333334,0.9,0.0,,,,,,,,,,,,,,,
reviewer1_temporal_interface_development,reviewer1_temporal_interface_development,configs/reviewer1_remaining/temporal_and_interface_development/matched_design.yaml,interface_B_sensorized_high_level,SensorizedPyBulletUAVWaypoint-v0,SensorizedPyBulletUAVWaypoint-v0,native_gymnasium_observation,interface_dqn_h064,15004,train,60,,,60,2,-1.1982378894649446,30,0.0,60,8,0.004992572299670428,0.008583422750234604,0,0,2,0.47384510000119917,0.47384510000119917,0.0,0.47384510000119917,0.0,7544f61e62b857de55fcd6c17c5151159b824ebf,1.8.0,36544a532d02876404ae4245dbfdbf54a902a017d06dc714fab7bef09253291c,True,3.12.13,2.12.0+cpu,2.4.6,1.2.3,3.1.0,2.1.0,3.2.7,,,,,,1.0,0.0,0.7,0.23333333333333334,-0.01166666666666667,1.0,0.0,1.0,0.0,nan,nan,0.0,nan,0.0,0.0,nan,1.0,nan,nan,unsupported,212.23666666666665,35.25,neural,0.0,0.0,0.0,,,,,,,,,,,,,0.03064961973577738,0.26666666666666666,0.0,0.0,,,,,,,,,,,,,,,
reviewer1_temporal_interface_development,reviewer1_temporal_interface_development,configs/reviewer1_remaining/temporal_and_interface_development/matched_design.yaml,interface_B_sensorized_high_level,SensorizedPyBulletUAVWaypoint-v0,SensorizedPyBulletUAVWaypoint-v0,native_gymnasium_observation,interface_dqn_h064,15004,train,90,,,90,3,-0.48331491007935257,30,0.0,90,15,0.0034818255187322694,0.008583422750234604,0,0,2,0.735061899991706,0.735061899991706,0.0,0.735061899991706,0.0,7544f61e62b857de55fcd6c17c5151159b824ebf,1.8.0,36544a532d02876404ae4245dbfdbf54a902a017d06dc714fab7bef09253291c,True,3.12.13,2.12.0+cpu,2.4.6,1.2.3,3.1.0,2.1.0,3.2.7,,,,,,1.0,0.0,0.1,0.1,-0.005000000000000002,1.0,0.0,1.0,0.0,nan,nan,0.0,nan,0.0,0.0,nan,1.0,nan,nan,unsupported,438.5199999999999,59.2,neural,0.0,0.0,0.0,,,,,,,,,,,,,0.0345423041532437,0.2,0.0,0.0,,,,,,,,,,,,,,,
reviewer1_temporal_interface_development,reviewer1_temporal_interface_development,configs/reviewer1_remaining/temporal_and_interface_development/matched_design.yaml,interface_B_sensorized_high_level,SensorizedPyBulletUAVWaypoint-v0,SensorizedPyBulletUAVWaypoint-v0,native_gymnasium_observation,interface_dqn_h064,15004,eval,120,120,-1.0340891709178686,120,1,-1.0340891709178686,30,0.0,120,23,0.002551563440331096,0.008583422750234604,0,1,2,1.7911823999893386,0.9694083999784198,0.8217740000109188,0.9694083999784198,0.8217740000109188,7544f61e62b857de55fcd6c17c5151159b824ebf,1.8.0,36544a532d02876404ae4245dbfdbf54a902a017d06dc714fab7bef09253291c,True,3.12.13,2.12.0+cpu,2.4.6,1.2.3,3.1.0,2.1.0,3.2.7,,,,,,1.0,0.0,0.5,0.0,0.0,1.0,0.0,1.0,0.0,nan,nan,0.0,nan,0.0,0.0,nan,1.0,nan,nan,unsupported,844.4066666666665,846.3,neural,0.0,0.0,0.0,,,,,,,,,,,,,0.03305042035256823,0.13333333333333333,0.9666666666666667,0.0,nan,nan,3,nan,nan,nan,nan,unavailable,unavailable,unavailable,nan,nan,0.0,unavailable,nan
reviewer1_temporal_interface_development,reviewer1_temporal_interface_development,configs/reviewer1_remaining/temporal_and_interface_development/matched_design.yaml,interface_B_sensorized_high_level,SensorizedPyBulletUAVWaypoint-v0,SensorizedPyBulletUAVWaypoint-v0,native_gymnasium_observation,interface_dqn_h064,15004,eval,120,120,-1.591338469305774,120,2,-1.591338469305774,30,0.0,120,23,0.002551563440331096,0.008583422750234604,0,1,2,1.7915617999969982,0.9697877999860793,0.8217740000109188,0.9697877999860793,0.8217740000109188,7544f61e62b857de55fcd6c17c5151159b824ebf,1.8.0,36544a532d02876404ae4245dbfdbf54a902a017d06dc714fab7bef09253291c,True,3.12.13,2.12.0+cpu,2.4.6,1.2.3,3.1.0,2.1.0,3.2.7,,,,,,1.0,0.0,1.0,0.36666666666666664,-0.018333333333333337,1.0,0.0,1.0,0.0,nan,nan,0.0,nan,0.0,0.0,nan,1.0,nan,nan,unsupported,975.12,970.3,neural,0.0,0.0,0.0,,,,,,,,,,,,,0.02996308266495665,0.23333333333333334,0.4666666666666667,0.0,nan,nan,4,nan,nan,nan,nan,unavailable,unavailable,unavailable,nan,nan,0.0,unavailable,nan
reviewer1_temporal_interface_development,reviewer1_temporal_interface_development,configs/reviewer1_remaining/temporal_and_interface_development/matched_design.yaml,interface_B_sensorized_high_level,SensorizedPyBulletUAVWaypoint-v0,SensorizedPyBulletUAVWaypoint-v0,native_gymnasium_observation,interface_dqn_h064,15004,eval,120,120,-1.6629292691347657,120,3,-1.6629292691347657,30,0.0,120,23,0.002551563440331096,0.008583422750234604,0,1,2,1.7916811000031885,0.9699070999922697,0.8217740000109188,0.9699070999922697,0.8217740000109188,7544f61e62b857de55fcd6c17c5151159b824ebf,1.8.0,36544a532d02876404ae4245dbfdbf54a902a017d06dc714fab7bef09253291c,True,3.12.13,2.12.0+cpu,2.4.6,1.2.3,3.1.0,2.1.0,3.2.7,,,,,,1.0,0.0,1.0,0.1,-0.005000000000000002,1.0,0.0,1.0,0.0,nan,nan,0.0,nan,0.0,0.0,nan,1.0,nan,nan,unsupported,932.3833333333333,894.9,neural,0.0,0.0,0.0,,,,,,,,,,,,,0.03207171264414986,0.13333333333333333,0.0,0.0,nan,nan,5,nan,nan,nan,nan,unavailable,unavailable,unavailable,nan,nan,0.0,unavailable,nan
reviewer1_temporal_interface_development,reviewer1_temporal_interface_development,configs/reviewer1_remaining/temporal_and_interface_development/matched_design.yaml,interface_B_sensorized_high_level,SensorizedPyBulletUAVWaypoint-v0,SensorizedPyBulletUAVWaypoint-v0,native_gymnasium_observation,interface_dqn_h064,15004,train,120,,,120,4,-0.644489591710735,30,0.0,120,23,0.002551563440331096,0.008583422750234604,0,1,2,1.7972015999839641,0.9754275999730453,0.8217740000109188,0.9754275999730453,0.8217740000109188,7544f61e62b857de55fcd6c17c5151159b824ebf,1.8.0,36544a532d02876404ae4245dbfdbf54a902a017d06dc714fab7bef09253291c,True,3.12.13,2.12.0+cpu,2.4.6,1.2.3,3.1.0,2.1.0,3.2.7,,,,,,1.0,0.0,0.2,0.16666666666666666,-0.008333333333333335,1.0,0.0,1.0,0.0,nan,nan,0.0,nan,0.0,0.0,nan,1.0,nan,nan,unsupported,396.2133333333333,47.349999999999994,neural,0.0,0.0,0.0,,,,,,,,,,,,,0.02977376754958338,0.2,0.13333333333333333,0.0,,,,,,,,,,,,,,,
reviewer1_temporal_interface_development,reviewer1_temporal_interface_development,configs/reviewer1_remaining/temporal_and_interface_development/matched_design.yaml,interface_B_sensorized_high_level,SensorizedPyBulletUAVWaypoint-v0,SensorizedPyBulletUAVWaypoint-v0,native_gymnasium_observation,interface_dqn_h064,15004,train,150,,,150,5,-1.5543293260922662,30,0.0,150,30,0.002153008261908932,0.008583422750234604,0,1,2,2.0443063999991864,1.2225323999882676,0.8217740000109188,1.2225323999882676,0.8217740000109188,7544f61e62b857de55fcd6c17c5151159b824ebf,1.8.0,36544a532d02876404ae4245dbfdbf54a902a017d06dc714fab7bef09253291c,True,3.12.13,2.12.0+cpu,2.4.6,1.2.3,3.1.0,2.1.0,3.2.7,,,,,,1.0,0.0,1.0,0.16666666666666666,-0.008333333333333335,1.0,0.0,1.0,0.0,nan,nan,0.0,nan,0.0,0.0,nan,1.0,nan,nan,unsupported,471.4966666666666,60.95,neural,0.0,0.0,0.0,,,,,,,,,,,,,0.029576467241471012,0.3333333333333333,0.0,0.0,,,,,,,,,,,,,,,
reviewer1_temporal_interface_development,reviewer1_temporal_interface_development,configs/reviewer1_remaining/temporal_and_interface_development/matched_design.yaml,interface_B_sensorized_high_level,SensorizedPyBulletUAVWaypoint-v0,SensorizedPyBulletUAVWaypoint-v0,native_gymnasium_observation,interface_dqn_h064,15004,train,180,,,180,6,-1.0839370541227984,30,0.0,180,38,0.0018684108474285733,0.008583422750234604,0,1,2,2.3281047999917064,1.5063307999807876,0.8217740000109188,1.5063307999807876,0.8217740000109188,7544f61e62b857de55fcd6c17c5151159b824ebf,1.8.0,36544a532d02876404ae4245dbfdbf54a902a017d06dc714fab7bef09253291c,True,3.12.13,2.12.0+cpu,2.4.6,1.2.3,3.1.0,2.1.0,3.2.7,,,,,,1.0,0.0,0.6666666666666666,0.03333333333333333,-0.0016666666666666672,1.0,0.0,1.0,0.0,nan,nan,0.0,nan,0.0,0.0,nan,1.0,nan,nan,unsupported,729.8466666666668,900.9000000000001,neural,0.0,0.0,0.0,,,,,,,,,,,,,0.03277042113865415,0.26666666666666666,0.43333333333333335,0.0,,,,,,,,,,,,,,,
reviewer1_temporal_interface_development,reviewer1_temporal_interface_development,configs/reviewer1_remaining/temporal_and_interface_development/matched_design.yaml,interface_B_sensorized_high_level,SensorizedPyBulletUAVWaypoint-v0,SensorizedPyBulletUAVWaypoint-v0,native_gymnasium_observation,interface_dqn_h064,15004,train,210,,,210,7,-1.5824631336610766,30,0.0,210,45,0.0017067753706618938,0.008583422750234604,0,1,2,2.6200093000079505,1.7982352999970317,0.8217740000109188,1.7982352999970317,0.8217740000109188,7544f61e62b857de55fcd6c17c5151159b824ebf,1.8.0,36544a532d02876404ae4245dbfdbf54a902a017d06dc714fab7bef09253291c,True,3.12.13,2.12.0+cpu,2.4.6,1.2.3,3.1.0,2.1.0,3.2.7,,,,,,1.0,0.0,1.0,0.03333333333333333,-0.0016666666666666672,1.0,0.0,1.0,0.0,nan,nan,0.0,nan,0.0,0.0,nan,1.0,nan,nan,unsupported,816.6766666666666,986.65,neural,0.0,0.0,0.0,,,,,,,,,,,,,0.03082557814195752,0.23333333333333334,0.9666666666666667,0.0,,,,,,,,,,,,,,,
reviewer1_temporal_interface_development,reviewer1_temporal_interface_development,configs/reviewer1_remaining/temporal_and_interface_development/matched_design.yaml,interface_B_sensorized_high_level,SensorizedPyBulletUAVWaypoint-v0,SensorizedPyBulletUAVWaypoint-v0,native_gymnasium_observation,interface_dqn_h064,15004,eval,240,240,-0.45838569451821976,240,1,-0.45838569451821976,30,0.0,240,53,0.0015693775173342558,0.008583422750234604,0,2,2,3.80023589998018,2.079392499959795,1.7208434000203852,2.079392499959795,1.7208434000203852,7544f61e62b857de55fcd6c17c5151159b824ebf,1.8.0,36544a532d02876404ae4245dbfdbf54a902a017d06dc714fab7bef09253291c,True,3.12.13,2.12.0+cpu,2.4.6,1.2.3,3.1.0,2.1.0,3.2.7,,,,,,1.0,0.0,0.0,0.0,0.0,1.0,0.0,1.0,0.0,nan,nan,0.0,nan,0.0,0.0,nan,1.0,nan,nan,unsupported,977.1666666666664,987.3499999999999,neural,0.0,0.0,0.0,,,,,,,,,,,,,0.029669287024686734,0.3,0.0,0.0,nan,nan,5,nan,nan,nan,nan,unavailable,unavailable,unavailable,nan,nan,0.0,unavailable,nan
reviewer1_temporal_interface_development,reviewer1_temporal_interface_development,configs/reviewer1_remaining/temporal_and_interface_development/matched_design.yaml,interface_B_sensorized_high_level,SensorizedPyBulletUAVWaypoint-v0,SensorizedPyBulletUAVWaypoint-v0,native_gymnasium_observation,interface_dqn_h064,15004,eval,240,240,-1.561388302347623,240,2,-1.561388302347623,30,0.0,240,53,0.0015693775173342558,0.008583422750234604,0,2,2,3.800434899982065,2.07959149996168,1.7208434000203852,2.07959149996168,1.7208434000203852,7544f61e62b857de55fcd6c17c5151159b824ebf,1.8.0,36544a532d02876404ae4245dbfdbf54a902a017d06dc714fab7bef09253291c,True,3.12.13,2.12.0+cpu,2.4.6,1.2.3,3.1.0,2.1.0,3.2.7,,,,,,1.0,0.0,0.9666666666666667,0.03333333333333333,-0.0016666666666666672,1.0,0.0,1.0,0.0,nan,nan,0.0,nan,0.0,0.0,nan,1.0,nan,nan,unsupported,1046.2333333333331,981.35,neural,0.0,0.0,0.0,,,,,,,,,,,,,0.0264823138830252,0.16666666666666666,0.5,0.0,nan,nan,2,nan,nan,nan,nan,unavailable,unavailable,unavailable,nan,nan,0.0,unavailable,nan
reviewer1_temporal_interface_development,reviewer1_temporal_interface_development,configs/reviewer1_remaining/temporal_and_interface_development/matched_design.yaml,interface_B_sensorized_high_level,SensorizedPyBulletUAVWaypoint-v0,SensorizedPyBulletUAVWaypoint-v0,native_gymnasium_observation,interface_dqn_h064,15004,eval,240,240,-1.6548570973670573,240,3,-1.6548570973670573,30,0.0,240,53,0.0015693775173342558,0.008583422750234604,0,2,2,3.8005581999896094,2.0797147999692243,1.7208434000203852,2.0797147999692243,1.7208434000203852,7544f61e62b857de55fcd6c17c5151159b824ebf,1.8.0,36544a532d02876404ae4245dbfdbf54a902a017d06dc714fab7bef09253291c,True,3.12.13,2.12.0+cpu,2.4.6,1.2.3,3.1.0,2.1.0,3.2.7,,,,,,1.0,0.0,1.0,0.0,0.0,1.0,0.0,1.0,0.0,nan,nan,0.0,nan,0.0,0.0,nan,1.0,nan,nan,unsupported,1039.9566666666667,990.05,neural,0.0,0.0,0.0,,,,,,,,,,,,,0.024655621343602736,0.26666666666666666,0.0,0.0,nan,nan,5,nan,nan,nan,nan,unavailable,unavailable,unavailable,nan,nan,0.0,unavailable,nan
reviewer1_temporal_interface_development,reviewer1_temporal_interface_development,configs/reviewer1_remaining/temporal_and_interface_development/matched_design.yaml,interface_B_sensorized_high_level,SensorizedPyBulletUAVWaypoint-v0,SensorizedPyBulletUAVWaypoint-v0,native_gymnasium_observation,interface_dqn_h064,15004,train,240,,,240,8,-1.28544900363544,30,0.0,240,53,0.0015693775173342558,0.008583422750234604,0,2,2,3.8027698999794666,2.0819264999590814,1.7208434000203852,2.0819264999590814,1.7208434000203852,7544f61e62b857de55fcd6c17c5151159b824ebf,1.8.0,36544a532d02876404ae4245dbfdbf54a902a017d06dc714fab7bef09253291c,True,3.12.13,2.12.0+cpu,2.4.6,1.2.3,3.1.0,2.1.0,3.2.7,,,,,,1.0,0.0,0.7,0.03333333333333333,-0.0016666666666666672,1.0,0.0,1.0,0.0,nan,nan,0.0,nan,0.0,0.0,nan,1.0,nan,nan,unsupported,978.2533333333333,972.55,neural,0.0,0.0,0.0,,,,,,,,,,,,,0.03185125632832448,0.2,0.0,0.0,,,,,,,,,,,,,,,
reviewer1_temporal_interface_development,reviewer1_temporal_interface_development,configs/reviewer1_remaining/temporal_and_interface_development/matched_design.yaml,interface_B_sensorized_high_level,SensorizedPyBulletUAVWaypoint-v0,SensorizedPyBulletUAVWaypoint-v0,native_gymnasium_observation,interface_dqn_h064,15005,train,30,,,30,1,-0.5902507596608484,30,0.0,30,0,nan,nan,0,0,2,0.19661099999211729,0.19661099999211729,0.0,0.19661099999211729,0.0,7544f61e62b857de55fcd6c17c5151159b824ebf,1.8.0,36544a532d02876404ae4245dbfdbf54a902a017d06dc714fab7bef09253291c,True,3.12.13,2.12.0+cpu,2.4.6,1.2.3,3.1.0,2.1.0,3.2.7,,,,,,1.0,0.0,0.16666666666666666,0.16666666666666666,-0.008333333333333335,1.0,0.0,0.0,0.0,nan,nan,0.0,nan,0.0,0.0,nan,0.0,nan,nan,unsupported,28.856666666666662,26.35,none,0.0,0.0,0.0,,,,,,,,,,,,,0.029827123026673993,0.16666666666666666,0.8666666666666667,0.0,,,,,,,,,,,,,,,
reviewer1_temporal_interface_development,reviewer1_temporal_interface_development,configs/reviewer1_remaining/temporal_and_interface_development/matched_design.yaml,interface_B_sensorized_high_level,SensorizedPyBulletUAVWaypoint-v0,SensorizedPyBulletUAVWaypoint-v0,native_gymnasium_observation,interface_dqn_h064,15005,train,60,,,60,2,-1.5514796938560904,30,0.0,60,8,0.007775888836476952,0.015240482985973358,0,0,2,0.46202209999319166,0.46202209999319166,0.0,0.46202209999319166,0.0,7544f61e62b857de55fcd6c17c5151159b824ebf,1.8.0,36544a532d02876404ae4245dbfdbf54a902a017d06dc714fab7bef09253291c,True,3.12.13,2.12.0+cpu,2.4.6,1.2.3,3.1.0,2.1.0,3.2.7,,,,,,1.0,0.0,1.0,0.1,-0.005000000000000002,1.0,0.0,0.6333333333333333,0.0,nan,nan,0.0,nan,0.0,0.0,nan,0.6333333333333333,nan,nan,unsupported,169.51333333333335,34.65,neural,0.0,0.0,0.0,,,,,,,,,,,,,0.03292741030454636,0.16666666666666666,0.0,0.0,,,,,,,,,,,,,,,
reviewer1_temporal_interface_development,reviewer1_temporal_interface_development,configs/reviewer1_remaining/temporal_and_interface_development/matched_design.yaml,interface_B_sensorized_high_level,SensorizedPyBulletUAVWaypoint-v0,SensorizedPyBulletUAVWaypoint-v0,native_gymnasium_observation,interface_dqn_h064,15005,train,90,,,90,3,-1.5311699086753654,30,0.0,90,15,0.005137144696588317,0.015240482985973358,0,0,2,0.7126947999931872,0.7126947999931872,0.0,0.7126947999931872,0.0,7544f61e62b857de55fcd6c17c5151159b824ebf,1.8.0,36544a532d02876404ae4245dbfdbf54a902a017d06dc714fab7bef09253291c,True,3.12.13,2.12.0+cpu,2.4.6,1.2.3,3.1.0,2.1.0,3.2.7,,,,,,1.0,0.0,1.0,0.1,-0.005000000000000002,1.0,0.0,1.0,0.0,nan,nan,0.0,nan,0.0,0.0,nan,1.0,nan,nan,unsupported,273.01666666666665,46.6,neural,0.0,0.0,0.0,,,,,,,,,,,,,0.0322059556376189,0.26666666666666666,0.0,0.0,,,,,,,,,,,,,,,
reviewer1_temporal_interface_development,reviewer1_temporal_interface_development,configs/reviewer1_remaining/temporal_and_interface_development/matched_design.yaml,interface_B_sensorized_high_level,SensorizedPyBulletUAVWaypoint-v0,SensorizedPyBulletUAVWaypoint-v0,native_gymnasium_observation,interface_dqn_h064,15005,eval,120,120,-0.579596919871401,120,1,-0.579596919871401,30,0.0,120,23,0.003684311108056294,0.015240482985973358,0,1,2,1.7980310000129975,0.9719466000096872,0.8260844000033103,0.9719466000096872,0.8260844000033103,7544f61e62b857de55fcd6c17c5151159b824ebf,1.8.0,36544a532d02876404ae4245dbfdbf54a902a017d06dc714fab7bef09253291c,True,3.12.13,2.12.0+cpu,2.4.6,1.2.3,3.1.0,2.1.0,3.2.7,,,,,,1.0,0.0,0.0,0.9666666666666667,-0.04833333333333335,1.0,0.0,1.0,0.0,nan,nan,0.0,nan,0.0,0.0,nan,1.0,nan,nan,unsupported,852.5933333333331,849.25,neural,0.0,0.0,0.0,,,,,,,,,,,,,0.029081043942521017,0.1,0.9666666666666667,0.0,nan,nan,6,nan,nan,nan,nan,unavailable,unavailable,unavailable,nan,nan,0.0,unavailable,nan
reviewer1_temporal_interface_development,reviewer1_temporal_interface_development,configs/reviewer1_remaining/temporal_and_interface_development/matched_design.yaml,interface_B_sensorized_high_level,SensorizedPyBulletUAVWaypoint-v0,SensorizedPyBulletUAVWaypoint-v0,native_gymnasium_observation,interface_dqn_h064,15005,eval,120,120,-0.5887049210327677,120,2,-0.5887049210327677,30,0.0,120,23,0.003684311108056294,0.015240482985973358,0,1,2,1.7982827000087127,0.9721983000054024,0.8260844000033103,0.9721983000054024,0.8260844000033103,7544f61e62b857de55fcd6c17c5151159b824ebf,1.8.0,36544a532d02876404ae4245dbfdbf54a902a017d06dc714fab7bef09253291c,True,3.12.13,2.12.0+cpu,2.4.6,1.2.3,3.1.0,2.1.0,3.2.7,,,,,,1.0,0.0,0.0,0.9333333333333333,-0.04666666666666668,1.0,0.0,1.0,0.0,nan,nan,0.0,nan,0.0,0.0,nan,1.0,nan,nan,unsupported,1112.3899999999999,1022.45,neural,0.0,0.0,0.0,,,,,,,,,,,,,0.0368752202950418,0.26666666666666666,0.9666666666666667,0.0,nan,nan,6,nan,nan,nan,nan,unavailable,unavailable,unavailable,nan,nan,0.0,unavailable,nan
reviewer1_temporal_interface_development,reviewer1_temporal_interface_development,configs/reviewer1_remaining/temporal_and_interface_development/matched_design.yaml,interface_B_sensorized_high_level,SensorizedPyBulletUAVWaypoint-v0,SensorizedPyBulletUAVWaypoint-v0,native_gymnasium_observation,interface_dqn_h064,15005,eval,120,120,-1.7963505185791295,120,3,-1.7963505185791295,30,0.0,120,23,0.003684311108056294,0.015240482985973358,0,1,2,1.7984383000002708,0.9723538999969605,0.8260844000033103,0.9723538999969605,0.8260844000033103,7544f61e62b857de55fcd6c17c5151159b824ebf,1.8.0,36544a532d02876404ae4245dbfdbf54a902a017d06dc714fab7bef09253291c,True,3.12.13,2.12.0+cpu,2.4.6,1.2.3,3.1.0,2.1.0,3.2.7,,,,,,1.0,0.0,1.0,1.0,-0.05000000000000002,1.0,0.0,1.0,0.0,nan,nan,0.0,nan,0.0,0.0,nan,1.0,nan,nan,unsupported,952.8199999999999,891.0,neural,0.0,0.0,0.0,,,,,,,,,,,,,0.029082142344365517,0.13333333333333333,0.0,0.0,nan,nan,6,nan,nan,nan,nan,unavailable,unavailable,unavailable,nan,nan,0.0,unavailable,nan
reviewer1_temporal_interface_development,reviewer1_temporal_interface_development,configs/reviewer1_remaining/temporal_and_interface_development/matched_design.yaml,interface_B_sensorized_high_level,SensorizedPyBulletUAVWaypoint-v0,SensorizedPyBulletUAVWaypoint-v0,native_gymnasium_observation,interface_dqn_h064,15005,train,120,,,120,4,-1.4016994670830896,30,0.0,120,23,0.003684311108056294,0.015240482985973358,0,1,2,1.8032764999952633,0.977192099991953,0.8260844000033103,0.977192099991953,0.8260844000033103,7544f61e62b857de55fcd6c17c5151159b824ebf,1.8.0,36544a532d02876404ae4245dbfdbf54a902a017d06dc714fab7bef09253291c,True,3.12.13,2.12.0+cpu,2.4.6,1.2.3,3.1.0,2.1.0,3.2.7,,,,,,1.0,0.0,0.7666666666666667,0.4,-0.020000000000000007,1.0,0.0,1.0,0.0,nan,nan,0.0,nan,0.0,0.0,nan,1.0,nan,nan,unsupported,450.3233333333333,52.75,neural,0.0,0.0,0.0,,,,,,,,,,,,,0.03372580111026764,0.1,1.0,0.0,,,,,,,,,,,,,,,
reviewer1_temporal_interface_development,reviewer1_temporal_interface_development,configs/reviewer1_remaining/temporal_and_interface_development/matched_design.yaml,interface_B_sensorized_high_level,SensorizedPyBulletUAVWaypoint-v0,SensorizedPyBulletUAVWaypoint-v0,native_gymnasium_observation,interface_dqn_h064,15005,train,150,,,150,5,-1.6994086122279988,30,0.0,150,30,0.0029812858808630455,0.015240482985973358,0,1,2,2.046556099987356,1.2204716999840457,0.8260844000033103,1.2204716999840457,0.8260844000033103,7544f61e62b857de55fcd6c17c5151159b824ebf,1.8.0,36544a532d02876404ae4245dbfdbf54a902a017d06dc714fab7bef09253291c,True,3.12.13,2.12.0+cpu,2.4.6,1.2.3,3.1.0,2.1.0,3.2.7,,,,,,1.0,0.0,1.0,0.6,-0.03000000000000001,1.0,0.0,1.0,0.0,nan,nan,0.0,nan,0.0,0.0,nan,1.0,nan,nan,unsupported,452.75000000000006,57.8,neural,0.0,0.0,0.0,,,,,,,,,,,,,0.03499168703953425,0.16666666666666666,0.0,0.0,,,,,,,,,,,,,,,
reviewer1_temporal_interface_development,reviewer1_temporal_interface_development,configs/reviewer1_remaining/temporal_and_interface_development/matched_design.yaml,interface_B_sensorized_high_level,SensorizedPyBulletUAVWaypoint-v0,SensorizedPyBulletUAVWaypoint-v0,native_gymnasium_observation,interface_dqn_h064,15005,train,180,,,180,6,-1.517175883250311,30,0.0,180,38,0.0024205714963548082,0.015240482985973358,0,1,2,2.330982799991034,1.5048983999877237,0.8260844000033103,1.5048983999877237,0.8260844000033103,7544f61e62b857de55fcd6c17c5151159b824ebf,1.8.0,36544a532d02876404ae4245dbfdbf54a902a017d06dc714fab7bef09253291c,True,3.12.13,2.12.0+cpu,2.4.6,1.2.3,3.1.0,2.1.0,3.2.7,,,,,,1.0,0.0,1.0,0.13333333333333333,-0.006666666666666669,1.0,0.0,1.0,0.0,nan,nan,0.0,nan,0.0,0.0,nan,1.0,nan,nan,unsupported,686.3266666666667,854.05,neural,0.0,0.0,0.0,,,,,,,,,,,,,0.028708623098160992,0.26666666666666666,0.0,0.0,,,,,,,,,,,,,,,
reviewer1_temporal_interface_development,reviewer1_temporal_interface_development,configs/reviewer1_remaining/temporal_and_interface_development/matched_design.yaml,interface_B_sensorized_high_level,SensorizedPyBulletUAVWaypoint-v0,SensorizedPyBulletUAVWaypoint-v0,native_gymnasium_observation,interface_dqn_h064,15005,train,210,,,210,7,-1.724689884842374,30,0.0,210,45,0.00208601454893748,0.015240482985973358,0,1,2,2.605569600011222,1.7794852000079118,0.8260844000033103,1.7794852000079118,0.8260844000033103,7544f61e62b857de55fcd6c17c5151159b824ebf,1.8.0,36544a532d02876404ae4245dbfdbf54a902a017d06dc714fab7bef09253291c,True,3.12.13,2.12.0+cpu,2.4.6,1.2.3,3.1.0,2.1.0,3.2.7,,,,,,1.0,0.0,1.0,0.0,0.0,1.0,0.0,1.0,0.0,nan,nan,0.0,nan,0.0,0.0,nan,1.0,nan,nan,unsupported,856.8600000000001,972.85,neural,0.0,0.0,0.0,,,,,,,,,,,,,0.02626671887313326,0.26666666666666666,0.0,0.0,,,,,,,,,,,,,,,
reviewer1_temporal_interface_development,reviewer1_temporal_interface_development,configs/reviewer1_remaining/temporal_and_interface_development/matched_design.yaml,interface_B_sensorized_high_level,SensorizedPyBulletUAVWaypoint-v0,SensorizedPyBulletUAVWaypoint-v0,native_gymnasium_observation,interface_dqn_h064,15005,eval,240,240,-1.6291751009161817,240,1,-1.6291751009161817,30,0.0,240,53,0.0018153346925073321,0.015240482985973358,0,2,2,3.79257749998942,2.0447109999950044,1.7478664999944158,2.0447109999950044,1.7478664999944158,7544f61e62b857de55fcd6c17c5151159b824ebf,1.8.0,36544a532d02876404ae4245dbfdbf54a902a017d06dc714fab7bef09253291c,True,3.12.13,2.12.0+cpu,2.4.6,1.2.3,3.1.0,2.1.0,3.2.7,,,,,,1.0,0.0,1.0,0.0,0.0,1.0,0.0,1.0,0.0,nan,nan,0.0,nan,0.0,0.0,nan,1.0,nan,nan,unsupported,955.9433333333335,935.4000000000001,neural,0.0,0.0,0.0,,,,,,,,,,,,,0.031953890419875584,0.26666666666666666,0.0,0.0,nan,nan,5,nan,nan,nan,nan,unavailable,unavailable,unavailable,nan,nan,0.0,unavailable,nan
reviewer1_temporal_interface_development,reviewer1_temporal_interface_development,configs/reviewer1_remaining/temporal_and_interface_development/matched_design.yaml,interface_B_sensorized_high_level,SensorizedPyBulletUAVWaypoint-v0,SensorizedPyBulletUAVWaypoint-v0,native_gymnasium_observation,interface_dqn_h064,15005,eval,240,240,-1.6151973169262055,240,2,-1.6151973169262055,30,0.0,240,53,0.0018153346925073321,0.015240482985973358,0,2,2,3.7928033999924082,2.0449368999979924,1.7478664999944158,2.0449368999979924,1.7478664999944158,7544f61e62b857de55fcd6c17c5151159b824ebf,1.8.0,36544a532d02876404ae4245dbfdbf54a902a017d06dc714fab7bef09253291c,True,3.12.13,2.12.0+cpu,2.4.6,1.2.3,3.1.0,2.1.0,3.2.7,,,,,,1.0,0.0,1.0,0.0,0.0,1.0,0.0,1.0,0.0,nan,nan,0.0,nan,0.0,0.0,nan,1.0,nan,nan,unsupported,1020.8633333333335,1009.7,neural,0.0,0.0,0.0,,,,,,,,,,,,,0.027949217706918716,0.26666666666666666,0.0,0.0,nan,nan,5,nan,nan,nan,nan,unavailable,unavailable,unavailable,nan,nan,0.0,unavailable,nan
reviewer1_temporal_interface_development,reviewer1_temporal_interface_development,configs/reviewer1_remaining/temporal_and_interface_development/matched_design.yaml,interface_B_sensorized_high_level,SensorizedPyBulletUAVWaypoint-v0,SensorizedPyBulletUAVWaypoint-v0,native_gymnasium_observation,interface_dqn_h064,15005,eval,240,240,-1.3811854137753834,240,3,-1.3811854137753834,30,0.0,240,53,0.0018153346925073321,0.015240482985973358,0,2,2,3.792926299996907,2.045059800002491,1.7478664999944158,2.045059800002491,1.7478664999944158,7544f61e62b857de55fcd6c17c5151159b824ebf,1.8.0,36544a532d02876404ae4245dbfdbf54a902a017d06dc714fab7bef09253291c,True,3.12.13,2.12.0+cpu,2.4.6,1.2.3,3.1.0,2.1.0,3.2.7,,,,,,1.0,0.0,1.0,0.0,0.0,1.0,0.0,1.0,0.0,nan,nan,0.0,nan,0.0,0.0,nan,1.0,nan,nan,unsupported,1034.4,965.55,neural,0.0,0.0,0.0,,,,,,,,,,,,,0.03391051118572553,0.06666666666666667,0.9666666666666667,0.0,nan,nan,4,nan,nan,nan,nan,unavailable,unavailable,unavailable,nan,nan,0.0,unavailable,nan
reviewer1_temporal_interface_development,reviewer1_temporal_interface_development,configs/reviewer1_remaining/temporal_and_interface_development/matched_design.yaml,interface_B_sensorized_high_level,SensorizedPyBulletUAVWaypoint-v0,SensorizedPyBulletUAVWaypoint-v0,native_gymnasium_observation,interface_dqn_h064,15005,train,240,,,240,8,-1.6304624179005622,30,0.0,240,53,0.0018153346925073321,0.015240482985973358,0,2,2,3.7966349000053015,2.0487684000108857,1.7478664999944158,2.0487684000108857,1.7478664999944158,7544f61e62b857de55fcd6c17c5151159b824ebf,1.8.0,36544a532d02876404ae4245dbfdbf54a902a017d06dc714fab7bef09253291c,True,3.12.13,2.12.0+cpu,2.4.6,1.2.3,3.1.0,2.1.0,3.2.7,,,,,,1.0,0.0,1.0,0.0,0.0,1.0,0.0,1.0,0.0,nan,nan,0.0,nan,0.0,0.0,nan,1.0,nan,nan,unsupported,821.6366666666668,900.0,neural,0.0,0.0,0.0,,,,,,,,,,,,,0.0326993052692463,0.26666666666666666,0.0,0.0,,,,,,,,,,,,,,,
reviewer1_temporal_interface_development,reviewer1_temporal_interface_development,configs/reviewer1_remaining/temporal_and_interface_development/matched_design.yaml,interface_C_state_high_level,SensorizedPyBulletUAVWaypoint-v0,SensorizedPyBulletUAVWaypoint-v0,native_gymnasium_observation,interface_dqn_h064,15004,train,30,,,30,1,-1.5335394380777145,30,0.0,30,0,nan,nan,0,0,2,0.25736429999233223,0.25736429999233223,0.0,0.25736429999233223,0.0,7544f61e62b857de55fcd6c17c5151159b824ebf,1.8.0,36544a532d02876404ae4245dbfdbf54a902a017d06dc714fab7bef09253291c,True,3.12.13,2.12.0+cpu,2.4.6,1.2.3,3.1.0,2.1.0,3.2.7,,,,,,1.0,0.0,1.0,0.1,-0.005000000000000002,1.0,0.0,0.26666666666666666,0.0,nan,nan,0.0,nan,0.0,0.0,nan,0.26666666666666666,nan,nan,unsupported,66.18666666666668,32.5,none,0.0,0.0,0.0,,,,,,,,,,,,,0.030353541734317938,0.23333333333333334,0.9,0.0,,,,,,,,,,,,,,,
reviewer1_temporal_interface_development,reviewer1_temporal_interface_development,configs/reviewer1_remaining/temporal_and_interface_development/matched_design.yaml,interface_C_state_high_level,SensorizedPyBulletUAVWaypoint-v0,SensorizedPyBulletUAVWaypoint-v0,native_gymnasium_observation,interface_dqn_h064,15004,train,60,,,60,2,-1.268082835318055,30,0.0,60,8,0.012474679155275226,0.016782065853476524,0,0,2,0.5500123999954667,0.5500123999954667,0.0,0.5500123999954667,0.0,7544f61e62b857de55fcd6c17c5151159b824ebf,1.8.0,36544a532d02876404ae4245dbfdbf54a902a017d06dc714fab7bef09253291c,True,3.12.13,2.12.0+cpu,2.4.6,1.2.3,3.1.0,2.1.0,3.2.7,,,,,,1.0,0.0,0.7333333333333333,0.23333333333333334,-0.01166666666666667,0.7,0.0,1.0,0.0,nan,nan,0.0,nan,0.3,0.3,nan,1.0,nan,nan,unsupported,242.8733333333333,52.55,neural,0.0,0.0,0.0,,,,,,,,,,,,,0.03040254709000389,0.26666666666666666,0.0,0.0,,,,,,,,,,,,,,,
reviewer1_temporal_interface_development,reviewer1_temporal_interface_development,configs/reviewer1_remaining/temporal_and_interface_development/matched_design.yaml,interface_C_state_high_level,SensorizedPyBulletUAVWaypoint-v0,SensorizedPyBulletUAVWaypoint-v0,native_gymnasium_observation,interface_dqn_h064,15004,train,90,,,90,3,-0.2843835033825599,30,0.0,90,15,0.010574718626836935,0.016782065853476524,0,0,2,0.8281382000131998,0.8281382000131998,0.0,0.8281382000131998,0.0,7544f61e62b857de55fcd6c17c5151159b824ebf,1.8.0,36544a532d02876404ae4245dbfdbf54a902a017d06dc714fab7bef09253291c,True,3.12.13,2.12.0+cpu,2.4.6,1.2.3,3.1.0,2.1.0,3.2.7,,,,,,1.0,0.0,0.0,0.1,-0.005000000000000002,0.6333333333333333,0.0,1.0,0.0,nan,nan,0.0,nan,0.36666666666666664,0.36666666666666664,nan,1.0,nan,nan,unsupported,456.72,49.05,neural,0.0,0.0,0.0,,,,,,,,,,,,,0.03420193533723553,0.2,0.0,0.0,,,,,,,,,,,,,,,
reviewer1_temporal_interface_development,reviewer1_temporal_interface_development,configs/reviewer1_remaining/temporal_and_interface_development/matched_design.yaml,interface_C_state_high_level,SensorizedPyBulletUAVWaypoint-v0,SensorizedPyBulletUAVWaypoint-v0,native_gymnasium_observation,interface_dqn_h064,15004,eval,120,120,-0.2672404481470585,120,1,-0.2672404481470585,30,0.0,120,23,0.009445609241400076,0.016782065853476524,0,1,2,1.9872943999944255,1.0992840999970213,0.8880102999974042,1.0992840999970213,0.8880102999974042,7544f61e62b857de55fcd6c17c5151159b824ebf,1.8.0,36544a532d02876404ae4245dbfdbf54a902a017d06dc714fab7bef09253291c,True,3.12.13,2.12.0+cpu,2.4.6,1.2.3,3.1.0,2.1.0,3.2.7,,,,,,1.0,0.0,0.0,0.0,0.0,1.0,0.0,1.0,0.0,nan,nan,0.0,nan,0.0,0.0,nan,1.0,nan,nan,unsupported,1083.996666666667,1079.25,neural,0.0,0.0,0.0,,,,,,,,,,,,,0.031347966349373264,0.13333333333333333,0.9666666666666667,0.0,nan,nan,2,nan,nan,nan,nan,unavailable,unavailable,unavailable,nan,nan,0.0,unavailable,nan
reviewer1_temporal_interface_development,reviewer1_temporal_interface_development,configs/reviewer1_remaining/temporal_and_interface_development/matched_design.yaml,interface_C_state_high_level,SensorizedPyBulletUAVWaypoint-v0,SensorizedPyBulletUAVWaypoint-v0,native_gymnasium_observation,interface_dqn_h064,15004,eval,120,120,-1.5055301241949204,120,2,-1.5055301241949204,30,0.0,120,23,0.009445609241400076,0.016782065853476524,0,1,2,1.9876004999969155,1.0995901999995112,0.8880102999974042,1.0995901999995112,0.8880102999974042,7544f61e62b857de55fcd6c17c5151159b824ebf,1.8.0,36544a532d02876404ae4245dbfdbf54a902a017d06dc714fab7bef09253291c,True,3.12.13,2.12.0+cpu,2.4.6,1.2.3,3.1.0,2.1.0,3.2.7,,,,,,1.0,0.0,0.8333333333333334,0.0,0.0,1.0,0.0,1.0,0.0,nan,nan,0.0,nan,0.0,0.0,nan,1.0,nan,nan,unsupported,1148.1866666666667,1147.75,neural,0.0,0.0,0.0,,,,,,,,,,,,,0.03038527366394798,0.23333333333333334,0.5333333333333333,0.0,nan,nan,2,nan,nan,nan,nan,unavailable,unavailable,unavailable,nan,nan,0.0,unavailable,nan
reviewer1_temporal_interface_development,reviewer1_temporal_interface_development,configs/reviewer1_remaining/temporal_and_interface_development/matched_design.yaml,interface_C_state_high_level,SensorizedPyBulletUAVWaypoint-v0,SensorizedPyBulletUAVWaypoint-v0,native_gymnasium_observation,interface_dqn_h064,15004,eval,120,120,-1.235800849548541,120,3,-1.235800849548541,30,0.0,120,23,0.009445609241400076,0.016782065853476524,0,1,2,1.9877492999949027,1.0997389999974985,0.8880102999974042,1.0997389999974985,0.8880102999974042,7544f61e62b857de55fcd6c17c5151159b824ebf,1.8.0,36544a532d02876404ae4245dbfdbf54a902a017d06dc714fab7bef09253291c,True,3.12.13,2.12.0+cpu,2.4.6,1.2.3,3.1.0,2.1.0,3.2.7,,,,,,1.0,0.0,0.8,0.0,0.0,1.0,0.0,1.0,0.0,nan,nan,0.0,nan,0.0,0.0,nan,1.0,nan,nan,unsupported,1010.3933333333333,997.95,neural,0.0,0.0,0.0,,,,,,,,,,,,,0.032355554215610025,0.13333333333333333,0.0,0.0,nan,nan,2,nan,nan,nan,nan,unavailable,unavailable,unavailable,nan,nan,0.0,unavailable,nan
reviewer1_temporal_interface_development,reviewer1_temporal_interface_development,configs/reviewer1_remaining/temporal_and_interface_development/matched_design.yaml,interface_C_state_high_level,SensorizedPyBulletUAVWaypoint-v0,SensorizedPyBulletUAVWaypoint-v0,native_gymnasium_observation,interface_dqn_h064,15004,train,120,,,120,4,-0.576277263573138,30,0.0,120,23,0.009445609241400076,0.016782065853476524,0,1,2,2.0042322000081185,1.1162219000107143,0.8880102999974042,1.1162219000107143,0.8880102999974042,7544f61e62b857de55fcd6c17c5151159b824ebf,1.8.0,36544a532d02876404ae4245dbfdbf54a902a017d06dc714fab7bef09253291c,True,3.12.13,2.12.0+cpu,2.4.6,1.2.3,3.1.0,2.1.0,3.2.7,,,,,,1.0,0.0,0.16666666666666666,0.06666666666666667,-0.0033333333333333344,0.7666666666666667,0.0,1.0,0.0,nan,nan,0.0,nan,0.23333333333333334,0.23333333333333334,nan,1.0,nan,nan,unsupported,427.43666666666667,52.25,neural,0.0,0.0,0.0,,,,,,,,,,,,,0.02968146385877238,0.2,0.36666666666666664,0.0,,,,,,,,,,,,,,,
reviewer1_temporal_interface_development,reviewer1_temporal_interface_development,configs/reviewer1_remaining/temporal_and_interface_development/matched_design.yaml,interface_C_state_high_level,SensorizedPyBulletUAVWaypoint-v0,SensorizedPyBulletUAVWaypoint-v0,native_gymnasium_observation,interface_dqn_h064,15004,train,150,,,150,5,-1.5567954607028518,30,0.0,150,30,0.008140426610286038,0.016782065853476524,0,1,2,2.2829733999969903,1.3949630999995861,0.8880102999974042,1.3949630999995861,0.8880102999974042,7544f61e62b857de55fcd6c17c5151159b824ebf,1.8.0,36544a532d02876404ae4245dbfdbf54a902a017d06dc714fab7bef09253291c,True,3.12.13,2.12.0+cpu,2.4.6,1.2.3,3.1.0,2.1.0,3.2.7,,,,,,1.0,0.0,1.0,0.1,-0.005000000000000002,0.9,0.0,1.0,0.0,nan,nan,0.0,nan,0.1,0.1,nan,1.0,nan,nan,unsupported,580.8066666666666,162.55,neural,0.0,0.0,0.0,,,,,,,,,,,,,0.029567541748595733,0.3333333333333333,0.0,0.0,,,,,,,,,,,,,,,
reviewer1_temporal_interface_development,reviewer1_temporal_interface_development,configs/reviewer1_remaining/temporal_and_interface_development/matched_design.yaml,interface_C_state_high_level,SensorizedPyBulletUAVWaypoint-v0,SensorizedPyBulletUAVWaypoint-v0,native_gymnasium_observation,interface_dqn_h064,15004,train,180,,,180,6,-0.29946923655457797,30,0.0,180,38,0.00705566031760291,0.016782065853476524,0,1,2,2.575880499993218,1.687870199995814,0.8880102999974042,1.687870199995814,0.8880102999974042,7544f61e62b857de55fcd6c17c5151159b824ebf,1.8.0,36544a532d02876404ae4245dbfdbf54a902a017d06dc714fab7bef09253291c,True,3.12.13,2.12.0+cpu,2.4.6,1.2.3,3.1.0,2.1.0,3.2.7,,,,,,1.0,0.0,0.0,0.03333333333333333,-0.0016666666666666672,0.8,0.0,1.0,0.0,nan,nan,0.0,nan,0.2,0.2,nan,1.0,nan,nan,unsupported,874.78,999.75,neural,0.0,0.0,0.0,,,,,,,,,,,,,0.033134060880790156,0.26666666666666666,0.4,0.0,,,,,,,,,,,,,,,
reviewer1_temporal_interface_development,reviewer1_temporal_interface_development,configs/reviewer1_remaining/temporal_and_interface_development/matched_design.yaml,interface_C_state_high_level,SensorizedPyBulletUAVWaypoint-v0,SensorizedPyBulletUAVWaypoint-v0,native_gymnasium_observation,interface_dqn_h064,15004,train,210,,,210,7,-1.401543297506869,30,0.0,210,45,0.006300052633095118,0.016782065853476524,0,1,2,2.8441042999911588,1.9560939999937546,0.8880102999974042,1.9560939999937546,0.8880102999974042,7544f61e62b857de55fcd6c17c5151159b824ebf,1.8.0,36544a532d02876404ae4245dbfdbf54a902a017d06dc714fab7bef09253291c,True,3.12.13,2.12.0+cpu,2.4.6,1.2.3,3.1.0,2.1.0,3.2.7,,,,,,1.0,0.0,1.0,0.03333333333333333,-0.0016666666666666672,0.8333333333333334,0.0,1.0,0.0,nan,nan,0.0,nan,0.16666666666666666,0.16666666666666666,nan,1.0,nan,nan,unsupported,700.6166666666666,819.4,neural,0.0,0.0,0.0,,,,,,,,,,,,,0.031821343240638574,0.23333333333333334,0.9666666666666667,0.0,,,,,,,,,,,,,,,
reviewer1_temporal_interface_development,reviewer1_temporal_interface_development,configs/reviewer1_remaining/temporal_and_interface_development/matched_design.yaml,interface_C_state_high_level,SensorizedPyBulletUAVWaypoint-v0,SensorizedPyBulletUAVWaypoint-v0,native_gymnasium_observation,interface_dqn_h064,15004,eval,240,240,-0.6317236252437578,240,1,-0.6317236252437578,30,0.0,240,53,0.00558066108255243,0.016782065853476524,0,2,2,4.009247200010577,2.2261569000256713,1.7830902999849059,2.2261569000256713,1.7830902999849059,7544f61e62b857de55fcd6c17c5151159b824ebf,1.8.0,36544a532d02876404ae4245dbfdbf54a902a017d06dc714fab7bef09253291c,True,3.12.13,2.12.0+cpu,2.4.6,1.2.3,3.1.0,2.1.0,3.2.7,,,,,,1.0,0.0,0.0,1.0,-0.05000000000000002,1.0,0.0,1.0,0.0,nan,nan,0.0,nan,0.0,0.0,nan,1.0,nan,nan,unsupported,1135.41,1072.4,neural,0.0,0.0,0.0,,,,,,,,,,,,,0.029502051261564095,0.3,0.0,0.0,nan,nan,6,nan,nan,nan,nan,unavailable,unavailable,unavailable,nan,nan,0.0,unavailable,nan
reviewer1_temporal_interface_development,reviewer1_temporal_interface_development,configs/reviewer1_remaining/temporal_and_interface_development/matched_design.yaml,interface_C_state_high_level,SensorizedPyBulletUAVWaypoint-v0,SensorizedPyBulletUAVWaypoint-v0,native_gymnasium_observation,interface_dqn_h064,15004,eval,240,240,-1.4243976003921124,240,2,-1.4243976003921124,30,0.0,240,53,0.00558066108255243,0.016782065853476524,0,2,2,4.009441700007301,2.226351400022395,1.7830902999849059,2.226351400022395,1.7830902999849059,7544f61e62b857de55fcd6c17c5151159b824ebf,1.8.0,36544a532d02876404ae4245dbfdbf54a902a017d06dc714fab7bef09253291c,True,3.12.13,2.12.0+cpu,2.4.6,1.2.3,3.1.0,2.1.0,3.2.7,,,,,,1.0,0.0,1.0,0.0,0.0,1.0,0.0,1.0,0.0,nan,nan,0.0,nan,0.0,0.0,nan,1.0,nan,nan,unsupported,1007.5999999999999,934.25,neural,0.0,0.0,0.0,,,,,,,,,,,,,0.026715002488344908,0.16666666666666666,0.3,0.0,nan,nan,4,nan,nan,nan,nan,unavailable,unavailable,unavailable,nan,nan,0.0,unavailable,nan
reviewer1_temporal_interface_development,reviewer1_temporal_interface_development,configs/reviewer1_remaining/temporal_and_interface_development/matched_design.yaml,interface_C_state_high_level,SensorizedPyBulletUAVWaypoint-v0,SensorizedPyBulletUAVWaypoint-v0,native_gymnasium_observation,interface_dqn_h064,15004,eval,240,240,-1.8157185599789956,240,3,-1.8157185599789956,30,0.0,240,53,0.00558066108255243,0.016782065853476524,0,2,2,4.009562499995809,2.226472200010903,1.7830902999849059,2.226472200010903,1.7830902999849059,7544f61e62b857de55fcd6c17c5151159b824ebf,1.8.0,36544a532d02876404ae4245dbfdbf54a902a017d06dc714fab7bef09253291c,True,3.12.13,2.12.0+cpu,2.4.6,1.2.3,3.1.0,2.1.0,3.2.7,,,,,,1.0,0.0,1.0,1.0,-0.05000000000000002,1.0,0.0,1.0,0.0,nan,nan,0.0,nan,0.0,0.0,nan,1.0,nan,nan,unsupported,1097.4666666666667,1059.8,neural,0.0,0.0,0.0,,,,,,,,,,,,,0.024871617576354765,0.26666666666666666,0.0,0.0,nan,nan,6,nan,nan,nan,nan,unavailable,unavailable,unavailable,nan,nan,0.0,unavailable,nan
reviewer1_temporal_interface_development,reviewer1_temporal_interface_development,configs/reviewer1_remaining/temporal_and_interface_development/matched_design.yaml,interface_C_state_high_level,SensorizedPyBulletUAVWaypoint-v0,SensorizedPyBulletUAVWaypoint-v0,native_gymnasium_observation,interface_dqn_h064,15004,train,240,,,240,8,-0.2831328054983168,30,0.0,240,53,0.00558066108255243,0.016782065853476524,0,2,2,4.011228799994569,2.2281385000096634,1.7830902999849059,2.2281385000096634,1.7830902999849059,7544f61e62b857de55fcd6c17c5151159b824ebf,1.8.0,36544a532d02876404ae4245dbfdbf54a902a017d06dc714fab7bef09253291c,True,3.12.13,2.12.0+cpu,2.4.6,1.2.3,3.1.0,2.1.0,3.2.7,,,,,,1.0,0.0,0.0,0.03333333333333333,-0.0016666666666666672,0.5666666666666667,0.0,1.0,0.0,nan,nan,0.0,nan,0.43333333333333335,0.43333333333333335,nan,1.0,nan,nan,unsupported,912.5133333333334,928.35,neural,0.0,0.0,0.0,,,,,,,,,,,,,0.03198809799117346,0.2,0.0,0.0,,,,,,,,,,,,,,,
reviewer1_temporal_interface_development,reviewer1_temporal_interface_development,configs/reviewer1_remaining/temporal_and_interface_development/matched_design.yaml,interface_C_state_high_level,SensorizedPyBulletUAVWaypoint-v0,SensorizedPyBulletUAVWaypoint-v0,native_gymnasium_observation,interface_dqn_h064,15005,train,30,,,30,1,-0.5902507596608484,30,0.0,30,0,nan,nan,0,0,2,0.24796680000144988,0.24796680000144988,0.0,0.24796680000144988,0.0,7544f61e62b857de55fcd6c17c5151159b824ebf,1.8.0,36544a532d02876404ae4245dbfdbf54a902a017d06dc714fab7bef09253291c,True,3.12.13,2.12.0+cpu,2.4.6,1.2.3,3.1.0,2.1.0,3.2.7,,,,,,1.0,0.0,0.16666666666666666,0.16666666666666666,-0.008333333333333335,1.0,0.0,0.0,0.0,nan,nan,0.0,nan,0.0,0.0,nan,0.0,nan,nan,unsupported,36.693333333333335,33.85,none,0.0,0.0,0.0,,,,,,,,,,,,,0.029827123026673993,0.16666666666666666,0.8666666666666667,0.0,,,,,,,,,,,,,,,
reviewer1_temporal_interface_development,reviewer1_temporal_interface_development,configs/reviewer1_remaining/temporal_and_interface_development/matched_design.yaml,interface_C_state_high_level,SensorizedPyBulletUAVWaypoint-v0,SensorizedPyBulletUAVWaypoint-v0,native_gymnasium_observation,interface_dqn_h064,15005,train,60,,,60,2,-1.503096634899266,30,0.0,60,8,0.011577012483030558,0.0181663166731596,0,0,2,0.5353619999950752,0.5353619999950752,0.0,0.5353619999950752,0.0,7544f61e62b857de55fcd6c17c5151159b824ebf,1.8.0,36544a532d02876404ae4245dbfdbf54a902a017d06dc714fab7bef09253291c,True,3.12.13,2.12.0+cpu,2.4.6,1.2.3,3.1.0,2.1.0,3.2.7,,,,,,1.0,0.0,1.0,0.1,-0.005000000000000002,1.0,0.0,0.6333333333333333,0.0,nan,nan,0.0,nan,0.0,0.0,nan,0.6333333333333333,nan,nan,unsupported,164.67999999999998,38.1,neural,0.0,0.0,0.0,,,,,,,,,,,,,0.03270100702842076,0.16666666666666666,0.0,0.0,,,,,,,,,,,,,,,
reviewer1_temporal_interface_development,reviewer1_temporal_interface_development,configs/reviewer1_remaining/temporal_and_interface_development/matched_design.yaml,interface_C_state_high_level,SensorizedPyBulletUAVWaypoint-v0,SensorizedPyBulletUAVWaypoint-v0,native_gymnasium_observation,interface_dqn_h064,15005,train,90,,,90,3,-1.5247703402955086,30,0.0,90,15,0.01066232326750954,0.0181663166731596,0,0,2,0.793482800014317,0.793482800014317,0.0,0.793482800014317,0.0,7544f61e62b857de55fcd6c17c5151159b824ebf,1.8.0,36544a532d02876404ae4245dbfdbf54a902a017d06dc714fab7bef09253291c,True,3.12.13,2.12.0+cpu,2.4.6,1.2.3,3.1.0,2.1.0,3.2.7,,,,,,1.0,0.0,1.0,0.1,-0.005000000000000002,0.7333333333333333,0.0,1.0,0.0,nan,nan,0.0,nan,0.26666666666666666,0.26666666666666666,nan,1.0,nan,nan,unsupported,280.2233333333333,45.75,neural,0.0,0.0,0.0,,,,,,,,,,,,,0.03227383859145145,0.26666666666666666,0.0,0.0,,,,,,,,,,,,,,,
reviewer1_temporal_interface_development,reviewer1_temporal_interface_development,configs/reviewer1_remaining/temporal_and_interface_development/matched_design.yaml,interface_C_state_high_level,SensorizedPyBulletUAVWaypoint-v0,SensorizedPyBulletUAVWaypoint-v0,native_gymnasium_observation,interface_dqn_h064,15005,eval,120,120,-0.44012392199831074,120,1,-0.44012392199831074,30,0.0,120,23,0.008941274946150572,0.0181663166731596,0,1,2,1.9446536999894306,1.0707592999970075,0.8738943999924231,1.0707592999970075,0.8738943999924231,7544f61e62b857de55fcd6c17c5151159b824ebf,1.8.0,36544a532d02876404ae4245dbfdbf54a902a017d06dc714fab7bef09253291c,True,3.12.13,2.12.0+cpu,2.4.6,1.2.3,3.1.0,2.1.0,3.2.7,,,,,,1.0,0.0,0.0,0.0,0.0,1.0,0.0,1.0,0.0,nan,nan,0.0,nan,0.0,0.0,nan,1.0,nan,nan,unsupported,1024.9066666666665,965.25,neural,0.0,0.0,0.0,,,,,,,,,,,,,0.02991048392529289,0.1,0.9666666666666667,0.0,nan,nan,5,nan,nan,nan,nan,unavailable,unavailable,unavailable,nan,nan,0.0,unavailable,nan
reviewer1_temporal_interface_development,reviewer1_temporal_interface_development,configs/reviewer1_remaining/temporal_and_interface_development/matched_design.yaml,interface_C_state_high_level,SensorizedPyBulletUAVWaypoint-v0,SensorizedPyBulletUAVWaypoint-v0,native_gymnasium_observation,interface_dqn_h064,15005,eval,120,120,-0.44056256929179655,120,2,-0.44056256929179655,30,0.0,120,23,0.008941274946150572,0.0181663166731596,0,1,2,1.9448903999873437,1.0709959999949206,0.8738943999924231,1.0709959999949206,0.8738943999924231,7544f61e62b857de55fcd6c17c5151159b824ebf,1.8.0,36544a532d02876404ae4245dbfdbf54a902a017d06dc714fab7bef09253291c,True,3.12.13,2.12.0+cpu,2.4.6,1.2.3,3.1.0,2.1.0,3.2.7,,,,,,1.0,0.0,0.0,0.0,0.0,1.0,0.0,1.0,0.0,nan,nan,0.0,nan,0.0,0.0,nan,1.0,nan,nan,unsupported,1131.4833333333333,1125.75,neural,0.0,0.0,0.0,,,,,,,,,,,,,0.0387745203760763,0.26666666666666666,0.9666666666666667,0.0,nan,nan,5,nan,nan,nan,nan,unavailable,unavailable,unavailable,nan,nan,0.0,unavailable,nan
reviewer1_temporal_interface_development,reviewer1_temporal_interface_development,configs/reviewer1_remaining/temporal_and_interface_development/matched_design.yaml,interface_C_state_high_level,SensorizedPyBulletUAVWaypoint-v0,SensorizedPyBulletUAVWaypoint-v0,native_gymnasium_observation,interface_dqn_h064,15005,eval,120,120,-1.594957863899181,120,3,-1.594957863899181,30,0.0,120,23,0.008941274946150572,0.0181663166731596,0,1,2,1.9450121000118088,1.0711177000193857,0.8738943999924231,1.0711177000193857,0.8738943999924231,7544f61e62b857de55fcd6c17c5151159b824ebf,1.8.0,36544a532d02876404ae4245dbfdbf54a902a017d06dc714fab7bef09253291c,True,3.12.13,2.12.0+cpu,2.4.6,1.2.3,3.1.0,2.1.0,3.2.7,,,,,,1.0,0.0,1.0,0.0,0.0,1.0,0.0,1.0,0.0,nan,nan,0.0,nan,0.0,0.0,nan,1.0,nan,nan,unsupported,1093.01,1037.3,neural,0.0,0.0,0.0,,,,,,,,,,,,,0.03061820302779476,0.13333333333333333,0.0,0.0,nan,nan,5,nan,nan,nan,nan,unavailable,unavailable,unavailable,nan,nan,0.0,unavailable,nan
reviewer1_temporal_interface_development,reviewer1_temporal_interface_development,configs/reviewer1_remaining/temporal_and_interface_development/matched_design.yaml,interface_C_state_high_level,SensorizedPyBulletUAVWaypoint-v0,SensorizedPyBulletUAVWaypoint-v0,native_gymnasium_observation,interface_dqn_h064,15005,train,120,,,120,4,-1.4718122772546482,30,0.0,120,23,0.008941274946150572,0.0181663166731596,0,1,2,1.9512278999900445,1.0773334999976214,0.8738943999924231,1.0773334999976214,0.8738943999924231,7544f61e62b857de55fcd6c17c5151159b824ebf,1.8.0,36544a532d02876404ae4245dbfdbf54a902a017d06dc714fab7bef09253291c,True,3.12.13,2.12.0+cpu,2.4.6,1.2.3,3.1.0,2.1.0,3.2.7,,,,,,1.0,0.0,0.8666666666666667,0.06666666666666667,-0.0033333333333333344,0.6,0.0,1.0,0.0,nan,nan,0.0,nan,0.4,0.4,nan,1.0,nan,nan,unsupported,504.06000000000006,82.1,neural,0.0,0.0,0.0,,,,,,,,,,,,,0.033674966109295684,0.1,1.0,0.0,,,,,,,,,,,,,,,
reviewer1_temporal_interface_development,reviewer1_temporal_interface_development,configs/reviewer1_remaining/temporal_and_interface_development/matched_design.yaml,interface_C_state_high_level,SensorizedPyBulletUAVWaypoint-v0,SensorizedPyBulletUAVWaypoint-v0,native_gymnasium_observation,interface_dqn_h064,15005,train,150,,,150,5,-1.5962958493293262,30,0.0,150,30,0.007424084106848265,0.0181663166731596,0,1,2,2.217800199985504,1.343905799993081,0.8738943999924231,1.343905799993081,0.8738943999924231,7544f61e62b857de55fcd6c17c5151159b824ebf,1.8.0,36544a532d02876404ae4245dbfdbf54a902a017d06dc714fab7bef09253291c,True,3.12.13,2.12.0+cpu,2.4.6,1.2.3,3.1.0,2.1.0,3.2.7,,,,,,1.0,0.0,1.0,0.2,-0.010000000000000004,0.9,0.0,1.0,0.0,nan,nan,0.0,nan,0.1,0.1,nan,1.0,nan,nan,unsupported,537.7033333333333,79.2,neural,0.0,0.0,0.0,,,,,,,,,,,,,0.03538091291363041,0.16666666666666666,0.0,0.0,,,,,,,,,,,,,,,
reviewer1_temporal_interface_development,reviewer1_temporal_interface_development,configs/reviewer1_remaining/temporal_and_interface_development/matched_design.yaml,interface_C_state_high_level,SensorizedPyBulletUAVWaypoint-v0,SensorizedPyBulletUAVWaypoint-v0,native_gymnasium_observation,interface_dqn_h064,15005,train,180,,,180,6,-1.658662814586424,30,0.0,180,38,0.0062632000082981235,0.0181663166731596,0,1,2,2.5131579999870155,1.6392635999945924,0.8738943999924231,1.6392635999945924,0.8738943999924231,7544f61e62b857de55fcd6c17c5151159b824ebf,1.8.0,36544a532d02876404ae4245dbfdbf54a902a017d06dc714fab7bef09253291c,True,3.12.13,2.12.0+cpu,2.4.6,1.2.3,3.1.0,2.1.0,3.2.7,,,,,,1.0,0.0,1.0,0.1,-0.005000000000000002,0.6666666666666666,0.0,1.0,0.0,nan,nan,0.0,nan,0.3333333333333333,0.3333333333333333,nan,1.0,nan,nan,unsupported,754.38,892.95,neural,0.0,0.0,0.0,,,,,,,,,,,,,0.027713637857959838,0.26666666666666666,0.0,0.0,,,,,,,,,,,,,,,
reviewer1_temporal_interface_development,reviewer1_temporal_interface_development,configs/reviewer1_remaining/temporal_and_interface_development/matched_design.yaml,interface_C_state_high_level,SensorizedPyBulletUAVWaypoint-v0,SensorizedPyBulletUAVWaypoint-v0,native_gymnasium_observation,interface_dqn_h064,15005,train,210,,,210,7,-1.6688662127498535,30,0.0,210,45,0.005505446525057777,0.0181663166731596,0,1,2,2.781813100009458,1.907918700017035,0.8738943999924231,1.907918700017035,0.8738943999924231,7544f61e62b857de55fcd6c17c5151159b824ebf,1.8.0,36544a532d02876404ae4245dbfdbf54a902a017d06dc714fab7bef09253291c,True,3.12.13,2.12.0+cpu,2.4.6,1.2.3,3.1.0,2.1.0,3.2.7,,,,,,1.0,0.0,1.0,0.0,0.0,0.7666666666666667,0.0,1.0,0.0,nan,nan,0.0,nan,0.23333333333333334,0.23333333333333334,nan,1.0,nan,nan,unsupported,869.5866666666666,906.25,neural,0.0,0.0,0.0,,,,,,,,,,,,,0.02654176400974393,0.26666666666666666,0.0,0.0,,,,,,,,,,,,,,,
reviewer1_temporal_interface_development,reviewer1_temporal_interface_development,configs/reviewer1_remaining/temporal_and_interface_development/matched_design.yaml,interface_C_state_high_level,SensorizedPyBulletUAVWaypoint-v0,SensorizedPyBulletUAVWaypoint-v0,native_gymnasium_observation,interface_dqn_h064,15005,eval,240,240,-1.6298533099982893,240,1,-1.6298533099982893,30,0.0,240,53,0.004861925435933408,0.0181663166731596,0,2,2,3.910645399999339,2.188186300016241,1.722459099983098,2.188186300016241,1.722459099983098,7544f61e62b857de55fcd6c17c5151159b824ebf,1.8.0,36544a532d02876404ae4245dbfdbf54a902a017d06dc714fab7bef09253291c,True,3.12.13,2.12.0+cpu,2.4.6,1.2.3,3.1.0,2.1.0,3.2.7,,,,,,1.0,0.0,1.0,0.0,0.0,1.0,0.0,1.0,0.0,nan,nan,0.0,nan,0.0,0.0,nan,1.0,nan,nan,unsupported,1157.48,1091.6,neural,0.0,0.0,0.0,,,,,,,,,,,,,0.03056435796121756,0.26666666666666666,0.0,0.0,nan,nan,2,nan,nan,nan,nan,unavailable,unavailable,unavailable,nan,nan,0.0,unavailable,nan
reviewer1_temporal_interface_development,reviewer1_temporal_interface_development,configs/reviewer1_remaining/temporal_and_interface_development/matched_design.yaml,interface_C_state_high_level,SensorizedPyBulletUAVWaypoint-v0,SensorizedPyBulletUAVWaypoint-v0,native_gymnasium_observation,interface_dqn_h064,15005,eval,240,240,-1.650705580385402,240,2,-1.650705580385402,30,0.0,240,53,0.004861925435933408,0.0181663166731596,0,2,2,3.910962499998277,2.188503400015179,1.722459099983098,2.188503400015179,1.722459099983098,7544f61e62b857de55fcd6c17c5151159b824ebf,1.8.0,36544a532d02876404ae4245dbfdbf54a902a017d06dc714fab7bef09253291c,True,3.12.13,2.12.0+cpu,2.4.6,1.2.3,3.1.0,2.1.0,3.2.7,,,,,,1.0,0.0,1.0,0.0,0.0,1.0,0.0,1.0,0.0,nan,nan,0.0,nan,0.0,0.0,nan,1.0,nan,nan,unsupported,1024.9466666666667,991.25,neural,0.0,0.0,0.0,,,,,,,,,,,,,0.027230444519470137,0.26666666666666666,0.0,0.0,nan,nan,2,nan,nan,nan,nan,unavailable,unavailable,unavailable,nan,nan,0.0,unavailable,nan
reviewer1_temporal_interface_development,reviewer1_temporal_interface_development,configs/reviewer1_remaining/temporal_and_interface_development/matched_design.yaml,interface_C_state_high_level,SensorizedPyBulletUAVWaypoint-v0,SensorizedPyBulletUAVWaypoint-v0,native_gymnasium_observation,interface_dqn_h064,15005,eval,240,240,-1.3401226535299795,240,3,-1.3401226535299795,30,0.0,240,53,0.004861925435933408,0.0181663166731596,0,2,2,3.911139000003459,2.188679900020361,1.722459099983098,2.188679900020361,1.722459099983098,7544f61e62b857de55fcd6c17c5151159b824ebf,1.8.0,36544a532d02876404ae4245dbfdbf54a902a017d06dc714fab7bef09253291c,True,3.12.13,2.12.0+cpu,2.4.6,1.2.3,3.1.0,2.1.0,3.2.7,,,,,,1.0,0.0,1.0,0.0,0.0,1.0,0.0,1.0,0.0,nan,nan,0.0,nan,0.0,0.0,nan,1.0,nan,nan,unsupported,973.8266666666665,961.6,neural,0.0,0.0,0.0,,,,,,,,,,,,,0.03329122805347045,0.06666666666666667,0.9666666666666667,0.0,nan,nan,0,nan,nan,nan,nan,unavailable,unavailable,unavailable,nan,nan,0.0,unavailable,nan
reviewer1_temporal_interface_development,reviewer1_temporal_interface_development,configs/reviewer1_remaining/temporal_and_interface_development/matched_design.yaml,interface_C_state_high_level,SensorizedPyBulletUAVWaypoint-v0,SensorizedPyBulletUAVWaypoint-v0,native_gymnasium_observation,interface_dqn_h064,15005,train,240,,,240,8,-1.290019657615339,30,0.0,240,53,0.004861925435933408,0.0181663166731596,0,2,2,3.9128352999978233,2.1903762000147253,1.722459099983098,2.1903762000147253,1.722459099983098,7544f61e62b857de55fcd6c17c5151159b824ebf,1.8.0,36544a532d02876404ae4245dbfdbf54a902a017d06dc714fab7bef09253291c,True,3.12.13,2.12.0+cpu,2.4.6,1.2.3,3.1.0,2.1.0,3.2.7,,,,,,1.0,0.0,0.8,0.0,0.0,0.8,0.0,1.0,0.0,nan,nan,0.0,nan,0.2,0.2,nan,1.0,nan,nan,unsupported,932.2466666666666,965.85,neural,0.0,0.0,0.0,,,,,,,,,,,,,0.03245083536021411,0.26666666666666666,0.0,0.0,,,,,,,,,,,,,,,
reviewer1_temporal_interface_development,reviewer1_temporal_interface_development,configs/reviewer1_remaining/temporal_and_interface_development/matched_design.yaml,interface_D_sensorized_low_level,SensorizedPyBulletUAVWaypoint-v0,SensorizedPyBulletUAVWaypoint-v0,native_gymnasium_observation,interface_dqn_h064,15004,train,30,,,30,1,-1.5487800478842113,30,0.0,30,0,nan,nan,0,0,2,0.210748399986187,0.210748399986187,0.0,0.210748399986187,0.0,7544f61e62b857de55fcd6c17c5151159b824ebf,1.8.0,36544a532d02876404ae4245dbfdbf54a902a017d06dc714fab7bef09253291c,True,3.12.13,2.12.0+cpu,2.4.6,1.2.3,3.1.0,2.1.0,3.2.7,,,,,,1.0,0.0,1.0,0.03333333333333333,-0.0016666666666666672,1.0,0.0,0.26666666666666666,0.0,nan,nan,0.0,nan,0.0,0.0,nan,0.26666666666666666,nan,nan,unsupported,65.33666666666667,28.95,none,0.0,0.0,0.0,,,,,,,,,,,,,0.030779587694754203,0.23333333333333334,0.9,0.0,,,,,,,,,,,,,,,
reviewer1_temporal_interface_development,reviewer1_temporal_interface_development,configs/reviewer1_remaining/temporal_and_interface_development/matched_design.yaml,interface_D_sensorized_low_level,SensorizedPyBulletUAVWaypoint-v0,SensorizedPyBulletUAVWaypoint-v0,native_gymnasium_observation,interface_dqn_h064,15004,train,60,,,60,2,-1.593522722669877,30,0.0,60,8,0.018312775064259768,0.02545190416276455,0,0,2,0.4408576999849174,0.4408576999849174,0.0,0.4408576999849174,0.0,7544f61e62b857de55fcd6c17c5151159b824ebf,1.8.0,36544a532d02876404ae4245dbfdbf54a902a017d06dc714fab7bef09253291c,True,3.12.13,2.12.0+cpu,2.4.6,1.2.3,3.1.0,2.1.0,3.2.7,,,,,,1.0,0.0,1.0,0.0,0.0,1.0,0.0,1.0,0.0,nan,nan,0.0,nan,0.0,0.0,nan,1.0,nan,nan,unsupported,196.93,36.95,neural,0.0,0.0,0.0,,,,,,,,,,,,,0.0302692921521763,0.26666666666666666,0.0,0.0,,,,,,,,,,,,,,,
reviewer1_temporal_interface_development,reviewer1_temporal_interface_development,configs/reviewer1_remaining/temporal_and_interface_development/matched_design.yaml,interface_D_sensorized_low_level,SensorizedPyBulletUAVWaypoint-v0,SensorizedPyBulletUAVWaypoint-v0,native_gymnasium_observation,interface_dqn_h064,15004,train,90,,,90,3,-0.32151923918165276,30,0.0,90,15,0.018130052462220193,0.02545190416276455,0,0,2,0.6829304999846499,0.6829304999846499,0.0,0.6829304999846499,0.0,7544f61e62b857de55fcd6c17c5151159b824ebf,1.8.0,36544a532d02876404ae4245dbfdbf54a902a017d06dc714fab7bef09253291c,True,3.12.13,2.12.0+cpu,2.4.6,1.2.3,3.1.0,2.1.0,3.2.7,,,,,,1.0,0.0,0.0,0.0,0.0,1.0,0.0,1.0,0.0,nan,nan,0.0,nan,0.0,0.0,nan,1.0,nan,nan,unsupported,479.43000000000006,56.5,neural,0.0,0.0,0.0,,,,,,,,,,,,,0.03478155229240656,0.2,0.0,0.0,,,,,,,,,,,,,,,
reviewer1_temporal_interface_development,reviewer1_temporal_interface_development,configs/reviewer1_remaining/temporal_and_interface_development/matched_design.yaml,interface_D_sensorized_low_level,SensorizedPyBulletUAVWaypoint-v0,SensorizedPyBulletUAVWaypoint-v0,native_gymnasium_observation,interface_dqn_h064,15004,eval,120,120,-0.6158695311238989,120,1,-0.6158695311238989,30,0.0,120,23,0.01673060469329357,0.02545190416276455,0,1,2,1.6980382000037935,0.9229949000000488,0.7750433000037447,0.9229949000000488,0.7750433000037447,7544f61e62b857de55fcd6c17c5151159b824ebf,1.8.0,36544a532d02876404ae4245dbfdbf54a902a017d06dc714fab7bef09253291c,True,3.12.13,2.12.0+cpu,2.4.6,1.2.3,3.1.0,2.1.0,3.2.7,,,,,,1.0,0.0,0.0,0.0,0.0,1.0,0.0,1.0,0.0,nan,nan,0.0,nan,0.0,0.0,nan,1.0,nan,nan,unsupported,1005.5633333333332,896.05,neural,0.0,0.0,0.0,,,,,,,,,,,,,0.03234221652771036,0.13333333333333333,0.9666666666666667,0.0,nan,nan,6,nan,nan,nan,nan,unavailable,unavailable,unavailable,nan,nan,0.0,unavailable,nan
reviewer1_temporal_interface_development,reviewer1_temporal_interface_development,configs/reviewer1_remaining/temporal_and_interface_development/matched_design.yaml,interface_D_sensorized_low_level,SensorizedPyBulletUAVWaypoint-v0,SensorizedPyBulletUAVWaypoint-v0,native_gymnasium_observation,interface_dqn_h064,15004,eval,120,120,-1.7612354377191513,120,2,-1.7612354377191513,30,0.0,120,23,0.01673060469329357,0.02545190416276455,0,1,2,1.6983718999836128,0.9233285999798682,0.7750433000037447,0.9233285999798682,0.7750433000037447,7544f61e62b857de55fcd6c17c5151159b824ebf,1.8.0,36544a532d02876404ae4245dbfdbf54a902a017d06dc714fab7bef09253291c,True,3.12.13,2.12.0+cpu,2.4.6,1.2.3,3.1.0,2.1.0,3.2.7,,,,,,1.0,0.0,0.9666666666666667,0.0,0.0,1.0,0.0,1.0,0.0,nan,nan,0.0,nan,0.0,0.0,nan,1.0,nan,nan,unsupported,1080.9166666666667,1029.1,neural,0.0,0.0,0.0,,,,,,,,,,,,,0.030996072106063366,0.23333333333333334,0.6333333333333333,0.0,nan,nan,6,nan,nan,nan,nan,unavailable,unavailable,unavailable,nan,nan,0.0,unavailable,nan
reviewer1_temporal_interface_development,reviewer1_temporal_interface_development,configs/reviewer1_remaining/temporal_and_interface_development/matched_design.yaml,interface_D_sensorized_low_level,SensorizedPyBulletUAVWaypoint-v0,SensorizedPyBulletUAVWaypoint-v0,native_gymnasium_observation,interface_dqn_h064,15004,eval,120,120,-1.786884712651372,120,3,-1.786884712651372,30,0.0,120,23,0.01673060469329357,0.02545190416276455,0,1,2,1.6985448999912478,0.9235015999875031,0.7750433000037447,0.9235015999875031,0.7750433000037447,7544f61e62b857de55fcd6c17c5151159b824ebf,1.8.0,36544a532d02876404ae4245dbfdbf54a902a017d06dc714fab7bef09253291c,True,3.12.13,2.12.0+cpu,2.4.6,1.2.3,3.1.0,2.1.0,3.2.7,,,,,,1.0,0.0,1.0,0.0,0.0,1.0,0.0,1.0,0.0,nan,nan,0.0,nan,0.0,0.0,nan,1.0,nan,nan,unsupported,1047.1333333333334,998.3,neural,0.0,0.0,0.0,,,,,,,,,,,,,0.03404378633325299,0.13333333333333333,0.0,0.0,nan,nan,23,nan,nan,nan,nan,unavailable,unavailable,unavailable,nan,nan,0.0,unavailable,nan
reviewer1_temporal_interface_development,reviewer1_temporal_interface_development,configs/reviewer1_remaining/temporal_and_interface_development/matched_design.yaml,interface_D_sensorized_low_level,SensorizedPyBulletUAVWaypoint-v0,SensorizedPyBulletUAVWaypoint-v0,native_gymnasium_observation,interface_dqn_h064,15004,train,120,,,120,4,-0.8147590092150497,30,0.0,120,23,0.01673060469329357,0.02545190416276455,0,1,2,1.7068314999924041,0.9317881999886595,0.7750433000037447,0.9317881999886595,0.7750433000037447,7544f61e62b857de55fcd6c17c5151159b824ebf,1.8.0,36544a532d02876404ae4245dbfdbf54a902a017d06dc714fab7bef09253291c,True,3.12.13,2.12.0+cpu,2.4.6,1.2.3,3.1.0,2.1.0,3.2.7,,,,,,1.0,0.0,0.3,0.03333333333333333,-0.0016666666666666672,1.0,0.0,1.0,0.0,nan,nan,0.0,nan,0.0,0.0,nan,1.0,nan,nan,unsupported,412.23333333333335,48.85,neural,0.0,0.0,0.0,,,,,,,,,,,,,0.029482950648768262,0.2,0.06666666666666667,0.0,,,,,,,,,,,,,,,
reviewer1_temporal_interface_development,reviewer1_temporal_interface_development,configs/reviewer1_remaining/temporal_and_interface_development/matched_design.yaml,interface_D_sensorized_low_level,SensorizedPyBulletUAVWaypoint-v0,SensorizedPyBulletUAVWaypoint-v0,native_gymnasium_observation,interface_dqn_h064,15004,train,150,,,150,5,-1.6955522861843928,30,0.0,150,30,0.014922582901393373,0.02545190416276455,0,1,2,1.9434171000029892,1.1683737999992445,0.7750433000037447,1.1683737999992445,0.7750433000037447,7544f61e62b857de55fcd6c17c5151159b824ebf,1.8.0,36544a532d02876404ae4245dbfdbf54a902a017d06dc714fab7bef09253291c,True,3.12.13,2.12.0+cpu,2.4.6,1.2.3,3.1.0,2.1.0,3.2.7,,,,,,1.0,0.0,1.0,0.06666666666666667,-0.0033333333333333344,1.0,0.0,1.0,0.0,nan,nan,0.0,nan,0.0,0.0,nan,1.0,nan,nan,unsupported,519.5166666666668,75.15,neural,0.0,0.0,0.0,,,,,,,,,,,,,0.029770401942854127,0.3333333333333333,0.0,0.0,,,,,,,,,,,,,,,
reviewer1_temporal_interface_development,reviewer1_temporal_interface_development,configs/reviewer1_remaining/temporal_and_interface_development/matched_design.yaml,interface_D_sensorized_low_level,SensorizedPyBulletUAVWaypoint-v0,SensorizedPyBulletUAVWaypoint-v0,native_gymnasium_observation,interface_dqn_h064,15004,train,180,,,180,6,-0.6254995576292277,30,0.0,180,38,0.012999431695789099,0.02545190416276455,0,1,2,2.184455499984324,1.4094121999805793,0.7750433000037447,1.4094121999805793,0.7750433000037447,7544f61e62b857de55fcd6c17c5151159b824ebf,1.8.0,36544a532d02876404ae4245dbfdbf54a902a017d06dc714fab7bef09253291c,True,3.12.13,2.12.0+cpu,2.4.6,1.2.3,3.1.0,2.1.0,3.2.7,,,,,,1.0,0.0,0.0,0.0,0.0,1.0,0.0,1.0,0.0,nan,nan,0.0,nan,0.0,0.0,nan,1.0,nan,nan,unsupported,689.9333333333332,813.6500000000001,neural,0.0,0.0,0.0,,,,,,,,,,,,,0.03293923223391175,0.26666666666666666,0.3333333333333333,0.0,,,,,,,,,,,,,,,
reviewer1_temporal_interface_development,reviewer1_temporal_interface_development,configs/reviewer1_remaining/temporal_and_interface_development/matched_design.yaml,interface_D_sensorized_low_level,SensorizedPyBulletUAVWaypoint-v0,SensorizedPyBulletUAVWaypoint-v0,native_gymnasium_observation,interface_dqn_h064,15004,train,210,,,210,7,-1.3352386482432486,30,0.0,210,45,0.011573017129881515,0.02545190416276455,0,1,2,2.417085599998245,1.6420422999945004,0.7750433000037447,1.6420422999945004,0.7750433000037447,7544f61e62b857de55fcd6c17c5151159b824ebf,1.8.0,36544a532d02876404ae4245dbfdbf54a902a017d06dc714fab7bef09253291c,True,3.12.13,2.12.0+cpu,2.4.6,1.2.3,3.1.0,2.1.0,3.2.7,,,,,,1.0,0.0,0.8333333333333334,0.06666666666666667,-0.0033333333333333344,1.0,0.0,1.0,0.0,nan,nan,0.0,nan,0.0,0.0,nan,1.0,nan,nan,unsupported,701.5400000000001,813.9,neural,0.0,0.0,0.0,,,,,,,,,,,,,0.031653244079401094,0.23333333333333334,0.9666666666666667,0.0,,,,,,,,,,,,,,,
reviewer1_temporal_interface_development,reviewer1_temporal_interface_development,configs/reviewer1_remaining/temporal_and_interface_development/matched_design.yaml,interface_D_sensorized_low_level,SensorizedPyBulletUAVWaypoint-v0,SensorizedPyBulletUAVWaypoint-v0,native_gymnasium_observation,interface_dqn_h064,15004,eval,240,240,-0.6761856769747101,240,1,-0.6761856769747101,30,0.0,240,53,0.010307957927854557,0.02545190416276455,0,2,2,3.433488499984378,1.8964306999696419,1.5370578000147361,1.8964306999696419,1.5370578000147361,7544f61e62b857de55fcd6c17c5151159b824ebf,1.8.0,36544a532d02876404ae4245dbfdbf54a902a017d06dc714fab7bef09253291c,True,3.12.13,2.12.0+cpu,2.4.6,1.2.3,3.1.0,2.1.0,3.2.7,,,,,,1.0,0.0,0.0,0.9666666666666667,-0.04833333333333335,1.0,0.0,1.0,0.0,nan,nan,0.0,nan,0.0,0.0,nan,1.0,nan,nan,unsupported,981.88,951.3499999999999,neural,0.0,0.0,0.0,,,,,,,,,,,,,0.03001336216305693,0.3,0.0,0.0,nan,nan,13,nan,nan,nan,nan,unavailable,unavailable,unavailable,nan,nan,0.0,unavailable,nan
reviewer1_temporal_interface_development,reviewer1_temporal_interface_development,configs/reviewer1_remaining/temporal_and_interface_development/matched_design.yaml,interface_D_sensorized_low_level,SensorizedPyBulletUAVWaypoint-v0,SensorizedPyBulletUAVWaypoint-v0,native_gymnasium_observation,interface_dqn_h064,15004,eval,240,240,-1.6898970489017664,240,2,-1.6898970489017664,30,0.0,240,53,0.010307957927854557,0.02545190416276455,0,2,2,3.433764399989741,1.8967065999750048,1.5370578000147361,1.8967065999750048,1.5370578000147361,7544f61e62b857de55fcd6c17c5151159b824ebf,1.8.0,36544a532d02876404ae4245dbfdbf54a902a017d06dc714fab7bef09253291c,True,3.12.13,2.12.0+cpu,2.4.6,1.2.3,3.1.0,2.1.0,3.2.7,,,,,,1.0,0.0,1.0,0.1,-0.005000000000000002,1.0,0.0,1.0,0.0,nan,nan,0.0,nan,0.0,0.0,nan,1.0,nan,nan,unsupported,984.2966666666667,961.55,neural,0.0,0.0,0.0,,,,,,,,,,,,,0.02664654568458597,0.16666666666666666,0.43333333333333335,0.0,nan,nan,2,nan,nan,nan,nan,unavailable,unavailable,unavailable,nan,nan,0.0,unavailable,nan
reviewer1_temporal_interface_development,reviewer1_temporal_interface_development,configs/reviewer1_remaining/temporal_and_interface_development/matched_design.yaml,interface_D_sensorized_low_level,SensorizedPyBulletUAVWaypoint-v0,SensorizedPyBulletUAVWaypoint-v0,native_gymnasium_observation,interface_dqn_h064,15004,eval,240,240,-1.7493502145959063,240,3,-1.7493502145959063,30,0.0,240,53,0.010307957927854557,0.02545190416276455,0,2,2,3.4339636999939103,1.8969058999791741,1.5370578000147361,1.8969058999791741,1.5370578000147361,7544f61e62b857de55fcd6c17c5151159b824ebf,1.8.0,36544a532d02876404ae4245dbfdbf54a902a017d06dc714fab7bef09253291c,True,3.12.13,2.12.0+cpu,2.4.6,1.2.3,3.1.0,2.1.0,3.2.7,,,,,,1.0,0.0,1.0,0.9666666666666667,-0.04833333333333335,1.0,0.0,1.0,0.0,nan,nan,0.0,nan,0.0,0.0,nan,1.0,nan,nan,unsupported,978.2933333333334,893.95,neural,0.0,0.0,0.0,,,,,,,,,,,,,0.02495131300626478,0.26666666666666666,0.0,0.0,nan,nan,13,nan,nan,nan,nan,unavailable,unavailable,unavailable,nan,nan,0.0,unavailable,nan
reviewer1_temporal_interface_development,reviewer1_temporal_interface_development,configs/reviewer1_remaining/temporal_and_interface_development/matched_design.yaml,interface_D_sensorized_low_level,SensorizedPyBulletUAVWaypoint-v0,SensorizedPyBulletUAVWaypoint-v0,native_gymnasium_observation,interface_dqn_h064,15004,train,240,,,240,8,-1.105258559160866,30,0.0,240,53,0.010307957927854557,0.02545190416276455,0,2,2,3.4385092000011355,1.9014513999863993,1.5370578000147361,1.9014513999863993,1.5370578000147361,7544f61e62b857de55fcd6c17c5151159b824ebf,1.8.0,36544a532d02876404ae4245dbfdbf54a902a017d06dc714fab7bef09253291c,True,3.12.13,2.12.0+cpu,2.4.6,1.2.3,3.1.0,2.1.0,3.2.7,,,,,,1.0,0.0,0.7666666666666667,0.13333333333333333,-0.006666666666666669,1.0,0.0,1.0,0.0,nan,nan,0.0,nan,0.0,0.0,nan,1.0,nan,nan,unsupported,1009.6166666666668,1015.7,neural,0.0,0.0,0.0,,,,,,,,,,,,,0.031735240994021294,0.2,0.0,0.0,,,,,,,,,,,,,,,
reviewer1_temporal_interface_development,reviewer1_temporal_interface_development,configs/reviewer1_remaining/temporal_and_interface_development/matched_design.yaml,interface_D_sensorized_low_level,SensorizedPyBulletUAVWaypoint-v0,SensorizedPyBulletUAVWaypoint-v0,native_gymnasium_observation,interface_dqn_h064,15005,train,30,,,30,1,-0.49999214906245476,30,0.0,30,0,nan,nan,0,0,2,0.1956138999958057,0.1956138999958057,0.0,0.1956138999958057,0.0,7544f61e62b857de55fcd6c17c5151159b824ebf,1.8.0,36544a532d02876404ae4245dbfdbf54a902a017d06dc714fab7bef09253291c,True,3.12.13,2.12.0+cpu,2.4.6,1.2.3,3.1.0,2.1.0,3.2.7,,,,,,1.0,0.0,0.03333333333333333,0.03333333333333333,-0.0016666666666666672,1.0,0.0,0.0,0.0,nan,nan,0.0,nan,0.0,0.0,nan,0.0,nan,nan,unsupported,36.556666666666665,28.75,none,0.0,0.0,0.0,,,,,,,,,,,,,0.03030656126017372,0.16666666666666666,0.8666666666666667,0.0,,,,,,,,,,,,,,,
reviewer1_temporal_interface_development,reviewer1_temporal_interface_development,configs/reviewer1_remaining/temporal_and_interface_development/matched_design.yaml,interface_D_sensorized_low_level,SensorizedPyBulletUAVWaypoint-v0,SensorizedPyBulletUAVWaypoint-v0,native_gymnasium_observation,interface_dqn_h064,15005,train,60,,,60,2,-1.4678566792421044,30,0.0,60,8,0.017418271047063172,0.031895045191049576,0,0,2,0.42098989998339675,0.42098989998339675,0.0,0.42098989998339675,0.0,7544f61e62b857de55fcd6c17c5151159b824ebf,1.8.0,36544a532d02876404ae4245dbfdbf54a902a017d06dc714fab7bef09253291c,True,3.12.13,2.12.0+cpu,2.4.6,1.2.3,3.1.0,2.1.0,3.2.7,,,,,,1.0,0.0,1.0,0.13333333333333333,-0.006666666666666669,1.0,0.0,0.6333333333333333,0.0,nan,nan,0.0,nan,0.0,0.0,nan,0.6333333333333333,nan,nan,unsupported,177.9066666666667,33.15,neural,0.0,0.0,0.0,,,,,,,,,,,,,0.032558212103322146,0.16666666666666666,0.0,0.0,,,,,,,,,,,,,,,
reviewer1_temporal_interface_development,reviewer1_temporal_interface_development,configs/reviewer1_remaining/temporal_and_interface_development/matched_design.yaml,interface_D_sensorized_low_level,SensorizedPyBulletUAVWaypoint-v0,SensorizedPyBulletUAVWaypoint-v0,native_gymnasium_observation,interface_dqn_h064,15005,train,90,,,90,3,-1.604618819844909,30,0.0,90,15,0.014000219323982795,0.031895045191049576,0,0,2,0.6523901000036858,0.6523901000036858,0.0,0.6523901000036858,0.0,7544f61e62b857de55fcd6c17c5151159b824ebf,1.8.0,36544a532d02876404ae4245dbfdbf54a902a017d06dc714fab7bef09253291c,True,3.12.13,2.12.0+cpu,2.4.6,1.2.3,3.1.0,2.1.0,3.2.7,,,,,,1.0,0.0,1.0,0.3,-0.015000000000000005,1.0,0.0,1.0,0.0,nan,nan,0.0,nan,0.0,0.0,nan,1.0,nan,nan,unsupported,264.23333333333335,39.6,neural,0.0,0.0,0.0,,,,,,,,,,,,,0.03225050962840517,0.26666666666666666,0.0,0.0,,,,,,,,,,,,,,,
reviewer1_temporal_interface_development,reviewer1_temporal_interface_development,configs/reviewer1_remaining/temporal_and_interface_development/matched_design.yaml,interface_D_sensorized_low_level,SensorizedPyBulletUAVWaypoint-v0,SensorizedPyBulletUAVWaypoint-v0,native_gymnasium_observation,interface_dqn_h064,15005,eval,120,120,-0.6548240288533271,120,1,-0.6548240288533271,30,0.0,120,23,0.01205712686414304,0.031895045191049576,0,1,2,1.6863810000068042,0.893424000008963,0.7929569999978412,0.893424000008963,0.7929569999978412,7544f61e62b857de55fcd6c17c5151159b824ebf,1.8.0,36544a532d02876404ae4245dbfdbf54a902a017d06dc714fab7bef09253291c,True,3.12.13,2.12.0+cpu,2.4.6,1.2.3,3.1.0,2.1.0,3.2.7,,,,,,1.0,0.0,0.36666666666666664,0.0,0.0,1.0,0.0,1.0,0.0,nan,nan,0.0,nan,0.0,0.0,nan,1.0,nan,nan,unsupported,986.7099999999999,878.95,neural,0.0,0.0,0.0,,,,,,,,,,,,,0.030956681227932374,0.1,0.9666666666666667,0.0,nan,nan,20,nan,nan,nan,nan,unavailable,unavailable,unavailable,nan,nan,0.0,unavailable,nan
reviewer1_temporal_interface_development,reviewer1_temporal_interface_development,configs/reviewer1_remaining/temporal_and_interface_development/matched_design.yaml,interface_D_sensorized_low_level,SensorizedPyBulletUAVWaypoint-v0,SensorizedPyBulletUAVWaypoint-v0,native_gymnasium_observation,interface_dqn_h064,15005,eval,120,120,-0.5644259104970842,120,2,-0.5644259104970842,30,0.0,120,23,0.01205712686414304,0.031895045191049576,0,1,2,1.686636600003112,0.8936796000052709,0.7929569999978412,0.8936796000052709,0.7929569999978412,7544f61e62b857de55fcd6c17c5151159b824ebf,1.8.0,36544a532d02876404ae4245dbfdbf54a902a017d06dc714fab7bef09253291c,True,3.12.13,2.12.0+cpu,2.4.6,1.2.3,3.1.0,2.1.0,3.2.7,,,,,,1.0,0.0,0.26666666666666666,0.03333333333333333,-0.0016666666666666672,1.0,0.0,1.0,0.0,nan,nan,0.0,nan,0.0,0.0,nan,1.0,nan,nan,unsupported,1035.1933333333334,993.8,neural,0.0,0.0,0.0,,,,,,,,,,,,,0.03669542378435532,0.26666666666666666,0.9666666666666667,0.0,nan,nan,20,nan,nan,nan,nan,unavailable,unavailable,unavailable,nan,nan,0.0,unavailable,nan
reviewer1_temporal_interface_development,reviewer1_temporal_interface_development,configs/reviewer1_remaining/temporal_and_interface_development/matched_design.yaml,interface_D_sensorized_low_level,SensorizedPyBulletUAVWaypoint-v0,SensorizedPyBulletUAVWaypoint-v0,native_gymnasium_observation,interface_dqn_h064,15005,eval,120,120,-1.474232081621886,120,3,-1.474232081621886,30,0.0,120,23,0.01205712686414304,0.031895045191049576,0,1,2,1.686760199983837,0.8938031999859959,0.7929569999978412,0.8938031999859959,0.7929569999978412,7544f61e62b857de55fcd6c17c5151159b824ebf,1.8.0,36544a532d02876404ae4245dbfdbf54a902a017d06dc714fab7bef09253291c,True,3.12.13,2.12.0+cpu,2.4.6,1.2.3,3.1.0,2.1.0,3.2.7,,,,,,1.0,0.0,1.0,0.0,0.0,1.0,0.0,1.0,0.0,nan,nan,0.0,nan,0.0,0.0,nan,1.0,nan,nan,unsupported,1016.0533333333334,1008.3,neural,0.0,0.0,0.0,,,,,,,,,,,,,0.03117652558721602,0.13333333333333333,0.0,0.0,nan,nan,20,nan,nan,nan,nan,unavailable,unavailable,unavailable,nan,nan,0.0,unavailable,nan
reviewer1_temporal_interface_development,reviewer1_temporal_interface_development,configs/reviewer1_remaining/temporal_and_interface_development/matched_design.yaml,interface_D_sensorized_low_level,SensorizedPyBulletUAVWaypoint-v0,SensorizedPyBulletUAVWaypoint-v0,native_gymnasium_observation,interface_dqn_h064,15005,train,120,,,120,4,-0.5291892760153861,30,0.0,120,23,0.01205712686414304,0.031895045191049576,0,1,2,1.6934541999944486,0.9004971999966074,0.7929569999978412,0.9004971999966074,0.7929569999978412,7544f61e62b857de55fcd6c17c5151159b824ebf,1.8.0,36544a532d02876404ae4245dbfdbf54a902a017d06dc714fab7bef09253291c,True,3.12.13,2.12.0+cpu,2.4.6,1.2.3,3.1.0,2.1.0,3.2.7,,,,,,1.0,0.0,0.16666666666666666,0.06666666666666667,-0.0033333333333333344,1.0,0.0,1.0,0.0,nan,nan,0.0,nan,0.0,0.0,nan,1.0,nan,nan,unsupported,411.8066666666667,62.75,neural,0.0,0.0,0.0,,,,,,,,,,,,,0.03428357963760694,0.1,1.0,0.0,,,,,,,,,,,,,,,
reviewer1_temporal_interface_development,reviewer1_temporal_interface_development,configs/reviewer1_remaining/temporal_and_interface_development/matched_design.yaml,interface_D_sensorized_low_level,SensorizedPyBulletUAVWaypoint-v0,SensorizedPyBulletUAVWaypoint-v0,native_gymnasium_observation,interface_dqn_h064,15005,train,150,,,150,5,-1.0264571251813321,30,0.0,150,30,0.01042228212269644,0.031895045191049576,0,1,2,1.9300441999803297,1.1370871999824885,0.7929569999978412,1.1370871999824885,0.7929569999978412,7544f61e62b857de55fcd6c17c5151159b824ebf,1.8.0,36544a532d02876404ae4245dbfdbf54a902a017d06dc714fab7bef09253291c,True,3.12.13,2.12.0+cpu,2.4.6,1.2.3,3.1.0,2.1.0,3.2.7,,,,,,1.0,0.0,0.5,0.0,0.0,1.0,0.0,1.0,0.0,nan,nan,0.0,nan,0.0,0.0,nan,1.0,nan,nan,unsupported,521.2166666666666,76.0,neural,0.0,0.0,0.0,,,,,,,,,,,,,0.0351678024046123,0.16666666666666666,0.0,0.0,,,,,,,,,,,,,,,
reviewer1_temporal_interface_development,reviewer1_temporal_interface_development,configs/reviewer1_remaining/temporal_and_interface_development/matched_design.yaml,interface_D_sensorized_low_level,SensorizedPyBulletUAVWaypoint-v0,SensorizedPyBulletUAVWaypoint-v0,native_gymnasium_observation,interface_dqn_h064,15005,train,180,,,180,6,-1.399358499571681,30,0.0,180,38,0.008849714239324001,0.031895045191049576,0,1,2,2.1685725999996066,1.3756156000017654,0.7929569999978412,1.3756156000017654,0.7929569999978412,7544f61e62b857de55fcd6c17c5151159b824ebf,1.8.0,36544a532d02876404ae4245dbfdbf54a902a017d06dc714fab7bef09253291c,True,3.12.13,2.12.0+cpu,2.4.6,1.2.3,3.1.0,2.1.0,3.2.7,,,,,,1.0,0.0,1.0,0.0,0.0,1.0,0.0,1.0,0.0,nan,nan,0.0,nan,0.0,0.0,nan,1.0,nan,nan,unsupported,645.6266666666668,826.85,neural,0.0,0.0,0.0,,,,,,,,,,,,,0.02974818047005101,0.26666666666666666,0.0,0.0,,,,,,,,,,,,,,,
reviewer1_temporal_interface_development,reviewer1_temporal_interface_development,configs/reviewer1_remaining/temporal_and_interface_development/matched_design.yaml,interface_D_sensorized_low_level,SensorizedPyBulletUAVWaypoint-v0,SensorizedPyBulletUAVWaypoint-v0,native_gymnasium_observation,interface_dqn_h064,15005,train,210,,,210,7,-1.6896299266256392,30,0.0,210,45,0.007881698625472685,0.031895045191049576,0,1,2,2.400717899989104,1.6077608999912627,0.7929569999978412,1.6077608999912627,0.7929569999978412,7544f61e62b857de55fcd6c17c5151159b824ebf,1.8.0,36544a532d02876404ae4245dbfdbf54a902a017d06dc714fab7bef09253291c,True,3.12.13,2.12.0+cpu,2.4.6,1.2.3,3.1.0,2.1.0,3.2.7,,,,,,1.0,0.0,0.9,0.0,0.0,1.0,0.0,1.0,0.0,nan,nan,0.0,nan,0.0,0.0,nan,1.0,nan,nan,unsupported,794.0499999999998,862.95,neural,0.0,0.0,0.0,,,,,,,,,,,,,0.027562415599822997,0.26666666666666666,0.0,0.0,,,,,,,,,,,,,,,
reviewer1_temporal_interface_development,reviewer1_temporal_interface_development,configs/reviewer1_remaining/temporal_and_interface_development/matched_design.yaml,interface_D_sensorized_low_level,SensorizedPyBulletUAVWaypoint-v0,SensorizedPyBulletUAVWaypoint-v0,native_gymnasium_observation,interface_dqn_h064,15005,eval,240,240,-1.2863724761735653,240,1,-1.2863724761735653,30,0.0,240,53,0.007060712144077527,0.031895045191049576,0,2,2,3.417438400007086,1.8558439000044018,1.561594500002684,1.8558439000044018,1.561594500002684,7544f61e62b857de55fcd6c17c5151159b824ebf,1.8.0,36544a532d02876404ae4245dbfdbf54a902a017d06dc714fab7bef09253291c,True,3.12.13,2.12.0+cpu,2.4.6,1.2.3,3.1.0,2.1.0,3.2.7,,,,,,1.0,0.0,0.8333333333333334,0.0,0.0,1.0,0.0,1.0,0.0,nan,nan,0.0,nan,0.0,0.0,nan,1.0,nan,nan,unsupported,996.7833333333335,984.05,neural,0.0,0.0,0.0,,,,,,,,,,,,,0.033064265890667834,0.26666666666666666,0.0,0.0,nan,nan,6,nan,nan,nan,nan,unavailable,unavailable,unavailable,nan,nan,0.0,unavailable,nan
reviewer1_temporal_interface_development,reviewer1_temporal_interface_development,configs/reviewer1_remaining/temporal_and_interface_development/matched_design.yaml,interface_D_sensorized_low_level,SensorizedPyBulletUAVWaypoint-v0,SensorizedPyBulletUAVWaypoint-v0,native_gymnasium_observation,interface_dqn_h064,15005,eval,240,240,-1.5808015162218358,240,2,-1.5808015162218358,30,0.0,240,53,0.007060712144077527,0.031895045191049576,0,2,2,3.41775989998132,1.8561653999786358,1.561594500002684,1.8561653999786358,1.561594500002684,7544f61e62b857de55fcd6c17c5151159b824ebf,1.8.0,36544a532d02876404ae4245dbfdbf54a902a017d06dc714fab7bef09253291c,True,3.12.13,2.12.0+cpu,2.4.6,1.2.3,3.1.0,2.1.0,3.2.7,,,,,,1.0,0.0,1.0,0.0,0.0,1.0,0.0,1.0,0.0,nan,nan,0.0,nan,0.0,0.0,nan,1.0,nan,nan,unsupported,903.5333333333333,853.2,neural,0.0,0.0,0.0,,,,,,,,,,,,,0.027981348506485423,0.26666666666666666,0.0,0.0,nan,nan,6,nan,nan,nan,nan,unavailable,unavailable,unavailable,nan,nan,0.0,unavailable,nan
reviewer1_temporal_interface_development,reviewer1_temporal_interface_development,configs/reviewer1_remaining/temporal_and_interface_development/matched_design.yaml,interface_D_sensorized_low_level,SensorizedPyBulletUAVWaypoint-v0,SensorizedPyBulletUAVWaypoint-v0,native_gymnasium_observation,interface_dqn_h064,15005,eval,240,240,-1.3724030160717668,240,3,-1.3724030160717668,30,0.0,240,53,0.007060712144077527,0.031895045191049576,0,2,2,3.417910499993013,1.8563159999903291,1.561594500002684,1.8563159999903291,1.561594500002684,7544f61e62b857de55fcd6c17c5151159b824ebf,1.8.0,36544a532d02876404ae4245dbfdbf54a902a017d06dc714fab7bef09253291c,True,3.12.13,2.12.0+cpu,2.4.6,1.2.3,3.1.0,2.1.0,3.2.7,,,,,,1.0,0.0,1.0,0.0,0.0,1.0,0.0,1.0,0.0,nan,nan,0.0,nan,0.0,0.0,nan,1.0,nan,nan,unsupported,980.0966666666667,931.65,neural,0.0,0.0,0.0,,,,,,,,,,,,,0.03497965456917882,0.06666666666666667,0.9666666666666667,0.0,nan,nan,17,nan,nan,nan,nan,unavailable,unavailable,unavailable,nan,nan,0.0,unavailable,nan
reviewer1_temporal_interface_development,reviewer1_temporal_interface_development,configs/reviewer1_remaining/temporal_and_interface_development/matched_design.yaml,interface_D_sensorized_low_level,SensorizedPyBulletUAVWaypoint-v0,SensorizedPyBulletUAVWaypoint-v0,native_gymnasium_observation,interface_dqn_h064,15005,train,240,,,240,8,-1.4488355419831351,30,0.0,240,53,0.007060712144077527,0.031895045191049576,0,2,2,3.4201805999909993,1.8585860999883153,1.561594500002684,1.8585860999883153,1.561594500002684,7544f61e62b857de55fcd6c17c5151159b824ebf,1.8.0,36544a532d02876404ae4245dbfdbf54a902a017d06dc714fab7bef09253291c,True,3.12.13,2.12.0+cpu,2.4.6,1.2.3,3.1.0,2.1.0,3.2.7,,,,,,1.0,0.0,1.0,0.0,0.0,1.0,0.0,1.0,0.0,nan,nan,0.0,nan,0.0,0.0,nan,1.0,nan,nan,unsupported,936.6866666666666,946.8,neural,0.0,0.0,0.0,,,,,,,,,,,,,0.032252049655653536,0.26666666666666666,0.0,0.0,,,,,,,,,,,,,,,
