experiment_name,experiment,config_file,environment,environment_id,resolved_environment_id,observation_representation,agent,seed,phase,train_steps,eval_checkpoint,eval_return,checkpoint,episode,return,length,success,environment_steps,gradient_updates,training_loss_mean,training_loss_max,nonfinite_loss_count,completed_checkpoint_count,expected_checkpoint_count,elapsed_seconds,training_elapsed_seconds,evaluation_elapsed_seconds,wall_clock_training_time,wall_clock_evaluation_time,git_commit_hash,package_version,source_snapshot_sha256,execution_inputs_clean,python_version,torch_version,numpy_version,gymnasium_version,minigrid_version,gym_pybullet_drones_version,pybullet_version,mean_gate,support_abstention_rate,global_tabular_error,global_neural_error,visited_states,failure_rate,collision_rate,risk_zone_rate,idle_rate,risk_adjusted_score,unsupported_state_ratio,memory_branch_usage_ratio,neural_branch_usage_ratio,abstention_ratio,adaptive_alpha_mean,adaptive_alpha_iqr,support_score_mean,uncertainty_score_mean,exact_support_coverage,approximate_support_coverage,fuzzy_gate_active_rate,neural_only_fallback_rate,out_of_fuzzy_support_count,out_of_fuzzy_support_ratio,support_status,inference_time_us_per_decision_mean,inference_time_us_per_decision_median,selected_branch,memory_cost_states,memory_cost_entries,memory_cost_bytes_estimated,localization_error_mean,sensor_dropout_rate,camera_visible_rate,motor_saturation_rate,tabular_greedy_action,neural_greedy_action,mixed_selected_action,optimal_action,tabular_action_correct,neural_action_correct,relative_reliability_score,predicted_better_branch,actually_better_branch,actually_better_branch_value,tabular_q_error,neural_q_error,post_shift,shift_region,steps_since_shift
reviewer1_transition_dynamics_shift_smoke,reviewer1_transition_dynamics_shift_smoke,configs/reviewer1_remaining/smoke/transition_dynamics_shift.yaml,Reviewer1-transition-dynamics-shift-smoke,Reviewer1TransitionDynamicsShift-v0,Reviewer1TransitionDynamicsShift-v0,native_gymnasium_observation,count_gated_tau_20,11000,train,160,,,160,1,-1.9400000000000015,160,0.0,160,0,nan,nan,0,0,3,0.249941599999147,0.249941599999147,0.0,0.249941599999147,0.0,b240632d76bfe6919b44416ecd12239cbcb93cea,1.8.0,cde18190c3c8d2f5e97799ac5572ab19fe5ea4929fd0422da19b385b1d617f1e,True,3.14.3,2.11.0+cpu,2.4.3,1.3.0,3.1.0,not-installed,not-installed,0.0,0.0,1.0,1.0,16.0,1.0,0.0,0.0,0.0,0.0,1.0,0.0,0.0,0.0,nan,nan,0.0,nan,0.0,0.0,nan,0.0,nan,nan,unsupported,27.076249999999998,23.200000000000003,none,16.0,64.0,640.0,nan,0.0,0.0,nan,,,,,,,,,,,,,,,
reviewer1_transition_dynamics_shift_smoke,reviewer1_transition_dynamics_shift_smoke,configs/reviewer1_remaining/smoke/transition_dynamics_shift.yaml,Reviewer1-transition-dynamics-shift-smoke,Reviewer1TransitionDynamicsShift-v0,Reviewer1TransitionDynamicsShift-v0,native_gymnasium_observation,count_gated_tau_20,11000,train,320,,,320,2,-1.9600000000000015,160,0.0,320,0,nan,nan,0,0,3,0.5088978999992833,0.5088978999992833,0.0,0.5088978999992833,0.0,b240632d76bfe6919b44416ecd12239cbcb93cea,1.8.0,cde18190c3c8d2f5e97799ac5572ab19fe5ea4929fd0422da19b385b1d617f1e,True,3.14.3,2.11.0+cpu,2.4.3,1.3.0,3.1.0,not-installed,not-installed,0.18055555555555555,0.0,1.0,1.0,56.0,1.0,0.0,0.0,0.0,0.0,0.9375,0.018229166666666664,0.5005208333333334,0.0,nan,nan,0.02145129481952446,nan,0.0625,0.0625,nan,0.45625,nan,nan,unsupported,43.953125,21.8,neural,56.0,224.0,2240.0,nan,0.0,0.0,nan,,,,,,,,,,,,,,,
reviewer1_transition_dynamics_shift_smoke,reviewer1_transition_dynamics_shift_smoke,configs/reviewer1_remaining/smoke/transition_dynamics_shift.yaml,Reviewer1-transition-dynamics-shift-smoke,Reviewer1TransitionDynamicsShift-v0,Reviewer1TransitionDynamicsShift-v0,native_gymnasium_observation,count_gated_tau_20,11000,train,480,,,480,3,-2.0100000000000016,160,0.0,480,0,nan,nan,0,0,3,0.7923479000019142,0.7923479000019142,0.0,0.7923479000019142,0.0,b240632d76bfe6919b44416ecd12239cbcb93cea,1.8.0,cde18190c3c8d2f5e97799ac5572ab19fe5ea4929fd0422da19b385b1d617f1e,True,3.14.3,2.11.0+cpu,2.4.3,1.3.0,3.1.0,not-installed,not-installed,0.11810359025032939,0.0,1.0,1.0,82.0,1.0,0.0,0.0,0.0,0.0,0.01875,0.10351202239789199,0.8964879776021082,0.0,nan,nan,0.10936175477201768,nan,0.98125,0.98125,nan,0.01875,nan,nan,exact,40.76625,22.8,neural,82.0,328.0,3280.0,nan,0.0,0.0,nan,,,,,,,,,,,,,,,
reviewer1_transition_dynamics_shift_smoke,reviewer1_transition_dynamics_shift_smoke,configs/reviewer1_remaining/smoke/transition_dynamics_shift.yaml,Reviewer1-transition-dynamics-shift-smoke,Reviewer1TransitionDynamicsShift-v0,Reviewer1TransitionDynamicsShift-v0,native_gymnasium_observation,count_gated_tau_20,11000,train,640,,,640,4,-2.0900000000000003,160,0.0,640,9,0.0019199834593261282,0.004236951470375061,0,0,3,1.024828299996443,1.024828299996443,0.0,1.024828299996443,0.0,b240632d76bfe6919b44416ecd12239cbcb93cea,1.8.0,cde18190c3c8d2f5e97799ac5572ab19fe5ea4929fd0422da19b385b1d617f1e,True,3.14.3,2.11.0+cpu,2.4.3,1.3.0,3.1.0,not-installed,not-installed,0.13658088954190903,0.0,1.0,1.0,98.0,1.0,0.0,0.0,0.0,0.0,0.04375,0.09230404465599366,0.9076959553440064,0.0,nan,nan,0.10055977186209202,nan,0.95625,0.95625,nan,0.04375,nan,nan,exact,46.6575,22.55,neural,98.0,392.0,3920.0,nan,0.0,0.0,nan,,,,,,,,,,,,,,,
reviewer1_transition_dynamics_shift_smoke,reviewer1_transition_dynamics_shift_smoke,configs/reviewer1_remaining/smoke/transition_dynamics_shift.yaml,Reviewer1-transition-dynamics-shift-smoke,Reviewer1TransitionDynamicsShift-v0,Reviewer1TransitionDynamicsShift-v0,native_gymnasium_observation,count_gated_tau_20,11000,train,800,,,800,5,-1.9400000000000015,160,0.0,800,19,0.0012072503098017094,0.004236951470375061,0,0,3,1.2928468999962206,1.2928468999962206,0.0,1.2928468999962206,0.0,b240632d76bfe6919b44416ecd12239cbcb93cea,1.8.0,cde18190c3c8d2f5e97799ac5572ab19fe5ea4929fd0422da19b385b1d617f1e,True,3.14.3,2.11.0+cpu,2.4.3,1.3.0,3.1.0,not-installed,not-installed,0.15243520913489225,0.0,1.0,1.0,120.0,1.0,0.0,0.0,0.0,0.0,0.14375,0.17415034562211984,0.8258496543778803,0.0,nan,nan,0.19804455902791512,nan,0.85625,0.85625,nan,0.14375,nan,nan,exact,63.45062499999999,23.3,neural,120.0,480.0,4800.0,nan,0.0,0.0,nan,,,,,,,,,,,,,,,
reviewer1_transition_dynamics_shift_smoke,reviewer1_transition_dynamics_shift_smoke,configs/reviewer1_remaining/smoke/transition_dynamics_shift.yaml,Reviewer1-transition-dynamics-shift-smoke,Reviewer1TransitionDynamicsShift-v0,Reviewer1TransitionDynamicsShift-v0,native_gymnasium_observation,count_gated_tau_20,11000,train,960,,,960,6,-1.9800000000000013,160,0.0,960,29,0.0009178177394366277,0.004236951470375061,0,0,3,1.6128186999994796,1.6128186999994796,0.0,1.6128186999994796,0.0,b240632d76bfe6919b44416ecd12239cbcb93cea,1.8.0,cde18190c3c8d2f5e97799ac5572ab19fe5ea4929fd0422da19b385b1d617f1e,True,3.14.3,2.11.0+cpu,2.4.3,1.3.0,3.1.0,not-installed,not-installed,0.13022185461755217,0.0,1.0,1.0,164.0,1.0,0.0,0.0,0.0,0.0,0.13125,0.07751071246425385,0.9224892875357462,0.0,nan,nan,0.08370884868665389,nan,0.86875,0.86875,nan,0.13125,nan,nan,exact,50.995000000000005,23.200000000000003,neural,164.0,656.0,6560.0,nan,0.0,0.0,nan,,,,,,,,,,,,,,,
reviewer1_transition_dynamics_shift_smoke,reviewer1_transition_dynamics_shift_smoke,configs/reviewer1_remaining/smoke/transition_dynamics_shift.yaml,Reviewer1-transition-dynamics-shift-smoke,Reviewer1TransitionDynamicsShift-v0,Reviewer1TransitionDynamicsShift-v0,native_gymnasium_observation,count_gated_tau_20,11000,train,1120,,,1120,7,-2.1599999999999997,160,0.0,1120,39,0.0007140498684095339,0.004236951470375061,0,0,3,1.8611330999992788,1.8611330999992788,0.0,1.8611330999992788,0.0,b240632d76bfe6919b44416ecd12239cbcb93cea,1.8.0,cde18190c3c8d2f5e97799ac5572ab19fe5ea4929fd0422da19b385b1d617f1e,True,3.14.3,2.11.0+cpu,2.4.3,1.3.0,3.1.0,not-installed,not-installed,0.13164906129692347,0.0,1.0,1.0,188.0,1.0,0.0,0.0,0.0,0.0,0.54375,0.07144230769230771,0.9285576923076924,0.0,nan,nan,0.07837626950114107,nan,0.45625,0.45625,nan,0.54375,nan,nan,unsupported,48.341875,21.85,neural,188.0,752.0,7520.0,nan,0.0,0.0,nan,,,,,,,,,,,,,,,
reviewer1_transition_dynamics_shift_smoke,reviewer1_transition_dynamics_shift_smoke,configs/reviewer1_remaining/smoke/transition_dynamics_shift.yaml,Reviewer1-transition-dynamics-shift-smoke,Reviewer1TransitionDynamicsShift-v0,Reviewer1TransitionDynamicsShift-v0,native_gymnasium_observation,count_gated_tau_20,11000,train,1280,,,1280,8,-2.010000000000001,160,0.0,1280,49,0.0005852175637876511,0.004236951470375061,0,0,3,2.2816989999992074,2.2816989999992074,0.0,2.2816989999992074,0.0,b240632d76bfe6919b44416ecd12239cbcb93cea,1.8.0,cde18190c3c8d2f5e97799ac5572ab19fe5ea4929fd0422da19b385b1d617f1e,True,3.14.3,2.11.0+cpu,2.4.3,1.3.0,3.1.0,not-installed,not-installed,0.15904057611973374,0.0,1.0,1.0,207.0,1.0,0.0,0.0,0.0,0.0,0.0,0.2300557401038043,0.7699442598961955,0.0,nan,nan,0.2626000349078095,nan,1.0,1.0,nan,0.0,nan,nan,exact,81.3375,24.15,neural,207.0,828.0,8280.0,nan,0.0,0.0,nan,,,,,,,,,,,,,,,
reviewer1_transition_dynamics_shift_smoke,reviewer1_transition_dynamics_shift_smoke,configs/reviewer1_remaining/smoke/transition_dynamics_shift.yaml,Reviewer1-transition-dynamics-shift-smoke,Reviewer1TransitionDynamicsShift-v0,Reviewer1TransitionDynamicsShift-v0,native_gymnasium_observation,count_gated_tau_20,11000,train,1440,,,1440,9,-2.0000000000000013,160,0.0,1440,59,0.0004960346120504378,0.004236951470375061,0,0,3,2.5149520999984816,2.5149520999984816,0.0,2.5149520999984816,0.0,b240632d76bfe6919b44416ecd12239cbcb93cea,1.8.0,cde18190c3c8d2f5e97799ac5572ab19fe5ea4929fd0422da19b385b1d617f1e,True,3.14.3,2.11.0+cpu,2.4.3,1.3.0,3.1.0,not-installed,not-installed,0.16109817946479213,0.0,1.0,1.0,229.0,1.0,0.0,0.0,0.0,0.0,0.15,0.1747083266402513,0.8252916733597487,0.0,nan,nan,0.19900483056949306,nan,0.85,0.85,nan,0.15,nan,nan,exact,60.41187500000001,22.0,neural,229.0,916.0,9160.0,nan,0.0,0.0,nan,,,,,,,,,,,,,,,
reviewer1_transition_dynamics_shift_smoke,reviewer1_transition_dynamics_shift_smoke,configs/reviewer1_remaining/smoke/transition_dynamics_shift.yaml,Reviewer1-transition-dynamics-shift-smoke,Reviewer1TransitionDynamicsShift-v0,Reviewer1TransitionDynamicsShift-v0,native_gymnasium_observation,count_gated_tau_20,11000,train,1526,,,1526,10,0.01999999999999935,86,1.0,1526,64,0.00046048678677834687,0.004236951470375061,0,0,3,2.6162538999997196,2.6162538999997196,0.0,2.6162538999997196,0.0,b240632d76bfe6919b44416ecd12239cbcb93cea,1.8.0,cde18190c3c8d2f5e97799ac5572ab19fe5ea4929fd0422da19b385b1d617f1e,True,3.14.3,2.11.0+cpu,2.4.3,1.3.0,3.1.0,not-installed,not-installed,0.15966949868186886,0.0,1.0,1.0,245.0,0.0,0.0,0.0,0.0,1.0,0.4186046511627907,0.10544660092182839,0.8945533990781712,0.0,nan,nan,0.11941418018869451,nan,0.5813953488372093,0.5813953488372093,nan,0.4186046511627907,nan,nan,exact,62.49651162790698,20.700000000000003,neural,245.0,980.0,9800.0,nan,0.0,0.0,nan,,,,,,,,,,,,,,,
reviewer1_transition_dynamics_shift_smoke,reviewer1_transition_dynamics_shift_smoke,configs/reviewer1_remaining/smoke/transition_dynamics_shift.yaml,Reviewer1-transition-dynamics-shift-smoke,Reviewer1TransitionDynamicsShift-v0,Reviewer1TransitionDynamicsShift-v0,native_gymnasium_observation,count_gated_tau_20,11000,train,1582,,,1582,11,0.35999999999999965,56,1.0,1582,67,0.0004412767524790165,0.004236951470375061,0,0,3,2.7229071999972803,2.7229071999972803,0.0,2.7229071999972803,0.0,b240632d76bfe6919b44416ecd12239cbcb93cea,1.8.0,cde18190c3c8d2f5e97799ac5572ab19fe5ea4929fd0422da19b385b1d617f1e,True,3.14.3,2.11.0+cpu,2.4.3,1.3.0,3.1.0,not-installed,not-installed,0.15197658420162607,0.0,1.0,1.0,267.0,0.0,0.0,0.0,0.0,1.0,0.0,0.0826409615229491,0.9173590384770509,0.0,nan,nan,0.08690654680511659,nan,1.0,1.0,nan,0.0,nan,nan,exact,90.83928571428571,28.8,neural,267.0,1068.0,10680.0,nan,0.0,0.0,nan,,,,,,,,,,,,,,,
reviewer1_transition_dynamics_shift_smoke,reviewer1_transition_dynamics_shift_smoke,configs/reviewer1_remaining/smoke/transition_dynamics_shift.yaml,Reviewer1-transition-dynamics-shift-smoke,Reviewer1TransitionDynamicsShift-v0,Reviewer1TransitionDynamicsShift-v0,native_gymnasium_observation,count_gated_tau_20,11000,train,1742,,,1742,12,-2.0500000000000003,160,0.0,1742,77,0.0003881167275095948,0.004236951470375061,0,0,3,3.0626035000022966,3.0626035000022966,0.0,3.0626035000022966,0.0,b240632d76bfe6919b44416ecd12239cbcb93cea,1.8.0,cde18190c3c8d2f5e97799ac5572ab19fe5ea4929fd0422da19b385b1d617f1e,True,3.14.3,2.11.0+cpu,2.4.3,1.3.0,3.1.0,not-installed,not-installed,0.15984603831565247,0.0,1.0,1.0,286.0,1.0,0.0,0.0,0.0,0.0,0.06875,0.16152085527085527,0.8384791447291446,0.0,nan,nan,0.1816416664593378,nan,0.93125,0.93125,nan,0.06875,nan,nan,exact,69.66624999999999,27.200000000000003,neural,286.0,1144.0,11440.0,nan,0.0,0.0,nan,,,,,,,,,,,,,,,
reviewer1_transition_dynamics_shift_smoke,reviewer1_transition_dynamics_shift_smoke,configs/reviewer1_remaining/smoke/transition_dynamics_shift.yaml,Reviewer1-transition-dynamics-shift-smoke,Reviewer1TransitionDynamicsShift-v0,Reviewer1TransitionDynamicsShift-v0,native_gymnasium_observation,count_gated_tau_20,11000,train,1779,,,1779,13,0.5399999999999998,37,1.0,1779,80,0.0005646417609113996,0.01521733682602644,0,0,3,3.1221175999962725,3.1221175999962725,0.0,3.1221175999962725,0.0,b240632d76bfe6919b44416ecd12239cbcb93cea,1.8.0,cde18190c3c8d2f5e97799ac5572ab19fe5ea4929fd0422da19b385b1d617f1e,True,3.14.3,2.11.0+cpu,2.4.3,1.3.0,3.1.0,not-installed,not-installed,0.158689000631964,0.0,1.0,1.0,300.0,0.0,0.0,0.0,0.0,1.0,0.0,0.274476912549768,0.7255230874502321,0.0,nan,nan,0.3321929202346836,nan,1.0,1.0,nan,0.0,nan,nan,exact,57.47837837837839,25.0,neural,300.0,1200.0,12000.0,nan,0.0,0.0,nan,,,,,,,,,,,,,,,
reviewer1_transition_dynamics_shift_smoke,reviewer1_transition_dynamics_shift_smoke,configs/reviewer1_remaining/smoke/transition_dynamics_shift.yaml,Reviewer1-transition-dynamics-shift-smoke,Reviewer1TransitionDynamicsShift-v0,Reviewer1TransitionDynamicsShift-v0,native_gymnasium_observation,count_gated_tau_20,11000,train,1832,,,1832,14,0.34999999999999964,53,1.0,1832,83,0.0005474837665363349,0.01521733682602644,0,0,3,3.202463000001444,3.202463000001444,0.0,3.202463000001444,0.0,b240632d76bfe6919b44416ecd12239cbcb93cea,1.8.0,cde18190c3c8d2f5e97799ac5572ab19fe5ea4929fd0422da19b385b1d617f1e,True,3.14.3,2.11.0+cpu,2.4.3,1.3.0,3.1.0,not-installed,not-installed,0.1567847007562884,0.0,1.0,1.0,314.0,0.0,0.0,0.0,0.0,1.0,0.0,0.09762100082034453,0.9023789991796555,0.0,nan,nan,0.10342503471477651,nan,1.0,1.0,nan,0.0,nan,nan,exact,60.71886792452829,24.5,neural,314.0,1256.0,12560.0,nan,0.0,0.0,nan,,,,,,,,,,,,,,,
reviewer1_transition_dynamics_shift_smoke,reviewer1_transition_dynamics_shift_smoke,configs/reviewer1_remaining/smoke/transition_dynamics_shift.yaml,Reviewer1-transition-dynamics-shift-smoke,Reviewer1TransitionDynamicsShift-v0,Reviewer1TransitionDynamicsShift-v0,native_gymnasium_observation,count_gated_tau_20,11000,train,1992,,,1992,15,-2.0300000000000007,160,0.0,1992,93,0.0004964683490881373,0.01521733682602644,0,0,3,3.512228100000357,3.512228100000357,0.0,3.512228100000357,0.0,b240632d76bfe6919b44416ecd12239cbcb93cea,1.8.0,cde18190c3c8d2f5e97799ac5572ab19fe5ea4929fd0422da19b385b1d617f1e,True,3.14.3,2.11.0+cpu,2.4.3,1.3.0,3.1.0,not-installed,not-installed,0.16197052789384261,0.0,1.0,1.0,332.0,1.0,0.0,0.0,0.0,0.0,0.125,0.19645766995412917,0.8035423300458708,0.0,nan,nan,0.22364061767492646,nan,0.875,0.875,nan,0.125,nan,nan,exact,102.58937499999999,29.75,neural,332.0,1328.0,13280.0,nan,0.0,0.0,nan,,,,,,,,,,,,,,,
reviewer1_transition_dynamics_shift_smoke,reviewer1_transition_dynamics_shift_smoke,configs/reviewer1_remaining/smoke/transition_dynamics_shift.yaml,Reviewer1-transition-dynamics-shift-smoke,Reviewer1TransitionDynamicsShift-v0,Reviewer1TransitionDynamicsShift-v0,native_gymnasium_observation,count_gated_tau_20,11000,train,2122,,,2122,16,-0.6000000000000012,130,1.0,2122,101,0.00046166236097633373,0.01521733682602644,0,0,3,3.811600399996678,3.811600399996678,0.0,3.811600399996678,0.0,b240632d76bfe6919b44416ecd12239cbcb93cea,1.8.0,cde18190c3c8d2f5e97799ac5572ab19fe5ea4929fd0422da19b385b1d617f1e,True,3.14.3,2.11.0+cpu,2.4.3,1.3.0,3.1.0,not-installed,not-installed,0.15502426391353974,0.0,1.0,1.0,364.0,0.0,0.0,0.0,0.0,1.0,0.17692307692307693,0.1488761213798695,0.8511238786201305,0.0,nan,nan,0.16701253056643584,nan,0.823076923076923,0.823076923076923,nan,0.17692307692307693,nan,nan,exact,116.51692307692305,29.6,neural,364.0,1456.0,14560.0,nan,0.0,0.0,nan,,,,,,,,,,,,,,,
reviewer1_transition_dynamics_shift_smoke,reviewer1_transition_dynamics_shift_smoke,configs/reviewer1_remaining/smoke/transition_dynamics_shift.yaml,Reviewer1-transition-dynamics-shift-smoke,Reviewer1TransitionDynamicsShift-v0,Reviewer1TransitionDynamicsShift-v0,native_gymnasium_observation,count_gated_tau_20,11000,train,2282,,,2282,17,-1.9600000000000013,160,0.0,2282,111,0.0007012303024542209,0.01568901352584362,0,0,3,4.217190800001845,4.217190800001845,0.0,4.217190800001845,0.0,b240632d76bfe6919b44416ecd12239cbcb93cea,1.8.0,cde18190c3c8d2f5e97799ac5572ab19fe5ea4929fd0422da19b385b1d617f1e,True,3.14.3,2.11.0+cpu,2.4.3,1.3.0,3.1.0,not-installed,not-installed,0.158666020349499,0.0,1.0,1.0,383.0,1.0,0.0,0.0,0.0,0.0,0.19375,0.1769229773849339,0.8230770226150661,0.0,nan,nan,0.20156101305629157,nan,0.80625,0.80625,nan,0.19375,nan,nan,exact,94.45750000000001,30.75,neural,383.0,1532.0,15320.0,nan,0.0,0.0,nan,,,,,,,,,,,,,,,
reviewer1_transition_dynamics_shift_smoke,reviewer1_transition_dynamics_shift_smoke,configs/reviewer1_remaining/smoke/transition_dynamics_shift.yaml,Reviewer1-transition-dynamics-shift-smoke,Reviewer1TransitionDynamicsShift-v0,Reviewer1TransitionDynamicsShift-v0,native_gymnasium_observation,count_gated_tau_20,11000,train,2394,,,2394,18,-0.31000000000000094,112,1.0,2394,118,0.0006677657436862858,0.01568901352584362,0,0,3,4.397770199997467,4.397770199997467,0.0,4.397770199997467,0.0,b240632d76bfe6919b44416ecd12239cbcb93cea,1.8.0,cde18190c3c8d2f5e97799ac5572ab19fe5ea4929fd0422da19b385b1d617f1e,True,3.14.3,2.11.0+cpu,2.4.3,1.3.0,3.1.0,not-installed,not-installed,0.15922153816952253,0.0,1.0,1.0,404.0,0.0,0.0,0.0,0.0,1.0,0.3125,0.14926994391186185,0.8507300560881382,0.0,nan,nan,0.17281957660509034,nan,0.6875,0.6875,nan,0.3125,nan,nan,exact,127.91428571428571,26.0,neural,404.0,1616.0,16160.0,nan,0.0,0.0,nan,,,,,,,,,,,,,,,
reviewer1_transition_dynamics_shift_smoke,reviewer1_transition_dynamics_shift_smoke,configs/reviewer1_remaining/smoke/transition_dynamics_shift.yaml,Reviewer1-transition-dynamics-shift-smoke,Reviewer1TransitionDynamicsShift-v0,Reviewer1TransitionDynamicsShift-v0,native_gymnasium_observation,count_gated_tau_20,11000,train,2396,,,2396,19,0.98,2,1.0,2396,118,0.0006677657436862858,0.01568901352584362,0,0,3,4.400444099999731,4.400444099999731,0.0,4.400444099999731,0.0,b240632d76bfe6919b44416ecd12239cbcb93cea,1.8.0,cde18190c3c8d2f5e97799ac5572ab19fe5ea4929fd0422da19b385b1d617f1e,True,3.14.3,2.11.0+cpu,2.4.3,1.3.0,3.1.0,not-installed,not-installed,0.15922153816952253,0.0,1.0,1.0,405.0,0.0,0.0,0.0,0.0,1.0,0.0,0.047619047619047616,0.9523809523809523,0.0,nan,nan,0.048770575499285984,nan,1.0,1.0,nan,0.0,nan,nan,exact,28.3,28.3,neural,405.0,1620.0,16200.0,nan,0.0,0.0,nan,,,,,,,,,,,,,,,
reviewer1_transition_dynamics_shift_smoke,reviewer1_transition_dynamics_shift_smoke,configs/reviewer1_remaining/smoke/transition_dynamics_shift.yaml,Reviewer1-transition-dynamics-shift-smoke,Reviewer1TransitionDynamicsShift-v0,Reviewer1TransitionDynamicsShift-v0,native_gymnasium_observation,count_gated_tau_20,11000,train,2556,,,2556,20,-1.9100000000000015,160,0.0,2556,128,0.0007373909428451952,0.01568901352584362,0,0,3,4.654912699996203,4.654912699996203,0.0,4.654912699996203,0.0,b240632d76bfe6919b44416ecd12239cbcb93cea,1.8.0,cde18190c3c8d2f5e97799ac5572ab19fe5ea4929fd0422da19b385b1d617f1e,True,3.14.3,2.11.0+cpu,2.4.3,1.3.0,3.1.0,not-installed,not-installed,0.16457460956214673,0.0,1.0,1.0,423.0,1.0,0.0,0.0,0.0,0.0,0.025,0.21806779165093962,0.7819322083490604,0.0,nan,nan,0.24948082658920628,nan,0.975,0.975,nan,0.025,nan,nan,exact,99.06750000000001,25.799999999999997,neural,423.0,1692.0,16920.0,nan,0.0,0.0,nan,,,,,,,,,,,,,,,
reviewer1_transition_dynamics_shift_smoke,reviewer1_transition_dynamics_shift_smoke,configs/reviewer1_remaining/smoke/transition_dynamics_shift.yaml,Reviewer1-transition-dynamics-shift-smoke,Reviewer1TransitionDynamicsShift-v0,Reviewer1TransitionDynamicsShift-v0,native_gymnasium_observation,count_gated_tau_20,11000,train,2559,,,2559,21,0.98,3,1.0,2559,128,0.0007373909428451952,0.01568901352584362,0,0,3,4.659061799997289,4.659061799997289,0.0,4.659061799997289,0.0,b240632d76bfe6919b44416ecd12239cbcb93cea,1.8.0,cde18190c3c8d2f5e97799ac5572ab19fe5ea4929fd0422da19b385b1d617f1e,True,3.14.3,2.11.0+cpu,2.4.3,1.3.0,3.1.0,not-installed,not-installed,0.16457460956214673,0.0,1.0,1.0,423.0,0.0,0.0,0.0,0.0,1.0,0.0,0.3548387096774193,0.6451612903225806,0.0,nan,nan,0.42305018961951335,nan,1.0,1.0,nan,0.0,nan,nan,exact,22.8,20.2,neural,423.0,1692.0,16920.0,nan,0.0,0.0,nan,,,,,,,,,,,,,,,
reviewer1_transition_dynamics_shift_smoke,reviewer1_transition_dynamics_shift_smoke,configs/reviewer1_remaining/smoke/transition_dynamics_shift.yaml,Reviewer1-transition-dynamics-shift-smoke,Reviewer1TransitionDynamicsShift-v0,Reviewer1TransitionDynamicsShift-v0,native_gymnasium_observation,count_gated_tau_20,11000,train,2620,,,2620,22,0.2999999999999996,61,1.0,2620,132,0.0007170088800359571,0.01568901352584362,0,0,3,4.792462299999897,4.792462299999897,0.0,4.792462299999897,0.0,b240632d76bfe6919b44416ecd12239cbcb93cea,1.8.0,cde18190c3c8d2f5e97799ac5572ab19fe5ea4929fd0422da19b385b1d617f1e,True,3.14.3,2.11.0+cpu,2.4.3,1.3.0,3.1.0,not-installed,not-installed,0.16081464557446587,0.0,1.0,1.0,447.0,0.0,0.0,0.0,0.0,1.0,0.4426229508196721,0.09370649132679802,0.9062935086732018,0.0,nan,nan,0.10341340177190061,nan,0.5573770491803278,0.5573770491803278,nan,0.4426229508196721,nan,nan,exact,135.21967213114755,27.1,neural,447.0,1788.0,17880.0,nan,0.0,0.0,nan,,,,,,,,,,,,,,,
reviewer1_transition_dynamics_shift_smoke,reviewer1_transition_dynamics_shift_smoke,configs/reviewer1_remaining/smoke/transition_dynamics_shift.yaml,Reviewer1-transition-dynamics-shift-smoke,Reviewer1TransitionDynamicsShift-v0,Reviewer1TransitionDynamicsShift-v0,native_gymnasium_observation,count_gated_tau_20,11000,train,2644,,,2644,23,0.7599999999999999,24,1.0,2644,134,0.0007079209246051084,0.01568901352584362,0,0,3,4.825171700002102,4.825171700002102,0.0,4.825171700002102,0.0,b240632d76bfe6919b44416ecd12239cbcb93cea,1.8.0,cde18190c3c8d2f5e97799ac5572ab19fe5ea4929fd0422da19b385b1d617f1e,True,3.14.3,2.11.0+cpu,2.4.3,1.3.0,3.1.0,not-installed,not-installed,0.1595355992698849,0.0,1.0,1.0,458.0,0.0,0.0,0.0,0.0,1.0,0.0,0.047619047619047616,0.9523809523809522,0.0,nan,nan,0.048770575499285984,nan,1.0,1.0,nan,0.0,nan,nan,exact,69.2125,22.3,neural,458.0,1832.0,18320.0,nan,0.0,0.0,nan,,,,,,,,,,,,,,,
reviewer1_transition_dynamics_shift_smoke,reviewer1_transition_dynamics_shift_smoke,configs/reviewer1_remaining/smoke/transition_dynamics_shift.yaml,Reviewer1-transition-dynamics-shift-smoke,Reviewer1TransitionDynamicsShift-v0,Reviewer1TransitionDynamicsShift-v0,native_gymnasium_observation,count_gated_tau_20,11000,train,2804,,,2804,24,-1.9600000000000015,160,0.0,2804,144,0.0006619917412662188,0.01568901352584362,0,0,3,5.100946500002465,5.100946500002465,0.0,5.100946500002465,0.0,b240632d76bfe6919b44416ecd12239cbcb93cea,1.8.0,cde18190c3c8d2f5e97799ac5572ab19fe5ea4929fd0422da19b385b1d617f1e,True,3.14.3,2.11.0+cpu,2.4.3,1.3.0,3.1.0,not-installed,not-installed,0.16245120279610578,0.0,1.0,1.0,475.0,1.0,0.0,0.0,0.0,0.0,0.0,0.16506496314930383,0.8349350368506961,0.0,nan,nan,0.1871994604869798,nan,1.0,1.0,nan,0.0,nan,nan,exact,99.92499999999998,26.9,neural,475.0,1900.0,19000.0,nan,0.0,0.0,nan,,,,,,,,,,,,,,,
reviewer1_transition_dynamics_shift_smoke,reviewer1_transition_dynamics_shift_smoke,configs/reviewer1_remaining/smoke/transition_dynamics_shift.yaml,Reviewer1-transition-dynamics-shift-smoke,Reviewer1TransitionDynamicsShift-v0,Reviewer1TransitionDynamicsShift-v0,native_gymnasium_observation,count_gated_tau_20,11000,train,2964,,,2964,25,-1.9300000000000015,160,0.0,2964,154,0.0006215298151257773,0.01568901352584362,0,0,3,5.51355959999637,5.51355959999637,0.0,5.51355959999637,0.0,b240632d76bfe6919b44416ecd12239cbcb93cea,1.8.0,cde18190c3c8d2f5e97799ac5572ab19fe5ea4929fd0422da19b385b1d617f1e,True,3.14.3,2.11.0+cpu,2.4.3,1.3.0,3.1.0,not-installed,not-installed,0.17921648650786184,0.0,1.0,1.0,476.0,1.0,0.0,0.0,0.0,0.0,0.03125,0.2932726371460339,0.7067273628539661,0.0,nan,nan,0.34851462045355064,nan,0.96875,0.96875,nan,0.03125,nan,nan,exact,130.306875,31.15,neural,476.0,1904.0,19040.0,nan,0.0,0.0,nan,,,,,,,,,,,,,,,
reviewer1_transition_dynamics_shift_smoke,reviewer1_transition_dynamics_shift_smoke,configs/reviewer1_remaining/smoke/transition_dynamics_shift.yaml,Reviewer1-transition-dynamics-shift-smoke,Reviewer1TransitionDynamicsShift-v0,Reviewer1TransitionDynamicsShift-v0,native_gymnasium_observation,count_gated_tau_20,11000,train,3124,,,3124,26,-2.0300000000000007,160,0.0,3124,164,0.0007742957351826878,0.01575375720858574,0,0,3,5.908872300002258,5.908872300002258,0.0,5.908872300002258,0.0,b240632d76bfe6919b44416ecd12239cbcb93cea,1.8.0,cde18190c3c8d2f5e97799ac5572ab19fe5ea4929fd0422da19b385b1d617f1e,True,3.14.3,2.11.0+cpu,2.4.3,1.3.0,3.1.0,not-installed,not-installed,0.19166439356579895,0.0,1.0,1.0,494.0,1.0,0.0,0.0,0.0,0.0,0.24375,0.27078575688992806,0.729214243110072,0.0,nan,nan,0.33509017731652724,nan,0.75625,0.75625,nan,0.24375,nan,nan,exact,116.05875,28.5,neural,494.0,1976.0,19760.0,nan,0.0,0.0,nan,,,,,,,,,,,,,,,
reviewer1_transition_dynamics_shift_smoke,reviewer1_transition_dynamics_shift_smoke,configs/reviewer1_remaining/smoke/transition_dynamics_shift.yaml,Reviewer1-transition-dynamics-shift-smoke,Reviewer1TransitionDynamicsShift-v0,Reviewer1TransitionDynamicsShift-v0,native_gymnasium_observation,count_gated_tau_20,11000,train,3284,,,3284,27,-1.9800000000000015,160,0.0,3284,174,0.0009079393494175747,0.01575375720858574,0,0,3,6.209674099998665,6.209674099998665,0.0,6.209674099998665,0.0,b240632d76bfe6919b44416ecd12239cbcb93cea,1.8.0,cde18190c3c8d2f5e97799ac5572ab19fe5ea4929fd0422da19b385b1d617f1e,True,3.14.3,2.11.0+cpu,2.4.3,1.3.0,3.1.0,not-installed,not-installed,0.19196908312408711,0.0,1.0,1.0,511.0,1.0,0.0,0.0,0.0,0.0,0.09375,0.17171532458064592,0.828284675419354,0.0,nan,nan,0.19381658975185861,nan,0.90625,0.90625,nan,0.09375,nan,nan,exact,102.49937500000001,27.8,neural,511.0,2044.0,20440.0,nan,0.0,0.0,nan,,,,,,,,,,,,,,,
reviewer1_transition_dynamics_shift_smoke,reviewer1_transition_dynamics_shift_smoke,configs/reviewer1_remaining/smoke/transition_dynamics_shift.yaml,Reviewer1-transition-dynamics-shift-smoke,Reviewer1TransitionDynamicsShift-v0,Reviewer1TransitionDynamicsShift-v0,native_gymnasium_observation,count_gated_tau_20,11000,train,3444,,,3444,28,-1.9500000000000015,160,0.0,3444,184,0.0009335419814187449,0.01575375720858574,0,0,3,6.602049699999043,6.602049699999043,0.0,6.602049699999043,0.0,b240632d76bfe6919b44416ecd12239cbcb93cea,1.8.0,cde18190c3c8d2f5e97799ac5572ab19fe5ea4929fd0422da19b385b1d617f1e,True,3.14.3,2.11.0+cpu,2.4.3,1.3.0,3.1.0,not-installed,not-installed,0.183599645689161,0.0,1.0,1.0,538.0,1.0,0.0,0.0,0.0,0.0,0.2,0.1220234478588265,0.8779765521411734,0.0,nan,nan,0.1356094008539717,nan,0.8,0.8,nan,0.2,nan,nan,exact,143.75124999999997,29.1,neural,538.0,2152.0,21520.0,nan,0.0,0.0,nan,,,,,,,,,,,,,,,
reviewer1_transition_dynamics_shift_smoke,reviewer1_transition_dynamics_shift_smoke,configs/reviewer1_remaining/smoke/transition_dynamics_shift.yaml,Reviewer1-transition-dynamics-shift-smoke,Reviewer1TransitionDynamicsShift-v0,Reviewer1TransitionDynamicsShift-v0,native_gymnasium_observation,count_gated_tau_20,11000,train,3604,,,3604,29,-2.0200000000000014,160,0.0,3604,194,0.0008898834676636904,0.01575375720858574,0,0,3,6.861306200000399,6.861306200000399,0.0,6.861306200000399,0.0,b240632d76bfe6919b44416ecd12239cbcb93cea,1.8.0,cde18190c3c8d2f5e97799ac5572ab19fe5ea4929fd0422da19b385b1d617f1e,True,3.14.3,2.11.0+cpu,2.4.3,1.3.0,3.1.0,not-installed,not-installed,0.18461824656591827,0.0,1.0,1.0,556.0,1.0,0.0,0.0,0.0,0.0,0.175,0.19250248314903487,0.807497516850965,0.0,nan,nan,0.2212734951462752,nan,0.825,0.825,nan,0.175,nan,nan,exact,105.9375,23.65,neural,556.0,2224.0,22240.0,nan,0.0,0.0,nan,,,,,,,,,,,,,,,
reviewer1_transition_dynamics_shift_smoke,reviewer1_transition_dynamics_shift_smoke,configs/reviewer1_remaining/smoke/transition_dynamics_shift.yaml,Reviewer1-transition-dynamics-shift-smoke,Reviewer1TransitionDynamicsShift-v0,Reviewer1TransitionDynamicsShift-v0,native_gymnasium_observation,count_gated_tau_20,11000,train,3677,,,3677,30,0.13999999999999935,73,1.0,3677,198,0.0008738427139803088,0.01575375720858574,0,0,3,6.9607601999960025,6.9607601999960025,0.0,6.9607601999960025,0.0,b240632d76bfe6919b44416ecd12239cbcb93cea,1.8.0,cde18190c3c8d2f5e97799ac5572ab19fe5ea4929fd0422da19b385b1d617f1e,True,3.14.3,2.11.0+cpu,2.4.3,1.3.0,3.1.0,not-installed,not-installed,0.18181106667647218,0.0,1.0,1.0,579.0,0.0,0.0,0.0,0.0,1.0,0.2602739726027397,0.18532928479325145,0.8146707152067485,0.0,nan,nan,0.21991891959669504,nan,0.7397260273972602,0.7397260273972602,nan,0.2602739726027397,nan,nan,exact,79.46438356164384,24.4,neural,579.0,2316.0,23160.0,nan,0.0,0.0,nan,,,,,,,,,,,,,,,
reviewer1_transition_dynamics_shift_smoke,reviewer1_transition_dynamics_shift_smoke,configs/reviewer1_remaining/smoke/transition_dynamics_shift.yaml,Reviewer1-transition-dynamics-shift-smoke,Reviewer1TransitionDynamicsShift-v0,Reviewer1TransitionDynamicsShift-v0,native_gymnasium_observation,count_gated_tau_20,11000,train,3837,,,3837,31,-2.1200000000000006,160,0.0,3837,208,0.0009784219973705778,0.01575375720858574,0,0,3,7.334501999997883,7.334501999997883,0.0,7.334501999997883,0.0,b240632d76bfe6919b44416ecd12239cbcb93cea,1.8.0,cde18190c3c8d2f5e97799ac5572ab19fe5ea4929fd0422da19b385b1d617f1e,True,3.14.3,2.11.0+cpu,2.4.3,1.3.0,3.1.0,not-installed,not-installed,0.18368395341610125,0.0,1.0,1.0,599.0,1.0,0.0,0.0,0.0,0.0,0.075,0.2104165094518713,0.7895834905481287,0.0,nan,nan,0.24819976569340257,nan,0.925,0.925,nan,0.075,nan,nan,exact,183.74499999999998,32.0,neural,599.0,2396.0,23960.0,nan,0.0,0.0,nan,,,,,,,,,,,,,,,
reviewer1_transition_dynamics_shift_smoke,reviewer1_transition_dynamics_shift_smoke,configs/reviewer1_remaining/smoke/transition_dynamics_shift.yaml,Reviewer1-transition-dynamics-shift-smoke,Reviewer1TransitionDynamicsShift-v0,Reviewer1TransitionDynamicsShift-v0,native_gymnasium_observation,count_gated_tau_20,11000,train,3997,,,3997,32,-1.9500000000000015,160,0.0,3997,218,0.0009378675247450175,0.01575375720858574,0,0,3,7.600385899997491,7.600385899997491,0.0,7.600385899997491,0.0,b240632d76bfe6919b44416ecd12239cbcb93cea,1.8.0,cde18190c3c8d2f5e97799ac5572ab19fe5ea4929fd0422da19b385b1d617f1e,True,3.14.3,2.11.0+cpu,2.4.3,1.3.0,3.1.0,not-installed,not-installed,0.17983714759821606,0.0,1.0,1.0,629.0,1.0,0.0,0.0,0.0,0.0,0.45,0.10549551958941014,0.8945044804105897,0.0,nan,nan,0.12071022551338348,nan,0.55,0.55,nan,0.45,nan,nan,exact,144.81687499999998,24.75,neural,629.0,2516.0,25160.0,nan,0.0,0.0,nan,,,,,,,,,,,,,,,
reviewer1_transition_dynamics_shift_smoke,reviewer1_transition_dynamics_shift_smoke,configs/reviewer1_remaining/smoke/transition_dynamics_shift.yaml,Reviewer1-transition-dynamics-shift-smoke,Reviewer1TransitionDynamicsShift-v0,Reviewer1TransitionDynamicsShift-v0,native_gymnasium_observation,count_gated_tau_20,11000,train,4157,,,4157,33,-1.9700000000000015,160,0.0,4157,228,0.0008992972283554161,0.01575375720858574,0,0,3,7.93790099999751,7.93790099999751,0.0,7.93790099999751,0.0,b240632d76bfe6919b44416ecd12239cbcb93cea,1.8.0,cde18190c3c8d2f5e97799ac5572ab19fe5ea4929fd0422da19b385b1d617f1e,True,3.14.3,2.11.0+cpu,2.4.3,1.3.0,3.1.0,not-installed,not-installed,0.17690279853875981,0.0,1.0,1.0,663.0,1.0,0.0,0.0,0.0,0.0,0.36875,0.10816052901118736,0.8918394709888127,0.0,nan,nan,0.12279415198423638,nan,0.63125,0.63125,nan,0.36875,nan,nan,exact,129.06062500000002,26.65,neural,663.0,2652.0,26520.0,nan,0.0,0.0,nan,,,,,,,,,,,,,,,
reviewer1_transition_dynamics_shift_smoke,reviewer1_transition_dynamics_shift_smoke,configs/reviewer1_remaining/smoke/transition_dynamics_shift.yaml,Reviewer1-transition-dynamics-shift-smoke,Reviewer1TransitionDynamicsShift-v0,Reviewer1TransitionDynamicsShift-v0,native_gymnasium_observation,count_gated_tau_20,11000,train,4317,,,4317,34,-0.9500000000000015,160,1.0,4317,238,0.0009330590147183408,0.01633593626320362,0,0,3,8.311117700002796,8.311117700002796,0.0,8.311117700002796,0.0,b240632d76bfe6919b44416ecd12239cbcb93cea,1.8.0,cde18190c3c8d2f5e97799ac5572ab19fe5ea4929fd0422da19b385b1d617f1e,True,3.14.3,2.11.0+cpu,2.4.3,1.3.0,3.1.0,not-installed,not-installed,0.17326055061265366,0.0,1.0,1.0,694.0,0.0,0.0,0.0,0.0,1.0,0.28125,0.15172964354185012,0.8482703564581499,0.0,nan,nan,0.17748717352630142,nan,0.71875,0.71875,nan,0.28125,nan,nan,exact,176.669375,28.95,neural,694.0,2776.0,27760.0,nan,0.0,0.0,nan,,,,,,,,,,,,,,,
reviewer1_transition_dynamics_shift_smoke,reviewer1_transition_dynamics_shift_smoke,configs/reviewer1_remaining/smoke/transition_dynamics_shift.yaml,Reviewer1-transition-dynamics-shift-smoke,Reviewer1TransitionDynamicsShift-v0,Reviewer1TransitionDynamicsShift-v0,native_gymnasium_observation,count_gated_tau_20,11000,train,4477,,,4477,35,-1.9800000000000015,160,0.0,4477,248,0.0008975642396850867,0.01633593626320362,0,0,3,8.608605399997032,8.608605399997032,0.0,8.608605399997032,0.0,b240632d76bfe6919b44416ecd12239cbcb93cea,1.8.0,cde18190c3c8d2f5e97799ac5572ab19fe5ea4929fd0422da19b385b1d617f1e,True,3.14.3,2.11.0+cpu,2.4.3,1.3.0,3.1.0,not-installed,not-installed,0.17071172439353285,0.0,1.0,1.0,736.0,1.0,0.0,0.0,0.0,0.0,0.175,0.11589848701568546,0.8841015129843145,0.0,nan,nan,0.13076166897019328,nan,0.825,0.825,nan,0.175,nan,nan,exact,141.409375,27.1,neural,736.0,2944.0,29440.0,nan,0.0,0.0,nan,,,,,,,,,,,,,,,
reviewer1_transition_dynamics_shift_smoke,reviewer1_transition_dynamics_shift_smoke,configs/reviewer1_remaining/smoke/transition_dynamics_shift.yaml,Reviewer1-transition-dynamics-shift-smoke,Reviewer1TransitionDynamicsShift-v0,Reviewer1TransitionDynamicsShift-v0,native_gymnasium_observation,count_gated_tau_20,11000,train,4496,,,4496,36,0.78,19,1.0,4496,250,0.0008908018419751897,0.01633593626320362,0,0,3,8.638358199998038,8.638358199998038,0.0,8.638358199998038,0.0,b240632d76bfe6919b44416ecd12239cbcb93cea,1.8.0,cde18190c3c8d2f5e97799ac5572ab19fe5ea4929fd0422da19b385b1d617f1e,True,3.14.3,2.11.0+cpu,2.4.3,1.3.0,3.1.0,not-installed,not-installed,0.17157714128655374,0.0,1.0,1.0,739.0,0.0,0.0,0.0,0.0,1.0,0.0,0.36669324827219557,0.6333067517278043,0.0,nan,nan,0.4406635866668179,nan,1.0,1.0,nan,0.0,nan,nan,exact,87.09473684210525,20.0,neural,739.0,2956.0,29560.0,nan,0.0,0.0,nan,,,,,,,,,,,,,,,
reviewer1_transition_dynamics_shift_smoke,reviewer1_transition_dynamics_shift_smoke,configs/reviewer1_remaining/smoke/transition_dynamics_shift.yaml,Reviewer1-transition-dynamics-shift-smoke,Reviewer1TransitionDynamicsShift-v0,Reviewer1TransitionDynamicsShift-v0,native_gymnasium_observation,count_gated_tau_20,11000,train,4497,,,4497,37,1.0,1,1.0,4497,250,0.0008908018419751897,0.01633593626320362,0,0,3,8.640236300001561,8.640236300001561,0.0,8.640236300001561,0.0,b240632d76bfe6919b44416ecd12239cbcb93cea,1.8.0,cde18190c3c8d2f5e97799ac5572ab19fe5ea4929fd0422da19b385b1d617f1e,True,3.14.3,2.11.0+cpu,2.4.3,1.3.0,3.1.0,not-installed,not-installed,0.17157714128655374,0.0,1.0,1.0,739.0,0.0,0.0,0.0,0.0,1.0,0.0,0.3939393939393939,0.6060606060606061,0.0,nan,nan,0.47795422323898396,nan,1.0,1.0,nan,0.0,nan,nan,exact,19.1,19.1,neural,739.0,2956.0,29560.0,nan,0.0,0.0,nan,,,,,,,,,,,,,,,
reviewer1_transition_dynamics_shift_smoke,reviewer1_transition_dynamics_shift_smoke,configs/reviewer1_remaining/smoke/transition_dynamics_shift.yaml,Reviewer1-transition-dynamics-shift-smoke,Reviewer1TransitionDynamicsShift-v0,Reviewer1TransitionDynamicsShift-v0,native_gymnasium_observation,count_gated_tau_20,11000,train,4657,,,4657,38,-2.020000000000001,160,0.0,4657,260,0.0009190491231912837,0.01633593626320362,0,0,3,8.9702965999968,8.9702965999968,0.0,8.9702965999968,0.0,b240632d76bfe6919b44416ecd12239cbcb93cea,1.8.0,cde18190c3c8d2f5e97799ac5572ab19fe5ea4929fd0422da19b385b1d617f1e,True,3.14.3,2.11.0+cpu,2.4.3,1.3.0,3.1.0,not-installed,not-installed,0.17058276911435874,0.0,1.0,1.0,766.0,1.0,0.0,0.0,0.0,0.0,0.15,0.2095272864617999,0.7904727135382001,0.0,nan,nan,0.2443241250394282,nan,0.85,0.85,nan,0.15,nan,nan,exact,142.28875,28.4,neural,766.0,3064.0,30640.0,nan,0.0,0.0,nan,,,,,,,,,,,,,,,
reviewer1_transition_dynamics_shift_smoke,reviewer1_transition_dynamics_shift_smoke,configs/reviewer1_remaining/smoke/transition_dynamics_shift.yaml,Reviewer1-transition-dynamics-shift-smoke,Reviewer1TransitionDynamicsShift-v0,Reviewer1TransitionDynamicsShift-v0,native_gymnasium_observation,count_gated_tau_20,11000,train,4791,,,4791,39,-0.6300000000000012,134,1.0,4791,268,0.0009505086929710893,0.01633593626320362,0,0,3,9.15118259999872,9.15118259999872,0.0,9.15118259999872,0.0,b240632d76bfe6919b44416ecd12239cbcb93cea,1.8.0,cde18190c3c8d2f5e97799ac5572ab19fe5ea4929fd0422da19b385b1d617f1e,True,3.14.3,2.11.0+cpu,2.4.3,1.3.0,3.1.0,not-installed,not-installed,0.16745810058572144,0.0,1.0,1.0,788.0,0.0,0.0,0.0,0.0,1.0,0.31343283582089554,0.10878850099687443,0.8912114990031257,0.0,nan,nan,0.12053964455189173,nan,0.6865671641791045,0.6865671641791045,nan,0.31343283582089554,nan,nan,exact,149.86194029850745,24.4,neural,788.0,3152.0,31520.0,nan,0.0,0.0,nan,,,,,,,,,,,,,,,
reviewer1_transition_dynamics_shift_smoke,reviewer1_transition_dynamics_shift_smoke,configs/reviewer1_remaining/smoke/transition_dynamics_shift.yaml,Reviewer1-transition-dynamics-shift-smoke,Reviewer1TransitionDynamicsShift-v0,Reviewer1TransitionDynamicsShift-v0,native_gymnasium_observation,count_gated_tau_20,11000,train,4946,,,4946,40,-0.9000000000000015,155,1.0,4946,278,0.00102905067933207,0.01633593626320362,0,0,3,9.493963100001565,9.493963100001565,0.0,9.493963100001565,0.0,b240632d76bfe6919b44416ecd12239cbcb93cea,1.8.0,cde18190c3c8d2f5e97799ac5572ab19fe5ea4929fd0422da19b385b1d617f1e,True,3.14.3,2.11.0+cpu,2.4.3,1.3.0,3.1.0,not-installed,not-installed,0.1642902302127577,0.0,1.0,1.0,826.0,0.0,0.0,0.0,0.0,1.0,0.2903225806451613,0.10857661394489754,0.8914233860551024,0.0,nan,nan,0.12011094100173687,nan,0.7096774193548387,0.7096774193548387,nan,0.2903225806451613,nan,nan,exact,118.74451612903226,26.4,neural,826.0,3304.0,33040.0,nan,0.0,0.0,nan,,,,,,,,,,,,,,,
reviewer1_transition_dynamics_shift_smoke,reviewer1_transition_dynamics_shift_smoke,configs/reviewer1_remaining/smoke/transition_dynamics_shift.yaml,Reviewer1-transition-dynamics-shift-smoke,Reviewer1TransitionDynamicsShift-v0,Reviewer1TransitionDynamicsShift-v0,native_gymnasium_observation,count_gated_tau_20,11000,train,5106,,,5106,41,-1.9400000000000015,160,0.0,5106,288,0.0010471832421217186,0.01633593626320362,0,0,3,9.734729499999958,9.734729499999958,0.0,9.734729499999958,0.0,b240632d76bfe6919b44416ecd12239cbcb93cea,1.8.0,cde18190c3c8d2f5e97799ac5572ab19fe5ea4929fd0422da19b385b1d617f1e,True,3.14.3,2.11.0+cpu,2.4.3,1.3.0,3.1.0,not-installed,not-installed,0.16174795715468193,0.0,1.0,1.0,857.0,1.0,0.0,0.0,0.0,0.0,0.1875,0.13555699128924317,0.8644430087107569,0.0,nan,nan,0.15205757711002305,nan,0.8125,0.8125,nan,0.1875,nan,nan,exact,142.255625,24.1,neural,857.0,3428.0,34280.0,nan,0.0,0.0,nan,,,,,,,,,,,,,,,
reviewer1_transition_dynamics_shift_smoke,reviewer1_transition_dynamics_shift_smoke,configs/reviewer1_remaining/smoke/transition_dynamics_shift.yaml,Reviewer1-transition-dynamics-shift-smoke,Reviewer1TransitionDynamicsShift-v0,Reviewer1TransitionDynamicsShift-v0,native_gymnasium_observation,count_gated_tau_20,11000,train,5135,,,5135,42,0.5999999999999999,29,1.0,5135,289,0.001043795782619637,0.01633593626320362,0,0,3,9.766243199999735,9.766243199999735,0.0,9.766243199999735,0.0,b240632d76bfe6919b44416ecd12239cbcb93cea,1.8.0,cde18190c3c8d2f5e97799ac5572ab19fe5ea4929fd0422da19b385b1d617f1e,True,3.14.3,2.11.0+cpu,2.4.3,1.3.0,3.1.0,not-installed,not-installed,0.16154002493472025,0.0,1.0,1.0,864.0,0.0,0.0,0.0,0.0,1.0,0.3793103448275862,0.12228136018667059,0.8777186398133293,0.0,nan,nan,0.13987193817388946,nan,0.6206896551724138,0.6206896551724138,nan,0.3793103448275862,nan,nan,exact,223.29999999999998,18.6,neural,864.0,3456.0,34560.0,nan,0.0,0.0,nan,,,,,,,,,,,,,,,
reviewer1_transition_dynamics_shift_smoke,reviewer1_transition_dynamics_shift_smoke,configs/reviewer1_remaining/smoke/transition_dynamics_shift.yaml,Reviewer1-transition-dynamics-shift-smoke,Reviewer1TransitionDynamicsShift-v0,Reviewer1TransitionDynamicsShift-v0,native_gymnasium_observation,count_gated_tau_20,11000,train,5295,,,5295,43,-2.1000000000000014,160,0.0,5295,299,0.001102242173730829,0.01633593626320362,0,0,3,10.12507259999984,10.12507259999984,0.0,10.12507259999984,0.0,b240632d76bfe6919b44416ecd12239cbcb93cea,1.8.0,cde18190c3c8d2f5e97799ac5572ab19fe5ea4929fd0422da19b385b1d617f1e,True,3.14.3,2.11.0+cpu,2.4.3,1.3.0,3.1.0,not-installed,not-installed,0.16308002651860032,0.0,1.0,1.0,896.0,1.0,0.0,0.0,0.0,0.0,0.0875,0.1435367865115132,0.8564632134884869,0.0,nan,nan,0.16276697235972032,nan,0.9125,0.9125,nan,0.0875,nan,nan,exact,162.595625,26.6,neural,896.0,3584.0,35840.0,nan,0.0,0.0,nan,,,,,,,,,,,,,,,
reviewer1_transition_dynamics_shift_smoke,reviewer1_transition_dynamics_shift_smoke,configs/reviewer1_remaining/smoke/transition_dynamics_shift.yaml,Reviewer1-transition-dynamics-shift-smoke,Reviewer1TransitionDynamicsShift-v0,Reviewer1TransitionDynamicsShift-v0,native_gymnasium_observation,count_gated_tau_20,11000,train,5455,,,5455,44,-2.160000000000001,160,0.0,5455,309,0.0011091543279119077,0.01633593626320362,0,0,3,10.401620099997672,10.401620099997672,0.0,10.401620099997672,0.0,b240632d76bfe6919b44416ecd12239cbcb93cea,1.8.0,cde18190c3c8d2f5e97799ac5572ab19fe5ea4929fd0422da19b385b1d617f1e,True,3.14.3,2.11.0+cpu,2.4.3,1.3.0,3.1.0,not-installed,not-installed,0.16659334894302172,0.0,1.0,1.0,913.0,1.0,0.0,0.0,0.0,0.0,0.0625,0.2352612018399484,0.7647387981600516,0.0,nan,nan,0.27649205614893085,nan,0.9375,0.9375,nan,0.0625,nan,nan,exact,160.56187500000001,26.5,neural,913.0,3652.0,36520.0,nan,0.0,0.0,nan,,,,,,,,,,,,,,,
reviewer1_transition_dynamics_shift_smoke,reviewer1_transition_dynamics_shift_smoke,configs/reviewer1_remaining/smoke/transition_dynamics_shift.yaml,Reviewer1-transition-dynamics-shift-smoke,Reviewer1TransitionDynamicsShift-v0,Reviewer1TransitionDynamicsShift-v0,native_gymnasium_observation,count_gated_tau_20,11000,train,5490,,,5490,45,0.5499999999999998,35,1.0,5490,312,0.0011454134585048264,0.01633593626320362,0,0,3,10.454108099998848,10.454108099998848,0.0,10.454108099998848,0.0,b240632d76bfe6919b44416ecd12239cbcb93cea,1.8.0,cde18190c3c8d2f5e97799ac5572ab19fe5ea4929fd0422da19b385b1d617f1e,True,3.14.3,2.11.0+cpu,2.4.3,1.3.0,3.1.0,not-installed,not-installed,0.16466210107201748,0.0,1.0,1.0,924.0,0.0,0.0,0.0,0.0,1.0,0.37142857142857144,0.05456158748084213,0.9454384125191578,0.0,nan,nan,0.057100863583586535,nan,0.6285714285714286,0.6285714285714286,nan,0.37142857142857144,nan,nan,exact,195.11428571428573,22.2,neural,924.0,3696.0,36960.0,nan,0.0,0.0,nan,,,,,,,,,,,,,,,
reviewer1_transition_dynamics_shift_smoke,reviewer1_transition_dynamics_shift_smoke,configs/reviewer1_remaining/smoke/transition_dynamics_shift.yaml,Reviewer1-transition-dynamics-shift-smoke,Reviewer1TransitionDynamicsShift-v0,Reviewer1TransitionDynamicsShift-v0,native_gymnasium_observation,count_gated_tau_20,11000,train,5562,,,5562,46,0.11999999999999944,72,1.0,5562,316,0.0011764209140512575,0.01633593626320362,0,0,3,10.570289999996021,10.570289999996021,0.0,10.570289999996021,0.0,b240632d76bfe6919b44416ecd12239cbcb93cea,1.8.0,cde18190c3c8d2f5e97799ac5572ab19fe5ea4929fd0422da19b385b1d617f1e,True,3.14.3,2.11.0+cpu,2.4.3,1.3.0,3.1.0,not-installed,not-installed,0.16240350381683819,0.0,1.0,1.0,948.0,0.0,0.0,0.0,0.0,1.0,0.25,0.06777009222661395,0.9322299077733861,0.0,nan,nan,0.07139544261661139,nan,0.75,0.75,nan,0.25,nan,nan,exact,143.53333333333336,24.35,neural,948.0,3792.0,37920.0,nan,0.0,0.0,nan,,,,,,,,,,,,,,,
reviewer1_transition_dynamics_shift_smoke,reviewer1_transition_dynamics_shift_smoke,configs/reviewer1_remaining/smoke/transition_dynamics_shift.yaml,Reviewer1-transition-dynamics-shift-smoke,Reviewer1TransitionDynamicsShift-v0,Reviewer1TransitionDynamicsShift-v0,native_gymnasium_observation,count_gated_tau_20,11000,train,5722,,,5722,47,-2.0000000000000013,160,0.0,5722,326,0.0011439533159067583,0.01633593626320362,0,0,3,10.896367399996961,10.896367399996961,0.0,10.896367399996961,0.0,b240632d76bfe6919b44416ecd12239cbcb93cea,1.8.0,cde18190c3c8d2f5e97799ac5572ab19fe5ea4929fd0422da19b385b1d617f1e,True,3.14.3,2.11.0+cpu,2.4.3,1.3.0,3.1.0,not-installed,not-installed,0.17149053313613402,0.0,1.0,1.0,961.0,1.0,0.0,0.0,0.0,0.0,0.0,0.29392869957209034,0.7060713004279098,0.0,nan,nan,0.3581517947729586,nan,1.0,1.0,nan,0.0,nan,nan,exact,163.10625,28.4,neural,961.0,3844.0,38440.0,nan,0.0,0.0,nan,,,,,,,,,,,,,,,
reviewer1_transition_dynamics_shift_smoke,reviewer1_transition_dynamics_shift_smoke,configs/reviewer1_remaining/smoke/transition_dynamics_shift.yaml,Reviewer1-transition-dynamics-shift-smoke,Reviewer1TransitionDynamicsShift-v0,Reviewer1TransitionDynamicsShift-v0,native_gymnasium_observation,count_gated_tau_20,11000,train,5788,,,5788,48,0.12999999999999956,66,1.0,5788,330,0.001214928582742163,0.027752719819545746,0,0,3,11.030312599999888,11.030312599999888,0.0,11.030312599999888,0.0,b240632d76bfe6919b44416ecd12239cbcb93cea,1.8.0,cde18190c3c8d2f5e97799ac5572ab19fe5ea4929fd0422da19b385b1d617f1e,True,3.14.3,2.11.0+cpu,2.4.3,1.3.0,3.1.0,not-installed,not-installed,0.16931675030980275,0.0,1.0,1.0,988.0,0.0,0.0,0.0,0.0,1.0,0.3484848484848485,0.12085842108898762,0.8791415789110122,0.0,nan,nan,0.13879569231055808,nan,0.6515151515151515,0.6515151515151515,nan,0.3484848484848485,nan,nan,exact,174.16515151515154,25.75,neural,988.0,3952.0,39520.0,nan,0.0,0.0,nan,,,,,,,,,,,,,,,
reviewer1_transition_dynamics_shift_smoke,reviewer1_transition_dynamics_shift_smoke,configs/reviewer1_remaining/smoke/transition_dynamics_shift.yaml,Reviewer1-transition-dynamics-shift-smoke,Reviewer1TransitionDynamicsShift-v0,Reviewer1TransitionDynamicsShift-v0,native_gymnasium_observation,count_gated_tau_20,11000,train,5948,,,5948,49,-1.9600000000000015,160,0.0,5948,340,0.0012606349212439774,0.027752719819545746,0,0,3,11.330439999997907,11.330439999997907,0.0,11.330439999997907,0.0,b240632d76bfe6919b44416ecd12239cbcb93cea,1.8.0,cde18190c3c8d2f5e97799ac5572ab19fe5ea4929fd0422da19b385b1d617f1e,True,3.14.3,2.11.0+cpu,2.4.3,1.3.0,3.1.0,not-installed,not-installed,0.16789295572693072,0.0,1.0,1.0,1022.0,1.0,0.0,0.0,0.0,0.0,0.075,0.14658391538357804,0.8534160846164219,0.0,nan,nan,0.16345088416141923,nan,0.925,0.925,nan,0.075,nan,nan,exact,144.10062499999998,27.35,neural,1022.0,4088.0,40880.0,nan,0.0,0.0,nan,,,,,,,,,,,,,,,
reviewer1_transition_dynamics_shift_smoke,reviewer1_transition_dynamics_shift_smoke,configs/reviewer1_remaining/smoke/transition_dynamics_shift.yaml,Reviewer1-transition-dynamics-shift-smoke,Reviewer1TransitionDynamicsShift-v0,Reviewer1TransitionDynamicsShift-v0,native_gymnasium_observation,count_gated_tau_20,11000,eval,6000,6000,-3.0000000000000004,6000,1,-3.0000000000000004,160,0.0,6000,344,0.0012870385397004717,0.027752719819545746,0,1,3,12.514626600001066,11.423593499996059,1.0910331000050064,11.423593499996059,1.0910331000050064,b240632d76bfe6919b44416ecd12239cbcb93cea,1.8.0,cde18190c3c8d2f5e97799ac5572ab19fe5ea4929fd0422da19b385b1d617f1e,True,3.14.3,2.11.0+cpu,2.4.3,1.3.0,3.1.0,not-installed,not-installed,0.16638773744058044,0.0,1.0,1.0,1039.0,1.0,0.0,0.0,0.0,0.0,0.00625,0.3517155338389002,0.6482844661611,0.0,nan,nan,0.4192231112792609,nan,0.99375,0.99375,nan,0.00625,nan,nan,exact,584.6668749999999,539.8,neural,1039.0,4156.0,41560.0,nan,0.0,0.0,nan,1,3,3,2,0.0,0.0,0.4999999974999999,neural,tie,unavailable,nan,nan,0.0,none,nan
reviewer1_transition_dynamics_shift_smoke,reviewer1_transition_dynamics_shift_smoke,configs/reviewer1_remaining/smoke/transition_dynamics_shift.yaml,Reviewer1-transition-dynamics-shift-smoke,Reviewer1TransitionDynamicsShift-v0,Reviewer1TransitionDynamicsShift-v0,native_gymnasium_observation,count_gated_tau_20,11000,eval,6000,6000,-3.010000000000002,6000,2,-3.010000000000002,160,0.0,6000,344,0.0012870385397004717,0.027752719819545746,0,1,3,12.515102899997146,11.42406979999214,1.0910331000050064,11.42406979999214,1.0910331000050064,b240632d76bfe6919b44416ecd12239cbcb93cea,1.8.0,cde18190c3c8d2f5e97799ac5572ab19fe5ea4929fd0422da19b385b1d617f1e,True,3.14.3,2.11.0+cpu,2.4.3,1.3.0,3.1.0,not-installed,not-installed,0.16638773744058044,0.0,1.0,1.0,1039.0,1.0,0.0,0.0,0.0,0.0,0.64375,0.04212662337662337,0.9578733766233768,0.0,nan,nan,0.04484918404539537,nan,0.35625,0.35625,nan,0.64375,nan,nan,unsupported,612.3956249999999,567.65,neural,1039.0,4156.0,41560.0,nan,0.0,0.0,nan,0,2,2,0,0.16071428571428573,0.0,0.4999999974999999,neural,tie,unavailable,nan,nan,0.0,none,nan
reviewer1_transition_dynamics_shift_smoke,reviewer1_transition_dynamics_shift_smoke,configs/reviewer1_remaining/smoke/transition_dynamics_shift.yaml,Reviewer1-transition-dynamics-shift-smoke,Reviewer1TransitionDynamicsShift-v0,Reviewer1TransitionDynamicsShift-v0,native_gymnasium_observation,count_gated_tau_20,11000,eval,6000,6000,-3.1300000000000012,6000,3,-3.1300000000000012,160,0.0,6000,344,0.0012870385397004717,0.027752719819545746,0,1,3,12.515445500001078,11.424412399996072,1.0910331000050064,11.424412399996072,1.0910331000050064,b240632d76bfe6919b44416ecd12239cbcb93cea,1.8.0,cde18190c3c8d2f5e97799ac5572ab19fe5ea4929fd0422da19b385b1d617f1e,True,3.14.3,2.11.0+cpu,2.4.3,1.3.0,3.1.0,not-installed,not-installed,0.16638773744058044,0.0,1.0,1.0,1039.0,1.0,0.0,0.0,0.0,0.0,1.0,0.0,1.0,0.0,nan,nan,0.0,nan,0.0,0.0,nan,1.0,nan,nan,unsupported,558.119375,538.8499999999999,neural,1039.0,4156.0,41560.0,nan,0.0,0.0,nan,0,3,3,2,0.0,0.0,0.4999999974999999,neural,tie,unavailable,nan,nan,0.0,none,nan
reviewer1_transition_dynamics_shift_smoke,reviewer1_transition_dynamics_shift_smoke,configs/reviewer1_remaining/smoke/transition_dynamics_shift.yaml,Reviewer1-transition-dynamics-shift-smoke,Reviewer1TransitionDynamicsShift-v0,Reviewer1TransitionDynamicsShift-v0,native_gymnasium_observation,count_gated_tau_20,11000,eval,6000,6000,-3.140000000000002,6000,4,-3.140000000000002,160,0.0,6000,344,0.0012870385397004717,0.027752719819545746,0,1,3,12.515742800002045,11.424709699997038,1.0910331000050064,11.424709699997038,1.0910331000050064,b240632d76bfe6919b44416ecd12239cbcb93cea,1.8.0,cde18190c3c8d2f5e97799ac5572ab19fe5ea4929fd0422da19b385b1d617f1e,True,3.14.3,2.11.0+cpu,2.4.3,1.3.0,3.1.0,not-installed,not-installed,0.16638773744058044,0.0,1.0,1.0,1039.0,1.0,0.0,0.0,0.0,0.0,1.0,0.0,1.0,0.0,nan,nan,0.0,nan,0.0,0.0,nan,1.0,nan,nan,unsupported,601.324375,584.45,neural,1039.0,4156.0,41560.0,nan,0.0,0.0,nan,0,2,2,nan,nan,nan,0.4999999974999999,neural,unavailable,unavailable,nan,nan,0.0,none,nan
reviewer1_transition_dynamics_shift_smoke,reviewer1_transition_dynamics_shift_smoke,configs/reviewer1_remaining/smoke/transition_dynamics_shift.yaml,Reviewer1-transition-dynamics-shift-smoke,Reviewer1TransitionDynamicsShift-v0,Reviewer1TransitionDynamicsShift-v0,native_gymnasium_observation,count_gated_tau_20,11000,train,6108,,,6108,50,-2.08,160,0.0,6108,350,0.0013443160988026647,0.027752719819545746,0,1,3,12.753184799999872,11.662151699994865,1.0910331000050064,11.662151699994865,1.0910331000050064,b240632d76bfe6919b44416ecd12239cbcb93cea,1.8.0,cde18190c3c8d2f5e97799ac5572ab19fe5ea4929fd0422da19b385b1d617f1e,True,3.14.3,2.11.0+cpu,2.4.3,1.3.0,3.1.0,not-installed,not-installed,0.16656635177142326,0.0,1.0,1.0,1052.0,1.0,0.0,0.0,0.0,0.0,0.20625,0.15130026751630016,0.8486997324836999,0.0,nan,nan,0.17283114931106108,nan,0.79375,0.79375,nan,0.20625,nan,nan,exact,154.25625,27.7,neural,1052.0,4208.0,42080.0,nan,0.0,0.0,nan,,,,,,,,,,,,,,,
reviewer1_transition_dynamics_shift_smoke,reviewer1_transition_dynamics_shift_smoke,configs/reviewer1_remaining/smoke/transition_dynamics_shift.yaml,Reviewer1-transition-dynamics-shift-smoke,Reviewer1TransitionDynamicsShift-v0,Reviewer1TransitionDynamicsShift-v0,native_gymnasium_observation,count_gated_tau_20,11000,train,6136,,,6136,51,0.5399999999999998,28,1.0,6136,352,0.0013379299448440013,0.027752719819545746,0,1,3,12.793094000000565,11.702060899995558,1.0910331000050064,11.702060899995558,1.0910331000050064,b240632d76bfe6919b44416ecd12239cbcb93cea,1.8.0,cde18190c3c8d2f5e97799ac5572ab19fe5ea4929fd0422da19b385b1d617f1e,True,3.14.3,2.11.0+cpu,2.4.3,1.3.0,3.1.0,not-installed,not-installed,0.16766969691297098,0.0,1.0,1.0,1057.0,0.0,0.0,0.0,0.0,1.0,0.03571428571428571,0.27179346735201687,0.7282065326479831,0.0,nan,nan,0.3244610045831119,nan,0.9642857142857143,0.9642857142857143,nan,0.03571428571428571,nan,nan,exact,249.89285714285714,210.0,neural,1057.0,4228.0,42280.0,nan,0.0,0.0,nan,,,,,,,,,,,,,,,
reviewer1_transition_dynamics_shift_smoke,reviewer1_transition_dynamics_shift_smoke,configs/reviewer1_remaining/smoke/transition_dynamics_shift.yaml,Reviewer1-transition-dynamics-shift-smoke,Reviewer1TransitionDynamicsShift-v0,Reviewer1TransitionDynamicsShift-v0,native_gymnasium_observation,count_gated_tau_20,11000,train,6148,,,6148,52,0.87,12,1.0,6148,353,0.0013346408745579415,0.027752719819545746,0,1,3,12.809263800001645,11.718230699996639,1.0910331000050064,11.718230699996639,1.0910331000050064,b240632d76bfe6919b44416ecd12239cbcb93cea,1.8.0,cde18190c3c8d2f5e97799ac5572ab19fe5ea4929fd0422da19b385b1d617f1e,True,3.14.3,2.11.0+cpu,2.4.3,1.3.0,3.1.0,not-installed,not-installed,0.16731918595656417,0.0,1.0,1.0,1062.0,0.0,0.0,0.0,0.0,1.0,0.0,0.12708162708162707,0.8729183729183728,0.0,nan,nan,0.14767099254080582,nan,1.0,1.0,nan,0.0,nan,nan,exact,135.3166666666667,19.85,neural,1062.0,4248.0,42480.0,nan,0.0,0.0,nan,,,,,,,,,,,,,,,
reviewer1_transition_dynamics_shift_smoke,reviewer1_transition_dynamics_shift_smoke,configs/reviewer1_remaining/smoke/transition_dynamics_shift.yaml,Reviewer1-transition-dynamics-shift-smoke,Reviewer1TransitionDynamicsShift-v0,Reviewer1TransitionDynamicsShift-v0,native_gymnasium_observation,count_gated_tau_20,11000,train,6255,,,6255,53,-0.2700000000000009,107,1.0,6255,359,0.0013486943839260647,0.027752719819545746,0,1,3,12.969383700001345,11.878350599996338,1.0910331000050064,11.878350599996338,1.0910331000050064,b240632d76bfe6919b44416ecd12239cbcb93cea,1.8.0,cde18190c3c8d2f5e97799ac5572ab19fe5ea4929fd0422da19b385b1d617f1e,True,3.14.3,2.11.0+cpu,2.4.3,1.3.0,3.1.0,not-installed,not-installed,0.1728170939677561,0.0,1.0,1.0,1063.0,0.0,0.0,0.0,0.0,1.0,0.0,0.3330197109354503,0.6669802890645495,0.0,nan,nan,0.3995157274618525,nan,1.0,1.0,nan,0.0,nan,nan,exact,159.80560747663552,24.2,neural,1063.0,4252.0,42520.0,nan,0.0,0.0,nan,,,,,,,,,,,,,,,
reviewer1_transition_dynamics_shift_smoke,reviewer1_transition_dynamics_shift_smoke,configs/reviewer1_remaining/smoke/transition_dynamics_shift.yaml,Reviewer1-transition-dynamics-shift-smoke,Reviewer1TransitionDynamicsShift-v0,Reviewer1TransitionDynamicsShift-v0,native_gymnasium_observation,count_gated_tau_20,11000,train,6415,,,6415,54,-2.0600000000000005,160,0.0,6415,369,0.0013165442349339427,0.027752719819545746,0,1,3,13.262269699996978,12.171236599991971,1.0910331000050064,12.171236599991971,1.0910331000050064,b240632d76bfe6919b44416ecd12239cbcb93cea,1.8.0,cde18190c3c8d2f5e97799ac5572ab19fe5ea4929fd0422da19b385b1d617f1e,True,3.14.3,2.11.0+cpu,2.4.3,1.3.0,3.1.0,not-installed,not-installed,0.1787557212184654,0.0,1.0,1.0,1074.0,1.0,0.0,0.0,0.0,0.0,0.05,0.2859332941205978,0.7140667058794021,0.0,nan,nan,0.3438271119176881,nan,0.95,0.95,nan,0.05,nan,nan,exact,187.91249999999997,29.299999999999997,neural,1074.0,4296.0,42960.0,nan,0.0,0.0,nan,,,,,,,,,,,,,,,
reviewer1_transition_dynamics_shift_smoke,reviewer1_transition_dynamics_shift_smoke,configs/reviewer1_remaining/smoke/transition_dynamics_shift.yaml,Reviewer1-transition-dynamics-shift-smoke,Reviewer1TransitionDynamicsShift-v0,Reviewer1TransitionDynamicsShift-v0,native_gymnasium_observation,count_gated_tau_20,11000,train,6419,,,6419,55,0.97,4,1.0,6419,370,0.0013134051589863578,0.027752719819545746,0,1,3,13.270759799997904,12.179726699992898,1.0910331000050064,12.179726699992898,1.0910331000050064,b240632d76bfe6919b44416ecd12239cbcb93cea,1.8.0,cde18190c3c8d2f5e97799ac5572ab19fe5ea4929fd0422da19b385b1d617f1e,True,3.14.3,2.11.0+cpu,2.4.3,1.3.0,3.1.0,not-installed,not-installed,0.17857497731430114,0.0,1.0,1.0,1076.0,0.0,0.0,0.0,0.0,1.0,1.0,0.0,1.0,0.0,nan,nan,0.0,nan,0.0,0.0,nan,1.0,nan,nan,unsupported,151.85,26.7,neural,1076.0,4304.0,43040.0,nan,0.0,0.0,nan,,,,,,,,,,,,,,,
reviewer1_transition_dynamics_shift_smoke,reviewer1_transition_dynamics_shift_smoke,configs/reviewer1_remaining/smoke/transition_dynamics_shift.yaml,Reviewer1-transition-dynamics-shift-smoke,Reviewer1TransitionDynamicsShift-v0,Reviewer1TransitionDynamicsShift-v0,native_gymnasium_observation,count_gated_tau_20,11000,train,6579,,,6579,56,-2.1799999999999997,160,0.0,6579,380,0.0013167899434225355,0.027752719819545746,0,1,3,13.562576700001955,12.471543599996949,1.0910331000050064,12.471543599996949,1.0910331000050064,b240632d76bfe6919b44416ecd12239cbcb93cea,1.8.0,cde18190c3c8d2f5e97799ac5572ab19fe5ea4929fd0422da19b385b1d617f1e,True,3.14.3,2.11.0+cpu,2.4.3,1.3.0,3.1.0,not-installed,not-installed,0.18390203841830868,0.0,1.0,1.0,1091.0,1.0,0.0,0.0,0.0,0.0,0.03125,0.2879484889047491,0.712051511095251,0.0,nan,nan,0.34831535417802556,nan,0.96875,0.96875,nan,0.03125,nan,nan,exact,158.65812499999998,24.6,neural,1091.0,4364.0,43640.0,nan,0.0,0.0,nan,,,,,,,,,,,,,,,
reviewer1_transition_dynamics_shift_smoke,reviewer1_transition_dynamics_shift_smoke,configs/reviewer1_remaining/smoke/transition_dynamics_shift.yaml,Reviewer1-transition-dynamics-shift-smoke,Reviewer1TransitionDynamicsShift-v0,Reviewer1TransitionDynamicsShift-v0,native_gymnasium_observation,count_gated_tau_20,11000,train,6739,,,6739,57,-2.0000000000000013,160,0.0,6739,390,0.0013502380391517549,0.027752719819545746,0,1,3,13.865035599999828,12.774002499994822,1.0910331000050064,12.774002499994822,1.0910331000050064,b240632d76bfe6919b44416ecd12239cbcb93cea,1.8.0,cde18190c3c8d2f5e97799ac5572ab19fe5ea4929fd0422da19b385b1d617f1e,True,3.14.3,2.11.0+cpu,2.4.3,1.3.0,3.1.0,not-installed,not-installed,0.1907782939875336,0.0,1.0,1.0,1102.0,1.0,0.0,0.0,0.0,0.0,0.1,0.3231149566097478,0.6768850433902521,0.0,nan,nan,0.3988012631534971,nan,0.9,0.9,nan,0.1,nan,nan,exact,191.11937500000002,26.950000000000003,neural,1102.0,4408.0,44080.0,nan,0.0,0.0,nan,,,,,,,,,,,,,,,
reviewer1_transition_dynamics_shift_smoke,reviewer1_transition_dynamics_shift_smoke,configs/reviewer1_remaining/smoke/transition_dynamics_shift.yaml,Reviewer1-transition-dynamics-shift-smoke,Reviewer1TransitionDynamicsShift-v0,Reviewer1TransitionDynamicsShift-v0,native_gymnasium_observation,count_gated_tau_20,11000,train,6810,,,6810,58,0.05999999999999939,71,1.0,6810,394,0.001376698628680665,0.027752719819545746,0,1,3,13.944073999999091,12.853040899994085,1.0910331000050064,12.853040899994085,1.0910331000050064,b240632d76bfe6919b44416ecd12239cbcb93cea,1.8.0,cde18190c3c8d2f5e97799ac5572ab19fe5ea4929fd0422da19b385b1d617f1e,True,3.14.3,2.11.0+cpu,2.4.3,1.3.0,3.1.0,not-installed,not-installed,0.19061374723765737,0.0,1.0,1.0,1111.0,0.0,0.0,0.0,0.0,1.0,0.11267605633802817,0.17867253391521018,0.8213274660847897,0.0,nan,nan,0.2023866885915727,nan,0.8873239436619719,0.8873239436619719,nan,0.11267605633802817,nan,nan,exact,150.2845070422535,22.6,neural,1111.0,4444.0,44440.0,nan,0.0,0.0,nan,,,,,,,,,,,,,,,
reviewer1_transition_dynamics_shift_smoke,reviewer1_transition_dynamics_shift_smoke,configs/reviewer1_remaining/smoke/transition_dynamics_shift.yaml,Reviewer1-transition-dynamics-shift-smoke,Reviewer1TransitionDynamicsShift-v0,Reviewer1TransitionDynamicsShift-v0,native_gymnasium_observation,count_gated_tau_20,11000,train,6877,,,6877,59,0.08999999999999941,67,1.0,6877,398,0.0013647753370304,0.027752719819545746,0,1,3,14.046771799999988,12.955738699994981,1.0910331000050064,12.955738699994981,1.0910331000050064,b240632d76bfe6919b44416ecd12239cbcb93cea,1.8.0,cde18190c3c8d2f5e97799ac5572ab19fe5ea4929fd0422da19b385b1d617f1e,True,3.14.3,2.11.0+cpu,2.4.3,1.3.0,3.1.0,not-installed,not-installed,0.19116829163032564,0.0,1.0,1.0,1112.0,0.0,0.0,0.0,0.0,1.0,0.0,0.23927540013069107,0.7607245998693092,0.0,nan,nan,0.275950047220959,nan,1.0,1.0,nan,0.0,nan,nan,exact,216.8925373134328,29.7,neural,1112.0,4448.0,44480.0,nan,0.0,0.0,nan,,,,,,,,,,,,,,,
reviewer1_transition_dynamics_shift_smoke,reviewer1_transition_dynamics_shift_smoke,configs/reviewer1_remaining/smoke/transition_dynamics_shift.yaml,Reviewer1-transition-dynamics-shift-smoke,Reviewer1TransitionDynamicsShift-v0,Reviewer1TransitionDynamicsShift-v0,native_gymnasium_observation,count_gated_tau_20,11000,train,7023,,,7023,60,-0.7900000000000011,146,1.0,7023,407,0.0013367866882278154,0.027752719819545746,0,1,3,14.27092509999784,13.179891999992833,1.0910331000050064,13.179891999992833,1.0910331000050064,b240632d76bfe6919b44416ecd12239cbcb93cea,1.8.0,cde18190c3c8d2f5e97799ac5572ab19fe5ea4929fd0422da19b385b1d617f1e,True,3.14.3,2.11.0+cpu,2.4.3,1.3.0,3.1.0,not-installed,not-installed,0.1894454058797623,0.0,1.0,1.0,1138.0,0.0,0.0,0.0,0.0,1.0,0.1232876712328767,0.13516793210807507,0.8648320678919249,0.0,nan,nan,0.15157393267625896,nan,0.8767123287671232,0.8767123287671232,nan,0.1232876712328767,nan,nan,exact,158.34657534246574,24.55,neural,1138.0,4552.0,45520.0,nan,0.0,0.0,nan,,,,,,,,,,,,,,,
reviewer1_transition_dynamics_shift_smoke,reviewer1_transition_dynamics_shift_smoke,configs/reviewer1_remaining/smoke/transition_dynamics_shift.yaml,Reviewer1-transition-dynamics-shift-smoke,Reviewer1TransitionDynamicsShift-v0,Reviewer1TransitionDynamicsShift-v0,native_gymnasium_observation,count_gated_tau_20,11000,train,7036,,,7036,61,0.87,13,1.0,7036,408,0.0013336978829110926,0.027752719819545746,0,1,3,14.287659200002963,13.196626099997957,1.0910331000050064,13.196626099997957,1.0910331000050064,b240632d76bfe6919b44416ecd12239cbcb93cea,1.8.0,cde18190c3c8d2f5e97799ac5572ab19fe5ea4929fd0422da19b385b1d617f1e,True,3.14.3,2.11.0+cpu,2.4.3,1.3.0,3.1.0,not-installed,not-installed,0.1889832494943598,0.0,1.0,1.0,1141.0,0.0,0.0,0.0,0.0,1.0,0.6153846153846154,0.05494505494505494,0.9450549450549451,0.0,nan,nan,0.05952673562979682,nan,0.38461538461538464,0.38461538461538464,nan,0.6153846153846154,nan,nan,unsupported,197.5846153846154,23.0,neural,1141.0,4564.0,45640.0,nan,0.0,0.0,nan,,,,,,,,,,,,,,,
reviewer1_transition_dynamics_shift_smoke,reviewer1_transition_dynamics_shift_smoke,configs/reviewer1_remaining/smoke/transition_dynamics_shift.yaml,Reviewer1-transition-dynamics-shift-smoke,Reviewer1TransitionDynamicsShift-v0,Reviewer1TransitionDynamicsShift-v0,native_gymnasium_observation,count_gated_tau_20,11000,train,7185,,,7185,62,-0.9000000000000015,149,1.0,7185,418,0.0013033807857780403,0.027752719819545746,0,1,3,14.503233499999624,13.412200399994617,1.0910331000050064,13.412200399994617,1.0910331000050064,b240632d76bfe6919b44416ecd12239cbcb93cea,1.8.0,cde18190c3c8d2f5e97799ac5572ab19fe5ea4929fd0422da19b385b1d617f1e,True,3.14.3,2.11.0+cpu,2.4.3,1.3.0,3.1.0,not-installed,not-installed,0.19076545056384195,0.0,1.0,1.0,1153.0,0.0,0.0,0.0,0.0,1.0,0.06711409395973154,0.24608781154258683,0.7539121884574131,0.0,nan,nan,0.29044193672805396,nan,0.9328859060402684,0.9328859060402684,nan,0.06711409395973154,nan,nan,exact,163.4268456375839,24.9,neural,1153.0,4612.0,46120.0,nan,0.0,0.0,nan,,,,,,,,,,,,,,,
reviewer1_transition_dynamics_shift_smoke,reviewer1_transition_dynamics_shift_smoke,configs/reviewer1_remaining/smoke/transition_dynamics_shift.yaml,Reviewer1-transition-dynamics-shift-smoke,Reviewer1TransitionDynamicsShift-v0,Reviewer1TransitionDynamicsShift-v0,native_gymnasium_observation,count_gated_tau_20,11000,train,7345,,,7345,63,-2.1599999999999993,160,0.0,7345,428,0.0013030096710595711,0.027752719819545746,0,1,3,14.816767099997378,13.725733999992372,1.0910331000050064,13.725733999992372,1.0910331000050064,b240632d76bfe6919b44416ecd12239cbcb93cea,1.8.0,cde18190c3c8d2f5e97799ac5572ab19fe5ea4929fd0422da19b385b1d617f1e,True,3.14.3,2.11.0+cpu,2.4.3,1.3.0,3.1.0,not-installed,not-installed,0.19049303163060122,0.0,1.0,1.0,1183.0,1.0,0.0,0.0,0.0,0.0,0.2125,0.18976283097710542,0.8102371690228946,0.0,nan,nan,0.22360360094843618,nan,0.7875,0.7875,nan,0.2125,nan,nan,exact,197.12,29.6,neural,1183.0,4732.0,47320.0,nan,0.0,0.0,nan,,,,,,,,,,,,,,,
reviewer1_transition_dynamics_shift_smoke,reviewer1_transition_dynamics_shift_smoke,configs/reviewer1_remaining/smoke/transition_dynamics_shift.yaml,Reviewer1-transition-dynamics-shift-smoke,Reviewer1TransitionDynamicsShift-v0,Reviewer1TransitionDynamicsShift-v0,native_gymnasium_observation,count_gated_tau_20,11000,train,7505,,,7505,64,-2.06,160,0.0,7505,438,0.001365745024918293,0.027752719819545746,0,1,3,15.10190799999691,14.010874899991904,1.0910331000050064,14.010874899991904,1.0910331000050064,b240632d76bfe6919b44416ecd12239cbcb93cea,1.8.0,cde18190c3c8d2f5e97799ac5572ab19fe5ea4929fd0422da19b385b1d617f1e,True,3.14.3,2.11.0+cpu,2.4.3,1.3.0,3.1.0,not-installed,not-installed,0.2008208140346872,0.0,1.0,1.0,1184.0,1.0,0.0,0.0,0.0,0.0,0.0,0.466594328341862,0.533405671658138,0.0,nan,nan,0.5827000613355547,nan,1.0,1.0,nan,0.0,nan,nan,exact,184.78,28.4,neural,1184.0,4736.0,47360.0,nan,0.0,0.0,nan,,,,,,,,,,,,,,,
reviewer1_transition_dynamics_shift_smoke,reviewer1_transition_dynamics_shift_smoke,configs/reviewer1_remaining/smoke/transition_dynamics_shift.yaml,Reviewer1-transition-dynamics-shift-smoke,Reviewer1TransitionDynamicsShift-v0,Reviewer1TransitionDynamicsShift-v0,native_gymnasium_observation,count_gated_tau_20,11000,train,7665,,,7665,65,-2.2699999999999996,160,0.0,7665,448,0.0013390540389285174,0.027752719819545746,0,1,3,15.456509199997527,14.36547609999252,1.0910331000050064,14.36547609999252,1.0910331000050064,b240632d76bfe6919b44416ecd12239cbcb93cea,1.8.0,cde18190c3c8d2f5e97799ac5572ab19fe5ea4929fd0422da19b385b1d617f1e,True,3.14.3,2.11.0+cpu,2.4.3,1.3.0,3.1.0,not-installed,not-installed,0.2021397152291388,0.0,1.0,1.0,1205.0,1.0,0.0,0.0,0.0,0.0,0.09375,0.24818936348499285,0.7518106365150071,0.0,nan,nan,0.295226157905075,nan,0.90625,0.90625,nan,0.09375,nan,nan,exact,275.5,44.55,neural,1205.0,4820.0,48200.0,nan,0.0,0.0,nan,,,,,,,,,,,,,,,
reviewer1_transition_dynamics_shift_smoke,reviewer1_transition_dynamics_shift_smoke,configs/reviewer1_remaining/smoke/transition_dynamics_shift.yaml,Reviewer1-transition-dynamics-shift-smoke,Reviewer1TransitionDynamicsShift-v0,Reviewer1TransitionDynamicsShift-v0,native_gymnasium_observation,count_gated_tau_20,11000,train,7825,,,7825,66,-2.2199999999999975,160,0.0,7825,458,0.0013750777919216584,0.027752719819545746,0,1,3,15.764771199996176,14.67373809999117,1.0910331000050064,14.67373809999117,1.0910331000050064,b240632d76bfe6919b44416ecd12239cbcb93cea,1.8.0,cde18190c3c8d2f5e97799ac5572ab19fe5ea4929fd0422da19b385b1d617f1e,True,3.14.3,2.11.0+cpu,2.4.3,1.3.0,3.1.0,not-installed,not-installed,0.20258741991953358,0.0,1.0,1.0,1216.0,1.0,0.0,0.0,0.0,0.0,0.15,0.21866491658902626,0.7813350834109738,0.0,nan,nan,0.2539082676739479,nan,0.85,0.85,nan,0.15,nan,nan,exact,255.51375,38.849999999999994,neural,1216.0,4864.0,48640.0,nan,0.0,0.0,nan,,,,,,,,,,,,,,,
reviewer1_transition_dynamics_shift_smoke,reviewer1_transition_dynamics_shift_smoke,configs/reviewer1_remaining/smoke/transition_dynamics_shift.yaml,Reviewer1-transition-dynamics-shift-smoke,Reviewer1TransitionDynamicsShift-v0,Reviewer1TransitionDynamicsShift-v0,native_gymnasium_observation,count_gated_tau_20,11000,train,7985,,,7985,67,-2.0900000000000003,160,0.0,7985,468,0.0013995403225176893,0.027752719819545746,0,1,3,16.16213830000197,15.071105199996964,1.0910331000050064,15.071105199996964,1.0910331000050064,b240632d76bfe6919b44416ecd12239cbcb93cea,1.8.0,cde18190c3c8d2f5e97799ac5572ab19fe5ea4929fd0422da19b385b1d617f1e,True,3.14.3,2.11.0+cpu,2.4.3,1.3.0,3.1.0,not-installed,not-installed,0.20138064990315047,0.0,1.0,1.0,1241.0,1.0,0.0,0.0,0.0,0.0,0.23125,0.1589059820117564,0.8410940179882435,0.0,nan,nan,0.18168986580240604,nan,0.76875,0.76875,nan,0.23125,nan,nan,exact,254.47625,35.3,neural,1241.0,4964.0,49640.0,nan,0.0,0.0,nan,,,,,,,,,,,,,,,
reviewer1_transition_dynamics_shift_smoke,reviewer1_transition_dynamics_shift_smoke,configs/reviewer1_remaining/smoke/transition_dynamics_shift.yaml,Reviewer1-transition-dynamics-shift-smoke,Reviewer1TransitionDynamicsShift-v0,Reviewer1TransitionDynamicsShift-v0,native_gymnasium_observation,count_gated_tau_20,11000,train,8145,,,8145,68,-2.0500000000000003,160,0.0,8145,478,0.001420622064558214,0.027752719819545746,0,1,3,16.462876999998116,15.37184389999311,1.0910331000050064,15.37184389999311,1.0910331000050064,b240632d76bfe6919b44416ecd12239cbcb93cea,1.8.0,cde18190c3c8d2f5e97799ac5572ab19fe5ea4929fd0422da19b385b1d617f1e,True,3.14.3,2.11.0+cpu,2.4.3,1.3.0,3.1.0,not-installed,not-installed,0.20440810657202024,0.0,1.0,1.0,1248.0,1.0,0.0,0.0,0.0,0.0,0.01875,0.26035526747508797,0.739644732524912,0.0,nan,nan,0.3062179430492303,nan,0.98125,0.98125,nan,0.01875,nan,nan,exact,232.05,30.45,neural,1248.0,4992.0,49920.0,nan,0.0,0.0,nan,,,,,,,,,,,,,,,
reviewer1_transition_dynamics_shift_smoke,reviewer1_transition_dynamics_shift_smoke,configs/reviewer1_remaining/smoke/transition_dynamics_shift.yaml,Reviewer1-transition-dynamics-shift-smoke,Reviewer1TransitionDynamicsShift-v0,Reviewer1TransitionDynamicsShift-v0,native_gymnasium_observation,count_gated_tau_20,11000,train,8305,,,8305,69,-2.08,160,0.0,8305,488,0.0013938708902112354,0.027752719819545746,0,1,3,16.73135799999727,15.640324899992265,1.0910331000050064,15.640324899992265,1.0910331000050064,b240632d76bfe6919b44416ecd12239cbcb93cea,1.8.0,cde18190c3c8d2f5e97799ac5572ab19fe5ea4929fd0422da19b385b1d617f1e,True,3.14.3,2.11.0+cpu,2.4.3,1.3.0,3.1.0,not-installed,not-installed,0.21079536512563601,0.0,1.0,1.0,1262.0,1.0,0.0,0.0,0.0,0.0,0.05,0.32849853645829263,0.6715014635417074,0.0,nan,nan,0.4059682403919299,nan,0.95,0.95,nan,0.05,nan,nan,exact,232.23500000000004,31.35,neural,1262.0,5048.0,50480.0,nan,0.0,0.0,nan,,,,,,,,,,,,,,,
reviewer1_transition_dynamics_shift_smoke,reviewer1_transition_dynamics_shift_smoke,configs/reviewer1_remaining/smoke/transition_dynamics_shift.yaml,Reviewer1-transition-dynamics-shift-smoke,Reviewer1TransitionDynamicsShift-v0,Reviewer1TransitionDynamicsShift-v0,native_gymnasium_observation,count_gated_tau_20,11000,train,8333,,,8333,70,0.7,28,1.0,8333,489,0.0013912175183841454,0.027752719819545746,0,1,3,16.77340749999712,15.682374399992113,1.0910331000050064,15.682374399992113,1.0910331000050064,b240632d76bfe6919b44416ecd12239cbcb93cea,1.8.0,cde18190c3c8d2f5e97799ac5572ab19fe5ea4929fd0422da19b385b1d617f1e,True,3.14.3,2.11.0+cpu,2.4.3,1.3.0,3.1.0,not-installed,not-installed,0.20981492034120305,0.0,1.0,1.0,1277.0,0.0,0.0,0.0,0.0,1.0,0.6785714285714286,0.0214904143475572,0.9785095856524428,0.0,nan,nan,0.02230368590544971,nan,0.32142857142857145,0.32142857142857145,nan,0.6785714285714286,nan,nan,unsupported,186.6071428571429,33.35,neural,1277.0,5108.0,51080.0,nan,0.0,0.0,nan,,,,,,,,,,,,,,,
reviewer1_transition_dynamics_shift_smoke,reviewer1_transition_dynamics_shift_smoke,configs/reviewer1_remaining/smoke/transition_dynamics_shift.yaml,Reviewer1-transition-dynamics-shift-smoke,Reviewer1TransitionDynamicsShift-v0,Reviewer1TransitionDynamicsShift-v0,native_gymnasium_observation,count_gated_tau_20,11000,train,8435,,,8435,71,-0.4300000000000008,102,1.0,8435,496,0.0013970054161958497,0.027752719819545746,0,1,3,16.91700690000289,15.825973799997882,1.0910331000050064,15.825973799997882,1.0910331000050064,b240632d76bfe6919b44416ecd12239cbcb93cea,1.8.0,cde18190c3c8d2f5e97799ac5572ab19fe5ea4929fd0422da19b385b1d617f1e,True,3.14.3,2.11.0+cpu,2.4.3,1.3.0,3.1.0,not-installed,not-installed,0.2121552579655318,0.0,1.0,1.0,1288.0,0.0,0.0,0.0,0.0,1.0,0.049019607843137254,0.30946117495281417,0.6905388250471857,0.0,nan,nan,0.3766915981119131,nan,0.9509803921568627,0.9509803921568627,nan,0.049019607843137254,nan,nan,exact,240.09215686274507,33.55,neural,1288.0,5152.0,51520.0,nan,0.0,0.0,nan,,,,,,,,,,,,,,,
reviewer1_transition_dynamics_shift_smoke,reviewer1_transition_dynamics_shift_smoke,configs/reviewer1_remaining/smoke/transition_dynamics_shift.yaml,Reviewer1-transition-dynamics-shift-smoke,Reviewer1TransitionDynamicsShift-v0,Reviewer1TransitionDynamicsShift-v0,native_gymnasium_observation,count_gated_tau_20,11000,train,8595,,,8595,72,-2.0800000000000014,160,0.0,8595,506,0.0014024697583958862,0.027752719819545746,0,1,3,17.221947300000465,16.13091419999546,1.0910331000050064,16.13091419999546,1.0910331000050064,b240632d76bfe6919b44416ecd12239cbcb93cea,1.8.0,cde18190c3c8d2f5e97799ac5572ab19fe5ea4929fd0422da19b385b1d617f1e,True,3.14.3,2.11.0+cpu,2.4.3,1.3.0,3.1.0,not-installed,not-installed,0.21211558918129794,0.0,1.0,1.0,1302.0,1.0,0.0,0.0,0.0,0.0,0.09375,0.22772476029515137,0.7722752397048486,0.0,nan,nan,0.2692130202510394,nan,0.90625,0.90625,nan,0.09375,nan,nan,exact,236.3225,35.5,neural,1302.0,5208.0,52080.0,nan,0.0,0.0,nan,,,,,,,,,,,,,,,
reviewer1_transition_dynamics_shift_smoke,reviewer1_transition_dynamics_shift_smoke,configs/reviewer1_remaining/smoke/transition_dynamics_shift.yaml,Reviewer1-transition-dynamics-shift-smoke,Reviewer1TransitionDynamicsShift-v0,Reviewer1TransitionDynamicsShift-v0,native_gymnasium_observation,count_gated_tau_20,11000,train,8687,,,8687,73,-0.12000000000000077,92,1.0,8687,511,0.0013897261550698014,0.027752719819545746,0,1,3,17.347436500000185,16.25640339999518,1.0910331000050064,16.25640339999518,1.0910331000050064,b240632d76bfe6919b44416ecd12239cbcb93cea,1.8.0,cde18190c3c8d2f5e97799ac5572ab19fe5ea4929fd0422da19b385b1d617f1e,True,3.14.3,2.11.0+cpu,2.4.3,1.3.0,3.1.0,not-installed,not-installed,0.21112028860812074,0.0,1.0,1.0,1324.0,0.0,0.0,0.0,0.0,1.0,0.2608695652173913,0.19714610971630164,0.8028538902836984,0.0,nan,nan,0.23140575951557898,nan,0.7391304347826086,0.7391304347826086,nan,0.2608695652173913,nan,nan,exact,216.375,27.7,neural,1324.0,5296.0,52960.0,nan,0.0,0.0,nan,,,,,,,,,,,,,,,
reviewer1_transition_dynamics_shift_smoke,reviewer1_transition_dynamics_shift_smoke,configs/reviewer1_remaining/smoke/transition_dynamics_shift.yaml,Reviewer1-transition-dynamics-shift-smoke,Reviewer1TransitionDynamicsShift-v0,Reviewer1TransitionDynamicsShift-v0,native_gymnasium_observation,count_gated_tau_20,11000,train,8705,,,8705,74,0.75,18,1.0,8705,513,0.0013847265883498827,0.027752719819545746,0,1,3,17.375980299999355,16.28494719999435,1.0910331000050064,16.28494719999435,1.0910331000050064,b240632d76bfe6919b44416ecd12239cbcb93cea,1.8.0,cde18190c3c8d2f5e97799ac5572ab19fe5ea4929fd0422da19b385b1d617f1e,True,3.14.3,2.11.0+cpu,2.4.3,1.3.0,3.1.0,not-installed,not-installed,0.21094926959419988,0.0,1.0,1.0,1327.0,0.0,0.0,0.0,0.0,1.0,0.0,0.10793650793650793,0.892063492063492,0.0,nan,nan,0.11543872198981577,nan,1.0,1.0,nan,0.0,nan,nan,exact,143.47777777777776,21.2,neural,1327.0,5308.0,53080.0,nan,0.0,0.0,nan,,,,,,,,,,,,,,,
reviewer1_transition_dynamics_shift_smoke,reviewer1_transition_dynamics_shift_smoke,configs/reviewer1_remaining/smoke/transition_dynamics_shift.yaml,Reviewer1-transition-dynamics-shift-smoke,Reviewer1TransitionDynamicsShift-v0,Reviewer1TransitionDynamicsShift-v0,native_gymnasium_observation,count_gated_tau_20,11000,train,8775,,,8775,75,0.11999999999999944,70,1.0,8775,517,0.001398047567123264,0.027752719819545746,0,1,3,17.4788727999985,16.387839699993492,1.0910331000050064,16.387839699993492,1.0910331000050064,b240632d76bfe6919b44416ecd12239cbcb93cea,1.8.0,cde18190c3c8d2f5e97799ac5572ab19fe5ea4929fd0422da19b385b1d617f1e,True,3.14.3,2.11.0+cpu,2.4.3,1.3.0,3.1.0,not-installed,not-installed,0.20929204298740664,0.0,1.0,1.0,1346.0,0.0,0.0,0.0,0.0,1.0,0.1,0.1116981362322977,0.8883018637677021,0.0,nan,nan,0.12086254253700045,nan,0.9,0.9,nan,0.1,nan,nan,exact,238.43571428571428,30.450000000000003,neural,1346.0,5384.0,53840.0,nan,0.0,0.0,nan,,,,,,,,,,,,,,,
reviewer1_transition_dynamics_shift_smoke,reviewer1_transition_dynamics_shift_smoke,configs/reviewer1_remaining/smoke/transition_dynamics_shift.yaml,Reviewer1-transition-dynamics-shift-smoke,Reviewer1TransitionDynamicsShift-v0,Reviewer1TransitionDynamicsShift-v0,native_gymnasium_observation,count_gated_tau_20,11000,train,8935,,,8935,76,-2.12,160,0.0,8935,527,0.001422588763249444,0.027752719819545746,0,1,3,17.85112189999927,16.760088799994264,1.0910331000050064,16.760088799994264,1.0910331000050064,b240632d76bfe6919b44416ecd12239cbcb93cea,1.8.0,cde18190c3c8d2f5e97799ac5572ab19fe5ea4929fd0422da19b385b1d617f1e,True,3.14.3,2.11.0+cpu,2.4.3,1.3.0,3.1.0,not-installed,not-installed,0.21304494824791456,0.0,1.0,1.0,1359.0,1.0,0.0,0.0,0.0,0.0,0.1,0.3116600134793492,0.6883399865206508,0.0,nan,nan,0.3814429231478337,nan,0.9,0.9,nan,0.1,nan,nan,exact,262.27,41.55,neural,1359.0,5436.0,54360.0,nan,0.0,0.0,nan,,,,,,,,,,,,,,,
reviewer1_transition_dynamics_shift_smoke,reviewer1_transition_dynamics_shift_smoke,configs/reviewer1_remaining/smoke/transition_dynamics_shift.yaml,Reviewer1-transition-dynamics-shift-smoke,Reviewer1TransitionDynamicsShift-v0,Reviewer1TransitionDynamicsShift-v0,native_gymnasium_observation,count_gated_tau_20,11000,train,8980,,,8980,77,0.36999999999999966,45,1.0,8980,530,0.0014149379294017223,0.027752719819545746,0,1,3,17.920033199996396,16.82900009999139,1.0910331000050064,16.82900009999139,1.0910331000050064,b240632d76bfe6919b44416ecd12239cbcb93cea,1.8.0,cde18190c3c8d2f5e97799ac5572ab19fe5ea4929fd0422da19b385b1d617f1e,True,3.14.3,2.11.0+cpu,2.4.3,1.3.0,3.1.0,not-installed,not-installed,0.21230942694123214,0.0,1.0,1.0,1374.0,0.0,0.0,0.0,0.0,1.0,0.4,0.1298085379819126,0.8701914620180875,0.0,nan,nan,0.1508088353414668,nan,0.6,0.6,nan,0.4,nan,nan,exact,225.25777777777773,25.1,neural,1374.0,5496.0,54960.0,nan,0.0,0.0,nan,,,,,,,,,,,,,,,
reviewer1_transition_dynamics_shift_smoke,reviewer1_transition_dynamics_shift_smoke,configs/reviewer1_remaining/smoke/transition_dynamics_shift.yaml,Reviewer1-transition-dynamics-shift-smoke,Reviewer1TransitionDynamicsShift-v0,Reviewer1TransitionDynamicsShift-v0,native_gymnasium_observation,count_gated_tau_20,11000,train,9140,,,9140,78,-1.9300000000000015,160,0.0,9140,540,0.0013899760326947013,0.027752719819545746,0,1,3,18.20999789999769,17.118964799992682,1.0910331000050064,17.118964799992682,1.0910331000050064,b240632d76bfe6919b44416ecd12239cbcb93cea,1.8.0,cde18190c3c8d2f5e97799ac5572ab19fe5ea4929fd0422da19b385b1d617f1e,True,3.14.3,2.11.0+cpu,2.4.3,1.3.0,3.1.0,not-installed,not-installed,0.22043532816989933,0.0,1.0,1.0,1374.0,1.0,0.0,0.0,0.0,0.0,0.0,0.4567418085621463,0.5432581914378537,0.0,nan,nan,0.5707433537818913,nan,1.0,1.0,nan,0.0,nan,nan,exact,254.86875,38.849999999999994,neural,1374.0,5496.0,54960.0,nan,0.0,0.0,nan,,,,,,,,,,,,,,,
reviewer1_transition_dynamics_shift_smoke,reviewer1_transition_dynamics_shift_smoke,configs/reviewer1_remaining/smoke/transition_dynamics_shift.yaml,Reviewer1-transition-dynamics-shift-smoke,Reviewer1TransitionDynamicsShift-v0,Reviewer1TransitionDynamicsShift-v0,native_gymnasium_observation,count_gated_tau_20,11000,train,9203,,,9203,79,0.25999999999999956,63,1.0,9203,544,0.0013802078710160887,0.027752719819545746,0,1,3,18.338710999996692,17.247677899991686,1.0910331000050064,17.247677899991686,1.0910331000050064,b240632d76bfe6919b44416ecd12239cbcb93cea,1.8.0,cde18190c3c8d2f5e97799ac5572ab19fe5ea4929fd0422da19b385b1d617f1e,True,3.14.3,2.11.0+cpu,2.4.3,1.3.0,3.1.0,not-installed,not-installed,0.21860933422698786,0.0,1.0,1.0,1398.0,0.0,0.0,0.0,0.0,1.0,0.38095238095238093,0.09019359599069741,0.9098064040093025,0.0,nan,nan,0.1034686918765553,nan,0.6190476190476191,0.6190476190476191,nan,0.38095238095238093,nan,nan,exact,239.2015873015873,37.4,neural,1398.0,5592.0,55920.0,nan,0.0,0.0,nan,,,,,,,,,,,,,,,
reviewer1_transition_dynamics_shift_smoke,reviewer1_transition_dynamics_shift_smoke,configs/reviewer1_remaining/smoke/transition_dynamics_shift.yaml,Reviewer1-transition-dynamics-shift-smoke,Reviewer1TransitionDynamicsShift-v0,Reviewer1TransitionDynamicsShift-v0,native_gymnasium_observation,count_gated_tau_20,11000,train,9208,,,9208,80,0.96,5,1.0,9208,544,0.0013802078710160887,0.027752719819545746,0,1,3,18.34700519999751,17.255972099992505,1.0910331000050064,17.255972099992505,1.0910331000050064,b240632d76bfe6919b44416ecd12239cbcb93cea,1.8.0,cde18190c3c8d2f5e97799ac5572ab19fe5ea4929fd0422da19b385b1d617f1e,True,3.14.3,2.11.0+cpu,2.4.3,1.3.0,3.1.0,not-installed,not-installed,0.2185011263097266,0.0,1.0,1.0,1399.0,0.0,0.0,0.0,0.0,1.0,0.2,0.08063241106719368,0.9193675889328065,0.0,nan,nan,0.08495595389341273,nan,0.8,0.8,nan,0.2,nan,nan,exact,413.38,25.1,neural,1399.0,5596.0,55960.0,nan,0.0,0.0,nan,,,,,,,,,,,,,,,
reviewer1_transition_dynamics_shift_smoke,reviewer1_transition_dynamics_shift_smoke,configs/reviewer1_remaining/smoke/transition_dynamics_shift.yaml,Reviewer1-transition-dynamics-shift-smoke,Reviewer1TransitionDynamicsShift-v0,Reviewer1TransitionDynamicsShift-v0,native_gymnasium_observation,count_gated_tau_20,11000,train,9368,,,9368,81,-1.9900000000000013,160,0.0,9368,554,0.0013834980727584572,0.027752719819545746,0,1,3,18.67793189999793,17.586898799992923,1.0910331000050064,17.586898799992923,1.0910331000050064,b240632d76bfe6919b44416ecd12239cbcb93cea,1.8.0,cde18190c3c8d2f5e97799ac5572ab19fe5ea4929fd0422da19b385b1d617f1e,True,3.14.3,2.11.0+cpu,2.4.3,1.3.0,3.1.0,not-installed,not-installed,0.2268502495232549,0.0,1.0,1.0,1399.0,1.0,0.0,0.0,0.0,0.0,0.0,0.46221294315457684,0.5377870568454232,0.0,nan,nan,0.5790878383616809,nan,1.0,1.0,nan,0.0,nan,nan,exact,285.35687500000006,65.65,neural,1399.0,5596.0,55960.0,nan,0.0,0.0,nan,,,,,,,,,,,,,,,
reviewer1_transition_dynamics_shift_smoke,reviewer1_transition_dynamics_shift_smoke,configs/reviewer1_remaining/smoke/transition_dynamics_shift.yaml,Reviewer1-transition-dynamics-shift-smoke,Reviewer1TransitionDynamicsShift-v0,Reviewer1TransitionDynamicsShift-v0,native_gymnasium_observation,count_gated_tau_20,11000,train,9415,,,9415,82,0.2899999999999996,47,1.0,9415,557,0.0013762275207986777,0.027752719819545746,0,1,3,18.734691700003168,17.64365859999816,1.0910331000050064,17.64365859999816,1.0910331000050064,b240632d76bfe6919b44416ecd12239cbcb93cea,1.8.0,cde18190c3c8d2f5e97799ac5572ab19fe5ea4929fd0422da19b385b1d617f1e,True,3.14.3,2.11.0+cpu,2.4.3,1.3.0,3.1.0,not-installed,not-installed,0.22681406751907032,0.0,1.0,1.0,1401.0,0.0,0.0,0.0,0.0,1.0,0.0425531914893617,0.26793912089285776,0.7320608791071422,0.0,nan,nan,0.31680194770053727,nan,0.9574468085106383,0.9574468085106383,nan,0.0425531914893617,nan,nan,exact,174.99574468085106,21.1,neural,1401.0,5604.0,56040.0,nan,0.0,0.0,nan,,,,,,,,,,,,,,,
reviewer1_transition_dynamics_shift_smoke,reviewer1_transition_dynamics_shift_smoke,configs/reviewer1_remaining/smoke/transition_dynamics_shift.yaml,Reviewer1-transition-dynamics-shift-smoke,Reviewer1TransitionDynamicsShift-v0,Reviewer1TransitionDynamicsShift-v0,native_gymnasium_observation,count_gated_tau_20,11000,train,9452,,,9452,83,0.4999999999999998,37,1.0,9452,559,0.001371576209880824,0.027752719819545746,0,1,3,18.78600269999879,17.694969599993783,1.0910331000050064,17.694969599993783,1.0910331000050064,b240632d76bfe6919b44416ecd12239cbcb93cea,1.8.0,cde18190c3c8d2f5e97799ac5572ab19fe5ea4929fd0422da19b385b1d617f1e,True,3.14.3,2.11.0+cpu,2.4.3,1.3.0,3.1.0,not-installed,not-installed,0.22599801800480118,0.0,1.0,1.0,1406.0,0.0,0.0,0.0,0.0,1.0,0.16216216216216217,0.13154365328278372,0.8684563467172165,0.0,nan,nan,0.1452652623602446,nan,0.8378378378378378,0.8378378378378378,nan,0.16216216216216217,nan,nan,exact,287.84594594594586,422.3,neural,1406.0,5624.0,56240.0,nan,0.0,0.0,nan,,,,,,,,,,,,,,,
reviewer1_transition_dynamics_shift_smoke,reviewer1_transition_dynamics_shift_smoke,configs/reviewer1_remaining/smoke/transition_dynamics_shift.yaml,Reviewer1-transition-dynamics-shift-smoke,Reviewer1TransitionDynamicsShift-v0,Reviewer1TransitionDynamicsShift-v0,native_gymnasium_observation,count_gated_tau_20,11000,train,9612,,,9612,84,-1.9800000000000015,160,0.0,9612,569,0.0013701435805983325,0.027752719819545746,0,1,3,19.196352099999785,18.10531899999478,1.0910331000050064,18.10531899999478,1.0910331000050064,b240632d76bfe6919b44416ecd12239cbcb93cea,1.8.0,cde18190c3c8d2f5e97799ac5572ab19fe5ea4929fd0422da19b385b1d617f1e,True,3.14.3,2.11.0+cpu,2.4.3,1.3.0,3.1.0,not-installed,not-installed,0.22722491598656577,0.0,1.0,1.0,1409.0,1.0,0.0,0.0,0.0,0.0,0.0,0.2618705738309352,0.7381294261690647,0.0,nan,nan,0.30397542268652405,nan,1.0,1.0,nan,0.0,nan,nan,exact,323.32624999999996,68.6,neural,1409.0,5636.0,56360.0,nan,0.0,0.0,nan,,,,,,,,,,,,,,,
reviewer1_transition_dynamics_shift_smoke,reviewer1_transition_dynamics_shift_smoke,configs/reviewer1_remaining/smoke/transition_dynamics_shift.yaml,Reviewer1-transition-dynamics-shift-smoke,Reviewer1TransitionDynamicsShift-v0,Reviewer1TransitionDynamicsShift-v0,native_gymnasium_observation,count_gated_tau_20,11000,train,9772,,,9772,85,-1.7800000000000014,160,0.0,9772,579,0.0013473080129759792,0.027752719819545746,0,1,3,19.622792100002698,18.53175899999769,1.0910331000050064,18.53175899999769,1.0910331000050064,b240632d76bfe6919b44416ecd12239cbcb93cea,1.8.0,cde18190c3c8d2f5e97799ac5572ab19fe5ea4929fd0422da19b385b1d617f1e,True,3.14.3,2.11.0+cpu,2.4.3,1.3.0,3.1.0,not-installed,not-installed,0.23350154674852852,0.0,1.0,1.0,1409.0,1.0,0.0,0.0,0.0,0.0,0.0,0.4062044504645,0.5937955495355001,0.0,nan,nan,0.5000536747176232,nan,1.0,1.0,nan,0.0,nan,nan,exact,387.995,416.55,neural,1409.0,5636.0,56360.0,nan,0.0,0.0,nan,,,,,,,,,,,,,,,
reviewer1_transition_dynamics_shift_smoke,reviewer1_transition_dynamics_shift_smoke,configs/reviewer1_remaining/smoke/transition_dynamics_shift.yaml,Reviewer1-transition-dynamics-shift-smoke,Reviewer1TransitionDynamicsShift-v0,Reviewer1TransitionDynamicsShift-v0,native_gymnasium_observation,count_gated_tau_20,11000,train,9838,,,9838,86,0.24999999999999956,66,1.0,9838,583,0.0013382589241134482,0.027752719819545746,0,1,3,19.733608299997286,18.64257519999228,1.0910331000050064,18.64257519999228,1.0910331000050064,b240632d76bfe6919b44416ecd12239cbcb93cea,1.8.0,cde18190c3c8d2f5e97799ac5572ab19fe5ea4929fd0422da19b385b1d617f1e,True,3.14.3,2.11.0+cpu,2.4.3,1.3.0,3.1.0,not-installed,not-installed,0.2315961580375651,0.0,1.0,1.0,1428.0,0.0,0.0,0.0,0.0,1.0,0.3484848484848485,0.08590327839339698,0.9140967216066029,0.0,nan,nan,0.09374922385128794,nan,0.6515151515151515,0.6515151515151515,nan,0.3484848484848485,nan,nan,exact,250.16212121212124,46.45,neural,1428.0,5712.0,57120.0,nan,0.0,0.0,nan,,,,,,,,,,,,,,,
reviewer1_transition_dynamics_shift_smoke,reviewer1_transition_dynamics_shift_smoke,configs/reviewer1_remaining/smoke/transition_dynamics_shift.yaml,Reviewer1-transition-dynamics-shift-smoke,Reviewer1TransitionDynamicsShift-v0,Reviewer1TransitionDynamicsShift-v0,native_gymnasium_observation,count_gated_tau_20,11000,train,9998,,,9998,87,-2.2099999999999986,160,0.0,9998,593,0.001397625263012883,0.027752719819545746,0,1,3,20.056639700000233,18.965606599995226,1.0910331000050064,18.965606599995226,1.0910331000050064,b240632d76bfe6919b44416ecd12239cbcb93cea,1.8.0,cde18190c3c8d2f5e97799ac5572ab19fe5ea4929fd0422da19b385b1d617f1e,True,3.14.3,2.11.0+cpu,2.4.3,1.3.0,3.1.0,not-installed,not-installed,0.23196079252319252,0.0,1.0,1.0,1440.0,1.0,0.0,0.0,0.0,0.0,0.1125,0.22398142288765416,0.7760185771123458,0.0,nan,nan,0.2624241698565496,nan,0.8875,0.8875,nan,0.1125,nan,nan,exact,264.62624999999997,43.7,neural,1440.0,5760.0,57600.0,nan,0.0,0.0,nan,,,,,,,,,,,,,,,
reviewer1_transition_dynamics_shift_smoke,reviewer1_transition_dynamics_shift_smoke,configs/reviewer1_remaining/smoke/transition_dynamics_shift.yaml,Reviewer1-transition-dynamics-shift-smoke,Reviewer1TransitionDynamicsShift-v0,Reviewer1TransitionDynamicsShift-v0,native_gymnasium_observation,count_gated_tau_20,11000,train,10009,,,10009,88,0.9,11,1.0,10009,594,0.0013956822521007052,0.027752719819545746,0,1,3,20.074625499997637,18.98359239999263,1.0910331000050064,18.98359239999263,1.0910331000050064,b240632d76bfe6919b44416ecd12239cbcb93cea,1.8.0,cde18190c3c8d2f5e97799ac5572ab19fe5ea4929fd0422da19b385b1d617f1e,True,3.14.3,2.11.0+cpu,2.4.3,1.3.0,3.1.0,not-installed,not-installed,0.23193835028199195,0.0,1.0,1.0,1442.0,0.0,0.0,0.0,0.0,1.0,0.45454545454545453,0.160643704121965,0.839356295878035,0.0,nan,nan,0.19564244977092768,nan,0.5454545454545454,0.5454545454545454,nan,0.45454545454545453,nan,nan,exact,284.1636363636364,398.9,neural,1442.0,5768.0,57680.0,nan,0.0,0.0,nan,,,,,,,,,,,,,,,
reviewer1_transition_dynamics_shift_smoke,reviewer1_transition_dynamics_shift_smoke,configs/reviewer1_remaining/smoke/transition_dynamics_shift.yaml,Reviewer1-transition-dynamics-shift-smoke,Reviewer1TransitionDynamicsShift-v0,Reviewer1TransitionDynamicsShift-v0,native_gymnasium_observation,count_gated_tau_20,11000,train,10169,,,10169,89,-2.249999999999998,160,0.0,10169,604,0.0014165111544769881,0.027752719819545746,0,1,3,20.32987200000207,19.238838899997063,1.0910331000050064,19.238838899997063,1.0910331000050064,b240632d76bfe6919b44416ecd12239cbcb93cea,1.8.0,cde18190c3c8d2f5e97799ac5572ab19fe5ea4929fd0422da19b385b1d617f1e,True,3.14.3,2.11.0+cpu,2.4.3,1.3.0,3.1.0,not-installed,not-installed,0.23469140361306762,0.0,1.0,1.0,1455.0,1.0,0.0,0.0,0.0,0.0,0.05,0.3363306667671277,0.6636693332328724,0.0,nan,nan,0.41405602687540294,nan,0.95,0.95,nan,0.05,nan,nan,exact,273.924375,410.65,neural,1455.0,5820.0,58200.0,nan,0.0,0.0,nan,,,,,,,,,,,,,,,
reviewer1_transition_dynamics_shift_smoke,reviewer1_transition_dynamics_shift_smoke,configs/reviewer1_remaining/smoke/transition_dynamics_shift.yaml,Reviewer1-transition-dynamics-shift-smoke,Reviewer1TransitionDynamicsShift-v0,Reviewer1TransitionDynamicsShift-v0,native_gymnasium_observation,count_gated_tau_20,11000,train,10253,,,10253,90,-0.33000000000000096,84,1.0,10253,609,0.0014279559350255252,0.027752719819545746,0,1,3,20.42750089999754,19.336467799992533,1.0910331000050064,19.336467799992533,1.0910331000050064,b240632d76bfe6919b44416ecd12239cbcb93cea,1.8.0,cde18190c3c8d2f5e97799ac5572ab19fe5ea4929fd0422da19b385b1d617f1e,True,3.14.3,2.11.0+cpu,2.4.3,1.3.0,3.1.0,not-installed,not-installed,0.2361279830734475,0.0,1.0,1.0,1461.0,0.0,0.0,0.0,0.0,1.0,0.08333333333333333,0.3294866372541247,0.6705133627458751,0.0,nan,nan,0.4061571750342589,nan,0.9166666666666666,0.9166666666666666,nan,0.08333333333333333,nan,nan,exact,270.26904761904757,397.7,neural,1461.0,5844.0,58440.0,nan,0.0,0.0,nan,,,,,,,,,,,,,,,
reviewer1_transition_dynamics_shift_smoke,reviewer1_transition_dynamics_shift_smoke,configs/reviewer1_remaining/smoke/transition_dynamics_shift.yaml,Reviewer1-transition-dynamics-shift-smoke,Reviewer1TransitionDynamicsShift-v0,Reviewer1TransitionDynamicsShift-v0,native_gymnasium_observation,count_gated_tau_20,11000,train,10413,,,10413,91,-2.3199999999999994,160,0.0,10413,619,0.001407262666489759,0.027752719819545746,0,1,3,20.7358086000022,19.644775499997195,1.0910331000050064,19.644775499997195,1.0910331000050064,b240632d76bfe6919b44416ecd12239cbcb93cea,1.8.0,cde18190c3c8d2f5e97799ac5572ab19fe5ea4929fd0422da19b385b1d617f1e,True,3.14.3,2.11.0+cpu,2.4.3,1.3.0,3.1.0,not-installed,not-installed,0.23387280942154276,0.0,1.0,1.0,1497.0,1.0,0.0,0.0,0.0,0.0,0.2,0.16794489674881002,0.83205510325119,0.0,nan,nan,0.19636349166660785,nan,0.8,0.8,nan,0.2,nan,nan,exact,252.565,38.15,neural,1497.0,5988.0,59880.0,nan,0.0,0.0,nan,,,,,,,,,,,,,,,
reviewer1_transition_dynamics_shift_smoke,reviewer1_transition_dynamics_shift_smoke,configs/reviewer1_remaining/smoke/transition_dynamics_shift.yaml,Reviewer1-transition-dynamics-shift-smoke,Reviewer1TransitionDynamicsShift-v0,Reviewer1TransitionDynamicsShift-v0,native_gymnasium_observation,count_gated_tau_20,11000,train,10573,,,10573,92,-1.8200000000000014,160,0.0,10573,629,0.0013859379152783417,0.027752719819545746,0,1,3,21.063850400001684,19.972817299996677,1.0910331000050064,19.972817299996677,1.0910331000050064,b240632d76bfe6919b44416ecd12239cbcb93cea,1.8.0,cde18190c3c8d2f5e97799ac5572ab19fe5ea4929fd0422da19b385b1d617f1e,True,3.14.3,2.11.0+cpu,2.4.3,1.3.0,3.1.0,not-installed,not-installed,0.23273309786755197,0.0,1.0,1.0,1519.0,1.0,0.0,0.0,0.0,0.0,0.16875,0.17298711753699164,0.8270128824630085,0.0,nan,nan,0.19832461923303238,nan,0.83125,0.83125,nan,0.16875,nan,nan,exact,280.90625,426.55,neural,1519.0,6076.0,60760.0,nan,0.0,0.0,nan,,,,,,,,,,,,,,,
reviewer1_transition_dynamics_shift_smoke,reviewer1_transition_dynamics_shift_smoke,configs/reviewer1_remaining/smoke/transition_dynamics_shift.yaml,Reviewer1-transition-dynamics-shift-smoke,Reviewer1TransitionDynamicsShift-v0,Reviewer1TransitionDynamicsShift-v0,native_gymnasium_observation,count_gated_tau_20,11000,train,10733,,,10733,93,-2.2600000000000002,160,0.0,10733,639,0.0013992091402790085,0.027752719819545746,0,1,3,21.341361200000392,20.250328099995386,1.0910331000050064,20.250328099995386,1.0910331000050064,b240632d76bfe6919b44416ecd12239cbcb93cea,1.8.0,cde18190c3c8d2f5e97799ac5572ab19fe5ea4929fd0422da19b385b1d617f1e,True,3.14.3,2.11.0+cpu,2.4.3,1.3.0,3.1.0,not-installed,not-installed,0.23253241140510045,0.0,1.0,1.0,1537.0,1.0,0.0,0.0,0.0,0.0,0.11875,0.22692777871843237,0.7730722212815676,0.0,nan,nan,0.26969639343404783,nan,0.88125,0.88125,nan,0.11875,nan,nan,exact,271.92437499999994,409.3,neural,1537.0,6148.0,61480.0,nan,0.0,0.0,nan,,,,,,,,,,,,,,,
reviewer1_transition_dynamics_shift_smoke,reviewer1_transition_dynamics_shift_smoke,configs/reviewer1_remaining/smoke/transition_dynamics_shift.yaml,Reviewer1-transition-dynamics-shift-smoke,Reviewer1TransitionDynamicsShift-v0,Reviewer1TransitionDynamicsShift-v0,native_gymnasium_observation,count_gated_tau_20,11000,train,10893,,,10893,94,-2.2799999999999963,160,0.0,10893,649,0.0013797849391973232,0.027752719819545746,0,1,3,21.618968299997505,20.5279351999925,1.0910331000050064,20.5279351999925,1.0910331000050064,b240632d76bfe6919b44416ecd12239cbcb93cea,1.8.0,cde18190c3c8d2f5e97799ac5572ab19fe5ea4929fd0422da19b385b1d617f1e,True,3.14.3,2.11.0+cpu,2.4.3,1.3.0,3.1.0,not-installed,not-installed,0.23274213558191195,0.0,1.0,1.0,1560.0,1.0,0.0,0.0,0.0,0.0,0.175,0.24043370191427477,0.7595662980857252,0.0,nan,nan,0.2905153556420199,nan,0.825,0.825,nan,0.175,nan,nan,exact,272.20375,417.25,neural,1560.0,6240.0,62400.0,nan,0.0,0.0,nan,,,,,,,,,,,,,,,
reviewer1_transition_dynamics_shift_smoke,reviewer1_transition_dynamics_shift_smoke,configs/reviewer1_remaining/smoke/transition_dynamics_shift.yaml,Reviewer1-transition-dynamics-shift-smoke,Reviewer1TransitionDynamicsShift-v0,Reviewer1TransitionDynamicsShift-v0,native_gymnasium_observation,count_gated_tau_20,11000,train,11053,,,11053,95,-2.3399999999999976,160,0.0,11053,659,0.0013770553105629261,0.027752719819545746,0,1,3,21.84624890000123,20.755215799996222,1.0910331000050064,20.755215799996222,1.0910331000050064,b240632d76bfe6919b44416ecd12239cbcb93cea,1.8.0,cde18190c3c8d2f5e97799ac5572ab19fe5ea4929fd0422da19b385b1d617f1e,True,3.14.3,2.11.0+cpu,2.4.3,1.3.0,3.1.0,not-installed,not-installed,0.23594385402483006,0.0,1.0,1.0,1564.0,1.0,0.0,0.0,0.0,0.0,0.01875,0.33138711886634176,0.6686128811336582,0.0,nan,nan,0.404661031322172,nan,0.98125,0.98125,nan,0.01875,nan,nan,exact,285.15062499999993,412.0,neural,1564.0,6256.0,62560.0,nan,0.0,0.0,nan,,,,,,,,,,,,,,,
reviewer1_transition_dynamics_shift_smoke,reviewer1_transition_dynamics_shift_smoke,configs/reviewer1_remaining/smoke/transition_dynamics_shift.yaml,Reviewer1-transition-dynamics-shift-smoke,Reviewer1TransitionDynamicsShift-v0,Reviewer1TransitionDynamicsShift-v0,native_gymnasium_observation,count_gated_tau_20,11000,train,11213,,,11213,96,-2.2399999999999998,160,0.0,11213,669,0.0013573640831537562,0.027752719819545746,0,1,3,22.17109160000109,21.080058499996085,1.0910331000050064,21.080058499996085,1.0910331000050064,b240632d76bfe6919b44416ecd12239cbcb93cea,1.8.0,cde18190c3c8d2f5e97799ac5572ab19fe5ea4929fd0422da19b385b1d617f1e,True,3.14.3,2.11.0+cpu,2.4.3,1.3.0,3.1.0,not-installed,not-installed,0.2359896826194248,0.0,1.0,1.0,1583.0,1.0,0.0,0.0,0.0,0.0,0.14375,0.2190675393352964,0.7809324606647036,0.0,nan,nan,0.26064271057078126,nan,0.85625,0.85625,nan,0.14375,nan,nan,exact,300.86875,430.4,neural,1583.0,6332.0,63320.0,nan,0.0,0.0,nan,,,,,,,,,,,,,,,
reviewer1_transition_dynamics_shift_smoke,reviewer1_transition_dynamics_shift_smoke,configs/reviewer1_remaining/smoke/transition_dynamics_shift.yaml,Reviewer1-transition-dynamics-shift-smoke,Reviewer1TransitionDynamicsShift-v0,Reviewer1TransitionDynamicsShift-v0,native_gymnasium_observation,count_gated_tau_20,11000,train,11249,,,11249,97,0.5599999999999998,36,1.0,11249,672,0.0013738925476927545,0.027752719819545746,0,1,3,22.237290099998063,21.146256999993057,1.0910331000050064,21.146256999993057,1.0910331000050064,b240632d76bfe6919b44416ecd12239cbcb93cea,1.8.0,cde18190c3c8d2f5e97799ac5572ab19fe5ea4929fd0422da19b385b1d617f1e,True,3.14.3,2.11.0+cpu,2.4.3,1.3.0,3.1.0,not-installed,not-installed,0.23519246140950953,0.0,1.0,1.0,1589.0,0.0,0.0,0.0,0.0,1.0,0.2222222222222222,0.10003572648500182,0.8999642735149982,0.0,nan,nan,0.11131149679302643,nan,0.7777777777777778,0.7777777777777778,nan,0.2222222222222222,nan,nan,exact,292.6666666666667,238.5,neural,1589.0,6356.0,63560.0,nan,0.0,0.0,nan,,,,,,,,,,,,,,,
reviewer1_transition_dynamics_shift_smoke,reviewer1_transition_dynamics_shift_smoke,configs/reviewer1_remaining/smoke/transition_dynamics_shift.yaml,Reviewer1-transition-dynamics-shift-smoke,Reviewer1TransitionDynamicsShift-v0,Reviewer1TransitionDynamicsShift-v0,native_gymnasium_observation,count_gated_tau_20,11000,train,11253,,,11253,98,0.96,4,1.0,11253,672,0.0013738925476927545,0.027752719819545746,0,1,3,22.2424405999991,21.151407499994093,1.0910331000050064,21.151407499994093,1.0910331000050064,b240632d76bfe6919b44416ecd12239cbcb93cea,1.8.0,cde18190c3c8d2f5e97799ac5572ab19fe5ea4929fd0422da19b385b1d617f1e,True,3.14.3,2.11.0+cpu,2.4.3,1.3.0,3.1.0,not-installed,not-installed,0.23503691083979425,0.0,1.0,1.0,1592.0,0.0,0.0,0.0,0.0,1.0,1.0,0.0,1.0,0.0,nan,nan,0.0,nan,0.0,0.0,nan,1.0,nan,nan,unsupported,272.05,263.1,neural,1592.0,6368.0,63680.0,nan,0.0,0.0,nan,,,,,,,,,,,,,,,
reviewer1_transition_dynamics_shift_smoke,reviewer1_transition_dynamics_shift_smoke,configs/reviewer1_remaining/smoke/transition_dynamics_shift.yaml,Reviewer1-transition-dynamics-shift-smoke,Reviewer1TransitionDynamicsShift-v0,Reviewer1TransitionDynamicsShift-v0,native_gymnasium_observation,count_gated_tau_20,11000,train,11413,,,11413,99,-1.9000000000000015,160,0.0,11413,682,0.0013695156228930399,0.027752719819545746,0,1,3,22.581676800000423,21.490643699995417,1.0910331000050064,21.490643699995417,1.0910331000050064,b240632d76bfe6919b44416ecd12239cbcb93cea,1.8.0,cde18190c3c8d2f5e97799ac5572ab19fe5ea4929fd0422da19b385b1d617f1e,True,3.14.3,2.11.0+cpu,2.4.3,1.3.0,3.1.0,not-installed,not-installed,0.23451257222869443,0.0,1.0,1.0,1601.0,1.0,0.0,0.0,0.0,0.0,0.04375,0.21238191636569784,0.7876180836343021,0.0,nan,nan,0.24499518545043902,nan,0.95625,0.95625,nan,0.04375,nan,nan,exact,310.1475,435.9,neural,1601.0,6404.0,64040.0,nan,0.0,0.0,nan,,,,,,,,,,,,,,,
reviewer1_transition_dynamics_shift_smoke,reviewer1_transition_dynamics_shift_smoke,configs/reviewer1_remaining/smoke/transition_dynamics_shift.yaml,Reviewer1-transition-dynamics-shift-smoke,Reviewer1TransitionDynamicsShift-v0,Reviewer1TransitionDynamicsShift-v0,native_gymnasium_observation,count_gated_tau_20,11000,train,11440,,,11440,100,0.6499999999999999,27,1.0,11440,684,0.0013657826901271087,0.027752719819545746,0,1,3,22.619267100002617,21.52823399999761,1.0910331000050064,21.52823399999761,1.0910331000050064,b240632d76bfe6919b44416ecd12239cbcb93cea,1.8.0,cde18190c3c8d2f5e97799ac5572ab19fe5ea4929fd0422da19b385b1d617f1e,True,3.14.3,2.11.0+cpu,2.4.3,1.3.0,3.1.0,not-installed,not-installed,0.23379427343904663,0.0,1.0,1.0,1614.0,0.0,0.0,0.0,0.0,1.0,0.3333333333333333,0.09606174823566127,0.9039382517643387,0.0,nan,nan,0.10597363148510971,nan,0.6666666666666666,0.6666666666666666,nan,0.3333333333333333,nan,nan,exact,278.7259259259259,299.6,neural,1614.0,6456.0,64560.0,nan,0.0,0.0,nan,,,,,,,,,,,,,,,
reviewer1_transition_dynamics_shift_smoke,reviewer1_transition_dynamics_shift_smoke,configs/reviewer1_remaining/smoke/transition_dynamics_shift.yaml,Reviewer1-transition-dynamics-shift-smoke,Reviewer1TransitionDynamicsShift-v0,Reviewer1TransitionDynamicsShift-v0,native_gymnasium_observation,count_gated_tau_20,11000,train,11441,,,11441,101,1.0,1,1.0,11441,684,0.0013657826901271087,0.027752719819545746,0,1,3,22.622062000002188,21.53102889999718,1.0910331000050064,21.53102889999718,1.0910331000050064,b240632d76bfe6919b44416ecd12239cbcb93cea,1.8.0,cde18190c3c8d2f5e97799ac5572ab19fe5ea4929fd0422da19b385b1d617f1e,True,3.14.3,2.11.0+cpu,2.4.3,1.3.0,3.1.0,not-installed,not-installed,0.2337486523718276,0.0,1.0,1.0,1614.0,0.0,0.0,0.0,0.0,1.0,0.0,0.09090909090909091,0.9090909090909091,0.0,nan,nan,0.09516258196404048,nan,1.0,1.0,nan,0.0,nan,nan,exact,596.7,596.7,neural,1614.0,6456.0,64560.0,nan,0.0,0.0,nan,,,,,,,,,,,,,,,
reviewer1_transition_dynamics_shift_smoke,reviewer1_transition_dynamics_shift_smoke,configs/reviewer1_remaining/smoke/transition_dynamics_shift.yaml,Reviewer1-transition-dynamics-shift-smoke,Reviewer1TransitionDynamicsShift-v0,Reviewer1TransitionDynamicsShift-v0,native_gymnasium_observation,count_gated_tau_20,11000,train,11487,,,11487,102,0.47999999999999976,46,1.0,11487,686,0.0013619828843952652,0.027752719819545746,0,1,3,22.691553199998452,21.600520099993446,1.0910331000050064,21.600520099993446,1.0910331000050064,b240632d76bfe6919b44416ecd12239cbcb93cea,1.8.0,cde18190c3c8d2f5e97799ac5572ab19fe5ea4929fd0422da19b385b1d617f1e,True,3.14.3,2.11.0+cpu,2.4.3,1.3.0,3.1.0,not-installed,not-installed,0.23319196527779326,0.0,1.0,1.0,1620.0,0.0,0.0,0.0,0.0,1.0,0.17391304347826086,0.16155232117685672,0.8384476788231435,0.0,nan,nan,0.18309160173241065,nan,0.8260869565217391,0.8260869565217391,nan,0.17391304347826086,nan,nan,exact,219.3608695652174,28.85,neural,1620.0,6480.0,64800.0,nan,0.0,0.0,nan,,,,,,,,,,,,,,,
reviewer1_transition_dynamics_shift_smoke,reviewer1_transition_dynamics_shift_smoke,configs/reviewer1_remaining/smoke/transition_dynamics_shift.yaml,Reviewer1-transition-dynamics-shift-smoke,Reviewer1TransitionDynamicsShift-v0,Reviewer1TransitionDynamicsShift-v0,native_gymnasium_observation,count_gated_tau_20,11000,train,11647,,,11647,103,-2.2699999999999996,160,0.0,11647,696,0.0013763023967009037,0.027752719819545746,0,1,3,22.97773959999904,21.886706499994034,1.0910331000050064,21.886706499994034,1.0910331000050064,b240632d76bfe6919b44416ecd12239cbcb93cea,1.8.0,cde18190c3c8d2f5e97799ac5572ab19fe5ea4929fd0422da19b385b1d617f1e,True,3.14.3,2.11.0+cpu,2.4.3,1.3.0,3.1.0,not-installed,not-installed,0.23535178971776638,0.0,1.0,1.0,1635.0,1.0,0.0,0.0,0.0,0.0,0.05625,0.30084722067174086,0.6991527793282591,0.0,nan,nan,0.366580261150433,nan,0.94375,0.94375,nan,0.05625,nan,nan,exact,260.30062499999997,306.54999999999995,neural,1635.0,6540.0,65400.0,nan,0.0,0.0,nan,,,,,,,,,,,,,,,
reviewer1_transition_dynamics_shift_smoke,reviewer1_transition_dynamics_shift_smoke,configs/reviewer1_remaining/smoke/transition_dynamics_shift.yaml,Reviewer1-transition-dynamics-shift-smoke,Reviewer1TransitionDynamicsShift-v0,Reviewer1TransitionDynamicsShift-v0,native_gymnasium_observation,count_gated_tau_20,11000,train,11807,,,11807,104,-2.0700000000000003,160,0.0,11807,706,0.0013582518432143141,0.027752719819545746,0,1,3,23.35360799999762,22.262574899992615,1.0910331000050064,22.262574899992615,1.0910331000050064,b240632d76bfe6919b44416ecd12239cbcb93cea,1.8.0,cde18190c3c8d2f5e97799ac5572ab19fe5ea4929fd0422da19b385b1d617f1e,True,3.14.3,2.11.0+cpu,2.4.3,1.3.0,3.1.0,not-installed,not-installed,0.23433196980768048,0.0,1.0,1.0,1659.0,1.0,0.0,0.0,0.0,0.0,0.15625,0.18348351369730667,0.8165164863026932,0.0,nan,nan,0.21165966631523267,nan,0.84375,0.84375,nan,0.15625,nan,nan,exact,290.11812499999996,194.89999999999998,neural,1659.0,6636.0,66360.0,nan,0.0,0.0,nan,,,,,,,,,,,,,,,
reviewer1_transition_dynamics_shift_smoke,reviewer1_transition_dynamics_shift_smoke,configs/reviewer1_remaining/smoke/transition_dynamics_shift.yaml,Reviewer1-transition-dynamics-shift-smoke,Reviewer1TransitionDynamicsShift-v0,Reviewer1TransitionDynamicsShift-v0,native_gymnasium_observation,count_gated_tau_20,11000,train,11836,,,11836,105,0.5599999999999998,29,1.0,11836,708,0.0013546162108905469,0.027752719819545746,0,1,3,23.40701740000077,22.315984299995762,1.0910331000050064,22.315984299995762,1.0910331000050064,b240632d76bfe6919b44416ecd12239cbcb93cea,1.8.0,cde18190c3c8d2f5e97799ac5572ab19fe5ea4929fd0422da19b385b1d617f1e,True,3.14.3,2.11.0+cpu,2.4.3,1.3.0,3.1.0,not-installed,not-installed,0.23404232882967807,0.0,1.0,1.0,1670.0,0.0,0.0,0.0,0.0,1.0,0.3793103448275862,0.1946571841859459,0.8053428158140541,0.0,nan,nan,0.23213016619835578,nan,0.6206896551724138,0.6206896551724138,nan,0.3793103448275862,nan,nan,exact,354.5310344827586,483.3,neural,1670.0,6680.0,66800.0,nan,0.0,0.0,nan,,,,,,,,,,,,,,,
reviewer1_transition_dynamics_shift_smoke,reviewer1_transition_dynamics_shift_smoke,configs/reviewer1_remaining/smoke/transition_dynamics_shift.yaml,Reviewer1-transition-dynamics-shift-smoke,Reviewer1TransitionDynamicsShift-v0,Reviewer1TransitionDynamicsShift-v0,native_gymnasium_observation,count_gated_tau_20,11000,train,11996,,,11996,106,-1.8600000000000014,160,0.0,11996,718,0.001350468932568394,0.027752719819545746,0,1,3,23.828298699998413,22.737265599993407,1.0910331000050064,22.737265599993407,1.0910331000050064,b240632d76bfe6919b44416ecd12239cbcb93cea,1.8.0,cde18190c3c8d2f5e97799ac5572ab19fe5ea4929fd0422da19b385b1d617f1e,True,3.14.3,2.11.0+cpu,2.4.3,1.3.0,3.1.0,not-installed,not-installed,0.23434912559345294,0.0,1.0,1.0,1686.0,1.0,0.0,0.0,0.0,0.0,0.0875,0.24598503335035504,0.754014966649645,0.0,nan,nan,0.291993021544357,nan,0.9125,0.9125,nan,0.0875,nan,nan,exact,401.8825,502.9,neural,1686.0,6744.0,67440.0,nan,0.0,0.0,nan,,,,,,,,,,,,,,,
reviewer1_transition_dynamics_shift_smoke,reviewer1_transition_dynamics_shift_smoke,configs/reviewer1_remaining/smoke/transition_dynamics_shift.yaml,Reviewer1-transition-dynamics-shift-smoke,Reviewer1TransitionDynamicsShift-v0,Reviewer1TransitionDynamicsShift-v0,native_gymnasium_observation,count_gated_tau_20,11000,eval,12000,12000,-2.93,12000,1,-2.93,160,0.0,12000,719,0.0013487271241877418,0.027752719819545746,0,2,3,24.733738599999924,22.74653139999282,1.9872072000071057,22.74653139999282,1.9872072000071057,b240632d76bfe6919b44416ecd12239cbcb93cea,1.8.0,cde18190c3c8d2f5e97799ac5572ab19fe5ea4929fd0422da19b385b1d617f1e,True,3.14.3,2.11.0+cpu,2.4.3,1.3.0,3.1.0,not-installed,not-installed,0.23434912559345294,0.0,1.0,1.0,1686.0,1.0,0.0,0.0,0.0,0.0,0.725,0.08337679374598414,0.9166232062540158,0.0,nan,nan,0.09717135611234495,nan,0.275,0.275,nan,0.725,nan,nan,unsupported,605.1518749999999,551.9000000000001,neural,1686.0,6744.0,67440.0,nan,0.0,0.0,nan,0,1,1,2,0.02654867256637168,0.12389380530973451,0.4999999974999999,neural,tie,unavailable,nan,nan,1.0,global_action_outcome,79.5
reviewer1_transition_dynamics_shift_smoke,reviewer1_transition_dynamics_shift_smoke,configs/reviewer1_remaining/smoke/transition_dynamics_shift.yaml,Reviewer1-transition-dynamics-shift-smoke,Reviewer1TransitionDynamicsShift-v0,Reviewer1TransitionDynamicsShift-v0,native_gymnasium_observation,count_gated_tau_20,11000,eval,12000,12000,-3.0000000000000013,12000,2,-3.0000000000000013,160,0.0,12000,719,0.0013487271241877418,0.027752719819545746,0,2,3,24.734583500001463,22.747376299994357,1.9872072000071057,22.747376299994357,1.9872072000071057,b240632d76bfe6919b44416ecd12239cbcb93cea,1.8.0,cde18190c3c8d2f5e97799ac5572ab19fe5ea4929fd0422da19b385b1d617f1e,True,3.14.3,2.11.0+cpu,2.4.3,1.3.0,3.1.0,not-installed,not-installed,0.23434912559345294,0.0,1.0,1.0,1686.0,1.0,0.0,0.0,0.0,0.0,0.275,0.16794871794871796,0.8320512820512821,0.0,nan,nan,0.18874608726181133,nan,0.725,0.725,nan,0.275,nan,nan,exact,507.250625,479.8,neural,1686.0,6744.0,67440.0,nan,0.0,0.0,nan,2,3,3,2,0.3,0.0,0.4999999974999999,neural,tie,unavailable,nan,nan,1.0,global_action_outcome,79.5
reviewer1_transition_dynamics_shift_smoke,reviewer1_transition_dynamics_shift_smoke,configs/reviewer1_remaining/smoke/transition_dynamics_shift.yaml,Reviewer1-transition-dynamics-shift-smoke,Reviewer1TransitionDynamicsShift-v0,Reviewer1TransitionDynamicsShift-v0,native_gymnasium_observation,count_gated_tau_20,11000,eval,12000,12000,-2.7999999999999985,12000,3,-2.7999999999999985,160,0.0,12000,719,0.0013487271241877418,0.027752719819545746,0,2,3,24.735286499999347,22.74807929999224,1.9872072000071057,22.74807929999224,1.9872072000071057,b240632d76bfe6919b44416ecd12239cbcb93cea,1.8.0,cde18190c3c8d2f5e97799ac5572ab19fe5ea4929fd0422da19b385b1d617f1e,True,3.14.3,2.11.0+cpu,2.4.3,1.3.0,3.1.0,not-installed,not-installed,0.23434912559345294,0.0,1.0,1.0,1686.0,1.0,0.0,0.0,0.0,0.0,0.0,0.1806565729643751,0.8193434270356249,0.0,nan,nan,0.21054461825450904,nan,1.0,1.0,nan,0.0,nan,nan,exact,550.7337500000001,520.65,neural,1686.0,6744.0,67440.0,nan,0.0,0.0,nan,0,0,0,2,0.020618556701030927,0.030927835051546393,0.4999999974999999,neural,tie,unavailable,nan,nan,1.0,global_action_outcome,79.5
reviewer1_transition_dynamics_shift_smoke,reviewer1_transition_dynamics_shift_smoke,configs/reviewer1_remaining/smoke/transition_dynamics_shift.yaml,Reviewer1-transition-dynamics-shift-smoke,Reviewer1TransitionDynamicsShift-v0,Reviewer1TransitionDynamicsShift-v0,native_gymnasium_observation,count_gated_tau_20,11000,eval,12000,12000,-2.8800000000000012,12000,4,-2.8800000000000012,160,0.0,12000,719,0.0013487271241877418,0.027752719819545746,0,2,3,24.735923200001707,22.7487159999946,1.9872072000071057,22.7487159999946,1.9872072000071057,b240632d76bfe6919b44416ecd12239cbcb93cea,1.8.0,cde18190c3c8d2f5e97799ac5572ab19fe5ea4929fd0422da19b385b1d617f1e,True,3.14.3,2.11.0+cpu,2.4.3,1.3.0,3.1.0,not-installed,not-installed,0.23434912559345294,0.0,1.0,1.0,1686.0,1.0,0.0,0.0,0.0,0.0,0.93125,0.020736543150336257,0.9792634568496638,0.0,nan,nan,0.024358016624489588,nan,0.06875,0.06875,nan,0.93125,nan,nan,unsupported,595.2875,572.55,neural,1686.0,6744.0,67440.0,nan,0.0,0.0,nan,0,0,0,2,0.030303030303030304,0.06060606060606061,0.4999999974999999,neural,tie,unavailable,nan,nan,1.0,global_action_outcome,79.5
reviewer1_transition_dynamics_shift_smoke,reviewer1_transition_dynamics_shift_smoke,configs/reviewer1_remaining/smoke/transition_dynamics_shift.yaml,Reviewer1-transition-dynamics-shift-smoke,Reviewer1TransitionDynamicsShift-v0,Reviewer1TransitionDynamicsShift-v0,native_gymnasium_observation,count_gated_tau_20,11000,train,12004,,,12004,107,0.91,8,1.0,12004,719,0.0013487271241877418,0.027752719819545746,0,2,3,24.743124200002057,22.75591699999495,1.9872072000071057,22.75591699999495,1.9872072000071057,b240632d76bfe6919b44416ecd12239cbcb93cea,1.8.0,cde18190c3c8d2f5e97799ac5572ab19fe5ea4929fd0422da19b385b1d617f1e,True,3.14.3,2.11.0+cpu,2.4.3,1.3.0,3.1.0,not-installed,not-installed,0.23424716079790758,0.0,1.0,1.0,1686.0,0.0,0.0,0.0,0.0,1.0,0.0,0.2376960346806069,0.762303965319393,0.0,nan,nan,0.2756549263958651,nan,1.0,1.0,nan,0.0,nan,nan,exact,256.5,27.4,neural,1686.0,6744.0,67440.0,nan,0.0,0.0,nan,,,,,,,,,,,,,,,
reviewer1_transition_dynamics_shift_smoke,reviewer1_transition_dynamics_shift_smoke,configs/reviewer1_remaining/smoke/transition_dynamics_shift.yaml,Reviewer1-transition-dynamics-shift-smoke,Reviewer1TransitionDynamicsShift-v0,Reviewer1TransitionDynamicsShift-v0,native_gymnasium_observation,count_gated_tau_20,11000,eval,12020,12020,-2.95,12020,1,-2.95,160,0.0,12020,720,0.0013606817531505537,0.027752719819545746,0,3,3,25.44024239999999,22.779943699992145,2.660298700007843,22.779943699992145,2.660298700007843,b240632d76bfe6919b44416ecd12239cbcb93cea,1.8.0,cde18190c3c8d2f5e97799ac5572ab19fe5ea4929fd0422da19b385b1d617f1e,True,3.14.3,2.11.0+cpu,2.4.3,1.3.0,3.1.0,not-installed,not-installed,0.23384947914980422,0.0,1.0,1.0,1689.0,1.0,0.0,0.0,0.0,0.0,1.0,0.0,1.0,0.0,nan,nan,0.0,nan,0.0,0.0,nan,1.0,nan,nan,unsupported,577.8087499999999,539.4,neural,1689.0,6756.0,67560.0,nan,0.0,0.0,nan,0,0,0,3,0.12666666666666668,0.02666666666666667,0.4999999974999999,neural,tie,unavailable,nan,nan,1.0,global_action_outcome,99.5
reviewer1_transition_dynamics_shift_smoke,reviewer1_transition_dynamics_shift_smoke,configs/reviewer1_remaining/smoke/transition_dynamics_shift.yaml,Reviewer1-transition-dynamics-shift-smoke,Reviewer1TransitionDynamicsShift-v0,Reviewer1TransitionDynamicsShift-v0,native_gymnasium_observation,count_gated_tau_20,11000,eval,12020,12020,-2.9800000000000018,12020,2,-2.9800000000000018,160,0.0,12020,720,0.0013606817531505537,0.027752719819545746,0,3,3,25.44119910000154,22.780900399993698,2.660298700007843,22.780900399993698,2.660298700007843,b240632d76bfe6919b44416ecd12239cbcb93cea,1.8.0,cde18190c3c8d2f5e97799ac5572ab19fe5ea4929fd0422da19b385b1d617f1e,True,3.14.3,2.11.0+cpu,2.4.3,1.3.0,3.1.0,not-installed,not-installed,0.23384947914980422,0.0,1.0,1.0,1689.0,1.0,0.0,0.0,0.0,0.0,0.84375,0.01658961509504988,0.9834103849049501,0.0,nan,nan,0.01757274840977937,nan,0.15625,0.15625,nan,0.84375,nan,nan,unsupported,489.80187499999994,483.54999999999995,neural,1689.0,6756.0,67560.0,nan,0.0,0.0,nan,0,0,0,1,0.0,0.020134228187919462,0.4999999974999999,neural,tie,unavailable,nan,nan,1.0,global_action_outcome,99.5
reviewer1_transition_dynamics_shift_smoke,reviewer1_transition_dynamics_shift_smoke,configs/reviewer1_remaining/smoke/transition_dynamics_shift.yaml,Reviewer1-transition-dynamics-shift-smoke,Reviewer1TransitionDynamicsShift-v0,Reviewer1TransitionDynamicsShift-v0,native_gymnasium_observation,count_gated_tau_20,11000,eval,12020,12020,-2.9099999999999997,12020,3,-2.9099999999999997,160,0.0,12020,720,0.0013606817531505537,0.027752719819545746,0,3,3,25.441805499998736,22.781506799990893,2.660298700007843,22.781506799990893,2.660298700007843,b240632d76bfe6919b44416ecd12239cbcb93cea,1.8.0,cde18190c3c8d2f5e97799ac5572ab19fe5ea4929fd0422da19b385b1d617f1e,True,3.14.3,2.11.0+cpu,2.4.3,1.3.0,3.1.0,not-installed,not-installed,0.23384947914980422,0.0,1.0,1.0,1689.0,1.0,0.0,0.0,0.0,0.0,1.0,0.0,1.0,0.0,nan,nan,0.0,nan,0.0,0.0,nan,1.0,nan,nan,unsupported,502.23125,482.9,neural,1689.0,6756.0,67560.0,nan,0.0,0.0,nan,0,3,3,3,0.0,0.8,0.4999999974999999,neural,neural,unavailable,nan,nan,1.0,global_action_outcome,99.5
reviewer1_transition_dynamics_shift_smoke,reviewer1_transition_dynamics_shift_smoke,configs/reviewer1_remaining/smoke/transition_dynamics_shift.yaml,Reviewer1-transition-dynamics-shift-smoke,Reviewer1TransitionDynamicsShift-v0,Reviewer1TransitionDynamicsShift-v0,native_gymnasium_observation,count_gated_tau_20,11000,eval,12020,12020,-2.7799999999999985,12020,4,-2.7799999999999985,160,0.0,12020,720,0.0013606817531505537,0.027752719819545746,0,3,3,25.44241619999957,22.782117499991728,2.660298700007843,22.782117499991728,2.660298700007843,b240632d76bfe6919b44416ecd12239cbcb93cea,1.8.0,cde18190c3c8d2f5e97799ac5572ab19fe5ea4929fd0422da19b385b1d617f1e,True,3.14.3,2.11.0+cpu,2.4.3,1.3.0,3.1.0,not-installed,not-installed,0.23384947914980422,0.0,1.0,1.0,1689.0,1.0,0.0,0.0,0.0,0.0,0.25625,0.33522418505849044,0.6647758149415096,0.0,nan,nan,0.4217958194435142,nan,0.74375,0.74375,nan,0.25625,nan,nan,exact,492.475,460.9,memory,1689.0,6756.0,67560.0,nan,0.0,0.0,nan,2,3,0,1,0.06666666666666667,0.06666666666666667,0.4999999974999999,neural,tie,unavailable,nan,nan,1.0,global_action_outcome,99.5
reviewer1_transition_dynamics_shift_smoke,reviewer1_transition_dynamics_shift_smoke,configs/reviewer1_remaining/smoke/transition_dynamics_shift.yaml,Reviewer1-transition-dynamics-shift-smoke,Reviewer1TransitionDynamicsShift-v0,Reviewer1TransitionDynamicsShift-v0,native_gymnasium_observation,count_gated_tau_20,11000,train,12020,,,12020,108,-0.18999999999999995,16,0.0,12020,720,0.0013606817531505537,0.027752719819545746,0,3,3,25.444257499999367,22.783958799991524,2.660298700007843,22.783958799991524,2.660298700007843,b240632d76bfe6919b44416ecd12239cbcb93cea,1.8.0,cde18190c3c8d2f5e97799ac5572ab19fe5ea4929fd0422da19b385b1d617f1e,True,3.14.3,2.11.0+cpu,2.4.3,1.3.0,3.1.0,not-installed,not-installed,0.23384947914980422,0.0,1.0,1.0,1689.0,1.0,0.0,0.0,0.0,0.0,0.125,0.09453463203463204,0.9054653679653679,0.0,nan,nan,0.1010866704967105,nan,0.875,0.875,nan,0.125,nan,nan,exact,383.7875,457.1,neural,1689.0,6756.0,67560.0,nan,0.0,0.0,nan,,,,,,,,,,,,,,,
reviewer1_transition_dynamics_shift_smoke,reviewer1_transition_dynamics_shift_smoke,configs/reviewer1_remaining/smoke/transition_dynamics_shift.yaml,Reviewer1-transition-dynamics-shift-smoke,Reviewer1TransitionDynamicsShift-v0,Reviewer1TransitionDynamicsShift-v0,native_gymnasium_observation,count_gated_tau_20,11001,train,17,,,17,1,0.84,17,1.0,17,0,nan,nan,0,0,3,0.06018670000048587,0.06018670000048587,0.0,0.06018670000048587,0.0,b240632d76bfe6919b44416ecd12239cbcb93cea,1.8.0,cde18190c3c8d2f5e97799ac5572ab19fe5ea4929fd0422da19b385b1d617f1e,True,3.14.3,2.11.0+cpu,2.4.3,1.3.0,3.1.0,not-installed,not-installed,0.0,0.0,1.0,1.0,12.0,0.0,0.0,0.0,0.0,1.0,1.0,0.0,0.0,0.0,nan,nan,0.0,nan,0.0,0.0,nan,0.0,nan,nan,unsupported,23.61176470588235,24.5,none,12.0,48.0,480.0,nan,0.0,0.0,nan,,,,,,,,,,,,,,,
reviewer1_transition_dynamics_shift_smoke,reviewer1_transition_dynamics_shift_smoke,configs/reviewer1_remaining/smoke/transition_dynamics_shift.yaml,Reviewer1-transition-dynamics-shift-smoke,Reviewer1TransitionDynamicsShift-v0,Reviewer1TransitionDynamicsShift-v0,native_gymnasium_observation,count_gated_tau_20,11001,train,177,,,177,2,-1.9200000000000015,160,0.0,177,0,nan,nan,0,0,3,0.3474672999946051,0.3474672999946051,0.0,0.3474672999946051,0.0,b240632d76bfe6919b44416ecd12239cbcb93cea,1.8.0,cde18190c3c8d2f5e97799ac5572ab19fe5ea4929fd0422da19b385b1d617f1e,True,3.14.3,2.11.0+cpu,2.4.3,1.3.0,3.1.0,not-installed,not-installed,0.047619047619047616,0.0,1.0,1.0,41.0,1.0,0.0,0.0,0.0,0.0,0.33125,0.03184523809523809,0.6369047619047619,0.0,nan,nan,0.032615322365147505,nan,0.66875,0.66875,nan,0.0,nan,nan,exact,29.170625,22.4,neural,41.0,164.0,1640.0,nan,0.0,0.0,nan,,,,,,,,,,,,,,,
reviewer1_transition_dynamics_shift_smoke,reviewer1_transition_dynamics_shift_smoke,configs/reviewer1_remaining/smoke/transition_dynamics_shift.yaml,Reviewer1-transition-dynamics-shift-smoke,Reviewer1TransitionDynamicsShift-v0,Reviewer1TransitionDynamicsShift-v0,native_gymnasium_observation,count_gated_tau_20,11001,train,189,,,189,3,0.8300000000000001,12,1.0,189,0,nan,nan,0,0,3,0.35749419999774545,0.35749419999774545,0.0,0.35749419999774545,0.0,b240632d76bfe6919b44416ecd12239cbcb93cea,1.8.0,cde18190c3c8d2f5e97799ac5572ab19fe5ea4929fd0422da19b385b1d617f1e,True,3.14.3,2.11.0+cpu,2.4.3,1.3.0,3.1.0,not-installed,not-installed,0.047619047619047616,0.0,1.0,1.0,43.0,0.0,0.0,0.0,0.0,1.0,0.0,0.047619047619047616,0.9523809523809524,0.0,nan,nan,0.048770575499285984,nan,1.0,1.0,nan,0.0,nan,nan,exact,18.308333333333334,16.0,neural,43.0,172.0,1720.0,nan,0.0,0.0,nan,,,,,,,,,,,,,,,
reviewer1_transition_dynamics_shift_smoke,reviewer1_transition_dynamics_shift_smoke,configs/reviewer1_remaining/smoke/transition_dynamics_shift.yaml,Reviewer1-transition-dynamics-shift-smoke,Reviewer1TransitionDynamicsShift-v0,Reviewer1TransitionDynamicsShift-v0,native_gymnasium_observation,count_gated_tau_20,11001,train,349,,,349,4,-2.0400000000000005,160,0.0,349,0,nan,nan,0,0,3,0.6124648999975761,0.6124648999975761,0.0,0.6124648999975761,0.0,b240632d76bfe6919b44416ecd12239cbcb93cea,1.8.0,cde18190c3c8d2f5e97799ac5572ab19fe5ea4929fd0422da19b385b1d617f1e,True,3.14.3,2.11.0+cpu,2.4.3,1.3.0,3.1.0,not-installed,not-installed,0.17777777777777778,0.0,1.0,1.0,64.0,1.0,0.0,0.0,0.0,0.0,0.0,0.14464285714285713,0.8553571428571429,0.0,nan,nan,0.16301135469916833,nan,1.0,1.0,nan,0.0,nan,nan,exact,30.310000000000002,21.1,neural,64.0,256.0,2560.0,nan,0.0,0.0,nan,,,,,,,,,,,,,,,
reviewer1_transition_dynamics_shift_smoke,reviewer1_transition_dynamics_shift_smoke,configs/reviewer1_remaining/smoke/transition_dynamics_shift.yaml,Reviewer1-transition-dynamics-shift-smoke,Reviewer1TransitionDynamicsShift-v0,Reviewer1TransitionDynamicsShift-v0,native_gymnasium_observation,count_gated_tau_20,11001,train,357,,,357,5,0.91,8,1.0,357,0,nan,nan,0,0,3,0.6206970999992336,0.6206970999992336,0.0,0.6206970999992336,0.0,b240632d76bfe6919b44416ecd12239cbcb93cea,1.8.0,cde18190c3c8d2f5e97799ac5572ab19fe5ea4929fd0422da19b385b1d617f1e,True,3.14.3,2.11.0+cpu,2.4.3,1.3.0,3.1.0,not-installed,not-installed,0.17777777777777778,0.0,1.0,1.0,70.0,0.0,0.0,0.0,0.0,1.0,0.0,0.2,0.8,0.0,nan,nan,0.22119921692859512,nan,1.0,1.0,nan,0.0,nan,nan,exact,19.275,18.35,neural,70.0,280.0,2800.0,nan,0.0,0.0,nan,,,,,,,,,,,,,,,
reviewer1_transition_dynamics_shift_smoke,reviewer1_transition_dynamics_shift_smoke,configs/reviewer1_remaining/smoke/transition_dynamics_shift.yaml,Reviewer1-transition-dynamics-shift-smoke,Reviewer1TransitionDynamicsShift-v0,Reviewer1TransitionDynamicsShift-v0,native_gymnasium_observation,count_gated_tau_20,11001,train,359,,,359,6,0.98,2,1.0,359,0,nan,nan,0,0,3,0.6241063999987091,0.6241063999987091,0.0,0.6241063999987091,0.0,b240632d76bfe6919b44416ecd12239cbcb93cea,1.8.0,cde18190c3c8d2f5e97799ac5572ab19fe5ea4929fd0422da19b385b1d617f1e,True,3.14.3,2.11.0+cpu,2.4.3,1.3.0,3.1.0,not-installed,not-installed,0.17777777777777778,0.0,1.0,1.0,71.0,0.0,0.0,0.0,0.0,1.0,0.0,0.2,0.8,0.0,nan,nan,0.22119921692859512,nan,1.0,1.0,nan,0.0,nan,nan,exact,15.75,15.75,neural,71.0,284.0,2840.0,nan,0.0,0.0,nan,,,,,,,,,,,,,,,
reviewer1_transition_dynamics_shift_smoke,reviewer1_transition_dynamics_shift_smoke,configs/reviewer1_remaining/smoke/transition_dynamics_shift.yaml,Reviewer1-transition-dynamics-shift-smoke,Reviewer1TransitionDynamicsShift-v0,Reviewer1TransitionDynamicsShift-v0,native_gymnasium_observation,count_gated_tau_20,11001,train,519,,,519,7,-1.9200000000000015,160,0.0,519,1,0.015490352176129818,0.015490352176129818,0,0,3,0.8623234999977285,0.8623234999977285,0.0,0.8623234999977285,0.0,b240632d76bfe6919b44416ecd12239cbcb93cea,1.8.0,cde18190c3c8d2f5e97799ac5572ab19fe5ea4929fd0422da19b385b1d617f1e,True,3.14.3,2.11.0+cpu,2.4.3,1.3.0,3.1.0,not-installed,not-installed,0.10842945874001776,0.0,1.0,1.0,101.0,1.0,0.0,0.0,0.0,0.0,0.2875,0.053721532091097327,0.9462784679089028,0.0,nan,nan,0.05678716705001759,nan,0.7125,0.7125,nan,0.2875,nan,nan,exact,36.871249999999996,20.85,neural,101.0,404.0,4040.0,nan,0.0,0.0,nan,,,,,,,,,,,,,,,
reviewer1_transition_dynamics_shift_smoke,reviewer1_transition_dynamics_shift_smoke,configs/reviewer1_remaining/smoke/transition_dynamics_shift.yaml,Reviewer1-transition-dynamics-shift-smoke,Reviewer1TransitionDynamicsShift-v0,Reviewer1TransitionDynamicsShift-v0,native_gymnasium_observation,count_gated_tau_20,11001,train,679,,,679,8,-1.8800000000000014,160,0.0,679,11,0.010344258964654397,0.03505709022283554,0,0,3,1.133046099996136,1.133046099996136,0.0,1.133046099996136,0.0,b240632d76bfe6919b44416ecd12239cbcb93cea,1.8.0,cde18190c3c8d2f5e97799ac5572ab19fe5ea4929fd0422da19b385b1d617f1e,True,3.14.3,2.11.0+cpu,2.4.3,1.3.0,3.1.0,not-installed,not-installed,0.10681504485852315,0.0,1.0,1.0,134.0,1.0,0.0,0.0,0.0,0.0,0.1125,0.08195522774327121,0.9180447722567289,0.0,nan,nan,0.08733824569893398,nan,0.8875,0.8875,nan,0.1125,nan,nan,exact,43.401875,22.95,neural,134.0,536.0,5360.0,nan,0.0,0.0,nan,,,,,,,,,,,,,,,
reviewer1_transition_dynamics_shift_smoke,reviewer1_transition_dynamics_shift_smoke,configs/reviewer1_remaining/smoke/transition_dynamics_shift.yaml,Reviewer1-transition-dynamics-shift-smoke,Reviewer1TransitionDynamicsShift-v0,Reviewer1TransitionDynamicsShift-v0,native_gymnasium_observation,count_gated_tau_20,11001,train,839,,,839,9,-1.9500000000000015,160,0.0,839,21,0.006280353292822838,0.03505709022283554,0,0,3,1.4328986999971676,1.4328986999971676,0.0,1.4328986999971676,0.0,b240632d76bfe6919b44416ecd12239cbcb93cea,1.8.0,cde18190c3c8d2f5e97799ac5572ab19fe5ea4929fd0422da19b385b1d617f1e,True,3.14.3,2.11.0+cpu,2.4.3,1.3.0,3.1.0,not-installed,not-installed,0.1517496587096868,0.0,1.0,1.0,166.0,1.0,0.0,0.0,0.0,0.0,0.0,0.1767978325438003,0.8232021674561997,0.0,nan,nan,0.1940375848662031,nan,1.0,1.0,nan,0.0,nan,nan,exact,37.268125,23.15,neural,166.0,664.0,6640.0,nan,0.0,0.0,nan,,,,,,,,,,,,,,,
reviewer1_transition_dynamics_shift_smoke,reviewer1_transition_dynamics_shift_smoke,configs/reviewer1_remaining/smoke/transition_dynamics_shift.yaml,Reviewer1-transition-dynamics-shift-smoke,Reviewer1TransitionDynamicsShift-v0,Reviewer1TransitionDynamicsShift-v0,native_gymnasium_observation,count_gated_tau_20,11001,train,932,,,932,10,-0.21000000000000085,93,1.0,932,27,0.005010716362718355,0.03505709022283554,0,0,3,1.5678753999964101,1.5678753999964101,0.0,1.5678753999964101,0.0,b240632d76bfe6919b44416ecd12239cbcb93cea,1.8.0,cde18190c3c8d2f5e97799ac5572ab19fe5ea4929fd0422da19b385b1d617f1e,True,3.14.3,2.11.0+cpu,2.4.3,1.3.0,3.1.0,not-installed,not-installed,0.14935003752675563,0.0,1.0,1.0,191.0,0.0,0.0,0.0,0.0,1.0,0.0,0.12617754693491023,0.8738224530650902,0.0,nan,nan,0.1391302229657606,nan,1.0,1.0,nan,0.0,nan,nan,exact,40.305376344086014,18.9,neural,191.0,764.0,7640.0,nan,0.0,0.0,nan,,,,,,,,,,,,,,,
reviewer1_transition_dynamics_shift_smoke,reviewer1_transition_dynamics_shift_smoke,configs/reviewer1_remaining/smoke/transition_dynamics_shift.yaml,Reviewer1-transition-dynamics-shift-smoke,Reviewer1TransitionDynamicsShift-v0,Reviewer1TransitionDynamicsShift-v0,native_gymnasium_observation,count_gated_tau_20,11001,train,1071,,,1071,11,-0.7500000000000013,139,1.0,1071,35,0.004316685069352388,0.03505709022283554,0,0,3,1.8193903999999748,1.8193903999999748,0.0,1.8193903999999748,0.0,b240632d76bfe6919b44416ecd12239cbcb93cea,1.8.0,cde18190c3c8d2f5e97799ac5572ab19fe5ea4929fd0422da19b385b1d617f1e,True,3.14.3,2.11.0+cpu,2.4.3,1.3.0,3.1.0,not-installed,not-installed,0.13187727419845233,0.0,1.0,1.0,217.0,0.0,0.0,0.0,0.0,1.0,0.5683453237410072,0.06821871695190433,0.9317812830480957,0.0,nan,nan,0.07781255938525891,nan,0.4316546762589928,0.4316546762589928,nan,0.5683453237410072,nan,nan,unsupported,41.089928057553955,22.9,neural,217.0,868.0,8680.0,nan,0.0,0.0,nan,,,,,,,,,,,,,,,
reviewer1_transition_dynamics_shift_smoke,reviewer1_transition_dynamics_shift_smoke,configs/reviewer1_remaining/smoke/transition_dynamics_shift.yaml,Reviewer1-transition-dynamics-shift-smoke,Reviewer1TransitionDynamicsShift-v0,Reviewer1TransitionDynamicsShift-v0,native_gymnasium_observation,count_gated_tau_20,11001,train,1231,,,1231,12,-1.9400000000000015,160,0.0,1231,45,0.0036808578145509172,0.03505709022283554,0,0,3,2.1231131999957142,2.1231131999957142,0.0,2.1231131999957142,0.0,b240632d76bfe6919b44416ecd12239cbcb93cea,1.8.0,cde18190c3c8d2f5e97799ac5572ab19fe5ea4929fd0422da19b385b1d617f1e,True,3.14.3,2.11.0+cpu,2.4.3,1.3.0,3.1.0,not-installed,not-installed,0.14575602282565336,0.0,1.0,1.0,253.0,1.0,0.0,0.0,0.0,0.0,0.2125,0.28054749668435014,0.7194525033156498,0.0,nan,nan,0.3354491452209693,nan,0.7875,0.7875,nan,0.2125,nan,nan,exact,35.8725,21.55,neural,253.0,1012.0,10120.0,nan,0.0,0.0,nan,,,,,,,,,,,,,,,
reviewer1_transition_dynamics_shift_smoke,reviewer1_transition_dynamics_shift_smoke,configs/reviewer1_remaining/smoke/transition_dynamics_shift.yaml,Reviewer1-transition-dynamics-shift-smoke,Reviewer1TransitionDynamicsShift-v0,Reviewer1TransitionDynamicsShift-v0,native_gymnasium_observation,count_gated_tau_20,11001,train,1391,,,1391,13,-2.0800000000000005,160,0.0,1391,55,0.0032122349145621144,0.03505709022283554,0,0,3,2.5124365000010584,2.5124365000010584,0.0,2.5124365000010584,0.0,b240632d76bfe6919b44416ecd12239cbcb93cea,1.8.0,cde18190c3c8d2f5e97799ac5572ab19fe5ea4929fd0422da19b385b1d617f1e,True,3.14.3,2.11.0+cpu,2.4.3,1.3.0,3.1.0,not-installed,not-installed,0.19499838360246738,0.0,1.0,1.0,267.0,1.0,0.0,0.0,0.0,0.0,0.04375,0.2999946856349166,0.7000053143650833,0.0,nan,nan,0.3649758549927529,nan,0.95625,0.95625,nan,0.04375,nan,nan,exact,76.465,25.25,neural,267.0,1068.0,10680.0,nan,0.0,0.0,nan,,,,,,,,,,,,,,,
reviewer1_transition_dynamics_shift_smoke,reviewer1_transition_dynamics_shift_smoke,configs/reviewer1_remaining/smoke/transition_dynamics_shift.yaml,Reviewer1-transition-dynamics-shift-smoke,Reviewer1TransitionDynamicsShift-v0,Reviewer1TransitionDynamicsShift-v0,native_gymnasium_observation,count_gated_tau_20,11001,train,1395,,,1395,14,0.96,4,1.0,1395,56,0.003156268276792876,0.03505709022283554,0,0,3,2.5204981999995653,2.5204981999995653,0.0,2.5204981999995653,0.0,b240632d76bfe6919b44416ecd12239cbcb93cea,1.8.0,cde18190c3c8d2f5e97799ac5572ab19fe5ea4929fd0422da19b385b1d617f1e,True,3.14.3,2.11.0+cpu,2.4.3,1.3.0,3.1.0,not-installed,not-installed,0.19499838360246738,0.0,1.0,1.0,270.0,0.0,0.0,0.0,0.0,1.0,0.0,0.42857142857142855,0.5714285714285714,0.0,nan,nan,0.5276334472589853,nan,1.0,1.0,nan,0.0,nan,nan,exact,35.1,32.35,neural,270.0,1080.0,10800.0,nan,0.0,0.0,nan,,,,,,,,,,,,,,,
reviewer1_transition_dynamics_shift_smoke,reviewer1_transition_dynamics_shift_smoke,configs/reviewer1_remaining/smoke/transition_dynamics_shift.yaml,Reviewer1-transition-dynamics-shift-smoke,Reviewer1TransitionDynamicsShift-v0,Reviewer1TransitionDynamicsShift-v0,native_gymnasium_observation,count_gated_tau_20,11001,train,1555,,,1555,15,-1.9800000000000015,160,0.0,1555,66,0.0028703323050373883,0.03505709022283554,0,0,3,2.775611899996875,2.775611899996875,0.0,2.775611899996875,0.0,b240632d76bfe6919b44416ecd12239cbcb93cea,1.8.0,cde18190c3c8d2f5e97799ac5572ab19fe5ea4929fd0422da19b385b1d617f1e,True,3.14.3,2.11.0+cpu,2.4.3,1.3.0,3.1.0,not-installed,not-installed,0.20268042500557415,0.0,1.0,1.0,286.0,1.0,0.0,0.0,0.0,0.0,0.1375,0.20826290367533354,0.7917370963246665,0.0,nan,nan,0.2399461209987995,nan,0.8625,0.8625,nan,0.1375,nan,nan,exact,69.35625,23.200000000000003,neural,286.0,1144.0,11440.0,nan,0.0,0.0,nan,,,,,,,,,,,,,,,
reviewer1_transition_dynamics_shift_smoke,reviewer1_transition_dynamics_shift_smoke,configs/reviewer1_remaining/smoke/transition_dynamics_shift.yaml,Reviewer1-transition-dynamics-shift-smoke,Reviewer1TransitionDynamicsShift-v0,Reviewer1TransitionDynamicsShift-v0,native_gymnasium_observation,count_gated_tau_20,11001,train,1567,,,1567,16,0.84,12,1.0,1567,66,0.0028703323050373883,0.03505709022283554,0,0,3,2.7852476999978535,2.7852476999978535,0.0,2.7852476999978535,0.0,b240632d76bfe6919b44416ecd12239cbcb93cea,1.8.0,cde18190c3c8d2f5e97799ac5572ab19fe5ea4929fd0422da19b385b1d617f1e,True,3.14.3,2.11.0+cpu,2.4.3,1.3.0,3.1.0,not-installed,not-installed,0.20268042500557415,0.0,1.0,1.0,290.0,0.0,0.0,0.0,0.0,1.0,0.0,0.2307692307692308,0.7692307692307692,0.0,nan,nan,0.2591817793182822,nan,1.0,1.0,nan,0.0,nan,nan,exact,24.0,21.1,neural,290.0,1160.0,11600.0,nan,0.0,0.0,nan,,,,,,,,,,,,,,,
reviewer1_transition_dynamics_shift_smoke,reviewer1_transition_dynamics_shift_smoke,configs/reviewer1_remaining/smoke/transition_dynamics_shift.yaml,Reviewer1-transition-dynamics-shift-smoke,Reviewer1TransitionDynamicsShift-v0,Reviewer1TransitionDynamicsShift-v0,native_gymnasium_observation,count_gated_tau_20,11001,train,1727,,,1727,17,-2.1,160,0.0,1727,76,0.0029472135276208925,0.03505709022283554,0,0,3,3.185463999994681,3.185463999994681,0.0,3.185463999994681,0.0,b240632d76bfe6919b44416ecd12239cbcb93cea,1.8.0,cde18190c3c8d2f5e97799ac5572ab19fe5ea4929fd0422da19b385b1d617f1e,True,3.14.3,2.11.0+cpu,2.4.3,1.3.0,3.1.0,not-installed,not-installed,0.21792104115681507,0.0,1.0,1.0,307.0,1.0,0.0,0.0,0.0,0.0,0.26875,0.1854548750522647,0.8145451249477353,0.0,nan,nan,0.2241797469603954,nan,0.73125,0.73125,nan,0.26875,nan,nan,exact,98.22625000000001,27.950000000000003,neural,307.0,1228.0,12280.0,nan,0.0,0.0,nan,,,,,,,,,,,,,,,
reviewer1_transition_dynamics_shift_smoke,reviewer1_transition_dynamics_shift_smoke,configs/reviewer1_remaining/smoke/transition_dynamics_shift.yaml,Reviewer1-transition-dynamics-shift-smoke,Reviewer1TransitionDynamicsShift-v0,Reviewer1TransitionDynamicsShift-v0,native_gymnasium_observation,count_gated_tau_20,11001,train,1887,,,1887,18,-1.9800000000000015,160,0.0,1887,86,0.0027322170738676337,0.03505709022283554,0,0,3,3.6851839999944787,3.6851839999944787,0.0,3.6851839999944787,0.0,b240632d76bfe6919b44416ecd12239cbcb93cea,1.8.0,cde18190c3c8d2f5e97799ac5572ab19fe5ea4929fd0422da19b385b1d617f1e,True,3.14.3,2.11.0+cpu,2.4.3,1.3.0,3.1.0,not-installed,not-installed,0.21754134614755938,0.0,1.0,1.0,324.0,1.0,0.0,0.0,0.0,0.0,0.3375,0.18533945723181577,0.8146605427681843,0.0,nan,nan,0.21709278264144521,nan,0.6625,0.6625,nan,0.3375,nan,nan,exact,127.028125,30.35,neural,324.0,1296.0,12960.0,nan,0.0,0.0,nan,,,,,,,,,,,,,,,
reviewer1_transition_dynamics_shift_smoke,reviewer1_transition_dynamics_shift_smoke,configs/reviewer1_remaining/smoke/transition_dynamics_shift.yaml,Reviewer1-transition-dynamics-shift-smoke,Reviewer1TransitionDynamicsShift-v0,Reviewer1TransitionDynamicsShift-v0,native_gymnasium_observation,count_gated_tau_20,11001,train,1968,,,1968,19,-0.17000000000000082,81,1.0,1968,92,0.0026874285604208126,0.03505709022283554,0,0,3,3.804699199994502,3.804699199994502,0.0,3.804699199994502,0.0,b240632d76bfe6919b44416ecd12239cbcb93cea,1.8.0,cde18190c3c8d2f5e97799ac5572ab19fe5ea4929fd0422da19b385b1d617f1e,True,3.14.3,2.11.0+cpu,2.4.3,1.3.0,3.1.0,not-installed,not-installed,0.20994114394263658,0.0,1.0,1.0,347.0,0.0,0.0,0.0,0.0,1.0,0.25925925925925924,0.12987012987012989,0.8701298701298701,0.0,nan,nan,0.15326749119376876,nan,0.7407407407407407,0.7407407407407407,nan,0.25925925925925924,nan,nan,exact,55.065432098765434,21.8,neural,347.0,1388.0,13880.0,nan,0.0,0.0,nan,,,,,,,,,,,,,,,
reviewer1_transition_dynamics_shift_smoke,reviewer1_transition_dynamics_shift_smoke,configs/reviewer1_remaining/smoke/transition_dynamics_shift.yaml,Reviewer1-transition-dynamics-shift-smoke,Reviewer1TransitionDynamicsShift-v0,Reviewer1TransitionDynamicsShift-v0,native_gymnasium_observation,count_gated_tau_20,11001,train,2128,,,2128,20,-1.9800000000000015,160,0.0,2128,102,0.0025207896645345804,0.03505709022283554,0,0,3,4.107288100000005,4.107288100000005,0.0,4.107288100000005,0.0,b240632d76bfe6919b44416ecd12239cbcb93cea,1.8.0,cde18190c3c8d2f5e97799ac5572ab19fe5ea4929fd0422da19b385b1d617f1e,True,3.14.3,2.11.0+cpu,2.4.3,1.3.0,3.1.0,not-installed,not-installed,0.19229637453933013,0.0,1.0,1.0,386.0,1.0,0.0,0.0,0.0,0.0,0.1875,0.10158018310192223,0.8984198168980779,0.0,nan,nan,0.11014321911582278,nan,0.8125,0.8125,nan,0.1875,nan,nan,exact,92.14937499999999,26.95,neural,386.0,1544.0,15440.0,nan,0.0,0.0,nan,,,,,,,,,,,,,,,
reviewer1_transition_dynamics_shift_smoke,reviewer1_transition_dynamics_shift_smoke,configs/reviewer1_remaining/smoke/transition_dynamics_shift.yaml,Reviewer1-transition-dynamics-shift-smoke,Reviewer1TransitionDynamicsShift-v0,Reviewer1TransitionDynamicsShift-v0,native_gymnasium_observation,count_gated_tau_20,11001,train,2288,,,2288,21,-2.0100000000000016,160,0.0,2288,112,0.0025070203233294058,0.03505709022283554,0,0,3,4.365742800000589,4.365742800000589,0.0,4.365742800000589,0.0,b240632d76bfe6919b44416ecd12239cbcb93cea,1.8.0,cde18190c3c8d2f5e97799ac5572ab19fe5ea4929fd0422da19b385b1d617f1e,True,3.14.3,2.11.0+cpu,2.4.3,1.3.0,3.1.0,not-installed,not-installed,0.1918725317773107,0.0,1.0,1.0,403.0,1.0,0.0,0.0,0.0,0.0,0.0,0.2151349578863166,0.7848650421136835,0.0,nan,nan,0.2480477898873758,nan,1.0,1.0,nan,0.0,nan,nan,exact,72.204375,26.85,neural,403.0,1612.0,16120.0,nan,0.0,0.0,nan,,,,,,,,,,,,,,,
reviewer1_transition_dynamics_shift_smoke,reviewer1_transition_dynamics_shift_smoke,configs/reviewer1_remaining/smoke/transition_dynamics_shift.yaml,Reviewer1-transition-dynamics-shift-smoke,Reviewer1TransitionDynamicsShift-v0,Reviewer1TransitionDynamicsShift-v0,native_gymnasium_observation,count_gated_tau_20,11001,train,2448,,,2448,22,-2.0100000000000016,160,0.0,2448,122,0.002400015425024083,0.03505709022283554,0,0,3,4.801549600000726,4.801549600000726,0.0,4.801549600000726,0.0,b240632d76bfe6919b44416ecd12239cbcb93cea,1.8.0,cde18190c3c8d2f5e97799ac5572ab19fe5ea4929fd0422da19b385b1d617f1e,True,3.14.3,2.11.0+cpu,2.4.3,1.3.0,3.1.0,not-installed,not-installed,0.18772946214927005,0.0,1.0,1.0,429.0,1.0,0.0,0.0,0.0,0.0,0.11875,0.17610731822835982,0.8238926817716401,0.0,nan,nan,0.2001708605482732,nan,0.88125,0.88125,nan,0.11875,nan,nan,exact,165.06,29.9,neural,429.0,1716.0,17160.0,nan,0.0,0.0,nan,,,,,,,,,,,,,,,
reviewer1_transition_dynamics_shift_smoke,reviewer1_transition_dynamics_shift_smoke,configs/reviewer1_remaining/smoke/transition_dynamics_shift.yaml,Reviewer1-transition-dynamics-shift-smoke,Reviewer1TransitionDynamicsShift-v0,Reviewer1TransitionDynamicsShift-v0,native_gymnasium_observation,count_gated_tau_20,11001,train,2608,,,2608,23,-2.0300000000000007,160,0.0,2608,132,0.0023447759135844094,0.03505709022283554,0,0,3,5.242177100000845,5.242177100000845,0.0,5.242177100000845,0.0,b240632d76bfe6919b44416ecd12239cbcb93cea,1.8.0,cde18190c3c8d2f5e97799ac5572ab19fe5ea4929fd0422da19b385b1d617f1e,True,3.14.3,2.11.0+cpu,2.4.3,1.3.0,3.1.0,not-installed,not-installed,0.19144728836669633,0.0,1.0,1.0,445.0,1.0,0.0,0.0,0.0,0.0,0.0,0.21978759733091038,0.7802124026690895,0.0,nan,nan,0.2510229936222724,nan,1.0,1.0,nan,0.0,nan,nan,exact,111.89124999999999,29.25,neural,445.0,1780.0,17800.0,nan,0.0,0.0,nan,,,,,,,,,,,,,,,
reviewer1_transition_dynamics_shift_smoke,reviewer1_transition_dynamics_shift_smoke,configs/reviewer1_remaining/smoke/transition_dynamics_shift.yaml,Reviewer1-transition-dynamics-shift-smoke,Reviewer1TransitionDynamicsShift-v0,Reviewer1TransitionDynamicsShift-v0,native_gymnasium_observation,count_gated_tau_20,11001,train,2768,,,2768,24,-1.7900000000000014,160,0.0,2768,142,0.0022046206136558757,0.03505709022283554,0,0,3,5.661085599997023,5.661085599997023,0.0,5.661085599997023,0.0,b240632d76bfe6919b44416ecd12239cbcb93cea,1.8.0,cde18190c3c8d2f5e97799ac5572ab19fe5ea4929fd0422da19b385b1d617f1e,True,3.14.3,2.11.0+cpu,2.4.3,1.3.0,3.1.0,not-installed,not-installed,0.18773711024059564,0.0,1.0,1.0,472.0,1.0,0.0,0.0,0.0,0.0,0.25625,0.12592842524469453,0.8740715747553054,0.0,nan,nan,0.13960002039414077,nan,0.74375,0.74375,nan,0.25625,nan,nan,exact,99.404375,27.0,neural,472.0,1888.0,18880.0,nan,0.0,0.0,nan,,,,,,,,,,,,,,,
reviewer1_transition_dynamics_shift_smoke,reviewer1_transition_dynamics_shift_smoke,configs/reviewer1_remaining/smoke/transition_dynamics_shift.yaml,Reviewer1-transition-dynamics-shift-smoke,Reviewer1TransitionDynamicsShift-v0,Reviewer1TransitionDynamicsShift-v0,native_gymnasium_observation,count_gated_tau_20,11001,train,2928,,,2928,25,-1.9200000000000015,160,0.0,2928,152,0.002214389409537513,0.03505709022283554,0,0,3,5.973458499996923,5.973458499996923,0.0,5.973458499996923,0.0,b240632d76bfe6919b44416ecd12239cbcb93cea,1.8.0,cde18190c3c8d2f5e97799ac5572ab19fe5ea4929fd0422da19b385b1d617f1e,True,3.14.3,2.11.0+cpu,2.4.3,1.3.0,3.1.0,not-installed,not-installed,0.18475821253590027,0.0,1.0,1.0,498.0,1.0,0.0,0.0,0.0,0.0,0.1125,0.15675752086078173,0.8432424791392181,0.0,nan,nan,0.1787293045262224,nan,0.8875,0.8875,nan,0.1125,nan,nan,exact,81.559375,23.1,neural,498.0,1992.0,19920.0,nan,0.0,0.0,nan,,,,,,,,,,,,,,,
reviewer1_transition_dynamics_shift_smoke,reviewer1_transition_dynamics_shift_smoke,configs/reviewer1_remaining/smoke/transition_dynamics_shift.yaml,Reviewer1-transition-dynamics-shift-smoke,Reviewer1TransitionDynamicsShift-v0,Reviewer1TransitionDynamicsShift-v0,native_gymnasium_observation,count_gated_tau_20,11001,train,2966,,,2966,26,0.5199999999999998,38,1.0,2966,154,0.0021880193431665154,0.03505709022283554,0,0,3,6.022467899994808,6.022467899994808,0.0,6.022467899994808,0.0,b240632d76bfe6919b44416ecd12239cbcb93cea,1.8.0,cde18190c3c8d2f5e97799ac5572ab19fe5ea4929fd0422da19b385b1d617f1e,True,3.14.3,2.11.0+cpu,2.4.3,1.3.0,3.1.0,not-installed,not-installed,0.17953901200130096,0.0,1.0,1.0,509.0,0.0,0.0,0.0,0.0,1.0,0.10526315789473684,0.09976830526029609,0.9002316947397039,0.0,nan,nan,0.10863880591485804,nan,0.8947368421052632,0.8947368421052632,nan,0.10526315789473684,nan,nan,exact,283.1026315789474,20.75,neural,509.0,2036.0,20360.0,nan,0.0,0.0,nan,,,,,,,,,,,,,,,
reviewer1_transition_dynamics_shift_smoke,reviewer1_transition_dynamics_shift_smoke,configs/reviewer1_remaining/smoke/transition_dynamics_shift.yaml,Reviewer1-transition-dynamics-shift-smoke,Reviewer1TransitionDynamicsShift-v0,Reviewer1TransitionDynamicsShift-v0,native_gymnasium_observation,count_gated_tau_20,11001,train,3126,,,3126,27,-1.9700000000000015,160,0.0,3126,164,0.0021245500311346316,0.03505709022283554,0,0,3,6.411158399998385,6.411158399998385,0.0,6.411158399998385,0.0,b240632d76bfe6919b44416ecd12239cbcb93cea,1.8.0,cde18190c3c8d2f5e97799ac5572ab19fe5ea4929fd0422da19b385b1d617f1e,True,3.14.3,2.11.0+cpu,2.4.3,1.3.0,3.1.0,not-installed,not-installed,0.1773032240278879,0.0,1.0,1.0,531.0,1.0,0.0,0.0,0.0,0.0,0.1625,0.1718820745929067,0.8281179254070933,0.0,nan,nan,0.1942198385967302,nan,0.8375,0.8375,nan,0.1625,nan,nan,exact,151.248125,28.5,neural,531.0,2124.0,21240.0,nan,0.0,0.0,nan,,,,,,,,,,,,,,,
reviewer1_transition_dynamics_shift_smoke,reviewer1_transition_dynamics_shift_smoke,configs/reviewer1_remaining/smoke/transition_dynamics_shift.yaml,Reviewer1-transition-dynamics-shift-smoke,Reviewer1TransitionDynamicsShift-v0,Reviewer1TransitionDynamicsShift-v0,native_gymnasium_observation,count_gated_tau_20,11001,train,3286,,,3286,28,-2.0700000000000007,160,0.0,3286,174,0.002066869932730634,0.03505709022283554,0,0,3,6.663595699996222,6.663595699996222,0.0,6.663595699996222,0.0,b240632d76bfe6919b44416ecd12239cbcb93cea,1.8.0,cde18190c3c8d2f5e97799ac5572ab19fe5ea4929fd0422da19b385b1d617f1e,True,3.14.3,2.11.0+cpu,2.4.3,1.3.0,3.1.0,not-installed,not-installed,0.17479948976147058,0.0,1.0,1.0,560.0,1.0,0.0,0.0,0.0,0.0,0.19375,0.18776646292950638,0.8122335370704935,0.0,nan,nan,0.21557452024600146,nan,0.80625,0.80625,nan,0.19375,nan,nan,exact,88.37937500000001,24.200000000000003,neural,560.0,2240.0,22400.0,nan,0.0,0.0,nan,,,,,,,,,,,,,,,
reviewer1_transition_dynamics_shift_smoke,reviewer1_transition_dynamics_shift_smoke,configs/reviewer1_remaining/smoke/transition_dynamics_shift.yaml,Reviewer1-transition-dynamics-shift-smoke,Reviewer1TransitionDynamicsShift-v0,Reviewer1TransitionDynamicsShift-v0,native_gymnasium_observation,count_gated_tau_20,11001,train,3446,,,3446,29,-2.0000000000000013,160,0.0,3446,184,0.0020135860780536186,0.03505709022283554,0,0,3,7.132472899997083,7.132472899997083,0.0,7.132472899997083,0.0,b240632d76bfe6919b44416ecd12239cbcb93cea,1.8.0,cde18190c3c8d2f5e97799ac5572ab19fe5ea4929fd0422da19b385b1d617f1e,True,3.14.3,2.11.0+cpu,2.4.3,1.3.0,3.1.0,not-installed,not-installed,0.1836335642922634,0.0,1.0,1.0,564.0,1.0,0.0,0.0,0.0,0.0,0.0,0.2558968506352241,0.7441031493647758,0.0,nan,nan,0.3008110139711858,nan,1.0,1.0,nan,0.0,nan,nan,exact,111.52125000000001,29.4,neural,564.0,2256.0,22560.0,nan,0.0,0.0,nan,,,,,,,,,,,,,,,
reviewer1_transition_dynamics_shift_smoke,reviewer1_transition_dynamics_shift_smoke,configs/reviewer1_remaining/smoke/transition_dynamics_shift.yaml,Reviewer1-transition-dynamics-shift-smoke,Reviewer1TransitionDynamicsShift-v0,Reviewer1TransitionDynamicsShift-v0,native_gymnasium_observation,count_gated_tau_20,11001,train,3505,,,3505,30,0.33999999999999964,59,1.0,3505,188,0.001972072746673106,0.03505709022283554,0,0,3,7.241021699999692,7.241021699999692,0.0,7.241021699999692,0.0,b240632d76bfe6919b44416ecd12239cbcb93cea,1.8.0,cde18190c3c8d2f5e97799ac5572ab19fe5ea4929fd0422da19b385b1d617f1e,True,3.14.3,2.11.0+cpu,2.4.3,1.3.0,3.1.0,not-installed,not-installed,0.18114545546525287,0.0,1.0,1.0,583.0,0.0,0.0,0.0,0.0,1.0,0.1864406779661017,0.11027955095751704,0.8897204490424828,0.0,nan,nan,0.12052069718463224,nan,0.8135593220338984,0.8135593220338984,nan,0.1864406779661017,nan,nan,exact,113.72881355932205,27.7,neural,583.0,2332.0,23320.0,nan,0.0,0.0,nan,,,,,,,,,,,,,,,
reviewer1_transition_dynamics_shift_smoke,reviewer1_transition_dynamics_shift_smoke,configs/reviewer1_remaining/smoke/transition_dynamics_shift.yaml,Reviewer1-transition-dynamics-shift-smoke,Reviewer1TransitionDynamicsShift-v0,Reviewer1TransitionDynamicsShift-v0,native_gymnasium_observation,count_gated_tau_20,11001,train,3545,,,3545,31,0.45999999999999974,40,1.0,3545,190,0.0019522608890838455,0.03505709022283554,0,0,3,7.287723800000094,7.287723800000094,0.0,7.287723800000094,0.0,b240632d76bfe6919b44416ecd12239cbcb93cea,1.8.0,cde18190c3c8d2f5e97799ac5572ab19fe5ea4929fd0422da19b385b1d617f1e,True,3.14.3,2.11.0+cpu,2.4.3,1.3.0,3.1.0,not-installed,not-installed,0.18088698720876714,0.0,1.0,1.0,593.0,0.0,0.0,0.0,0.0,1.0,0.0,0.15301566388522908,0.8469843361147709,0.0,nan,nan,0.16785542389564384,nan,1.0,1.0,nan,0.0,nan,nan,exact,95.7175,19.85,neural,593.0,2372.0,23720.0,nan,0.0,0.0,nan,,,,,,,,,,,,,,,
reviewer1_transition_dynamics_shift_smoke,reviewer1_transition_dynamics_shift_smoke,configs/reviewer1_remaining/smoke/transition_dynamics_shift.yaml,Reviewer1-transition-dynamics-shift-smoke,Reviewer1TransitionDynamicsShift-v0,Reviewer1TransitionDynamicsShift-v0,native_gymnasium_observation,count_gated_tau_20,11001,train,3583,,,3583,32,0.48999999999999977,38,1.0,3583,192,0.0019808687337293427,0.03505709022283554,0,0,3,7.336745699998573,7.336745699998573,0.0,7.336745699998573,0.0,b240632d76bfe6919b44416ecd12239cbcb93cea,1.8.0,cde18190c3c8d2f5e97799ac5572ab19fe5ea4929fd0422da19b385b1d617f1e,True,3.14.3,2.11.0+cpu,2.4.3,1.3.0,3.1.0,not-installed,not-installed,0.1805573800558954,0.0,1.0,1.0,595.0,0.0,0.0,0.0,0.0,1.0,0.13157894736842105,0.18747255634732943,0.8125274436526706,0.0,nan,nan,0.2130225312510298,nan,0.868421052631579,0.868421052631579,nan,0.13157894736842105,nan,nan,exact,157.64473684210526,20.85,neural,595.0,2380.0,23800.0,nan,0.0,0.0,nan,,,,,,,,,,,,,,,
reviewer1_transition_dynamics_shift_smoke,reviewer1_transition_dynamics_shift_smoke,configs/reviewer1_remaining/smoke/transition_dynamics_shift.yaml,Reviewer1-transition-dynamics-shift-smoke,Reviewer1TransitionDynamicsShift-v0,Reviewer1TransitionDynamicsShift-v0,native_gymnasium_observation,count_gated_tau_20,11001,train,3743,,,3743,33,-1.8700000000000012,160,0.0,3743,202,0.0018910250705675485,0.03505709022283554,0,0,3,7.7053790999998455,7.7053790999998455,0.0,7.7053790999998455,0.0,b240632d76bfe6919b44416ecd12239cbcb93cea,1.8.0,cde18190c3c8d2f5e97799ac5572ab19fe5ea4929fd0422da19b385b1d617f1e,True,3.14.3,2.11.0+cpu,2.4.3,1.3.0,3.1.0,not-installed,not-installed,0.17878501308012054,0.0,1.0,1.0,626.0,1.0,0.0,0.0,0.0,0.0,0.05,0.2015759905040265,0.7984240094959736,0.0,nan,nan,0.23265990901363537,nan,0.95,0.95,nan,0.05,nan,nan,exact,135.10125,28.15,neural,626.0,2504.0,25040.0,nan,0.0,0.0,nan,,,,,,,,,,,,,,,
reviewer1_transition_dynamics_shift_smoke,reviewer1_transition_dynamics_shift_smoke,configs/reviewer1_remaining/smoke/transition_dynamics_shift.yaml,Reviewer1-transition-dynamics-shift-smoke,Reviewer1TransitionDynamicsShift-v0,Reviewer1TransitionDynamicsShift-v0,native_gymnasium_observation,count_gated_tau_20,11001,train,3903,,,3903,34,-1.9500000000000015,160,0.0,3903,212,0.0018549782628226996,0.03505709022283554,0,0,3,7.997156099998392,7.997156099998392,0.0,7.997156099998392,0.0,b240632d76bfe6919b44416ecd12239cbcb93cea,1.8.0,cde18190c3c8d2f5e97799ac5572ab19fe5ea4929fd0422da19b385b1d617f1e,True,3.14.3,2.11.0+cpu,2.4.3,1.3.0,3.1.0,not-installed,not-installed,0.1788577521622387,0.0,1.0,1.0,644.0,1.0,0.0,0.0,0.0,0.0,0.14375,0.21871616619297468,0.7812838338070254,0.0,nan,nan,0.25786221907866924,nan,0.85625,0.85625,nan,0.14375,nan,nan,exact,120.32062499999999,23.8,neural,644.0,2576.0,25760.0,nan,0.0,0.0,nan,,,,,,,,,,,,,,,
reviewer1_transition_dynamics_shift_smoke,reviewer1_transition_dynamics_shift_smoke,configs/reviewer1_remaining/smoke/transition_dynamics_shift.yaml,Reviewer1-transition-dynamics-shift-smoke,Reviewer1TransitionDynamicsShift-v0,Reviewer1TransitionDynamicsShift-v0,native_gymnasium_observation,count_gated_tau_20,11001,train,4063,,,4063,35,-2.0799999999999996,160,0.0,4063,222,0.001826205342883629,0.03505709022283554,0,0,3,8.35573999999906,8.35573999999906,0.0,8.35573999999906,0.0,b240632d76bfe6919b44416ecd12239cbcb93cea,1.8.0,cde18190c3c8d2f5e97799ac5572ab19fe5ea4929fd0422da19b385b1d617f1e,True,3.14.3,2.11.0+cpu,2.4.3,1.3.0,3.1.0,not-installed,not-installed,0.18258556379489208,0.0,1.0,1.0,668.0,1.0,0.0,0.0,0.0,0.0,0.34375,0.18664216588620378,0.8133578341137963,0.0,nan,nan,0.22563917687214188,nan,0.65625,0.65625,nan,0.34375,nan,nan,exact,135.3025,27.45,neural,668.0,2672.0,26720.0,nan,0.0,0.0,nan,,,,,,,,,,,,,,,
reviewer1_transition_dynamics_shift_smoke,reviewer1_transition_dynamics_shift_smoke,configs/reviewer1_remaining/smoke/transition_dynamics_shift.yaml,Reviewer1-transition-dynamics-shift-smoke,Reviewer1TransitionDynamicsShift-v0,Reviewer1TransitionDynamicsShift-v0,native_gymnasium_observation,count_gated_tau_20,11001,train,4155,,,4155,36,-0.020000000000000684,92,1.0,4155,228,0.0018713488205385307,0.03505709022283554,0,0,3,8.527669299997797,8.527669299997797,0.0,8.527669299997797,0.0,b240632d76bfe6919b44416ecd12239cbcb93cea,1.8.0,cde18190c3c8d2f5e97799ac5572ab19fe5ea4929fd0422da19b385b1d617f1e,True,3.14.3,2.11.0+cpu,2.4.3,1.3.0,3.1.0,not-installed,not-installed,0.17949156189490476,0.0,1.0,1.0,687.0,0.0,0.0,0.0,0.0,1.0,0.20652173913043478,0.1179857509676296,0.8820142490323705,0.0,nan,nan,0.12933849770014288,nan,0.7934782608695652,0.7934782608695652,nan,0.20652173913043478,nan,nan,exact,151.04239130434783,26.05,neural,687.0,2748.0,27480.0,nan,0.0,0.0,nan,,,,,,,,,,,,,,,
reviewer1_transition_dynamics_shift_smoke,reviewer1_transition_dynamics_shift_smoke,configs/reviewer1_remaining/smoke/transition_dynamics_shift.yaml,Reviewer1-transition-dynamics-shift-smoke,Reviewer1TransitionDynamicsShift-v0,Reviewer1TransitionDynamicsShift-v0,native_gymnasium_observation,count_gated_tau_20,11001,train,4315,,,4315,37,-2.0300000000000007,160,0.0,4315,238,0.0018537812682078757,0.03505709022283554,0,0,3,8.806198599995696,8.806198599995696,0.0,8.806198599995696,0.0,b240632d76bfe6919b44416ecd12239cbcb93cea,1.8.0,cde18190c3c8d2f5e97799ac5572ab19fe5ea4929fd0422da19b385b1d617f1e,True,3.14.3,2.11.0+cpu,2.4.3,1.3.0,3.1.0,not-installed,not-installed,0.18208447592355737,0.0,1.0,1.0,710.0,1.0,0.0,0.0,0.0,0.0,0.16875,0.20486445618503707,0.7951355438149629,0.0,nan,nan,0.24573364298315328,nan,0.83125,0.83125,nan,0.16875,nan,nan,exact,140.66375,25.25,neural,710.0,2840.0,28400.0,nan,0.0,0.0,nan,,,,,,,,,,,,,,,
reviewer1_transition_dynamics_shift_smoke,reviewer1_transition_dynamics_shift_smoke,configs/reviewer1_remaining/smoke/transition_dynamics_shift.yaml,Reviewer1-transition-dynamics-shift-smoke,Reviewer1TransitionDynamicsShift-v0,Reviewer1TransitionDynamicsShift-v0,native_gymnasium_observation,count_gated_tau_20,11001,train,4475,,,4475,38,-2.19,160,0.0,4475,248,0.0018969155313507439,0.03505709022283554,0,0,3,9.111902399999963,9.111902399999963,0.0,9.111902399999963,0.0,b240632d76bfe6919b44416ecd12239cbcb93cea,1.8.0,cde18190c3c8d2f5e97799ac5572ab19fe5ea4929fd0422da19b385b1d617f1e,True,3.14.3,2.11.0+cpu,2.4.3,1.3.0,3.1.0,not-installed,not-installed,0.18335358285662978,0.0,1.0,1.0,730.0,1.0,0.0,0.0,0.0,0.0,0.1875,0.200473579487505,0.799526420512495,0.0,nan,nan,0.23530921316644768,nan,0.8125,0.8125,nan,0.1875,nan,nan,exact,155.60250000000002,25.7,neural,730.0,2920.0,29200.0,nan,0.0,0.0,nan,,,,,,,,,,,,,,,
reviewer1_transition_dynamics_shift_smoke,reviewer1_transition_dynamics_shift_smoke,configs/reviewer1_remaining/smoke/transition_dynamics_shift.yaml,Reviewer1-transition-dynamics-shift-smoke,Reviewer1TransitionDynamicsShift-v0,Reviewer1TransitionDynamicsShift-v0,native_gymnasium_observation,count_gated_tau_20,11001,train,4635,,,4635,39,-2.0000000000000013,160,0.0,4635,258,0.0018397388308627808,0.03505709022283554,0,0,3,9.450500200000533,9.450500200000533,0.0,9.450500200000533,0.0,b240632d76bfe6919b44416ecd12239cbcb93cea,1.8.0,cde18190c3c8d2f5e97799ac5572ab19fe5ea4929fd0422da19b385b1d617f1e,True,3.14.3,2.11.0+cpu,2.4.3,1.3.0,3.1.0,not-installed,not-installed,0.18898233995749913,0.0,1.0,1.0,745.0,1.0,0.0,0.0,0.0,0.0,0.1125,0.22429480295229326,0.7757051970477067,0.0,nan,nan,0.26633763233368624,nan,0.8875,0.8875,nan,0.1125,nan,nan,exact,152.96875,26.2,neural,745.0,2980.0,29800.0,nan,0.0,0.0,nan,,,,,,,,,,,,,,,
reviewer1_transition_dynamics_shift_smoke,reviewer1_transition_dynamics_shift_smoke,configs/reviewer1_remaining/smoke/transition_dynamics_shift.yaml,Reviewer1-transition-dynamics-shift-smoke,Reviewer1TransitionDynamicsShift-v0,Reviewer1TransitionDynamicsShift-v0,native_gymnasium_observation,count_gated_tau_20,11001,train,4786,,,4786,40,-0.8600000000000014,151,1.0,4786,268,0.001782988852394724,0.03505709022283554,0,0,3,9.715606300000218,9.715606300000218,0.0,9.715606300000218,0.0,b240632d76bfe6919b44416ecd12239cbcb93cea,1.8.0,cde18190c3c8d2f5e97799ac5572ab19fe5ea4929fd0422da19b385b1d617f1e,True,3.14.3,2.11.0+cpu,2.4.3,1.3.0,3.1.0,not-installed,not-installed,0.183998599540803,0.0,1.0,1.0,779.0,0.0,0.0,0.0,0.0,1.0,0.17880794701986755,0.11618270005136172,0.8838172999486381,0.0,nan,nan,0.1276534550513231,nan,0.8211920529801324,0.8211920529801324,nan,0.17880794701986755,nan,nan,exact,161.90728476821192,24.2,neural,779.0,3116.0,31160.0,nan,0.0,0.0,nan,,,,,,,,,,,,,,,
reviewer1_transition_dynamics_shift_smoke,reviewer1_transition_dynamics_shift_smoke,configs/reviewer1_remaining/smoke/transition_dynamics_shift.yaml,Reviewer1-transition-dynamics-shift-smoke,Reviewer1TransitionDynamicsShift-v0,Reviewer1TransitionDynamicsShift-v0,native_gymnasium_observation,count_gated_tau_20,11001,train,4797,,,4797,41,0.89,11,1.0,4797,268,0.001782988852394724,0.03505709022283554,0,0,3,9.731049499998335,9.731049499998335,0.0,9.731049499998335,0.0,b240632d76bfe6919b44416ecd12239cbcb93cea,1.8.0,cde18190c3c8d2f5e97799ac5572ab19fe5ea4929fd0422da19b385b1d617f1e,True,3.14.3,2.11.0+cpu,2.4.3,1.3.0,3.1.0,not-installed,not-installed,0.18318730699482733,0.0,1.0,1.0,788.0,0.0,0.0,0.0,0.0,1.0,0.5454545454545454,0.021645021645021644,0.9783549783549784,0.0,nan,nan,0.022168443408766357,nan,0.45454545454545453,0.45454545454545453,nan,0.5454545454545454,nan,nan,unsupported,172.05454545454543,24.3,neural,788.0,3152.0,31520.0,nan,0.0,0.0,nan,,,,,,,,,,,,,,,
reviewer1_transition_dynamics_shift_smoke,reviewer1_transition_dynamics_shift_smoke,configs/reviewer1_remaining/smoke/transition_dynamics_shift.yaml,Reviewer1-transition-dynamics-shift-smoke,Reviewer1TransitionDynamicsShift-v0,Reviewer1TransitionDynamicsShift-v0,native_gymnasium_observation,count_gated_tau_20,11001,train,4843,,,4843,42,0.3899999999999997,46,1.0,4843,271,0.0017690174696407268,0.03505709022283554,0,0,3,9.78360260000045,9.78360260000045,0.0,9.78360260000045,0.0,b240632d76bfe6919b44416ecd12239cbcb93cea,1.8.0,cde18190c3c8d2f5e97799ac5572ab19fe5ea4929fd0422da19b385b1d617f1e,True,3.14.3,2.11.0+cpu,2.4.3,1.3.0,3.1.0,not-installed,not-installed,0.1821525459853673,0.0,1.0,1.0,807.0,0.0,0.0,0.0,0.0,1.0,0.6086956521739131,0.11184407796101951,0.8881559220389804,0.0,nan,nan,0.12952179880455553,nan,0.391304347826087,0.391304347826087,nan,0.6086956521739131,nan,nan,unsupported,75.43478260869566,19.75,neural,807.0,3228.0,32280.0,nan,0.0,0.0,nan,,,,,,,,,,,,,,,
reviewer1_transition_dynamics_shift_smoke,reviewer1_transition_dynamics_shift_smoke,configs/reviewer1_remaining/smoke/transition_dynamics_shift.yaml,Reviewer1-transition-dynamics-shift-smoke,Reviewer1TransitionDynamicsShift-v0,Reviewer1TransitionDynamicsShift-v0,native_gymnasium_observation,count_gated_tau_20,11001,train,4952,,,4952,43,-0.23000000000000087,109,1.0,4952,278,0.0017905212288817454,0.03505709022283554,0,0,3,9.96218239999871,9.96218239999871,0.0,9.96218239999871,0.0,b240632d76bfe6919b44416ecd12239cbcb93cea,1.8.0,cde18190c3c8d2f5e97799ac5572ab19fe5ea4929fd0422da19b385b1d617f1e,True,3.14.3,2.11.0+cpu,2.4.3,1.3.0,3.1.0,not-installed,not-installed,0.18163035216274884,0.0,1.0,1.0,816.0,0.0,0.0,0.0,0.0,1.0,0.08256880733944955,0.16853272597189628,0.8314672740281035,0.0,nan,nan,0.18722071399092804,nan,0.9174311926605505,0.9174311926605505,nan,0.08256880733944955,nan,nan,exact,115.9275229357798,21.9,neural,816.0,3264.0,32640.0,nan,0.0,0.0,nan,,,,,,,,,,,,,,,
reviewer1_transition_dynamics_shift_smoke,reviewer1_transition_dynamics_shift_smoke,configs/reviewer1_remaining/smoke/transition_dynamics_shift.yaml,Reviewer1-transition-dynamics-shift-smoke,Reviewer1TransitionDynamicsShift-v0,Reviewer1TransitionDynamicsShift-v0,native_gymnasium_observation,count_gated_tau_20,11001,train,5111,,,5111,44,-1.0200000000000014,159,1.0,5111,288,0.0017391105513474435,0.03505709022283554,0,0,3,10.223723499999323,10.223723499999323,0.0,10.223723499999323,0.0,b240632d76bfe6919b44416ecd12239cbcb93cea,1.8.0,cde18190c3c8d2f5e97799ac5572ab19fe5ea4929fd0422da19b385b1d617f1e,True,3.14.3,2.11.0+cpu,2.4.3,1.3.0,3.1.0,not-installed,not-installed,0.18283808035765928,0.0,1.0,1.0,840.0,0.0,0.0,0.0,0.0,1.0,0.18238993710691823,0.1870999972068363,0.8129000027931638,0.0,nan,nan,0.21841201589621606,nan,0.8176100628930818,0.8176100628930818,nan,0.18238993710691823,nan,nan,exact,161.25786163522014,24.3,neural,840.0,3360.0,33600.0,nan,0.0,0.0,nan,,,,,,,,,,,,,,,
reviewer1_transition_dynamics_shift_smoke,reviewer1_transition_dynamics_shift_smoke,configs/reviewer1_remaining/smoke/transition_dynamics_shift.yaml,Reviewer1-transition-dynamics-shift-smoke,Reviewer1TransitionDynamicsShift-v0,Reviewer1TransitionDynamicsShift-v0,native_gymnasium_observation,count_gated_tau_20,11001,train,5271,,,5271,45,-1.9000000000000015,160,0.0,5271,298,0.0017254659988677743,0.03505709022283554,0,0,3,10.610819299996365,10.610819299996365,0.0,10.610819299996365,0.0,b240632d76bfe6919b44416ecd12239cbcb93cea,1.8.0,cde18190c3c8d2f5e97799ac5572ab19fe5ea4929fd0422da19b385b1d617f1e,True,3.14.3,2.11.0+cpu,2.4.3,1.3.0,3.1.0,not-installed,not-installed,0.18283756488608402,0.0,1.0,1.0,857.0,1.0,0.0,0.0,0.0,0.0,0.1125,0.1813919084267916,0.8186080915732085,0.0,nan,nan,0.20875359297776663,nan,0.8875,0.8875,nan,0.1125,nan,nan,exact,167.696875,26.549999999999997,neural,857.0,3428.0,34280.0,nan,0.0,0.0,nan,,,,,,,,,,,,,,,
reviewer1_transition_dynamics_shift_smoke,reviewer1_transition_dynamics_shift_smoke,configs/reviewer1_remaining/smoke/transition_dynamics_shift.yaml,Reviewer1-transition-dynamics-shift-smoke,Reviewer1TransitionDynamicsShift-v0,Reviewer1TransitionDynamicsShift-v0,native_gymnasium_observation,count_gated_tau_20,11001,train,5371,,,5371,46,-0.31000000000000094,100,1.0,5371,304,0.0017703528067398253,0.03505709022283554,0,0,3,10.76257600000099,10.76257600000099,0.0,10.76257600000099,0.0,b240632d76bfe6919b44416ecd12239cbcb93cea,1.8.0,cde18190c3c8d2f5e97799ac5572ab19fe5ea4929fd0422da19b385b1d617f1e,True,3.14.3,2.11.0+cpu,2.4.3,1.3.0,3.1.0,not-installed,not-installed,0.1815657279175613,0.0,1.0,1.0,872.0,0.0,0.0,0.0,0.0,1.0,0.25,0.14575527991164292,0.8542447200883574,0.0,nan,nan,0.1659577164063732,nan,0.75,0.75,nan,0.25,nan,nan,exact,146.618,25.8,neural,872.0,3488.0,34880.0,nan,0.0,0.0,nan,,,,,,,,,,,,,,,
reviewer1_transition_dynamics_shift_smoke,reviewer1_transition_dynamics_shift_smoke,configs/reviewer1_remaining/smoke/transition_dynamics_shift.yaml,Reviewer1-transition-dynamics-shift-smoke,Reviewer1TransitionDynamicsShift-v0,Reviewer1TransitionDynamicsShift-v0,native_gymnasium_observation,count_gated_tau_20,11001,train,5531,,,5531,47,-2.0500000000000007,160,0.0,5531,314,0.0017714153610268691,0.03505709022283554,0,0,3,11.050238899995747,11.050238899995747,0.0,11.050238899995747,0.0,b240632d76bfe6919b44416ecd12239cbcb93cea,1.8.0,cde18190c3c8d2f5e97799ac5572ab19fe5ea4929fd0422da19b385b1d617f1e,True,3.14.3,2.11.0+cpu,2.4.3,1.3.0,3.1.0,not-installed,not-installed,0.18428116440368275,0.0,1.0,1.0,886.0,1.0,0.0,0.0,0.0,0.0,0.0375,0.27154945957247384,0.7284505404275261,0.0,nan,nan,0.32331301264917045,nan,0.9625,0.9625,nan,0.0375,nan,nan,exact,133.135625,25.0,neural,886.0,3544.0,35440.0,nan,0.0,0.0,nan,,,,,,,,,,,,,,,
reviewer1_transition_dynamics_shift_smoke,reviewer1_transition_dynamics_shift_smoke,configs/reviewer1_remaining/smoke/transition_dynamics_shift.yaml,Reviewer1-transition-dynamics-shift-smoke,Reviewer1TransitionDynamicsShift-v0,Reviewer1TransitionDynamicsShift-v0,native_gymnasium_observation,count_gated_tau_20,11001,train,5691,,,5691,48,-1.9900000000000015,160,0.0,5691,324,0.0017280839844974207,0.03505709022283554,0,0,3,11.34596109999984,11.34596109999984,0.0,11.34596109999984,0.0,b240632d76bfe6919b44416ecd12239cbcb93cea,1.8.0,cde18190c3c8d2f5e97799ac5572ab19fe5ea4929fd0422da19b385b1d617f1e,True,3.14.3,2.11.0+cpu,2.4.3,1.3.0,3.1.0,not-installed,not-installed,0.183193650432274,0.0,1.0,1.0,908.0,1.0,0.0,0.0,0.0,0.0,0.40625,0.11943459024057343,0.8805654097594265,0.0,nan,nan,0.1373799284539542,nan,0.59375,0.59375,nan,0.40625,nan,nan,exact,150.39187499999997,24.3,neural,908.0,3632.0,36320.0,nan,0.0,0.0,nan,,,,,,,,,,,,,,,
reviewer1_transition_dynamics_shift_smoke,reviewer1_transition_dynamics_shift_smoke,configs/reviewer1_remaining/smoke/transition_dynamics_shift.yaml,Reviewer1-transition-dynamics-shift-smoke,Reviewer1TransitionDynamicsShift-v0,Reviewer1TransitionDynamicsShift-v0,native_gymnasium_observation,count_gated_tau_20,11001,train,5851,,,5851,49,-2.010000000000001,160,0.0,5851,334,0.0017060125153189356,0.03505709022283554,0,0,3,11.704484999994747,11.704484999994747,0.0,11.704484999994747,0.0,b240632d76bfe6919b44416ecd12239cbcb93cea,1.8.0,cde18190c3c8d2f5e97799ac5572ab19fe5ea4929fd0422da19b385b1d617f1e,True,3.14.3,2.11.0+cpu,2.4.3,1.3.0,3.1.0,not-installed,not-installed,0.1848758397019244,0.0,1.0,1.0,923.0,1.0,0.0,0.0,0.0,0.0,0.1,0.206629500669045,0.7933704993309549,0.0,nan,nan,0.2426890167576395,nan,0.9,0.9,nan,0.1,nan,nan,exact,163.424375,25.700000000000003,neural,923.0,3692.0,36920.0,nan,0.0,0.0,nan,,,,,,,,,,,,,,,
reviewer1_transition_dynamics_shift_smoke,reviewer1_transition_dynamics_shift_smoke,configs/reviewer1_remaining/smoke/transition_dynamics_shift.yaml,Reviewer1-transition-dynamics-shift-smoke,Reviewer1TransitionDynamicsShift-v0,Reviewer1TransitionDynamicsShift-v0,native_gymnasium_observation,count_gated_tau_20,11001,eval,6000,6000,-3.1600000000000015,6000,1,-3.1600000000000015,160,0.0,6000,344,0.001695022410035034,0.03505709022283554,0,1,3,12.954751099998248,11.959425499997451,0.9953256000007968,11.959425499997451,0.9953256000007968,b240632d76bfe6919b44416ecd12239cbcb93cea,1.8.0,cde18190c3c8d2f5e97799ac5572ab19fe5ea4929fd0422da19b385b1d617f1e,True,3.14.3,2.11.0+cpu,2.4.3,1.3.0,3.1.0,not-installed,not-installed,0.1864611300673743,0.0,1.0,1.0,938.0,1.0,0.0,0.0,0.0,0.0,1.0,0.0,1.0,0.0,nan,nan,0.0,nan,0.0,0.0,nan,1.0,nan,nan,unsupported,616.17875,579.95,neural,938.0,3752.0,37520.0,nan,0.0,0.0,nan,0,0,0,3,0.0,0.0,0.4999999974999999,neural,tie,unavailable,nan,nan,0.0,none,nan
reviewer1_transition_dynamics_shift_smoke,reviewer1_transition_dynamics_shift_smoke,configs/reviewer1_remaining/smoke/transition_dynamics_shift.yaml,Reviewer1-transition-dynamics-shift-smoke,Reviewer1TransitionDynamicsShift-v0,Reviewer1TransitionDynamicsShift-v0,native_gymnasium_observation,count_gated_tau_20,11001,eval,6000,6000,-3.1500000000000017,6000,2,-3.1500000000000017,160,0.0,6000,344,0.001695022410035034,0.03505709022283554,0,1,3,12.955299399996875,11.959973799996078,0.9953256000007968,11.959973799996078,0.9953256000007968,b240632d76bfe6919b44416ecd12239cbcb93cea,1.8.0,cde18190c3c8d2f5e97799ac5572ab19fe5ea4929fd0422da19b385b1d617f1e,True,3.14.3,2.11.0+cpu,2.4.3,1.3.0,3.1.0,not-installed,not-installed,0.1864611300673743,0.0,1.0,1.0,938.0,1.0,0.0,0.0,0.0,0.0,1.0,0.0,1.0,0.0,nan,nan,0.0,nan,0.0,0.0,nan,1.0,nan,nan,unsupported,562.4643749999999,523.55,neural,938.0,3752.0,37520.0,nan,0.0,0.0,nan,0,0,0,2,0.006329113924050633,0.006329113924050633,0.4999999974999999,neural,tie,unavailable,nan,nan,0.0,none,nan
reviewer1_transition_dynamics_shift_smoke,reviewer1_transition_dynamics_shift_smoke,configs/reviewer1_remaining/smoke/transition_dynamics_shift.yaml,Reviewer1-transition-dynamics-shift-smoke,Reviewer1TransitionDynamicsShift-v0,Reviewer1TransitionDynamicsShift-v0,native_gymnasium_observation,count_gated_tau_20,11001,eval,6000,6000,-2.349999999999994,6000,3,-2.349999999999994,160,0.0,6000,344,0.001695022410035034,0.03505709022283554,0,1,3,12.955573899998853,11.960248299998057,0.9953256000007968,11.960248299998057,0.9953256000007968,b240632d76bfe6919b44416ecd12239cbcb93cea,1.8.0,cde18190c3c8d2f5e97799ac5572ab19fe5ea4929fd0422da19b385b1d617f1e,True,3.14.3,2.11.0+cpu,2.4.3,1.3.0,3.1.0,not-installed,not-installed,0.1864611300673743,0.0,1.0,1.0,938.0,1.0,0.0,0.0,0.0,0.0,0.01875,0.37078187549457714,0.6292181245054229,0.0,nan,nan,0.4475424974515832,nan,0.98125,0.98125,nan,0.01875,nan,nan,exact,523.485,498.15,neural,938.0,3752.0,37520.0,nan,0.0,0.0,nan,3,0,0,1,0.9761904761904762,0.07142857142857142,0.4999999974999999,neural,tabular,unavailable,nan,nan,0.0,none,nan
reviewer1_transition_dynamics_shift_smoke,reviewer1_transition_dynamics_shift_smoke,configs/reviewer1_remaining/smoke/transition_dynamics_shift.yaml,Reviewer1-transition-dynamics-shift-smoke,Reviewer1TransitionDynamicsShift-v0,Reviewer1TransitionDynamicsShift-v0,native_gymnasium_observation,count_gated_tau_20,11001,eval,6000,6000,-3.0400000000000005,6000,4,-3.0400000000000005,160,0.0,6000,344,0.001695022410035034,0.03505709022283554,0,1,3,12.955829200000153,11.960503599999356,0.9953256000007968,11.960503599999356,0.9953256000007968,b240632d76bfe6919b44416ecd12239cbcb93cea,1.8.0,cde18190c3c8d2f5e97799ac5572ab19fe5ea4929fd0422da19b385b1d617f1e,True,3.14.3,2.11.0+cpu,2.4.3,1.3.0,3.1.0,not-installed,not-installed,0.1864611300673743,0.0,1.0,1.0,938.0,1.0,0.0,0.0,0.0,0.0,0.0,0.16417572463768115,0.8358242753623187,0.0,nan,nan,0.17897564761901527,nan,1.0,1.0,nan,0.0,nan,nan,exact,583.48625,543.05,neural,938.0,3752.0,37520.0,nan,0.0,0.0,nan,1,0,0,2,0.0,0.0,0.4999999974999999,neural,tie,unavailable,nan,nan,0.0,none,nan
reviewer1_transition_dynamics_shift_smoke,reviewer1_transition_dynamics_shift_smoke,configs/reviewer1_remaining/smoke/transition_dynamics_shift.yaml,Reviewer1-transition-dynamics-shift-smoke,Reviewer1TransitionDynamicsShift-v0,Reviewer1TransitionDynamicsShift-v0,native_gymnasium_observation,count_gated_tau_20,11001,train,6011,,,6011,50,-1.9300000000000015,160,0.0,6011,344,0.001695022410035034,0.03505709022283554,0,1,3,12.978438899997855,11.983113299997058,0.9953256000007968,11.983113299997058,0.9953256000007968,b240632d76bfe6919b44416ecd12239cbcb93cea,1.8.0,cde18190c3c8d2f5e97799ac5572ab19fe5ea4929fd0422da19b385b1d617f1e,True,3.14.3,2.11.0+cpu,2.4.3,1.3.0,3.1.0,not-installed,not-installed,0.18726407033424033,0.0,1.0,1.0,938.0,1.0,0.0,0.0,0.0,0.0,0.01875,0.23029178623473107,0.7697082137652689,0.0,nan,nan,0.26757062583749364,nan,0.98125,0.98125,nan,0.01875,nan,nan,exact,143.54000000000002,24.25,neural,938.0,3752.0,37520.0,nan,0.0,0.0,nan,,,,,,,,,,,,,,,
reviewer1_transition_dynamics_shift_smoke,reviewer1_transition_dynamics_shift_smoke,configs/reviewer1_remaining/smoke/transition_dynamics_shift.yaml,Reviewer1-transition-dynamics-shift-smoke,Reviewer1TransitionDynamicsShift-v0,Reviewer1TransitionDynamicsShift-v0,native_gymnasium_observation,count_gated_tau_20,11001,train,6107,,,6107,51,-0.23000000000000087,96,1.0,6107,350,0.0016915179820352932,0.03505709022283554,0,1,3,13.106422099997872,12.111096499997075,0.9953256000007968,12.111096499997075,0.9953256000007968,b240632d76bfe6919b44416ecd12239cbcb93cea,1.8.0,cde18190c3c8d2f5e97799ac5572ab19fe5ea4929fd0422da19b385b1d617f1e,True,3.14.3,2.11.0+cpu,2.4.3,1.3.0,3.1.0,not-installed,not-installed,0.18870551935603316,0.0,1.0,1.0,940.0,0.0,0.0,0.0,0.0,1.0,0.11458333333333333,0.2747765097124149,0.725223490287585,0.0,nan,nan,0.3280435067214203,nan,0.8854166666666666,0.8854166666666666,nan,0.11458333333333333,nan,nan,exact,158.48229166666667,22.7,neural,940.0,3760.0,37600.0,nan,0.0,0.0,nan,,,,,,,,,,,,,,,
reviewer1_transition_dynamics_shift_smoke,reviewer1_transition_dynamics_shift_smoke,configs/reviewer1_remaining/smoke/transition_dynamics_shift.yaml,Reviewer1-transition-dynamics-shift-smoke,Reviewer1TransitionDynamicsShift-v0,Reviewer1TransitionDynamicsShift-v0,native_gymnasium_observation,count_gated_tau_20,11001,train,6267,,,6267,52,-2.0700000000000003,160,0.0,6267,360,0.0017118950820986356,0.03505709022283554,0,1,3,13.482781899998372,12.487456299997575,0.9953256000007968,12.487456299997575,0.9953256000007968,b240632d76bfe6919b44416ecd12239cbcb93cea,1.8.0,cde18190c3c8d2f5e97799ac5572ab19fe5ea4929fd0422da19b385b1d617f1e,True,3.14.3,2.11.0+cpu,2.4.3,1.3.0,3.1.0,not-installed,not-installed,0.18620519138582745,0.0,1.0,1.0,966.0,1.0,0.0,0.0,0.0,0.0,0.175,0.16154643242171848,0.8384535675782814,0.0,nan,nan,0.18522187118972108,nan,0.825,0.825,nan,0.175,nan,nan,exact,178.98562499999997,27.6,neural,966.0,3864.0,38640.0,nan,0.0,0.0,nan,,,,,,,,,,,,,,,
reviewer1_transition_dynamics_shift_smoke,reviewer1_transition_dynamics_shift_smoke,configs/reviewer1_remaining/smoke/transition_dynamics_shift.yaml,Reviewer1-transition-dynamics-shift-smoke,Reviewer1TransitionDynamicsShift-v0,Reviewer1TransitionDynamicsShift-v0,native_gymnasium_observation,count_gated_tau_20,11001,train,6427,,,6427,53,-1.9600000000000015,160,0.0,6427,370,0.0017334742867525484,0.03505709022283554,0,1,3,13.774746600000071,12.779420999999274,0.9953256000007968,12.779420999999274,0.9953256000007968,b240632d76bfe6919b44416ecd12239cbcb93cea,1.8.0,cde18190c3c8d2f5e97799ac5572ab19fe5ea4929fd0422da19b385b1d617f1e,True,3.14.3,2.11.0+cpu,2.4.3,1.3.0,3.1.0,not-installed,not-installed,0.18719053337131156,0.0,1.0,1.0,979.0,1.0,0.0,0.0,0.0,0.0,0.03125,0.2051272983858934,0.7948727016141067,0.0,nan,nan,0.23433582907738826,nan,0.96875,0.96875,nan,0.03125,nan,nan,exact,183.22062499999998,29.950000000000003,neural,979.0,3916.0,39160.0,nan,0.0,0.0,nan,,,,,,,,,,,,,,,
reviewer1_transition_dynamics_shift_smoke,reviewer1_transition_dynamics_shift_smoke,configs/reviewer1_remaining/smoke/transition_dynamics_shift.yaml,Reviewer1-transition-dynamics-shift-smoke,Reviewer1TransitionDynamicsShift-v0,Reviewer1TransitionDynamicsShift-v0,native_gymnasium_observation,count_gated_tau_20,11001,train,6587,,,6587,54,-2.0400000000000005,160,0.0,6587,380,0.001753026437204665,0.03505709022283554,0,1,3,14.158244599995669,13.162918999994872,0.9953256000007968,13.162918999994872,0.9953256000007968,b240632d76bfe6919b44416ecd12239cbcb93cea,1.8.0,cde18190c3c8d2f5e97799ac5572ab19fe5ea4929fd0422da19b385b1d617f1e,True,3.14.3,2.11.0+cpu,2.4.3,1.3.0,3.1.0,not-installed,not-installed,0.18855523311670283,0.0,1.0,1.0,996.0,1.0,0.0,0.0,0.0,0.0,0.2,0.18689059831530894,0.813109401684691,0.0,nan,nan,0.2177657777839957,nan,0.8,0.8,nan,0.2,nan,nan,exact,168.733125,26.6,neural,996.0,3984.0,39840.0,nan,0.0,0.0,nan,,,,,,,,,,,,,,,
reviewer1_transition_dynamics_shift_smoke,reviewer1_transition_dynamics_shift_smoke,configs/reviewer1_remaining/smoke/transition_dynamics_shift.yaml,Reviewer1-transition-dynamics-shift-smoke,Reviewer1TransitionDynamicsShift-v0,Reviewer1TransitionDynamicsShift-v0,native_gymnasium_observation,count_gated_tau_20,11001,train,6747,,,6747,55,-1.8500000000000014,160,0.0,6747,390,0.0017555945763795021,0.03505709022283554,0,1,3,14.519257899999502,13.523932299998705,0.9953256000007968,13.523932299998705,0.9953256000007968,b240632d76bfe6919b44416ecd12239cbcb93cea,1.8.0,cde18190c3c8d2f5e97799ac5572ab19fe5ea4929fd0422da19b385b1d617f1e,True,3.14.3,2.11.0+cpu,2.4.3,1.3.0,3.1.0,not-installed,not-installed,0.19028889487250766,0.0,1.0,1.0,1010.0,1.0,0.0,0.0,0.0,0.0,0.225,0.18408064769442378,0.8159193523055762,0.0,nan,nan,0.21138711191318862,nan,0.775,0.775,nan,0.225,nan,nan,exact,174.39499999999998,25.85,neural,1010.0,4040.0,40400.0,nan,0.0,0.0,nan,,,,,,,,,,,,,,,
reviewer1_transition_dynamics_shift_smoke,reviewer1_transition_dynamics_shift_smoke,configs/reviewer1_remaining/smoke/transition_dynamics_shift.yaml,Reviewer1-transition-dynamics-shift-smoke,Reviewer1TransitionDynamicsShift-v0,Reviewer1TransitionDynamicsShift-v0,native_gymnasium_observation,count_gated_tau_20,11001,train,6907,,,6907,56,-2.07,160,0.0,6907,400,0.001735188373722849,0.03505709022283554,0,1,3,14.809954099997412,13.814628499996616,0.9953256000007968,13.814628499996616,0.9953256000007968,b240632d76bfe6919b44416ecd12239cbcb93cea,1.8.0,cde18190c3c8d2f5e97799ac5572ab19fe5ea4929fd0422da19b385b1d617f1e,True,3.14.3,2.11.0+cpu,2.4.3,1.3.0,3.1.0,not-installed,not-installed,0.19469787932348154,0.0,1.0,1.0,1025.0,1.0,0.0,0.0,0.0,0.0,0.1125,0.3339700141869817,0.6660299858130184,0.0,nan,nan,0.4120509658612333,nan,0.8875,0.8875,nan,0.1125,nan,nan,exact,172.29375,26.7,neural,1025.0,4100.0,41000.0,nan,0.0,0.0,nan,,,,,,,,,,,,,,,
reviewer1_transition_dynamics_shift_smoke,reviewer1_transition_dynamics_shift_smoke,configs/reviewer1_remaining/smoke/transition_dynamics_shift.yaml,Reviewer1-transition-dynamics-shift-smoke,Reviewer1TransitionDynamicsShift-v0,Reviewer1TransitionDynamicsShift-v0,native_gymnasium_observation,count_gated_tau_20,11001,train,7067,,,7067,57,-1.9400000000000013,160,0.0,7067,410,0.0017337812235537723,0.03505709022283554,0,1,3,15.146115099996678,14.15078949999588,0.9953256000007968,14.15078949999588,0.9953256000007968,b240632d76bfe6919b44416ecd12239cbcb93cea,1.8.0,cde18190c3c8d2f5e97799ac5572ab19fe5ea4929fd0422da19b385b1d617f1e,True,3.14.3,2.11.0+cpu,2.4.3,1.3.0,3.1.0,not-installed,not-installed,0.19122843447028615,0.0,1.0,1.0,1064.0,1.0,0.0,0.0,0.0,0.0,0.175,0.11516533893597629,0.8848346610640239,0.0,nan,nan,0.1264985876149254,nan,0.825,0.825,nan,0.175,nan,nan,exact,195.72499999999997,27.55,neural,1064.0,4256.0,42560.0,nan,0.0,0.0,nan,,,,,,,,,,,,,,,
reviewer1_transition_dynamics_shift_smoke,reviewer1_transition_dynamics_shift_smoke,configs/reviewer1_remaining/smoke/transition_dynamics_shift.yaml,Reviewer1-transition-dynamics-shift-smoke,Reviewer1TransitionDynamicsShift-v0,Reviewer1TransitionDynamicsShift-v0,native_gymnasium_observation,count_gated_tau_20,11001,train,7068,,,7068,58,1.0,1,1.0,7068,410,0.0017337812235537723,0.03505709022283554,0,1,3,15.14806509999471,14.152739499993913,0.9953256000007968,14.152739499993913,0.9953256000007968,b240632d76bfe6919b44416ecd12239cbcb93cea,1.8.0,cde18190c3c8d2f5e97799ac5572ab19fe5ea4929fd0422da19b385b1d617f1e,True,3.14.3,2.11.0+cpu,2.4.3,1.3.0,3.1.0,not-installed,not-installed,0.19122843447028615,0.0,1.0,1.0,1064.0,0.0,0.0,0.0,0.0,1.0,0.0,0.3103448275862069,0.6896551724137931,0.0,nan,nan,0.36237184837822667,nan,1.0,1.0,nan,0.0,nan,nan,exact,16.9,16.9,neural,1064.0,4256.0,42560.0,nan,0.0,0.0,nan,,,,,,,,,,,,,,,
reviewer1_transition_dynamics_shift_smoke,reviewer1_transition_dynamics_shift_smoke,configs/reviewer1_remaining/smoke/transition_dynamics_shift.yaml,Reviewer1-transition-dynamics-shift-smoke,Reviewer1TransitionDynamicsShift-v0,Reviewer1TransitionDynamicsShift-v0,native_gymnasium_observation,count_gated_tau_20,11001,train,7069,,,7069,59,1.0,1,1.0,7069,410,0.0017337812235537723,0.03505709022283554,0,1,3,15.149876499999664,14.154550899998867,0.9953256000007968,14.154550899998867,0.9953256000007968,b240632d76bfe6919b44416ecd12239cbcb93cea,1.8.0,cde18190c3c8d2f5e97799ac5572ab19fe5ea4929fd0422da19b385b1d617f1e,True,3.14.3,2.11.0+cpu,2.4.3,1.3.0,3.1.0,not-installed,not-installed,0.19122843447028615,0.0,1.0,1.0,1065.0,0.0,0.0,0.0,0.0,1.0,0.0,0.3103448275862069,0.6896551724137931,0.0,nan,nan,0.36237184837822667,nan,1.0,1.0,nan,0.0,nan,nan,exact,14.2,14.2,neural,1065.0,4260.0,42600.0,nan,0.0,0.0,nan,,,,,,,,,,,,,,,
reviewer1_transition_dynamics_shift_smoke,reviewer1_transition_dynamics_shift_smoke,configs/reviewer1_remaining/smoke/transition_dynamics_shift.yaml,Reviewer1-transition-dynamics-shift-smoke,Reviewer1TransitionDynamicsShift-v0,Reviewer1TransitionDynamicsShift-v0,native_gymnasium_observation,count_gated_tau_20,11001,train,7229,,,7229,60,-2.1200000000000006,160,0.0,7229,420,0.0016986413562422274,0.03505709022283554,0,1,3,15.439466299998458,14.44414069999766,0.9953256000007968,14.44414069999766,0.9953256000007968,b240632d76bfe6919b44416ecd12239cbcb93cea,1.8.0,cde18190c3c8d2f5e97799ac5572ab19fe5ea4929fd0422da19b385b1d617f1e,True,3.14.3,2.11.0+cpu,2.4.3,1.3.0,3.1.0,not-installed,not-installed,0.19097586852513165,0.0,1.0,1.0,1092.0,1.0,0.0,0.0,0.0,0.0,0.15625,0.21458735084905856,0.7854126491509414,0.0,nan,nan,0.25412434241028825,nan,0.84375,0.84375,nan,0.15625,nan,nan,exact,202.935625,28.35,neural,1092.0,4368.0,43680.0,nan,0.0,0.0,nan,,,,,,,,,,,,,,,
reviewer1_transition_dynamics_shift_smoke,reviewer1_transition_dynamics_shift_smoke,configs/reviewer1_remaining/smoke/transition_dynamics_shift.yaml,Reviewer1-transition-dynamics-shift-smoke,Reviewer1TransitionDynamicsShift-v0,Reviewer1TransitionDynamicsShift-v0,native_gymnasium_observation,count_gated_tau_20,11001,train,7230,,,7230,61,1.0,1,1.0,7230,420,0.0016986413562422274,0.03505709022283554,0,1,3,15.441789599994081,14.446463999993284,0.9953256000007968,14.446463999993284,0.9953256000007968,b240632d76bfe6919b44416ecd12239cbcb93cea,1.8.0,cde18190c3c8d2f5e97799ac5572ab19fe5ea4929fd0422da19b385b1d617f1e,True,3.14.3,2.11.0+cpu,2.4.3,1.3.0,3.1.0,not-installed,not-installed,0.19097586852513165,0.0,1.0,1.0,1093.0,0.0,0.0,0.0,0.0,1.0,0.0,0.09090909090909091,0.9090909090909091,0.0,nan,nan,0.09516258196404048,nan,1.0,1.0,nan,0.0,nan,nan,exact,17.2,17.2,neural,1093.0,4372.0,43720.0,nan,0.0,0.0,nan,,,,,,,,,,,,,,,
reviewer1_transition_dynamics_shift_smoke,reviewer1_transition_dynamics_shift_smoke,configs/reviewer1_remaining/smoke/transition_dynamics_shift.yaml,Reviewer1-transition-dynamics-shift-smoke,Reviewer1TransitionDynamicsShift-v0,Reviewer1TransitionDynamicsShift-v0,native_gymnasium_observation,count_gated_tau_20,11001,train,7390,,,7390,62,-1.8800000000000014,160,0.0,7390,430,0.0016689208770934107,0.03505709022283554,0,1,3,15.866856799999368,14.871531199998572,0.9953256000007968,14.871531199998572,0.9953256000007968,b240632d76bfe6919b44416ecd12239cbcb93cea,1.8.0,cde18190c3c8d2f5e97799ac5572ab19fe5ea4929fd0422da19b385b1d617f1e,True,3.14.3,2.11.0+cpu,2.4.3,1.3.0,3.1.0,not-installed,not-installed,0.19238503360671916,0.0,1.0,1.0,1102.0,1.0,0.0,0.0,0.0,0.0,0.06875,0.2430234510444524,0.7569765489555477,0.0,nan,nan,0.2869475452781289,nan,0.93125,0.93125,nan,0.06875,nan,nan,exact,235.45249999999996,36.900000000000006,neural,1102.0,4408.0,44080.0,nan,0.0,0.0,nan,,,,,,,,,,,,,,,
reviewer1_transition_dynamics_shift_smoke,reviewer1_transition_dynamics_shift_smoke,configs/reviewer1_remaining/smoke/transition_dynamics_shift.yaml,Reviewer1-transition-dynamics-shift-smoke,Reviewer1TransitionDynamicsShift-v0,Reviewer1TransitionDynamicsShift-v0,native_gymnasium_observation,count_gated_tau_20,11001,train,7550,,,7550,63,-2.3699999999999983,160,0.0,7550,440,0.00165489787122872,0.03505709022283554,0,1,3,16.20859829999972,15.213272699998925,0.9953256000007968,15.213272699998925,0.9953256000007968,b240632d76bfe6919b44416ecd12239cbcb93cea,1.8.0,cde18190c3c8d2f5e97799ac5572ab19fe5ea4929fd0422da19b385b1d617f1e,True,3.14.3,2.11.0+cpu,2.4.3,1.3.0,3.1.0,not-installed,not-installed,0.1923714972312847,0.0,1.0,1.0,1129.0,1.0,0.0,0.0,0.0,0.0,0.1625,0.2175059315968916,0.7824940684031084,0.0,nan,nan,0.2591196070203064,nan,0.8375,0.8375,nan,0.1625,nan,nan,exact,257.89624999999995,39.6,neural,1129.0,4516.0,45160.0,nan,0.0,0.0,nan,,,,,,,,,,,,,,,
reviewer1_transition_dynamics_shift_smoke,reviewer1_transition_dynamics_shift_smoke,configs/reviewer1_remaining/smoke/transition_dynamics_shift.yaml,Reviewer1-transition-dynamics-shift-smoke,Reviewer1TransitionDynamicsShift-v0,Reviewer1TransitionDynamicsShift-v0,native_gymnasium_observation,count_gated_tau_20,11001,train,7570,,,7570,64,0.74,20,1.0,7570,442,0.00168050833047745,0.03505709022283554,0,1,3,16.25239149999834,15.257065899997542,0.9953256000007968,15.257065899997542,0.9953256000007968,b240632d76bfe6919b44416ecd12239cbcb93cea,1.8.0,cde18190c3c8d2f5e97799ac5572ab19fe5ea4929fd0422da19b385b1d617f1e,True,3.14.3,2.11.0+cpu,2.4.3,1.3.0,3.1.0,not-installed,not-installed,0.19137817087329648,0.0,1.0,1.0,1141.0,0.0,0.0,0.0,0.0,1.0,0.5,0.04813664596273291,0.9518633540372671,0.0,nan,nan,0.05121337210326464,nan,0.5,0.5,nan,0.5,nan,nan,exact,287.32500000000005,49.4,neural,1141.0,4564.0,45640.0,nan,0.0,0.0,nan,,,,,,,,,,,,,,,
reviewer1_transition_dynamics_shift_smoke,reviewer1_transition_dynamics_shift_smoke,configs/reviewer1_remaining/smoke/transition_dynamics_shift.yaml,Reviewer1-transition-dynamics-shift-smoke,Reviewer1TransitionDynamicsShift-v0,Reviewer1TransitionDynamicsShift-v0,native_gymnasium_observation,count_gated_tau_20,11001,train,7730,,,7730,65,-2.109999999999999,160,0.0,7730,452,0.001667354496196347,0.03505709022283554,0,1,3,16.611905599995225,15.616579999994428,0.9953256000007968,15.616579999994428,0.9953256000007968,b240632d76bfe6919b44416ecd12239cbcb93cea,1.8.0,cde18190c3c8d2f5e97799ac5572ab19fe5ea4929fd0422da19b385b1d617f1e,True,3.14.3,2.11.0+cpu,2.4.3,1.3.0,3.1.0,not-installed,not-installed,0.19724720533634205,0.0,1.0,1.0,1150.0,1.0,0.0,0.0,0.0,0.0,0.075,0.3430241114810201,0.6569758885189799,0.0,nan,nan,0.4190672958221038,nan,0.925,0.925,nan,0.075,nan,nan,exact,249.003125,33.5,neural,1150.0,4600.0,46000.0,nan,0.0,0.0,nan,,,,,,,,,,,,,,,
reviewer1_transition_dynamics_shift_smoke,reviewer1_transition_dynamics_shift_smoke,configs/reviewer1_remaining/smoke/transition_dynamics_shift.yaml,Reviewer1-transition-dynamics-shift-smoke,Reviewer1TransitionDynamicsShift-v0,Reviewer1TransitionDynamicsShift-v0,native_gymnasium_observation,count_gated_tau_20,11001,train,7838,,,7838,66,-0.2500000000000009,108,1.0,7838,458,0.001648041409340874,0.03505709022283554,0,1,3,16.76171279999835,15.766387199997553,0.9953256000007968,15.766387199997553,0.9953256000007968,b240632d76bfe6919b44416ecd12239cbcb93cea,1.8.0,cde18190c3c8d2f5e97799ac5572ab19fe5ea4929fd0422da19b385b1d617f1e,True,3.14.3,2.11.0+cpu,2.4.3,1.3.0,3.1.0,not-installed,not-installed,0.19788318538249847,0.0,1.0,1.0,1164.0,0.0,0.0,0.0,0.0,1.0,0.2222222222222222,0.20827820101761566,0.7917217989823842,0.0,nan,nan,0.24397982680693733,nan,0.7777777777777778,0.7777777777777778,nan,0.2222222222222222,nan,nan,exact,188.7037037037037,24.5,neural,1164.0,4656.0,46560.0,nan,0.0,0.0,nan,,,,,,,,,,,,,,,
reviewer1_transition_dynamics_shift_smoke,reviewer1_transition_dynamics_shift_smoke,configs/reviewer1_remaining/smoke/transition_dynamics_shift.yaml,Reviewer1-transition-dynamics-shift-smoke,Reviewer1TransitionDynamicsShift-v0,Reviewer1TransitionDynamicsShift-v0,native_gymnasium_observation,count_gated_tau_20,11001,train,7928,,,7928,67,-0.1500000000000008,90,1.0,7928,464,0.0016310800628816494,0.03505709022283554,0,1,3,16.914945099997567,15.91961949999677,0.9953256000007968,15.91961949999677,0.9953256000007968,b240632d76bfe6919b44416ecd12239cbcb93cea,1.8.0,cde18190c3c8d2f5e97799ac5572ab19fe5ea4929fd0422da19b385b1d617f1e,True,3.14.3,2.11.0+cpu,2.4.3,1.3.0,3.1.0,not-installed,not-installed,0.19719479904991613,0.0,1.0,1.0,1180.0,0.0,0.0,0.0,0.0,1.0,0.14444444444444443,0.16704585000551053,0.8329541499944895,0.0,nan,nan,0.1916809992410223,nan,0.8555555555555555,0.8555555555555555,nan,0.14444444444444443,nan,nan,exact,244.08888888888893,33.5,neural,1180.0,4720.0,47200.0,nan,0.0,0.0,nan,,,,,,,,,,,,,,,
reviewer1_transition_dynamics_shift_smoke,reviewer1_transition_dynamics_shift_smoke,configs/reviewer1_remaining/smoke/transition_dynamics_shift.yaml,Reviewer1-transition-dynamics-shift-smoke,Reviewer1TransitionDynamicsShift-v0,Reviewer1TransitionDynamicsShift-v0,native_gymnasium_observation,count_gated_tau_20,11001,train,8088,,,8088,68,-2.050000000000001,160,0.0,8088,474,0.0016010645048220868,0.03505709022283554,0,1,3,17.270702199995867,16.27537659999507,0.9953256000007968,16.27537659999507,0.9953256000007968,b240632d76bfe6919b44416ecd12239cbcb93cea,1.8.0,cde18190c3c8d2f5e97799ac5572ab19fe5ea4929fd0422da19b385b1d617f1e,True,3.14.3,2.11.0+cpu,2.4.3,1.3.0,3.1.0,not-installed,not-installed,0.197026377417012,0.0,1.0,1.0,1206.0,1.0,0.0,0.0,0.0,0.0,0.1625,0.18687141743123054,0.8131285825687694,0.0,nan,nan,0.21936504127381942,nan,0.8375,0.8375,nan,0.1625,nan,nan,exact,249.08,38.3,neural,1206.0,4824.0,48240.0,nan,0.0,0.0,nan,,,,,,,,,,,,,,,
reviewer1_transition_dynamics_shift_smoke,reviewer1_transition_dynamics_shift_smoke,configs/reviewer1_remaining/smoke/transition_dynamics_shift.yaml,Reviewer1-transition-dynamics-shift-smoke,Reviewer1TransitionDynamicsShift-v0,Reviewer1TransitionDynamicsShift-v0,native_gymnasium_observation,count_gated_tau_20,11001,train,8248,,,8248,69,-2.020000000000001,160,0.0,8248,484,0.0015844993649412678,0.03505709022283554,0,1,3,17.656497899995884,16.661172299995087,0.9953256000007968,16.661172299995087,0.9953256000007968,b240632d76bfe6919b44416ecd12239cbcb93cea,1.8.0,cde18190c3c8d2f5e97799ac5572ab19fe5ea4929fd0422da19b385b1d617f1e,True,3.14.3,2.11.0+cpu,2.4.3,1.3.0,3.1.0,not-installed,not-installed,0.19820864267062493,0.0,1.0,1.0,1221.0,1.0,0.0,0.0,0.0,0.0,0.0875,0.21785533123370077,0.7821446687662992,0.0,nan,nan,0.2535271767257985,nan,0.9125,0.9125,nan,0.0875,nan,nan,exact,227.16125000000002,31.950000000000003,neural,1221.0,4884.0,48840.0,nan,0.0,0.0,nan,,,,,,,,,,,,,,,
reviewer1_transition_dynamics_shift_smoke,reviewer1_transition_dynamics_shift_smoke,configs/reviewer1_remaining/smoke/transition_dynamics_shift.yaml,Reviewer1-transition-dynamics-shift-smoke,Reviewer1TransitionDynamicsShift-v0,Reviewer1TransitionDynamicsShift-v0,native_gymnasium_observation,count_gated_tau_20,11001,train,8408,,,8408,70,-1.8100000000000014,160,0.0,8408,494,0.0015885813521474583,0.03505709022283554,0,1,3,18.04513439999573,17.049808799994935,0.9953256000007968,17.049808799994935,0.9953256000007968,b240632d76bfe6919b44416ecd12239cbcb93cea,1.8.0,cde18190c3c8d2f5e97799ac5572ab19fe5ea4929fd0422da19b385b1d617f1e,True,3.14.3,2.11.0+cpu,2.4.3,1.3.0,3.1.0,not-installed,not-installed,0.19840236731488678,0.0,1.0,1.0,1236.0,1.0,0.0,0.0,0.0,0.0,0.1375,0.19673929090659087,0.8032607090934093,0.0,nan,nan,0.2273246723664771,nan,0.8625,0.8625,nan,0.1375,nan,nan,exact,248.02624999999998,33.5,neural,1236.0,4944.0,49440.0,nan,0.0,0.0,nan,,,,,,,,,,,,,,,
reviewer1_transition_dynamics_shift_smoke,reviewer1_transition_dynamics_shift_smoke,configs/reviewer1_remaining/smoke/transition_dynamics_shift.yaml,Reviewer1-transition-dynamics-shift-smoke,Reviewer1TransitionDynamicsShift-v0,Reviewer1TransitionDynamicsShift-v0,native_gymnasium_observation,count_gated_tau_20,11001,train,8568,,,8568,71,-1.9500000000000015,160,0.0,8568,504,0.0015619460433454729,0.03505709022283554,0,1,3,18.384287399996538,17.38896179999574,0.9953256000007968,17.38896179999574,0.9953256000007968,b240632d76bfe6919b44416ecd12239cbcb93cea,1.8.0,cde18190c3c8d2f5e97799ac5572ab19fe5ea4929fd0422da19b385b1d617f1e,True,3.14.3,2.11.0+cpu,2.4.3,1.3.0,3.1.0,not-installed,not-installed,0.1982294186308088,0.0,1.0,1.0,1256.0,1.0,0.0,0.0,0.0,0.0,0.11875,0.18334802558400137,0.8166519744159986,0.0,nan,nan,0.20994247868851712,nan,0.88125,0.88125,nan,0.11875,nan,nan,exact,244.14750000000004,32.75,neural,1256.0,5024.0,50240.0,nan,0.0,0.0,nan,,,,,,,,,,,,,,,
reviewer1_transition_dynamics_shift_smoke,reviewer1_transition_dynamics_shift_smoke,configs/reviewer1_remaining/smoke/transition_dynamics_shift.yaml,Reviewer1-transition-dynamics-shift-smoke,Reviewer1TransitionDynamicsShift-v0,Reviewer1TransitionDynamicsShift-v0,native_gymnasium_observation,count_gated_tau_20,11001,train,8570,,,8570,72,0.99,2,1.0,8570,504,0.0015619460433454729,0.03505709022283554,0,1,3,18.38861189999443,17.393286299993633,0.9953256000007968,17.393286299993633,0.9953256000007968,b240632d76bfe6919b44416ecd12239cbcb93cea,1.8.0,cde18190c3c8d2f5e97799ac5572ab19fe5ea4929fd0422da19b385b1d617f1e,True,3.14.3,2.11.0+cpu,2.4.3,1.3.0,3.1.0,not-installed,not-installed,0.19811416896881417,0.0,1.0,1.0,1258.0,0.0,0.0,0.0,0.0,1.0,0.5,0.1875,0.8125,0.0,nan,nan,0.22559418195298675,nan,0.5,0.5,nan,0.5,nan,nan,exact,226.5,226.5,neural,1258.0,5032.0,50320.0,nan,0.0,0.0,nan,,,,,,,,,,,,,,,
reviewer1_transition_dynamics_shift_smoke,reviewer1_transition_dynamics_shift_smoke,configs/reviewer1_remaining/smoke/transition_dynamics_shift.yaml,Reviewer1-transition-dynamics-shift-smoke,Reviewer1TransitionDynamicsShift-v0,Reviewer1TransitionDynamicsShift-v0,native_gymnasium_observation,count_gated_tau_20,11001,train,8730,,,8730,73,-2.13,160,0.0,8730,514,0.0015638493804941206,0.03505709022283554,0,1,3,18.697454499997548,17.70212889999675,0.9953256000007968,17.70212889999675,0.9953256000007968,b240632d76bfe6919b44416ecd12239cbcb93cea,1.8.0,cde18190c3c8d2f5e97799ac5572ab19fe5ea4929fd0422da19b385b1d617f1e,True,3.14.3,2.11.0+cpu,2.4.3,1.3.0,3.1.0,not-installed,not-installed,0.20508269594801104,0.0,1.0,1.0,1261.0,1.0,0.0,0.0,0.0,0.0,0.0625,0.3943512839691157,0.6056487160308843,0.0,nan,nan,0.48858782787448884,nan,0.9375,0.9375,nan,0.0625,nan,nan,exact,234.60250000000002,32.8,neural,1261.0,5044.0,50440.0,nan,0.0,0.0,nan,,,,,,,,,,,,,,,
reviewer1_transition_dynamics_shift_smoke,reviewer1_transition_dynamics_shift_smoke,configs/reviewer1_remaining/smoke/transition_dynamics_shift.yaml,Reviewer1-transition-dynamics-shift-smoke,Reviewer1TransitionDynamicsShift-v0,Reviewer1TransitionDynamicsShift-v0,native_gymnasium_observation,count_gated_tau_20,11001,train,8890,,,8890,74,-2.13,160,0.0,8890,524,0.0015500239259162792,0.03505709022283554,0,1,3,19.002056799996353,18.006731199995556,0.9953256000007968,18.006731199995556,0.9953256000007968,b240632d76bfe6919b44416ecd12239cbcb93cea,1.8.0,cde18190c3c8d2f5e97799ac5572ab19fe5ea4929fd0422da19b385b1d617f1e,True,3.14.3,2.11.0+cpu,2.4.3,1.3.0,3.1.0,not-installed,not-installed,0.2057668975391913,0.0,1.0,1.0,1272.0,1.0,0.0,0.0,0.0,0.0,0.1,0.23779317843440886,0.7622068215655912,0.0,nan,nan,0.2783757192649357,nan,0.9,0.9,nan,0.1,nan,nan,exact,258.503125,32.8,neural,1272.0,5088.0,50880.0,nan,0.0,0.0,nan,,,,,,,,,,,,,,,
reviewer1_transition_dynamics_shift_smoke,reviewer1_transition_dynamics_shift_smoke,configs/reviewer1_remaining/smoke/transition_dynamics_shift.yaml,Reviewer1-transition-dynamics-shift-smoke,Reviewer1TransitionDynamicsShift-v0,Reviewer1TransitionDynamicsShift-v0,native_gymnasium_observation,count_gated_tau_20,11001,train,9050,,,9050,75,-1.9500000000000015,160,0.0,9050,534,0.0015242153279134809,0.03505709022283554,0,1,3,19.364752800000133,18.369427199999336,0.9953256000007968,18.369427199999336,0.9953256000007968,b240632d76bfe6919b44416ecd12239cbcb93cea,1.8.0,cde18190c3c8d2f5e97799ac5572ab19fe5ea4929fd0422da19b385b1d617f1e,True,3.14.3,2.11.0+cpu,2.4.3,1.3.0,3.1.0,not-installed,not-installed,0.20747910937759423,0.0,1.0,1.0,1292.0,1.0,0.0,0.0,0.0,0.0,0.13125,0.261362862320741,0.738637137679259,0.0,nan,nan,0.314868304964136,nan,0.86875,0.86875,nan,0.13125,nan,nan,exact,285.36937500000005,43.150000000000006,neural,1292.0,5168.0,51680.0,nan,0.0,0.0,nan,,,,,,,,,,,,,,,
reviewer1_transition_dynamics_shift_smoke,reviewer1_transition_dynamics_shift_smoke,configs/reviewer1_remaining/smoke/transition_dynamics_shift.yaml,Reviewer1-transition-dynamics-shift-smoke,Reviewer1TransitionDynamicsShift-v0,Reviewer1TransitionDynamicsShift-v0,native_gymnasium_observation,count_gated_tau_20,11001,train,9210,,,9210,76,-2.040000000000001,160,0.0,9210,544,0.0015118670796893826,0.03505709022283554,0,1,3,19.733769499995105,18.73844389999431,0.9953256000007968,18.73844389999431,0.9953256000007968,b240632d76bfe6919b44416ecd12239cbcb93cea,1.8.0,cde18190c3c8d2f5e97799ac5572ab19fe5ea4929fd0422da19b385b1d617f1e,True,3.14.3,2.11.0+cpu,2.4.3,1.3.0,3.1.0,not-installed,not-installed,0.20634188514667837,0.0,1.0,1.0,1315.0,1.0,0.0,0.0,0.0,0.0,0.21875,0.1514296608578257,0.8485703391421742,0.0,nan,nan,0.17411965326791606,nan,0.78125,0.78125,nan,0.21875,nan,nan,exact,275.814375,37.349999999999994,neural,1315.0,5260.0,52600.0,nan,0.0,0.0,nan,,,,,,,,,,,,,,,
reviewer1_transition_dynamics_shift_smoke,reviewer1_transition_dynamics_shift_smoke,configs/reviewer1_remaining/smoke/transition_dynamics_shift.yaml,Reviewer1-transition-dynamics-shift-smoke,Reviewer1TransitionDynamicsShift-v0,Reviewer1TransitionDynamicsShift-v0,native_gymnasium_observation,count_gated_tau_20,11001,train,9326,,,9326,77,-0.4900000000000009,116,1.0,9326,551,0.0014957438950101796,0.03505709022283554,0,1,3,19.97279239999625,18.977466799995454,0.9953256000007968,18.977466799995454,0.9953256000007968,b240632d76bfe6919b44416ecd12239cbcb93cea,1.8.0,cde18190c3c8d2f5e97799ac5572ab19fe5ea4929fd0422da19b385b1d617f1e,True,3.14.3,2.11.0+cpu,2.4.3,1.3.0,3.1.0,not-installed,not-installed,0.20837031586030372,0.0,1.0,1.0,1321.0,0.0,0.0,0.0,0.0,1.0,0.034482758620689655,0.28477468113981314,0.7152253188601868,0.0,nan,nan,0.33884126341350373,nan,0.9655172413793104,0.9655172413793104,nan,0.034482758620689655,nan,nan,exact,267.67068965517245,43.3,neural,1321.0,5284.0,52840.0,nan,0.0,0.0,nan,,,,,,,,,,,,,,,
reviewer1_transition_dynamics_shift_smoke,reviewer1_transition_dynamics_shift_smoke,configs/reviewer1_remaining/smoke/transition_dynamics_shift.yaml,Reviewer1-transition-dynamics-shift-smoke,Reviewer1TransitionDynamicsShift-v0,Reviewer1TransitionDynamicsShift-v0,native_gymnasium_observation,count_gated_tau_20,11001,train,9379,,,9379,78,0.2699999999999996,53,1.0,9379,555,0.0014852686780032272,0.03505709022283554,0,1,3,20.05380629999854,19.058480699997745,0.9953256000007968,19.058480699997745,0.9953256000007968,b240632d76bfe6919b44416ecd12239cbcb93cea,1.8.0,cde18190c3c8d2f5e97799ac5572ab19fe5ea4929fd0422da19b385b1d617f1e,True,3.14.3,2.11.0+cpu,2.4.3,1.3.0,3.1.0,not-installed,not-installed,0.2076203117087768,0.0,1.0,1.0,1331.0,0.0,0.0,0.0,0.0,1.0,0.09433962264150944,0.17624843136709847,0.8237515686329013,0.0,nan,nan,0.20119289378768043,nan,0.9056603773584906,0.9056603773584906,nan,0.09433962264150944,nan,nan,exact,268.40188679245284,62.8,neural,1331.0,5324.0,53240.0,nan,0.0,0.0,nan,,,,,,,,,,,,,,,
reviewer1_transition_dynamics_shift_smoke,reviewer1_transition_dynamics_shift_smoke,configs/reviewer1_remaining/smoke/transition_dynamics_shift.yaml,Reviewer1-transition-dynamics-shift-smoke,Reviewer1TransitionDynamicsShift-v0,Reviewer1TransitionDynamicsShift-v0,native_gymnasium_observation,count_gated_tau_20,11001,train,9435,,,9435,79,0.11999999999999944,56,1.0,9435,558,0.001479632854364592,0.03505709022283554,0,1,3,20.121400899995933,19.126075299995136,0.9953256000007968,19.126075299995136,0.9953256000007968,b240632d76bfe6919b44416ecd12239cbcb93cea,1.8.0,cde18190c3c8d2f5e97799ac5572ab19fe5ea4929fd0422da19b385b1d617f1e,True,3.14.3,2.11.0+cpu,2.4.3,1.3.0,3.1.0,not-installed,not-installed,0.20731896465929198,0.0,1.0,1.0,1337.0,0.0,0.0,0.0,0.0,1.0,0.17857142857142858,0.17766386374993934,0.8223361362500606,0.0,nan,nan,0.20331049963266473,nan,0.8214285714285714,0.8214285714285714,nan,0.17857142857142858,nan,nan,exact,245.15178571428572,31.900000000000002,neural,1337.0,5348.0,53480.0,nan,0.0,0.0,nan,,,,,,,,,,,,,,,
reviewer1_transition_dynamics_shift_smoke,reviewer1_transition_dynamics_shift_smoke,configs/reviewer1_remaining/smoke/transition_dynamics_shift.yaml,Reviewer1-transition-dynamics-shift-smoke,Reviewer1TransitionDynamicsShift-v0,Reviewer1TransitionDynamicsShift-v0,native_gymnasium_observation,count_gated_tau_20,11001,train,9595,,,9595,80,-2.07,160,0.0,9595,568,0.001458603337998194,0.03505709022283554,0,1,3,20.39005339999858,19.39472779999778,0.9953256000007968,19.39472779999778,0.9953256000007968,b240632d76bfe6919b44416ecd12239cbcb93cea,1.8.0,cde18190c3c8d2f5e97799ac5572ab19fe5ea4929fd0422da19b385b1d617f1e,True,3.14.3,2.11.0+cpu,2.4.3,1.3.0,3.1.0,not-installed,not-installed,0.20683076107232598,0.0,1.0,1.0,1355.0,1.0,0.0,0.0,0.0,0.0,0.1,0.21389415888443178,0.7861058411155681,0.0,nan,nan,0.24974228677819005,nan,0.9,0.9,nan,0.1,nan,nan,exact,288.6875,427.25,neural,1355.0,5420.0,54200.0,nan,0.0,0.0,nan,,,,,,,,,,,,,,,
reviewer1_transition_dynamics_shift_smoke,reviewer1_transition_dynamics_shift_smoke,configs/reviewer1_remaining/smoke/transition_dynamics_shift.yaml,Reviewer1-transition-dynamics-shift-smoke,Reviewer1TransitionDynamicsShift-v0,Reviewer1TransitionDynamicsShift-v0,native_gymnasium_observation,count_gated_tau_20,11001,train,9755,,,9755,81,-1.1399999999999997,160,1.0,9755,578,0.001436771296377446,0.03505709022283554,0,1,3,20.70424759999878,19.708921999997983,0.9953256000007968,19.708921999997983,0.9953256000007968,b240632d76bfe6919b44416ecd12239cbcb93cea,1.8.0,cde18190c3c8d2f5e97799ac5572ab19fe5ea4929fd0422da19b385b1d617f1e,True,3.14.3,2.11.0+cpu,2.4.3,1.3.0,3.1.0,not-installed,not-installed,0.2099015751298064,0.0,1.0,1.0,1368.0,0.0,0.0,0.0,0.0,1.0,0.10625,0.27374990400452903,0.726250095995471,0.0,nan,nan,0.3305256937796118,nan,0.89375,0.89375,nan,0.10625,nan,nan,exact,278.671875,52.0,neural,1368.0,5472.0,54720.0,nan,0.0,0.0,nan,,,,,,,,,,,,,,,
reviewer1_transition_dynamics_shift_smoke,reviewer1_transition_dynamics_shift_smoke,configs/reviewer1_remaining/smoke/transition_dynamics_shift.yaml,Reviewer1-transition-dynamics-shift-smoke,Reviewer1TransitionDynamicsShift-v0,Reviewer1TransitionDynamicsShift-v0,native_gymnasium_observation,count_gated_tau_20,11001,train,9915,,,9915,82,-1.9800000000000015,160,0.0,9915,588,0.0014262095166260862,0.03505709022283554,0,1,3,21.07983229999809,20.08450669999729,0.9953256000007968,20.08450669999729,0.9953256000007968,b240632d76bfe6919b44416ecd12239cbcb93cea,1.8.0,cde18190c3c8d2f5e97799ac5572ab19fe5ea4929fd0422da19b385b1d617f1e,True,3.14.3,2.11.0+cpu,2.4.3,1.3.0,3.1.0,not-installed,not-installed,0.2152297783274216,0.0,1.0,1.0,1369.0,1.0,0.0,0.0,0.0,0.0,0.025,0.3593498490762487,0.6406501509237513,0.0,nan,nan,0.43983776956618337,nan,0.975,0.975,nan,0.025,nan,nan,exact,297.98375,410.70000000000005,neural,1369.0,5476.0,54760.0,nan,0.0,0.0,nan,,,,,,,,,,,,,,,
reviewer1_transition_dynamics_shift_smoke,reviewer1_transition_dynamics_shift_smoke,configs/reviewer1_remaining/smoke/transition_dynamics_shift.yaml,Reviewer1-transition-dynamics-shift-smoke,Reviewer1TransitionDynamicsShift-v0,Reviewer1TransitionDynamicsShift-v0,native_gymnasium_observation,count_gated_tau_20,11001,train,9923,,,9923,83,0.91,8,1.0,9923,589,0.0014246836921400843,0.03505709022283554,0,1,3,21.094682199996896,20.0993565999961,0.9953256000007968,20.0993565999961,0.9953256000007968,b240632d76bfe6919b44416ecd12239cbcb93cea,1.8.0,cde18190c3c8d2f5e97799ac5572ab19fe5ea4929fd0422da19b385b1d617f1e,True,3.14.3,2.11.0+cpu,2.4.3,1.3.0,3.1.0,not-installed,not-installed,0.2149530147890666,0.0,1.0,1.0,1375.0,0.0,0.0,0.0,0.0,1.0,0.875,0.08035714285714286,0.9196428571428572,0.0,nan,nan,0.10433763897230168,nan,0.125,0.125,nan,0.875,nan,nan,unsupported,219.5875,26.5,neural,1375.0,5500.0,55000.0,nan,0.0,0.0,nan,,,,,,,,,,,,,,,
reviewer1_transition_dynamics_shift_smoke,reviewer1_transition_dynamics_shift_smoke,configs/reviewer1_remaining/smoke/transition_dynamics_shift.yaml,Reviewer1-transition-dynamics-shift-smoke,Reviewer1TransitionDynamicsShift-v0,Reviewer1TransitionDynamicsShift-v0,native_gymnasium_observation,count_gated_tau_20,11001,train,10083,,,10083,84,-1.8800000000000014,160,0.0,10083,599,0.0014171325326678438,0.03505709022283554,0,1,3,21.359643299998424,20.364317699997628,0.9953256000007968,20.364317699997628,0.9953256000007968,b240632d76bfe6919b44416ecd12239cbcb93cea,1.8.0,cde18190c3c8d2f5e97799ac5572ab19fe5ea4929fd0422da19b385b1d617f1e,True,3.14.3,2.11.0+cpu,2.4.3,1.3.0,3.1.0,not-installed,not-installed,0.21465158962137998,0.0,1.0,1.0,1395.0,1.0,0.0,0.0,0.0,0.0,0.16875,0.19317625220894658,0.8068237477910536,0.0,nan,nan,0.22556387487386842,nan,0.83125,0.83125,nan,0.16875,nan,nan,exact,310.785,442.75,neural,1395.0,5580.0,55800.0,nan,0.0,0.0,nan,,,,,,,,,,,,,,,
reviewer1_transition_dynamics_shift_smoke,reviewer1_transition_dynamics_shift_smoke,configs/reviewer1_remaining/smoke/transition_dynamics_shift.yaml,Reviewer1-transition-dynamics-shift-smoke,Reviewer1TransitionDynamicsShift-v0,Reviewer1TransitionDynamicsShift-v0,native_gymnasium_observation,count_gated_tau_20,11001,train,10178,,,10178,85,-0.400000000000001,95,1.0,10178,605,0.001419599909613605,0.03505709022283554,0,1,3,21.53318859999854,20.537862999997742,0.9953256000007968,20.537862999997742,0.9953256000007968,b240632d76bfe6919b44416ecd12239cbcb93cea,1.8.0,cde18190c3c8d2f5e97799ac5572ab19fe5ea4929fd0422da19b385b1d617f1e,True,3.14.3,2.11.0+cpu,2.4.3,1.3.0,3.1.0,not-installed,not-installed,0.21522344532569,0.0,1.0,1.0,1410.0,0.0,0.0,0.0,0.0,1.0,0.07368421052631578,0.23218028505523364,0.7678197149447661,0.0,nan,nan,0.2769690414336485,nan,0.9263157894736842,0.9263157894736842,nan,0.07368421052631578,nan,nan,exact,279.17789473684206,428.4,neural,1410.0,5640.0,56400.0,nan,0.0,0.0,nan,,,,,,,,,,,,,,,
reviewer1_transition_dynamics_shift_smoke,reviewer1_transition_dynamics_shift_smoke,configs/reviewer1_remaining/smoke/transition_dynamics_shift.yaml,Reviewer1-transition-dynamics-shift-smoke,Reviewer1TransitionDynamicsShift-v0,Reviewer1TransitionDynamicsShift-v0,native_gymnasium_observation,count_gated_tau_20,11001,train,10338,,,10338,86,-2.3299999999999996,160,0.0,10338,615,0.0014333232025006228,0.03505709022283554,0,1,3,21.90051020000101,20.90518460000021,0.9953256000007968,20.90518460000021,0.9953256000007968,b240632d76bfe6919b44416ecd12239cbcb93cea,1.8.0,cde18190c3c8d2f5e97799ac5572ab19fe5ea4929fd0422da19b385b1d617f1e,True,3.14.3,2.11.0+cpu,2.4.3,1.3.0,3.1.0,not-installed,not-installed,0.2176437184318219,0.0,1.0,1.0,1421.0,1.0,0.0,0.0,0.0,0.0,0.13125,0.27302194435415783,0.7269780556458422,0.0,nan,nan,0.3268715323651791,nan,0.86875,0.86875,nan,0.13125,nan,nan,exact,292.180625,247.75,neural,1421.0,5684.0,56840.0,nan,0.0,0.0,nan,,,,,,,,,,,,,,,
reviewer1_transition_dynamics_shift_smoke,reviewer1_transition_dynamics_shift_smoke,configs/reviewer1_remaining/smoke/transition_dynamics_shift.yaml,Reviewer1-transition-dynamics-shift-smoke,Reviewer1TransitionDynamicsShift-v0,Reviewer1TransitionDynamicsShift-v0,native_gymnasium_observation,count_gated_tau_20,11001,train,10474,,,10474,87,-0.7000000000000013,136,1.0,10474,623,0.0014166921213324055,0.03505709022283554,0,1,3,22.182311299999128,21.18698569999833,0.9953256000007968,21.18698569999833,0.9953256000007968,b240632d76bfe6919b44416ecd12239cbcb93cea,1.8.0,cde18190c3c8d2f5e97799ac5572ab19fe5ea4929fd0422da19b385b1d617f1e,True,3.14.3,2.11.0+cpu,2.4.3,1.3.0,3.1.0,not-installed,not-installed,0.22170543176389118,0.0,1.0,1.0,1422.0,0.0,0.0,0.0,0.0,1.0,0.0,0.3689975379956799,0.6310024620043201,0.0,nan,nan,0.4468796176089761,nan,1.0,1.0,nan,0.0,nan,nan,exact,258.0139705882353,41.599999999999994,neural,1422.0,5688.0,56880.0,nan,0.0,0.0,nan,,,,,,,,,,,,,,,
reviewer1_transition_dynamics_shift_smoke,reviewer1_transition_dynamics_shift_smoke,configs/reviewer1_remaining/smoke/transition_dynamics_shift.yaml,Reviewer1-transition-dynamics-shift-smoke,Reviewer1TransitionDynamicsShift-v0,Reviewer1TransitionDynamicsShift-v0,native_gymnasium_observation,count_gated_tau_20,11001,train,10634,,,10634,88,-2.1400000000000006,160,0.0,10634,633,0.0014165785317778058,0.03505709022283554,0,1,3,22.446581699994567,21.45125609999377,0.9953256000007968,21.45125609999377,0.9953256000007968,b240632d76bfe6919b44416ecd12239cbcb93cea,1.8.0,cde18190c3c8d2f5e97799ac5572ab19fe5ea4929fd0422da19b385b1d617f1e,True,3.14.3,2.11.0+cpu,2.4.3,1.3.0,3.1.0,not-installed,not-installed,0.2213007413858642,0.0,1.0,1.0,1446.0,1.0,0.0,0.0,0.0,0.0,0.2,0.19773776188909603,0.8022622381109041,0.0,nan,nan,0.23356665187429754,nan,0.8,0.8,nan,0.2,nan,nan,exact,269.71375,300.25,neural,1446.0,5784.0,57840.0,nan,0.0,0.0,nan,,,,,,,,,,,,,,,
reviewer1_transition_dynamics_shift_smoke,reviewer1_transition_dynamics_shift_smoke,configs/reviewer1_remaining/smoke/transition_dynamics_shift.yaml,Reviewer1-transition-dynamics-shift-smoke,Reviewer1TransitionDynamicsShift-v0,Reviewer1TransitionDynamicsShift-v0,native_gymnasium_observation,count_gated_tau_20,11001,train,10738,,,10738,89,-0.42000000000000104,104,1.0,10738,640,0.0014158986043682376,0.03505709022283554,0,1,3,22.633336799997778,21.63801119999698,0.9953256000007968,21.63801119999698,0.9953256000007968,b240632d76bfe6919b44416ecd12239cbcb93cea,1.8.0,cde18190c3c8d2f5e97799ac5572ab19fe5ea4929fd0422da19b385b1d617f1e,True,3.14.3,2.11.0+cpu,2.4.3,1.3.0,3.1.0,not-installed,not-installed,0.22193997737564197,0.0,1.0,1.0,1450.0,0.0,0.0,0.0,0.0,1.0,0.038461538461538464,0.24624300367167676,0.7537569963283232,0.0,nan,nan,0.2908089717033705,nan,0.9615384615384616,0.9615384615384616,nan,0.038461538461538464,nan,nan,exact,267.04615384615386,41.65,neural,1450.0,5800.0,58000.0,nan,0.0,0.0,nan,,,,,,,,,,,,,,,
reviewer1_transition_dynamics_shift_smoke,reviewer1_transition_dynamics_shift_smoke,configs/reviewer1_remaining/smoke/transition_dynamics_shift.yaml,Reviewer1-transition-dynamics-shift-smoke,Reviewer1TransitionDynamicsShift-v0,Reviewer1TransitionDynamicsShift-v0,native_gymnasium_observation,count_gated_tau_20,11001,train,10898,,,10898,90,-2.3399999999999985,160,0.0,10898,650,0.001420877051405114,0.03505709022283554,0,1,3,22.88470629999938,21.889380699998583,0.9953256000007968,21.889380699998583,0.9953256000007968,b240632d76bfe6919b44416ecd12239cbcb93cea,1.8.0,cde18190c3c8d2f5e97799ac5572ab19fe5ea4929fd0422da19b385b1d617f1e,True,3.14.3,2.11.0+cpu,2.4.3,1.3.0,3.1.0,not-installed,not-installed,0.22167644872961778,0.0,1.0,1.0,1478.0,1.0,0.0,0.0,0.0,0.0,0.2,0.20067181098617243,0.7993281890138275,0.0,nan,nan,0.2363712765363911,nan,0.8,0.8,nan,0.2,nan,nan,exact,243.984375,43.5,neural,1478.0,5912.0,59120.0,nan,0.0,0.0,nan,,,,,,,,,,,,,,,
reviewer1_transition_dynamics_shift_smoke,reviewer1_transition_dynamics_shift_smoke,configs/reviewer1_remaining/smoke/transition_dynamics_shift.yaml,Reviewer1-transition-dynamics-shift-smoke,Reviewer1TransitionDynamicsShift-v0,Reviewer1TransitionDynamicsShift-v0,native_gymnasium_observation,count_gated_tau_20,11001,train,11058,,,11058,91,-1.9400000000000015,160,0.0,11058,660,0.0014007169728439762,0.03505709022283554,0,1,3,23.14927689999604,22.153951299995242,0.9953256000007968,22.153951299995242,0.9953256000007968,b240632d76bfe6919b44416ecd12239cbcb93cea,1.8.0,cde18190c3c8d2f5e97799ac5572ab19fe5ea4929fd0422da19b385b1d617f1e,True,3.14.3,2.11.0+cpu,2.4.3,1.3.0,3.1.0,not-installed,not-installed,0.22078600919694297,0.0,1.0,1.0,1494.0,1.0,0.0,0.0,0.0,0.0,0.15,0.1869623483831206,0.8130376516168794,0.0,nan,nan,0.21611946790994815,nan,0.85,0.85,nan,0.15,nan,nan,exact,272.348125,236.1,neural,1494.0,5976.0,59760.0,nan,0.0,0.0,nan,,,,,,,,,,,,,,,
reviewer1_transition_dynamics_shift_smoke,reviewer1_transition_dynamics_shift_smoke,configs/reviewer1_remaining/smoke/transition_dynamics_shift.yaml,Reviewer1-transition-dynamics-shift-smoke,Reviewer1TransitionDynamicsShift-v0,Reviewer1TransitionDynamicsShift-v0,native_gymnasium_observation,count_gated_tau_20,11001,train,11218,,,11218,92,-1.8800000000000014,160,0.0,11218,670,0.0013900249742320413,0.03505709022283554,0,1,3,23.53741099999752,22.542085399996722,0.9953256000007968,22.542085399996722,0.9953256000007968,b240632d76bfe6919b44416ecd12239cbcb93cea,1.8.0,cde18190c3c8d2f5e97799ac5572ab19fe5ea4929fd0422da19b385b1d617f1e,True,3.14.3,2.11.0+cpu,2.4.3,1.3.0,3.1.0,not-installed,not-installed,0.22090380289773287,0.0,1.0,1.0,1510.0,1.0,0.0,0.0,0.0,0.0,0.1,0.22633818410235032,0.7736618158976496,0.0,nan,nan,0.264883572560187,nan,0.9,0.9,nan,0.1,nan,nan,exact,338.68,477.6,neural,1510.0,6040.0,60400.0,nan,0.0,0.0,nan,,,,,,,,,,,,,,,
reviewer1_transition_dynamics_shift_smoke,reviewer1_transition_dynamics_shift_smoke,configs/reviewer1_remaining/smoke/transition_dynamics_shift.yaml,Reviewer1-transition-dynamics-shift-smoke,Reviewer1TransitionDynamicsShift-v0,Reviewer1TransitionDynamicsShift-v0,native_gymnasium_observation,count_gated_tau_20,11001,train,11378,,,11378,93,-1.8200000000000014,160,0.0,11378,680,0.0013826975337117213,0.03505709022283554,0,1,3,23.97264770000038,22.977322099999583,0.9953256000007968,22.977322099999583,0.9953256000007968,b240632d76bfe6919b44416ecd12239cbcb93cea,1.8.0,cde18190c3c8d2f5e97799ac5572ab19fe5ea4929fd0422da19b385b1d617f1e,True,3.14.3,2.11.0+cpu,2.4.3,1.3.0,3.1.0,not-installed,not-installed,0.2287388363036012,0.0,1.0,1.0,1512.0,1.0,0.0,0.0,0.0,0.0,0.00625,0.48937257428678277,0.5106274257132173,0.0,nan,nan,0.6186278871250828,nan,0.99375,0.99375,nan,0.00625,nan,nan,exact,338.539375,462.8,memory,1512.0,6048.0,60480.0,nan,0.0,0.0,nan,,,,,,,,,,,,,,,
reviewer1_transition_dynamics_shift_smoke,reviewer1_transition_dynamics_shift_smoke,configs/reviewer1_remaining/smoke/transition_dynamics_shift.yaml,Reviewer1-transition-dynamics-shift-smoke,Reviewer1TransitionDynamicsShift-v0,Reviewer1TransitionDynamicsShift-v0,native_gymnasium_observation,count_gated_tau_20,11001,train,11538,,,11538,94,-2.0400000000000005,160,0.0,11538,690,0.0013653083036144274,0.03505709022283554,0,1,3,24.264137699996354,23.268812099995557,0.9953256000007968,23.268812099995557,0.9953256000007968,b240632d76bfe6919b44416ecd12239cbcb93cea,1.8.0,cde18190c3c8d2f5e97799ac5572ab19fe5ea4929fd0422da19b385b1d617f1e,True,3.14.3,2.11.0+cpu,2.4.3,1.3.0,3.1.0,not-installed,not-installed,0.2302937606413589,0.0,1.0,1.0,1536.0,1.0,0.0,0.0,0.0,0.0,0.075,0.27143948727130296,0.728560512728697,0.0,nan,nan,0.32920142270321373,nan,0.925,0.925,nan,0.075,nan,nan,exact,276.7775,183.85000000000002,neural,1536.0,6144.0,61440.0,nan,0.0,0.0,nan,,,,,,,,,,,,,,,
reviewer1_transition_dynamics_shift_smoke,reviewer1_transition_dynamics_shift_smoke,configs/reviewer1_remaining/smoke/transition_dynamics_shift.yaml,Reviewer1-transition-dynamics-shift-smoke,Reviewer1TransitionDynamicsShift-v0,Reviewer1TransitionDynamicsShift-v0,native_gymnasium_observation,count_gated_tau_20,11001,train,11598,,,11598,95,0.14999999999999947,60,1.0,11598,693,0.001368799134701552,0.03505709022283554,0,1,3,24.344421699999657,23.34909609999886,0.9953256000007968,23.34909609999886,0.9953256000007968,b240632d76bfe6919b44416ecd12239cbcb93cea,1.8.0,cde18190c3c8d2f5e97799ac5572ab19fe5ea4929fd0422da19b385b1d617f1e,True,3.14.3,2.11.0+cpu,2.4.3,1.3.0,3.1.0,not-installed,not-installed,0.23003186919039836,0.0,1.0,1.0,1544.0,0.0,0.0,0.0,0.0,1.0,0.13333333333333333,0.21553093017644664,0.7844690698235532,0.0,nan,nan,0.2503525461726595,nan,0.8666666666666667,0.8666666666666667,nan,0.13333333333333333,nan,nan,exact,322.2066666666666,442.55,neural,1544.0,6176.0,61760.0,nan,0.0,0.0,nan,,,,,,,,,,,,,,,
reviewer1_transition_dynamics_shift_smoke,reviewer1_transition_dynamics_shift_smoke,configs/reviewer1_remaining/smoke/transition_dynamics_shift.yaml,Reviewer1-transition-dynamics-shift-smoke,Reviewer1TransitionDynamicsShift-v0,Reviewer1TransitionDynamicsShift-v0,native_gymnasium_observation,count_gated_tau_20,11001,train,11758,,,11758,96,-2.240000000000001,160,0.0,11758,703,0.0013694984110193742,0.03505709022283554,0,1,3,24.72178979999444,23.726464199993643,0.9953256000007968,23.726464199993643,0.9953256000007968,b240632d76bfe6919b44416ecd12239cbcb93cea,1.8.0,cde18190c3c8d2f5e97799ac5572ab19fe5ea4929fd0422da19b385b1d617f1e,True,3.14.3,2.11.0+cpu,2.4.3,1.3.0,3.1.0,not-installed,not-installed,0.23151562569204517,0.0,1.0,1.0,1548.0,1.0,0.0,0.0,0.0,0.0,0.025,0.2844358477369605,0.7155641522630395,0.0,nan,nan,0.33833536085830407,nan,0.975,0.975,nan,0.025,nan,nan,exact,300.01312500000006,445.55,neural,1548.0,6192.0,61920.0,nan,0.0,0.0,nan,,,,,,,,,,,,,,,
reviewer1_transition_dynamics_shift_smoke,reviewer1_transition_dynamics_shift_smoke,configs/reviewer1_remaining/smoke/transition_dynamics_shift.yaml,Reviewer1-transition-dynamics-shift-smoke,Reviewer1TransitionDynamicsShift-v0,Reviewer1TransitionDynamicsShift-v0,native_gymnasium_observation,count_gated_tau_20,11001,train,11918,,,11918,97,-2.2399999999999998,160,0.0,11918,713,0.001352016902825099,0.03505709022283554,0,1,3,24.948865999998816,23.95354039999802,0.9953256000007968,23.95354039999802,0.9953256000007968,b240632d76bfe6919b44416ecd12239cbcb93cea,1.8.0,cde18190c3c8d2f5e97799ac5572ab19fe5ea4929fd0422da19b385b1d617f1e,True,3.14.3,2.11.0+cpu,2.4.3,1.3.0,3.1.0,not-installed,not-installed,0.2367039072477074,0.0,1.0,1.0,1549.0,1.0,0.0,0.0,0.0,0.0,0.0,0.41694958782751945,0.5830504121724807,0.0,nan,nan,0.5196312408734516,nan,1.0,1.0,nan,0.0,nan,nan,exact,292.7125,430.0,neural,1549.0,6196.0,61960.0,nan,0.0,0.0,nan,,,,,,,,,,,,,,,
reviewer1_transition_dynamics_shift_smoke,reviewer1_transition_dynamics_shift_smoke,configs/reviewer1_remaining/smoke/transition_dynamics_shift.yaml,Reviewer1-transition-dynamics-shift-smoke,Reviewer1TransitionDynamicsShift-v0,Reviewer1TransitionDynamicsShift-v0,native_gymnasium_observation,count_gated_tau_20,11001,eval,12000,12000,0.2899999999999997,12000,1,0.2899999999999997,39,1.0,12000,719,0.0013413214111262458,0.03505709022283554,0,2,3,25.77754869999626,24.073359399990295,1.7041893000059645,24.073359399990295,1.7041893000059645,b240632d76bfe6919b44416ecd12239cbcb93cea,1.8.0,cde18190c3c8d2f5e97799ac5572ab19fe5ea4929fd0422da19b385b1d617f1e,True,3.14.3,2.11.0+cpu,2.4.3,1.3.0,3.1.0,not-installed,not-installed,0.23869510083281373,0.0,1.0,1.0,1552.0,0.0,0.0,0.0,0.0,1.0,1.0,0.0,1.0,0.0,nan,nan,0.0,nan,0.0,0.0,nan,1.0,nan,nan,unsupported,498.16153846153844,485.9,neural,1552.0,6208.0,62080.0,nan,0.0,0.0,nan,0,3,3,2,0.0,0.10526315789473684,0.4999999975000003,neural,tie,unavailable,nan,nan,1.0,global_action_outcome,19.0
reviewer1_transition_dynamics_shift_smoke,reviewer1_transition_dynamics_shift_smoke,configs/reviewer1_remaining/smoke/transition_dynamics_shift.yaml,Reviewer1-transition-dynamics-shift-smoke,Reviewer1TransitionDynamicsShift-v0,Reviewer1TransitionDynamicsShift-v0,native_gymnasium_observation,count_gated_tau_20,11001,eval,12000,12000,-2.91,12000,2,-2.91,160,0.0,12000,719,0.0013413214111262458,0.03505709022283554,0,2,3,25.778312299997197,24.074122999991232,1.7041893000059645,24.074122999991232,1.7041893000059645,b240632d76bfe6919b44416ecd12239cbcb93cea,1.8.0,cde18190c3c8d2f5e97799ac5572ab19fe5ea4929fd0422da19b385b1d617f1e,True,3.14.3,2.11.0+cpu,2.4.3,1.3.0,3.1.0,not-installed,not-installed,0.23869510083281373,0.0,1.0,1.0,1552.0,1.0,0.0,0.0,0.0,0.0,0.0,0.21448771235947964,0.7855122876405203,0.0,nan,nan,0.24009203184515499,nan,1.0,1.0,nan,0.0,nan,nan,exact,506.45375,485.9,neural,1552.0,6208.0,62080.0,nan,0.0,0.0,nan,0,1,1,2,0.0,0.0,0.4999999974999999,neural,tie,unavailable,nan,nan,1.0,global_action_outcome,79.5
reviewer1_transition_dynamics_shift_smoke,reviewer1_transition_dynamics_shift_smoke,configs/reviewer1_remaining/smoke/transition_dynamics_shift.yaml,Reviewer1-transition-dynamics-shift-smoke,Reviewer1TransitionDynamicsShift-v0,Reviewer1TransitionDynamicsShift-v0,native_gymnasium_observation,count_gated_tau_20,11001,eval,12000,12000,-2.300000000000001,12000,3,-2.300000000000001,160,0.0,12000,719,0.0013413214111262458,0.03505709022283554,0,2,3,25.77897629999643,24.074786999990465,1.7041893000059645,24.074786999990465,1.7041893000059645,b240632d76bfe6919b44416ecd12239cbcb93cea,1.8.0,cde18190c3c8d2f5e97799ac5572ab19fe5ea4929fd0422da19b385b1d617f1e,True,3.14.3,2.11.0+cpu,2.4.3,1.3.0,3.1.0,not-installed,not-installed,0.23869510083281373,0.0,1.0,1.0,1552.0,1.0,0.0,0.0,0.0,0.0,1.0,0.0,1.0,0.0,nan,nan,0.0,nan,0.0,0.0,nan,1.0,nan,nan,unsupported,620.55125,560.6,neural,1552.0,6208.0,62080.0,nan,0.0,0.0,nan,0,1,1,3,0.0,0.08661417322834646,0.4999999974999999,neural,tie,unavailable,nan,nan,1.0,global_action_outcome,79.5
reviewer1_transition_dynamics_shift_smoke,reviewer1_transition_dynamics_shift_smoke,configs/reviewer1_remaining/smoke/transition_dynamics_shift.yaml,Reviewer1-transition-dynamics-shift-smoke,Reviewer1TransitionDynamicsShift-v0,Reviewer1TransitionDynamicsShift-v0,native_gymnasium_observation,count_gated_tau_20,11001,eval,12000,12000,-2.5900000000000007,12000,4,-2.5900000000000007,160,0.0,12000,719,0.0013413214111262458,0.03505709022283554,0,2,3,25.779511099994124,24.07532179998816,1.7041893000059645,24.07532179998816,1.7041893000059645,b240632d76bfe6919b44416ecd12239cbcb93cea,1.8.0,cde18190c3c8d2f5e97799ac5572ab19fe5ea4929fd0422da19b385b1d617f1e,True,3.14.3,2.11.0+cpu,2.4.3,1.3.0,3.1.0,not-installed,not-installed,0.23869510083281373,0.0,1.0,1.0,1552.0,1.0,0.0,0.0,0.0,0.0,0.375,0.14962595864069272,0.8503740413593073,0.0,nan,nan,0.1780500731612672,nan,0.625,0.625,nan,0.375,nan,nan,exact,568.4424999999999,529.3,neural,1552.0,6208.0,62080.0,nan,0.0,0.0,nan,1,2,2,3,0.12837837837837837,0.24324324324324326,0.4999999974999999,neural,tie,unavailable,nan,nan,1.0,global_action_outcome,79.5
reviewer1_transition_dynamics_shift_smoke,reviewer1_transition_dynamics_shift_smoke,configs/reviewer1_remaining/smoke/transition_dynamics_shift.yaml,Reviewer1-transition-dynamics-shift-smoke,Reviewer1TransitionDynamicsShift-v0,Reviewer1TransitionDynamicsShift-v0,native_gymnasium_observation,count_gated_tau_20,11001,eval,12020,12020,-3.000000000000001,12020,1,-3.000000000000001,160,0.0,12020,720,0.0013395570709551269,0.03505709022283554,0,3,3,26.495045999996364,24.103721299987228,2.391324700009136,24.103721299987228,2.391324700009136,b240632d76bfe6919b44416ecd12239cbcb93cea,1.8.0,cde18190c3c8d2f5e97799ac5572ab19fe5ea4929fd0422da19b385b1d617f1e,True,3.14.3,2.11.0+cpu,2.4.3,1.3.0,3.1.0,not-installed,not-installed,0.23908998106807014,0.0,1.0,1.0,1552.0,1.0,0.0,0.0,0.0,0.0,1.0,0.0,1.0,0.0,nan,nan,0.0,nan,0.0,0.0,nan,1.0,nan,nan,unsupported,481.053125,463.9,neural,1552.0,6208.0,62080.0,nan,0.0,0.0,nan,0,1,1,3,0.0,0.0,0.4999999974999999,neural,tie,unavailable,nan,nan,1.0,global_action_outcome,99.5
reviewer1_transition_dynamics_shift_smoke,reviewer1_transition_dynamics_shift_smoke,configs/reviewer1_remaining/smoke/transition_dynamics_shift.yaml,Reviewer1-transition-dynamics-shift-smoke,Reviewer1TransitionDynamicsShift-v0,Reviewer1TransitionDynamicsShift-v0,native_gymnasium_observation,count_gated_tau_20,11001,eval,12020,12020,-3.01,12020,2,-3.01,160,0.0,12020,720,0.0013395570709551269,0.03505709022283554,0,3,3,26.495920299996214,24.10459559998708,2.391324700009136,24.10459559998708,2.391324700009136,b240632d76bfe6919b44416ecd12239cbcb93cea,1.8.0,cde18190c3c8d2f5e97799ac5572ab19fe5ea4929fd0422da19b385b1d617f1e,True,3.14.3,2.11.0+cpu,2.4.3,1.3.0,3.1.0,not-installed,not-installed,0.23908998106807014,0.0,1.0,1.0,1552.0,1.0,0.0,0.0,0.0,0.0,1.0,0.0,1.0,0.0,nan,nan,0.0,nan,0.0,0.0,nan,1.0,nan,nan,unsupported,538.288125,499.35,neural,1552.0,6208.0,62080.0,nan,0.0,0.0,nan,0,1,1,2,0.0,0.020202020202020204,0.4999999974999999,neural,tie,unavailable,nan,nan,1.0,global_action_outcome,99.5
reviewer1_transition_dynamics_shift_smoke,reviewer1_transition_dynamics_shift_smoke,configs/reviewer1_remaining/smoke/transition_dynamics_shift.yaml,Reviewer1-transition-dynamics-shift-smoke,Reviewer1TransitionDynamicsShift-v0,Reviewer1TransitionDynamicsShift-v0,native_gymnasium_observation,count_gated_tau_20,11001,eval,12020,12020,-2.8499999999999996,12020,3,-2.8499999999999996,160,0.0,12020,720,0.0013395570709551269,0.03505709022283554,0,3,3,26.496890700000222,24.105565999991086,2.391324700009136,24.105565999991086,2.391324700009136,b240632d76bfe6919b44416ecd12239cbcb93cea,1.8.0,cde18190c3c8d2f5e97799ac5572ab19fe5ea4929fd0422da19b385b1d617f1e,True,3.14.3,2.11.0+cpu,2.4.3,1.3.0,3.1.0,not-installed,not-installed,0.23908998106807014,0.0,1.0,1.0,1552.0,1.0,0.0,0.0,0.0,0.0,1.0,0.0,1.0,0.0,nan,nan,0.0,nan,0.0,0.0,nan,1.0,nan,nan,unsupported,606.89375,562.8499999999999,neural,1552.0,6208.0,62080.0,nan,0.0,0.0,nan,0,2,2,3,0.0,0.012987012987012988,0.4999999974999999,neural,tie,unavailable,nan,nan,1.0,global_action_outcome,99.5
reviewer1_transition_dynamics_shift_smoke,reviewer1_transition_dynamics_shift_smoke,configs/reviewer1_remaining/smoke/transition_dynamics_shift.yaml,Reviewer1-transition-dynamics-shift-smoke,Reviewer1TransitionDynamicsShift-v0,Reviewer1TransitionDynamicsShift-v0,native_gymnasium_observation,count_gated_tau_20,11001,eval,12020,12020,-3.060000000000001,12020,4,-3.060000000000001,160,0.0,12020,720,0.0013395570709551269,0.03505709022283554,0,3,3,26.497619299996586,24.10629459998745,2.391324700009136,24.10629459998745,2.391324700009136,b240632d76bfe6919b44416ecd12239cbcb93cea,1.8.0,cde18190c3c8d2f5e97799ac5572ab19fe5ea4929fd0422da19b385b1d617f1e,True,3.14.3,2.11.0+cpu,2.4.3,1.3.0,3.1.0,not-installed,not-installed,0.23908998106807014,0.0,1.0,1.0,1552.0,1.0,0.0,0.0,0.0,0.0,1.0,0.0,1.0,0.0,nan,nan,0.0,nan,0.0,0.0,nan,1.0,nan,nan,unsupported,470.625,429.4,neural,1552.0,6208.0,62080.0,nan,0.0,0.0,nan,0,1,1,3,0.208955223880597,0.0,0.4999999974999999,neural,tie,unavailable,nan,nan,1.0,global_action_outcome,99.5
reviewer1_transition_dynamics_shift_smoke,reviewer1_transition_dynamics_shift_smoke,configs/reviewer1_remaining/smoke/transition_dynamics_shift.yaml,Reviewer1-transition-dynamics-shift-smoke,Reviewer1TransitionDynamicsShift-v0,Reviewer1TransitionDynamicsShift-v0,native_gymnasium_observation,count_gated_tau_20,11001,train,12020,,,12020,98,-1.2500000000000009,102,0.0,12020,720,0.0013395570709551269,0.03505709022283554,0,3,3,26.501037199996063,24.109712499986927,2.391324700009136,24.109712499986927,2.391324700009136,b240632d76bfe6919b44416ecd12239cbcb93cea,1.8.0,cde18190c3c8d2f5e97799ac5572ab19fe5ea4929fd0422da19b385b1d617f1e,True,3.14.3,2.11.0+cpu,2.4.3,1.3.0,3.1.0,not-installed,not-installed,0.23908998106807014,0.0,1.0,1.0,1552.0,1.0,0.0,0.0,0.0,0.0,0.0196078431372549,0.4092884119559226,0.5907115880440774,0.0,nan,nan,0.5097649332456855,nan,0.9803921568627451,0.9803921568627451,nan,0.0196078431372549,nan,nan,exact,283.6980392156863,330.15,neural,1552.0,6208.0,62080.0,nan,0.0,0.0,nan,,,,,,,,,,,,,,,
reviewer1_transition_dynamics_shift_smoke,reviewer1_transition_dynamics_shift_smoke,configs/reviewer1_remaining/smoke/transition_dynamics_shift.yaml,Reviewer1-transition-dynamics-shift-smoke,Reviewer1TransitionDynamicsShift-v0,Reviewer1TransitionDynamicsShift-v0,native_gymnasium_observation,relative_reliability_fuzzy,11000,train,160,,,160,1,-1.9400000000000015,160,0.0,160,0,nan,nan,0,0,3,0.2671217000024626,0.2671217000024626,0.0,0.2671217000024626,0.0,b240632d76bfe6919b44416ecd12239cbcb93cea,1.8.0,cde18190c3c8d2f5e97799ac5572ab19fe5ea4929fd0422da19b385b1d617f1e,True,3.14.3,2.11.0+cpu,2.4.3,1.3.0,3.1.0,not-installed,not-installed,0.0,0.0,0.00036755303,0.01081243906660749,16.0,1.0,0.0,0.0,0.0,0.0,1.0,0.0,0.0,0.0,nan,nan,0.0,nan,0.0,0.0,nan,0.0,nan,nan,unsupported,26.789375000000007,22.4,none,16.0,64.0,640.0,nan,0.0,0.0,nan,,,,,,,,,,,,,,,
reviewer1_transition_dynamics_shift_smoke,reviewer1_transition_dynamics_shift_smoke,configs/reviewer1_remaining/smoke/transition_dynamics_shift.yaml,Reviewer1-transition-dynamics-shift-smoke,Reviewer1TransitionDynamicsShift-v0,Reviewer1TransitionDynamicsShift-v0,native_gymnasium_observation,relative_reliability_fuzzy,11000,train,320,,,320,2,-1.9600000000000015,160,0.0,320,0,nan,nan,0,0,3,0.5308099000030779,0.5308099000030779,0.0,0.5308099000030779,0.0,b240632d76bfe6919b44416ecd12239cbcb93cea,1.8.0,cde18190c3c8d2f5e97799ac5572ab19fe5ea4929fd0422da19b385b1d617f1e,True,3.14.3,2.11.0+cpu,2.4.3,1.3.0,3.1.0,not-installed,not-installed,0.19049034481794155,0.0,0.00012832941,0.008809782232632962,56.0,1.0,0.0,0.0,0.0,0.0,0.9375,0.01938206322354431,0.4993679367764557,0.0,0.03736301344297699,0.0,0.02145129481952446,0.505901628197076,0.0625,0.0625,0.12048192771084337,0.45625,73.0,0.8795180722891566,unsupported,41.30437500000001,21.15,neural,56.0,224.0,2240.0,nan,0.0,0.0,nan,,,,,,,,,,,,,,,
reviewer1_transition_dynamics_shift_smoke,reviewer1_transition_dynamics_shift_smoke,configs/reviewer1_remaining/smoke/transition_dynamics_shift.yaml,Reviewer1-transition-dynamics-shift-smoke,Reviewer1TransitionDynamicsShift-v0,Reviewer1TransitionDynamicsShift-v0,native_gymnasium_observation,relative_reliability_fuzzy,11000,train,480,,,480,3,-2.0100000000000016,160,0.0,480,0,nan,nan,0,0,3,0.7979602999985218,0.7979602999985218,0.0,0.7979602999985218,0.0,b240632d76bfe6919b44416ecd12239cbcb93cea,1.8.0,cde18190c3c8d2f5e97799ac5572ab19fe5ea4929fd0422da19b385b1d617f1e,True,3.14.3,2.11.0+cpu,2.4.3,1.3.0,3.1.0,not-installed,not-installed,0.1196746328785152,0.0,0.00012727354,0.016543735692514206,82.0,1.0,0.0,0.0,0.0,0.0,0.01875,0.09921149336647055,0.9007885066335295,0.0,0.09921149336647055,0.04024621834441772,0.10936175477201768,0.45913783987191686,0.98125,0.98125,0.98125,0.01875,3.0,0.01875,exact,48.996875,23.15,neural,82.0,328.0,3280.0,nan,0.0,0.0,nan,,,,,,,,,,,,,,,
reviewer1_transition_dynamics_shift_smoke,reviewer1_transition_dynamics_shift_smoke,configs/reviewer1_remaining/smoke/transition_dynamics_shift.yaml,Reviewer1-transition-dynamics-shift-smoke,Reviewer1TransitionDynamicsShift-v0,Reviewer1TransitionDynamicsShift-v0,native_gymnasium_observation,relative_reliability_fuzzy,11000,train,640,,,640,4,-2.0900000000000003,160,0.0,640,9,0.0019199834593261282,0.004236951470375061,0,0,3,1.0376440999971237,1.0376440999971237,0.0,1.0376440999971237,0.0,b240632d76bfe6919b44416ecd12239cbcb93cea,1.8.0,cde18190c3c8d2f5e97799ac5572ab19fe5ea4929fd0422da19b385b1d617f1e,True,3.14.3,2.11.0+cpu,2.4.3,1.3.0,3.1.0,not-installed,not-installed,0.1396039214583716,0.0,0.00010009236,0.0009146094572839049,98.0,1.0,0.0,0.0,0.0,0.0,0.04375,0.09379941704140009,0.9062005829586,0.0,0.09379941704140009,0.03579687112486911,0.10055977186209202,0.6717244927442515,0.95625,0.95625,0.95625,0.04375,7.0,0.04375,exact,62.754375,22.5,neural,98.0,392.0,3920.0,nan,0.0,0.0,nan,,,,,,,,,,,,,,,
reviewer1_transition_dynamics_shift_smoke,reviewer1_transition_dynamics_shift_smoke,configs/reviewer1_remaining/smoke/transition_dynamics_shift.yaml,Reviewer1-transition-dynamics-shift-smoke,Reviewer1TransitionDynamicsShift-v0,Reviewer1TransitionDynamicsShift-v0,native_gymnasium_observation,relative_reliability_fuzzy,11000,train,800,,,800,5,-1.9400000000000015,160,0.0,800,19,0.0012072503098017094,0.004236951470375061,0,0,3,1.300282900003367,1.300282900003367,0.0,1.300282900003367,0.0,b240632d76bfe6919b44416ecd12239cbcb93cea,1.8.0,cde18190c3c8d2f5e97799ac5572ab19fe5ea4929fd0422da19b385b1d617f1e,True,3.14.3,2.11.0+cpu,2.4.3,1.3.0,3.1.0,not-installed,not-installed,0.15721506137183483,0.0,8.2935236e-05,0.0030085230328642165,120.0,1.0,0.0,0.0,0.0,0.0,0.14375,0.179521077108774,0.8204789228912261,0.0,0.179521077108774,0.24696055121630534,0.19804455902791512,0.5542805530769772,0.85625,0.85625,0.85625,0.14375,23.0,0.14375,exact,74.54125,22.65,neural,120.0,480.0,4800.0,nan,0.0,0.0,nan,,,,,,,,,,,,,,,
reviewer1_transition_dynamics_shift_smoke,reviewer1_transition_dynamics_shift_smoke,configs/reviewer1_remaining/smoke/transition_dynamics_shift.yaml,Reviewer1-transition-dynamics-shift-smoke,Reviewer1TransitionDynamicsShift-v0,Reviewer1TransitionDynamicsShift-v0,native_gymnasium_observation,relative_reliability_fuzzy,11000,train,960,,,960,6,-1.9800000000000013,160,0.0,960,29,0.0009178177394366277,0.004236951470375061,0,0,3,1.6146474999986822,1.6146474999986822,0.0,1.6146474999986822,0.0,b240632d76bfe6919b44416ecd12239cbcb93cea,1.8.0,cde18190c3c8d2f5e97799ac5572ab19fe5ea4929fd0422da19b385b1d617f1e,True,3.14.3,2.11.0+cpu,2.4.3,1.3.0,3.1.0,not-installed,not-installed,0.1335791633062682,0.0,0.00014153986,0.0004900478685847995,164.0,1.0,0.0,0.0,0.0,0.0,0.13125,0.07893673138923038,0.9210632686107697,0.0,0.07893673138923038,0.07557794595696592,0.08370884868665389,0.4694451952409042,0.86875,0.86875,0.86875,0.13125,21.0,0.13125,exact,61.685625,23.5,neural,164.0,656.0,6560.0,nan,0.0,0.0,nan,,,,,,,,,,,,,,,
reviewer1_transition_dynamics_shift_smoke,reviewer1_transition_dynamics_shift_smoke,configs/reviewer1_remaining/smoke/transition_dynamics_shift.yaml,Reviewer1-transition-dynamics-shift-smoke,Reviewer1TransitionDynamicsShift-v0,Reviewer1TransitionDynamicsShift-v0,native_gymnasium_observation,relative_reliability_fuzzy,11000,train,1120,,,1120,7,-2.1599999999999997,160,0.0,1120,39,0.0007140498684095339,0.004236951470375061,0,0,3,1.855284400000528,1.855284400000528,0.0,1.855284400000528,0.0,b240632d76bfe6919b44416ecd12239cbcb93cea,1.8.0,cde18190c3c8d2f5e97799ac5572ab19fe5ea4929fd0422da19b385b1d617f1e,True,3.14.3,2.11.0+cpu,2.4.3,1.3.0,3.1.0,not-installed,not-installed,0.13452129910459568,0.0,0.00011451577,0.0003732411794750066,188.0,1.0,0.0,0.0,0.0,0.0,0.54375,0.07115195705860732,0.9288480429413927,0.0,0.07115195705860732,0.1631493863964994,0.07837626950114107,0.7211446334840701,0.45625,0.45625,0.45625,0.54375,87.0,0.54375,support-boundary collapse,62.01500000000001,20.55,neural,188.0,752.0,7520.0,nan,0.0,0.0,nan,,,,,,,,,,,,,,,
reviewer1_transition_dynamics_shift_smoke,reviewer1_transition_dynamics_shift_smoke,configs/reviewer1_remaining/smoke/transition_dynamics_shift.yaml,Reviewer1-transition-dynamics-shift-smoke,Reviewer1TransitionDynamicsShift-v0,Reviewer1TransitionDynamicsShift-v0,native_gymnasium_observation,relative_reliability_fuzzy,11000,train,1280,,,1280,8,-2.010000000000001,160,0.0,1280,49,0.0005852175637876511,0.004236951470375061,0,0,3,2.2441302000006544,2.2441302000006544,0.0,2.2441302000006544,0.0,b240632d76bfe6919b44416ecd12239cbcb93cea,1.8.0,cde18190c3c8d2f5e97799ac5572ab19fe5ea4929fd0422da19b385b1d617f1e,True,3.14.3,2.11.0+cpu,2.4.3,1.3.0,3.1.0,not-installed,not-installed,0.16355912921145457,0.0,0.00011443687,0.0004712629669772576,207.0,1.0,0.0,0.0,0.0,0.0,0.0,0.23451121821419565,0.7654887817858043,0.0,0.23451121821419565,0.10267326321820164,0.2626000349078095,0.6130525191767808,1.0,1.0,1.0,0.0,0.0,0.0,exact,72.31125,24.75,neural,207.0,828.0,8280.0,nan,0.0,0.0,nan,,,,,,,,,,,,,,,
reviewer1_transition_dynamics_shift_smoke,reviewer1_transition_dynamics_shift_smoke,configs/reviewer1_remaining/smoke/transition_dynamics_shift.yaml,Reviewer1-transition-dynamics-shift-smoke,Reviewer1TransitionDynamicsShift-v0,Reviewer1TransitionDynamicsShift-v0,native_gymnasium_observation,relative_reliability_fuzzy,11000,train,1440,,,1440,9,-2.0000000000000013,160,0.0,1440,59,0.0004960346120504378,0.004236951470375061,0,0,3,2.467908400001761,2.467908400001761,0.0,2.467908400001761,0.0,b240632d76bfe6919b44416ecd12239cbcb93cea,1.8.0,cde18190c3c8d2f5e97799ac5572ab19fe5ea4929fd0422da19b385b1d617f1e,True,3.14.3,2.11.0+cpu,2.4.3,1.3.0,3.1.0,not-installed,not-installed,0.1656142962579666,0.0,0.00011421733,0.0002218990251299947,229.0,1.0,0.0,0.0,0.0,0.0,0.15,0.1798010113050688,0.8201989886949314,0.0,0.1798010113050688,0.2761460367316833,0.19900483056949306,0.37850705892999637,0.85,0.85,0.85,0.15,24.0,0.15,exact,74.84625,21.7,neural,229.0,916.0,9160.0,nan,0.0,0.0,nan,,,,,,,,,,,,,,,
reviewer1_transition_dynamics_shift_smoke,reviewer1_transition_dynamics_shift_smoke,configs/reviewer1_remaining/smoke/transition_dynamics_shift.yaml,Reviewer1-transition-dynamics-shift-smoke,Reviewer1TransitionDynamicsShift-v0,Reviewer1TransitionDynamicsShift-v0,native_gymnasium_observation,relative_reliability_fuzzy,11000,train,1526,,,1526,10,0.01999999999999935,86,1.0,1526,64,0.00046048678677834687,0.004236951470375061,0,0,3,2.575286999999662,2.575286999999662,0.0,2.575286999999662,0.0,b240632d76bfe6919b44416ecd12239cbcb93cea,1.8.0,cde18190c3c8d2f5e97799ac5572ab19fe5ea4929fd0422da19b385b1d617f1e,True,3.14.3,2.11.0+cpu,2.4.3,1.3.0,3.1.0,not-installed,not-installed,0.163710250148704,0.0,0.050124668,0.04845478712915191,245.0,0.0,0.0,0.0,0.0,1.0,0.4186046511627907,0.10747243399468753,0.8925275660053121,0.0,0.10747243399468753,0.1631382974074791,0.11941418018869451,0.6207927211302696,0.5813953488372093,0.5813953488372093,0.5813953488372093,0.4186046511627907,36.0,0.4186046511627907,exact,89.58953488372092,21.549999999999997,neural,245.0,980.0,9800.0,nan,0.0,0.0,nan,,,,,,,,,,,,,,,
reviewer1_transition_dynamics_shift_smoke,reviewer1_transition_dynamics_shift_smoke,configs/reviewer1_remaining/smoke/transition_dynamics_shift.yaml,Reviewer1-transition-dynamics-shift-smoke,Reviewer1TransitionDynamicsShift-v0,Reviewer1TransitionDynamicsShift-v0,native_gymnasium_observation,relative_reliability_fuzzy,11000,train,1582,,,1582,11,0.35999999999999965,56,1.0,1582,67,0.0004412767524790165,0.004236951470375061,0,0,3,2.687418900000921,2.687418900000921,0.0,2.687418900000921,0.0,b240632d76bfe6919b44416ecd12239cbcb93cea,1.8.0,cde18190c3c8d2f5e97799ac5572ab19fe5ea4929fd0422da19b385b1d617f1e,True,3.14.3,2.11.0+cpu,2.4.3,1.3.0,3.1.0,not-installed,not-installed,0.15566377363736045,0.0,0.052950054,0.05218724495884845,267.0,0.0,0.0,0.0,0.0,1.0,0.0,0.0809290742378256,0.9190709257621743,0.0,0.0809290742378256,0.035616510817608166,0.08690654680511659,0.6819590128002694,1.0,1.0,1.0,0.0,0.0,0.0,exact,130.08571428571426,24.85,neural,267.0,1068.0,10680.0,nan,0.0,0.0,nan,,,,,,,,,,,,,,,
reviewer1_transition_dynamics_shift_smoke,reviewer1_transition_dynamics_shift_smoke,configs/reviewer1_remaining/smoke/transition_dynamics_shift.yaml,Reviewer1-transition-dynamics-shift-smoke,Reviewer1TransitionDynamicsShift-v0,Reviewer1TransitionDynamicsShift-v0,native_gymnasium_observation,relative_reliability_fuzzy,11000,train,1742,,,1742,12,-2.0500000000000003,160,0.0,1742,77,0.0003881167275095948,0.004236951470375061,0,0,3,3.047864300002402,3.047864300002402,0.0,3.047864300002402,0.0,b240632d76bfe6919b44416ecd12239cbcb93cea,1.8.0,cde18190c3c8d2f5e97799ac5572ab19fe5ea4929fd0422da19b385b1d617f1e,True,3.14.3,2.11.0+cpu,2.4.3,1.3.0,3.1.0,not-installed,not-installed,0.16375452937207238,0.0,9.968255e-05,0.00033077080391838226,286.0,1.0,0.0,0.0,0.0,0.0,0.06875,0.16238294861543817,0.8376170513845619,0.0,0.16238294861543817,0.11342022006464005,0.1816416664593378,0.6632478001956376,0.93125,0.93125,0.93125,0.06875,11.0,0.06875,exact,94.13499999999999,27.25,neural,286.0,1144.0,11440.0,nan,0.0,0.0,nan,,,,,,,,,,,,,,,
reviewer1_transition_dynamics_shift_smoke,reviewer1_transition_dynamics_shift_smoke,configs/reviewer1_remaining/smoke/transition_dynamics_shift.yaml,Reviewer1-transition-dynamics-shift-smoke,Reviewer1TransitionDynamicsShift-v0,Reviewer1TransitionDynamicsShift-v0,native_gymnasium_observation,relative_reliability_fuzzy,11000,train,1779,,,1779,13,0.5399999999999998,37,1.0,1779,80,0.0005646417609113996,0.01521733682602644,0,0,3,3.114238699999987,3.114238699999987,0.0,3.114238699999987,0.0,b240632d76bfe6919b44416ecd12239cbcb93cea,1.8.0,cde18190c3c8d2f5e97799ac5572ab19fe5ea4929fd0422da19b385b1d617f1e,True,3.14.3,2.11.0+cpu,2.4.3,1.3.0,3.1.0,not-installed,not-installed,0.16238393065832885,0.0,0.050152242,0.04484596882569178,300.0,0.0,0.0,0.0,0.0,1.0,0.0,0.27249663886730136,0.727503361132699,0.0,0.27249663886730136,0.3752526932573217,0.3321929202346836,0.4821754203858979,1.0,1.0,1.0,0.0,0.0,0.0,exact,68.45405405405404,24.7,neural,300.0,1200.0,12000.0,nan,0.0,0.0,nan,,,,,,,,,,,,,,,
reviewer1_transition_dynamics_shift_smoke,reviewer1_transition_dynamics_shift_smoke,configs/reviewer1_remaining/smoke/transition_dynamics_shift.yaml,Reviewer1-transition-dynamics-shift-smoke,Reviewer1TransitionDynamicsShift-v0,Reviewer1TransitionDynamicsShift-v0,native_gymnasium_observation,relative_reliability_fuzzy,11000,train,1832,,,1832,14,0.34999999999999964,53,1.0,1832,83,0.0005474837665363349,0.01521733682602644,0,0,3,3.199535500003549,3.199535500003549,0.0,3.199535500003549,0.0,b240632d76bfe6919b44416ecd12239cbcb93cea,1.8.0,cde18190c3c8d2f5e97799ac5572ab19fe5ea4929fd0422da19b385b1d617f1e,True,3.14.3,2.11.0+cpu,2.4.3,1.3.0,3.1.0,not-installed,not-installed,0.16026418341850035,0.0,0.05341853,0.05200873631158984,314.0,0.0,0.0,0.0,0.0,1.0,0.0,0.09548315493202912,0.9045168450679707,0.0,0.09548315493202912,0.07536008231199394,0.10342503471477651,0.4859291012877355,1.0,1.0,1.0,0.0,0.0,0.0,exact,97.30943396226418,23.3,neural,314.0,1256.0,12560.0,nan,0.0,0.0,nan,,,,,,,,,,,,,,,
reviewer1_transition_dynamics_shift_smoke,reviewer1_transition_dynamics_shift_smoke,configs/reviewer1_remaining/smoke/transition_dynamics_shift.yaml,Reviewer1-transition-dynamics-shift-smoke,Reviewer1TransitionDynamicsShift-v0,Reviewer1TransitionDynamicsShift-v0,native_gymnasium_observation,relative_reliability_fuzzy,11000,train,1992,,,1992,15,-2.0300000000000007,160,0.0,1992,93,0.0004964683490881373,0.01521733682602644,0,0,3,3.5171011999991606,3.5171011999991606,0.0,3.5171011999991606,0.0,b240632d76bfe6919b44416ecd12239cbcb93cea,1.8.0,cde18190c3c8d2f5e97799ac5572ab19fe5ea4929fd0422da19b385b1d617f1e,True,3.14.3,2.11.0+cpu,2.4.3,1.3.0,3.1.0,not-installed,not-installed,0.16562656998306782,0.0,0.000116784424,9.074583819046727e-05,332.0,1.0,0.0,0.0,0.0,0.0,0.125,0.20126760422859422,0.7987323957714058,0.0,0.20126760422859422,0.1335562843180572,0.22364061767492646,0.5775587200909633,0.875,0.875,0.875,0.125,20.0,0.125,exact,132.289375,27.200000000000003,neural,332.0,1328.0,13280.0,nan,0.0,0.0,nan,,,,,,,,,,,,,,,
reviewer1_transition_dynamics_shift_smoke,reviewer1_transition_dynamics_shift_smoke,configs/reviewer1_remaining/smoke/transition_dynamics_shift.yaml,Reviewer1-transition-dynamics-shift-smoke,Reviewer1TransitionDynamicsShift-v0,Reviewer1TransitionDynamicsShift-v0,native_gymnasium_observation,relative_reliability_fuzzy,11000,train,2122,,,2122,16,-0.6000000000000012,130,1.0,2122,101,0.00046166236097633373,0.01521733682602644,0,0,3,3.828568800003268,3.828568800003268,0.0,3.828568800003268,0.0,b240632d76bfe6919b44416ecd12239cbcb93cea,1.8.0,cde18190c3c8d2f5e97799ac5572ab19fe5ea4929fd0422da19b385b1d617f1e,True,3.14.3,2.11.0+cpu,2.4.3,1.3.0,3.1.0,not-installed,not-installed,0.15834484422326045,0.0,0.050116833,0.05053659570973832,364.0,0.0,0.0,0.0,0.0,1.0,0.17692307692307693,0.15091928569255772,0.8490807143074423,0.0,0.15091928569255772,0.24670904811000244,0.16701253056643584,0.6802511033251463,0.823076923076923,0.823076923076923,0.823076923076923,0.17692307692307693,23.0,0.17692307692307693,exact,111.57846153846154,26.4,neural,364.0,1456.0,14560.0,nan,0.0,0.0,nan,,,,,,,,,,,,,,,
reviewer1_transition_dynamics_shift_smoke,reviewer1_transition_dynamics_shift_smoke,configs/reviewer1_remaining/smoke/transition_dynamics_shift.yaml,Reviewer1-transition-dynamics-shift-smoke,Reviewer1TransitionDynamicsShift-v0,Reviewer1TransitionDynamicsShift-v0,native_gymnasium_observation,relative_reliability_fuzzy,11000,train,2282,,,2282,17,-1.9600000000000013,160,0.0,2282,111,0.0007012303024542209,0.01568901352584362,0,0,3,4.237587000003259,4.237587000003259,0.0,4.237587000003259,0.0,b240632d76bfe6919b44416ecd12239cbcb93cea,1.8.0,cde18190c3c8d2f5e97799ac5572ab19fe5ea4929fd0422da19b385b1d617f1e,True,3.14.3,2.11.0+cpu,2.4.3,1.3.0,3.1.0,not-installed,not-installed,0.16210700619151006,0.0,0.000107931344,0.00020088358893303015,383.0,1.0,0.0,0.0,0.0,0.0,0.19375,0.18191373282311502,0.8180862671768849,0.0,0.18191373282311502,0.18327777332692968,0.20156101305629157,0.5807170630312399,0.80625,0.80625,0.80625,0.19375,31.0,0.19375,exact,132.23499999999999,28.9,neural,383.0,1532.0,15320.0,nan,0.0,0.0,nan,,,,,,,,,,,,,,,
reviewer1_transition_dynamics_shift_smoke,reviewer1_transition_dynamics_shift_smoke,configs/reviewer1_remaining/smoke/transition_dynamics_shift.yaml,Reviewer1-transition-dynamics-shift-smoke,Reviewer1TransitionDynamicsShift-v0,Reviewer1TransitionDynamicsShift-v0,native_gymnasium_observation,relative_reliability_fuzzy,11000,train,2394,,,2394,18,-0.31000000000000094,112,1.0,2394,118,0.0006677657436862858,0.01568901352584362,0,0,3,4.409642400001758,4.409642400001758,0.0,4.409642400001758,0.0,b240632d76bfe6919b44416ecd12239cbcb93cea,1.8.0,cde18190c3c8d2f5e97799ac5572ab19fe5ea4929fd0422da19b385b1d617f1e,True,3.14.3,2.11.0+cpu,2.4.3,1.3.0,3.1.0,not-installed,not-installed,0.1628908406415348,0.0,0.05011139,0.05008061824571594,404.0,0.0,0.0,0.0,0.0,1.0,0.3125,0.15663245839461354,0.8433675416053863,0.0,0.15663245839461354,0.31108867661922385,0.17281957660509034,0.7259791436591748,0.6875,0.6875,0.6875,0.3125,35.0,0.3125,exact,128.11875,24.1,neural,404.0,1616.0,16160.0,nan,0.0,0.0,nan,,,,,,,,,,,,,,,
reviewer1_transition_dynamics_shift_smoke,reviewer1_transition_dynamics_shift_smoke,configs/reviewer1_remaining/smoke/transition_dynamics_shift.yaml,Reviewer1-transition-dynamics-shift-smoke,Reviewer1TransitionDynamicsShift-v0,Reviewer1TransitionDynamicsShift-v0,native_gymnasium_observation,relative_reliability_fuzzy,11000,train,2396,,,2396,19,0.98,2,1.0,2396,118,0.0006677657436862858,0.01568901352584362,0,0,3,4.413504700001795,4.413504700001795,0.0,4.413504700001795,0.0,b240632d76bfe6919b44416ecd12239cbcb93cea,1.8.0,cde18190c3c8d2f5e97799ac5572ab19fe5ea4929fd0422da19b385b1d617f1e,True,3.14.3,2.11.0+cpu,2.4.3,1.3.0,3.1.0,not-installed,not-installed,0.1628908406415348,0.0,0.09524453,0.09768176436630183,405.0,0.0,0.0,0.0,0.0,1.0,0.0,0.05,0.95,0.0,0.05,0.0,0.048770575499285984,0.7880506031929569,1.0,1.0,1.0,0.0,0.0,0.0,exact,23.799999999999997,23.799999999999997,neural,405.0,1620.0,16200.0,nan,0.0,0.0,nan,,,,,,,,,,,,,,,
reviewer1_transition_dynamics_shift_smoke,reviewer1_transition_dynamics_shift_smoke,configs/reviewer1_remaining/smoke/transition_dynamics_shift.yaml,Reviewer1-transition-dynamics-shift-smoke,Reviewer1TransitionDynamicsShift-v0,Reviewer1TransitionDynamicsShift-v0,native_gymnasium_observation,relative_reliability_fuzzy,11000,train,2556,,,2556,20,-1.9100000000000015,160,0.0,2556,128,0.0007373909428451952,0.01568901352584362,0,0,3,4.664689899997029,4.664689899997029,0.0,4.664689899997029,0.0,b240632d76bfe6919b44416ecd12239cbcb93cea,1.8.0,cde18190c3c8d2f5e97799ac5572ab19fe5ea4929fd0422da19b385b1d617f1e,True,3.14.3,2.11.0+cpu,2.4.3,1.3.0,3.1.0,not-installed,not-installed,0.16854511932058303,0.0,0.00014159486,0.00019059912765337513,423.0,1.0,0.0,0.0,0.0,0.0,0.025,0.22488868521509292,0.775111314784907,0.0,0.22488868521509292,0.24040128489007506,0.24948082658920628,0.73157457841197,0.975,0.975,0.975,0.025,4.0,0.025,exact,120.54625000000001,23.1,neural,423.0,1692.0,16920.0,nan,0.0,0.0,nan,,,,,,,,,,,,,,,
reviewer1_transition_dynamics_shift_smoke,reviewer1_transition_dynamics_shift_smoke,configs/reviewer1_remaining/smoke/transition_dynamics_shift.yaml,Reviewer1-transition-dynamics-shift-smoke,Reviewer1TransitionDynamicsShift-v0,Reviewer1TransitionDynamicsShift-v0,native_gymnasium_observation,relative_reliability_fuzzy,11000,train,2559,,,2559,21,0.98,3,1.0,2559,128,0.0007373909428451952,0.01568901352584362,0,0,3,4.668601600002148,4.668601600002148,0.0,4.668601600002148,0.0,b240632d76bfe6919b44416ecd12239cbcb93cea,1.8.0,cde18190c3c8d2f5e97799ac5572ab19fe5ea4929fd0422da19b385b1d617f1e,True,3.14.3,2.11.0+cpu,2.4.3,1.3.0,3.1.0,not-installed,not-installed,0.16854511932058303,0.0,0.03380313,0.049686641071372814,423.0,0.0,0.0,0.0,0.0,1.0,0.0,0.3807408142516883,0.6192591857483117,0.0,0.3807408142516883,0.0,0.42305018961951335,0.9966442878137153,1.0,1.0,1.0,0.0,0.0,0.0,exact,19.866666666666667,17.9,neural,423.0,1692.0,16920.0,nan,0.0,0.0,nan,,,,,,,,,,,,,,,
reviewer1_transition_dynamics_shift_smoke,reviewer1_transition_dynamics_shift_smoke,configs/reviewer1_remaining/smoke/transition_dynamics_shift.yaml,Reviewer1-transition-dynamics-shift-smoke,Reviewer1TransitionDynamicsShift-v0,Reviewer1TransitionDynamicsShift-v0,native_gymnasium_observation,relative_reliability_fuzzy,11000,train,2620,,,2620,22,0.2999999999999996,61,1.0,2620,132,0.0007170088800359571,0.01568901352584362,0,0,3,4.812307100000908,4.812307100000908,0.0,4.812307100000908,0.0,b240632d76bfe6919b44416ecd12239cbcb93cea,1.8.0,cde18190c3c8d2f5e97799ac5572ab19fe5ea4929fd0422da19b385b1d617f1e,True,3.14.3,2.11.0+cpu,2.4.3,1.3.0,3.1.0,not-installed,not-installed,0.16451417518437672,0.0,0.05158899,0.048313127056279104,447.0,0.0,0.0,0.0,0.0,1.0,0.4426229508196721,0.09338903084146423,0.9066109691585358,0.0,0.09338903084146423,0.1635054641316377,0.10341340177190061,0.5135653621414974,0.5573770491803278,0.5573770491803278,0.5573770491803278,0.4426229508196721,27.0,0.4426229508196721,exact,230.39344262295086,30.1,neural,447.0,1788.0,17880.0,nan,0.0,0.0,nan,,,,,,,,,,,,,,,
reviewer1_transition_dynamics_shift_smoke,reviewer1_transition_dynamics_shift_smoke,configs/reviewer1_remaining/smoke/transition_dynamics_shift.yaml,Reviewer1-transition-dynamics-shift-smoke,Reviewer1TransitionDynamicsShift-v0,Reviewer1TransitionDynamicsShift-v0,native_gymnasium_observation,relative_reliability_fuzzy,11000,train,2644,,,2644,23,0.7599999999999999,24,1.0,2644,134,0.0007079209246051084,0.01568901352584362,0,0,3,4.85183490000054,4.85183490000054,0.0,4.85183490000054,0.0,b240632d76bfe6919b44416ecd12239cbcb93cea,1.8.0,cde18190c3c8d2f5e97799ac5572ab19fe5ea4929fd0422da19b385b1d617f1e,True,3.14.3,2.11.0+cpu,2.4.3,1.3.0,3.1.0,not-installed,not-installed,0.16322022970206737,0.0,0.065129764,0.06374893342571523,458.0,0.0,0.0,0.0,0.0,1.0,0.0,0.05000000000000001,0.9499999999999998,0.0,0.05000000000000001,0.0,0.048770575499285984,0.7400156794708085,1.0,1.0,1.0,0.0,0.0,0.0,exact,102.01666666666665,24.049999999999997,neural,458.0,1832.0,18320.0,nan,0.0,0.0,nan,,,,,,,,,,,,,,,
reviewer1_transition_dynamics_shift_smoke,reviewer1_transition_dynamics_shift_smoke,configs/reviewer1_remaining/smoke/transition_dynamics_shift.yaml,Reviewer1-transition-dynamics-shift-smoke,Reviewer1TransitionDynamicsShift-v0,Reviewer1TransitionDynamicsShift-v0,native_gymnasium_observation,relative_reliability_fuzzy,11000,train,2804,,,2804,24,-1.9600000000000015,160,0.0,2804,144,0.0006619917412662188,0.01568901352584362,0,0,3,5.141267799997877,5.141267799997877,0.0,5.141267799997877,0.0,b240632d76bfe6919b44416ecd12239cbcb93cea,1.8.0,cde18190c3c8d2f5e97799ac5572ab19fe5ea4929fd0422da19b385b1d617f1e,True,3.14.3,2.11.0+cpu,2.4.3,1.3.0,3.1.0,not-installed,not-installed,0.1658176913560085,0.0,0.00011619751,0.00010566598390760395,475.0,1.0,0.0,0.0,0.0,0.0,0.0,0.16620051633896393,0.833799483661036,0.0,0.16620051633896393,0.21577033164046783,0.1871994604869798,0.5798960505686033,1.0,1.0,1.0,0.0,0.0,0.0,exact,111.62562500000001,25.4,neural,475.0,1900.0,19000.0,nan,0.0,0.0,nan,,,,,,,,,,,,,,,
reviewer1_transition_dynamics_shift_smoke,reviewer1_transition_dynamics_shift_smoke,configs/reviewer1_remaining/smoke/transition_dynamics_shift.yaml,Reviewer1-transition-dynamics-shift-smoke,Reviewer1TransitionDynamicsShift-v0,Reviewer1TransitionDynamicsShift-v0,native_gymnasium_observation,relative_reliability_fuzzy,11000,train,2964,,,2964,25,-1.9300000000000015,160,0.0,2964,154,0.0006215298151257773,0.01568901352584362,0,0,3,5.562765700000455,5.562765700000455,0.0,5.562765700000455,0.0,b240632d76bfe6919b44416ecd12239cbcb93cea,1.8.0,cde18190c3c8d2f5e97799ac5572ab19fe5ea4929fd0422da19b385b1d617f1e,True,3.14.3,2.11.0+cpu,2.4.3,1.3.0,3.1.0,not-installed,not-installed,0.1830762997851732,0.0,8.9111105e-05,4.346551079434307e-05,476.0,1.0,0.0,0.0,0.0,0.0,0.03125,0.29625050488233634,0.7037494951176637,0.0,0.29625050488233634,0.25966203449966385,0.34851462045355064,0.6758264854453117,0.96875,0.96875,0.96875,0.03125,5.0,0.03125,exact,188.1,28.55,neural,476.0,1904.0,19040.0,nan,0.0,0.0,nan,,,,,,,,,,,,,,,
reviewer1_transition_dynamics_shift_smoke,reviewer1_transition_dynamics_shift_smoke,configs/reviewer1_remaining/smoke/transition_dynamics_shift.yaml,Reviewer1-transition-dynamics-shift-smoke,Reviewer1TransitionDynamicsShift-v0,Reviewer1TransitionDynamicsShift-v0,native_gymnasium_observation,relative_reliability_fuzzy,11000,train,3124,,,3124,26,-2.0300000000000007,160,0.0,3124,164,0.0007742957351826878,0.01575375720858574,0,0,3,5.9190022999973735,5.9190022999973735,0.0,5.9190022999973735,0.0,b240632d76bfe6919b44416ecd12239cbcb93cea,1.8.0,cde18190c3c8d2f5e97799ac5572ab19fe5ea4929fd0422da19b385b1d617f1e,True,3.14.3,2.11.0+cpu,2.4.3,1.3.0,3.1.0,not-installed,not-installed,0.19454995160537716,0.0,9.686643e-05,0.00023626859740096781,494.0,1.0,0.0,0.0,0.0,0.0,0.24375,0.25850281484101023,0.7414971851589898,0.0,0.25850281484101023,0.42003330309116843,0.33509017731652724,0.6891212017191203,0.75625,0.75625,0.75625,0.24375,39.0,0.24375,exact,154.988125,26.5,neural,494.0,1976.0,19760.0,nan,0.0,0.0,nan,,,,,,,,,,,,,,,
reviewer1_transition_dynamics_shift_smoke,reviewer1_transition_dynamics_shift_smoke,configs/reviewer1_remaining/smoke/transition_dynamics_shift.yaml,Reviewer1-transition-dynamics-shift-smoke,Reviewer1TransitionDynamicsShift-v0,Reviewer1TransitionDynamicsShift-v0,native_gymnasium_observation,relative_reliability_fuzzy,11000,train,3284,,,3284,27,-1.9800000000000015,160,0.0,3284,174,0.0009079393494175747,0.01575375720858574,0,0,3,6.268064500000037,6.268064500000037,0.0,6.268064500000037,0.0,b240632d76bfe6919b44416ecd12239cbcb93cea,1.8.0,cde18190c3c8d2f5e97799ac5572ab19fe5ea4929fd0422da19b385b1d617f1e,True,3.14.3,2.11.0+cpu,2.4.3,1.3.0,3.1.0,not-installed,not-installed,0.19518133532313642,0.0,0.00012496341,0.00011229133362690083,511.0,1.0,0.0,0.0,0.0,0.0,0.09375,0.17562842632425762,0.8243715736757423,0.0,0.17562842632425762,0.2158002849756736,0.19381658975185861,0.6694499492314911,0.90625,0.90625,0.90625,0.09375,15.0,0.09375,exact,129.44375,27.45,neural,511.0,2044.0,20440.0,nan,0.0,0.0,nan,,,,,,,,,,,,,,,
reviewer1_transition_dynamics_shift_smoke,reviewer1_transition_dynamics_shift_smoke,configs/reviewer1_remaining/smoke/transition_dynamics_shift.yaml,Reviewer1-transition-dynamics-shift-smoke,Reviewer1TransitionDynamicsShift-v0,Reviewer1TransitionDynamicsShift-v0,native_gymnasium_observation,relative_reliability_fuzzy,11000,train,3444,,,3444,28,-1.9500000000000015,160,0.0,3444,184,0.0009335419814187449,0.01575375720858574,0,0,3,6.677187799999956,6.677187799999956,0.0,6.677187799999956,0.0,b240632d76bfe6919b44416ecd12239cbcb93cea,1.8.0,cde18190c3c8d2f5e97799ac5572ab19fe5ea4929fd0422da19b385b1d617f1e,True,3.14.3,2.11.0+cpu,2.4.3,1.3.0,3.1.0,not-installed,not-installed,0.1863548502796604,0.0,0.000106952335,0.0004984710324747461,538.0,1.0,0.0,0.0,0.0,0.0,0.2,0.12277707000847315,0.8772229299915267,0.0,0.12277707000847315,0.08481158364399376,0.1356094008539717,0.6217423147518228,0.8,0.8,0.8,0.2,32.0,0.2,exact,179.765625,29.95,neural,538.0,2152.0,21520.0,nan,0.0,0.0,nan,,,,,,,,,,,,,,,
reviewer1_transition_dynamics_shift_smoke,reviewer1_transition_dynamics_shift_smoke,configs/reviewer1_remaining/smoke/transition_dynamics_shift.yaml,Reviewer1-transition-dynamics-shift-smoke,Reviewer1TransitionDynamicsShift-v0,Reviewer1TransitionDynamicsShift-v0,native_gymnasium_observation,relative_reliability_fuzzy,11000,train,3604,,,3604,29,-2.0200000000000014,160,0.0,3604,194,0.0008898834676636904,0.01575375720858574,0,0,3,6.954613800000516,6.954613800000516,0.0,6.954613800000516,0.0,b240632d76bfe6919b44416ecd12239cbcb93cea,1.8.0,cde18190c3c8d2f5e97799ac5572ab19fe5ea4929fd0422da19b385b1d617f1e,True,3.14.3,2.11.0+cpu,2.4.3,1.3.0,3.1.0,not-installed,not-installed,0.18765054486827645,0.0,9.8298005e-05,0.00048671582394599816,556.0,1.0,0.0,0.0,0.0,0.0,0.175,0.19891661580306125,0.8010833841969388,0.0,0.19891661580306125,0.21108813360859435,0.2212734951462752,0.5523247114989667,0.825,0.825,0.825,0.175,28.0,0.175,exact,139.11124999999998,25.25,neural,556.0,2224.0,22240.0,nan,0.0,0.0,nan,,,,,,,,,,,,,,,
reviewer1_transition_dynamics_shift_smoke,reviewer1_transition_dynamics_shift_smoke,configs/reviewer1_remaining/smoke/transition_dynamics_shift.yaml,Reviewer1-transition-dynamics-shift-smoke,Reviewer1TransitionDynamicsShift-v0,Reviewer1TransitionDynamicsShift-v0,native_gymnasium_observation,relative_reliability_fuzzy,11000,train,3677,,,3677,30,0.13999999999999935,73,1.0,3677,198,0.0008738427139803088,0.01575375720858574,0,0,3,7.07171709999966,7.07171709999966,0.0,7.07171709999966,0.0,b240632d76bfe6919b44416ecd12239cbcb93cea,1.8.0,cde18190c3c8d2f5e97799ac5572ab19fe5ea4929fd0422da19b385b1d617f1e,True,3.14.3,2.11.0+cpu,2.4.3,1.3.0,3.1.0,not-installed,not-installed,0.18477083944194184,0.0,0.050131194,0.05043648942117698,579.0,0.0,0.0,0.0,0.0,1.0,0.2602739726027397,0.1932707416306195,0.8067292583693806,0.0,0.1932707416306195,0.4541988374638571,0.21991891959669504,0.8277742152826008,0.7397260273972602,0.7397260273972602,0.7397260273972602,0.2602739726027397,19.0,0.2602739726027397,exact,136.6821917808219,26.4,neural,579.0,2316.0,23160.0,nan,0.0,0.0,nan,,,,,,,,,,,,,,,
reviewer1_transition_dynamics_shift_smoke,reviewer1_transition_dynamics_shift_smoke,configs/reviewer1_remaining/smoke/transition_dynamics_shift.yaml,Reviewer1-transition-dynamics-shift-smoke,Reviewer1TransitionDynamicsShift-v0,Reviewer1TransitionDynamicsShift-v0,native_gymnasium_observation,relative_reliability_fuzzy,11000,train,3837,,,3837,31,-2.1200000000000006,160,0.0,3837,208,0.0009784219973705778,0.01575375720858574,0,0,3,7.428420999996888,7.428420999996888,0.0,7.428420999996888,0.0,b240632d76bfe6919b44416ecd12239cbcb93cea,1.8.0,cde18190c3c8d2f5e97799ac5572ab19fe5ea4929fd0422da19b385b1d617f1e,True,3.14.3,2.11.0+cpu,2.4.3,1.3.0,3.1.0,not-installed,not-installed,0.18654823182426716,0.0,0.00016253424,0.0004997102988788308,599.0,1.0,0.0,0.0,0.0,0.0,0.075,0.20995628327936577,0.7900437167206341,0.0,0.20995628327936577,0.2951007583062163,0.24819976569340257,0.5373487476849783,0.925,0.925,0.925,0.075,12.0,0.075,exact,239.85,29.5,neural,599.0,2396.0,23960.0,nan,0.0,0.0,nan,,,,,,,,,,,,,,,
reviewer1_transition_dynamics_shift_smoke,reviewer1_transition_dynamics_shift_smoke,configs/reviewer1_remaining/smoke/transition_dynamics_shift.yaml,Reviewer1-transition-dynamics-shift-smoke,Reviewer1TransitionDynamicsShift-v0,Reviewer1TransitionDynamicsShift-v0,native_gymnasium_observation,relative_reliability_fuzzy,11000,train,3997,,,3997,32,-1.9500000000000015,160,0.0,3997,218,0.0009378675247450175,0.01575375720858574,0,0,3,7.713294200002565,7.713294200002565,0.0,7.713294200002565,0.0,b240632d76bfe6919b44416ecd12239cbcb93cea,1.8.0,cde18190c3c8d2f5e97799ac5572ab19fe5ea4929fd0422da19b385b1d617f1e,True,3.14.3,2.11.0+cpu,2.4.3,1.3.0,3.1.0,not-installed,not-installed,0.1826052399310235,0.0,7.9562284e-05,0.0006735578194076838,629.0,1.0,0.0,0.0,0.0,0.0,0.45,0.10664941279980775,0.8933505872001923,0.0,0.10664941279980775,0.16314993720388876,0.12071022551338348,0.581467370936328,0.55,0.55,0.55,0.45,72.0,0.45,exact,221.00812499999998,27.5,neural,629.0,2516.0,25160.0,nan,0.0,0.0,nan,,,,,,,,,,,,,,,
reviewer1_transition_dynamics_shift_smoke,reviewer1_transition_dynamics_shift_smoke,configs/reviewer1_remaining/smoke/transition_dynamics_shift.yaml,Reviewer1-transition-dynamics-shift-smoke,Reviewer1TransitionDynamicsShift-v0,Reviewer1TransitionDynamicsShift-v0,native_gymnasium_observation,relative_reliability_fuzzy,11000,train,4157,,,4157,33,-1.9700000000000015,160,0.0,4157,228,0.0008992972283554161,0.01575375720858574,0,0,3,8.03755639999872,8.03755639999872,0.0,8.03755639999872,0.0,b240632d76bfe6919b44416ecd12239cbcb93cea,1.8.0,cde18190c3c8d2f5e97799ac5572ab19fe5ea4929fd0422da19b385b1d617f1e,True,3.14.3,2.11.0+cpu,2.4.3,1.3.0,3.1.0,not-installed,not-installed,0.17975653370058484,0.0,8.630403e-05,4.922009413640618e-05,663.0,1.0,0.0,0.0,0.0,0.0,0.36875,0.11173196702679318,0.8882680329732068,0.0,0.11173196702679318,0.17212344609279268,0.12279415198423638,0.7894375571331774,0.63125,0.63125,0.63125,0.36875,59.0,0.36875,exact,152.965,24.950000000000003,neural,663.0,2652.0,26520.0,nan,0.0,0.0,nan,,,,,,,,,,,,,,,
reviewer1_transition_dynamics_shift_smoke,reviewer1_transition_dynamics_shift_smoke,configs/reviewer1_remaining/smoke/transition_dynamics_shift.yaml,Reviewer1-transition-dynamics-shift-smoke,Reviewer1TransitionDynamicsShift-v0,Reviewer1TransitionDynamicsShift-v0,native_gymnasium_observation,relative_reliability_fuzzy,11000,train,4317,,,4317,34,-0.9500000000000015,160,1.0,4317,238,0.0009330590147183408,0.01633593626320362,0,0,3,8.421989499998745,8.421989499998745,0.0,8.421989499998745,0.0,b240632d76bfe6919b44416ecd12239cbcb93cea,1.8.0,cde18190c3c8d2f5e97799ac5572ab19fe5ea4929fd0422da19b385b1d617f1e,True,3.14.3,2.11.0+cpu,2.4.3,1.3.0,3.1.0,not-installed,not-installed,0.17588468766628404,0.0,0.050122846,0.04855799698050824,694.0,0.0,0.0,0.0,0.0,1.0,0.28125,0.1507066659979404,0.8492933340020595,0.0,0.1507066659979404,0.233285520217998,0.17748717352630142,0.7316242279593067,0.71875,0.71875,0.71875,0.28125,45.0,0.28125,exact,254.83125,31.75,neural,694.0,2776.0,27760.0,nan,0.0,0.0,nan,,,,,,,,,,,,,,,
reviewer1_transition_dynamics_shift_smoke,reviewer1_transition_dynamics_shift_smoke,configs/reviewer1_remaining/smoke/transition_dynamics_shift.yaml,Reviewer1-transition-dynamics-shift-smoke,Reviewer1TransitionDynamicsShift-v0,Reviewer1TransitionDynamicsShift-v0,native_gymnasium_observation,relative_reliability_fuzzy,11000,train,4477,,,4477,35,-1.9800000000000015,160,0.0,4477,248,0.0008975642396850867,0.01633593626320362,0,0,3,8.731371200003196,8.731371200003196,0.0,8.731371200003196,0.0,b240632d76bfe6919b44416ecd12239cbcb93cea,1.8.0,cde18190c3c8d2f5e97799ac5572ab19fe5ea4929fd0422da19b385b1d617f1e,True,3.14.3,2.11.0+cpu,2.4.3,1.3.0,3.1.0,not-installed,not-installed,0.17351841758702563,0.0,0.000133517,0.00015433331032083298,736.0,1.0,0.0,0.0,0.0,0.0,0.175,0.12004867437442487,0.879951325625575,0.0,0.12004867437442487,0.12212310826766336,0.13076166897019328,0.7209423968245343,0.825,0.825,0.825,0.175,28.0,0.175,exact,201.0675,25.5,neural,736.0,2944.0,29440.0,nan,0.0,0.0,nan,,,,,,,,,,,,,,,
reviewer1_transition_dynamics_shift_smoke,reviewer1_transition_dynamics_shift_smoke,configs/reviewer1_remaining/smoke/transition_dynamics_shift.yaml,Reviewer1-transition-dynamics-shift-smoke,Reviewer1TransitionDynamicsShift-v0,Reviewer1TransitionDynamicsShift-v0,native_gymnasium_observation,relative_reliability_fuzzy,11000,train,4496,,,4496,36,0.78,19,1.0,4496,250,0.0008908018419751897,0.01633593626320362,0,0,3,8.759545900000376,8.759545900000376,0.0,8.759545900000376,0.0,b240632d76bfe6919b44416ecd12239cbcb93cea,1.8.0,cde18190c3c8d2f5e97799ac5572ab19fe5ea4929fd0422da19b385b1d617f1e,True,3.14.3,2.11.0+cpu,2.4.3,1.3.0,3.1.0,not-installed,not-installed,0.17450870527898185,0.0,0.050128087,0.049072546878113,739.0,0.0,0.0,0.0,0.0,1.0,0.0,0.39660122241371143,0.6033987775862885,0.0,0.39660122241371143,0.024089773711415963,0.4406635866668179,0.46980807169862876,1.0,1.0,1.0,0.0,0.0,0.0,exact,100.43684210526317,22.3,neural,739.0,2956.0,29560.0,nan,0.0,0.0,nan,,,,,,,,,,,,,,,
reviewer1_transition_dynamics_shift_smoke,reviewer1_transition_dynamics_shift_smoke,configs/reviewer1_remaining/smoke/transition_dynamics_shift.yaml,Reviewer1-transition-dynamics-shift-smoke,Reviewer1TransitionDynamicsShift-v0,Reviewer1TransitionDynamicsShift-v0,native_gymnasium_observation,relative_reliability_fuzzy,11000,train,4497,,,4497,37,1.0,1,1.0,4497,250,0.0008908018419751897,0.01633593626320362,0,0,3,8.761857799996505,8.761857799996505,0.0,8.761857799996505,0.0,b240632d76bfe6919b44416ecd12239cbcb93cea,1.8.0,cde18190c3c8d2f5e97799ac5572ab19fe5ea4929fd0422da19b385b1d617f1e,True,3.14.3,2.11.0+cpu,2.4.3,1.3.0,3.1.0,not-installed,not-installed,0.17450870527898185,0.0,0.09762168,0.09865162640268185,739.0,0.0,0.0,0.0,0.0,1.0,0.0,0.4301643643559172,0.5698356356440828,0.0,0.4301643643559172,0.0,0.47795422323898396,0.40243496667997836,1.0,1.0,1.0,0.0,0.0,0.0,exact,15.1,15.1,neural,739.0,2956.0,29560.0,nan,0.0,0.0,nan,,,,,,,,,,,,,,,
reviewer1_transition_dynamics_shift_smoke,reviewer1_transition_dynamics_shift_smoke,configs/reviewer1_remaining/smoke/transition_dynamics_shift.yaml,Reviewer1-transition-dynamics-shift-smoke,Reviewer1TransitionDynamicsShift-v0,Reviewer1TransitionDynamicsShift-v0,native_gymnasium_observation,relative_reliability_fuzzy,11000,train,4657,,,4657,38,-2.020000000000001,160,0.0,4657,260,0.0009190491231912837,0.01633593626320362,0,0,3,9.1035555999988,9.1035555999988,0.0,9.1035555999988,0.0,b240632d76bfe6919b44416ecd12239cbcb93cea,1.8.0,cde18190c3c8d2f5e97799ac5572ab19fe5ea4929fd0422da19b385b1d617f1e,True,3.14.3,2.11.0+cpu,2.4.3,1.3.0,3.1.0,not-installed,not-installed,0.1735849438782472,0.0,0.00015725927,0.00017411938667206495,766.0,1.0,0.0,0.0,0.0,0.0,0.15,0.21640578376534272,0.7835942162346574,0.0,0.21640578376534272,0.27512012272329367,0.2443241250394282,0.5624017646946434,0.85,0.85,0.85,0.15,24.0,0.15,exact,193.590625,26.5,neural,766.0,3064.0,30640.0,nan,0.0,0.0,nan,,,,,,,,,,,,,,,
reviewer1_transition_dynamics_shift_smoke,reviewer1_transition_dynamics_shift_smoke,configs/reviewer1_remaining/smoke/transition_dynamics_shift.yaml,Reviewer1-transition-dynamics-shift-smoke,Reviewer1TransitionDynamicsShift-v0,Reviewer1TransitionDynamicsShift-v0,native_gymnasium_observation,relative_reliability_fuzzy,11000,train,4791,,,4791,39,-0.6300000000000012,134,1.0,4791,268,0.0009505086929710893,0.01633593626320362,0,0,3,9.288388799999666,9.288388799999666,0.0,9.288388799999666,0.0,b240632d76bfe6919b44416ecd12239cbcb93cea,1.8.0,cde18190c3c8d2f5e97799ac5572ab19fe5ea4929fd0422da19b385b1d617f1e,True,3.14.3,2.11.0+cpu,2.4.3,1.3.0,3.1.0,not-installed,not-installed,0.17034835754982425,0.0,0.050089568,0.05047351444923514,788.0,0.0,0.0,0.0,0.0,1.0,0.31343283582089554,0.10930491317071249,0.8906950868292876,0.0,0.10930491317071249,0.1631393963631888,0.12053964455189173,0.6019132688207863,0.6865671641791045,0.6865671641791045,0.6865671641791045,0.31343283582089554,42.0,0.31343283582089554,exact,190.91716417910447,23.9,neural,788.0,3152.0,31520.0,nan,0.0,0.0,nan,,,,,,,,,,,,,,,
reviewer1_transition_dynamics_shift_smoke,reviewer1_transition_dynamics_shift_smoke,configs/reviewer1_remaining/smoke/transition_dynamics_shift.yaml,Reviewer1-transition-dynamics-shift-smoke,Reviewer1TransitionDynamicsShift-v0,Reviewer1TransitionDynamicsShift-v0,native_gymnasium_observation,relative_reliability_fuzzy,11000,train,4946,,,4946,40,-0.9000000000000015,155,1.0,4946,278,0.00102905067933207,0.01633593626320362,0,0,3,9.643886799996835,9.643886799996835,0.0,9.643886799996835,0.0,b240632d76bfe6919b44416ecd12239cbcb93cea,1.8.0,cde18190c3c8d2f5e97799ac5572ab19fe5ea4929fd0422da19b385b1d617f1e,True,3.14.3,2.11.0+cpu,2.4.3,1.3.0,3.1.0,not-installed,not-installed,0.16703021820404232,0.0,0.050177168,0.05136662426889859,826.0,0.0,0.0,0.0,0.0,1.0,0.2903225806451613,0.10857332122103647,0.8914266787789635,0.0,0.10857332122103647,0.1253650675917873,0.12011094100173687,0.7241512159390043,0.7096774193548387,0.7096774193548387,0.7096774193548387,0.2903225806451613,45.0,0.2903225806451613,exact,157.2232258064516,25.7,neural,826.0,3304.0,33040.0,nan,0.0,0.0,nan,,,,,,,,,,,,,,,
reviewer1_transition_dynamics_shift_smoke,reviewer1_transition_dynamics_shift_smoke,configs/reviewer1_remaining/smoke/transition_dynamics_shift.yaml,Reviewer1-transition-dynamics-shift-smoke,Reviewer1TransitionDynamicsShift-v0,Reviewer1TransitionDynamicsShift-v0,native_gymnasium_observation,relative_reliability_fuzzy,11000,train,5106,,,5106,41,-1.9400000000000015,160,0.0,5106,288,0.0010471832421217186,0.01633593626320362,0,0,3,9.893919100002677,9.893919100002677,0.0,9.893919100002677,0.0,b240632d76bfe6919b44416ecd12239cbcb93cea,1.8.0,cde18190c3c8d2f5e97799ac5572ab19fe5ea4929fd0422da19b385b1d617f1e,True,3.14.3,2.11.0+cpu,2.4.3,1.3.0,3.1.0,not-installed,not-installed,0.16441707179345078,0.0,0.00013191895,0.00018726099856544064,857.0,1.0,0.0,0.0,0.0,0.0,0.1875,0.1374089846426097,0.8625910153573904,0.0,0.1374089846426097,0.18326606484683372,0.15205757711002305,0.6309631379320917,0.8125,0.8125,0.8125,0.1875,30.0,0.1875,exact,194.27562500000005,24.5,neural,857.0,3428.0,34280.0,nan,0.0,0.0,nan,,,,,,,,,,,,,,,
reviewer1_transition_dynamics_shift_smoke,reviewer1_transition_dynamics_shift_smoke,configs/reviewer1_remaining/smoke/transition_dynamics_shift.yaml,Reviewer1-transition-dynamics-shift-smoke,Reviewer1TransitionDynamicsShift-v0,Reviewer1TransitionDynamicsShift-v0,native_gymnasium_observation,relative_reliability_fuzzy,11000,train,5135,,,5135,42,0.5999999999999999,29,1.0,5135,289,0.001043795782619637,0.01633593626320362,0,0,3,9.929296900001646,9.929296900001646,0.0,9.929296900001646,0.0,b240632d76bfe6919b44416ecd12239cbcb93cea,1.8.0,cde18190c3c8d2f5e97799ac5572ab19fe5ea4929fd0422da19b385b1d617f1e,True,3.14.3,2.11.0+cpu,2.4.3,1.3.0,3.1.0,not-installed,not-installed,0.16428817087290565,0.0,0.05049377,0.044589458362202454,864.0,0.0,0.0,0.0,0.0,1.0,0.3793103448275862,0.1263097000337961,0.8736902999662041,0.0,0.1263097000337961,0.1631451309445859,0.13987193817388946,0.6566922745585302,0.6206896551724138,0.6206896551724138,0.6206896551724138,0.3793103448275862,11.0,0.3793103448275862,exact,327.3,22.4,neural,864.0,3456.0,34560.0,nan,0.0,0.0,nan,,,,,,,,,,,,,,,
reviewer1_transition_dynamics_shift_smoke,reviewer1_transition_dynamics_shift_smoke,configs/reviewer1_remaining/smoke/transition_dynamics_shift.yaml,Reviewer1-transition-dynamics-shift-smoke,Reviewer1TransitionDynamicsShift-v0,Reviewer1TransitionDynamicsShift-v0,native_gymnasium_observation,relative_reliability_fuzzy,11000,train,5295,,,5295,43,-2.1000000000000014,160,0.0,5295,299,0.001102242173730829,0.01633593626320362,0,0,3,10.301203299997724,10.301203299997724,0.0,10.301203299997724,0.0,b240632d76bfe6919b44416ecd12239cbcb93cea,1.8.0,cde18190c3c8d2f5e97799ac5572ab19fe5ea4929fd0422da19b385b1d617f1e,True,3.14.3,2.11.0+cpu,2.4.3,1.3.0,3.1.0,not-installed,not-installed,0.16583821092748513,0.0,0.000120631055,0.0005622724913765081,896.0,1.0,0.0,0.0,0.0,0.0,0.0875,0.14631333222622742,0.8536866677737726,0.0,0.14631333222622742,0.183163766552853,0.16276697235972032,0.6206294648086814,0.9125,0.9125,0.9125,0.0875,14.0,0.0875,exact,217.6175,27.299999999999997,neural,896.0,3584.0,35840.0,nan,0.0,0.0,nan,,,,,,,,,,,,,,,
reviewer1_transition_dynamics_shift_smoke,reviewer1_transition_dynamics_shift_smoke,configs/reviewer1_remaining/smoke/transition_dynamics_shift.yaml,Reviewer1-transition-dynamics-shift-smoke,Reviewer1TransitionDynamicsShift-v0,Reviewer1TransitionDynamicsShift-v0,native_gymnasium_observation,relative_reliability_fuzzy,11000,train,5455,,,5455,44,-2.160000000000001,160,0.0,5455,309,0.0011091544752677093,0.01633593626320362,0,0,3,10.593958899997233,10.593958899997233,0.0,10.593958899997233,0.0,b240632d76bfe6919b44416ecd12239cbcb93cea,1.8.0,cde18190c3c8d2f5e97799ac5572ab19fe5ea4929fd0422da19b385b1d617f1e,True,3.14.3,2.11.0+cpu,2.4.3,1.3.0,3.1.0,not-installed,not-installed,0.16955707251582589,0.0,9.573766e-05,0.0008540372320941421,913.0,1.0,0.0,0.0,0.0,0.0,0.0625,0.24567004558116237,0.7543299544188375,0.0,0.24567004558116237,0.2617800044036881,0.27649205614893085,0.6805149975421513,0.9375,0.9375,0.9375,0.0625,10.0,0.0625,exact,230.643125,26.4,neural,913.0,3652.0,36520.0,nan,0.0,0.0,nan,,,,,,,,,,,,,,,
reviewer1_transition_dynamics_shift_smoke,reviewer1_transition_dynamics_shift_smoke,configs/reviewer1_remaining/smoke/transition_dynamics_shift.yaml,Reviewer1-transition-dynamics-shift-smoke,Reviewer1TransitionDynamicsShift-v0,Reviewer1TransitionDynamicsShift-v0,native_gymnasium_observation,relative_reliability_fuzzy,11000,train,5490,,,5490,45,0.5499999999999998,35,1.0,5490,312,0.0011454130326980633,0.01633593626320362,0,0,3,10.652393999997003,10.652393999997003,0.0,10.652393999997003,0.0,b240632d76bfe6919b44416ecd12239cbcb93cea,1.8.0,cde18190c3c8d2f5e97799ac5572ab19fe5ea4929fd0422da19b385b1d617f1e,True,3.14.3,2.11.0+cpu,2.4.3,1.3.0,3.1.0,not-installed,not-installed,0.1675481646530679,0.0,0.05014715,0.04561123538834362,924.0,0.0,0.0,0.0,0.0,1.0,0.37142857142857144,0.05194143037359353,0.9480585696264063,0.0,0.05194143037359353,0.085704558893922,0.057100863583586535,0.4344031216942237,0.6285714285714286,0.6285714285714286,0.6285714285714286,0.37142857142857144,13.0,0.37142857142857144,exact,255.67714285714288,26.4,neural,924.0,3696.0,36960.0,nan,0.0,0.0,nan,,,,,,,,,,,,,,,
reviewer1_transition_dynamics_shift_smoke,reviewer1_transition_dynamics_shift_smoke,configs/reviewer1_remaining/smoke/transition_dynamics_shift.yaml,Reviewer1-transition-dynamics-shift-smoke,Reviewer1TransitionDynamicsShift-v0,Reviewer1TransitionDynamicsShift-v0,native_gymnasium_observation,relative_reliability_fuzzy,11000,train,5562,,,5562,46,0.11999999999999944,72,1.0,5562,316,0.0011764209122783185,0.01633593626320362,0,0,3,10.775140899997496,10.775140899997496,0.0,10.775140899997496,0.0,b240632d76bfe6919b44416ecd12239cbcb93cea,1.8.0,cde18190c3c8d2f5e97799ac5572ab19fe5ea4929fd0422da19b385b1d617f1e,True,3.14.3,2.11.0+cpu,2.4.3,1.3.0,3.1.0,not-installed,not-installed,0.16518253405909575,0.0,0.051387914,0.054912228038125614,948.0,0.0,0.0,0.0,0.0,1.0,0.25,0.06542186869836672,0.9345781313016333,0.0,0.06542186869836672,0.048129641883451355,0.07139544261661139,0.7298909167291929,0.75,0.75,0.75,0.25,18.0,0.25,exact,202.38750000000002,24.75,neural,948.0,3792.0,37920.0,nan,0.0,0.0,nan,,,,,,,,,,,,,,,
reviewer1_transition_dynamics_shift_smoke,reviewer1_transition_dynamics_shift_smoke,configs/reviewer1_remaining/smoke/transition_dynamics_shift.yaml,Reviewer1-transition-dynamics-shift-smoke,Reviewer1TransitionDynamicsShift-v0,Reviewer1TransitionDynamicsShift-v0,native_gymnasium_observation,relative_reliability_fuzzy,11000,train,5722,,,5722,47,-2.0200000000000014,160,0.0,5722,326,0.0011439468241902443,0.01633593626320362,0,0,3,11.113844999999856,11.113844999999856,0.0,11.113844999999856,0.0,b240632d76bfe6919b44416ecd12239cbcb93cea,1.8.0,cde18190c3c8d2f5e97799ac5572ab19fe5ea4929fd0422da19b385b1d617f1e,True,3.14.3,2.11.0+cpu,2.4.3,1.3.0,3.1.0,not-installed,not-installed,0.17323200154387505,0.0,9.5480704e-05,0.0005358910100270541,961.0,1.0,0.0,0.0,0.0,0.0,0.0,0.2878994023821989,0.7121005976178011,0.0,0.2878994023821989,0.3596038881024694,0.38012155802109915,0.7038346987493049,1.0,1.0,1.0,0.0,0.0,0.0,exact,226.62749999999997,25.5,neural,961.0,3844.0,38440.0,nan,0.0,0.0,nan,,,,,,,,,,,,,,,
reviewer1_transition_dynamics_shift_smoke,reviewer1_transition_dynamics_shift_smoke,configs/reviewer1_remaining/smoke/transition_dynamics_shift.yaml,Reviewer1-transition-dynamics-shift-smoke,Reviewer1TransitionDynamicsShift-v0,Reviewer1TransitionDynamicsShift-v0,native_gymnasium_observation,relative_reliability_fuzzy,11000,train,5788,,,5788,48,0.12999999999999956,66,1.0,5788,330,0.0012149375935085558,0.027758998796343803,0,0,3,11.24797899999976,11.24797899999976,0.0,11.24797899999976,0.0,b240632d76bfe6919b44416ecd12239cbcb93cea,1.8.0,cde18190c3c8d2f5e97799ac5572ab19fe5ea4929fd0422da19b385b1d617f1e,True,3.14.3,2.11.0+cpu,2.4.3,1.3.0,3.1.0,not-installed,not-installed,0.1710236365177242,0.0,0.05012369,0.043305582247480684,988.0,0.0,0.0,0.0,0.0,1.0,0.3484848484848485,0.11739981773787378,0.8826001822621264,0.0,0.11739981773787378,0.19907981823664264,0.14127510391605136,0.5792694212645694,0.6515151515151515,0.6515151515151515,0.6515151515151515,0.3484848484848485,23.0,0.3484848484848485,exact,235.58333333333334,28.25,neural,988.0,3952.0,39520.0,nan,0.0,0.0,nan,,,,,,,,,,,,,,,
reviewer1_transition_dynamics_shift_smoke,reviewer1_transition_dynamics_shift_smoke,configs/reviewer1_remaining/smoke/transition_dynamics_shift.yaml,Reviewer1-transition-dynamics-shift-smoke,Reviewer1TransitionDynamicsShift-v0,Reviewer1TransitionDynamicsShift-v0,native_gymnasium_observation,relative_reliability_fuzzy,11000,train,5948,,,5948,49,-1.9600000000000015,160,0.0,5948,340,0.00126065329363615,0.027758998796343803,0,0,3,11.564491500001168,11.564491500001168,0.0,11.564491500001168,0.0,b240632d76bfe6919b44416ecd12239cbcb93cea,1.8.0,cde18190c3c8d2f5e97799ac5572ab19fe5ea4929fd0422da19b385b1d617f1e,True,3.14.3,2.11.0+cpu,2.4.3,1.3.0,3.1.0,not-installed,not-installed,0.16957085956701287,0.0,0.00015102797,0.00033292808567140283,1022.0,1.0,0.0,0.0,0.0,0.0,0.075,0.14861099956957904,0.851389000430421,0.0,0.14861099956957904,0.18327213112570645,0.16345088416141923,0.739298316531551,0.925,0.925,0.925,0.075,12.0,0.075,exact,198.47250000000003,26.35,neural,1022.0,4088.0,40880.0,nan,0.0,0.0,nan,,,,,,,,,,,,,,,
reviewer1_transition_dynamics_shift_smoke,reviewer1_transition_dynamics_shift_smoke,configs/reviewer1_remaining/smoke/transition_dynamics_shift.yaml,Reviewer1-transition-dynamics-shift-smoke,Reviewer1TransitionDynamicsShift-v0,Reviewer1TransitionDynamicsShift-v0,native_gymnasium_observation,relative_reliability_fuzzy,11000,eval,6000,6000,-3.0000000000000004,6000,1,-3.0000000000000004,160,0.0,6000,344,0.0012870666410139545,0.027758998796343803,0,1,3,12.893094799997925,11.658484699997643,1.2346101000002818,11.658484699997643,1.2346101000002818,b240632d76bfe6919b44416ecd12239cbcb93cea,1.8.0,cde18190c3c8d2f5e97799ac5572ab19fe5ea4929fd0422da19b385b1d617f1e,True,3.14.3,2.11.0+cpu,2.4.3,1.3.0,3.1.0,not-installed,not-installed,0.16786680709813787,0.0,0.00014505173,0.00017174193219160838,1039.0,1.0,0.0,0.0,0.0,0.0,0.00625,0.37697109591660644,0.6230289040833935,0.0,0.37697109591660644,0.0,0.4192231112792609,0.7541744244029642,0.99375,0.99375,0.99375,0.00625,1.0,0.00625,exact,820.505625,781.65,neural,1039.0,4156.0,41560.0,nan,0.0,0.0,nan,nan,nan,3,2,nan,nan,nan,unavailable,unavailable,unavailable,nan,nan,0.0,none,nan
reviewer1_transition_dynamics_shift_smoke,reviewer1_transition_dynamics_shift_smoke,configs/reviewer1_remaining/smoke/transition_dynamics_shift.yaml,Reviewer1-transition-dynamics-shift-smoke,Reviewer1TransitionDynamicsShift-v0,Reviewer1TransitionDynamicsShift-v0,native_gymnasium_observation,relative_reliability_fuzzy,11000,eval,6000,6000,-3.010000000000002,6000,2,-3.010000000000002,160,0.0,6000,344,0.0012870666410139545,0.027758998796343803,0,1,3,12.89361579999968,11.659005699999398,1.2346101000002818,11.659005699999398,1.2346101000002818,b240632d76bfe6919b44416ecd12239cbcb93cea,1.8.0,cde18190c3c8d2f5e97799ac5572ab19fe5ea4929fd0422da19b385b1d617f1e,True,3.14.3,2.11.0+cpu,2.4.3,1.3.0,3.1.0,not-installed,not-installed,0.16786680709813787,0.0,0.00014505173,0.00017174193219160838,1039.0,1.0,0.0,0.0,0.0,0.0,0.64375,0.040593601310060574,0.9594063986899395,0.0,0.040593601310060574,0.12536379867306882,0.04484918404539537,0.47124061174802784,0.35625,0.35625,0.35625,0.64375,103.0,0.64375,support-boundary collapse,847.719375,822.45,neural,1039.0,4156.0,41560.0,nan,0.0,0.0,nan,nan,nan,2,0,nan,nan,nan,unavailable,unavailable,unavailable,nan,nan,0.0,none,nan
reviewer1_transition_dynamics_shift_smoke,reviewer1_transition_dynamics_shift_smoke,configs/reviewer1_remaining/smoke/transition_dynamics_shift.yaml,Reviewer1-transition-dynamics-shift-smoke,Reviewer1TransitionDynamicsShift-v0,Reviewer1TransitionDynamicsShift-v0,native_gymnasium_observation,relative_reliability_fuzzy,11000,eval,6000,6000,-3.1300000000000012,6000,3,-3.1300000000000012,160,0.0,6000,344,0.0012870666410139545,0.027758998796343803,0,1,3,12.893926999997348,11.659316899997066,1.2346101000002818,11.659316899997066,1.2346101000002818,b240632d76bfe6919b44416ecd12239cbcb93cea,1.8.0,cde18190c3c8d2f5e97799ac5572ab19fe5ea4929fd0422da19b385b1d617f1e,True,3.14.3,2.11.0+cpu,2.4.3,1.3.0,3.1.0,not-installed,not-installed,0.16786680709813787,0.0,0.00014505173,0.00017174193219160838,1039.0,1.0,0.0,0.0,0.0,0.0,1.0,0.0,1.0,0.0,0.0,0.0,0.0,0.5353116717583628,0.0,0.0,0.0,1.0,160.0,1.0,support-boundary collapse,760.140625,744.3,neural,1039.0,4156.0,41560.0,nan,0.0,0.0,nan,nan,nan,3,2,nan,nan,nan,unavailable,unavailable,unavailable,nan,nan,0.0,none,nan
reviewer1_transition_dynamics_shift_smoke,reviewer1_transition_dynamics_shift_smoke,configs/reviewer1_remaining/smoke/transition_dynamics_shift.yaml,Reviewer1-transition-dynamics-shift-smoke,Reviewer1TransitionDynamicsShift-v0,Reviewer1TransitionDynamicsShift-v0,native_gymnasium_observation,relative_reliability_fuzzy,11000,eval,6000,6000,-3.140000000000002,6000,4,-3.140000000000002,160,0.0,6000,344,0.0012870666410139545,0.027758998796343803,0,1,3,12.894181600000593,11.659571500000311,1.2346101000002818,11.659571500000311,1.2346101000002818,b240632d76bfe6919b44416ecd12239cbcb93cea,1.8.0,cde18190c3c8d2f5e97799ac5572ab19fe5ea4929fd0422da19b385b1d617f1e,True,3.14.3,2.11.0+cpu,2.4.3,1.3.0,3.1.0,not-installed,not-installed,0.16786680709813787,0.0,0.00014505173,0.00017174193219160838,1039.0,1.0,0.0,0.0,0.0,0.0,1.0,0.0,1.0,0.0,0.0,0.0,0.0,0.39218655331618363,0.0,0.0,0.0,1.0,160.0,1.0,support-boundary collapse,824.5925,799.7,neural,1039.0,4156.0,41560.0,nan,0.0,0.0,nan,nan,nan,2,nan,nan,nan,nan,unavailable,unavailable,unavailable,nan,nan,0.0,none,nan
reviewer1_transition_dynamics_shift_smoke,reviewer1_transition_dynamics_shift_smoke,configs/reviewer1_remaining/smoke/transition_dynamics_shift.yaml,Reviewer1-transition-dynamics-shift-smoke,Reviewer1TransitionDynamicsShift-v0,Reviewer1TransitionDynamicsShift-v0,native_gymnasium_observation,relative_reliability_fuzzy,11000,train,6108,,,6108,50,-2.06,160,0.0,6108,350,0.0013443445625359474,0.027758998796343803,0,1,3,13.154854899999918,11.920244799999637,1.2346101000002818,11.920244799999637,1.2346101000002818,b240632d76bfe6919b44416ecd12239cbcb93cea,1.8.0,cde18190c3c8d2f5e97799ac5572ab19fe5ea4929fd0422da19b385b1d617f1e,True,3.14.3,2.11.0+cpu,2.4.3,1.3.0,3.1.0,not-installed,not-installed,0.16844328302063583,0.0,8.620548e-05,0.00027437602445272235,1051.0,1.0,0.0,0.0,0.0,0.0,0.225,0.14921064950030313,0.850789350499697,0.0,0.14921064950030313,0.18326537495521744,0.16709687399342982,0.6642904767582536,0.775,0.775,0.775,0.225,36.0,0.225,exact,218.02624999999998,27.35,neural,1051.0,4204.0,42040.0,nan,0.0,0.0,nan,,,,,,,,,,,,,,,
reviewer1_transition_dynamics_shift_smoke,reviewer1_transition_dynamics_shift_smoke,configs/reviewer1_remaining/smoke/transition_dynamics_shift.yaml,Reviewer1-transition-dynamics-shift-smoke,Reviewer1TransitionDynamicsShift-v0,Reviewer1TransitionDynamicsShift-v0,native_gymnasium_observation,relative_reliability_fuzzy,11000,train,6136,,,6136,51,0.5399999999999998,28,1.0,6136,352,0.001337959600055621,0.027758998796343803,0,1,3,13.19975610000256,11.965146000002278,1.2346101000002818,11.965146000002278,1.2346101000002818,b240632d76bfe6919b44416ecd12239cbcb93cea,1.8.0,cde18190c3c8d2f5e97799ac5572ab19fe5ea4929fd0422da19b385b1d617f1e,True,3.14.3,2.11.0+cpu,2.4.3,1.3.0,3.1.0,not-installed,not-installed,0.1696932113002297,0.0,0.05009423,0.04360319476880054,1056.0,0.0,0.0,0.0,0.0,1.0,0.03571428571428571,0.2820361187181759,0.7179638812818239,0.0,0.2820361187181759,0.32906565107821306,0.3271740447538038,0.6329040518475422,0.9642857142857143,0.9642857142857143,0.9642857142857143,0.03571428571428571,1.0,0.03571428571428571,exact,403.4678571428571,320.70000000000005,neural,1056.0,4224.0,42240.0,nan,0.0,0.0,nan,,,,,,,,,,,,,,,
reviewer1_transition_dynamics_shift_smoke,reviewer1_transition_dynamics_shift_smoke,configs/reviewer1_remaining/smoke/transition_dynamics_shift.yaml,Reviewer1-transition-dynamics-shift-smoke,Reviewer1TransitionDynamicsShift-v0,Reviewer1TransitionDynamicsShift-v0,native_gymnasium_observation,relative_reliability_fuzzy,11000,train,6144,,,6144,52,0.9299999999999999,8,1.0,6144,353,0.0013346716203844645,0.027758998796343803,0,1,3,13.212636099997326,11.978025999997044,1.2346101000002818,11.978025999997044,1.2346101000002818,b240632d76bfe6919b44416ecd12239cbcb93cea,1.8.0,cde18190c3c8d2f5e97799ac5572ab19fe5ea4929fd0422da19b385b1d617f1e,True,3.14.3,2.11.0+cpu,2.4.3,1.3.0,3.1.0,not-installed,not-installed,0.16942811005703987,0.0,0.08325908,0.07727330227917695,1060.0,0.0,0.0,0.0,0.0,1.0,0.0,0.15281721512490795,0.847182784875092,0.0,0.15281721512490795,0.10281721512490795,0.1797241986372828,0.8559373384921702,1.0,1.0,1.0,0.0,0.0,0.0,exact,195.725,21.9,neural,1060.0,4240.0,42400.0,nan,0.0,0.0,nan,,,,,,,,,,,,,,,
reviewer1_transition_dynamics_shift_smoke,reviewer1_transition_dynamics_shift_smoke,configs/reviewer1_remaining/smoke/transition_dynamics_shift.yaml,Reviewer1-transition-dynamics-shift-smoke,Reviewer1TransitionDynamicsShift-v0,Reviewer1TransitionDynamicsShift-v0,native_gymnasium_observation,relative_reliability_fuzzy,11000,train,6255,,,6255,53,-0.370000000000001,111,1.0,6255,359,0.0013487484576472832,0.027758998796343803,0,1,3,13.38049619999947,12.145886099999188,1.2346101000002818,12.145886099999188,1.2346101000002818,b240632d76bfe6919b44416ecd12239cbcb93cea,1.8.0,cde18190c3c8d2f5e97799ac5572ab19fe5ea4929fd0422da19b385b1d617f1e,True,3.14.3,2.11.0+cpu,2.4.3,1.3.0,3.1.0,not-installed,not-installed,0.17537446439061538,0.0,0.05035517,0.04253106920158076,1060.0,0.0,0.0,0.0,0.0,1.0,0.0,0.3474283375119865,0.6525716624880136,0.0,0.3474283375119865,0.15382020582211653,0.4034453895911988,0.6979652083945129,1.0,1.0,1.0,0.0,0.0,0.0,exact,204.14414414414415,22.5,neural,1060.0,4240.0,42400.0,nan,0.0,0.0,nan,,,,,,,,,,,,,,,
reviewer1_transition_dynamics_shift_smoke,reviewer1_transition_dynamics_shift_smoke,configs/reviewer1_remaining/smoke/transition_dynamics_shift.yaml,Reviewer1-transition-dynamics-shift-smoke,Reviewer1TransitionDynamicsShift-v0,Reviewer1TransitionDynamicsShift-v0,native_gymnasium_observation,relative_reliability_fuzzy,11000,train,6415,,,6415,54,-2.0600000000000005,160,0.0,6415,369,0.0013165929558306196,0.027758998796343803,0,1,3,13.693882200001099,12.459272100000817,1.2346101000002818,12.459272100000817,1.2346101000002818,b240632d76bfe6919b44416ecd12239cbcb93cea,1.8.0,cde18190c3c8d2f5e97799ac5572ab19fe5ea4929fd0422da19b385b1d617f1e,True,3.14.3,2.11.0+cpu,2.4.3,1.3.0,3.1.0,not-installed,not-installed,0.18077300018542716,0.0,9.558435e-05,0.00046222709515208543,1071.0,1.0,0.0,0.0,0.0,0.0,0.05,0.2720621444951251,0.7279378555048748,0.0,0.2720621444951251,0.3246549232320326,0.32598093712436416,0.733148975192678,0.95,0.95,0.95,0.05,8.0,0.05,exact,278.335,28.65,neural,1071.0,4284.0,42840.0,nan,0.0,0.0,nan,,,,,,,,,,,,,,,
reviewer1_transition_dynamics_shift_smoke,reviewer1_transition_dynamics_shift_smoke,configs/reviewer1_remaining/smoke/transition_dynamics_shift.yaml,Reviewer1-transition-dynamics-shift-smoke,Reviewer1TransitionDynamicsShift-v0,Reviewer1TransitionDynamicsShift-v0,native_gymnasium_observation,relative_reliability_fuzzy,11000,train,6419,,,6419,55,0.97,4,1.0,6419,370,0.0013134307748210582,0.027758998796343803,0,1,3,13.70518560000346,12.470575500003179,1.2346101000002818,12.470575500003179,1.2346101000002818,b240632d76bfe6919b44416ecd12239cbcb93cea,1.8.0,cde18190c3c8d2f5e97799ac5572ab19fe5ea4929fd0422da19b385b1d617f1e,True,3.14.3,2.11.0+cpu,2.4.3,1.3.0,3.1.0,not-installed,not-installed,0.18059021656542168,0.0,0.050089695,0.04702738500536576,1073.0,0.0,0.0,0.0,0.0,1.0,1.0,0.0,1.0,0.0,0.0,0.0,0.0,0.34446233711009633,0.0,0.0,0.0,1.0,4.0,1.0,support-boundary collapse,232.975,55.55,neural,1073.0,4292.0,42920.0,nan,0.0,0.0,nan,,,,,,,,,,,,,,,
reviewer1_transition_dynamics_shift_smoke,reviewer1_transition_dynamics_shift_smoke,configs/reviewer1_remaining/smoke/transition_dynamics_shift.yaml,Reviewer1-transition-dynamics-shift-smoke,Reviewer1TransitionDynamicsShift-v0,Reviewer1TransitionDynamicsShift-v0,native_gymnasium_observation,relative_reliability_fuzzy,11000,train,6579,,,6579,56,-2.19,160,0.0,6579,380,0.0013167462697167235,0.027758998796343803,0,1,3,14.015087500003574,12.780477400003292,1.2346101000002818,12.780477400003292,1.2346101000002818,b240632d76bfe6919b44416ecd12239cbcb93cea,1.8.0,cde18190c3c8d2f5e97799ac5572ab19fe5ea4929fd0422da19b385b1d617f1e,True,3.14.3,2.11.0+cpu,2.4.3,1.3.0,3.1.0,not-installed,not-installed,0.185455265009076,0.0,0.00010181285,0.00029675111152006824,1088.0,1.0,0.0,0.0,0.0,0.0,0.03125,0.277225988261978,0.722774011738022,0.0,0.277225988261978,0.37527057313198287,0.34631542107204333,0.8018559696878098,0.96875,0.96875,0.96875,0.03125,5.0,0.03125,exact,227.44125,26.9,neural,1088.0,4352.0,43520.0,nan,0.0,0.0,nan,,,,,,,,,,,,,,,
reviewer1_transition_dynamics_shift_smoke,reviewer1_transition_dynamics_shift_smoke,configs/reviewer1_remaining/smoke/transition_dynamics_shift.yaml,Reviewer1-transition-dynamics-shift-smoke,Reviewer1TransitionDynamicsShift-v0,Reviewer1TransitionDynamicsShift-v0,native_gymnasium_observation,relative_reliability_fuzzy,11000,train,6739,,,6739,57,-2.0799999999999996,160,0.0,6739,390,0.001350138239719784,0.027758998796343803,0,1,3,14.340320900002553,13.10571080000227,1.2346101000002818,13.10571080000227,1.2346101000002818,b240632d76bfe6919b44416ecd12239cbcb93cea,1.8.0,cde18190c3c8d2f5e97799ac5572ab19fe5ea4929fd0422da19b385b1d617f1e,True,3.14.3,2.11.0+cpu,2.4.3,1.3.0,3.1.0,not-installed,not-installed,0.19239180935976022,0.0,7.2898896e-05,0.00014152154085016704,1099.0,1.0,0.0,0.0,0.0,0.0,0.1,0.30898228607941414,0.6910177139205859,0.0,0.30898228607941414,0.3267553994424049,0.43985275294165815,0.4941562036838542,0.9,0.9,0.9,0.1,16.0,0.1,exact,282.59375,27.1,neural,1099.0,4396.0,43960.0,nan,0.0,0.0,nan,,,,,,,,,,,,,,,
reviewer1_transition_dynamics_shift_smoke,reviewer1_transition_dynamics_shift_smoke,configs/reviewer1_remaining/smoke/transition_dynamics_shift.yaml,Reviewer1-transition-dynamics-shift-smoke,Reviewer1TransitionDynamicsShift-v0,Reviewer1TransitionDynamicsShift-v0,native_gymnasium_observation,relative_reliability_fuzzy,11000,train,6810,,,6810,58,0.05999999999999939,71,1.0,6810,394,0.001337544711347577,0.027758998796343803,0,1,3,14.425543299999845,13.190933199999563,1.2346101000002818,13.190933199999563,1.2346101000002818,b240632d76bfe6919b44416ecd12239cbcb93cea,1.8.0,cde18190c3c8d2f5e97799ac5572ab19fe5ea4929fd0422da19b385b1d617f1e,True,3.14.3,2.11.0+cpu,2.4.3,1.3.0,3.1.0,not-installed,not-installed,0.1922459518722829,0.0,0.052725207,0.04267859362771071,1108.0,0.0,0.0,0.0,0.0,1.0,0.11267605633802817,0.18143340651943565,0.8185665934805644,0.0,0.18143340651943565,0.14764308120787586,0.2023866885915727,0.3752967371287302,0.8873239436619719,0.8873239436619719,0.8873239436619719,0.11267605633802817,8.0,0.11267605633802817,exact,221.02676056338026,20.6,neural,1108.0,4432.0,44320.0,nan,0.0,0.0,nan,,,,,,,,,,,,,,,
reviewer1_transition_dynamics_shift_smoke,reviewer1_transition_dynamics_shift_smoke,configs/reviewer1_remaining/smoke/transition_dynamics_shift.yaml,Reviewer1-transition-dynamics-shift-smoke,Reviewer1TransitionDynamicsShift-v0,Reviewer1TransitionDynamicsShift-v0,native_gymnasium_observation,relative_reliability_fuzzy,11000,train,6877,,,6877,59,0.08999999999999941,67,1.0,6877,398,0.0013252423310112491,0.027758998796343803,0,1,3,14.535318399997777,13.300708299997495,1.2346101000002818,13.300708299997495,1.2346101000002818,b240632d76bfe6919b44416ecd12239cbcb93cea,1.8.0,cde18190c3c8d2f5e97799ac5572ab19fe5ea4929fd0422da19b385b1d617f1e,True,3.14.3,2.11.0+cpu,2.4.3,1.3.0,3.1.0,not-installed,not-installed,0.1925491019320319,0.0,0.05181326,0.04198524118123657,1109.0,0.0,0.0,0.0,0.0,1.0,0.0,0.23203061692833404,0.7679693830716661,0.0,0.23203061692833404,0.16335527594695123,0.2576850866507937,0.5021896831922925,1.0,1.0,1.0,0.0,0.0,0.0,exact,312.3477611940298,27.9,neural,1109.0,4436.0,44360.0,nan,0.0,0.0,nan,,,,,,,,,,,,,,,
reviewer1_transition_dynamics_shift_smoke,reviewer1_transition_dynamics_shift_smoke,configs/reviewer1_remaining/smoke/transition_dynamics_shift.yaml,Reviewer1-transition-dynamics-shift-smoke,Reviewer1TransitionDynamicsShift-v0,Reviewer1TransitionDynamicsShift-v0,native_gymnasium_observation,relative_reliability_fuzzy,11000,train,7037,,,7037,60,-1.9800000000000013,160,0.0,7037,408,0.0012943776810373617,0.027758998796343803,0,1,3,14.792492699998547,13.557882599998266,1.2346101000002818,13.557882599998266,1.2346101000002818,b240632d76bfe6919b44416ecd12239cbcb93cea,1.8.0,cde18190c3c8d2f5e97799ac5572ab19fe5ea4929fd0422da19b385b1d617f1e,True,3.14.3,2.11.0+cpu,2.4.3,1.3.0,3.1.0,not-installed,not-installed,0.1918294969630224,0.0,0.00013952525,0.0008778443160526581,1129.0,1.0,0.0,0.0,0.0,0.0,0.1125,0.16088736350415006,0.8391126364958499,0.0,0.16088736350415006,0.1913062342420978,0.17830274241601307,0.7051983460911079,0.8875,0.8875,0.8875,0.1125,18.0,0.1125,exact,220.24375,25.0,neural,1129.0,4516.0,45160.0,nan,0.0,0.0,nan,,,,,,,,,,,,,,,
reviewer1_transition_dynamics_shift_smoke,reviewer1_transition_dynamics_shift_smoke,configs/reviewer1_remaining/smoke/transition_dynamics_shift.yaml,Reviewer1-transition-dynamics-shift-smoke,Reviewer1TransitionDynamicsShift-v0,Reviewer1TransitionDynamicsShift-v0,native_gymnasium_observation,relative_reliability_fuzzy,11000,train,7051,,,7051,61,0.85,14,1.0,7051,409,0.0012913930438933048,0.027758998796343803,0,1,3,14.806318800001463,13.571708700001182,1.2346101000002818,13.571708700001182,1.2346101000002818,b240632d76bfe6919b44416ecd12239cbcb93cea,1.8.0,cde18190c3c8d2f5e97799ac5572ab19fe5ea4929fd0422da19b385b1d617f1e,True,3.14.3,2.11.0+cpu,2.4.3,1.3.0,3.1.0,not-installed,not-installed,0.19150495668104014,0.0,0.034689665,0.04227281589826412,1132.0,0.0,0.0,0.0,0.0,1.0,0.0,0.18464791597909205,0.815352084020908,0.0,0.18464791597909205,0.23553391643092025,0.20326631157979044,0.7797440241459548,1.0,1.0,1.0,0.0,0.0,0.0,exact,174.71428571428572,14.8,neural,1132.0,4528.0,45280.0,nan,0.0,0.0,nan,,,,,,,,,,,,,,,
reviewer1_transition_dynamics_shift_smoke,reviewer1_transition_dynamics_shift_smoke,configs/reviewer1_remaining/smoke/transition_dynamics_shift.yaml,Reviewer1-transition-dynamics-shift-smoke,Reviewer1TransitionDynamicsShift-v0,Reviewer1TransitionDynamicsShift-v0,native_gymnasium_observation,relative_reliability_fuzzy,11000,train,7113,,,7113,62,0.21999999999999953,62,1.0,7113,413,0.0012794299634149482,0.027758998796343803,0,1,3,14.885823899996467,13.651213799996185,1.2346101000002818,13.651213799996185,1.2346101000002818,b240632d76bfe6919b44416ecd12239cbcb93cea,1.8.0,cde18190c3c8d2f5e97799ac5572ab19fe5ea4929fd0422da19b385b1d617f1e,True,3.14.3,2.11.0+cpu,2.4.3,1.3.0,3.1.0,not-installed,not-installed,0.1905508030796198,0.0,0.05157993,0.05541969901637703,1145.0,0.0,0.0,0.0,0.0,1.0,0.22580645161290322,0.1384145711696455,0.8615854288303546,0.0,0.1384145711696455,0.21597470123741003,0.15237310270274151,0.7759168261244921,0.7741935483870968,0.7741935483870968,0.7741935483870968,0.22580645161290322,14.0,0.22580645161290322,exact,224.9,21.4,neural,1145.0,4580.0,45800.0,nan,0.0,0.0,nan,,,,,,,,,,,,,,,
reviewer1_transition_dynamics_shift_smoke,reviewer1_transition_dynamics_shift_smoke,configs/reviewer1_remaining/smoke/transition_dynamics_shift.yaml,Reviewer1-transition-dynamics-shift-smoke,Reviewer1TransitionDynamicsShift-v0,Reviewer1TransitionDynamicsShift-v0,native_gymnasium_observation,relative_reliability_fuzzy,11000,train,7273,,,7273,63,-1.9900000000000015,160,0.0,7273,423,0.001250322127317792,0.027758998796343803,0,1,3,15.298008199999458,14.063398099999176,1.2346101000002818,14.063398099999176,1.2346101000002818,b240632d76bfe6919b44416ecd12239cbcb93cea,1.8.0,cde18190c3c8d2f5e97799ac5572ab19fe5ea4929fd0422da19b385b1d617f1e,True,3.14.3,2.11.0+cpu,2.4.3,1.3.0,3.1.0,not-installed,not-installed,0.19099644888961734,0.0,0.00015874767,0.0001359672333222095,1168.0,1.0,0.0,0.0,0.0,0.0,0.19375,0.18754652537507716,0.8124534746249228,0.0,0.18754652537507716,0.3041194470495292,0.20970818285741225,0.7747428868488202,0.80625,0.80625,0.80625,0.19375,31.0,0.19375,exact,256.273125,29.8,neural,1168.0,4672.0,46720.0,nan,0.0,0.0,nan,,,,,,,,,,,,,,,
reviewer1_transition_dynamics_shift_smoke,reviewer1_transition_dynamics_shift_smoke,configs/reviewer1_remaining/smoke/transition_dynamics_shift.yaml,Reviewer1-transition-dynamics-shift-smoke,Reviewer1TransitionDynamicsShift-v0,Reviewer1TransitionDynamicsShift-v0,native_gymnasium_observation,relative_reliability_fuzzy,11000,train,7334,,,7334,64,0.1899999999999995,61,1.0,7334,427,0.0012389268408430562,0.027758998796343803,0,1,3,15.412127600000531,14.17751750000025,1.2346101000002818,14.17751750000025,1.2346101000002818,b240632d76bfe6919b44416ecd12239cbcb93cea,1.8.0,cde18190c3c8d2f5e97799ac5572ab19fe5ea4929fd0422da19b385b1d617f1e,True,3.14.3,2.11.0+cpu,2.4.3,1.3.0,3.1.0,not-installed,not-installed,0.19356686142913956,0.0,0.050118547,0.039055957085274075,1172.0,0.0,0.0,0.0,0.0,1.0,0.03278688524590164,0.3037442947032717,0.6962557052967285,0.0,0.3037442947032717,0.3058310583339745,0.38917969238794387,0.7858620082575821,0.9672131147540983,0.9672131147540983,0.9672131147540983,0.03278688524590164,2.0,0.03278688524590164,exact,357.1983606557377,34.8,neural,1172.0,4688.0,46880.0,nan,0.0,0.0,nan,,,,,,,,,,,,,,,
reviewer1_transition_dynamics_shift_smoke,reviewer1_transition_dynamics_shift_smoke,configs/reviewer1_remaining/smoke/transition_dynamics_shift.yaml,Reviewer1-transition-dynamics-shift-smoke,Reviewer1TransitionDynamicsShift-v0,Reviewer1TransitionDynamicsShift-v0,native_gymnasium_observation,relative_reliability_fuzzy,11000,train,7494,,,7494,65,-2.1300000000000012,160,0.0,7494,437,0.0012721746419133866,0.027758998796343803,0,1,3,15.788109100001748,14.553499000001466,1.2346101000002818,14.553499000001466,1.2346101000002818,b240632d76bfe6919b44416ecd12239cbcb93cea,1.8.0,cde18190c3c8d2f5e97799ac5572ab19fe5ea4929fd0422da19b385b1d617f1e,True,3.14.3,2.11.0+cpu,2.4.3,1.3.0,3.1.0,not-installed,not-installed,0.1941758638992179,0.0,0.00010419,0.0013136326654961542,1197.0,1.0,0.0,0.0,0.0,0.0,0.10625,0.19158125879162027,0.8084187412083796,0.0,0.19158125879162027,0.21102919493360275,0.21262947120864711,0.6385828804461057,0.89375,0.89375,0.89375,0.10625,17.0,0.10625,exact,333.57437500000003,33.8,neural,1197.0,4788.0,47880.0,nan,0.0,0.0,nan,,,,,,,,,,,,,,,
reviewer1_transition_dynamics_shift_smoke,reviewer1_transition_dynamics_shift_smoke,configs/reviewer1_remaining/smoke/transition_dynamics_shift.yaml,Reviewer1-transition-dynamics-shift-smoke,Reviewer1TransitionDynamicsShift-v0,Reviewer1TransitionDynamicsShift-v0,native_gymnasium_observation,relative_reliability_fuzzy,11000,train,7560,,,7560,66,0.04999999999999938,66,1.0,7560,441,0.0012920497151846613,0.027758998796343803,0,1,3,15.911856999999145,14.677246899998863,1.2346101000002818,14.677246899998863,1.2346101000002818,b240632d76bfe6919b44416ecd12239cbcb93cea,1.8.0,cde18190c3c8d2f5e97799ac5572ab19fe5ea4929fd0422da19b385b1d617f1e,True,3.14.3,2.11.0+cpu,2.4.3,1.3.0,3.1.0,not-installed,not-installed,0.19900046476668395,0.0,0.050102398,0.034419283398088876,1198.0,0.0,0.0,0.0,0.0,1.0,0.0,0.41380283964351755,0.5861971603564824,0.0,0.41380283964351755,0.04090182021519456,0.5237819270594242,0.7223358645564447,1.0,1.0,1.0,0.0,0.0,0.0,exact,386.430303030303,46.15,neural,1198.0,4792.0,47920.0,nan,0.0,0.0,nan,,,,,,,,,,,,,,,
reviewer1_transition_dynamics_shift_smoke,reviewer1_transition_dynamics_shift_smoke,configs/reviewer1_remaining/smoke/transition_dynamics_shift.yaml,Reviewer1-transition-dynamics-shift-smoke,Reviewer1TransitionDynamicsShift-v0,Reviewer1TransitionDynamicsShift-v0,native_gymnasium_observation,relative_reliability_fuzzy,11000,train,7720,,,7720,67,-2.149999999999998,160,0.0,7720,451,0.0013321339882373798,0.027758998796343803,0,1,3,16.298537399998168,15.063927299997886,1.2346101000002818,15.063927299997886,1.2346101000002818,b240632d76bfe6919b44416ecd12239cbcb93cea,1.8.0,cde18190c3c8d2f5e97799ac5572ab19fe5ea4929fd0422da19b385b1d617f1e,True,3.14.3,2.11.0+cpu,2.4.3,1.3.0,3.1.0,not-installed,not-installed,0.2005659924953302,0.0,0.00010811044,0.0009545633060481283,1220.0,1.0,0.0,0.0,0.0,0.0,0.14375,0.22697397599900127,0.7730260240009987,0.0,0.22697397599900127,0.356201287841398,0.29274936154645903,0.5862793193671221,0.85625,0.85625,0.85625,0.14375,23.0,0.14375,exact,399.653125,40.75,neural,1220.0,4880.0,48800.0,nan,0.0,0.0,nan,,,,,,,,,,,,,,,
reviewer1_transition_dynamics_shift_smoke,reviewer1_transition_dynamics_shift_smoke,configs/reviewer1_remaining/smoke/transition_dynamics_shift.yaml,Reviewer1-transition-dynamics-shift-smoke,Reviewer1TransitionDynamicsShift-v0,Reviewer1TransitionDynamicsShift-v0,native_gymnasium_observation,relative_reliability_fuzzy,11000,train,7880,,,7880,68,-1.8600000000000014,160,0.0,7880,461,0.0013702695012875615,0.027758998796343803,0,1,3,16.64705469999899,15.412444599998707,1.2346101000002818,15.412444599998707,1.2346101000002818,b240632d76bfe6919b44416ecd12239cbcb93cea,1.8.0,cde18190c3c8d2f5e97799ac5572ab19fe5ea4929fd0422da19b385b1d617f1e,True,3.14.3,2.11.0+cpu,2.4.3,1.3.0,3.1.0,not-installed,not-installed,0.20404555933610585,0.0,5.973677e-05,0.00034265796495429427,1228.0,1.0,0.0,0.0,0.0,0.0,0.0125,0.2772120454556262,0.7227879545443738,0.0,0.2772120454556262,0.18166571909099608,0.32184146028811733,0.5639138511449885,0.9875,0.9875,0.9875,0.0125,2.0,0.0125,exact,301.12624999999997,30.05,neural,1228.0,4912.0,49120.0,nan,0.0,0.0,nan,,,,,,,,,,,,,,,
reviewer1_transition_dynamics_shift_smoke,reviewer1_transition_dynamics_shift_smoke,configs/reviewer1_remaining/smoke/transition_dynamics_shift.yaml,Reviewer1-transition-dynamics-shift-smoke,Reviewer1TransitionDynamicsShift-v0,Reviewer1TransitionDynamicsShift-v0,native_gymnasium_observation,relative_reliability_fuzzy,11000,train,8019,,,8019,69,-0.600000000000001,139,1.0,8019,470,0.0013741827543081524,0.027758998796343803,0,1,3,16.90613019999728,15.671520099996997,1.2346101000002818,15.671520099996997,1.2346101000002818,b240632d76bfe6919b44416ecd12239cbcb93cea,1.8.0,cde18190c3c8d2f5e97799ac5572ab19fe5ea4929fd0422da19b385b1d617f1e,True,3.14.3,2.11.0+cpu,2.4.3,1.3.0,3.1.0,not-installed,not-installed,0.20187105541444145,0.0,0.033797003,0.049022071664795434,1249.0,0.0,0.0,0.0,0.0,1.0,0.09352517985611511,0.1646084473104742,0.8353915526895259,0.0,0.1646084473104742,0.1476358695942102,0.1847590193324885,0.8667218700039389,0.9064748201438849,0.9064748201438849,0.9064748201438849,0.09352517985611511,13.0,0.09352517985611511,exact,318.931654676259,30.4,neural,1249.0,4996.0,49960.0,nan,0.0,0.0,nan,,,,,,,,,,,,,,,
reviewer1_transition_dynamics_shift_smoke,reviewer1_transition_dynamics_shift_smoke,configs/reviewer1_remaining/smoke/transition_dynamics_shift.yaml,Reviewer1-transition-dynamics-shift-smoke,Reviewer1TransitionDynamicsShift-v0,Reviewer1TransitionDynamicsShift-v0,native_gymnasium_observation,relative_reliability_fuzzy,11000,train,8179,,,8179,70,-1.9800000000000015,160,0.0,8179,480,0.001373927110303915,0.027758998796343803,0,1,3,17.21525410000322,15.98064400000294,1.2346101000002818,15.98064400000294,1.2346101000002818,b240632d76bfe6919b44416ecd12239cbcb93cea,1.8.0,cde18190c3c8d2f5e97799ac5572ab19fe5ea4929fd0422da19b385b1d617f1e,True,3.14.3,2.11.0+cpu,2.4.3,1.3.0,3.1.0,not-installed,not-installed,0.198963347767277,0.0,0.000118286065,0.0004477397370486383,1284.0,1.0,0.0,0.0,0.0,0.0,0.25625,0.11633323347890016,0.8836667665210995,0.0,0.11633323347890016,0.16316537426342276,0.12768371604228707,0.7243913562694485,0.74375,0.74375,0.74375,0.25625,41.0,0.25625,exact,276.61,26.299999999999997,neural,1284.0,5136.0,51360.0,nan,0.0,0.0,nan,,,,,,,,,,,,,,,
reviewer1_transition_dynamics_shift_smoke,reviewer1_transition_dynamics_shift_smoke,configs/reviewer1_remaining/smoke/transition_dynamics_shift.yaml,Reviewer1-transition-dynamics-shift-smoke,Reviewer1TransitionDynamicsShift-v0,Reviewer1TransitionDynamicsShift-v0,native_gymnasium_observation,relative_reliability_fuzzy,11000,train,8339,,,8339,71,-2.0400000000000005,160,0.0,8339,490,0.001349628441063515,0.027758998796343803,0,1,3,17.46685350000189,16.232243400001607,1.2346101000002818,16.232243400001607,1.2346101000002818,b240632d76bfe6919b44416ecd12239cbcb93cea,1.8.0,cde18190c3c8d2f5e97799ac5572ab19fe5ea4929fd0422da19b385b1d617f1e,True,3.14.3,2.11.0+cpu,2.4.3,1.3.0,3.1.0,not-installed,not-installed,0.20442042082462042,0.0,7.0883805e-05,0.000559479295425914,1293.0,1.0,0.0,0.0,0.0,0.0,0.0375,0.34708535937166846,0.6529146406283316,0.0,0.34708535937166846,0.27668970982642954,0.46547285365597546,0.6891017279312468,0.9625,0.9625,0.9625,0.0375,6.0,0.0375,exact,326.878125,33.65,neural,1293.0,5172.0,51720.0,nan,0.0,0.0,nan,,,,,,,,,,,,,,,
reviewer1_transition_dynamics_shift_smoke,reviewer1_transition_dynamics_shift_smoke,configs/reviewer1_remaining/smoke/transition_dynamics_shift.yaml,Reviewer1-transition-dynamics-shift-smoke,Reviewer1TransitionDynamicsShift-v0,Reviewer1TransitionDynamicsShift-v0,native_gymnasium_observation,relative_reliability_fuzzy,11000,train,8499,,,8499,72,-1.8200000000000014,160,0.0,8499,500,0.0013485890292540717,0.027758998796343803,0,1,3,17.820906399996602,16.58629629999632,1.2346101000002818,16.58629629999632,1.2346101000002818,b240632d76bfe6919b44416ecd12239cbcb93cea,1.8.0,cde18190c3c8d2f5e97799ac5572ab19fe5ea4929fd0422da19b385b1d617f1e,True,3.14.3,2.11.0+cpu,2.4.3,1.3.0,3.1.0,not-installed,not-installed,0.20548608407591282,0.0,9.4304865e-05,8.887430899196089e-05,1299.0,1.0,0.0,0.0,0.0,0.0,0.0875,0.2215792163890505,0.7784207836109495,0.0,0.2215792163890505,0.2007497818538725,0.25010127480284444,0.7154452808960983,0.9125,0.9125,0.9125,0.0875,14.0,0.0875,exact,355.70375,35.85,neural,1299.0,5196.0,51960.0,nan,0.0,0.0,nan,,,,,,,,,,,,,,,
reviewer1_transition_dynamics_shift_smoke,reviewer1_transition_dynamics_shift_smoke,configs/reviewer1_remaining/smoke/transition_dynamics_shift.yaml,Reviewer1-transition-dynamics-shift-smoke,Reviewer1TransitionDynamicsShift-v0,Reviewer1TransitionDynamicsShift-v0,native_gymnasium_observation,relative_reliability_fuzzy,11000,train,8659,,,8659,73,-2.1,160,0.0,8659,510,0.0013240136780130378,0.027758998796343803,0,1,3,18.185200499996427,16.950590399996145,1.2346101000002818,16.950590399996145,1.2346101000002818,b240632d76bfe6919b44416ecd12239cbcb93cea,1.8.0,cde18190c3c8d2f5e97799ac5572ab19fe5ea4929fd0422da19b385b1d617f1e,True,3.14.3,2.11.0+cpu,2.4.3,1.3.0,3.1.0,not-installed,not-installed,0.2076031556040251,0.0,0.00010112493,0.0014025383103039206,1311.0,1.0,0.0,0.0,0.0,0.0,0.05625,0.29152440855944545,0.7084755914405545,0.0,0.29152440855944545,0.2604225671089894,0.34457683170338205,0.7695370416011514,0.94375,0.94375,0.94375,0.05625,9.0,0.05625,exact,337.98,37.400000000000006,neural,1311.0,5244.0,52440.0,nan,0.0,0.0,nan,,,,,,,,,,,,,,,
reviewer1_transition_dynamics_shift_smoke,reviewer1_transition_dynamics_shift_smoke,configs/reviewer1_remaining/smoke/transition_dynamics_shift.yaml,Reviewer1-transition-dynamics-shift-smoke,Reviewer1TransitionDynamicsShift-v0,Reviewer1TransitionDynamicsShift-v0,native_gymnasium_observation,relative_reliability_fuzzy,11000,train,8678,,,8678,74,0.77,19,1.0,8678,511,0.0013215236099339885,0.027758998796343803,0,1,3,18.218618200000492,16.98400810000021,1.2346101000002818,16.98400810000021,1.2346101000002818,b240632d76bfe6919b44416ecd12239cbcb93cea,1.8.0,cde18190c3c8d2f5e97799ac5572ab19fe5ea4929fd0422da19b385b1d617f1e,True,3.14.3,2.11.0+cpu,2.4.3,1.3.0,3.1.0,not-installed,not-installed,0.20729493537286245,0.0,0.03670458,0.03801145062660212,1314.0,0.0,0.0,0.0,0.0,1.0,0.10526315789473684,0.1058577310475574,0.8941422689524426,0.0,0.1058577310475574,0.11321929698495468,0.11514577593562825,0.5753597086999989,0.8947368421052632,0.8947368421052632,0.8947368421052632,0.10526315789473684,2.0,0.10526315789473684,exact,315.8052631578947,36.3,neural,1314.0,5256.0,52560.0,nan,0.0,0.0,nan,,,,,,,,,,,,,,,
reviewer1_transition_dynamics_shift_smoke,reviewer1_transition_dynamics_shift_smoke,configs/reviewer1_remaining/smoke/transition_dynamics_shift.yaml,Reviewer1-transition-dynamics-shift-smoke,Reviewer1TransitionDynamicsShift-v0,Reviewer1TransitionDynamicsShift-v0,native_gymnasium_observation,relative_reliability_fuzzy,11000,train,8759,,,8759,75,-0.020000000000000684,81,1.0,8759,516,0.0013096045064449127,0.027758998796343803,0,1,3,18.37836629999947,17.14375619999919,1.2346101000002818,17.14375619999919,1.2346101000002818,b240632d76bfe6919b44416ecd12239cbcb93cea,1.8.0,cde18190c3c8d2f5e97799ac5572ab19fe5ea4929fd0422da19b385b1d617f1e,True,3.14.3,2.11.0+cpu,2.4.3,1.3.0,3.1.0,not-installed,not-installed,0.20559971303552543,0.0,0.051118124,0.037975972612134146,1337.0,0.0,0.0,0.0,0.0,1.0,0.345679012345679,0.09701294477455968,0.9029870552254403,0.0,0.09701294477455968,0.16314670171269574,0.10735548609167231,0.7129169301053816,0.654320987654321,0.654320987654321,0.654320987654321,0.345679012345679,28.0,0.345679012345679,exact,371.2925925925926,28.2,neural,1337.0,5348.0,53480.0,nan,0.0,0.0,nan,,,,,,,,,,,,,,,
reviewer1_transition_dynamics_shift_smoke,reviewer1_transition_dynamics_shift_smoke,configs/reviewer1_remaining/smoke/transition_dynamics_shift.yaml,Reviewer1-transition-dynamics-shift-smoke,Reviewer1TransitionDynamicsShift-v0,Reviewer1TransitionDynamicsShift-v0,native_gymnasium_observation,relative_reliability_fuzzy,11000,train,8919,,,8919,76,-2.219999999999999,160,0.0,8919,526,0.0013577557759062741,0.027758998796343803,0,1,3,18.778399900002114,17.543789800001832,1.2346101000002818,17.543789800001832,1.2346101000002818,b240632d76bfe6919b44416ecd12239cbcb93cea,1.8.0,cde18190c3c8d2f5e97799ac5572ab19fe5ea4929fd0422da19b385b1d617f1e,True,3.14.3,2.11.0+cpu,2.4.3,1.3.0,3.1.0,not-installed,not-installed,0.20818775687536087,0.0,7.711251e-05,0.0004979932498978426,1353.0,1.0,0.0,0.0,0.0,0.0,0.075,0.26452444412890713,0.7354755558710929,0.0,0.26452444412890713,0.3250800492612727,0.32188726025122766,0.6681526681704213,0.925,0.925,0.925,0.075,12.0,0.075,exact,403.606875,47.6,neural,1353.0,5412.0,54120.0,nan,0.0,0.0,nan,,,,,,,,,,,,,,,
reviewer1_transition_dynamics_shift_smoke,reviewer1_transition_dynamics_shift_smoke,configs/reviewer1_remaining/smoke/transition_dynamics_shift.yaml,Reviewer1-transition-dynamics-shift-smoke,Reviewer1TransitionDynamicsShift-v0,Reviewer1TransitionDynamicsShift-v0,native_gymnasium_observation,relative_reliability_fuzzy,11000,train,9079,,,9079,77,-2.169999999999998,160,0.0,9079,536,0.0013346673231116079,0.027758998796343803,0,1,3,19.1497417999999,17.91513169999962,1.2346101000002818,17.91513169999962,1.2346101000002818,b240632d76bfe6919b44416ecd12239cbcb93cea,1.8.0,cde18190c3c8d2f5e97799ac5572ab19fe5ea4929fd0422da19b385b1d617f1e,True,3.14.3,2.11.0+cpu,2.4.3,1.3.0,3.1.0,not-installed,not-installed,0.2076719962653661,0.0,0.00010863052,0.00026919774499924924,1384.0,1.0,0.0,0.0,0.0,0.0,0.09375,0.1984578172532712,0.8015421827467287,0.0,0.1984578172532712,0.24671994324549695,0.23054326602829295,0.5895736674916326,0.90625,0.90625,0.90625,0.09375,15.0,0.09375,exact,340.030625,33.400000000000006,neural,1384.0,5536.0,55360.0,nan,0.0,0.0,nan,,,,,,,,,,,,,,,
reviewer1_transition_dynamics_shift_smoke,reviewer1_transition_dynamics_shift_smoke,configs/reviewer1_remaining/smoke/transition_dynamics_shift.yaml,Reviewer1-transition-dynamics-shift-smoke,Reviewer1TransitionDynamicsShift-v0,Reviewer1TransitionDynamicsShift-v0,native_gymnasium_observation,relative_reliability_fuzzy,11000,train,9239,,,9239,78,-1.8800000000000014,160,0.0,9239,546,0.0013120014125242393,0.027758998796343803,0,1,3,19.471253399999114,18.236643299998832,1.2346101000002818,18.236643299998832,1.2346101000002818,b240632d76bfe6919b44416ecd12239cbcb93cea,1.8.0,cde18190c3c8d2f5e97799ac5572ab19fe5ea4929fd0422da19b385b1d617f1e,True,3.14.3,2.11.0+cpu,2.4.3,1.3.0,3.1.0,not-installed,not-installed,0.215660464370934,0.0,6.7072724e-05,0.000603722915064928,1384.0,1.0,0.0,0.0,0.0,0.0,0.0,0.44159988013113854,0.5584001198688615,0.0,0.44159988013113854,0.03439981595711722,0.5787902476378314,0.6421456785967945,1.0,1.0,1.0,0.0,0.0,0.0,exact,379.945625,42.05,neural,1384.0,5536.0,55360.0,nan,0.0,0.0,nan,,,,,,,,,,,,,,,
reviewer1_transition_dynamics_shift_smoke,reviewer1_transition_dynamics_shift_smoke,configs/reviewer1_remaining/smoke/transition_dynamics_shift.yaml,Reviewer1-transition-dynamics-shift-smoke,Reviewer1TransitionDynamicsShift-v0,Reviewer1TransitionDynamicsShift-v0,native_gymnasium_observation,relative_reliability_fuzzy,11000,train,9399,,,9399,79,-2.1600000000000006,160,0.0,9399,556,0.0013169721924837406,0.027758998796343803,0,1,3,19.88654819999647,18.651938099996187,1.2346101000002818,18.651938099996187,1.2346101000002818,b240632d76bfe6919b44416ecd12239cbcb93cea,1.8.0,cde18190c3c8d2f5e97799ac5572ab19fe5ea4929fd0422da19b385b1d617f1e,True,3.14.3,2.11.0+cpu,2.4.3,1.3.0,3.1.0,not-installed,not-installed,0.2142465776694253,0.0,0.00012780582,0.0003375190288929474,1408.0,1.0,0.0,0.0,0.0,0.0,0.14375,0.1896795822136564,0.8103204177863436,0.0,0.1896795822136564,0.2404790727153558,0.21703659342268886,0.6275189069126978,0.85625,0.85625,0.85625,0.14375,23.0,0.14375,exact,341.339375,37.650000000000006,neural,1408.0,5632.0,56320.0,nan,0.0,0.0,nan,,,,,,,,,,,,,,,
reviewer1_transition_dynamics_shift_smoke,reviewer1_transition_dynamics_shift_smoke,configs/reviewer1_remaining/smoke/transition_dynamics_shift.yaml,Reviewer1-transition-dynamics-shift-smoke,Reviewer1TransitionDynamicsShift-v0,Reviewer1TransitionDynamicsShift-v0,native_gymnasium_observation,relative_reliability_fuzzy,11000,train,9400,,,9400,80,1.0,1,1.0,9400,556,0.0013169721924837406,0.027758998796343803,0,1,3,19.890493799997785,18.655883699997503,1.2346101000002818,18.655883699997503,1.2346101000002818,b240632d76bfe6919b44416ecd12239cbcb93cea,1.8.0,cde18190c3c8d2f5e97799ac5572ab19fe5ea4929fd0422da19b385b1d617f1e,True,3.14.3,2.11.0+cpu,2.4.3,1.3.0,3.1.0,not-installed,not-installed,0.214184599495437,0.0,0.032121416,0.04371927967206526,1408.0,0.0,0.0,0.0,0.0,1.0,0.0,0.08545593212175812,0.9145440678782419,0.0,0.08545593212175812,0.0,0.09516258196404048,0.7296106349172784,1.0,1.0,1.0,0.0,0.0,0.0,exact,860.2,860.2,neural,1408.0,5632.0,56320.0,nan,0.0,0.0,nan,,,,,,,,,,,,,,,
reviewer1_transition_dynamics_shift_smoke,reviewer1_transition_dynamics_shift_smoke,configs/reviewer1_remaining/smoke/transition_dynamics_shift.yaml,Reviewer1-transition-dynamics-shift-smoke,Reviewer1TransitionDynamicsShift-v0,Reviewer1TransitionDynamicsShift-v0,native_gymnasium_observation,relative_reliability_fuzzy,11000,train,9560,,,9560,81,-1.9700000000000013,160,0.0,9560,566,0.0013218031889866884,0.027758998796343803,0,1,3,20.222195100002864,18.987585000002582,1.2346101000002818,18.987585000002582,1.2346101000002818,b240632d76bfe6919b44416ecd12239cbcb93cea,1.8.0,cde18190c3c8d2f5e97799ac5572ab19fe5ea4929fd0422da19b385b1d617f1e,True,3.14.3,2.11.0+cpu,2.4.3,1.3.0,3.1.0,not-installed,not-installed,0.22244905611959298,0.0,5.782376e-05,0.0007960101083065032,1409.0,1.0,0.0,0.0,0.0,0.0,0.00625,0.4231485663220472,0.5768514336779527,0.0,0.4231485663220472,0.11401419052175382,0.5980742467070443,0.5704082281652431,0.99375,0.99375,0.99375,0.00625,1.0,0.00625,exact,421.68062499999996,647.75,neural,1409.0,5636.0,56360.0,nan,0.0,0.0,nan,,,,,,,,,,,,,,,
reviewer1_transition_dynamics_shift_smoke,reviewer1_transition_dynamics_shift_smoke,configs/reviewer1_remaining/smoke/transition_dynamics_shift.yaml,Reviewer1-transition-dynamics-shift-smoke,Reviewer1TransitionDynamicsShift-v0,Reviewer1TransitionDynamicsShift-v0,native_gymnasium_observation,relative_reliability_fuzzy,11000,train,9583,,,9583,82,0.69,23,1.0,9583,567,0.0013206518463944098,0.027758998796343803,0,1,3,20.255110400001286,19.020500300001004,1.2346101000002818,19.020500300001004,1.2346101000002818,b240632d76bfe6919b44416ecd12239cbcb93cea,1.8.0,cde18190c3c8d2f5e97799ac5572ab19fe5ea4929fd0422da19b385b1d617f1e,True,3.14.3,2.11.0+cpu,2.4.3,1.3.0,3.1.0,not-installed,not-installed,0.22199343873290767,0.0,0.033835955,0.04674200608786218,1411.0,0.0,0.0,0.0,0.0,1.0,0.2608695652173913,0.096865122115555,0.9031348778844448,0.0,0.096865122115555,0.13816501626007263,0.10731626086214302,0.34784780939375964,0.7391304347826086,0.7391304347826086,0.7391304347826086,0.2608695652173913,6.0,0.2608695652173913,exact,328.7739130434782,28.6,neural,1411.0,5644.0,56440.0,nan,0.0,0.0,nan,,,,,,,,,,,,,,,
reviewer1_transition_dynamics_shift_smoke,reviewer1_transition_dynamics_shift_smoke,configs/reviewer1_remaining/smoke/transition_dynamics_shift.yaml,Reviewer1-transition-dynamics-shift-smoke,Reviewer1TransitionDynamicsShift-v0,Reviewer1TransitionDynamicsShift-v0,native_gymnasium_observation,relative_reliability_fuzzy,11000,train,9616,,,9616,83,0.5599999999999998,33,1.0,9616,570,0.0013346306145218764,0.027758998796343803,0,1,3,20.31241040000168,19.0778003000014,1.2346101000002818,19.0778003000014,1.2346101000002818,b240632d76bfe6919b44416ecd12239cbcb93cea,1.8.0,cde18190c3c8d2f5e97799ac5572ab19fe5ea4929fd0422da19b385b1d617f1e,True,3.14.3,2.11.0+cpu,2.4.3,1.3.0,3.1.0,not-installed,not-installed,0.2215049635981394,0.0,0.05635051,0.04543648050183835,1414.0,0.0,0.0,0.0,0.0,1.0,0.030303030303030304,0.1260106787680333,0.8739893212319667,0.0,0.1260106787680333,0.07755869006532054,0.1388069948737649,0.7712263327723595,0.9696969696969697,0.9696969696969697,0.9696969696969697,0.030303030303030304,1.0,0.030303030303030304,exact,277.1424242424243,24.6,neural,1414.0,5656.0,56560.0,nan,0.0,0.0,nan,,,,,,,,,,,,,,,
reviewer1_transition_dynamics_shift_smoke,reviewer1_transition_dynamics_shift_smoke,configs/reviewer1_remaining/smoke/transition_dynamics_shift.yaml,Reviewer1-transition-dynamics-shift-smoke,Reviewer1TransitionDynamicsShift-v0,Reviewer1TransitionDynamicsShift-v0,native_gymnasium_observation,relative_reliability_fuzzy,11000,train,9776,,,9776,84,-2.0600000000000005,160,0.0,9776,580,0.0013131415381488704,0.027758998796343803,0,1,3,20.715248300002713,19.48063820000243,1.2346101000002818,19.48063820000243,1.2346101000002818,b240632d76bfe6919b44416ecd12239cbcb93cea,1.8.0,cde18190c3c8d2f5e97799ac5572ab19fe5ea4929fd0422da19b385b1d617f1e,True,3.14.3,2.11.0+cpu,2.4.3,1.3.0,3.1.0,not-installed,not-installed,0.22672307513701864,0.0,8.674056e-05,0.0004706364027785071,1415.0,1.0,0.0,0.0,0.0,0.0,0.0,0.3747746761161642,0.6252253238838357,0.0,0.3747746761161642,0.1702976292623421,0.4688706096089833,0.7494127674115927,1.0,1.0,1.0,0.0,0.0,0.0,exact,406.475625,642.9,neural,1415.0,5660.0,56600.0,nan,0.0,0.0,nan,,,,,,,,,,,,,,,
reviewer1_transition_dynamics_shift_smoke,reviewer1_transition_dynamics_shift_smoke,configs/reviewer1_remaining/smoke/transition_dynamics_shift.yaml,Reviewer1-transition-dynamics-shift-smoke,Reviewer1TransitionDynamicsShift-v0,Reviewer1TransitionDynamicsShift-v0,native_gymnasium_observation,relative_reliability_fuzzy,11000,train,9901,,,9901,85,-0.6700000000000013,125,1.0,9901,587,0.0013170289331283066,0.027758998796343803,0,1,3,20.928893099997367,19.694282999997085,1.2346101000002818,19.694282999997085,1.2346101000002818,b240632d76bfe6919b44416ecd12239cbcb93cea,1.8.0,cde18190c3c8d2f5e97799ac5572ab19fe5ea4929fd0422da19b385b1d617f1e,True,3.14.3,2.11.0+cpu,2.4.3,1.3.0,3.1.0,not-installed,not-installed,0.22747702734057026,0.0,0.05009058,0.046814915227912535,1426.0,0.0,0.0,0.0,0.0,1.0,0.096,0.2866785713787971,0.7133214286212031,0.0,0.2866785713787971,0.2670286123337703,0.3421097363194864,0.6414703413052971,0.904,0.904,0.904,0.096,12.0,0.096,exact,304.1856000000001,29.7,neural,1426.0,5704.0,57040.0,nan,0.0,0.0,nan,,,,,,,,,,,,,,,
reviewer1_transition_dynamics_shift_smoke,reviewer1_transition_dynamics_shift_smoke,configs/reviewer1_remaining/smoke/transition_dynamics_shift.yaml,Reviewer1-transition-dynamics-shift-smoke,Reviewer1TransitionDynamicsShift-v0,Reviewer1TransitionDynamicsShift-v0,native_gymnasium_observation,relative_reliability_fuzzy,11000,train,9981,,,9981,86,-0.15000000000000058,80,1.0,9981,592,0.0013067116205080754,0.027758998796343803,0,1,3,21.07343689999834,19.83882679999806,1.2346101000002818,19.83882679999806,1.2346101000002818,b240632d76bfe6919b44416ecd12239cbcb93cea,1.8.0,cde18190c3c8d2f5e97799ac5572ab19fe5ea4929fd0422da19b385b1d617f1e,True,3.14.3,2.11.0+cpu,2.4.3,1.3.0,3.1.0,not-installed,not-installed,0.2255872452630852,0.0,0.050955128,0.03850843711603064,1449.0,0.0,0.0,0.0,0.0,1.0,0.35,0.10143657279404605,0.8985634272059538,0.0,0.10143657279404605,0.16316988435503071,0.11102033576286334,0.49800442869179007,0.65,0.65,0.65,0.35,28.0,0.35,exact,372.11625000000004,39.5,neural,1449.0,5796.0,57960.0,nan,0.0,0.0,nan,,,,,,,,,,,,,,,
reviewer1_transition_dynamics_shift_smoke,reviewer1_transition_dynamics_shift_smoke,configs/reviewer1_remaining/smoke/transition_dynamics_shift.yaml,Reviewer1-transition-dynamics-shift-smoke,Reviewer1TransitionDynamicsShift-v0,Reviewer1TransitionDynamicsShift-v0,native_gymnasium_observation,relative_reliability_fuzzy,11000,train,9992,,,9992,87,0.86,11,1.0,9992,593,0.0013228351639106757,0.027758998796343803,0,1,3,21.09347870000056,19.858868600000278,1.2346101000002818,19.858868600000278,1.2346101000002818,b240632d76bfe6919b44416ecd12239cbcb93cea,1.8.0,cde18190c3c8d2f5e97799ac5572ab19fe5ea4929fd0422da19b385b1d617f1e,True,3.14.3,2.11.0+cpu,2.4.3,1.3.0,3.1.0,not-installed,not-installed,0.22544871746911865,0.0,0.07903151,0.06947901046106447,1449.0,0.0,0.0,0.0,0.0,1.0,0.18181818181818182,0.143564334260856,0.856435665739144,0.0,0.143564334260856,0.18174942059081156,0.1587669623815075,0.5899878378724407,0.8181818181818182,0.8181818181818182,0.8181818181818182,0.18181818181818182,2.0,0.18181818181818182,exact,401.3454545454546,30.3,neural,1449.0,5796.0,57960.0,nan,0.0,0.0,nan,,,,,,,,,,,,,,,
reviewer1_transition_dynamics_shift_smoke,reviewer1_transition_dynamics_shift_smoke,configs/reviewer1_remaining/smoke/transition_dynamics_shift.yaml,Reviewer1-transition-dynamics-shift-smoke,Reviewer1TransitionDynamicsShift-v0,Reviewer1TransitionDynamicsShift-v0,native_gymnasium_observation,relative_reliability_fuzzy,11000,train,10009,,,10009,88,0.8,17,1.0,10009,594,0.0013208368579616088,0.027758998796343803,0,1,3,21.1235194999972,19.88890939999692,1.2346101000002818,19.88890939999692,1.2346101000002818,b240632d76bfe6919b44416ecd12239cbcb93cea,1.8.0,cde18190c3c8d2f5e97799ac5572ab19fe5ea4929fd0422da19b385b1d617f1e,True,3.14.3,2.11.0+cpu,2.4.3,1.3.0,3.1.0,not-installed,not-installed,0.22553827141633606,0.0,0.06677551,0.06106061917055912,1449.0,0.0,0.0,0.0,0.0,1.0,0.0,0.24043481297080305,0.759565187029197,0.0,0.24043481297080305,0.37926969229165775,0.3310697886040571,0.4552792932746903,1.0,1.0,1.0,0.0,0.0,0.0,exact,390.5294117647059,651.5,neural,1449.0,5796.0,57960.0,nan,0.0,0.0,nan,,,,,,,,,,,,,,,
reviewer1_transition_dynamics_shift_smoke,reviewer1_transition_dynamics_shift_smoke,configs/reviewer1_remaining/smoke/transition_dynamics_shift.yaml,Reviewer1-transition-dynamics-shift-smoke,Reviewer1TransitionDynamicsShift-v0,Reviewer1TransitionDynamicsShift-v0,native_gymnasium_observation,relative_reliability_fuzzy,11000,train,10169,,,10169,89,-1.9900000000000013,160,0.0,10169,604,0.001324477753983137,0.027758998796343803,0,1,3,21.411920200000168,20.177310099999886,1.2346101000002818,20.177310099999886,1.2346101000002818,b240632d76bfe6919b44416ecd12239cbcb93cea,1.8.0,cde18190c3c8d2f5e97799ac5572ab19fe5ea4929fd0422da19b385b1d617f1e,True,3.14.3,2.11.0+cpu,2.4.3,1.3.0,3.1.0,not-installed,not-installed,0.22557627893602641,0.0,0.00010076166,0.0019458421189666255,1466.0,1.0,0.0,0.0,0.0,0.0,0.10625,0.22723849051239986,0.7727615094876003,0.0,0.22723849051239986,0.295081844462939,0.26305951393458643,0.7643676767481182,0.89375,0.89375,0.89375,0.10625,17.0,0.10625,exact,391.76625,488.55,neural,1466.0,5864.0,58640.0,nan,0.0,0.0,nan,,,,,,,,,,,,,,,
reviewer1_transition_dynamics_shift_smoke,reviewer1_transition_dynamics_shift_smoke,configs/reviewer1_remaining/smoke/transition_dynamics_shift.yaml,Reviewer1-transition-dynamics-shift-smoke,Reviewer1TransitionDynamicsShift-v0,Reviewer1TransitionDynamicsShift-v0,native_gymnasium_observation,relative_reliability_fuzzy,11000,train,10329,,,10329,90,-1.8300000000000014,160,0.0,10329,614,0.00130434877702376,0.027758998796343803,0,1,3,21.73200209999777,20.49739199999749,1.2346101000002818,20.49739199999749,1.2346101000002818,b240632d76bfe6919b44416ecd12239cbcb93cea,1.8.0,cde18190c3c8d2f5e97799ac5572ab19fe5ea4929fd0422da19b385b1d617f1e,True,3.14.3,2.11.0+cpu,2.4.3,1.3.0,3.1.0,not-installed,not-installed,0.2267359438472327,0.0,7.8280405e-05,0.0005293965132279308,1488.0,1.0,0.0,0.0,0.0,0.0,0.0875,0.2765608471283348,0.7234391528716653,0.0,0.2765608471283348,0.37192457604993273,0.336707266628836,0.6633547573853396,0.9125,0.9125,0.9125,0.0875,14.0,0.0875,exact,403.718125,536.55,neural,1488.0,5952.0,59520.0,nan,0.0,0.0,nan,,,,,,,,,,,,,,,
reviewer1_transition_dynamics_shift_smoke,reviewer1_transition_dynamics_shift_smoke,configs/reviewer1_remaining/smoke/transition_dynamics_shift.yaml,Reviewer1-transition-dynamics-shift-smoke,Reviewer1TransitionDynamicsShift-v0,Reviewer1TransitionDynamicsShift-v0,native_gymnasium_observation,relative_reliability_fuzzy,11000,train,10489,,,10489,91,-2.1099999999999994,160,0.0,10489,624,0.0012841302132977571,0.027758998796343803,0,1,3,22.182465400001092,20.94785530000081,1.2346101000002818,20.94785530000081,1.2346101000002818,b240632d76bfe6919b44416ecd12239cbcb93cea,1.8.0,cde18190c3c8d2f5e97799ac5572ab19fe5ea4929fd0422da19b385b1d617f1e,True,3.14.3,2.11.0+cpu,2.4.3,1.3.0,3.1.0,not-installed,not-installed,0.2290604284004069,0.0,8.292816e-05,0.00016578153899009354,1500.0,1.0,0.0,0.0,0.0,0.0,0.11875,0.26932191502112335,0.7306780849788768,0.0,0.26932191502112335,0.3296282692028074,0.3407124204739066,0.5087277851092381,0.88125,0.88125,0.88125,0.11875,19.0,0.11875,exact,402.380625,37.900000000000006,neural,1500.0,6000.0,60000.0,nan,0.0,0.0,nan,,,,,,,,,,,,,,,
reviewer1_transition_dynamics_shift_smoke,reviewer1_transition_dynamics_shift_smoke,configs/reviewer1_remaining/smoke/transition_dynamics_shift.yaml,Reviewer1-transition-dynamics-shift-smoke,Reviewer1TransitionDynamicsShift-v0,Reviewer1TransitionDynamicsShift-v0,native_gymnasium_observation,relative_reliability_fuzzy,11000,train,10649,,,10649,92,-1.9800000000000015,160,0.0,10649,634,0.0012644793183822305,0.027758998796343803,0,1,3,22.483059699996375,21.248449599996093,1.2346101000002818,21.248449599996093,1.2346101000002818,b240632d76bfe6919b44416ecd12239cbcb93cea,1.8.0,cde18190c3c8d2f5e97799ac5572ab19fe5ea4929fd0422da19b385b1d617f1e,True,3.14.3,2.11.0+cpu,2.4.3,1.3.0,3.1.0,not-installed,not-installed,0.23350946773987785,0.0,0.00010301711,0.00046090688414928717,1503.0,1.0,0.0,0.0,0.0,0.0,0.00625,0.3526532329794383,0.6473467670205617,0.0,0.3526532329794383,0.2637002774273786,0.478206006582458,0.6223290616392334,0.99375,0.99375,0.99375,0.00625,1.0,0.00625,exact,412.22875000000005,642.65,neural,1503.0,6012.0,60120.0,nan,0.0,0.0,nan,,,,,,,,,,,,,,,
reviewer1_transition_dynamics_shift_smoke,reviewer1_transition_dynamics_shift_smoke,configs/reviewer1_remaining/smoke/transition_dynamics_shift.yaml,Reviewer1-transition-dynamics-shift-smoke,Reviewer1TransitionDynamicsShift-v0,Reviewer1TransitionDynamicsShift-v0,native_gymnasium_observation,relative_reliability_fuzzy,11000,train,10809,,,10809,93,-2.33,160,0.0,10809,644,0.0012630133815065216,0.027758998796343803,0,1,3,22.787196299999778,21.552586199999496,1.2346101000002818,21.552586199999496,1.2346101000002818,b240632d76bfe6919b44416ecd12239cbcb93cea,1.8.0,cde18190c3c8d2f5e97799ac5572ab19fe5ea4929fd0422da19b385b1d617f1e,True,3.14.3,2.11.0+cpu,2.4.3,1.3.0,3.1.0,not-installed,not-installed,0.23378908152464972,0.0,8.564306e-05,0.0009449370955294523,1524.0,1.0,0.0,0.0,0.0,0.0,0.15,0.23454816897259848,0.7654518310274014,0.0,0.23454816897259848,0.3204948294897807,0.27629597008397405,0.5721134677802429,0.85,0.85,0.85,0.15,24.0,0.15,exact,389.01000000000005,586.7,neural,1524.0,6096.0,60960.0,nan,0.0,0.0,nan,,,,,,,,,,,,,,,
reviewer1_transition_dynamics_shift_smoke,reviewer1_transition_dynamics_shift_smoke,configs/reviewer1_remaining/smoke/transition_dynamics_shift.yaml,Reviewer1-transition-dynamics-shift-smoke,Reviewer1TransitionDynamicsShift-v0,Reviewer1TransitionDynamicsShift-v0,native_gymnasium_observation,relative_reliability_fuzzy,11000,train,10829,,,10829,94,0.69,20,1.0,10829,645,0.0012611575109351474,0.027758998796343803,0,1,3,22.818010000002687,21.583399900002405,1.2346101000002818,21.583399900002405,1.2346101000002818,b240632d76bfe6919b44416ecd12239cbcb93cea,1.8.0,cde18190c3c8d2f5e97799ac5572ab19fe5ea4929fd0422da19b385b1d617f1e,True,3.14.3,2.11.0+cpu,2.4.3,1.3.0,3.1.0,not-installed,not-installed,0.23347362241706163,0.0,0.050112184,0.042797299962156275,1529.0,0.0,0.0,0.0,0.0,1.0,0.15,0.21627026346416506,0.7837297365358349,0.0,0.21627026346416506,0.30424889029698277,0.255727464791264,0.3958679923037665,0.85,0.85,0.85,0.15,3.0,0.15,exact,486.00999999999993,620.6,neural,1529.0,6116.0,61160.0,nan,0.0,0.0,nan,,,,,,,,,,,,,,,
reviewer1_transition_dynamics_shift_smoke,reviewer1_transition_dynamics_shift_smoke,configs/reviewer1_remaining/smoke/transition_dynamics_shift.yaml,Reviewer1-transition-dynamics-shift-smoke,Reviewer1TransitionDynamicsShift-v0,Reviewer1TransitionDynamicsShift-v0,native_gymnasium_observation,relative_reliability_fuzzy,11000,train,10876,,,10876,95,0.4399999999999997,47,1.0,10876,648,0.0012559000922240636,0.027758998796343803,0,1,3,22.903278400001,21.668668300000718,1.2346101000002818,21.668668300000718,1.2346101000002818,b240632d76bfe6919b44416ecd12239cbcb93cea,1.8.0,cde18190c3c8d2f5e97799ac5572ab19fe5ea4929fd0422da19b385b1d617f1e,True,3.14.3,2.11.0+cpu,2.4.3,1.3.0,3.1.0,not-installed,not-installed,0.2328438647380823,0.0,0.037506204,0.03850340619505541,1536.0,0.0,0.0,0.0,0.0,1.0,0.1276595744680851,0.18928019729704065,0.8107198027029595,0.0,0.18928019729704065,0.2466167005185253,0.20945647462038927,0.7621449219270534,0.8723404255319149,0.8723404255319149,0.8723404255319149,0.1276595744680851,6.0,0.1276595744680851,exact,384.3404255319149,630.0,neural,1536.0,6144.0,61440.0,nan,0.0,0.0,nan,,,,,,,,,,,,,,,
reviewer1_transition_dynamics_shift_smoke,reviewer1_transition_dynamics_shift_smoke,configs/reviewer1_remaining/smoke/transition_dynamics_shift.yaml,Reviewer1-transition-dynamics-shift-smoke,Reviewer1TransitionDynamicsShift-v0,Reviewer1TransitionDynamicsShift-v0,native_gymnasium_observation,relative_reliability_fuzzy,11000,train,11036,,,11036,96,-1.750000000000001,160,0.0,11036,658,0.0012382957998260775,0.027758998796343803,0,1,3,23.21413390000089,21.979523800000607,1.2346101000002818,21.979523800000607,1.2346101000002818,b240632d76bfe6919b44416ecd12239cbcb93cea,1.8.0,cde18190c3c8d2f5e97799ac5572ab19fe5ea4929fd0422da19b385b1d617f1e,True,3.14.3,2.11.0+cpu,2.4.3,1.3.0,3.1.0,not-installed,not-installed,0.23142311989266784,0.0,7.2824994e-05,0.0007878704364039579,1562.0,1.0,0.0,0.0,0.0,0.0,0.175,0.17870084574672612,0.8212991542532739,0.0,0.17870084574672612,0.21578297475633024,0.2005225631072208,0.8059379374757283,0.825,0.825,0.825,0.175,28.0,0.175,exact,461.95874999999995,648.5999999999999,neural,1562.0,6248.0,62480.0,nan,0.0,0.0,nan,,,,,,,,,,,,,,,
reviewer1_transition_dynamics_shift_smoke,reviewer1_transition_dynamics_shift_smoke,configs/reviewer1_remaining/smoke/transition_dynamics_shift.yaml,Reviewer1-transition-dynamics-shift-smoke,Reviewer1TransitionDynamicsShift-v0,Reviewer1TransitionDynamicsShift-v0,native_gymnasium_observation,relative_reliability_fuzzy,11000,train,11051,,,11051,97,0.86,15,1.0,11051,659,0.0012364841342886626,0.027758998796343803,0,1,3,23.241363599998294,22.006753499998013,1.2346101000002818,22.006753499998013,1.2346101000002818,b240632d76bfe6919b44416ecd12239cbcb93cea,1.8.0,cde18190c3c8d2f5e97799ac5572ab19fe5ea4929fd0422da19b385b1d617f1e,True,3.14.3,2.11.0+cpu,2.4.3,1.3.0,3.1.0,not-installed,not-installed,0.2311055109607655,0.0,0.05006946,0.036257491229498805,1565.0,0.0,0.0,0.0,0.0,1.0,0.2,0.15044631774682168,0.8495536822531783,0.0,0.15044631774682168,0.2467647479832496,0.16578003548006073,0.5114978344094259,0.8,0.8,0.8,0.2,3.0,0.2,exact,376.32666666666665,58.1,neural,1565.0,6260.0,62600.0,nan,0.0,0.0,nan,,,,,,,,,,,,,,,
reviewer1_transition_dynamics_shift_smoke,reviewer1_transition_dynamics_shift_smoke,configs/reviewer1_remaining/smoke/transition_dynamics_shift.yaml,Reviewer1-transition-dynamics-shift-smoke,Reviewer1TransitionDynamicsShift-v0,Reviewer1TransitionDynamicsShift-v0,native_gymnasium_observation,relative_reliability_fuzzy,11000,train,11056,,,11056,98,0.96,5,1.0,11056,660,0.0012346545456294376,0.027758998796343803,0,1,3,23.252795300002617,22.018185200002335,1.2346101000002818,22.018185200002335,1.2346101000002818,b240632d76bfe6919b44416ecd12239cbcb93cea,1.8.0,cde18190c3c8d2f5e97799ac5572ab19fe5ea4929fd0422da19b385b1d617f1e,True,3.14.3,2.11.0+cpu,2.4.3,1.3.0,3.1.0,not-installed,not-installed,0.23096429444075126,0.0,0.08876041,0.07050615473454108,1569.0,0.0,0.0,0.0,0.0,1.0,0.2,0.04,0.96,0.0,0.04,0.0,0.039016460399428785,0.8059533780099969,0.8,0.8,0.8,0.2,1.0,0.2,exact,302.28000000000003,22.7,neural,1569.0,6276.0,62760.0,nan,0.0,0.0,nan,,,,,,,,,,,,,,,
reviewer1_transition_dynamics_shift_smoke,reviewer1_transition_dynamics_shift_smoke,configs/reviewer1_remaining/smoke/transition_dynamics_shift.yaml,Reviewer1-transition-dynamics-shift-smoke,Reviewer1TransitionDynamicsShift-v0,Reviewer1TransitionDynamicsShift-v0,native_gymnasium_observation,relative_reliability_fuzzy,11000,train,11176,,,11176,99,-0.6100000000000012,120,1.0,11176,667,0.001222055396605195,0.027758998796343803,0,1,3,23.498396199996932,22.26378609999665,1.2346101000002818,22.26378609999665,1.2346101000002818,b240632d76bfe6919b44416ecd12239cbcb93cea,1.8.0,cde18190c3c8d2f5e97799ac5572ab19fe5ea4929fd0422da19b385b1d617f1e,True,3.14.3,2.11.0+cpu,2.4.3,1.3.0,3.1.0,not-installed,not-installed,0.23188821295018938,0.0,0.056338638,0.03809986744721265,1572.0,0.0,0.0,0.0,0.0,1.0,0.075,0.2481387076784202,0.7518612923215798,0.0,0.2481387076784202,0.25593046721864826,0.28715396359428325,0.7882817214652412,0.925,0.925,0.925,0.075,9.0,0.075,exact,460.22583333333324,657.0,neural,1572.0,6288.0,62880.0,nan,0.0,0.0,nan,,,,,,,,,,,,,,,
reviewer1_transition_dynamics_shift_smoke,reviewer1_transition_dynamics_shift_smoke,configs/reviewer1_remaining/smoke/transition_dynamics_shift.yaml,Reviewer1-transition-dynamics-shift-smoke,Reviewer1TransitionDynamicsShift-v0,Reviewer1TransitionDynamicsShift-v0,native_gymnasium_observation,relative_reliability_fuzzy,11000,train,11336,,,11336,100,-2.1299999999999994,160,0.0,11336,677,0.0012361194135545657,0.027758998796343803,0,1,3,23.761367099999916,22.526756999999634,1.2346101000002818,22.526756999999634,1.2346101000002818,b240632d76bfe6919b44416ecd12239cbcb93cea,1.8.0,cde18190c3c8d2f5e97799ac5572ab19fe5ea4929fd0422da19b385b1d617f1e,True,3.14.3,2.11.0+cpu,2.4.3,1.3.0,3.1.0,not-installed,not-installed,0.23185202497332758,0.0,0.00011202409,0.0012068202188361388,1592.0,1.0,0.0,0.0,0.0,0.0,0.1125,0.22543415274232684,0.7745658472576731,0.0,0.22543415274232684,0.2951042940955403,0.2646570304092221,0.6131295254404168,0.8875,0.8875,0.8875,0.1125,18.0,0.1125,exact,431.7168750000001,652.0,neural,1592.0,6368.0,63680.0,nan,0.0,0.0,nan,,,,,,,,,,,,,,,
reviewer1_transition_dynamics_shift_smoke,reviewer1_transition_dynamics_shift_smoke,configs/reviewer1_remaining/smoke/transition_dynamics_shift.yaml,Reviewer1-transition-dynamics-shift-smoke,Reviewer1TransitionDynamicsShift-v0,Reviewer1TransitionDynamicsShift-v0,native_gymnasium_observation,relative_reliability_fuzzy,11000,train,11337,,,11337,101,1.0,1,1.0,11337,677,0.0012361194135545657,0.027758998796343803,0,1,3,23.76556459999847,22.530954499998188,1.2346101000002818,22.530954499998188,1.2346101000002818,b240632d76bfe6919b44416ecd12239cbcb93cea,1.8.0,cde18190c3c8d2f5e97799ac5572ab19fe5ea4929fd0422da19b385b1d617f1e,True,3.14.3,2.11.0+cpu,2.4.3,1.3.0,3.1.0,not-installed,not-installed,0.23185202497332758,0.0,0.032106426,0.044781815894384715,1592.0,0.0,0.0,0.0,0.0,1.0,1.0,0.0,1.0,0.0,0.0,0.0,0.0,0.6987058212715702,0.0,0.0,0.0,1.0,1.0,1.0,support-boundary collapse,27.3,27.3,neural,1592.0,6368.0,63680.0,nan,0.0,0.0,nan,,,,,,,,,,,,,,,
reviewer1_transition_dynamics_shift_smoke,reviewer1_transition_dynamics_shift_smoke,configs/reviewer1_remaining/smoke/transition_dynamics_shift.yaml,Reviewer1-transition-dynamics-shift-smoke,Reviewer1TransitionDynamicsShift-v0,Reviewer1TransitionDynamicsShift-v0,native_gymnasium_observation,relative_reliability_fuzzy,11000,train,11497,,,11497,102,-2.0000000000000013,160,0.0,11497,687,0.001254969622786871,0.027758998796343803,0,1,3,24.141772499999206,22.907162399998924,1.2346101000002818,22.907162399998924,1.2346101000002818,b240632d76bfe6919b44416ecd12239cbcb93cea,1.8.0,cde18190c3c8d2f5e97799ac5572ab19fe5ea4929fd0422da19b385b1d617f1e,True,3.14.3,2.11.0+cpu,2.4.3,1.3.0,3.1.0,not-installed,not-installed,0.23194285108954626,0.0,9.129946e-05,0.0007309876552958421,1606.0,1.0,0.0,0.0,0.0,0.0,0.09375,0.26081730432579003,0.73918269567421,0.0,0.26081730432579003,0.371908122281757,0.3296868961357673,0.7184681461363474,0.90625,0.90625,0.90625,0.09375,15.0,0.09375,exact,416.76000000000005,652.55,neural,1606.0,6424.0,64240.0,nan,0.0,0.0,nan,,,,,,,,,,,,,,,
reviewer1_transition_dynamics_shift_smoke,reviewer1_transition_dynamics_shift_smoke,configs/reviewer1_remaining/smoke/transition_dynamics_shift.yaml,Reviewer1-transition-dynamics-shift-smoke,Reviewer1TransitionDynamicsShift-v0,Reviewer1TransitionDynamicsShift-v0,native_gymnasium_observation,relative_reliability_fuzzy,11000,train,11657,,,11657,103,-2.3599999999999963,160,0.0,11657,697,0.0012564189619662758,0.027758998796343803,0,1,3,24.476105100002314,23.241495000002033,1.2346101000002818,23.241495000002033,1.2346101000002818,b240632d76bfe6919b44416ecd12239cbcb93cea,1.8.0,cde18190c3c8d2f5e97799ac5572ab19fe5ea4929fd0422da19b385b1d617f1e,True,3.14.3,2.11.0+cpu,2.4.3,1.3.0,3.1.0,not-installed,not-installed,0.2346135089651833,0.0,8.412752e-05,0.0004890264920177597,1622.0,1.0,0.0,0.0,0.0,0.0,0.0625,0.31945536267889063,0.6805446373211094,0.0,0.31945536267889063,0.3232133266783334,0.4444393937868288,0.5398788278806702,0.9375,0.9375,0.9375,0.0625,10.0,0.0625,exact,388.1825,334.85,neural,1622.0,6488.0,64880.0,nan,0.0,0.0,nan,,,,,,,,,,,,,,,
reviewer1_transition_dynamics_shift_smoke,reviewer1_transition_dynamics_shift_smoke,configs/reviewer1_remaining/smoke/transition_dynamics_shift.yaml,Reviewer1-transition-dynamics-shift-smoke,Reviewer1TransitionDynamicsShift-v0,Reviewer1TransitionDynamicsShift-v0,native_gymnasium_observation,relative_reliability_fuzzy,11000,train,11797,,,11797,104,-0.9000000000000012,140,1.0,11797,706,0.001241548190439845,0.027758998796343803,0,1,3,24.751475199998822,23.51686509999854,1.2346101000002818,23.51686509999854,1.2346101000002818,b240632d76bfe6919b44416ecd12239cbcb93cea,1.8.0,cde18190c3c8d2f5e97799ac5572ab19fe5ea4929fd0422da19b385b1d617f1e,True,3.14.3,2.11.0+cpu,2.4.3,1.3.0,3.1.0,not-installed,not-installed,0.23366963658722936,0.0,0.050109424,0.033628283777865316,1642.0,0.0,0.0,0.0,0.0,1.0,0.1357142857142857,0.19069552173087892,0.8093044782691212,0.0,0.19069552173087892,0.27614016435705446,0.21606933636241127,0.7621816611627227,0.8642857142857143,0.8642857142857143,0.8642857142857143,0.1357142857142857,19.0,0.1357142857142857,exact,381.16928571428576,50.55,neural,1642.0,6568.0,65680.0,nan,0.0,0.0,nan,,,,,,,,,,,,,,,
reviewer1_transition_dynamics_shift_smoke,reviewer1_transition_dynamics_shift_smoke,configs/reviewer1_remaining/smoke/transition_dynamics_shift.yaml,Reviewer1-transition-dynamics-shift-smoke,Reviewer1TransitionDynamicsShift-v0,Reviewer1TransitionDynamicsShift-v0,native_gymnasium_observation,relative_reliability_fuzzy,11000,train,11828,,,11828,105,0.4999999999999999,31,1.0,11828,708,0.0012382365885958916,0.027758998796343803,0,1,3,24.813369800001965,23.578759700001683,1.2346101000002818,23.578759700001683,1.2346101000002818,b240632d76bfe6919b44416ecd12239cbcb93cea,1.8.0,cde18190c3c8d2f5e97799ac5572ab19fe5ea4929fd0422da19b385b1d617f1e,True,3.14.3,2.11.0+cpu,2.4.3,1.3.0,3.1.0,not-installed,not-installed,0.23304134717020947,0.0,0.060320348,0.04891725667158096,1652.0,0.0,0.0,0.0,0.0,1.0,0.3548387096774194,0.15307327667746046,0.8469267233225396,0.0,0.15307327667746046,0.28052598113063015,0.17111523037538118,0.7041198695102536,0.6451612903225806,0.6451612903225806,0.6451612903225806,0.3548387096774194,11.0,0.3548387096774194,exact,543.1161290322578,666.5,neural,1652.0,6608.0,66080.0,nan,0.0,0.0,nan,,,,,,,,,,,,,,,
reviewer1_transition_dynamics_shift_smoke,reviewer1_transition_dynamics_shift_smoke,configs/reviewer1_remaining/smoke/transition_dynamics_shift.yaml,Reviewer1-transition-dynamics-shift-smoke,Reviewer1TransitionDynamicsShift-v0,Reviewer1TransitionDynamicsShift-v0,native_gymnasium_observation,relative_reliability_fuzzy,11000,train,11988,,,11988,106,-1.9100000000000015,160,0.0,11988,718,0.001237357192206378,0.027758998796343803,0,1,3,25.242138000001432,24.00752790000115,1.2346101000002818,24.00752790000115,1.2346101000002818,b240632d76bfe6919b44416ecd12239cbcb93cea,1.8.0,cde18190c3c8d2f5e97799ac5572ab19fe5ea4929fd0422da19b385b1d617f1e,True,3.14.3,2.11.0+cpu,2.4.3,1.3.0,3.1.0,not-installed,not-installed,0.23142004359888182,0.0,7.024169e-05,0.00026532578422358056,1676.0,1.0,0.0,0.0,0.0,0.0,0.14375,0.1750518714790263,0.8249481285209737,0.0,0.1750518714790263,0.21577485543206204,0.19547835573162578,0.7708234683748006,0.85625,0.85625,0.85625,0.14375,23.0,0.14375,exact,521.290625,688.25,neural,1676.0,6704.0,67040.0,nan,0.0,0.0,nan,,,,,,,,,,,,,,,
reviewer1_transition_dynamics_shift_smoke,reviewer1_transition_dynamics_shift_smoke,configs/reviewer1_remaining/smoke/transition_dynamics_shift.yaml,Reviewer1-transition-dynamics-shift-smoke,Reviewer1TransitionDynamicsShift-v0,Reviewer1TransitionDynamicsShift-v0,native_gymnasium_observation,relative_reliability_fuzzy,11000,eval,12000,12000,-2.8099999999999987,12000,1,-2.8099999999999987,160,0.0,12000,719,0.0012357238036110958,0.027758998796343803,0,2,3,26.459263500000816,24.027550200000405,2.4317133000004105,24.027550200000405,2.4317133000004105,b240632d76bfe6919b44416ecd12239cbcb93cea,1.8.0,cde18190c3c8d2f5e97799ac5572ab19fe5ea4929fd0422da19b385b1d617f1e,True,3.14.3,2.11.0+cpu,2.4.3,1.3.0,3.1.0,not-installed,not-installed,0.23150502519867172,0.0,7.128082e-05,0.0003654560814623394,1676.0,1.0,0.0,0.0,0.0,0.0,0.725,0.08751381693514963,0.9124861830648504,0.0,0.08751381693514963,0.326157845921959,0.09723049118166174,0.8006923883335639,0.275,0.275,0.275,0.725,116.0,0.725,support-boundary collapse,833.250625,795.95,neural,1676.0,6704.0,67040.0,nan,0.0,0.0,nan,nan,nan,1,2,nan,nan,nan,unavailable,unavailable,unavailable,nan,nan,1.0,global_action_outcome,79.5
reviewer1_transition_dynamics_shift_smoke,reviewer1_transition_dynamics_shift_smoke,configs/reviewer1_remaining/smoke/transition_dynamics_shift.yaml,Reviewer1-transition-dynamics-shift-smoke,Reviewer1TransitionDynamicsShift-v0,Reviewer1TransitionDynamicsShift-v0,native_gymnasium_observation,relative_reliability_fuzzy,11000,eval,12000,12000,-3.0000000000000013,12000,2,-3.0000000000000013,160,0.0,12000,719,0.0012357238036110958,0.027758998796343803,0,2,3,26.46040009999706,24.02868679999665,2.4317133000004105,24.02868679999665,2.4317133000004105,b240632d76bfe6919b44416ecd12239cbcb93cea,1.8.0,cde18190c3c8d2f5e97799ac5572ab19fe5ea4929fd0422da19b385b1d617f1e,True,3.14.3,2.11.0+cpu,2.4.3,1.3.0,3.1.0,not-installed,not-installed,0.23150502519867172,0.0,7.128082e-05,0.0003654560814623394,1676.0,1.0,0.0,0.0,0.0,0.0,0.0,0.3300492942567531,0.6699507057432468,0.0,0.3300492942567531,0.25143966286290376,0.36801869931901077,0.7860205675913681,1.0,1.0,1.0,0.0,0.0,0.0,exact,748.9137499999999,718.45,neural,1676.0,6704.0,67040.0,nan,0.0,0.0,nan,nan,nan,0,2,nan,nan,nan,unavailable,unavailable,unavailable,nan,nan,1.0,global_action_outcome,79.5
reviewer1_transition_dynamics_shift_smoke,reviewer1_transition_dynamics_shift_smoke,configs/reviewer1_remaining/smoke/transition_dynamics_shift.yaml,Reviewer1-transition-dynamics-shift-smoke,Reviewer1TransitionDynamicsShift-v0,Reviewer1TransitionDynamicsShift-v0,native_gymnasium_observation,relative_reliability_fuzzy,11000,eval,12000,12000,-1.6800000000000013,12000,3,-1.6800000000000013,160,0.0,12000,719,0.0012357238036110958,0.027758998796343803,0,2,3,26.46114790000138,24.029434600000968,2.4317133000004105,24.029434600000968,2.4317133000004105,b240632d76bfe6919b44416ecd12239cbcb93cea,1.8.0,cde18190c3c8d2f5e97799ac5572ab19fe5ea4929fd0422da19b385b1d617f1e,True,3.14.3,2.11.0+cpu,2.4.3,1.3.0,3.1.0,not-installed,not-installed,0.23150502519867172,0.0,7.128082e-05,0.0003654560814623394,1676.0,1.0,0.0,0.0,0.0,0.0,0.0,0.45284708937400425,0.5471529106259959,0.0,0.45284708937400425,0.006080468295067032,0.5735070381096488,0.6490496469489957,1.0,1.0,1.0,0.0,0.0,0.0,exact,845.503125,788.4000000000001,neural,1676.0,6704.0,67040.0,nan,0.0,0.0,nan,nan,nan,3,2,nan,nan,nan,unavailable,unavailable,unavailable,nan,nan,1.0,global_action_outcome,79.5
reviewer1_transition_dynamics_shift_smoke,reviewer1_transition_dynamics_shift_smoke,configs/reviewer1_remaining/smoke/transition_dynamics_shift.yaml,Reviewer1-transition-dynamics-shift-smoke,Reviewer1TransitionDynamicsShift-v0,Reviewer1TransitionDynamicsShift-v0,native_gymnasium_observation,relative_reliability_fuzzy,11000,eval,12000,12000,-2.6499999999999995,12000,4,-2.6499999999999995,160,0.0,12000,719,0.0012357238036110958,0.027758998796343803,0,2,3,26.461642800000845,24.029929500000435,2.4317133000004105,24.029929500000435,2.4317133000004105,b240632d76bfe6919b44416ecd12239cbcb93cea,1.8.0,cde18190c3c8d2f5e97799ac5572ab19fe5ea4929fd0422da19b385b1d617f1e,True,3.14.3,2.11.0+cpu,2.4.3,1.3.0,3.1.0,not-installed,not-installed,0.23150502519867172,0.0,7.128082e-05,0.0003654560814623394,1676.0,1.0,0.0,0.0,0.0,0.0,0.93125,0.021687273121120572,0.9783127268788794,0.0,0.021687273121120572,0.0,0.024358016624489588,0.7611633564237623,0.06875,0.06875,0.06875,0.93125,149.0,0.93125,support-boundary collapse,834.6462500000001,802.25,neural,1676.0,6704.0,67040.0,nan,0.0,0.0,nan,nan,nan,3,2,nan,nan,nan,unavailable,unavailable,unavailable,nan,nan,1.0,global_action_outcome,79.5
reviewer1_transition_dynamics_shift_smoke,reviewer1_transition_dynamics_shift_smoke,configs/reviewer1_remaining/smoke/transition_dynamics_shift.yaml,Reviewer1-transition-dynamics-shift-smoke,Reviewer1TransitionDynamicsShift-v0,Reviewer1TransitionDynamicsShift-v0,native_gymnasium_observation,relative_reliability_fuzzy,11000,train,12013,,,12013,107,0.71,25,1.0,12013,719,0.0012357238036110958,0.027758998796343803,0,2,3,26.480218500000774,24.048505200000363,2.4317133000004105,24.048505200000363,2.4317133000004105,b240632d76bfe6919b44416ecd12239cbcb93cea,1.8.0,cde18190c3c8d2f5e97799ac5572ab19fe5ea4929fd0422da19b385b1d617f1e,True,3.14.3,2.11.0+cpu,2.4.3,1.3.0,3.1.0,not-installed,not-installed,0.2316198653247077,0.0,0.036134798,0.039490502154286226,1676.0,0.0,0.0,0.0,0.0,1.0,0.0,0.2778633599512263,0.7221366400487738,0.0,0.2778633599512263,0.09314079823508012,0.3087511748600119,0.8768793800736578,1.0,1.0,1.0,0.0,0.0,0.0,exact,398.87999999999994,48.9,neural,1676.0,6704.0,67040.0,nan,0.0,0.0,nan,,,,,,,,,,,,,,,
reviewer1_transition_dynamics_shift_smoke,reviewer1_transition_dynamics_shift_smoke,configs/reviewer1_remaining/smoke/transition_dynamics_shift.yaml,Reviewer1-transition-dynamics-shift-smoke,Reviewer1TransitionDynamicsShift-v0,Reviewer1TransitionDynamicsShift-v0,native_gymnasium_observation,relative_reliability_fuzzy,11000,eval,12020,12020,-2.83,12020,1,-2.83,160,0.0,12020,720,0.0012343449956738874,0.027758998796343803,0,3,3,27.376962100002856,24.063923200003046,3.3130388999998104,24.063923200003046,3.3130388999998104,b240632d76bfe6919b44416ecd12239cbcb93cea,1.8.0,cde18190c3c8d2f5e97799ac5572ab19fe5ea4929fd0422da19b385b1d617f1e,True,3.14.3,2.11.0+cpu,2.4.3,1.3.0,3.1.0,not-installed,not-installed,0.23133836491103482,0.0,0.025286486,0.027633966962553647,1679.0,1.0,0.0,0.0,0.0,0.0,1.0,0.0,1.0,0.0,0.0,0.0,0.0,0.5579904589420954,0.0,0.0,0.0,1.0,160.0,1.0,support-boundary collapse,803.475625,784.9,neural,1679.0,6716.0,67160.0,nan,0.0,0.0,nan,nan,nan,3,2,nan,nan,nan,unavailable,unavailable,unavailable,nan,nan,1.0,global_action_outcome,99.5
reviewer1_transition_dynamics_shift_smoke,reviewer1_transition_dynamics_shift_smoke,configs/reviewer1_remaining/smoke/transition_dynamics_shift.yaml,Reviewer1-transition-dynamics-shift-smoke,Reviewer1TransitionDynamicsShift-v0,Reviewer1TransitionDynamicsShift-v0,native_gymnasium_observation,relative_reliability_fuzzy,11000,eval,12020,12020,-2.9800000000000018,12020,2,-2.9800000000000018,160,0.0,12020,720,0.0012343449956738874,0.027758998796343803,0,3,3,27.37777059999644,24.064731699996628,3.3130388999998104,24.064731699996628,3.3130388999998104,b240632d76bfe6919b44416ecd12239cbcb93cea,1.8.0,cde18190c3c8d2f5e97799ac5572ab19fe5ea4929fd0422da19b385b1d617f1e,True,3.14.3,2.11.0+cpu,2.4.3,1.3.0,3.1.0,not-installed,not-installed,0.23133836491103482,0.0,0.025286486,0.027633966962553647,1679.0,1.0,0.0,0.0,0.0,0.0,0.84375,0.015875661886294783,0.9841243381137051,0.0,0.015875661886294783,0.0,0.01757274840977937,0.3974642923505841,0.15625,0.15625,0.15625,0.84375,135.0,0.84375,support-boundary collapse,779.140625,755.1500000000001,neural,1679.0,6716.0,67160.0,nan,0.0,0.0,nan,nan,nan,0,1,nan,nan,nan,unavailable,unavailable,unavailable,nan,nan,1.0,global_action_outcome,99.5
reviewer1_transition_dynamics_shift_smoke,reviewer1_transition_dynamics_shift_smoke,configs/reviewer1_remaining/smoke/transition_dynamics_shift.yaml,Reviewer1-transition-dynamics-shift-smoke,Reviewer1TransitionDynamicsShift-v0,Reviewer1TransitionDynamicsShift-v0,native_gymnasium_observation,relative_reliability_fuzzy,11000,eval,12020,12020,-2.96,12020,3,-2.96,160,0.0,12020,720,0.0012343449956738874,0.027758998796343803,0,3,3,27.378232000002754,24.065193100002944,3.3130388999998104,24.065193100002944,3.3130388999998104,b240632d76bfe6919b44416ecd12239cbcb93cea,1.8.0,cde18190c3c8d2f5e97799ac5572ab19fe5ea4929fd0422da19b385b1d617f1e,True,3.14.3,2.11.0+cpu,2.4.3,1.3.0,3.1.0,not-installed,not-installed,0.23133836491103482,0.0,0.025286486,0.027633966962553647,1679.0,1.0,0.0,0.0,0.0,0.0,1.0,0.0,1.0,0.0,0.0,0.0,0.0,0.5862078415488019,0.0,0.0,0.0,1.0,160.0,1.0,support-boundary collapse,854.150625,815.45,neural,1679.0,6716.0,67160.0,nan,0.0,0.0,nan,nan,nan,3,2,nan,nan,nan,unavailable,unavailable,unavailable,nan,nan,1.0,global_action_outcome,99.5
reviewer1_transition_dynamics_shift_smoke,reviewer1_transition_dynamics_shift_smoke,configs/reviewer1_remaining/smoke/transition_dynamics_shift.yaml,Reviewer1-transition-dynamics-shift-smoke,Reviewer1TransitionDynamicsShift-v0,Reviewer1TransitionDynamicsShift-v0,native_gymnasium_observation,relative_reliability_fuzzy,11000,eval,12020,12020,-2.7799999999999985,12020,4,-2.7799999999999985,160,0.0,12020,720,0.0012343449956738874,0.027758998796343803,0,3,3,27.378634799999418,24.065595899999607,3.3130388999998104,24.065595899999607,3.3130388999998104,b240632d76bfe6919b44416ecd12239cbcb93cea,1.8.0,cde18190c3c8d2f5e97799ac5572ab19fe5ea4929fd0422da19b385b1d617f1e,True,3.14.3,2.11.0+cpu,2.4.3,1.3.0,3.1.0,not-installed,not-installed,0.23133836491103482,0.0,0.025286486,0.027633966962553647,1679.0,1.0,0.0,0.0,0.0,0.0,0.25625,0.3171911610940896,0.6828088389059104,0.0,0.3171911610940896,0.4757552883086955,0.437206844751436,0.7352886367959628,0.74375,0.74375,0.74375,0.25625,41.0,0.25625,exact,836.0674999999999,800.7,neural,1679.0,6716.0,67160.0,nan,0.0,0.0,nan,nan,nan,0,1,nan,nan,nan,unavailable,unavailable,unavailable,nan,nan,1.0,global_action_outcome,99.5
reviewer1_transition_dynamics_shift_smoke,reviewer1_transition_dynamics_shift_smoke,configs/reviewer1_remaining/smoke/transition_dynamics_shift.yaml,Reviewer1-transition-dynamics-shift-smoke,Reviewer1TransitionDynamicsShift-v0,Reviewer1TransitionDynamicsShift-v0,native_gymnasium_observation,relative_reliability_fuzzy,11000,train,12020,,,12020,108,-0.09000000000000001,7,0.0,12020,720,0.0012343449956738874,0.027758998796343803,0,3,3,27.381100999999035,24.068062099999224,3.3130388999998104,24.068062099999224,3.3130388999998104,b240632d76bfe6919b44416ecd12239cbcb93cea,1.8.0,cde18190c3c8d2f5e97799ac5572ab19fe5ea4929fd0422da19b385b1d617f1e,True,3.14.3,2.11.0+cpu,2.4.3,1.3.0,3.1.0,not-installed,not-installed,0.23133836491103482,0.0,0.025286486,0.027633966962553647,1679.0,1.0,0.0,0.0,0.0,0.0,0.5714285714285714,0.026542413971070045,0.9734575860289301,0.0,0.026542413971070045,0.05,0.027529104708944634,0.569109607982424,0.42857142857142855,0.42857142857142855,0.42857142857142855,0.5714285714285714,4.0,0.5714285714285714,support-boundary collapse,583.6857142857142,643.7,neural,1679.0,6716.0,67160.0,nan,0.0,0.0,nan,,,,,,,,,,,,,,,
reviewer1_transition_dynamics_shift_smoke,reviewer1_transition_dynamics_shift_smoke,configs/reviewer1_remaining/smoke/transition_dynamics_shift.yaml,Reviewer1-transition-dynamics-shift-smoke,Reviewer1TransitionDynamicsShift-v0,Reviewer1TransitionDynamicsShift-v0,native_gymnasium_observation,relative_reliability_fuzzy,11001,train,17,,,17,1,0.84,17,1.0,17,0,nan,nan,0,0,3,0.03413320000254316,0.03413320000254316,0.0,0.03413320000254316,0.0,b240632d76bfe6919b44416ecd12239cbcb93cea,1.8.0,cde18190c3c8d2f5e97799ac5572ab19fe5ea4929fd0422da19b385b1d617f1e,True,3.14.3,2.11.0+cpu,2.4.3,1.3.0,3.1.0,not-installed,not-installed,0.0,0.0,0.46817237,0.46495478990877004,12.0,0.0,0.0,0.0,0.0,1.0,1.0,0.0,0.0,0.0,nan,nan,0.0,nan,0.0,0.0,nan,0.0,nan,nan,unsupported,35.35294117647059,28.3,none,12.0,48.0,480.0,nan,0.0,0.0,nan,,,,,,,,,,,,,,,
reviewer1_transition_dynamics_shift_smoke,reviewer1_transition_dynamics_shift_smoke,configs/reviewer1_remaining/smoke/transition_dynamics_shift.yaml,Reviewer1-transition-dynamics-shift-smoke,Reviewer1TransitionDynamicsShift-v0,Reviewer1TransitionDynamicsShift-v0,native_gymnasium_observation,relative_reliability_fuzzy,11001,train,177,,,177,2,-1.9200000000000015,160,0.0,177,0,nan,nan,0,0,3,0.34230570000363514,0.34230570000363514,0.0,0.34230570000363514,0.0,b240632d76bfe6919b44416ecd12239cbcb93cea,1.8.0,cde18190c3c8d2f5e97799ac5572ab19fe5ea4929fd0422da19b385b1d617f1e,True,3.14.3,2.11.0+cpu,2.4.3,1.3.0,3.1.0,not-installed,not-installed,0.05,0.0,0.00024883827,0.020179662027086827,41.0,1.0,0.0,0.0,0.0,0.0,0.33125,0.033437499999999995,0.6353125000000001,0.0,0.049999999999999996,0.0,0.032615322365147505,0.9637642438240273,0.66875,0.66875,1.0,0.0,0.0,0.0,exact,36.354375,24.6,neural,41.0,164.0,1640.0,nan,0.0,0.0,nan,,,,,,,,,,,,,,,
reviewer1_transition_dynamics_shift_smoke,reviewer1_transition_dynamics_shift_smoke,configs/reviewer1_remaining/smoke/transition_dynamics_shift.yaml,Reviewer1-transition-dynamics-shift-smoke,Reviewer1TransitionDynamicsShift-v0,Reviewer1TransitionDynamicsShift-v0,native_gymnasium_observation,relative_reliability_fuzzy,11001,train,189,,,189,3,0.8300000000000001,12,1.0,189,0,nan,nan,0,0,3,0.3514368000032846,0.3514368000032846,0.0,0.3514368000032846,0.0,b240632d76bfe6919b44416ecd12239cbcb93cea,1.8.0,cde18190c3c8d2f5e97799ac5572ab19fe5ea4929fd0422da19b385b1d617f1e,True,3.14.3,2.11.0+cpu,2.4.3,1.3.0,3.1.0,not-installed,not-installed,0.05,0.0,0.0502113,0.08397853084232137,43.0,0.0,0.0,0.0,0.0,1.0,0.0,0.05000000000000001,0.9499999999999997,0.0,0.05000000000000001,0.0,0.048770575499285984,0.9637642438240274,1.0,1.0,1.0,0.0,0.0,0.0,exact,17.033333333333335,16.9,neural,43.0,172.0,1720.0,nan,0.0,0.0,nan,,,,,,,,,,,,,,,
reviewer1_transition_dynamics_shift_smoke,reviewer1_transition_dynamics_shift_smoke,configs/reviewer1_remaining/smoke/transition_dynamics_shift.yaml,Reviewer1-transition-dynamics-shift-smoke,Reviewer1TransitionDynamicsShift-v0,Reviewer1TransitionDynamicsShift-v0,native_gymnasium_observation,relative_reliability_fuzzy,11001,train,349,,,349,4,-2.0400000000000005,160,0.0,349,0,nan,nan,0,0,3,0.6099413999982062,0.6099413999982062,0.0,0.6099413999982062,0.0,b240632d76bfe6919b44416ecd12239cbcb93cea,1.8.0,cde18190c3c8d2f5e97799ac5572ab19fe5ea4929fd0422da19b385b1d617f1e,True,3.14.3,2.11.0+cpu,2.4.3,1.3.0,3.1.0,not-installed,not-installed,0.18347797207644503,0.0,0.00013107291,0.026965547684459128,64.0,1.0,0.0,0.0,0.0,0.0,0.0,0.15128645911229324,0.8487135408877066,0.0,0.15128645911229324,0.24918708555824987,0.16301135469916833,0.8547953491984552,1.0,1.0,1.0,0.0,0.0,0.0,exact,35.850625,22.1,neural,64.0,256.0,2560.0,nan,0.0,0.0,nan,,,,,,,,,,,,,,,
reviewer1_transition_dynamics_shift_smoke,reviewer1_transition_dynamics_shift_smoke,configs/reviewer1_remaining/smoke/transition_dynamics_shift.yaml,Reviewer1-transition-dynamics-shift-smoke,Reviewer1TransitionDynamicsShift-v0,Reviewer1TransitionDynamicsShift-v0,native_gymnasium_observation,relative_reliability_fuzzy,11001,train,357,,,357,5,0.91,8,1.0,357,0,nan,nan,0,0,3,0.6189290999973309,0.6189290999973309,0.0,0.6189290999973309,0.0,b240632d76bfe6919b44416ecd12239cbcb93cea,1.8.0,cde18190c3c8d2f5e97799ac5572ab19fe5ea4929fd0422da19b385b1d617f1e,True,3.14.3,2.11.0+cpu,2.4.3,1.3.0,3.1.0,not-installed,not-installed,0.18347797207644503,0.0,0.05014018,0.07621242528771757,70.0,0.0,0.0,0.0,0.0,1.0,0.0,0.20124683067108529,0.7987531693289147,0.0,0.20124683067108529,0.0,0.22119921692859512,0.6623140320454559,1.0,1.0,1.0,0.0,0.0,0.0,exact,20.15,18.95,neural,70.0,280.0,2800.0,nan,0.0,0.0,nan,,,,,,,,,,,,,,,
reviewer1_transition_dynamics_shift_smoke,reviewer1_transition_dynamics_shift_smoke,configs/reviewer1_remaining/smoke/transition_dynamics_shift.yaml,Reviewer1-transition-dynamics-shift-smoke,Reviewer1TransitionDynamicsShift-v0,Reviewer1TransitionDynamicsShift-v0,native_gymnasium_observation,relative_reliability_fuzzy,11001,train,359,,,359,6,0.98,2,1.0,359,0,nan,nan,0,0,3,0.6214618000012706,0.6214618000012706,0.0,0.6214618000012706,0.0,b240632d76bfe6919b44416ecd12239cbcb93cea,1.8.0,cde18190c3c8d2f5e97799ac5572ab19fe5ea4929fd0422da19b385b1d617f1e,True,3.14.3,2.11.0+cpu,2.4.3,1.3.0,3.1.0,not-installed,not-installed,0.18347797207644503,0.0,0.095270514,0.10327272194253342,71.0,0.0,0.0,0.0,0.0,1.0,0.0,0.20124683067108529,0.7987531693289147,0.0,0.20124683067108529,0.0,0.22119921692859512,0.6623140320454559,1.0,1.0,1.0,0.0,0.0,0.0,exact,21.5,21.5,neural,71.0,284.0,2840.0,nan,0.0,0.0,nan,,,,,,,,,,,,,,,
reviewer1_transition_dynamics_shift_smoke,reviewer1_transition_dynamics_shift_smoke,configs/reviewer1_remaining/smoke/transition_dynamics_shift.yaml,Reviewer1-transition-dynamics-shift-smoke,Reviewer1TransitionDynamicsShift-v0,Reviewer1TransitionDynamicsShift-v0,native_gymnasium_observation,relative_reliability_fuzzy,11001,train,519,,,519,7,-1.9200000000000015,160,0.0,519,1,0.015490352176129818,0.015490352176129818,0,0,3,0.8659238999971421,0.8659238999971421,0.0,0.8659238999971421,0.0,b240632d76bfe6919b44416ecd12239cbcb93cea,1.8.0,cde18190c3c8d2f5e97799ac5572ab19fe5ea4929fd0422da19b385b1d617f1e,True,3.14.3,2.11.0+cpu,2.4.3,1.3.0,3.1.0,not-installed,not-installed,0.11094613470450139,0.0,0.00017218501,0.01788346624295954,101.0,1.0,0.0,0.0,0.0,0.0,0.2875,0.05459448511263176,0.9454055148873683,0.0,0.05459448511263176,0.05,0.05678716705001759,0.8191214163569303,0.7125,0.7125,0.7125,0.2875,46.0,0.2875,exact,42.765625,21.35,neural,101.0,404.0,4040.0,nan,0.0,0.0,nan,,,,,,,,,,,,,,,
reviewer1_transition_dynamics_shift_smoke,reviewer1_transition_dynamics_shift_smoke,configs/reviewer1_remaining/smoke/transition_dynamics_shift.yaml,Reviewer1-transition-dynamics-shift-smoke,Reviewer1TransitionDynamicsShift-v0,Reviewer1TransitionDynamicsShift-v0,native_gymnasium_observation,relative_reliability_fuzzy,11001,train,679,,,679,8,-1.8800000000000014,160,0.0,679,11,0.010344258964654397,0.03505709022283554,0,0,3,1.150209300001734,1.150209300001734,0.0,1.150209300001734,0.0,b240632d76bfe6919b44416ecd12239cbcb93cea,1.8.0,cde18190c3c8d2f5e97799ac5572ab19fe5ea4929fd0422da19b385b1d617f1e,True,3.14.3,2.11.0+cpu,2.4.3,1.3.0,3.1.0,not-installed,not-installed,0.10769932372878466,0.0,8.0296195e-05,0.0035994094081127108,134.0,1.0,0.0,0.0,0.0,0.0,0.1125,0.08205568023182587,0.9179443197681743,0.0,0.08205568023182587,0.11370031397471612,0.08733824569893398,0.8627413658112573,0.8875,0.8875,0.8875,0.1125,18.0,0.1125,exact,53.871875,24.200000000000003,neural,134.0,536.0,5360.0,nan,0.0,0.0,nan,,,,,,,,,,,,,,,
reviewer1_transition_dynamics_shift_smoke,reviewer1_transition_dynamics_shift_smoke,configs/reviewer1_remaining/smoke/transition_dynamics_shift.yaml,Reviewer1-transition-dynamics-shift-smoke,Reviewer1TransitionDynamicsShift-v0,Reviewer1TransitionDynamicsShift-v0,native_gymnasium_observation,relative_reliability_fuzzy,11001,train,839,,,839,9,-1.9500000000000015,160,0.0,839,21,0.006280353292822838,0.03505709022283554,0,0,3,1.4505862000005436,1.4505862000005436,0.0,1.4505862000005436,0.0,b240632d76bfe6919b44416ecd12239cbcb93cea,1.8.0,cde18190c3c8d2f5e97799ac5572ab19fe5ea4929fd0422da19b385b1d617f1e,True,3.14.3,2.11.0+cpu,2.4.3,1.3.0,3.1.0,not-installed,not-installed,0.15627334968893447,0.0,0.000121024816,0.001538046123277428,166.0,1.0,0.0,0.0,0.0,0.0,0.0,0.1749870715843259,0.825012928415674,0.0,0.1749870715843259,0.0,0.1940375848662031,0.8599625256343011,1.0,1.0,1.0,0.0,0.0,0.0,exact,42.088125000000005,23.65,neural,166.0,664.0,6640.0,nan,0.0,0.0,nan,,,,,,,,,,,,,,,
reviewer1_transition_dynamics_shift_smoke,reviewer1_transition_dynamics_shift_smoke,configs/reviewer1_remaining/smoke/transition_dynamics_shift.yaml,Reviewer1-transition-dynamics-shift-smoke,Reviewer1TransitionDynamicsShift-v0,Reviewer1TransitionDynamicsShift-v0,native_gymnasium_observation,relative_reliability_fuzzy,11001,train,932,,,932,10,-0.21000000000000085,93,1.0,932,27,0.005010716362718355,0.03505709022283554,0,0,3,1.6191242999993847,1.6191242999993847,0.0,1.6191242999993847,0.0,b240632d76bfe6919b44416ecd12239cbcb93cea,1.8.0,cde18190c3c8d2f5e97799ac5572ab19fe5ea4929fd0422da19b385b1d617f1e,True,3.14.3,2.11.0+cpu,2.4.3,1.3.0,3.1.0,not-installed,not-installed,0.15401663543780986,0.0,0.050136253,0.031172488603189507,191.0,0.0,0.0,0.0,0.0,1.0,0.0,0.12787595368980653,0.8721240463101935,0.0,0.12787595368980653,0.07550148442633971,0.1391302229657606,0.48348905473883486,1.0,1.0,1.0,0.0,0.0,0.0,exact,59.319354838709685,22.8,neural,191.0,764.0,7640.0,nan,0.0,0.0,nan,,,,,,,,,,,,,,,
reviewer1_transition_dynamics_shift_smoke,reviewer1_transition_dynamics_shift_smoke,configs/reviewer1_remaining/smoke/transition_dynamics_shift.yaml,Reviewer1-transition-dynamics-shift-smoke,Reviewer1TransitionDynamicsShift-v0,Reviewer1TransitionDynamicsShift-v0,native_gymnasium_observation,relative_reliability_fuzzy,11001,train,1071,,,1071,11,-0.7500000000000013,139,1.0,1071,35,0.004316685069352388,0.03505709022283554,0,0,3,1.8764024999982212,1.8764024999982212,0.0,1.8764024999982212,0.0,b240632d76bfe6919b44416ecd12239cbcb93cea,1.8.0,cde18190c3c8d2f5e97799ac5572ab19fe5ea4929fd0422da19b385b1d617f1e,True,3.14.3,2.11.0+cpu,2.4.3,1.3.0,3.1.0,not-installed,not-installed,0.13565411894340643,0.0,0.050166488,0.03836451404122617,217.0,0.0,0.0,0.0,0.0,1.0,0.5683453237410072,0.07135381432287231,0.9286461856771278,0.0,0.07135381432287231,0.05,0.07781255938525891,0.41901858750499005,0.4316546762589928,0.4316546762589928,0.4316546762589928,0.5683453237410072,79.0,0.5683453237410072,support-boundary collapse,46.27122302158274,23.3,neural,217.0,868.0,8680.0,nan,0.0,0.0,nan,,,,,,,,,,,,,,,
reviewer1_transition_dynamics_shift_smoke,reviewer1_transition_dynamics_shift_smoke,configs/reviewer1_remaining/smoke/transition_dynamics_shift.yaml,Reviewer1-transition-dynamics-shift-smoke,Reviewer1TransitionDynamicsShift-v0,Reviewer1TransitionDynamicsShift-v0,native_gymnasium_observation,relative_reliability_fuzzy,11001,train,1231,,,1231,12,-1.9400000000000015,160,0.0,1231,45,0.0036808578145509172,0.03505709022283554,0,0,3,2.182094000003417,2.182094000003417,0.0,2.182094000003417,0.0,b240632d76bfe6919b44416ecd12239cbcb93cea,1.8.0,cde18190c3c8d2f5e97799ac5572ab19fe5ea4929fd0422da19b385b1d617f1e,True,3.14.3,2.11.0+cpu,2.4.3,1.3.0,3.1.0,not-installed,not-installed,0.15074498392328747,0.0,0.00014624327,0.005459824048960979,253.0,1.0,0.0,0.0,0.0,0.0,0.2125,0.3018899431454888,0.6981100568545111,0.0,0.3018899431454888,0.1729343451352853,0.3354491452209693,0.6805437005856421,0.7875,0.7875,0.7875,0.2125,34.0,0.2125,exact,42.529375,22.85,neural,253.0,1012.0,10120.0,nan,0.0,0.0,nan,,,,,,,,,,,,,,,
reviewer1_transition_dynamics_shift_smoke,reviewer1_transition_dynamics_shift_smoke,configs/reviewer1_remaining/smoke/transition_dynamics_shift.yaml,Reviewer1-transition-dynamics-shift-smoke,Reviewer1TransitionDynamicsShift-v0,Reviewer1TransitionDynamicsShift-v0,native_gymnasium_observation,relative_reliability_fuzzy,11001,train,1391,,,1391,13,-2.0800000000000005,160,0.0,1391,55,0.0032122349145621144,0.03505709022283554,0,0,3,2.5790644000007887,2.5790644000007887,0.0,2.5790644000007887,0.0,b240632d76bfe6919b44416ecd12239cbcb93cea,1.8.0,cde18190c3c8d2f5e97799ac5572ab19fe5ea4929fd0422da19b385b1d617f1e,True,3.14.3,2.11.0+cpu,2.4.3,1.3.0,3.1.0,not-installed,not-installed,0.19406518400458087,0.0,9.545669e-05,0.0023567686326308825,267.0,1.0,0.0,0.0,0.0,0.0,0.04375,0.2937339006299132,0.7062660993700868,0.0,0.2937339006299132,0.3286404792583304,0.3649758549927529,0.6121922600544465,0.95625,0.95625,0.95625,0.04375,7.0,0.04375,exact,93.38874999999999,27.1,neural,267.0,1068.0,10680.0,nan,0.0,0.0,nan,,,,,,,,,,,,,,,
reviewer1_transition_dynamics_shift_smoke,reviewer1_transition_dynamics_shift_smoke,configs/reviewer1_remaining/smoke/transition_dynamics_shift.yaml,Reviewer1-transition-dynamics-shift-smoke,Reviewer1TransitionDynamicsShift-v0,Reviewer1TransitionDynamicsShift-v0,native_gymnasium_observation,relative_reliability_fuzzy,11001,train,1395,,,1395,14,0.96,4,1.0,1395,56,0.003156268276792876,0.03505709022283554,0,0,3,2.586595300002955,2.586595300002955,0.0,2.586595300002955,0.0,b240632d76bfe6919b44416ecd12239cbcb93cea,1.8.0,cde18190c3c8d2f5e97799ac5572ab19fe5ea4929fd0422da19b385b1d617f1e,True,3.14.3,2.11.0+cpu,2.4.3,1.3.0,3.1.0,not-installed,not-installed,0.19406518400458087,0.0,0.05010555,0.03675094751665321,270.0,0.0,0.0,0.0,0.0,1.0,0.0,0.4541321720291698,0.5458678279708302,0.0,0.4541321720291698,0.0,0.5276334472589853,0.7399416831147566,1.0,1.0,1.0,0.0,0.0,0.0,exact,20.674999999999997,18.0,neural,270.0,1080.0,10800.0,nan,0.0,0.0,nan,,,,,,,,,,,,,,,
reviewer1_transition_dynamics_shift_smoke,reviewer1_transition_dynamics_shift_smoke,configs/reviewer1_remaining/smoke/transition_dynamics_shift.yaml,Reviewer1-transition-dynamics-shift-smoke,Reviewer1TransitionDynamicsShift-v0,Reviewer1TransitionDynamicsShift-v0,native_gymnasium_observation,relative_reliability_fuzzy,11001,train,1555,,,1555,15,-1.9800000000000015,160,0.0,1555,66,0.0028703323050373883,0.03505709022283554,0,0,3,2.8605397999999695,2.8605397999999695,0.0,2.8605397999999695,0.0,b240632d76bfe6919b44416ecd12239cbcb93cea,1.8.0,cde18190c3c8d2f5e97799ac5572ab19fe5ea4929fd0422da19b385b1d617f1e,True,3.14.3,2.11.0+cpu,2.4.3,1.3.0,3.1.0,not-installed,not-installed,0.2035975560347532,0.0,0.00014186396,0.004823052841885463,286.0,1.0,0.0,0.0,0.0,0.0,0.1375,0.21451337966186274,0.7854866203381372,0.0,0.21451337966186274,0.17135187435130753,0.2399461209987995,0.7385293635577372,0.8625,0.8625,0.8625,0.1375,22.0,0.1375,exact,94.104375,25.15,neural,286.0,1144.0,11440.0,nan,0.0,0.0,nan,,,,,,,,,,,,,,,
reviewer1_transition_dynamics_shift_smoke,reviewer1_transition_dynamics_shift_smoke,configs/reviewer1_remaining/smoke/transition_dynamics_shift.yaml,Reviewer1-transition-dynamics-shift-smoke,Reviewer1TransitionDynamicsShift-v0,Reviewer1TransitionDynamicsShift-v0,native_gymnasium_observation,relative_reliability_fuzzy,11001,train,1567,,,1567,16,0.84,12,1.0,1567,66,0.0028703323050373883,0.03505709022283554,0,0,3,2.8703272999991896,2.8703272999991896,0.0,2.8703272999991896,0.0,b240632d76bfe6919b44416ecd12239cbcb93cea,1.8.0,cde18190c3c8d2f5e97799ac5572ab19fe5ea4929fd0422da19b385b1d617f1e,True,3.14.3,2.11.0+cpu,2.4.3,1.3.0,3.1.0,not-installed,not-installed,0.2035975560347532,0.0,0.050159875,0.04176458346685587,290.0,0.0,0.0,0.0,0.0,1.0,0.0,0.2332730370191328,0.7667269629808672,0.0,0.2332730370191328,0.0,0.2591817793182822,0.4632236768949582,1.0,1.0,1.0,0.0,0.0,0.0,exact,20.400000000000002,19.299999999999997,neural,290.0,1160.0,11600.0,nan,0.0,0.0,nan,,,,,,,,,,,,,,,
reviewer1_transition_dynamics_shift_smoke,reviewer1_transition_dynamics_shift_smoke,configs/reviewer1_remaining/smoke/transition_dynamics_shift.yaml,Reviewer1-transition-dynamics-shift-smoke,Reviewer1TransitionDynamicsShift-v0,Reviewer1TransitionDynamicsShift-v0,native_gymnasium_observation,relative_reliability_fuzzy,11001,train,1727,,,1727,17,-2.1,160,0.0,1727,76,0.0029472135276208925,0.03505709022283554,0,0,3,3.2648469999985537,3.2648469999985537,0.0,3.2648469999985537,0.0,b240632d76bfe6919b44416ecd12239cbcb93cea,1.8.0,cde18190c3c8d2f5e97799ac5572ab19fe5ea4929fd0422da19b385b1d617f1e,True,3.14.3,2.11.0+cpu,2.4.3,1.3.0,3.1.0,not-installed,not-installed,0.21263168638782048,0.0,8.989146e-05,0.005073943747408105,307.0,1.0,0.0,0.0,0.0,0.0,0.26875,0.16603607563067974,0.8339639243693202,0.0,0.16603607563067974,0.26580934482365826,0.2241797469603954,0.7466583537215201,0.73125,0.73125,0.73125,0.26875,43.0,0.26875,exact,97.74500000000002,27.55,neural,307.0,1228.0,12280.0,nan,0.0,0.0,nan,,,,,,,,,,,,,,,
reviewer1_transition_dynamics_shift_smoke,reviewer1_transition_dynamics_shift_smoke,configs/reviewer1_remaining/smoke/transition_dynamics_shift.yaml,Reviewer1-transition-dynamics-shift-smoke,Reviewer1TransitionDynamicsShift-v0,Reviewer1TransitionDynamicsShift-v0,native_gymnasium_observation,relative_reliability_fuzzy,11001,train,1887,,,1887,18,-1.9800000000000015,160,0.0,1887,86,0.0027322170738676337,0.03505709022283554,0,0,3,3.7335034999996424,3.7335034999996424,0.0,3.7335034999996424,0.0,b240632d76bfe6919b44416ecd12239cbcb93cea,1.8.0,cde18190c3c8d2f5e97799ac5572ab19fe5ea4929fd0422da19b385b1d617f1e,True,3.14.3,2.11.0+cpu,2.4.3,1.3.0,3.1.0,not-installed,not-installed,0.21529709647650452,0.0,9.130861e-05,0.004364495030516334,324.0,1.0,0.0,0.0,0.0,0.0,0.3375,0.19450524442227018,0.80549475557773,0.0,0.19450524442227018,0.3331894100641754,0.21709278264144521,0.7283502476995314,0.6625,0.6625,0.6625,0.3375,54.0,0.3375,exact,182.85312500000003,31.65,neural,324.0,1296.0,12960.0,nan,0.0,0.0,nan,,,,,,,,,,,,,,,
reviewer1_transition_dynamics_shift_smoke,reviewer1_transition_dynamics_shift_smoke,configs/reviewer1_remaining/smoke/transition_dynamics_shift.yaml,Reviewer1-transition-dynamics-shift-smoke,Reviewer1TransitionDynamicsShift-v0,Reviewer1TransitionDynamicsShift-v0,native_gymnasium_observation,relative_reliability_fuzzy,11001,train,1968,,,1968,19,-0.17000000000000082,81,1.0,1968,92,0.0026874285604208126,0.03505709022283554,0,0,3,3.857901600000332,3.857901600000332,0.0,3.857901600000332,0.0,b240632d76bfe6919b44416ecd12239cbcb93cea,1.8.0,cde18190c3c8d2f5e97799ac5572ab19fe5ea4929fd0422da19b385b1d617f1e,True,3.14.3,2.11.0+cpu,2.4.3,1.3.0,3.1.0,not-installed,not-installed,0.20779124635147134,0.0,0.05017952,0.02733375363685287,347.0,0.0,0.0,0.0,0.0,1.0,0.25925925925925924,0.14074449196869096,0.8592555080313092,0.0,0.14074449196869096,0.43021099885504244,0.15326749119376876,0.6507002742999359,0.7407407407407407,0.7407407407407407,0.7407407407407407,0.25925925925925924,21.0,0.25925925925925924,exact,77.30864197530865,22.9,neural,347.0,1388.0,13880.0,nan,0.0,0.0,nan,,,,,,,,,,,,,,,
reviewer1_transition_dynamics_shift_smoke,reviewer1_transition_dynamics_shift_smoke,configs/reviewer1_remaining/smoke/transition_dynamics_shift.yaml,Reviewer1-transition-dynamics-shift-smoke,Reviewer1TransitionDynamicsShift-v0,Reviewer1TransitionDynamicsShift-v0,native_gymnasium_observation,relative_reliability_fuzzy,11001,train,2128,,,2128,20,-1.9700000000000015,160,0.0,2128,102,0.0025207896645345804,0.03505709022283554,0,0,3,4.18525480000244,4.18525480000244,0.0,4.18525480000244,0.0,b240632d76bfe6919b44416ecd12239cbcb93cea,1.8.0,cde18190c3c8d2f5e97799ac5572ab19fe5ea4929fd0422da19b385b1d617f1e,True,3.14.3,2.11.0+cpu,2.4.3,1.3.0,3.1.0,not-installed,not-installed,0.1906443718722977,0.0,0.00016762878,0.003059566652919204,386.0,1.0,0.0,0.0,0.0,0.0,0.1875,0.1006386374408024,0.8993613625591976,0.0,0.1006386374408024,0.11293439509372742,0.11014321911582278,0.8096756138033925,0.8125,0.8125,0.8125,0.1875,30.0,0.1875,exact,136.22375,27.15,neural,386.0,1544.0,15440.0,nan,0.0,0.0,nan,,,,,,,,,,,,,,,
reviewer1_transition_dynamics_shift_smoke,reviewer1_transition_dynamics_shift_smoke,configs/reviewer1_remaining/smoke/transition_dynamics_shift.yaml,Reviewer1-transition-dynamics-shift-smoke,Reviewer1TransitionDynamicsShift-v0,Reviewer1TransitionDynamicsShift-v0,native_gymnasium_observation,relative_reliability_fuzzy,11001,train,2288,,,2288,21,-2.0100000000000016,160,0.0,2288,112,0.0025070203233294058,0.03505709022283554,0,0,3,4.450147199997446,4.450147199997446,0.0,4.450147199997446,0.0,b240632d76bfe6919b44416ecd12239cbcb93cea,1.8.0,cde18190c3c8d2f5e97799ac5572ab19fe5ea4929fd0422da19b385b1d617f1e,True,3.14.3,2.11.0+cpu,2.4.3,1.3.0,3.1.0,not-installed,not-installed,0.19074341558535135,0.0,0.0001041387,0.0016210937923360337,403.0,1.0,0.0,0.0,0.0,0.0,0.0,0.22363098332940962,0.7763690166705903,0.0,0.22363098332940962,0.2951147531348836,0.2480477898873758,0.813549390272366,1.0,1.0,1.0,0.0,0.0,0.0,exact,85.11187499999998,25.85,neural,403.0,1612.0,16120.0,nan,0.0,0.0,nan,,,,,,,,,,,,,,,
reviewer1_transition_dynamics_shift_smoke,reviewer1_transition_dynamics_shift_smoke,configs/reviewer1_remaining/smoke/transition_dynamics_shift.yaml,Reviewer1-transition-dynamics-shift-smoke,Reviewer1TransitionDynamicsShift-v0,Reviewer1TransitionDynamicsShift-v0,native_gymnasium_observation,relative_reliability_fuzzy,11001,train,2448,,,2448,22,-2.0100000000000016,160,0.0,2448,122,0.002400015425024083,0.03505709022283554,0,0,3,4.8769372000024305,4.8769372000024305,0.0,4.8769372000024305,0.0,b240632d76bfe6919b44416ecd12239cbcb93cea,1.8.0,cde18190c3c8d2f5e97799ac5572ab19fe5ea4929fd0422da19b385b1d617f1e,True,3.14.3,2.11.0+cpu,2.4.3,1.3.0,3.1.0,not-installed,not-installed,0.18693421853415265,0.0,0.00012506412,0.003345788777278849,429.0,1.0,0.0,0.0,0.0,0.0,0.11875,0.17967203082261857,0.8203279691773815,0.0,0.17967203082261857,0.14761883611075682,0.2001708605482732,0.755967139148784,0.88125,0.88125,0.88125,0.11875,19.0,0.11875,exact,151.369375,29.95,neural,429.0,1716.0,17160.0,nan,0.0,0.0,nan,,,,,,,,,,,,,,,
reviewer1_transition_dynamics_shift_smoke,reviewer1_transition_dynamics_shift_smoke,configs/reviewer1_remaining/smoke/transition_dynamics_shift.yaml,Reviewer1-transition-dynamics-shift-smoke,Reviewer1TransitionDynamicsShift-v0,Reviewer1TransitionDynamicsShift-v0,native_gymnasium_observation,relative_reliability_fuzzy,11001,train,2608,,,2608,23,-2.0300000000000007,160,0.0,2608,132,0.0023447759135844094,0.03505709022283554,0,0,3,5.282456200002343,5.282456200002343,0.0,5.282456200002343,0.0,b240632d76bfe6919b44416ecd12239cbcb93cea,1.8.0,cde18190c3c8d2f5e97799ac5572ab19fe5ea4929fd0422da19b385b1d617f1e,True,3.14.3,2.11.0+cpu,2.4.3,1.3.0,3.1.0,not-installed,not-installed,0.1910481698958837,0.0,7.8292964e-05,0.0026972244767384307,445.0,1.0,0.0,0.0,0.0,0.0,0.0,0.22171767675175236,0.7782823232482476,0.0,0.22171767675175236,0.14056353759585918,0.2510229936222724,0.7585178035420235,1.0,1.0,1.0,0.0,0.0,0.0,exact,150.47375,29.25,neural,445.0,1780.0,17800.0,nan,0.0,0.0,nan,,,,,,,,,,,,,,,
reviewer1_transition_dynamics_shift_smoke,reviewer1_transition_dynamics_shift_smoke,configs/reviewer1_remaining/smoke/transition_dynamics_shift.yaml,Reviewer1-transition-dynamics-shift-smoke,Reviewer1TransitionDynamicsShift-v0,Reviewer1TransitionDynamicsShift-v0,native_gymnasium_observation,relative_reliability_fuzzy,11001,train,2768,,,2768,24,-1.7900000000000014,160,0.0,2768,142,0.0022046206136558757,0.03505709022283554,0,0,3,5.663896600002772,5.663896600002772,0.0,5.663896600002772,0.0,b240632d76bfe6919b44416ecd12239cbcb93cea,1.8.0,cde18190c3c8d2f5e97799ac5572ab19fe5ea4929fd0422da19b385b1d617f1e,True,3.14.3,2.11.0+cpu,2.4.3,1.3.0,3.1.0,not-installed,not-installed,0.18743972394254416,0.0,9.992571e-05,0.0015942411410900855,472.0,1.0,0.0,0.0,0.0,0.0,0.25625,0.12463608104102657,0.8753639189589734,0.0,0.12463608104102657,0.16318202721509173,0.13960002039414077,0.7771487160631452,0.74375,0.74375,0.74375,0.25625,41.0,0.25625,exact,110.76312500000002,26.549999999999997,neural,472.0,1888.0,18880.0,nan,0.0,0.0,nan,,,,,,,,,,,,,,,
reviewer1_transition_dynamics_shift_smoke,reviewer1_transition_dynamics_shift_smoke,configs/reviewer1_remaining/smoke/transition_dynamics_shift.yaml,Reviewer1-transition-dynamics-shift-smoke,Reviewer1TransitionDynamicsShift-v0,Reviewer1TransitionDynamicsShift-v0,native_gymnasium_observation,relative_reliability_fuzzy,11001,train,2928,,,2928,25,-1.9200000000000015,160,0.0,2928,152,0.002214389409537513,0.03505709022283554,0,0,3,5.985419600001478,5.985419600001478,0.0,5.985419600001478,0.0,b240632d76bfe6919b44416ecd12239cbcb93cea,1.8.0,cde18190c3c8d2f5e97799ac5572ab19fe5ea4929fd0422da19b385b1d617f1e,True,3.14.3,2.11.0+cpu,2.4.3,1.3.0,3.1.0,not-installed,not-installed,0.18461170855992176,0.0,0.00014592569,0.003962146917092886,498.0,1.0,0.0,0.0,0.0,0.0,0.1125,0.15982750657742206,0.8401724934225779,0.0,0.15982750657742206,0.11316026942470635,0.1787293045262224,0.5647287413761511,0.8875,0.8875,0.8875,0.1125,18.0,0.1125,exact,103.364375,23.700000000000003,neural,498.0,1992.0,19920.0,nan,0.0,0.0,nan,,,,,,,,,,,,,,,
reviewer1_transition_dynamics_shift_smoke,reviewer1_transition_dynamics_shift_smoke,configs/reviewer1_remaining/smoke/transition_dynamics_shift.yaml,Reviewer1-transition-dynamics-shift-smoke,Reviewer1TransitionDynamicsShift-v0,Reviewer1TransitionDynamicsShift-v0,native_gymnasium_observation,relative_reliability_fuzzy,11001,train,2966,,,2966,26,0.5199999999999998,38,1.0,2966,154,0.0021880193431665154,0.03505709022283554,0,0,3,6.034098299998732,6.034098299998732,0.0,6.034098299998732,0.0,b240632d76bfe6919b44416ecd12239cbcb93cea,1.8.0,cde18190c3c8d2f5e97799ac5572ab19fe5ea4929fd0422da19b385b1d617f1e,True,3.14.3,2.11.0+cpu,2.4.3,1.3.0,3.1.0,not-installed,not-installed,0.17940380731659228,0.0,0.050146107,0.029245866266183827,509.0,0.0,0.0,0.0,0.0,1.0,0.10526315789473684,0.10054857692343233,0.8994514230765676,0.0,0.10054857692343233,0.07551047356248906,0.10863880591485804,0.6694161755294167,0.8947368421052632,0.8947368421052632,0.8947368421052632,0.10526315789473684,4.0,0.10526315789473684,exact,231.31578947368425,23.45,neural,509.0,2036.0,20360.0,nan,0.0,0.0,nan,,,,,,,,,,,,,,,
reviewer1_transition_dynamics_shift_smoke,reviewer1_transition_dynamics_shift_smoke,configs/reviewer1_remaining/smoke/transition_dynamics_shift.yaml,Reviewer1-transition-dynamics-shift-smoke,Reviewer1TransitionDynamicsShift-v0,Reviewer1TransitionDynamicsShift-v0,native_gymnasium_observation,relative_reliability_fuzzy,11001,train,3126,,,3126,27,-1.9700000000000015,160,0.0,3126,164,0.0021245500311346316,0.03505709022283554,0,0,3,6.386681399999361,6.386681399999361,0.0,6.386681399999361,0.0,b240632d76bfe6919b44416ecd12239cbcb93cea,1.8.0,cde18190c3c8d2f5e97799ac5572ab19fe5ea4929fd0422da19b385b1d617f1e,True,3.14.3,2.11.0+cpu,2.4.3,1.3.0,3.1.0,not-installed,not-installed,0.17754885469409348,0.0,0.0001339822,0.004307830321433516,531.0,1.0,0.0,0.0,0.0,0.0,0.1625,0.17511474308936345,0.8248852569106365,0.0,0.17511474308936345,0.18020424615870922,0.1942198385967302,0.5796377474299398,0.8375,0.8375,0.8375,0.1625,26.0,0.1625,exact,174.246875,28.0,neural,531.0,2124.0,21240.0,nan,0.0,0.0,nan,,,,,,,,,,,,,,,
reviewer1_transition_dynamics_shift_smoke,reviewer1_transition_dynamics_shift_smoke,configs/reviewer1_remaining/smoke/transition_dynamics_shift.yaml,Reviewer1-transition-dynamics-shift-smoke,Reviewer1TransitionDynamicsShift-v0,Reviewer1TransitionDynamicsShift-v0,native_gymnasium_observation,relative_reliability_fuzzy,11001,train,3286,,,3286,28,-2.0700000000000007,160,0.0,3286,174,0.002066869932730634,0.03505709022283554,0,0,3,6.668182699999306,6.668182699999306,0.0,6.668182699999306,0.0,b240632d76bfe6919b44416ecd12239cbcb93cea,1.8.0,cde18190c3c8d2f5e97799ac5572ab19fe5ea4929fd0422da19b385b1d617f1e,True,3.14.3,2.11.0+cpu,2.4.3,1.3.0,3.1.0,not-installed,not-installed,0.17508605301791172,0.0,0.00015672937,0.0017377402247886252,560.0,1.0,0.0,0.0,0.0,0.0,0.19375,0.18938294348281515,0.810617056517185,0.0,0.18938294348281515,0.18014608501340873,0.21557452024600146,0.4975505680258928,0.80625,0.80625,0.80625,0.19375,31.0,0.19375,exact,133.816875,25.85,neural,560.0,2240.0,22400.0,nan,0.0,0.0,nan,,,,,,,,,,,,,,,
reviewer1_transition_dynamics_shift_smoke,reviewer1_transition_dynamics_shift_smoke,configs/reviewer1_remaining/smoke/transition_dynamics_shift.yaml,Reviewer1-transition-dynamics-shift-smoke,Reviewer1TransitionDynamicsShift-v0,Reviewer1TransitionDynamicsShift-v0,native_gymnasium_observation,relative_reliability_fuzzy,11001,train,3446,,,3446,29,-2.0000000000000013,160,0.0,3446,184,0.0020135860780536186,0.03505709022283554,0,0,3,7.128583600002457,7.128583600002457,0.0,7.128583600002457,0.0,b240632d76bfe6919b44416ecd12239cbcb93cea,1.8.0,cde18190c3c8d2f5e97799ac5572ab19fe5ea4929fd0422da19b385b1d617f1e,True,3.14.3,2.11.0+cpu,2.4.3,1.3.0,3.1.0,not-installed,not-installed,0.1849452272423368,0.0,0.000120791876,0.0031522830289222683,564.0,1.0,0.0,0.0,0.0,0.0,0.0,0.2665541413034116,0.7334458586965884,0.0,0.2665541413034116,0.24288056564426658,0.3008110139711858,0.6637708998686934,1.0,1.0,1.0,0.0,0.0,0.0,exact,137.42625,30.200000000000003,neural,564.0,2256.0,22560.0,nan,0.0,0.0,nan,,,,,,,,,,,,,,,
reviewer1_transition_dynamics_shift_smoke,reviewer1_transition_dynamics_shift_smoke,configs/reviewer1_remaining/smoke/transition_dynamics_shift.yaml,Reviewer1-transition-dynamics-shift-smoke,Reviewer1TransitionDynamicsShift-v0,Reviewer1TransitionDynamicsShift-v0,native_gymnasium_observation,relative_reliability_fuzzy,11001,train,3505,,,3505,30,0.33999999999999964,59,1.0,3505,188,0.001972072746673106,0.03505709022283554,0,0,3,7.2550835000001825,7.2550835000001825,0.0,7.2550835000001825,0.0,b240632d76bfe6919b44416ecd12239cbcb93cea,1.8.0,cde18190c3c8d2f5e97799ac5572ab19fe5ea4929fd0422da19b385b1d617f1e,True,3.14.3,2.11.0+cpu,2.4.3,1.3.0,3.1.0,not-installed,not-installed,0.18236003768254044,0.0,0.050115783,0.025519527270205743,583.0,0.0,0.0,0.0,0.0,1.0,0.1864406779661017,0.10954516516365143,0.8904548348363487,0.0,0.10954516516365143,0.11324406246959039,0.12052069718463224,0.6948315040382398,0.8135593220338984,0.8135593220338984,0.8135593220338984,0.1864406779661017,11.0,0.1864406779661017,exact,189.335593220339,31.1,neural,583.0,2332.0,23320.0,nan,0.0,0.0,nan,,,,,,,,,,,,,,,
reviewer1_transition_dynamics_shift_smoke,reviewer1_transition_dynamics_shift_smoke,configs/reviewer1_remaining/smoke/transition_dynamics_shift.yaml,Reviewer1-transition-dynamics-shift-smoke,Reviewer1TransitionDynamicsShift-v0,Reviewer1TransitionDynamicsShift-v0,native_gymnasium_observation,relative_reliability_fuzzy,11001,train,3545,,,3545,31,0.45999999999999974,40,1.0,3545,190,0.0019522608890838455,0.03505709022283554,0,0,3,7.302708700000949,7.302708700000949,0.0,7.302708700000949,0.0,b240632d76bfe6919b44416ecd12239cbcb93cea,1.8.0,cde18190c3c8d2f5e97799ac5572ab19fe5ea4929fd0422da19b385b1d617f1e,True,3.14.3,2.11.0+cpu,2.4.3,1.3.0,3.1.0,not-installed,not-installed,0.18206077183834216,0.0,0.05654417,0.029968740043865617,593.0,0.0,0.0,0.0,0.0,1.0,0.0,0.1504785865523627,0.8495214134476372,0.0,0.1504785865523627,0.1796057264143567,0.16785542389564384,0.5895790677240967,1.0,1.0,1.0,0.0,0.0,0.0,exact,124.48499999999999,23.55,neural,593.0,2372.0,23720.0,nan,0.0,0.0,nan,,,,,,,,,,,,,,,
reviewer1_transition_dynamics_shift_smoke,reviewer1_transition_dynamics_shift_smoke,configs/reviewer1_remaining/smoke/transition_dynamics_shift.yaml,Reviewer1-transition-dynamics-shift-smoke,Reviewer1TransitionDynamicsShift-v0,Reviewer1TransitionDynamicsShift-v0,native_gymnasium_observation,relative_reliability_fuzzy,11001,train,3583,,,3583,32,0.48999999999999977,38,1.0,3583,192,0.0019814451981498373,0.03505709022283554,0,0,3,7.3507718999971985,7.3507718999971985,0.0,7.3507718999971985,0.0,b240632d76bfe6919b44416ecd12239cbcb93cea,1.8.0,cde18190c3c8d2f5e97799ac5572ab19fe5ea4929fd0422da19b385b1d617f1e,True,3.14.3,2.11.0+cpu,2.4.3,1.3.0,3.1.0,not-installed,not-installed,0.18177934081570749,0.0,0.058173858,0.030664807800108267,595.0,0.0,0.0,0.0,0.0,1.0,0.13157894736842105,0.19128267022252565,0.8087173297774741,0.0,0.19128267022252565,0.1808522169912899,0.2130225312510298,0.5624526271275878,0.868421052631579,0.868421052631579,0.868421052631579,0.13157894736842105,5.0,0.13157894736842105,exact,179.44736842105263,21.25,neural,595.0,2380.0,23800.0,nan,0.0,0.0,nan,,,,,,,,,,,,,,,
reviewer1_transition_dynamics_shift_smoke,reviewer1_transition_dynamics_shift_smoke,configs/reviewer1_remaining/smoke/transition_dynamics_shift.yaml,Reviewer1-transition-dynamics-shift-smoke,Reviewer1TransitionDynamicsShift-v0,Reviewer1TransitionDynamicsShift-v0,native_gymnasium_observation,relative_reliability_fuzzy,11001,train,3743,,,3743,33,-2.0200000000000014,160,0.0,3743,202,0.0018920172330968619,0.03505709022283554,0,0,3,7.756839300003776,7.756839300003776,0.0,7.756839300003776,0.0,b240632d76bfe6919b44416ecd12239cbcb93cea,1.8.0,cde18190c3c8d2f5e97799ac5572ab19fe5ea4929fd0422da19b385b1d617f1e,True,3.14.3,2.11.0+cpu,2.4.3,1.3.0,3.1.0,not-installed,not-installed,0.1847370442616688,0.0,0.0001590749,0.002923200669314156,624.0,1.0,0.0,0.0,0.0,0.0,0.0375,0.17866141067657268,0.8213385893234273,0.0,0.17866141067657268,0.18787537297413992,0.20267429387248131,0.6817919684864091,0.9625,0.9625,0.9625,0.0375,6.0,0.0375,exact,224.303125,29.45,neural,624.0,2496.0,24960.0,nan,0.0,0.0,nan,,,,,,,,,,,,,,,
reviewer1_transition_dynamics_shift_smoke,reviewer1_transition_dynamics_shift_smoke,configs/reviewer1_remaining/smoke/transition_dynamics_shift.yaml,Reviewer1-transition-dynamics-shift-smoke,Reviewer1TransitionDynamicsShift-v0,Reviewer1TransitionDynamicsShift-v0,native_gymnasium_observation,relative_reliability_fuzzy,11001,train,3903,,,3903,34,-1.9300000000000015,160,0.0,3903,212,0.0018560940379585482,0.03505709022283554,0,0,3,8.067158999998355,8.067158999998355,0.0,8.067158999998355,0.0,b240632d76bfe6919b44416ecd12239cbcb93cea,1.8.0,cde18190c3c8d2f5e97799ac5572ab19fe5ea4929fd0422da19b385b1d617f1e,True,3.14.3,2.11.0+cpu,2.4.3,1.3.0,3.1.0,not-installed,not-installed,0.18516647675036735,0.0,7.499406e-05,0.0018893892549711356,642.0,1.0,0.0,0.0,0.0,0.0,0.14375,0.2054936831692737,0.7945063168307264,0.0,0.2054936831692737,0.24049295382098704,0.22776802002593094,0.7296650298658444,0.85625,0.85625,0.85625,0.14375,23.0,0.14375,exact,165.076875,25.2,neural,642.0,2568.0,25680.0,nan,0.0,0.0,nan,,,,,,,,,,,,,,,
reviewer1_transition_dynamics_shift_smoke,reviewer1_transition_dynamics_shift_smoke,configs/reviewer1_remaining/smoke/transition_dynamics_shift.yaml,Reviewer1-transition-dynamics-shift-smoke,Reviewer1TransitionDynamicsShift-v0,Reviewer1TransitionDynamicsShift-v0,native_gymnasium_observation,relative_reliability_fuzzy,11001,train,4063,,,4063,35,-2.08,160,0.0,4063,222,0.0018268182151964006,0.03505709022283554,0,0,3,8.455350900003396,8.455350900003396,0.0,8.455350900003396,0.0,b240632d76bfe6919b44416ecd12239cbcb93cea,1.8.0,cde18190c3c8d2f5e97799ac5572ab19fe5ea4929fd0422da19b385b1d617f1e,True,3.14.3,2.11.0+cpu,2.4.3,1.3.0,3.1.0,not-installed,not-installed,0.18651244563248523,0.0,0.00011974907,0.0012791366589938581,667.0,1.0,0.0,0.0,0.0,0.0,0.40625,0.15812071788432872,0.8418792821156712,0.0,0.15812071788432872,0.304088055111643,0.19640026294262355,0.662948571364282,0.59375,0.59375,0.59375,0.40625,65.0,0.40625,exact,190.648125,28.85,neural,667.0,2668.0,26680.0,nan,0.0,0.0,nan,,,,,,,,,,,,,,,
reviewer1_transition_dynamics_shift_smoke,reviewer1_transition_dynamics_shift_smoke,configs/reviewer1_remaining/smoke/transition_dynamics_shift.yaml,Reviewer1-transition-dynamics-shift-smoke,Reviewer1TransitionDynamicsShift-v0,Reviewer1TransitionDynamicsShift-v0,native_gymnasium_observation,relative_reliability_fuzzy,11001,train,4155,,,4155,36,-0.020000000000000684,92,1.0,4155,228,0.0018717049819666467,0.03505709022283554,0,0,3,8.6341637000005,8.6341637000005,0.0,8.6341637000005,0.0,b240632d76bfe6919b44416ecd12239cbcb93cea,1.8.0,cde18190c3c8d2f5e97799ac5572ab19fe5ea4929fd0422da19b385b1d617f1e,True,3.14.3,2.11.0+cpu,2.4.3,1.3.0,3.1.0,not-installed,not-installed,0.18231059898658686,0.0,0.05010639,0.03418217090158515,687.0,0.0,0.0,0.0,0.0,1.0,0.21739130434782608,0.1125643955753139,0.887435604424686,0.0,0.1125643955753139,0.11316534354950035,0.12387036837960251,0.8910835411442588,0.782608695652174,0.782608695652174,0.782608695652174,0.21739130434782608,20.0,0.21739130434782608,exact,210.13478260869562,25.15,neural,687.0,2748.0,27480.0,nan,0.0,0.0,nan,,,,,,,,,,,,,,,
reviewer1_transition_dynamics_shift_smoke,reviewer1_transition_dynamics_shift_smoke,configs/reviewer1_remaining/smoke/transition_dynamics_shift.yaml,Reviewer1-transition-dynamics-shift-smoke,Reviewer1TransitionDynamicsShift-v0,Reviewer1TransitionDynamicsShift-v0,native_gymnasium_observation,relative_reliability_fuzzy,11001,train,4313,,,4313,37,-1.0100000000000011,158,1.0,4313,238,0.0018541932087614173,0.03505709022283554,0,0,3,8.931292300003406,8.931292300003406,0.0,8.931292300003406,0.0,b240632d76bfe6919b44416ecd12239cbcb93cea,1.8.0,cde18190c3c8d2f5e97799ac5572ab19fe5ea4929fd0422da19b385b1d617f1e,True,3.14.3,2.11.0+cpu,2.4.3,1.3.0,3.1.0,not-installed,not-installed,0.1854337120214923,0.0,0.050087854,0.037814858044834046,710.0,0.0,0.0,0.0,0.0,1.0,0.22151898734177214,0.1905373035152966,0.8094626964847035,0.0,0.1905373035152966,0.34968714676265056,0.22191353755164708,0.7279074607110063,0.7784810126582279,0.7784810126582279,0.7784810126582279,0.22151898734177214,35.0,0.22151898734177214,exact,207.9253164556962,24.85,neural,710.0,2840.0,28400.0,nan,0.0,0.0,nan,,,,,,,,,,,,,,,
reviewer1_transition_dynamics_shift_smoke,reviewer1_transition_dynamics_shift_smoke,configs/reviewer1_remaining/smoke/transition_dynamics_shift.yaml,Reviewer1-transition-dynamics-shift-smoke,Reviewer1TransitionDynamicsShift-v0,Reviewer1TransitionDynamicsShift-v0,native_gymnasium_observation,relative_reliability_fuzzy,11001,train,4317,,,4317,38,0.96,4,1.0,4317,238,0.0018541932087614173,0.03505709022283554,0,0,3,8.936485600002925,8.936485600002925,0.0,8.936485600002925,0.0,b240632d76bfe6919b44416ecd12239cbcb93cea,1.8.0,cde18190c3c8d2f5e97799ac5572ab19fe5ea4929fd0422da19b385b1d617f1e,True,3.14.3,2.11.0+cpu,2.4.3,1.3.0,3.1.0,not-installed,not-installed,0.1854337120214923,0.0,0.09082328,0.06029518821674616,713.0,0.0,0.0,0.0,0.0,1.0,0.0,0.2967363010432418,0.7032636989567582,0.0,0.2967363010432418,0.0,0.3296799539643607,0.5608802797818994,1.0,1.0,1.0,0.0,0.0,0.0,exact,25.225,18.25,neural,713.0,2852.0,28520.0,nan,0.0,0.0,nan,,,,,,,,,,,,,,,
reviewer1_transition_dynamics_shift_smoke,reviewer1_transition_dynamics_shift_smoke,configs/reviewer1_remaining/smoke/transition_dynamics_shift.yaml,Reviewer1-transition-dynamics-shift-smoke,Reviewer1TransitionDynamicsShift-v0,Reviewer1TransitionDynamicsShift-v0,native_gymnasium_observation,relative_reliability_fuzzy,11001,train,4477,,,4477,39,-2.1900000000000004,160,0.0,4477,248,0.0018969294929012258,0.03505709022283554,0,0,3,9.306186000001617,9.306186000001617,0.0,9.306186000001617,0.0,b240632d76bfe6919b44416ecd12239cbcb93cea,1.8.0,cde18190c3c8d2f5e97799ac5572ab19fe5ea4929fd0422da19b385b1d617f1e,True,3.14.3,2.11.0+cpu,2.4.3,1.3.0,3.1.0,not-installed,not-installed,0.19455079564510253,0.0,0.000169283,0.007546046868590317,721.0,1.0,0.0,0.0,0.0,0.0,0.0125,0.33595982392904167,0.6640401760709583,0.0,0.33595982392904167,0.30919385382940656,0.4435226135214787,0.714722021559591,0.9875,0.9875,0.9875,0.0125,2.0,0.0125,exact,214.39499999999998,27.9,neural,721.0,2884.0,28840.0,nan,0.0,0.0,nan,,,,,,,,,,,,,,,
reviewer1_transition_dynamics_shift_smoke,reviewer1_transition_dynamics_shift_smoke,configs/reviewer1_remaining/smoke/transition_dynamics_shift.yaml,Reviewer1-transition-dynamics-shift-smoke,Reviewer1TransitionDynamicsShift-v0,Reviewer1TransitionDynamicsShift-v0,native_gymnasium_observation,relative_reliability_fuzzy,11001,train,4637,,,4637,40,-1.9000000000000015,160,0.0,4637,258,0.001832692720256105,0.03505709022283554,0,0,3,9.61574770000152,9.61574770000152,0.0,9.61574770000152,0.0,b240632d76bfe6919b44416ecd12239cbcb93cea,1.8.0,cde18190c3c8d2f5e97799ac5572ab19fe5ea4929fd0422da19b385b1d617f1e,True,3.14.3,2.11.0+cpu,2.4.3,1.3.0,3.1.0,not-installed,not-installed,0.19467696532655285,0.0,9.392054e-05,0.0037064867010460495,746.0,1.0,0.0,0.0,0.0,0.0,0.125,0.217612711269679,0.7823872887303209,0.0,0.217612711269679,0.24030941887479676,0.24568434515214208,0.7175131675242332,0.875,0.875,0.875,0.125,20.0,0.125,exact,208.7525,25.1,neural,746.0,2984.0,29840.0,nan,0.0,0.0,nan,,,,,,,,,,,,,,,
reviewer1_transition_dynamics_shift_smoke,reviewer1_transition_dynamics_shift_smoke,configs/reviewer1_remaining/smoke/transition_dynamics_shift.yaml,Reviewer1-transition-dynamics-shift-smoke,Reviewer1TransitionDynamicsShift-v0,Reviewer1TransitionDynamicsShift-v0,native_gymnasium_observation,relative_reliability_fuzzy,11001,train,4672,,,4672,41,0.5299999999999998,35,1.0,4672,261,0.0018152621893280888,0.03505709022283554,0,0,3,9.677609600003052,9.677609600003052,0.0,9.677609600003052,0.0,b240632d76bfe6919b44416ecd12239cbcb93cea,1.8.0,cde18190c3c8d2f5e97799ac5572ab19fe5ea4929fd0422da19b385b1d617f1e,True,3.14.3,2.11.0+cpu,2.4.3,1.3.0,3.1.0,not-installed,not-installed,0.1926170902860105,0.0,0.050340112,0.028732602988419825,760.0,0.0,0.0,0.0,0.0,1.0,0.5142857142857142,0.16264491352844485,0.8373550864715552,0.0,0.16264491352844485,0.4609115029328824,0.1973968435509634,0.6041615352040358,0.4857142857142857,0.4857142857142857,0.4857142857142857,0.5142857142857142,18.0,0.5142857142857142,support-boundary collapse,159.42857142857142,23.1,neural,760.0,3040.0,30400.0,nan,0.0,0.0,nan,,,,,,,,,,,,,,,
reviewer1_transition_dynamics_shift_smoke,reviewer1_transition_dynamics_shift_smoke,configs/reviewer1_remaining/smoke/transition_dynamics_shift.yaml,Reviewer1-transition-dynamics-shift-smoke,Reviewer1TransitionDynamicsShift-v0,Reviewer1TransitionDynamicsShift-v0,native_gymnasium_observation,relative_reliability_fuzzy,11001,train,4756,,,4756,42,0.009999999999999454,84,1.0,4756,266,0.001789335000829393,0.03505709022283554,0,0,3,9.852846800000407,9.852846800000407,0.0,9.852846800000407,0.0,b240632d76bfe6919b44416ecd12239cbcb93cea,1.8.0,cde18190c3c8d2f5e97799ac5572ab19fe5ea4929fd0422da19b385b1d617f1e,True,3.14.3,2.11.0+cpu,2.4.3,1.3.0,3.1.0,not-installed,not-installed,0.18964721297303375,0.0,0.050802007,0.031483026054560125,781.0,0.0,0.0,0.0,0.0,1.0,0.3333333333333333,0.15755915888692648,0.8424408411130735,0.0,0.15755915888692648,0.26534451757207067,0.17474038352939691,0.7421527954291118,0.6666666666666666,0.6666666666666666,0.6666666666666666,0.3333333333333333,28.0,0.3333333333333333,exact,225.70238095238096,26.85,neural,781.0,3124.0,31240.0,nan,0.0,0.0,nan,,,,,,,,,,,,,,,
reviewer1_transition_dynamics_shift_smoke,reviewer1_transition_dynamics_shift_smoke,configs/reviewer1_remaining/smoke/transition_dynamics_shift.yaml,Reviewer1-transition-dynamics-shift-smoke,Reviewer1TransitionDynamicsShift-v0,Reviewer1TransitionDynamicsShift-v0,native_gymnasium_observation,relative_reliability_fuzzy,11001,train,4916,,,4916,43,-2.070000000000001,160,0.0,4916,276,0.0018262613493657293,0.03505709022283554,0,0,3,10.142039799997292,10.142039799997292,0.0,10.142039799997292,0.0,b240632d76bfe6919b44416ecd12239cbcb93cea,1.8.0,cde18190c3c8d2f5e97799ac5572ab19fe5ea4929fd0422da19b385b1d617f1e,True,3.14.3,2.11.0+cpu,2.4.3,1.3.0,3.1.0,not-installed,not-installed,0.19102712712498818,0.0,0.00012879242,0.006950178331713151,790.0,1.0,0.0,0.0,0.0,0.0,0.0875,0.2506312194225921,0.7493687805774079,0.0,0.2506312194225921,0.22882544598050897,0.2846953163369593,0.7006585865480301,0.9125,0.9125,0.9125,0.0875,14.0,0.0875,exact,181.22125,25.1,neural,790.0,3160.0,31600.0,nan,0.0,0.0,nan,,,,,,,,,,,,,,,
reviewer1_transition_dynamics_shift_smoke,reviewer1_transition_dynamics_shift_smoke,configs/reviewer1_remaining/smoke/transition_dynamics_shift.yaml,Reviewer1-transition-dynamics-shift-smoke,Reviewer1TransitionDynamicsShift-v0,Reviewer1TransitionDynamicsShift-v0,native_gymnasium_observation,relative_reliability_fuzzy,11001,train,5055,,,5055,44,-0.7600000000000013,139,1.0,5055,284,0.0017789396743339726,0.03505709022283554,0,0,3,10.373524700000416,10.373524700000416,0.0,10.373524700000416,0.0,b240632d76bfe6919b44416ecd12239cbcb93cea,1.8.0,cde18190c3c8d2f5e97799ac5572ab19fe5ea4929fd0422da19b385b1d617f1e,True,3.14.3,2.11.0+cpu,2.4.3,1.3.0,3.1.0,not-installed,not-installed,0.19333217934819888,0.0,0.050108362,0.020966089881567108,812.0,0.0,0.0,0.0,0.0,1.0,0.2446043165467626,0.20004377796303005,0.7999562220369699,0.0,0.20004377796303005,0.2766442268253572,0.2235850296060744,0.7315251276930802,0.7553956834532374,0.7553956834532374,0.7553956834532374,0.2446043165467626,34.0,0.2446043165467626,exact,238.42374100719425,26.0,neural,812.0,3248.0,32480.0,nan,0.0,0.0,nan,,,,,,,,,,,,,,,
reviewer1_transition_dynamics_shift_smoke,reviewer1_transition_dynamics_shift_smoke,configs/reviewer1_remaining/smoke/transition_dynamics_shift.yaml,Reviewer1-transition-dynamics-shift-smoke,Reviewer1TransitionDynamicsShift-v0,Reviewer1TransitionDynamicsShift-v0,native_gymnasium_observation,relative_reliability_fuzzy,11001,train,5215,,,5215,45,-2.010000000000001,160,0.0,5215,294,0.0017384036805599113,0.03505709022283554,0,0,3,10.720795300003374,10.720795300003374,0.0,10.720795300003374,0.0,b240632d76bfe6919b44416ecd12239cbcb93cea,1.8.0,cde18190c3c8d2f5e97799ac5572ab19fe5ea4929fd0422da19b385b1d617f1e,True,3.14.3,2.11.0+cpu,2.4.3,1.3.0,3.1.0,not-installed,not-installed,0.19143764194027413,0.0,0.00010953607,0.003951618174831909,837.0,1.0,0.0,0.0,0.0,0.0,0.23125,0.14309961678463498,0.8569003832153651,0.0,0.14309961678463498,0.1575989427093894,0.15879709572647321,0.6325893425637044,0.76875,0.76875,0.76875,0.23125,37.0,0.23125,exact,229.904375,27.05,neural,837.0,3348.0,33480.0,nan,0.0,0.0,nan,,,,,,,,,,,,,,,
reviewer1_transition_dynamics_shift_smoke,reviewer1_transition_dynamics_shift_smoke,configs/reviewer1_remaining/smoke/transition_dynamics_shift.yaml,Reviewer1-transition-dynamics-shift-smoke,Reviewer1TransitionDynamicsShift-v0,Reviewer1TransitionDynamicsShift-v0,native_gymnasium_observation,relative_reliability_fuzzy,11001,train,5247,,,5247,46,0.6299999999999999,32,1.0,5247,296,0.0017271492510239164,0.03505709022283554,0,0,3,10.769317199999932,10.769317199999932,0.0,10.769317199999932,0.0,b240632d76bfe6919b44416ecd12239cbcb93cea,1.8.0,cde18190c3c8d2f5e97799ac5572ab19fe5ea4929fd0422da19b385b1d617f1e,True,3.14.3,2.11.0+cpu,2.4.3,1.3.0,3.1.0,not-installed,not-installed,0.19025505292423173,0.0,0.050120074,0.020134265551351553,850.0,0.0,0.0,0.0,0.0,1.0,0.28125,0.09232534260070197,0.9076746573992981,0.0,0.09232534260070197,0.12550435497000584,0.10186815535660355,0.6515531966875066,0.71875,0.71875,0.71875,0.28125,9.0,0.28125,exact,191.3,22.65,neural,850.0,3400.0,34000.0,nan,0.0,0.0,nan,,,,,,,,,,,,,,,
reviewer1_transition_dynamics_shift_smoke,reviewer1_transition_dynamics_shift_smoke,configs/reviewer1_remaining/smoke/transition_dynamics_shift.yaml,Reviewer1-transition-dynamics-shift-smoke,Reviewer1TransitionDynamicsShift-v0,Reviewer1TransitionDynamicsShift-v0,native_gymnasium_observation,relative_reliability_fuzzy,11001,train,5407,,,5407,47,-1.8500000000000014,160,0.0,5407,306,0.001806056056713025,0.03505709022283554,0,0,3,11.087731699997676,11.087731699997676,0.0,11.087731699997676,0.0,b240632d76bfe6919b44416ecd12239cbcb93cea,1.8.0,cde18190c3c8d2f5e97799ac5572ab19fe5ea4929fd0422da19b385b1d617f1e,True,3.14.3,2.11.0+cpu,2.4.3,1.3.0,3.1.0,not-installed,not-installed,0.18532455529592498,0.0,0.00013680688,0.005369365072847043,891.0,1.0,0.0,0.0,0.0,0.0,0.3375,0.07842767508518132,0.9215723249148187,0.0,0.07842767508518132,0.12538076959595365,0.08581087559412248,0.656913434835198,0.6625,0.6625,0.6625,0.3375,54.0,0.3375,exact,211.9275,24.35,neural,891.0,3564.0,35640.0,nan,0.0,0.0,nan,,,,,,,,,,,,,,,
reviewer1_transition_dynamics_shift_smoke,reviewer1_transition_dynamics_shift_smoke,configs/reviewer1_remaining/smoke/transition_dynamics_shift.yaml,Reviewer1-transition-dynamics-shift-smoke,Reviewer1TransitionDynamicsShift-v0,Reviewer1TransitionDynamicsShift-v0,native_gymnasium_observation,relative_reliability_fuzzy,11001,train,5567,,,5567,48,-2.0300000000000007,160,0.0,5567,316,0.0017684133261446973,0.03505709022283554,0,0,3,11.443502699999954,11.443502699999954,0.0,11.443502699999954,0.0,b240632d76bfe6919b44416ecd12239cbcb93cea,1.8.0,cde18190c3c8d2f5e97799ac5572ab19fe5ea4929fd0422da19b385b1d617f1e,True,3.14.3,2.11.0+cpu,2.4.3,1.3.0,3.1.0,not-installed,not-installed,0.1848654286183095,0.0,0.00011539303,0.0032655072005705445,916.0,1.0,0.0,0.0,0.0,0.0,0.24375,0.17386571765236156,0.8261342823476385,0.0,0.17386571765236156,0.21580229823015634,0.19734365265157633,0.8135439230338133,0.75625,0.75625,0.75625,0.24375,39.0,0.24375,exact,180.0425,26.45,neural,916.0,3664.0,36640.0,nan,0.0,0.0,nan,,,,,,,,,,,,,,,
reviewer1_transition_dynamics_shift_smoke,reviewer1_transition_dynamics_shift_smoke,configs/reviewer1_remaining/smoke/transition_dynamics_shift.yaml,Reviewer1-transition-dynamics-shift-smoke,Reviewer1TransitionDynamicsShift-v0,Reviewer1TransitionDynamicsShift-v0,native_gymnasium_observation,relative_reliability_fuzzy,11001,train,5727,,,5727,49,-1.9700000000000015,160,0.0,5727,326,0.001755320523131051,0.03505709022283554,0,0,3,11.808191800002533,11.808191800002533,0.0,11.808191800002533,0.0,b240632d76bfe6919b44416ecd12239cbcb93cea,1.8.0,cde18190c3c8d2f5e97799ac5572ab19fe5ea4929fd0422da19b385b1d617f1e,True,3.14.3,2.11.0+cpu,2.4.3,1.3.0,3.1.0,not-installed,not-installed,0.18884248067822665,0.0,0.00010398981,0.003537972006778772,919.0,1.0,0.0,0.0,0.0,0.0,0.0375,0.2420622167874913,0.7579377832125086,0.0,0.2420622167874913,0.228740609037105,0.2710541999519644,0.7479490139700806,0.9625,0.9625,0.9625,0.0375,6.0,0.0375,exact,225.196875,26.6,neural,919.0,3676.0,36760.0,nan,0.0,0.0,nan,,,,,,,,,,,,,,,
reviewer1_transition_dynamics_shift_smoke,reviewer1_transition_dynamics_shift_smoke,configs/reviewer1_remaining/smoke/transition_dynamics_shift.yaml,Reviewer1-transition-dynamics-shift-smoke,Reviewer1TransitionDynamicsShift-v0,Reviewer1TransitionDynamicsShift-v0,native_gymnasium_observation,relative_reliability_fuzzy,11001,train,5887,,,5887,50,-2.0600000000000005,160,0.0,5887,336,0.0017565258808645012,0.03505709022283554,0,0,3,12.1035544999977,12.1035544999977,0.0,12.1035544999977,0.0,b240632d76bfe6919b44416ecd12239cbcb93cea,1.8.0,cde18190c3c8d2f5e97799ac5572ab19fe5ea4929fd0422da19b385b1d617f1e,True,3.14.3,2.11.0+cpu,2.4.3,1.3.0,3.1.0,not-installed,not-installed,0.18722436728025443,0.0,0.00011272426,0.003629086313912516,937.0,1.0,0.0,0.0,0.0,0.0,0.1125,0.17849439038166554,0.8215056096183344,0.0,0.17849439038166554,0.21107688877706834,0.19925343887783759,0.709443069570604,0.8875,0.8875,0.8875,0.1125,18.0,0.1125,exact,198.796875,26.45,neural,937.0,3748.0,37480.0,nan,0.0,0.0,nan,,,,,,,,,,,,,,,
reviewer1_transition_dynamics_shift_smoke,reviewer1_transition_dynamics_shift_smoke,configs/reviewer1_remaining/smoke/transition_dynamics_shift.yaml,Reviewer1-transition-dynamics-shift-smoke,Reviewer1TransitionDynamicsShift-v0,Reviewer1TransitionDynamicsShift-v0,native_gymnasium_observation,relative_reliability_fuzzy,11001,eval,6000,6000,-3.1700000000000017,6000,1,-3.1700000000000017,160,0.0,6000,344,0.0017507416903035213,0.03505709022283554,0,1,3,13.573424200003501,12.283257300005062,1.2901668999984395,12.283257300005062,1.2901668999984395,b240632d76bfe6919b44416ecd12239cbcb93cea,1.8.0,cde18190c3c8d2f5e97799ac5572ab19fe5ea4929fd0422da19b385b1d617f1e,True,3.14.3,2.11.0+cpu,2.4.3,1.3.0,3.1.0,not-installed,not-installed,0.19347018220603973,0.0,0.00013037886,0.00024815106140789104,940.0,1.0,0.0,0.0,0.0,0.0,1.0,0.0,1.0,0.0,0.0,0.0,0.0,0.6673481726329084,0.0,0.0,0.0,1.0,160.0,1.0,support-boundary collapse,826.266875,802.5999999999999,neural,940.0,3760.0,37600.0,nan,0.0,0.0,nan,nan,nan,1,3,nan,nan,nan,unavailable,unavailable,unavailable,nan,nan,0.0,none,nan
reviewer1_transition_dynamics_shift_smoke,reviewer1_transition_dynamics_shift_smoke,configs/reviewer1_remaining/smoke/transition_dynamics_shift.yaml,Reviewer1-transition-dynamics-shift-smoke,Reviewer1TransitionDynamicsShift-v0,Reviewer1TransitionDynamicsShift-v0,native_gymnasium_observation,relative_reliability_fuzzy,11001,eval,6000,6000,-3.160000000000002,6000,2,-3.160000000000002,160,0.0,6000,344,0.0017507416903035213,0.03505709022283554,0,1,3,13.573891400003049,12.28372450000461,1.2901668999984395,12.28372450000461,1.2901668999984395,b240632d76bfe6919b44416ecd12239cbcb93cea,1.8.0,cde18190c3c8d2f5e97799ac5572ab19fe5ea4929fd0422da19b385b1d617f1e,True,3.14.3,2.11.0+cpu,2.4.3,1.3.0,3.1.0,not-installed,not-installed,0.19347018220603973,0.0,0.00013037886,0.00024815106140789104,940.0,1.0,0.0,0.0,0.0,0.0,1.0,0.0,1.0,0.0,0.0,0.0,0.0,0.5710392400888818,0.0,0.0,0.0,1.0,160.0,1.0,support-boundary collapse,792.0024999999999,776.2,neural,940.0,3760.0,37600.0,nan,0.0,0.0,nan,nan,nan,0,2,nan,nan,nan,unavailable,unavailable,unavailable,nan,nan,0.0,none,nan
reviewer1_transition_dynamics_shift_smoke,reviewer1_transition_dynamics_shift_smoke,configs/reviewer1_remaining/smoke/transition_dynamics_shift.yaml,Reviewer1-transition-dynamics-shift-smoke,Reviewer1TransitionDynamicsShift-v0,Reviewer1TransitionDynamicsShift-v0,native_gymnasium_observation,relative_reliability_fuzzy,11001,eval,6000,6000,-3.090000000000002,6000,3,-3.090000000000002,160,0.0,6000,344,0.0017507416903035213,0.03505709022283554,0,1,3,13.57415310000215,12.28398620000371,1.2901668999984395,12.28398620000371,1.2901668999984395,b240632d76bfe6919b44416ecd12239cbcb93cea,1.8.0,cde18190c3c8d2f5e97799ac5572ab19fe5ea4929fd0422da19b385b1d617f1e,True,3.14.3,2.11.0+cpu,2.4.3,1.3.0,3.1.0,not-installed,not-installed,0.19347018220603973,0.0,0.00013037886,0.00024815106140789104,940.0,1.0,0.0,0.0,0.0,0.0,1.0,0.0,1.0,0.0,0.0,0.0,0.0,0.8441648346975148,0.0,0.0,0.0,1.0,160.0,1.0,support-boundary collapse,856.320625,810.2,neural,940.0,3760.0,37600.0,nan,0.0,0.0,nan,nan,nan,1,2,nan,nan,nan,unavailable,unavailable,unavailable,nan,nan,0.0,none,nan
reviewer1_transition_dynamics_shift_smoke,reviewer1_transition_dynamics_shift_smoke,configs/reviewer1_remaining/smoke/transition_dynamics_shift.yaml,Reviewer1-transition-dynamics-shift-smoke,Reviewer1TransitionDynamicsShift-v0,Reviewer1TransitionDynamicsShift-v0,native_gymnasium_observation,relative_reliability_fuzzy,11001,eval,6000,6000,-3.0300000000000002,6000,4,-3.0300000000000002,160,0.0,6000,344,0.0017507416903035213,0.03505709022283554,0,1,3,13.574387300002854,12.284220400004415,1.2901668999984395,12.284220400004415,1.2901668999984395,b240632d76bfe6919b44416ecd12239cbcb93cea,1.8.0,cde18190c3c8d2f5e97799ac5572ab19fe5ea4929fd0422da19b385b1d617f1e,True,3.14.3,2.11.0+cpu,2.4.3,1.3.0,3.1.0,not-installed,not-installed,0.19347018220603973,0.0,0.00013037886,0.00024815106140789104,940.0,1.0,0.0,0.0,0.0,0.0,0.0,0.1644004449998206,0.8355995550001794,0.0,0.1644004449998206,0.0,0.18265458297572454,0.8923942304225448,1.0,1.0,1.0,0.0,0.0,0.0,exact,838.75125,808.3,neural,940.0,3760.0,37600.0,nan,0.0,0.0,nan,nan,nan,1,nan,nan,nan,nan,unavailable,unavailable,unavailable,nan,nan,0.0,none,nan
reviewer1_transition_dynamics_shift_smoke,reviewer1_transition_dynamics_shift_smoke,configs/reviewer1_remaining/smoke/transition_dynamics_shift.yaml,Reviewer1-transition-dynamics-shift-smoke,Reviewer1TransitionDynamicsShift-v0,Reviewer1TransitionDynamicsShift-v0,native_gymnasium_observation,relative_reliability_fuzzy,11001,train,6047,,,6047,51,-1.9900000000000015,160,0.0,6047,346,0.001762123084638868,0.03505709022283554,0,1,3,13.652887700001884,12.362720800003444,1.2901668999984395,12.362720800003444,1.2901668999984395,b240632d76bfe6919b44416ecd12239cbcb93cea,1.8.0,cde18190c3c8d2f5e97799ac5572ab19fe5ea4929fd0422da19b385b1d617f1e,True,3.14.3,2.11.0+cpu,2.4.3,1.3.0,3.1.0,not-installed,not-installed,0.1972009970453958,0.0,8.424106e-05,0.00482881886916291,940.0,1.0,0.0,0.0,0.0,0.0,0.0,0.3731812002865647,0.6268187997134353,0.0,0.3731812002865647,0.19119567175797342,0.43170728063918096,0.7058434966064192,1.0,1.0,1.0,0.0,0.0,0.0,exact,237.18687500000001,25.75,neural,940.0,3760.0,37600.0,nan,0.0,0.0,nan,,,,,,,,,,,,,,,
reviewer1_transition_dynamics_shift_smoke,reviewer1_transition_dynamics_shift_smoke,configs/reviewer1_remaining/smoke/transition_dynamics_shift.yaml,Reviewer1-transition-dynamics-shift-smoke,Reviewer1TransitionDynamicsShift-v0,Reviewer1TransitionDynamicsShift-v0,native_gymnasium_observation,relative_reliability_fuzzy,11001,train,6207,,,6207,52,-1.9400000000000015,160,0.0,6207,356,0.0017633348030317445,0.03505709022283554,0,1,3,14.043016099996748,12.752849199998309,1.2901668999984395,12.752849199998309,1.2901668999984395,b240632d76bfe6919b44416ecd12239cbcb93cea,1.8.0,cde18190c3c8d2f5e97799ac5572ab19fe5ea4929fd0422da19b385b1d617f1e,True,3.14.3,2.11.0+cpu,2.4.3,1.3.0,3.1.0,not-installed,not-installed,0.19440376290113237,0.0,0.00015143203,0.004249898318752599,965.0,1.0,0.0,0.0,0.0,0.0,0.125,0.17641960390302924,0.8235803960969708,0.0,0.17641960390302924,0.21577331233043573,0.19791927028364853,0.8719316097455503,0.875,0.875,0.875,0.125,20.0,0.125,exact,224.64749999999998,28.05,neural,965.0,3860.0,38600.0,nan,0.0,0.0,nan,,,,,,,,,,,,,,,
reviewer1_transition_dynamics_shift_smoke,reviewer1_transition_dynamics_shift_smoke,configs/reviewer1_remaining/smoke/transition_dynamics_shift.yaml,Reviewer1-transition-dynamics-shift-smoke,Reviewer1TransitionDynamicsShift-v0,Reviewer1TransitionDynamicsShift-v0,native_gymnasium_observation,relative_reliability_fuzzy,11001,train,6210,,,6210,53,0.98,3,1.0,6210,357,0.001758480980169013,0.03505709022283554,0,1,3,14.05113110000093,12.76096420000249,1.2901668999984395,12.76096420000249,1.2901668999984395,b240632d76bfe6919b44416ecd12239cbcb93cea,1.8.0,cde18190c3c8d2f5e97799ac5572ab19fe5ea4929fd0422da19b385b1d617f1e,True,3.14.3,2.11.0+cpu,2.4.3,1.3.0,3.1.0,not-installed,not-installed,0.19448336864057444,0.0,0.033849098,0.0266001332269373,965.0,0.0,0.0,0.0,0.0,1.0,0.0,0.26612853413843857,0.7338714658615615,0.0,0.26612853413843857,0.0,0.29531191028128656,0.4413401187188266,1.0,1.0,1.0,0.0,0.0,0.0,exact,316.09999999999997,27.4,neural,965.0,3860.0,38600.0,nan,0.0,0.0,nan,,,,,,,,,,,,,,,
reviewer1_transition_dynamics_shift_smoke,reviewer1_transition_dynamics_shift_smoke,configs/reviewer1_remaining/smoke/transition_dynamics_shift.yaml,Reviewer1-transition-dynamics-shift-smoke,Reviewer1TransitionDynamicsShift-v0,Reviewer1TransitionDynamicsShift-v0,native_gymnasium_observation,relative_reliability_fuzzy,11001,train,6370,,,6370,54,-1.7500000000000013,160,0.0,6370,367,0.001776859761798299,0.03505709022283554,0,1,3,14.396002100002079,13.10583520000364,1.2901668999984395,13.10583520000364,1.2901668999984395,b240632d76bfe6919b44416ecd12239cbcb93cea,1.8.0,cde18190c3c8d2f5e97799ac5572ab19fe5ea4929fd0422da19b385b1d617f1e,True,3.14.3,2.11.0+cpu,2.4.3,1.3.0,3.1.0,not-installed,not-installed,0.20426744366450325,0.0,7.290271e-05,0.0027803674945049523,972.0,1.0,0.0,0.0,0.0,0.0,0.0,0.34580405286575533,0.6541959471342447,0.0,0.34580405286575533,0.194386688870972,0.4057116981835424,0.7173708887940559,1.0,1.0,1.0,0.0,0.0,0.0,exact,277.784375,26.85,neural,972.0,3888.0,38880.0,nan,0.0,0.0,nan,,,,,,,,,,,,,,,
reviewer1_transition_dynamics_shift_smoke,reviewer1_transition_dynamics_shift_smoke,configs/reviewer1_remaining/smoke/transition_dynamics_shift.yaml,Reviewer1-transition-dynamics-shift-smoke,Reviewer1TransitionDynamicsShift-v0,Reviewer1TransitionDynamicsShift-v0,native_gymnasium_observation,relative_reliability_fuzzy,11001,train,6530,,,6530,55,-2.119999999999999,160,0.0,6530,377,0.0017782036998708775,0.03505709022283554,0,1,3,14.744465700001456,13.454298800003016,1.2901668999984395,13.454298800003016,1.2901668999984395,b240632d76bfe6919b44416ecd12239cbcb93cea,1.8.0,cde18190c3c8d2f5e97799ac5572ab19fe5ea4929fd0422da19b385b1d617f1e,True,3.14.3,2.11.0+cpu,2.4.3,1.3.0,3.1.0,not-installed,not-installed,0.20896684820031097,0.0,9.1253074e-05,0.0032314747025211084,980.0,1.0,0.0,0.0,0.0,0.0,0.03125,0.30284986038139566,0.6971501396186044,0.0,0.30284986038139566,0.23110967068340857,0.35773939772984437,0.5562050347870263,0.96875,0.96875,0.96875,0.03125,5.0,0.03125,exact,268.874375,29.8,neural,980.0,3920.0,39200.0,nan,0.0,0.0,nan,,,,,,,,,,,,,,,
reviewer1_transition_dynamics_shift_smoke,reviewer1_transition_dynamics_shift_smoke,configs/reviewer1_remaining/smoke/transition_dynamics_shift.yaml,Reviewer1-transition-dynamics-shift-smoke,Reviewer1TransitionDynamicsShift-v0,Reviewer1TransitionDynamicsShift-v0,native_gymnasium_observation,relative_reliability_fuzzy,11001,train,6582,,,6582,56,0.33999999999999964,52,1.0,6582,380,0.0017858941822372512,0.03505709022283554,0,1,3,14.833949699997902,13.543782799999462,1.2901668999984395,13.543782799999462,1.2901668999984395,b240632d76bfe6919b44416ecd12239cbcb93cea,1.8.0,cde18190c3c8d2f5e97799ac5572ab19fe5ea4929fd0422da19b385b1d617f1e,True,3.14.3,2.11.0+cpu,2.4.3,1.3.0,3.1.0,not-installed,not-installed,0.20757282754327813,0.0,0.050125744,0.020950926323265794,997.0,0.0,0.0,0.0,0.0,1.0,0.5961538461538461,0.0651626349916963,0.9348373650083037,0.0,0.0651626349916963,0.05,0.07094908591927712,0.45250263794784007,0.40384615384615385,0.40384615384615385,0.40384615384615385,0.5961538461538461,31.0,0.5961538461538461,support-boundary collapse,161.77115384615382,24.35,neural,997.0,3988.0,39880.0,nan,0.0,0.0,nan,,,,,,,,,,,,,,,
reviewer1_transition_dynamics_shift_smoke,reviewer1_transition_dynamics_shift_smoke,configs/reviewer1_remaining/smoke/transition_dynamics_shift.yaml,Reviewer1-transition-dynamics-shift-smoke,Reviewer1TransitionDynamicsShift-v0,Reviewer1TransitionDynamicsShift-v0,native_gymnasium_observation,relative_reliability_fuzzy,11001,train,6742,,,6742,57,-1.8300000000000014,160,0.0,6742,390,0.0017680137208420396,0.03505709022283554,0,1,3,15.19441480000387,13.90424790000543,1.2901668999984395,13.90424790000543,1.2901668999984395,b240632d76bfe6919b44416ecd12239cbcb93cea,1.8.0,cde18190c3c8d2f5e97799ac5572ab19fe5ea4929fd0422da19b385b1d617f1e,True,3.14.3,2.11.0+cpu,2.4.3,1.3.0,3.1.0,not-installed,not-installed,0.20435178038810928,0.0,0.00011167923,0.002522931036972172,1033.0,1.0,0.0,0.0,0.0,0.0,0.3875,0.10334908955116365,0.8966509104488363,0.0,0.10334908955116365,0.199073692430569,0.1139063459491247,0.7690935696318475,0.6125,0.6125,0.6125,0.3875,62.0,0.3875,exact,219.15375,26.700000000000003,neural,1033.0,4132.0,41320.0,nan,0.0,0.0,nan,,,,,,,,,,,,,,,
reviewer1_transition_dynamics_shift_smoke,reviewer1_transition_dynamics_shift_smoke,configs/reviewer1_remaining/smoke/transition_dynamics_shift.yaml,Reviewer1-transition-dynamics-shift-smoke,Reviewer1TransitionDynamicsShift-v0,Reviewer1TransitionDynamicsShift-v0,native_gymnasium_observation,relative_reliability_fuzzy,11001,train,6753,,,6753,58,0.88,11,1.0,6753,391,0.0017636804788889538,0.03505709022283554,0,1,3,15.216347000001406,13.926180100002966,1.2901668999984395,13.926180100002966,1.2901668999984395,b240632d76bfe6919b44416ecd12239cbcb93cea,1.8.0,cde18190c3c8d2f5e97799ac5572ab19fe5ea4929fd0422da19b385b1d617f1e,True,3.14.3,2.11.0+cpu,2.4.3,1.3.0,3.1.0,not-installed,not-installed,0.20357726681417856,0.0,0.052405283,0.022051815631076933,1036.0,0.0,0.0,0.0,0.0,1.0,0.09090909090909091,0.045454545454545456,0.9545454545454544,0.0,0.045454545454545456,0.0,0.044336886817532714,0.5598182527745228,0.9090909090909091,0.9090909090909091,0.9090909090909091,0.09090909090909091,1.0,0.09090909090909091,exact,369.8727272727273,50.0,neural,1036.0,4144.0,41440.0,nan,0.0,0.0,nan,,,,,,,,,,,,,,,
reviewer1_transition_dynamics_shift_smoke,reviewer1_transition_dynamics_shift_smoke,configs/reviewer1_remaining/smoke/transition_dynamics_shift.yaml,Reviewer1-transition-dynamics-shift-smoke,Reviewer1TransitionDynamicsShift-v0,Reviewer1TransitionDynamicsShift-v0,native_gymnasium_observation,relative_reliability_fuzzy,11001,train,6756,,,6756,59,0.98,3,1.0,6756,391,0.0017636804788889538,0.03505709022283554,0,1,3,15.219998499997018,13.929831599998579,1.2901668999984395,13.929831599998579,1.2901668999984395,b240632d76bfe6919b44416ecd12239cbcb93cea,1.8.0,cde18190c3c8d2f5e97799ac5572ab19fe5ea4929fd0422da19b385b1d617f1e,True,3.14.3,2.11.0+cpu,2.4.3,1.3.0,3.1.0,not-installed,not-installed,0.20357726681417856,0.0,0.094940245,0.04597393565126385,1039.0,0.0,0.0,0.0,0.0,1.0,0.0,0.05000000000000001,0.9499999999999998,0.0,0.05000000000000001,0.0,0.048770575499285984,0.6775977964666552,1.0,1.0,1.0,0.0,0.0,0.0,exact,18.766666666666666,16.3,neural,1039.0,4156.0,41560.0,nan,0.0,0.0,nan,,,,,,,,,,,,,,,
reviewer1_transition_dynamics_shift_smoke,reviewer1_transition_dynamics_shift_smoke,configs/reviewer1_remaining/smoke/transition_dynamics_shift.yaml,Reviewer1-transition-dynamics-shift-smoke,Reviewer1TransitionDynamicsShift-v0,Reviewer1TransitionDynamicsShift-v0,native_gymnasium_observation,relative_reliability_fuzzy,11001,train,6916,,,6916,60,-2.060000000000001,160,0.0,6916,401,0.001746302370996719,0.03505709022283554,0,1,3,15.574498100002529,14.28433120000409,1.2901668999984395,14.28433120000409,1.2901668999984395,b240632d76bfe6919b44416ecd12239cbcb93cea,1.8.0,cde18190c3c8d2f5e97799ac5572ab19fe5ea4929fd0422da19b385b1d617f1e,True,3.14.3,2.11.0+cpu,2.4.3,1.3.0,3.1.0,not-installed,not-installed,0.1991730213798285,0.0,0.00013640065,0.005367439424600231,1079.0,1.0,0.0,0.0,0.0,0.0,0.1875,0.10657010741295467,0.8934298925870454,0.0,0.10657010741295467,0.07519190509845593,0.11722960920030986,0.652288720146314,0.8125,0.8125,0.8125,0.1875,30.0,0.1875,exact,289.89375,28.65,neural,1079.0,4316.0,43160.0,nan,0.0,0.0,nan,,,,,,,,,,,,,,,
reviewer1_transition_dynamics_shift_smoke,reviewer1_transition_dynamics_shift_smoke,configs/reviewer1_remaining/smoke/transition_dynamics_shift.yaml,Reviewer1-transition-dynamics-shift-smoke,Reviewer1TransitionDynamicsShift-v0,Reviewer1TransitionDynamicsShift-v0,native_gymnasium_observation,relative_reliability_fuzzy,11001,train,7076,,,7076,61,-1.8400000000000014,160,0.0,7076,411,0.0017436146889896094,0.03505709022283554,0,1,3,16.016485599997395,14.726318699998956,1.2901668999984395,14.726318699998956,1.2901668999984395,b240632d76bfe6919b44416ecd12239cbcb93cea,1.8.0,cde18190c3c8d2f5e97799ac5572ab19fe5ea4929fd0422da19b385b1d617f1e,True,3.14.3,2.11.0+cpu,2.4.3,1.3.0,3.1.0,not-installed,not-installed,0.20199293628415815,0.0,8.0010825e-05,0.003738580847482391,1091.0,1.0,0.0,0.0,0.0,0.0,0.06875,0.2981487499960726,0.7018512500039275,0.0,0.2981487499960726,0.29090689150443944,0.34498011376845306,0.6376936999250848,0.93125,0.93125,0.93125,0.06875,11.0,0.06875,exact,335.375625,35.35,neural,1091.0,4364.0,43640.0,nan,0.0,0.0,nan,,,,,,,,,,,,,,,
reviewer1_transition_dynamics_shift_smoke,reviewer1_transition_dynamics_shift_smoke,configs/reviewer1_remaining/smoke/transition_dynamics_shift.yaml,Reviewer1-transition-dynamics-shift-smoke,Reviewer1TransitionDynamicsShift-v0,Reviewer1TransitionDynamicsShift-v0,native_gymnasium_observation,relative_reliability_fuzzy,11001,train,7236,,,7236,62,-1.9600000000000015,160,0.0,7236,421,0.00173077296311544,0.03505709022283554,0,1,3,16.397792099996877,15.107625199998438,1.2901668999984395,15.107625199998438,1.2901668999984395,b240632d76bfe6919b44416ecd12239cbcb93cea,1.8.0,cde18190c3c8d2f5e97799ac5572ab19fe5ea4929fd0422da19b385b1d617f1e,True,3.14.3,2.11.0+cpu,2.4.3,1.3.0,3.1.0,not-installed,not-installed,0.20559231753515858,0.0,8.443862e-05,0.004743215724854,1101.0,1.0,0.0,0.0,0.0,0.0,0.0375,0.31525253288825983,0.6847474671117402,0.0,0.31525253288825983,0.2601516449014174,0.38681905736878225,0.6860879303631829,0.9625,0.9625,0.9625,0.0375,6.0,0.0375,exact,331.515625,34.2,neural,1101.0,4404.0,44040.0,nan,0.0,0.0,nan,,,,,,,,,,,,,,,
reviewer1_transition_dynamics_shift_smoke,reviewer1_transition_dynamics_shift_smoke,configs/reviewer1_remaining/smoke/transition_dynamics_shift.yaml,Reviewer1-transition-dynamics-shift-smoke,Reviewer1TransitionDynamicsShift-v0,Reviewer1TransitionDynamicsShift-v0,native_gymnasium_observation,relative_reliability_fuzzy,11001,train,7396,,,7396,63,-1.9700000000000015,160,0.0,7396,431,0.0016958330189732898,0.03505709022283554,0,1,3,16.77951230000326,15.489345400004822,1.2901668999984395,15.489345400004822,1.2901668999984395,b240632d76bfe6919b44416ecd12239cbcb93cea,1.8.0,cde18190c3c8d2f5e97799ac5572ab19fe5ea4929fd0422da19b385b1d617f1e,True,3.14.3,2.11.0+cpu,2.4.3,1.3.0,3.1.0,not-installed,not-installed,0.20545721051418,0.0,9.233263e-05,0.005083930412922045,1127.0,1.0,0.0,0.0,0.0,0.0,0.1125,0.22544108996622209,0.7745589100337779,0.0,0.22544108996622209,0.2473107399718415,0.259367694655743,0.7690542907786451,0.8875,0.8875,0.8875,0.1125,18.0,0.1125,exact,312.745,30.8,neural,1127.0,4508.0,45080.0,nan,0.0,0.0,nan,,,,,,,,,,,,,,,
reviewer1_transition_dynamics_shift_smoke,reviewer1_transition_dynamics_shift_smoke,configs/reviewer1_remaining/smoke/transition_dynamics_shift.yaml,Reviewer1-transition-dynamics-shift-smoke,Reviewer1TransitionDynamicsShift-v0,Reviewer1TransitionDynamicsShift-v0,native_gymnasium_observation,relative_reliability_fuzzy,11001,train,7414,,,7414,64,0.7999999999999999,18,1.0,7414,432,0.0017056337126683098,0.03505709022283554,0,1,3,16.81852610000351,15.52835920000507,1.2901668999984395,15.52835920000507,1.2901668999984395,b240632d76bfe6919b44416ecd12239cbcb93cea,1.8.0,cde18190c3c8d2f5e97799ac5572ab19fe5ea4929fd0422da19b385b1d617f1e,True,3.14.3,2.11.0+cpu,2.4.3,1.3.0,3.1.0,not-installed,not-installed,0.2045715629277179,0.0,0.050105702,0.021859436598738364,1139.0,0.0,0.0,0.0,0.0,1.0,0.5,0.041747013651780934,0.9582529863482192,0.0,0.041747013651780934,0.05,0.04450116509978882,0.5493430907045312,0.5,0.5,0.5,0.5,9.0,0.5,exact,341.8,33.1,neural,1139.0,4556.0,45560.0,nan,0.0,0.0,nan,,,,,,,,,,,,,,,
reviewer1_transition_dynamics_shift_smoke,reviewer1_transition_dynamics_shift_smoke,configs/reviewer1_remaining/smoke/transition_dynamics_shift.yaml,Reviewer1-transition-dynamics-shift-smoke,Reviewer1TransitionDynamicsShift-v0,Reviewer1TransitionDynamicsShift-v0,native_gymnasium_observation,relative_reliability_fuzzy,11001,train,7574,,,7574,65,-2.020000000000001,160,0.0,7574,442,0.0017493478314558226,0.03505709022283554,0,1,3,17.244188999997277,15.954022099998838,1.2901668999984395,15.954022099998838,1.2901668999984395,b240632d76bfe6919b44416ecd12239cbcb93cea,1.8.0,cde18190c3c8d2f5e97799ac5572ab19fe5ea4929fd0422da19b385b1d617f1e,True,3.14.3,2.11.0+cpu,2.4.3,1.3.0,3.1.0,not-installed,not-installed,0.21686763023498687,0.0,7.455237e-05,0.004204553342049759,1140.0,1.0,0.0,0.0,0.0,0.0,0.00625,0.4599157564186897,0.5400842435813102,0.0,0.4599157564186897,0.054727258971013715,0.6824744926060566,0.5595002892920441,0.99375,0.99375,0.99375,0.00625,1.0,0.00625,exact,371.90125,37.85,neural,1140.0,4560.0,45600.0,nan,0.0,0.0,nan,,,,,,,,,,,,,,,
reviewer1_transition_dynamics_shift_smoke,reviewer1_transition_dynamics_shift_smoke,configs/reviewer1_remaining/smoke/transition_dynamics_shift.yaml,Reviewer1-transition-dynamics-shift-smoke,Reviewer1TransitionDynamicsShift-v0,Reviewer1TransitionDynamicsShift-v0,native_gymnasium_observation,relative_reliability_fuzzy,11001,train,7734,,,7734,66,-2.2299999999999986,160,0.0,7734,452,0.0017155286351604382,0.03505709022283554,0,1,3,17.55179759999737,16.261630699998932,1.2901668999984395,16.261630699998932,1.2901668999984395,b240632d76bfe6919b44416ecd12239cbcb93cea,1.8.0,cde18190c3c8d2f5e97799ac5572ab19fe5ea4929fd0422da19b385b1d617f1e,True,3.14.3,2.11.0+cpu,2.4.3,1.3.0,3.1.0,not-installed,not-installed,0.2196031759358494,0.0,9.684716e-05,0.004129395279514208,1151.0,1.0,0.0,0.0,0.0,0.0,0.04375,0.30557081523235735,0.6944291847676427,0.0,0.30557081523235735,0.28754644902673365,0.36260398805512595,0.542547011008654,0.95625,0.95625,0.95625,0.04375,7.0,0.04375,exact,338.16625,30.4,neural,1151.0,4604.0,46040.0,nan,0.0,0.0,nan,,,,,,,,,,,,,,,
reviewer1_transition_dynamics_shift_smoke,reviewer1_transition_dynamics_shift_smoke,configs/reviewer1_remaining/smoke/transition_dynamics_shift.yaml,Reviewer1-transition-dynamics-shift-smoke,Reviewer1TransitionDynamicsShift-v0,Reviewer1TransitionDynamicsShift-v0,native_gymnasium_observation,relative_reliability_fuzzy,11001,train,7757,,,7757,67,0.75,23,1.0,7757,453,0.0017118758089464182,0.03505709022283554,0,1,3,17.585670599997684,16.295503699999244,1.2901668999984395,16.295503699999244,1.2901668999984395,b240632d76bfe6919b44416ecd12239cbcb93cea,1.8.0,cde18190c3c8d2f5e97799ac5572ab19fe5ea4929fd0422da19b385b1d617f1e,True,3.14.3,2.11.0+cpu,2.4.3,1.3.0,3.1.0,not-installed,not-installed,0.2187733316021571,0.0,0.05011714,0.021142738488497632,1161.0,0.0,0.0,0.0,0.0,1.0,0.08695652173913043,0.06977320359373342,0.9302267964062664,0.0,0.06977320359373342,0.0,0.07432121769015927,0.768976529960387,0.9130434782608695,0.9130434782608695,0.9130434782608695,0.08695652173913043,2.0,0.08695652173913043,exact,243.9217391304348,23.2,neural,1161.0,4644.0,46440.0,nan,0.0,0.0,nan,,,,,,,,,,,,,,,
reviewer1_transition_dynamics_shift_smoke,reviewer1_transition_dynamics_shift_smoke,configs/reviewer1_remaining/smoke/transition_dynamics_shift.yaml,Reviewer1-transition-dynamics-shift-smoke,Reviewer1TransitionDynamicsShift-v0,Reviewer1TransitionDynamicsShift-v0,native_gymnasium_observation,relative_reliability_fuzzy,11001,train,7917,,,7917,68,-2.11,160,0.0,7917,463,0.0016776513274444822,0.03505709022283554,0,1,3,17.991905299997597,16.701738399999158,1.2901668999984395,16.701738399999158,1.2901668999984395,b240632d76bfe6919b44416ecd12239cbcb93cea,1.8.0,cde18190c3c8d2f5e97799ac5572ab19fe5ea4929fd0422da19b385b1d617f1e,True,3.14.3,2.11.0+cpu,2.4.3,1.3.0,3.1.0,not-installed,not-installed,0.21753597206896008,0.0,0.00011826093,0.004541908915252987,1185.0,1.0,0.0,0.0,0.0,0.0,0.225,0.16950389404840338,0.8304961059515966,0.0,0.16950389404840338,0.2467089077410235,0.1994063415170078,0.6869257196531343,0.775,0.775,0.775,0.225,36.0,0.225,exact,343.73687499999994,35.3,neural,1185.0,4740.0,47400.0,nan,0.0,0.0,nan,,,,,,,,,,,,,,,
reviewer1_transition_dynamics_shift_smoke,reviewer1_transition_dynamics_shift_smoke,configs/reviewer1_remaining/smoke/transition_dynamics_shift.yaml,Reviewer1-transition-dynamics-shift-smoke,Reviewer1TransitionDynamicsShift-v0,Reviewer1TransitionDynamicsShift-v0,native_gymnasium_observation,relative_reliability_fuzzy,11001,train,7951,,,7951,69,0.6199999999999999,34,1.0,7951,465,0.0016707059428333968,0.03505709022283554,0,1,3,18.06259310000314,16.772426200004702,1.2901668999984395,16.772426200004702,1.2901668999984395,b240632d76bfe6919b44416ecd12239cbcb93cea,1.8.0,cde18190c3c8d2f5e97799ac5572ab19fe5ea4929fd0422da19b385b1d617f1e,True,3.14.3,2.11.0+cpu,2.4.3,1.3.0,3.1.0,not-installed,not-installed,0.21604584603952928,0.0,0.050117552,0.024901222925778045,1201.0,0.0,0.0,0.0,0.0,1.0,0.47058823529411764,0.04504336870554865,0.9549566312944515,0.0,0.04504336870554865,0.08579681426777801,0.048616443522495806,0.642188681338752,0.5294117647058824,0.5294117647058824,0.5294117647058824,0.47058823529411764,16.0,0.47058823529411764,exact,369.95000000000005,41.9,neural,1201.0,4804.0,48040.0,nan,0.0,0.0,nan,,,,,,,,,,,,,,,
reviewer1_transition_dynamics_shift_smoke,reviewer1_transition_dynamics_shift_smoke,configs/reviewer1_remaining/smoke/transition_dynamics_shift.yaml,Reviewer1-transition-dynamics-shift-smoke,Reviewer1TransitionDynamicsShift-v0,Reviewer1TransitionDynamicsShift-v0,native_gymnasium_observation,relative_reliability_fuzzy,11001,train,8033,,,8033,70,-0.07000000000000073,82,1.0,8033,471,0.0016501151157907695,0.03505709022283554,0,1,3,18.2779720000035,16.987805100005062,1.2901668999984395,16.987805100005062,1.2901668999984395,b240632d76bfe6919b44416ecd12239cbcb93cea,1.8.0,cde18190c3c8d2f5e97799ac5572ab19fe5ea4929fd0422da19b385b1d617f1e,True,3.14.3,2.11.0+cpu,2.4.3,1.3.0,3.1.0,not-installed,not-installed,0.21638114010985982,0.0,0.050857328,0.02220690516917563,1214.0,0.0,0.0,0.0,0.0,1.0,0.15853658536585366,0.20629582151655348,0.7937041784834467,0.0,0.20629582151655348,0.179994587349755,0.2603560054463877,0.6225055814753878,0.8414634146341463,0.8414634146341463,0.8414634146341463,0.15853658536585366,13.0,0.15853658536585366,exact,356.3512195121951,34.150000000000006,neural,1214.0,4856.0,48560.0,nan,0.0,0.0,nan,,,,,,,,,,,,,,,
reviewer1_transition_dynamics_shift_smoke,reviewer1_transition_dynamics_shift_smoke,configs/reviewer1_remaining/smoke/transition_dynamics_shift.yaml,Reviewer1-transition-dynamics-shift-smoke,Reviewer1TransitionDynamicsShift-v0,Reviewer1TransitionDynamicsShift-v0,native_gymnasium_observation,relative_reliability_fuzzy,11001,train,8193,,,8193,71,-1.9100000000000015,160,0.0,8193,481,0.0016385644294226905,0.03505709022283554,0,1,3,18.683477600003243,17.393310700004804,1.2901668999984395,17.393310700004804,1.2901668999984395,b240632d76bfe6919b44416ecd12239cbcb93cea,1.8.0,cde18190c3c8d2f5e97799ac5572ab19fe5ea4929fd0422da19b385b1d617f1e,True,3.14.3,2.11.0+cpu,2.4.3,1.3.0,3.1.0,not-installed,not-installed,0.21871694572125172,0.0,0.00011793801,0.002158341778485804,1224.0,1.0,0.0,0.0,0.0,0.0,0.08125,0.2736233405138594,0.7263766594861406,0.0,0.2736233405138594,0.32870556195630474,0.32618500887266133,0.5367088019350837,0.91875,0.91875,0.91875,0.08125,13.0,0.08125,exact,345.12125000000003,35.2,neural,1224.0,4896.0,48960.0,nan,0.0,0.0,nan,,,,,,,,,,,,,,,
reviewer1_transition_dynamics_shift_smoke,reviewer1_transition_dynamics_shift_smoke,configs/reviewer1_remaining/smoke/transition_dynamics_shift.yaml,Reviewer1-transition-dynamics-shift-smoke,Reviewer1TransitionDynamicsShift-v0,Reviewer1TransitionDynamicsShift-v0,native_gymnasium_observation,relative_reliability_fuzzy,11001,train,8353,,,8353,72,-2.2499999999999982,160,0.0,8353,491,0.001607713936933882,0.03505709022283554,0,1,3,19.04776320000383,17.75759630000539,1.2901668999984395,17.75759630000539,1.2901668999984395,b240632d76bfe6919b44416ecd12239cbcb93cea,1.8.0,cde18190c3c8d2f5e97799ac5572ab19fe5ea4929fd0422da19b385b1d617f1e,True,3.14.3,2.11.0+cpu,2.4.3,1.3.0,3.1.0,not-installed,not-installed,0.2217216752253062,0.0,7.899343e-05,0.004824677779446158,1236.0,1.0,0.0,0.0,0.0,0.0,0.04375,0.3094503308558879,0.6905496691441121,0.0,0.3094503308558879,0.3072184398013734,0.3793615002588922,0.5004835807785097,0.95625,0.95625,0.95625,0.04375,7.0,0.04375,exact,366.02937499999996,33.6,neural,1236.0,4944.0,49440.0,nan,0.0,0.0,nan,,,,,,,,,,,,,,,
reviewer1_transition_dynamics_shift_smoke,reviewer1_transition_dynamics_shift_smoke,configs/reviewer1_remaining/smoke/transition_dynamics_shift.yaml,Reviewer1-transition-dynamics-shift-smoke,Reviewer1TransitionDynamicsShift-v0,Reviewer1TransitionDynamicsShift-v0,native_gymnasium_observation,relative_reliability_fuzzy,11001,train,8513,,,8513,73,-1.9200000000000015,160,0.0,8513,501,0.0016109845418687617,0.03505709022283554,0,1,3,19.381370800001605,18.091203900003165,1.2901668999984395,18.091203900003165,1.2901668999984395,b240632d76bfe6919b44416ecd12239cbcb93cea,1.8.0,cde18190c3c8d2f5e97799ac5572ab19fe5ea4929fd0422da19b385b1d617f1e,True,3.14.3,2.11.0+cpu,2.4.3,1.3.0,3.1.0,not-installed,not-installed,0.22127920737267315,0.0,0.000106125284,0.0024246758183778276,1246.0,1.0,0.0,0.0,0.0,0.0,0.05,0.20705679097415258,0.7929432090258475,0.0,0.20705679097415258,0.18123669989640903,0.23728074193696833,0.750870156317268,0.95,0.95,0.95,0.05,8.0,0.05,exact,308.585625,34.15,neural,1246.0,4984.0,49840.0,nan,0.0,0.0,nan,,,,,,,,,,,,,,,
reviewer1_transition_dynamics_shift_smoke,reviewer1_transition_dynamics_shift_smoke,configs/reviewer1_remaining/smoke/transition_dynamics_shift.yaml,Reviewer1-transition-dynamics-shift-smoke,Reviewer1TransitionDynamicsShift-v0,Reviewer1TransitionDynamicsShift-v0,native_gymnasium_observation,relative_reliability_fuzzy,11001,train,8537,,,8537,74,0.72,24,1.0,8537,502,0.0016091691925674719,0.03505709022283554,0,1,3,19.412952400001814,18.122785500003374,1.2901668999984395,18.122785500003374,1.2901668999984395,b240632d76bfe6919b44416ecd12239cbcb93cea,1.8.0,cde18190c3c8d2f5e97799ac5572ab19fe5ea4929fd0422da19b385b1d617f1e,True,3.14.3,2.11.0+cpu,2.4.3,1.3.0,3.1.0,not-installed,not-installed,0.22112762220484186,0.0,0.033794433,0.03209109690317342,1247.0,0.0,0.0,0.0,0.0,1.0,0.0,0.17744563362194696,0.822554366378053,0.0,0.17744563362194696,0.09032638839241303,0.196751117559584,0.6780778732144256,1.0,1.0,1.0,0.0,0.0,0.0,exact,241.20000000000002,29.549999999999997,neural,1247.0,4988.0,49880.0,nan,0.0,0.0,nan,,,,,,,,,,,,,,,
reviewer1_transition_dynamics_shift_smoke,reviewer1_transition_dynamics_shift_smoke,configs/reviewer1_remaining/smoke/transition_dynamics_shift.yaml,Reviewer1-transition-dynamics-shift-smoke,Reviewer1TransitionDynamicsShift-v0,Reviewer1TransitionDynamicsShift-v0,native_gymnasium_observation,relative_reliability_fuzzy,11001,train,8697,,,8697,75,-2.35,160,0.0,8697,512,0.001604581992786791,0.03505709022283554,0,1,3,19.801809700002195,18.511642800003756,1.2901668999984395,18.511642800003756,1.2901668999984395,b240632d76bfe6919b44416ecd12239cbcb93cea,1.8.0,cde18190c3c8d2f5e97799ac5572ab19fe5ea4929fd0422da19b385b1d617f1e,True,3.14.3,2.11.0+cpu,2.4.3,1.3.0,3.1.0,not-installed,not-installed,0.21927236920367338,0.0,9.0744e-05,0.004078662615070751,1277.0,1.0,0.0,0.0,0.0,0.0,0.175,0.17641394128734353,0.8235860587126563,0.0,0.17641394128734353,0.21582683120973434,0.2085342398727493,0.6100995035235409,0.825,0.825,0.825,0.175,28.0,0.175,exact,326.59000000000003,33.3,neural,1277.0,5108.0,51080.0,nan,0.0,0.0,nan,,,,,,,,,,,,,,,
reviewer1_transition_dynamics_shift_smoke,reviewer1_transition_dynamics_shift_smoke,configs/reviewer1_remaining/smoke/transition_dynamics_shift.yaml,Reviewer1-transition-dynamics-shift-smoke,Reviewer1TransitionDynamicsShift-v0,Reviewer1TransitionDynamicsShift-v0,native_gymnasium_observation,relative_reliability_fuzzy,11001,train,8824,,,8824,76,-0.7700000000000014,127,1.0,8824,520,0.0016063199135365161,0.03505709022283554,0,1,3,20.076903300003323,18.786736400004884,1.2901668999984395,18.786736400004884,1.2901668999984395,b240632d76bfe6919b44416ecd12239cbcb93cea,1.8.0,cde18190c3c8d2f5e97799ac5572ab19fe5ea4929fd0422da19b385b1d617f1e,True,3.14.3,2.11.0+cpu,2.4.3,1.3.0,3.1.0,not-installed,not-installed,0.21784019742566157,0.0,0.05013911,0.022882520209611127,1297.0,0.0,0.0,0.0,0.0,1.0,0.13385826771653545,0.18541334516103192,0.8145866548389682,0.0,0.18541334516103192,0.24673878757891737,0.2216612422496935,0.5007158410439536,0.8661417322834646,0.8661417322834646,0.8661417322834646,0.13385826771653545,17.0,0.13385826771653545,exact,385.70000000000005,32.6,neural,1297.0,5188.0,51880.0,nan,0.0,0.0,nan,,,,,,,,,,,,,,,
reviewer1_transition_dynamics_shift_smoke,reviewer1_transition_dynamics_shift_smoke,configs/reviewer1_remaining/smoke/transition_dynamics_shift.yaml,Reviewer1-transition-dynamics-shift-smoke,Reviewer1TransitionDynamicsShift-v0,Reviewer1TransitionDynamicsShift-v0,native_gymnasium_observation,relative_reliability_fuzzy,11001,train,8984,,,8984,77,-2.149999999999999,160,0.0,8984,530,0.0015904620269484783,0.03505709022283554,0,1,3,20.47163990000263,19.18147300000419,1.2901668999984395,19.18147300000419,1.2901668999984395,b240632d76bfe6919b44416ecd12239cbcb93cea,1.8.0,cde18190c3c8d2f5e97799ac5572ab19fe5ea4929fd0422da19b385b1d617f1e,True,3.14.3,2.11.0+cpu,2.4.3,1.3.0,3.1.0,not-installed,not-installed,0.21702136091589216,0.0,0.00010106197,0.004844209802790892,1314.0,1.0,0.0,0.0,0.0,0.0,0.09375,0.19756807490918363,0.8024319250908164,0.0,0.19756807490918363,0.18776402170598136,0.22739382352623738,0.5596442393508572,0.90625,0.90625,0.90625,0.09375,15.0,0.09375,exact,321.42125,32.25,neural,1314.0,5256.0,52560.0,nan,0.0,0.0,nan,,,,,,,,,,,,,,,
reviewer1_transition_dynamics_shift_smoke,reviewer1_transition_dynamics_shift_smoke,configs/reviewer1_remaining/smoke/transition_dynamics_shift.yaml,Reviewer1-transition-dynamics-shift-smoke,Reviewer1TransitionDynamicsShift-v0,Reviewer1TransitionDynamicsShift-v0,native_gymnasium_observation,relative_reliability_fuzzy,11001,train,9030,,,9030,78,0.4099999999999997,46,1.0,9030,533,0.001581837962160451,0.03505709022283554,0,1,3,20.53729310000199,19.24712620000355,1.2901668999984395,19.24712620000355,1.2901668999984395,b240632d76bfe6919b44416ecd12239cbcb93cea,1.8.0,cde18190c3c8d2f5e97799ac5572ab19fe5ea4929fd0422da19b385b1d617f1e,True,3.14.3,2.11.0+cpu,2.4.3,1.3.0,3.1.0,not-installed,not-installed,0.21602791403596835,0.0,0.050099555,0.023929439201365244,1323.0,0.0,0.0,0.0,0.0,1.0,0.30434782608695654,0.13157744451884973,0.8684225554811502,0.0,0.13157744451884973,0.26583658012501243,0.14552949336941703,0.5941644278222415,0.6956521739130435,0.6956521739130435,0.6956521739130435,0.30434782608695654,14.0,0.30434782608695654,exact,345.3282608695652,36.099999999999994,neural,1323.0,5292.0,52920.0,nan,0.0,0.0,nan,,,,,,,,,,,,,,,
reviewer1_transition_dynamics_shift_smoke,reviewer1_transition_dynamics_shift_smoke,configs/reviewer1_remaining/smoke/transition_dynamics_shift.yaml,Reviewer1-transition-dynamics-shift-smoke,Reviewer1TransitionDynamicsShift-v0,Reviewer1TransitionDynamicsShift-v0,native_gymnasium_observation,relative_reliability_fuzzy,11001,train,9031,,,9031,79,1.0,1,1.0,9031,533,0.001581837962160451,0.03505709022283554,0,1,3,20.539851100002124,19.249684200003685,1.2901668999984395,19.249684200003685,1.2901668999984395,b240632d76bfe6919b44416ecd12239cbcb93cea,1.8.0,cde18190c3c8d2f5e97799ac5572ab19fe5ea4929fd0422da19b385b1d617f1e,True,3.14.3,2.11.0+cpu,2.4.3,1.3.0,3.1.0,not-installed,not-installed,0.21602791403596835,0.0,0.097594574,0.04472645554400225,1324.0,0.0,0.0,0.0,0.0,1.0,0.0,0.26583658012501243,0.7341634198749876,0.0,0.26583658012501243,0.0,0.29531191028128656,0.779184432010101,1.0,1.0,1.0,0.0,0.0,0.0,exact,15.8,15.8,neural,1324.0,5296.0,52960.0,nan,0.0,0.0,nan,,,,,,,,,,,,,,,
reviewer1_transition_dynamics_shift_smoke,reviewer1_transition_dynamics_shift_smoke,configs/reviewer1_remaining/smoke/transition_dynamics_shift.yaml,Reviewer1-transition-dynamics-shift-smoke,Reviewer1TransitionDynamicsShift-v0,Reviewer1TransitionDynamicsShift-v0,native_gymnasium_observation,relative_reliability_fuzzy,11001,train,9045,,,9045,80,0.8300000000000001,14,1.0,9045,534,0.0015790021945086368,0.03505709022283554,0,1,3,20.565945399997872,19.275778499999433,1.2901668999984395,19.275778499999433,1.2901668999984395,b240632d76bfe6919b44416ecd12239cbcb93cea,1.8.0,cde18190c3c8d2f5e97799ac5572ab19fe5ea4929fd0422da19b385b1d617f1e,True,3.14.3,2.11.0+cpu,2.4.3,1.3.0,3.1.0,not-installed,not-installed,0.21561833487388457,0.0,0.097681925,0.04401768927770466,1334.0,0.0,0.0,0.0,0.0,1.0,0.5,0.09392402697306493,0.906075973026935,0.0,0.09392402697306493,0.22034327318733093,0.10476681335837626,0.6076570170408321,0.5,0.5,0.5,0.5,7.0,0.5,exact,231.05,23.5,neural,1334.0,5336.0,53360.0,nan,0.0,0.0,nan,,,,,,,,,,,,,,,
reviewer1_transition_dynamics_shift_smoke,reviewer1_transition_dynamics_shift_smoke,configs/reviewer1_remaining/smoke/transition_dynamics_shift.yaml,Reviewer1-transition-dynamics-shift-smoke,Reviewer1TransitionDynamicsShift-v0,Reviewer1TransitionDynamicsShift-v0,native_gymnasium_observation,relative_reliability_fuzzy,11001,train,9205,,,9205,81,-1.9200000000000015,160,0.0,9205,544,0.0015538457457282943,0.03505709022283554,0,1,3,20.96480370000063,19.67463680000219,1.2901668999984395,19.67463680000219,1.2901668999984395,b240632d76bfe6919b44416ecd12239cbcb93cea,1.8.0,cde18190c3c8d2f5e97799ac5572ab19fe5ea4929fd0422da19b385b1d617f1e,True,3.14.3,2.11.0+cpu,2.4.3,1.3.0,3.1.0,not-installed,not-installed,0.2190075279097475,0.0,9.1805065e-05,0.0019620466254712835,1337.0,1.0,0.0,0.0,0.0,0.0,0.0,0.2851397970269957,0.7148602029730042,0.0,0.2851397970269957,0.2803872961218731,0.34485447108580614,0.6602169899053203,1.0,1.0,1.0,0.0,0.0,0.0,exact,355.26750000000004,35.4,neural,1337.0,5348.0,53480.0,nan,0.0,0.0,nan,,,,,,,,,,,,,,,
reviewer1_transition_dynamics_shift_smoke,reviewer1_transition_dynamics_shift_smoke,configs/reviewer1_remaining/smoke/transition_dynamics_shift.yaml,Reviewer1-transition-dynamics-shift-smoke,Reviewer1TransitionDynamicsShift-v0,Reviewer1TransitionDynamicsShift-v0,native_gymnasium_observation,relative_reliability_fuzzy,11001,train,9365,,,9365,82,-2.1700000000000004,160,0.0,9365,554,0.0015554322623891508,0.03505709022283554,0,1,3,21.285748700000113,19.995581800001673,1.2901668999984395,19.995581800001673,1.2901668999984395,b240632d76bfe6919b44416ecd12239cbcb93cea,1.8.0,cde18190c3c8d2f5e97799ac5572ab19fe5ea4929fd0422da19b385b1d617f1e,True,3.14.3,2.11.0+cpu,2.4.3,1.3.0,3.1.0,not-installed,not-installed,0.22339701173487017,0.0,5.8938378e-05,0.002162763032929883,1343.0,1.0,0.0,0.0,0.0,0.0,0.03125,0.34443925314558627,0.6555607468544138,0.0,0.34443925314558627,0.2372964706090154,0.4441501882141405,0.49109207907664787,0.96875,0.96875,0.96875,0.03125,5.0,0.03125,exact,384.415625,43.65,neural,1343.0,5372.0,53720.0,nan,0.0,0.0,nan,,,,,,,,,,,,,,,
reviewer1_transition_dynamics_shift_smoke,reviewer1_transition_dynamics_shift_smoke,configs/reviewer1_remaining/smoke/transition_dynamics_shift.yaml,Reviewer1-transition-dynamics-shift-smoke,Reviewer1TransitionDynamicsShift-v0,Reviewer1TransitionDynamicsShift-v0,native_gymnasium_observation,relative_reliability_fuzzy,11001,train,9525,,,9525,83,-1.8600000000000014,160,0.0,9525,564,0.0015539116266605974,0.03505709022283554,0,1,3,21.641003900003852,20.350837000005413,1.2901668999984395,20.350837000005413,1.2901668999984395,b240632d76bfe6919b44416ecd12239cbcb93cea,1.8.0,cde18190c3c8d2f5e97799ac5572ab19fe5ea4929fd0422da19b385b1d617f1e,True,3.14.3,2.11.0+cpu,2.4.3,1.3.0,3.1.0,not-installed,not-installed,0.22399416850817908,0.0,7.242302e-05,0.006057697887261443,1362.0,1.0,0.0,0.0,0.0,0.0,0.1,0.24267444572906535,0.7573255542709347,0.0,0.24267444572906535,0.3204365654916687,0.28500221993746744,0.7299098791706895,0.9,0.9,0.9,0.1,16.0,0.1,exact,396.74125,494.05,neural,1362.0,5448.0,54480.0,nan,0.0,0.0,nan,,,,,,,,,,,,,,,
reviewer1_transition_dynamics_shift_smoke,reviewer1_transition_dynamics_shift_smoke,configs/reviewer1_remaining/smoke/transition_dynamics_shift.yaml,Reviewer1-transition-dynamics-shift-smoke,Reviewer1TransitionDynamicsShift-v0,Reviewer1TransitionDynamicsShift-v0,native_gymnasium_observation,relative_reliability_fuzzy,11001,train,9685,,,9685,84,-2.0300000000000007,160,0.0,9685,574,0.0015710296567564628,0.03505709022283554,0,1,3,22.036894999997457,20.746728099999018,1.2901668999984395,20.746728099999018,1.2901668999984395,b240632d76bfe6919b44416ecd12239cbcb93cea,1.8.0,cde18190c3c8d2f5e97799ac5572ab19fe5ea4929fd0422da19b385b1d617f1e,True,3.14.3,2.11.0+cpu,2.4.3,1.3.0,3.1.0,not-installed,not-installed,0.22904513613831798,0.0,5.6235895e-05,0.0026611975591820346,1372.0,1.0,0.0,0.0,0.0,0.0,0.06875,0.3666367406533998,0.6333632593466001,0.0,0.3666367406533998,0.21998121569719903,0.506594610198123,0.795283085509179,0.93125,0.93125,0.93125,0.06875,11.0,0.06875,exact,395.428125,41.0,neural,1372.0,5488.0,54880.0,nan,0.0,0.0,nan,,,,,,,,,,,,,,,
reviewer1_transition_dynamics_shift_smoke,reviewer1_transition_dynamics_shift_smoke,configs/reviewer1_remaining/smoke/transition_dynamics_shift.yaml,Reviewer1-transition-dynamics-shift-smoke,Reviewer1TransitionDynamicsShift-v0,Reviewer1TransitionDynamicsShift-v0,native_gymnasium_observation,relative_reliability_fuzzy,11001,train,9762,,,9762,85,-0.10000000000000053,77,1.0,9762,579,0.0015582578608121088,0.03505709022283554,0,1,3,22.186141700003645,20.895974800005206,1.2901668999984395,20.895974800005206,1.2901668999984395,b240632d76bfe6919b44416ecd12239cbcb93cea,1.8.0,cde18190c3c8d2f5e97799ac5572ab19fe5ea4929fd0422da19b385b1d617f1e,True,3.14.3,2.11.0+cpu,2.4.3,1.3.0,3.1.0,not-installed,not-installed,0.22995251781531403,0.0,0.050086726,0.023012646479162294,1382.0,0.0,0.0,0.0,0.0,1.0,0.14285714285714285,0.27505660908675106,0.7249433909132492,0.0,0.27505660908675106,0.30483484991349863,0.3282382111523066,0.6954866138041496,0.8571428571428571,0.8571428571428571,0.8571428571428571,0.14285714285714285,11.0,0.14285714285714285,exact,370.9753246753246,41.2,neural,1382.0,5528.0,55280.0,nan,0.0,0.0,nan,,,,,,,,,,,,,,,
reviewer1_transition_dynamics_shift_smoke,reviewer1_transition_dynamics_shift_smoke,configs/reviewer1_remaining/smoke/transition_dynamics_shift.yaml,Reviewer1-transition-dynamics-shift-smoke,Reviewer1TransitionDynamicsShift-v0,Reviewer1TransitionDynamicsShift-v0,native_gymnasium_observation,relative_reliability_fuzzy,11001,train,9922,,,9922,86,-1.9600000000000015,160,0.0,9922,589,0.0015467575430670529,0.03505709022283554,0,1,3,22.519157599999744,21.228990700001305,1.2901668999984395,21.228990700001305,1.2901668999984395,b240632d76bfe6919b44416ecd12239cbcb93cea,1.8.0,cde18190c3c8d2f5e97799ac5572ab19fe5ea4929fd0422da19b385b1d617f1e,True,3.14.3,2.11.0+cpu,2.4.3,1.3.0,3.1.0,not-installed,not-installed,0.23503330981370985,0.0,0.000119568,0.0020262113905845144,1388.0,1.0,0.0,0.0,0.0,0.0,0.025,0.387339798251383,0.6126602017486169,0.0,0.387339798251383,0.11893735430348906,0.5396635951660054,0.7302958076060083,0.975,0.975,0.975,0.025,4.0,0.025,exact,413.47124999999994,630.65,neural,1388.0,5552.0,55520.0,nan,0.0,0.0,nan,,,,,,,,,,,,,,,
reviewer1_transition_dynamics_shift_smoke,reviewer1_transition_dynamics_shift_smoke,configs/reviewer1_remaining/smoke/transition_dynamics_shift.yaml,Reviewer1-transition-dynamics-shift-smoke,Reviewer1TransitionDynamicsShift-v0,Reviewer1TransitionDynamicsShift-v0,native_gymnasium_observation,relative_reliability_fuzzy,11001,train,9975,,,9975,87,0.2799999999999996,53,1.0,9975,592,0.0015516181906297937,0.03505709022283554,0,1,3,22.60859380000329,21.31842690000485,1.2901668999984395,21.31842690000485,1.2901668999984395,b240632d76bfe6919b44416ecd12239cbcb93cea,1.8.0,cde18190c3c8d2f5e97799ac5572ab19fe5ea4929fd0422da19b385b1d617f1e,True,3.14.3,2.11.0+cpu,2.4.3,1.3.0,3.1.0,not-installed,not-installed,0.23669492049175408,0.0,0.050054744,0.021253352360916328,1389.0,0.0,0.0,0.0,0.0,1.0,0.0,0.39866000357609677,0.6013399964239032,0.0,0.39866000357609677,0.0631210078174676,0.5131372979095395,0.6344398697213937,1.0,1.0,1.0,0.0,0.0,0.0,exact,364.3867924528303,34.7,neural,1389.0,5556.0,55560.0,nan,0.0,0.0,nan,,,,,,,,,,,,,,,
reviewer1_transition_dynamics_shift_smoke,reviewer1_transition_dynamics_shift_smoke,configs/reviewer1_remaining/smoke/transition_dynamics_shift.yaml,Reviewer1-transition-dynamics-shift-smoke,Reviewer1TransitionDynamicsShift-v0,Reviewer1TransitionDynamicsShift-v0,native_gymnasium_observation,relative_reliability_fuzzy,11001,train,10135,,,10135,88,-2.2199999999999975,160,0.0,10135,602,0.001543987603450853,0.03505709022283554,0,1,3,23.004045399997267,21.713878499998827,1.2901668999984395,21.713878499998827,1.2901668999984395,b240632d76bfe6919b44416ecd12239cbcb93cea,1.8.0,cde18190c3c8d2f5e97799ac5572ab19fe5ea4929fd0422da19b385b1d617f1e,True,3.14.3,2.11.0+cpu,2.4.3,1.3.0,3.1.0,not-installed,not-installed,0.23613266821164167,0.0,9.914099e-05,0.0024656023287104277,1409.0,1.0,0.0,0.0,0.0,0.0,0.14375,0.23339031072528643,0.7666096892747136,0.0,0.23339031072528643,0.3647179163406889,0.2880638703038735,0.5643962118687665,0.85625,0.85625,0.85625,0.14375,23.0,0.14375,exact,466.70124999999996,671.15,neural,1409.0,5636.0,56360.0,nan,0.0,0.0,nan,,,,,,,,,,,,,,,
reviewer1_transition_dynamics_shift_smoke,reviewer1_transition_dynamics_shift_smoke,configs/reviewer1_remaining/smoke/transition_dynamics_shift.yaml,Reviewer1-transition-dynamics-shift-smoke,Reviewer1TransitionDynamicsShift-v0,Reviewer1TransitionDynamicsShift-v0,native_gymnasium_observation,relative_reliability_fuzzy,11001,train,10279,,,10279,89,-0.8800000000000014,144,1.0,10279,611,0.001535135334001419,0.03505709022283554,0,1,3,23.344431400000758,22.05426450000232,1.2901668999984395,22.05426450000232,1.2901668999984395,b240632d76bfe6919b44416ecd12239cbcb93cea,1.8.0,cde18190c3c8d2f5e97799ac5572ab19fe5ea4929fd0422da19b385b1d617f1e,True,3.14.3,2.11.0+cpu,2.4.3,1.3.0,3.1.0,not-installed,not-installed,0.2404981854886859,0.0,0.05007205,0.023009850406661217,1419.0,0.0,0.0,0.0,0.0,1.0,0.04861111111111111,0.3873829040070684,0.6126170959929316,0.0,0.3873829040070684,0.16544466965865162,0.5581929323243918,0.5898422798648294,0.9513888888888888,0.9513888888888888,0.9513888888888888,0.04861111111111111,7.0,0.04861111111111111,exact,419.8833333333333,48.55,neural,1419.0,5676.0,56760.0,nan,0.0,0.0,nan,,,,,,,,,,,,,,,
reviewer1_transition_dynamics_shift_smoke,reviewer1_transition_dynamics_shift_smoke,configs/reviewer1_remaining/smoke/transition_dynamics_shift.yaml,Reviewer1-transition-dynamics-shift-smoke,Reviewer1TransitionDynamicsShift-v0,Reviewer1TransitionDynamicsShift-v0,native_gymnasium_observation,relative_reliability_fuzzy,11001,train,10439,,,10439,90,-2.2799999999999994,160,0.0,10439,621,0.0015228683162790283,0.03505709022283554,0,1,3,23.66594659999828,22.37577969999984,1.2901668999984395,22.37577969999984,1.2901668999984395,b240632d76bfe6919b44416ecd12239cbcb93cea,1.8.0,cde18190c3c8d2f5e97799ac5572ab19fe5ea4929fd0422da19b385b1d617f1e,True,3.14.3,2.11.0+cpu,2.4.3,1.3.0,3.1.0,not-installed,not-installed,0.24284628997897062,0.0,8.232997e-05,0.003468268474167461,1431.0,1.0,0.0,0.0,0.0,0.0,0.06875,0.33370248042065737,0.6662975195793426,0.0,0.33370248042065737,0.2927711469570543,0.48388945217516277,0.7197425766061162,0.93125,0.93125,0.93125,0.06875,11.0,0.06875,exact,399.18125000000003,47.25,neural,1431.0,5724.0,57240.0,nan,0.0,0.0,nan,,,,,,,,,,,,,,,
reviewer1_transition_dynamics_shift_smoke,reviewer1_transition_dynamics_shift_smoke,configs/reviewer1_remaining/smoke/transition_dynamics_shift.yaml,Reviewer1-transition-dynamics-shift-smoke,Reviewer1TransitionDynamicsShift-v0,Reviewer1TransitionDynamicsShift-v0,native_gymnasium_observation,relative_reliability_fuzzy,11001,train,10471,,,10471,91,0.5299999999999998,32,1.0,10471,623,0.0015182847330295504,0.03505709022283554,0,1,3,23.71232549999695,22.42215859999851,1.2901668999984395,22.42215859999851,1.2901668999984395,b240632d76bfe6919b44416ecd12239cbcb93cea,1.8.0,cde18190c3c8d2f5e97799ac5572ab19fe5ea4929fd0422da19b385b1d617f1e,True,3.14.3,2.11.0+cpu,2.4.3,1.3.0,3.1.0,not-installed,not-installed,0.24230680862465642,0.0,0.050285317,0.02246679271451698,1437.0,0.0,0.0,0.0,0.0,1.0,0.1875,0.14906153437483077,0.8509384656251692,0.0,0.14906153437483077,0.18347647849165183,0.16380554205820835,0.5116382264028099,0.8125,0.8125,0.8125,0.1875,6.0,0.1875,exact,412.621875,649.0,neural,1437.0,5748.0,57480.0,nan,0.0,0.0,nan,,,,,,,,,,,,,,,
reviewer1_transition_dynamics_shift_smoke,reviewer1_transition_dynamics_shift_smoke,configs/reviewer1_remaining/smoke/transition_dynamics_shift.yaml,Reviewer1-transition-dynamics-shift-smoke,Reviewer1TransitionDynamicsShift-v0,Reviewer1TransitionDynamicsShift-v0,native_gymnasium_observation,relative_reliability_fuzzy,11001,train,10561,,,10561,92,-0.1700000000000006,90,1.0,10561,629,0.0015045760845252708,0.03505709022283554,0,1,3,23.850903400001698,22.56073650000326,1.2901668999984395,22.56073650000326,1.2901668999984395,b240632d76bfe6919b44416ecd12239cbcb93cea,1.8.0,cde18190c3c8d2f5e97799ac5572ab19fe5ea4929fd0422da19b385b1d617f1e,True,3.14.3,2.11.0+cpu,2.4.3,1.3.0,3.1.0,not-installed,not-installed,0.2406999407960551,0.0,0.05059771,0.021036982491915514,1455.0,0.0,0.0,0.0,0.0,1.0,0.2111111111111111,0.14466720797429838,0.8553327920257017,0.0,0.14466720797429838,0.18321180093823813,0.15978086510475634,0.6567501337868649,0.7888888888888889,0.7888888888888889,0.7888888888888889,0.2111111111111111,19.0,0.2111111111111111,exact,370.9555555555556,33.7,neural,1455.0,5820.0,58200.0,nan,0.0,0.0,nan,,,,,,,,,,,,,,,
reviewer1_transition_dynamics_shift_smoke,reviewer1_transition_dynamics_shift_smoke,configs/reviewer1_remaining/smoke/transition_dynamics_shift.yaml,Reviewer1-transition-dynamics-shift-smoke,Reviewer1TransitionDynamicsShift-v0,Reviewer1TransitionDynamicsShift-v0,native_gymnasium_observation,relative_reliability_fuzzy,11001,train,10655,,,10655,93,-0.12000000000000077,94,1.0,10655,634,0.0014934039524061736,0.03505709022283554,0,1,3,24.03408230000059,22.74391540000215,1.2901668999984395,22.74391540000215,1.2901668999984395,b240632d76bfe6919b44416ecd12239cbcb93cea,1.8.0,cde18190c3c8d2f5e97799ac5572ab19fe5ea4929fd0422da19b385b1d617f1e,True,3.14.3,2.11.0+cpu,2.4.3,1.3.0,3.1.0,not-installed,not-installed,0.2446562515266327,0.0,0.051205706,0.032507466052005274,1455.0,0.0,0.0,0.0,0.0,1.0,0.0,0.422061924128059,0.5779380758719411,0.0,0.422061924128059,0.0720530608022465,0.6520549033030739,0.7734954626126662,1.0,1.0,1.0,0.0,0.0,0.0,exact,427.5691489361701,641.75,neural,1455.0,5820.0,58200.0,nan,0.0,0.0,nan,,,,,,,,,,,,,,,
reviewer1_transition_dynamics_shift_smoke,reviewer1_transition_dynamics_shift_smoke,configs/reviewer1_remaining/smoke/transition_dynamics_shift.yaml,Reviewer1-transition-dynamics-shift-smoke,Reviewer1TransitionDynamicsShift-v0,Reviewer1TransitionDynamicsShift-v0,native_gymnasium_observation,relative_reliability_fuzzy,11001,train,10815,,,10815,94,-2.3800000000000003,160,0.0,10815,644,0.0014748647976466035,0.03505709022283554,0,1,3,24.333114000000933,23.042947100002493,1.2901668999984395,23.042947100002493,1.2901668999984395,b240632d76bfe6919b44416ecd12239cbcb93cea,1.8.0,cde18190c3c8d2f5e97799ac5572ab19fe5ea4929fd0422da19b385b1d617f1e,True,3.14.3,2.11.0+cpu,2.4.3,1.3.0,3.1.0,not-installed,not-installed,0.24698300914806864,0.0,5.562499e-05,0.0043409937306503115,1469.0,1.0,0.0,0.0,0.0,0.0,0.08125,0.33932405636261587,0.6606759436373842,0.0,0.33932405636261587,0.37761196212110004,0.5104660904093106,0.4598045924279637,0.91875,0.91875,0.91875,0.08125,13.0,0.08125,exact,407.45625,616.55,neural,1469.0,5876.0,58760.0,nan,0.0,0.0,nan,,,,,,,,,,,,,,,
reviewer1_transition_dynamics_shift_smoke,reviewer1_transition_dynamics_shift_smoke,configs/reviewer1_remaining/smoke/transition_dynamics_shift.yaml,Reviewer1-transition-dynamics-shift-smoke,Reviewer1TransitionDynamicsShift-v0,Reviewer1TransitionDynamicsShift-v0,native_gymnasium_observation,relative_reliability_fuzzy,11001,train,10918,,,10918,95,-0.570000000000001,103,1.0,10918,651,0.0014630747715725825,0.03505709022283554,0,1,3,24.479373499998474,23.189206600000034,1.2901668999984395,23.189206600000034,1.2901668999984395,b240632d76bfe6919b44416ecd12239cbcb93cea,1.8.0,cde18190c3c8d2f5e97799ac5572ab19fe5ea4929fd0422da19b385b1d617f1e,True,3.14.3,2.11.0+cpu,2.4.3,1.3.0,3.1.0,not-installed,not-installed,0.2476787250073717,0.0,0.050076317,0.020475573816143518,1478.0,0.0,0.0,0.0,0.0,1.0,0.17475728155339806,0.2535192457754979,0.7464807542245022,0.0,0.2535192457754979,0.38451577585728475,0.3074511329502282,0.526632816481167,0.8252427184466019,0.8252427184466019,0.8252427184466019,0.17475728155339806,18.0,0.17475728155339806,exact,367.4203883495145,38.6,neural,1478.0,5912.0,59120.0,nan,0.0,0.0,nan,,,,,,,,,,,,,,,
reviewer1_transition_dynamics_shift_smoke,reviewer1_transition_dynamics_shift_smoke,configs/reviewer1_remaining/smoke/transition_dynamics_shift.yaml,Reviewer1-transition-dynamics-shift-smoke,Reviewer1TransitionDynamicsShift-v0,Reviewer1TransitionDynamicsShift-v0,native_gymnasium_observation,relative_reliability_fuzzy,11001,train,11078,,,11078,96,-2.4800000000000004,160,0.0,11078,661,0.0014582578382233693,0.03505709022283554,0,1,3,24.768812599999364,23.478645700000925,1.2901668999984395,23.478645700000925,1.2901668999984395,b240632d76bfe6919b44416ecd12239cbcb93cea,1.8.0,cde18190c3c8d2f5e97799ac5572ab19fe5ea4929fd0422da19b385b1d617f1e,True,3.14.3,2.11.0+cpu,2.4.3,1.3.0,3.1.0,not-installed,not-installed,0.24974482722260707,0.0,6.2398525e-05,0.005027828632355654,1491.0,1.0,0.0,0.0,0.0,0.0,0.1,0.3116908283501389,0.688309171649861,0.0,0.3116908283501389,0.3102231645596672,0.4150171536349692,0.5178935002760391,0.9,0.9,0.9,0.1,16.0,0.1,exact,409.55312499999997,629.6500000000001,neural,1491.0,5964.0,59640.0,nan,0.0,0.0,nan,,,,,,,,,,,,,,,
reviewer1_transition_dynamics_shift_smoke,reviewer1_transition_dynamics_shift_smoke,configs/reviewer1_remaining/smoke/transition_dynamics_shift.yaml,Reviewer1-transition-dynamics-shift-smoke,Reviewer1TransitionDynamicsShift-v0,Reviewer1TransitionDynamicsShift-v0,native_gymnasium_observation,relative_reliability_fuzzy,11001,train,11234,,,11234,97,-1.1599999999999984,156,1.0,11234,671,0.0014526216021033514,0.03505709022283554,0,1,3,25.019932000002882,23.729765100004443,1.2901668999984395,23.729765100004443,1.2901668999984395,b240632d76bfe6919b44416ecd12239cbcb93cea,1.8.0,cde18190c3c8d2f5e97799ac5572ab19fe5ea4929fd0422da19b385b1d617f1e,True,3.14.3,2.11.0+cpu,2.4.3,1.3.0,3.1.0,not-installed,not-installed,0.25231739740722026,0.0,0.050062157,0.025100941356860088,1497.0,0.0,0.0,0.0,0.0,1.0,0.05128205128205128,0.35229433851662967,0.6477056614833703,0.0,0.35229433851662967,0.281620100151346,0.47678047396134854,0.5974494581765422,0.9487179487179487,0.9487179487179487,0.9487179487179487,0.05128205128205128,8.0,0.05128205128205128,exact,459.02564102564105,656.4,neural,1497.0,5988.0,59880.0,nan,0.0,0.0,nan,,,,,,,,,,,,,,,
reviewer1_transition_dynamics_shift_smoke,reviewer1_transition_dynamics_shift_smoke,configs/reviewer1_remaining/smoke/transition_dynamics_shift.yaml,Reviewer1-transition-dynamics-shift-smoke,Reviewer1TransitionDynamicsShift-v0,Reviewer1TransitionDynamicsShift-v0,native_gymnasium_observation,relative_reliability_fuzzy,11001,train,11254,,,11254,98,0.7999999999999999,20,1.0,11254,672,0.0014506059043945978,0.03505709022283554,0,1,3,25.051528800002416,23.761361900003976,1.2901668999984395,23.761361900003976,1.2901668999984395,b240632d76bfe6919b44416ecd12239cbcb93cea,1.8.0,cde18190c3c8d2f5e97799ac5572ab19fe5ea4929fd0422da19b385b1d617f1e,True,3.14.3,2.11.0+cpu,2.4.3,1.3.0,3.1.0,not-installed,not-installed,0.2519335504182763,0.0,0.067997195,0.029173494466768743,1499.0,0.0,0.0,0.0,0.0,1.0,0.15,0.11707513683763575,0.8829248631623644,0.0,0.11707513683763575,0.08658984205536648,0.130194523542764,0.5495809441837473,0.85,0.85,0.85,0.15,3.0,0.15,exact,397.46999999999997,343.15,neural,1499.0,5996.0,59960.0,nan,0.0,0.0,nan,,,,,,,,,,,,,,,
reviewer1_transition_dynamics_shift_smoke,reviewer1_transition_dynamics_shift_smoke,configs/reviewer1_remaining/smoke/transition_dynamics_shift.yaml,Reviewer1-transition-dynamics-shift-smoke,Reviewer1TransitionDynamicsShift-v0,Reviewer1TransitionDynamicsShift-v0,native_gymnasium_observation,relative_reliability_fuzzy,11001,train,11297,,,11297,99,0.4399999999999997,43,1.0,11297,675,0.0014518877697884346,0.03505709022283554,0,1,3,25.131480700001703,23.841313800003263,1.2901668999984395,23.841313800003263,1.2901668999984395,b240632d76bfe6919b44416ecd12239cbcb93cea,1.8.0,cde18190c3c8d2f5e97799ac5572ab19fe5ea4929fd0422da19b385b1d617f1e,True,3.14.3,2.11.0+cpu,2.4.3,1.3.0,3.1.0,not-installed,not-installed,0.2504994646202027,0.0,0.041323844,0.024259680131086248,1518.0,0.0,0.0,0.0,0.0,1.0,0.4883720930232558,0.06890302067716499,0.9310969793228351,0.0,0.06890302067716499,0.08473014338303032,0.07524387660092219,0.6900920376464557,0.5116279069767442,0.5116279069767442,0.5116279069767442,0.4883720930232558,21.0,0.4883720930232558,exact,417.24418604651163,623.1,neural,1518.0,6072.0,60720.0,nan,0.0,0.0,nan,,,,,,,,,,,,,,,
reviewer1_transition_dynamics_shift_smoke,reviewer1_transition_dynamics_shift_smoke,configs/reviewer1_remaining/smoke/transition_dynamics_shift.yaml,Reviewer1-transition-dynamics-shift-smoke,Reviewer1TransitionDynamicsShift-v0,Reviewer1TransitionDynamicsShift-v0,native_gymnasium_observation,relative_reliability_fuzzy,11001,train,11317,,,11317,100,0.7,20,1.0,11317,676,0.0014514867916821017,0.03505709022283554,0,1,3,25.159961999997904,23.869795099999465,1.2901668999984395,23.869795099999465,1.2901668999984395,b240632d76bfe6919b44416ecd12239cbcb93cea,1.8.0,cde18190c3c8d2f5e97799ac5572ab19fe5ea4929fd0422da19b385b1d617f1e,True,3.14.3,2.11.0+cpu,2.4.3,1.3.0,3.1.0,not-installed,not-installed,0.24999029105093654,0.0,0.06572212,0.027802627104869717,1520.0,0.0,0.0,0.0,0.0,1.0,0.15,0.09593004229400195,0.9040699577059982,0.0,0.09593004229400195,0.08437960494336706,0.10490442695109299,0.4174206602914302,0.85,0.85,0.85,0.15,3.0,0.15,exact,394.84000000000003,650.65,neural,1520.0,6080.0,60800.0,nan,0.0,0.0,nan,,,,,,,,,,,,,,,
reviewer1_transition_dynamics_shift_smoke,reviewer1_transition_dynamics_shift_smoke,configs/reviewer1_remaining/smoke/transition_dynamics_shift.yaml,Reviewer1-transition-dynamics-shift-smoke,Reviewer1TransitionDynamicsShift-v0,Reviewer1TransitionDynamicsShift-v0,native_gymnasium_observation,relative_reliability_fuzzy,11001,train,11331,,,11331,101,0.8300000000000001,14,1.0,11331,677,0.0014595486568214793,0.03505709022283554,0,1,3,25.188337799998408,23.89817089999997,1.2901668999984395,23.89817089999997,1.2901668999984395,b240632d76bfe6919b44416ecd12239cbcb93cea,1.8.0,cde18190c3c8d2f5e97799ac5572ab19fe5ea4929fd0422da19b385b1d617f1e,True,3.14.3,2.11.0+cpu,2.4.3,1.3.0,3.1.0,not-installed,not-installed,0.24922000652647996,0.0,0.08211589,0.027801107521452706,1528.0,0.0,0.0,0.0,0.0,1.0,0.5,0.054320221790476686,0.9456797782095231,0.0,0.054320221790476686,0.10552468716735869,0.05924367791706105,0.5108218883287458,0.5,0.5,0.5,0.5,7.0,0.5,exact,602.0785714285714,685.15,neural,1528.0,6112.0,61120.0,nan,0.0,0.0,nan,,,,,,,,,,,,,,,
reviewer1_transition_dynamics_shift_smoke,reviewer1_transition_dynamics_shift_smoke,configs/reviewer1_remaining/smoke/transition_dynamics_shift.yaml,Reviewer1-transition-dynamics-shift-smoke,Reviewer1TransitionDynamicsShift-v0,Reviewer1TransitionDynamicsShift-v0,native_gymnasium_observation,relative_reliability_fuzzy,11001,train,11491,,,11491,102,-2.3399999999999994,160,0.0,11491,687,0.001448168725347139,0.03505709022283554,0,1,3,25.5880044000005,24.29783750000206,1.2901668999984395,24.29783750000206,1.2901668999984395,b240632d76bfe6919b44416ecd12239cbcb93cea,1.8.0,cde18190c3c8d2f5e97799ac5572ab19fe5ea4929fd0422da19b385b1d617f1e,True,3.14.3,2.11.0+cpu,2.4.3,1.3.0,3.1.0,not-installed,not-installed,0.2503297131146443,0.0,6.388137e-05,0.0032491176049651706,1546.0,1.0,0.0,0.0,0.0,0.0,0.125,0.2781670216259193,0.7218329783740807,0.0,0.2781670216259193,0.33654582129938027,0.36760034975408823,0.6106185314820204,0.875,0.875,0.875,0.125,20.0,0.125,exact,416.00375,639.75,neural,1546.0,6184.0,61840.0,nan,0.0,0.0,nan,,,,,,,,,,,,,,,
reviewer1_transition_dynamics_shift_smoke,reviewer1_transition_dynamics_shift_smoke,configs/reviewer1_remaining/smoke/transition_dynamics_shift.yaml,Reviewer1-transition-dynamics-shift-smoke,Reviewer1TransitionDynamicsShift-v0,Reviewer1TransitionDynamicsShift-v0,native_gymnasium_observation,relative_reliability_fuzzy,11001,train,11513,,,11513,103,0.72,22,1.0,11513,688,0.001446160903945616,0.03505709022283554,0,1,3,25.63615479999862,24.345987900000182,1.2901668999984395,24.345987900000182,1.2901668999984395,b240632d76bfe6919b44416ecd12239cbcb93cea,1.8.0,cde18190c3c8d2f5e97799ac5572ab19fe5ea4929fd0422da19b385b1d617f1e,True,3.14.3,2.11.0+cpu,2.4.3,1.3.0,3.1.0,not-installed,not-installed,0.25012900503646285,0.0,0.05008048,0.01588647643025388,1551.0,0.0,0.0,0.0,0.0,1.0,0.18181818181818182,0.22063928329635935,0.7793607167036405,0.0,0.22063928329635935,0.29739801818002887,0.2915486442729301,0.45189911934558535,0.8181818181818182,0.8181818181818182,0.8181818181818182,0.18181818181818182,4.0,0.18181818181818182,exact,450.79090909090917,648.35,neural,1551.0,6204.0,62040.0,nan,0.0,0.0,nan,,,,,,,,,,,,,,,
reviewer1_transition_dynamics_shift_smoke,reviewer1_transition_dynamics_shift_smoke,configs/reviewer1_remaining/smoke/transition_dynamics_shift.yaml,Reviewer1-transition-dynamics-shift-smoke,Reviewer1TransitionDynamicsShift-v0,Reviewer1TransitionDynamicsShift-v0,native_gymnasium_observation,relative_reliability_fuzzy,11001,train,11528,,,11528,104,0.86,15,1.0,11528,689,0.0014441745403119335,0.03505709022283554,0,1,3,25.657282200001646,24.367115300003206,1.2901668999984395,24.367115300003206,1.2901668999984395,b240632d76bfe6919b44416ecd12239cbcb93cea,1.8.0,cde18190c3c8d2f5e97799ac5572ab19fe5ea4929fd0422da19b385b1d617f1e,True,3.14.3,2.11.0+cpu,2.4.3,1.3.0,3.1.0,not-installed,not-installed,0.24978168884044438,0.0,0.07324919,0.0288646568025003,1561.0,0.0,0.0,0.0,0.0,1.0,0.5333333333333333,0.02333333333333333,0.9766666666666665,0.0,0.02333333333333333,0.05,0.022759601899666793,0.8072457521909018,0.4666666666666667,0.4666666666666667,0.4666666666666667,0.5333333333333333,8.0,0.5333333333333333,support-boundary collapse,306.73999999999995,22.7,neural,1561.0,6244.0,62440.0,nan,0.0,0.0,nan,,,,,,,,,,,,,,,
reviewer1_transition_dynamics_shift_smoke,reviewer1_transition_dynamics_shift_smoke,configs/reviewer1_remaining/smoke/transition_dynamics_shift.yaml,Reviewer1-transition-dynamics-shift-smoke,Reviewer1TransitionDynamicsShift-v0,Reviewer1TransitionDynamicsShift-v0,native_gymnasium_observation,relative_reliability_fuzzy,11001,train,11688,,,11688,105,-2.289999999999996,160,0.0,11688,699,0.0014318370853346049,0.03505709022283554,0,1,3,25.95861739999964,24.6684505000012,1.2901668999984395,24.6684505000012,1.2901668999984395,b240632d76bfe6919b44416ecd12239cbcb93cea,1.8.0,cde18190c3c8d2f5e97799ac5572ab19fe5ea4929fd0422da19b385b1d617f1e,True,3.14.3,2.11.0+cpu,2.4.3,1.3.0,3.1.0,not-installed,not-installed,0.25213487468475,0.0,9.22091e-05,0.007576901882990455,1571.0,1.0,0.0,0.0,0.0,0.0,0.06875,0.3295113309135317,0.6704886690864683,0.0,0.3295113309135317,0.32482611436858966,0.4632188126242168,0.49468932477993166,0.93125,0.93125,0.93125,0.06875,11.0,0.06875,exact,451.8037499999999,645.9,neural,1571.0,6284.0,62840.0,nan,0.0,0.0,nan,,,,,,,,,,,,,,,
reviewer1_transition_dynamics_shift_smoke,reviewer1_transition_dynamics_shift_smoke,configs/reviewer1_remaining/smoke/transition_dynamics_shift.yaml,Reviewer1-transition-dynamics-shift-smoke,Reviewer1TransitionDynamicsShift-v0,Reviewer1TransitionDynamicsShift-v0,native_gymnasium_observation,relative_reliability_fuzzy,11001,train,11689,,,11689,106,1.0,1,1.0,11689,699,0.0014318370853346049,0.03505709022283554,0,1,3,25.961445400003868,24.671278500005428,1.2901668999984395,24.671278500005428,1.2901668999984395,b240632d76bfe6919b44416ecd12239cbcb93cea,1.8.0,cde18190c3c8d2f5e97799ac5572ab19fe5ea4929fd0422da19b385b1d617f1e,True,3.14.3,2.11.0+cpu,2.4.3,1.3.0,3.1.0,not-installed,not-installed,0.25213487468475,0.0,0.0500876,0.02693460216195118,1572.0,0.0,0.0,0.0,0.0,1.0,0.0,0.05,0.95,0.0,0.05,0.0,0.048770575499285984,0.7751181619743212,1.0,1.0,1.0,0.0,0.0,0.0,exact,13.9,13.9,neural,1572.0,6288.0,62880.0,nan,0.0,0.0,nan,,,,,,,,,,,,,,,
reviewer1_transition_dynamics_shift_smoke,reviewer1_transition_dynamics_shift_smoke,configs/reviewer1_remaining/smoke/transition_dynamics_shift.yaml,Reviewer1-transition-dynamics-shift-smoke,Reviewer1TransitionDynamicsShift-v0,Reviewer1TransitionDynamicsShift-v0,native_gymnasium_observation,relative_reliability_fuzzy,11001,train,11777,,,11777,107,-0.09000000000000075,88,1.0,11777,705,0.0014283710510361815,0.03505709022283554,0,1,3,26.09994710000319,24.809780200004752,1.2901668999984395,24.809780200004752,1.2901668999984395,b240632d76bfe6919b44416ecd12239cbcb93cea,1.8.0,cde18190c3c8d2f5e97799ac5572ab19fe5ea4929fd0422da19b385b1d617f1e,True,3.14.3,2.11.0+cpu,2.4.3,1.3.0,3.1.0,not-installed,not-installed,0.25164902143829126,0.0,0.034522388,0.03027070277497481,1581.0,0.0,0.0,0.0,0.0,1.0,0.09090909090909091,0.22252616658664354,0.7774738334133563,0.0,0.22252616658664354,0.27539221705851086,0.25357207844621,0.7340254670649645,0.9090909090909091,0.9090909090909091,0.9090909090909091,0.09090909090909091,8.0,0.09090909090909091,exact,411.5943181818182,634.45,neural,1581.0,6324.0,63240.0,nan,0.0,0.0,nan,,,,,,,,,,,,,,,
reviewer1_transition_dynamics_shift_smoke,reviewer1_transition_dynamics_shift_smoke,configs/reviewer1_remaining/smoke/transition_dynamics_shift.yaml,Reviewer1-transition-dynamics-shift-smoke,Reviewer1TransitionDynamicsShift-v0,Reviewer1TransitionDynamicsShift-v0,native_gymnasium_observation,relative_reliability_fuzzy,11001,train,11937,,,11937,108,-2.15,160,0.0,11937,715,0.0014186109502073638,0.03505709022283554,0,1,3,26.429603399999905,25.139436500001466,1.2901668999984395,25.139436500001466,1.2901668999984395,b240632d76bfe6919b44416ecd12239cbcb93cea,1.8.0,cde18190c3c8d2f5e97799ac5572ab19fe5ea4929fd0422da19b385b1d617f1e,True,3.14.3,2.11.0+cpu,2.4.3,1.3.0,3.1.0,not-installed,not-installed,0.25472966299841054,0.0,9.777801e-05,0.0027523536564702214,1581.0,1.0,0.0,0.0,0.0,0.0,0.0,0.3645147596504624,0.6354852403495376,0.0,0.3645147596504624,0.17325391316379324,0.45697332651719214,0.6340982753822535,1.0,1.0,1.0,0.0,0.0,0.0,exact,446.42062500000003,659.6500000000001,neural,1581.0,6324.0,63240.0,nan,0.0,0.0,nan,,,,,,,,,,,,,,,
reviewer1_transition_dynamics_shift_smoke,reviewer1_transition_dynamics_shift_smoke,configs/reviewer1_remaining/smoke/transition_dynamics_shift.yaml,Reviewer1-transition-dynamics-shift-smoke,Reviewer1TransitionDynamicsShift-v0,Reviewer1TransitionDynamicsShift-v0,native_gymnasium_observation,relative_reliability_fuzzy,11001,eval,12000,12000,-3.030000000000001,12000,1,-3.030000000000001,160,0.0,12000,719,0.0014211355855738483,0.03505709022283554,0,2,3,27.55723659999785,25.27056299999822,2.286673599999631,25.27056299999822,2.286673599999631,b240632d76bfe6919b44416ecd12239cbcb93cea,1.8.0,cde18190c3c8d2f5e97799ac5572ab19fe5ea4929fd0422da19b385b1d617f1e,True,3.14.3,2.11.0+cpu,2.4.3,1.3.0,3.1.0,not-installed,not-installed,0.25497914116254655,0.0,6.6780085e-05,0.000642610280873544,1584.0,1.0,0.0,0.0,0.0,0.0,1.0,0.0,1.0,0.0,0.0,0.0,0.0,0.588449511421105,0.0,0.0,0.0,1.0,160.0,1.0,support-boundary collapse,795.195,767.2,neural,1584.0,6336.0,63360.0,nan,0.0,0.0,nan,nan,nan,0,3,nan,nan,nan,unavailable,unavailable,unavailable,nan,nan,1.0,global_action_outcome,79.5
reviewer1_transition_dynamics_shift_smoke,reviewer1_transition_dynamics_shift_smoke,configs/reviewer1_remaining/smoke/transition_dynamics_shift.yaml,Reviewer1-transition-dynamics-shift-smoke,Reviewer1TransitionDynamicsShift-v0,Reviewer1TransitionDynamicsShift-v0,native_gymnasium_observation,relative_reliability_fuzzy,11001,eval,12000,12000,-2.91,12000,2,-2.91,160,0.0,12000,719,0.0014211355855738483,0.03505709022283554,0,2,3,27.55800370000361,25.27133010000398,2.286673599999631,25.27133010000398,2.286673599999631,b240632d76bfe6919b44416ecd12239cbcb93cea,1.8.0,cde18190c3c8d2f5e97799ac5572ab19fe5ea4929fd0422da19b385b1d617f1e,True,3.14.3,2.11.0+cpu,2.4.3,1.3.0,3.1.0,not-installed,not-installed,0.25497914116254655,0.0,6.6780085e-05,0.000642610280873544,1584.0,1.0,0.0,0.0,0.0,0.0,0.0,0.21613066514543938,0.7838693348545606,0.0,0.21613066514543938,0.070123370892475,0.24009203184515499,0.4964209456109495,1.0,1.0,1.0,0.0,0.0,0.0,exact,872.4675,853.9000000000001,neural,1584.0,6336.0,63360.0,nan,0.0,0.0,nan,nan,nan,1,2,nan,nan,nan,unavailable,unavailable,unavailable,nan,nan,1.0,global_action_outcome,79.5
reviewer1_transition_dynamics_shift_smoke,reviewer1_transition_dynamics_shift_smoke,configs/reviewer1_remaining/smoke/transition_dynamics_shift.yaml,Reviewer1-transition-dynamics-shift-smoke,Reviewer1TransitionDynamicsShift-v0,Reviewer1TransitionDynamicsShift-v0,native_gymnasium_observation,relative_reliability_fuzzy,11001,eval,12000,12000,-2.9099999999999997,12000,3,-2.9099999999999997,160,0.0,12000,719,0.0014211355855738483,0.03505709022283554,0,2,3,27.55849280000257,25.271819200002938,2.286673599999631,25.271819200002938,2.286673599999631,b240632d76bfe6919b44416ecd12239cbcb93cea,1.8.0,cde18190c3c8d2f5e97799ac5572ab19fe5ea4929fd0422da19b385b1d617f1e,True,3.14.3,2.11.0+cpu,2.4.3,1.3.0,3.1.0,not-installed,not-installed,0.25497914116254655,0.0,6.6780085e-05,0.000642610280873544,1584.0,1.0,0.0,0.0,0.0,0.0,1.0,0.0,1.0,0.0,0.0,0.0,0.0,0.6849256147424458,0.0,0.0,0.0,1.0,160.0,1.0,support-boundary collapse,899.3225,890.35,neural,1584.0,6336.0,63360.0,nan,0.0,0.0,nan,nan,nan,1,3,nan,nan,nan,unavailable,unavailable,unavailable,nan,nan,1.0,global_action_outcome,79.5
reviewer1_transition_dynamics_shift_smoke,reviewer1_transition_dynamics_shift_smoke,configs/reviewer1_remaining/smoke/transition_dynamics_shift.yaml,Reviewer1-transition-dynamics-shift-smoke,Reviewer1TransitionDynamicsShift-v0,Reviewer1TransitionDynamicsShift-v0,native_gymnasium_observation,relative_reliability_fuzzy,11001,eval,12000,12000,-1.7500000000000013,12000,4,-1.7500000000000013,160,0.0,12000,719,0.0014211355855738483,0.03505709022283554,0,2,3,27.559070900002553,25.272397300002922,2.286673599999631,25.272397300002922,2.286673599999631,b240632d76bfe6919b44416ecd12239cbcb93cea,1.8.0,cde18190c3c8d2f5e97799ac5572ab19fe5ea4929fd0422da19b385b1d617f1e,True,3.14.3,2.11.0+cpu,2.4.3,1.3.0,3.1.0,not-installed,not-installed,0.25497914116254655,0.0,6.6780085e-05,0.000642610280873544,1584.0,1.0,0.0,0.0,0.0,0.0,0.06875,0.18211050633909215,0.8178894936609078,0.0,0.18211050633909215,0.24049850372566967,0.20217459602888735,0.8334184104569351,0.93125,0.93125,0.93125,0.06875,11.0,0.06875,exact,974.4868749999999,917.55,neural,1584.0,6336.0,63360.0,nan,0.0,0.0,nan,nan,nan,3,2,nan,nan,nan,unavailable,unavailable,unavailable,nan,nan,1.0,global_action_outcome,79.5
reviewer1_transition_dynamics_shift_smoke,reviewer1_transition_dynamics_shift_smoke,configs/reviewer1_remaining/smoke/transition_dynamics_shift.yaml,Reviewer1-transition-dynamics-shift-smoke,Reviewer1TransitionDynamicsShift-v0,Reviewer1TransitionDynamicsShift-v0,native_gymnasium_observation,relative_reliability_fuzzy,11001,eval,12020,12020,-1.6200000000000012,12020,1,-1.6200000000000012,160,0.0,12020,720,0.001419304454733113,0.03505709022283554,0,3,3,28.738291300003766,25.316619999997783,3.4216713000059826,25.316619999997783,3.4216713000059826,b240632d76bfe6919b44416ecd12239cbcb93cea,1.8.0,cde18190c3c8d2f5e97799ac5572ab19fe5ea4929fd0422da19b385b1d617f1e,True,3.14.3,2.11.0+cpu,2.4.3,1.3.0,3.1.0,not-installed,not-installed,0.255414581316326,0.0,5.5562476e-05,0.0004742081437992732,1584.0,1.0,0.0,0.0,0.0,0.0,1.0,0.0,1.0,0.0,0.0,0.0,0.0,0.8834442302108758,0.0,0.0,0.0,1.0,160.0,1.0,support-boundary collapse,880.0962500000002,831.2,neural,1584.0,6336.0,63360.0,nan,0.0,0.0,nan,nan,nan,1,2,nan,nan,nan,unavailable,unavailable,unavailable,nan,nan,1.0,global_action_outcome,99.5
reviewer1_transition_dynamics_shift_smoke,reviewer1_transition_dynamics_shift_smoke,configs/reviewer1_remaining/smoke/transition_dynamics_shift.yaml,Reviewer1-transition-dynamics-shift-smoke,Reviewer1TransitionDynamicsShift-v0,Reviewer1TransitionDynamicsShift-v0,native_gymnasium_observation,relative_reliability_fuzzy,11001,eval,12020,12020,-3.01,12020,2,-3.01,160,0.0,12020,720,0.001419304454733113,0.03505709022283554,0,3,3,28.739093399999547,25.317422099993564,3.4216713000059826,25.317422099993564,3.4216713000059826,b240632d76bfe6919b44416ecd12239cbcb93cea,1.8.0,cde18190c3c8d2f5e97799ac5572ab19fe5ea4929fd0422da19b385b1d617f1e,True,3.14.3,2.11.0+cpu,2.4.3,1.3.0,3.1.0,not-installed,not-installed,0.255414581316326,0.0,5.5562476e-05,0.0004742081437992732,1584.0,1.0,0.0,0.0,0.0,0.0,1.0,0.0,1.0,0.0,0.0,0.0,0.0,0.6254934295052775,0.0,0.0,0.0,1.0,160.0,1.0,support-boundary collapse,907.02375,793.5,neural,1584.0,6336.0,63360.0,nan,0.0,0.0,nan,nan,nan,1,2,nan,nan,nan,unavailable,unavailable,unavailable,nan,nan,1.0,global_action_outcome,99.5
reviewer1_transition_dynamics_shift_smoke,reviewer1_transition_dynamics_shift_smoke,configs/reviewer1_remaining/smoke/transition_dynamics_shift.yaml,Reviewer1-transition-dynamics-shift-smoke,Reviewer1TransitionDynamicsShift-v0,Reviewer1TransitionDynamicsShift-v0,native_gymnasium_observation,relative_reliability_fuzzy,11001,eval,12020,12020,-2.8699999999999997,12020,3,-2.8699999999999997,160,0.0,12020,720,0.001419304454733113,0.03505709022283554,0,3,3,28.739774900001066,25.318103599995084,3.4216713000059826,25.318103599995084,3.4216713000059826,b240632d76bfe6919b44416ecd12239cbcb93cea,1.8.0,cde18190c3c8d2f5e97799ac5572ab19fe5ea4929fd0422da19b385b1d617f1e,True,3.14.3,2.11.0+cpu,2.4.3,1.3.0,3.1.0,not-installed,not-installed,0.255414581316326,0.0,5.5562476e-05,0.0004742081437992732,1584.0,1.0,0.0,0.0,0.0,0.0,1.0,0.0,1.0,0.0,0.0,0.0,0.0,0.8384108690938138,0.0,0.0,0.0,1.0,160.0,1.0,support-boundary collapse,998.2975,957.0,neural,1584.0,6336.0,63360.0,nan,0.0,0.0,nan,nan,nan,1,3,nan,nan,nan,unavailable,unavailable,unavailable,nan,nan,1.0,global_action_outcome,99.5
reviewer1_transition_dynamics_shift_smoke,reviewer1_transition_dynamics_shift_smoke,configs/reviewer1_remaining/smoke/transition_dynamics_shift.yaml,Reviewer1-transition-dynamics-shift-smoke,Reviewer1TransitionDynamicsShift-v0,Reviewer1TransitionDynamicsShift-v0,native_gymnasium_observation,relative_reliability_fuzzy,11001,eval,12020,12020,-2.0200000000000014,12020,4,-2.0200000000000014,160,0.0,12020,720,0.001419304454733113,0.03505709022283554,0,3,3,28.740270299997064,25.31859899999108,3.4216713000059826,25.31859899999108,3.4216713000059826,b240632d76bfe6919b44416ecd12239cbcb93cea,1.8.0,cde18190c3c8d2f5e97799ac5572ab19fe5ea4929fd0422da19b385b1d617f1e,True,3.14.3,2.11.0+cpu,2.4.3,1.3.0,3.1.0,not-installed,not-installed,0.255414581316326,0.0,5.5562476e-05,0.0004742081437992732,1584.0,1.0,0.0,0.0,0.0,0.0,0.23125,0.21798471898061522,0.7820152810193848,0.0,0.21798471898061522,0.2563081322251246,0.2416769916994823,0.8749830015054878,0.76875,0.76875,0.76875,0.23125,37.0,0.23125,exact,1020.7625,988.3499999999999,neural,1584.0,6336.0,63360.0,nan,0.0,0.0,nan,nan,nan,1,1,nan,nan,nan,unavailable,unavailable,unavailable,nan,nan,1.0,global_action_outcome,99.5
reviewer1_transition_dynamics_shift_smoke,reviewer1_transition_dynamics_shift_smoke,configs/reviewer1_remaining/smoke/transition_dynamics_shift.yaml,Reviewer1-transition-dynamics-shift-smoke,Reviewer1TransitionDynamicsShift-v0,Reviewer1TransitionDynamicsShift-v0,native_gymnasium_observation,relative_reliability_fuzzy,11001,train,12020,,,12020,109,-1.2500000000000009,83,0.0,12020,720,0.001419304454733113,0.03505709022283554,0,3,3,28.743296100001317,25.321624799995334,3.4216713000059826,25.321624799995334,3.4216713000059826,b240632d76bfe6919b44416ecd12239cbcb93cea,1.8.0,cde18190c3c8d2f5e97799ac5572ab19fe5ea4929fd0422da19b385b1d617f1e,True,3.14.3,2.11.0+cpu,2.4.3,1.3.0,3.1.0,not-installed,not-installed,0.255414581316326,0.0,5.5562476e-05,0.0004742081437992732,1584.0,1.0,0.0,0.0,0.0,0.0,0.060240963855421686,0.3077707992192136,0.6922292007807864,0.0,0.3077707992192136,0.30955650095134524,0.4030259953400944,0.8563755790681353,0.9397590361445783,0.9397590361445783,0.9397590361445783,0.060240963855421686,5.0,0.060240963855421686,exact,476.13975903614454,688.3,neural,1584.0,6336.0,63360.0,nan,0.0,0.0,nan,,,,,,,,,,,,,,,
reviewer1_transition_dynamics_shift_smoke,reviewer1_transition_dynamics_shift_smoke,configs/reviewer1_remaining/smoke/transition_dynamics_shift.yaml,Reviewer1-transition-dynamics-shift-smoke,Reviewer1TransitionDynamicsShift-v0,Reviewer1TransitionDynamicsShift-v0,native_gymnasium_observation,same_input_crisp,11000,train,160,,,160,1,-1.9400000000000015,160,0.0,160,0,nan,nan,0,0,3,0.2546003999959794,0.2546003999959794,0.0,0.2546003999959794,0.0,b240632d76bfe6919b44416ecd12239cbcb93cea,1.8.0,cde18190c3c8d2f5e97799ac5572ab19fe5ea4929fd0422da19b385b1d617f1e,True,3.14.3,2.11.0+cpu,2.4.3,1.3.0,3.1.0,not-installed,not-installed,0.0,0.0,0.00036755303,0.01081243906660749,16.0,1.0,0.0,0.0,0.0,0.0,1.0,0.0,0.0,0.0,nan,nan,0.0,nan,0.0,0.0,nan,0.0,nan,nan,unsupported,28.205624999999998,24.05,none,16.0,64.0,640.0,nan,0.0,0.0,nan,,,,,,,,,,,,,,,
reviewer1_transition_dynamics_shift_smoke,reviewer1_transition_dynamics_shift_smoke,configs/reviewer1_remaining/smoke/transition_dynamics_shift.yaml,Reviewer1-transition-dynamics-shift-smoke,Reviewer1TransitionDynamicsShift-v0,Reviewer1TransitionDynamicsShift-v0,native_gymnasium_observation,same_input_crisp,11000,train,320,,,320,2,-1.9600000000000015,160,0.0,320,0,nan,nan,0,0,3,0.5084129000024404,0.5084129000024404,0.0,0.5084129000024404,0.0,b240632d76bfe6919b44416ecd12239cbcb93cea,1.8.0,cde18190c3c8d2f5e97799ac5572ab19fe5ea4929fd0422da19b385b1d617f1e,True,3.14.3,2.11.0+cpu,2.4.3,1.3.0,3.1.0,not-installed,not-installed,0.03333333333333333,0.0,0.00012832941,0.008809782232632962,56.0,1.0,0.0,0.0,0.0,0.0,0.9375,0.003125,0.515625,0.0,0.006024096385542169,0.0,0.02145129481952446,0.505901628197076,0.0625,0.0625,0.12048192771084337,0.45625,73.0,0.8795180722891566,unsupported,39.583749999999995,22.35,neural,56.0,224.0,2240.0,nan,0.0,0.0,nan,,,,,,,,,,,,,,,
reviewer1_transition_dynamics_shift_smoke,reviewer1_transition_dynamics_shift_smoke,configs/reviewer1_remaining/smoke/transition_dynamics_shift.yaml,Reviewer1-transition-dynamics-shift-smoke,Reviewer1TransitionDynamicsShift-v0,Reviewer1TransitionDynamicsShift-v0,native_gymnasium_observation,same_input_crisp,11000,train,480,,,480,3,-2.0100000000000016,160,0.0,480,0,nan,nan,0,0,3,0.7847562999959337,0.7847562999959337,0.0,0.7847562999959337,0.0,b240632d76bfe6919b44416ecd12239cbcb93cea,1.8.0,cde18190c3c8d2f5e97799ac5572ab19fe5ea4929fd0422da19b385b1d617f1e,True,3.14.3,2.11.0+cpu,2.4.3,1.3.0,3.1.0,not-installed,not-installed,0.0375,0.0,0.00012727354,0.016543735692514206,82.0,1.0,0.0,0.0,0.0,0.0,0.01875,0.049062499999999995,0.9509374999999999,0.0,0.049062499999999995,0.0,0.10936175477201768,0.45913783987191686,0.98125,0.98125,0.98125,0.01875,3.0,0.01875,exact,46.269375,24.3,neural,82.0,328.0,3280.0,nan,0.0,0.0,nan,,,,,,,,,,,,,,,
reviewer1_transition_dynamics_shift_smoke,reviewer1_transition_dynamics_shift_smoke,configs/reviewer1_remaining/smoke/transition_dynamics_shift.yaml,Reviewer1-transition-dynamics-shift-smoke,Reviewer1TransitionDynamicsShift-v0,Reviewer1TransitionDynamicsShift-v0,native_gymnasium_observation,same_input_crisp,11000,train,640,,,640,4,-2.0900000000000003,160,0.0,640,9,0.0019199834593261282,0.004236951470375061,0,0,3,1.033945399998629,1.033945399998629,0.0,1.033945399998629,0.0,b240632d76bfe6919b44416ecd12239cbcb93cea,1.8.0,cde18190c3c8d2f5e97799ac5572ab19fe5ea4929fd0422da19b385b1d617f1e,True,3.14.3,2.11.0+cpu,2.4.3,1.3.0,3.1.0,not-installed,not-installed,0.04,0.0,0.00010009236,0.0009146094572839049,98.0,1.0,0.0,0.0,0.0,0.0,0.04375,0.047812499999999994,0.9521875,0.0,0.047812499999999994,0.0,0.10055977186209202,0.6717244927442515,0.95625,0.95625,0.95625,0.04375,7.0,0.04375,exact,55.908125,23.25,neural,98.0,392.0,3920.0,nan,0.0,0.0,nan,,,,,,,,,,,,,,,
reviewer1_transition_dynamics_shift_smoke,reviewer1_transition_dynamics_shift_smoke,configs/reviewer1_remaining/smoke/transition_dynamics_shift.yaml,Reviewer1-transition-dynamics-shift-smoke,Reviewer1TransitionDynamicsShift-v0,Reviewer1TransitionDynamicsShift-v0,native_gymnasium_observation,same_input_crisp,11000,train,800,,,800,5,-1.9400000000000015,160,0.0,800,19,0.0012072503098017094,0.004236951470375061,0,0,3,1.301929499997641,1.301929499997641,0.0,1.301929499997641,0.0,b240632d76bfe6919b44416ecd12239cbcb93cea,1.8.0,cde18190c3c8d2f5e97799ac5572ab19fe5ea4929fd0422da19b385b1d617f1e,True,3.14.3,2.11.0+cpu,2.4.3,1.3.0,3.1.0,not-installed,not-installed,0.04130434782608697,0.0,8.2935236e-05,0.0030085230328642165,120.0,1.0,0.0,0.0,0.0,0.0,0.14375,0.042812499999999996,0.9571875000000001,0.0,0.042812499999999996,0.0,0.19804455902791512,0.5542805530769772,0.85625,0.85625,0.85625,0.14375,23.0,0.14375,exact,64.018125,24.4,neural,120.0,480.0,4800.0,nan,0.0,0.0,nan,,,,,,,,,,,,,,,
reviewer1_transition_dynamics_shift_smoke,reviewer1_transition_dynamics_shift_smoke,configs/reviewer1_remaining/smoke/transition_dynamics_shift.yaml,Reviewer1-transition-dynamics-shift-smoke,Reviewer1TransitionDynamicsShift-v0,Reviewer1TransitionDynamicsShift-v0,native_gymnasium_observation,same_input_crisp,11000,train,960,,,960,6,-1.9800000000000013,160,0.0,960,29,0.0009178177394366277,0.004236951470375061,0,0,3,1.6355236000017612,1.6355236000017612,0.0,1.6355236000017612,0.0,b240632d76bfe6919b44416ecd12239cbcb93cea,1.8.0,cde18190c3c8d2f5e97799ac5572ab19fe5ea4929fd0422da19b385b1d617f1e,True,3.14.3,2.11.0+cpu,2.4.3,1.3.0,3.1.0,not-installed,not-installed,0.0403225806451613,0.0,0.00014153986,0.0004900478685847995,164.0,1.0,0.0,0.0,0.0,0.0,0.13125,0.0434375,0.9565625000000001,0.0,0.0434375,0.0,0.08370884868665389,0.4694451952409042,0.86875,0.86875,0.86875,0.13125,21.0,0.13125,exact,57.061249999999994,24.95,neural,164.0,656.0,6560.0,nan,0.0,0.0,nan,,,,,,,,,,,,,,,
reviewer1_transition_dynamics_shift_smoke,reviewer1_transition_dynamics_shift_smoke,configs/reviewer1_remaining/smoke/transition_dynamics_shift.yaml,Reviewer1-transition-dynamics-shift-smoke,Reviewer1TransitionDynamicsShift-v0,Reviewer1TransitionDynamicsShift-v0,native_gymnasium_observation,same_input_crisp,11000,train,1120,,,1120,7,-2.1599999999999997,160,0.0,1120,39,0.0007140498684095339,0.004236951470375061,0,0,3,1.899806699999317,1.899806699999317,0.0,1.899806699999317,0.0,b240632d76bfe6919b44416ecd12239cbcb93cea,1.8.0,cde18190c3c8d2f5e97799ac5572ab19fe5ea4929fd0422da19b385b1d617f1e,True,3.14.3,2.11.0+cpu,2.4.3,1.3.0,3.1.0,not-installed,not-installed,0.03974358974358976,0.0,0.00011336944,0.00037370263213166907,188.0,1.0,0.0,0.0,0.0,0.0,0.54375,0.022812499999999996,0.9771875,0.0,0.022812499999999996,0.05,0.07837626950114107,0.7211446334840701,0.45625,0.45625,0.45625,0.54375,87.0,0.54375,support-boundary collapse,58.705625,23.5,neural,188.0,752.0,7520.0,nan,0.0,0.0,nan,,,,,,,,,,,,,,,
reviewer1_transition_dynamics_shift_smoke,reviewer1_transition_dynamics_shift_smoke,configs/reviewer1_remaining/smoke/transition_dynamics_shift.yaml,Reviewer1-transition-dynamics-shift-smoke,Reviewer1TransitionDynamicsShift-v0,Reviewer1TransitionDynamicsShift-v0,native_gymnasium_observation,same_input_crisp,11000,train,1280,,,1280,8,-1.9900000000000015,160,0.0,1280,49,0.0005852175637876511,0.004236951470375061,0,0,3,2.2878060000002733,2.2878060000002733,0.0,2.2878060000002733,0.0,b240632d76bfe6919b44416ecd12239cbcb93cea,1.8.0,cde18190c3c8d2f5e97799ac5572ab19fe5ea4929fd0422da19b385b1d617f1e,True,3.14.3,2.11.0+cpu,2.4.3,1.3.0,3.1.0,not-installed,not-installed,0.07916666666666666,0.0,0.0001202676,0.00047677954756692034,207.0,1.0,0.0,0.0,0.0,0.0,0.0,0.14562499999999998,0.8543749999999999,0.0,0.14562499999999998,0.0,0.2626000349078095,0.6130525191767808,1.0,1.0,1.0,0.0,0.0,0.0,exact,67.33875,26.5,neural,207.0,828.0,8280.0,nan,0.0,0.0,nan,,,,,,,,,,,,,,,
reviewer1_transition_dynamics_shift_smoke,reviewer1_transition_dynamics_shift_smoke,configs/reviewer1_remaining/smoke/transition_dynamics_shift.yaml,Reviewer1-transition-dynamics-shift-smoke,Reviewer1TransitionDynamicsShift-v0,Reviewer1TransitionDynamicsShift-v0,native_gymnasium_observation,same_input_crisp,11000,train,1440,,,1440,9,-2.0000000000000013,160,0.0,1440,59,0.0004960346120504378,0.004236951470375061,0,0,3,2.5232786999986274,2.5232786999986274,0.0,2.5232786999986274,0.0,b240632d76bfe6919b44416ecd12239cbcb93cea,1.8.0,cde18190c3c8d2f5e97799ac5572ab19fe5ea4929fd0422da19b385b1d617f1e,True,3.14.3,2.11.0+cpu,2.4.3,1.3.0,3.1.0,not-installed,not-installed,0.07203389830508472,0.0,0.00011421889,0.0002219005298192273,229.0,1.0,0.0,0.0,0.0,0.0,0.15,0.042499999999999996,0.9574999999999999,0.0,0.042499999999999996,0.0,0.19900483056949306,0.37850705892999637,0.85,0.85,0.85,0.15,24.0,0.15,exact,79.63875,22.25,neural,229.0,916.0,9160.0,nan,0.0,0.0,nan,,,,,,,,,,,,,,,
reviewer1_transition_dynamics_shift_smoke,reviewer1_transition_dynamics_shift_smoke,configs/reviewer1_remaining/smoke/transition_dynamics_shift.yaml,Reviewer1-transition-dynamics-shift-smoke,Reviewer1TransitionDynamicsShift-v0,Reviewer1TransitionDynamicsShift-v0,native_gymnasium_observation,same_input_crisp,11000,train,1526,,,1526,10,0.01999999999999935,86,1.0,1526,64,0.00046039912285777973,0.004236951470375061,0,0,3,2.618448000001081,2.618448000001081,0.0,2.618448000001081,0.0,b240632d76bfe6919b44416ecd12239cbcb93cea,1.8.0,cde18190c3c8d2f5e97799ac5572ab19fe5ea4929fd0422da19b385b1d617f1e,True,3.14.3,2.11.0+cpu,2.4.3,1.3.0,3.1.0,not-installed,not-installed,0.06923076923076919,0.0,0.050124668,0.04842452492571706,245.0,0.0,0.0,0.0,0.0,1.0,0.4186046511627907,0.029069767441860454,0.9709302325581397,0.0,0.029069767441860454,0.05,0.11941418018869451,0.6218594056405927,0.5813953488372093,0.5813953488372093,0.5813953488372093,0.4186046511627907,36.0,0.4186046511627907,exact,62.86279069767442,20.45,neural,245.0,980.0,9800.0,nan,0.0,0.0,nan,,,,,,,,,,,,,,,
reviewer1_transition_dynamics_shift_smoke,reviewer1_transition_dynamics_shift_smoke,configs/reviewer1_remaining/smoke/transition_dynamics_shift.yaml,Reviewer1-transition-dynamics-shift-smoke,Reviewer1TransitionDynamicsShift-v0,Reviewer1TransitionDynamicsShift-v0,native_gymnasium_observation,same_input_crisp,11000,train,1686,,,1686,11,-2.0900000000000016,160,0.0,1686,74,0.0004029656857784249,0.004236951470375061,0,0,3,2.907181700000365,2.907181700000365,0.0,2.907181700000365,0.0,b240632d76bfe6919b44416ecd12239cbcb93cea,1.8.0,cde18190c3c8d2f5e97799ac5572ab19fe5ea4929fd0422da19b385b1d617f1e,True,3.14.3,2.11.0+cpu,2.4.3,1.3.0,3.1.0,not-installed,not-installed,0.06578947368421047,0.0,0.00016222343,0.00031969542779788495,282.0,1.0,0.0,0.0,0.0,0.0,0.05,0.0475,0.9524999999999999,0.0,0.0475,0.0,0.18439281509261551,0.5963328207818204,0.95,0.95,0.95,0.05,8.0,0.05,exact,80.86812499999999,27.049999999999997,neural,282.0,1128.0,11280.0,nan,0.0,0.0,nan,,,,,,,,,,,,,,,
reviewer1_transition_dynamics_shift_smoke,reviewer1_transition_dynamics_shift_smoke,configs/reviewer1_remaining/smoke/transition_dynamics_shift.yaml,Reviewer1-transition-dynamics-shift-smoke,Reviewer1TransitionDynamicsShift-v0,Reviewer1TransitionDynamicsShift-v0,native_gymnasium_observation,same_input_crisp,11000,train,1846,,,1846,12,-1.9200000000000015,160,0.0,1846,84,0.0005428638591443555,0.015215760096907616,0,0,3,3.246917600001325,3.246917600001325,0.0,3.246917600001325,0.0,b240632d76bfe6919b44416ecd12239cbcb93cea,1.8.0,cde18190c3c8d2f5e97799ac5572ab19fe5ea4929fd0422da19b385b1d617f1e,True,3.14.3,2.11.0+cpu,2.4.3,1.3.0,3.1.0,not-installed,not-installed,0.06333333333333326,0.0,8.670939e-05,0.0002589348480916819,301.0,1.0,0.0,0.0,0.0,0.0,0.0,0.049999999999999996,0.95,0.0,0.049999999999999996,0.0,0.21598830134627023,0.4907163402336264,1.0,1.0,1.0,0.0,0.0,0.0,exact,88.35062500000001,28.549999999999997,neural,301.0,1204.0,12040.0,nan,0.0,0.0,nan,,,,,,,,,,,,,,,
reviewer1_transition_dynamics_shift_smoke,reviewer1_transition_dynamics_shift_smoke,configs/reviewer1_remaining/smoke/transition_dynamics_shift.yaml,Reviewer1-transition-dynamics-shift-smoke,Reviewer1TransitionDynamicsShift-v0,Reviewer1TransitionDynamicsShift-v0,native_gymnasium_observation,same_input_crisp,11000,train,2006,,,2006,13,-2.0200000000000014,160,0.0,2006,94,0.0004926887019230871,0.015215760096907616,0,0,3,3.622892100000172,3.622892100000172,0.0,3.622892100000172,0.0,b240632d76bfe6919b44416ecd12239cbcb93cea,1.8.0,cde18190c3c8d2f5e97799ac5572ab19fe5ea4929fd0422da19b385b1d617f1e,True,3.14.3,2.11.0+cpu,2.4.3,1.3.0,3.1.0,not-installed,not-installed,0.059722222222222135,0.0,0.00011383085,0.00029272567384192077,318.0,1.0,0.0,0.0,0.0,0.0,0.23125,0.0384375,0.9615625,0.0,0.0384375,0.0,0.22808437514198482,0.6441056462486454,0.76875,0.76875,0.76875,0.23125,37.0,0.23125,exact,194.701875,29.05,neural,318.0,1272.0,12720.0,nan,0.0,0.0,nan,,,,,,,,,,,,,,,
reviewer1_transition_dynamics_shift_smoke,reviewer1_transition_dynamics_shift_smoke,configs/reviewer1_remaining/smoke/transition_dynamics_shift.yaml,Reviewer1-transition-dynamics-shift-smoke,Reviewer1TransitionDynamicsShift-v0,Reviewer1TransitionDynamicsShift-v0,native_gymnasium_observation,same_input_crisp,11000,train,2166,,,2166,14,-2.0000000000000013,160,0.0,2166,104,0.0004504758012094848,0.015215760096907616,0,0,3,3.9266999999963446,3.9266999999963446,0.0,3.9266999999963446,0.0,b240632d76bfe6919b44416ecd12239cbcb93cea,1.8.0,cde18190c3c8d2f5e97799ac5572ab19fe5ea4929fd0422da19b385b1d617f1e,True,3.14.3,2.11.0+cpu,2.4.3,1.3.0,3.1.0,not-installed,not-installed,0.057916666666666575,0.0,0.000144573,0.0001067048996198347,363.0,1.0,0.0,0.0,0.0,0.0,0.0625,0.046875,0.953125,0.0,0.046875,0.0,0.1200102707660902,0.6999002669659313,0.9375,0.9375,0.9375,0.0625,10.0,0.0625,exact,90.946875,26.4,neural,363.0,1452.0,14520.0,nan,0.0,0.0,nan,,,,,,,,,,,,,,,
reviewer1_transition_dynamics_shift_smoke,reviewer1_transition_dynamics_shift_smoke,configs/reviewer1_remaining/smoke/transition_dynamics_shift.yaml,Reviewer1-transition-dynamics-shift-smoke,Reviewer1TransitionDynamicsShift-v0,Reviewer1TransitionDynamicsShift-v0,native_gymnasium_observation,same_input_crisp,11000,train,2326,,,2326,15,-1.0000000000000013,160,1.0,2326,114,0.0004148889341817458,0.015215760096907616,0,0,3,4.221432699996512,4.221432699996512,0.0,4.221432699996512,0.0,b240632d76bfe6919b44416ecd12239cbcb93cea,1.8.0,cde18190c3c8d2f5e97799ac5572ab19fe5ea4929fd0422da19b385b1d617f1e,True,3.14.3,2.11.0+cpu,2.4.3,1.3.0,3.1.0,not-installed,not-installed,0.061594202898550644,0.0,0.050101966,0.04919076935287298,388.0,0.0,0.0,0.0,0.0,1.0,0.33125,0.08968749999999999,0.9103125000000001,0.0,0.08968749999999999,0.05,0.19840339963113257,0.8250864153717983,0.66875,0.66875,0.66875,0.33125,53.0,0.33125,exact,128.160625,27.799999999999997,neural,388.0,1552.0,15520.0,nan,0.0,0.0,nan,,,,,,,,,,,,,,,
reviewer1_transition_dynamics_shift_smoke,reviewer1_transition_dynamics_shift_smoke,configs/reviewer1_remaining/smoke/transition_dynamics_shift.yaml,Reviewer1-transition-dynamics-shift-smoke,Reviewer1TransitionDynamicsShift-v0,Reviewer1TransitionDynamicsShift-v0,native_gymnasium_observation,same_input_crisp,11000,train,2432,,,2432,16,-0.24000000000000066,106,1.0,2432,121,0.0003922176504354204,0.015215760096907616,0,0,3,4.431712999998126,4.431712999998126,0.0,4.431712999998126,0.0,b240632d76bfe6919b44416ecd12239cbcb93cea,1.8.0,cde18190c3c8d2f5e97799ac5572ab19fe5ea4929fd0422da19b385b1d617f1e,True,3.14.3,2.11.0+cpu,2.4.3,1.3.0,3.1.0,not-installed,not-installed,0.060402684563758365,0.0,0.050346874,0.050300456463124296,399.0,0.0,0.0,0.0,0.0,1.0,0.0660377358490566,0.046698113207547166,0.9533018867924526,0.0,0.046698113207547166,0.0,0.16605498341708222,0.805269649704176,0.9339622641509434,0.9339622641509434,0.9339622641509434,0.0660377358490566,7.0,0.0660377358490566,exact,126.05377358490566,29.1,neural,399.0,1596.0,15960.0,nan,0.0,0.0,nan,,,,,,,,,,,,,,,
reviewer1_transition_dynamics_shift_smoke,reviewer1_transition_dynamics_shift_smoke,configs/reviewer1_remaining/smoke/transition_dynamics_shift.yaml,Reviewer1-transition-dynamics-shift-smoke,Reviewer1TransitionDynamicsShift-v0,Reviewer1TransitionDynamicsShift-v0,native_gymnasium_observation,same_input_crisp,11000,train,2592,,,2592,17,-1.8200000000000014,160,0.0,2592,131,0.0004798885231888951,0.015215760096907616,0,0,3,4.721831000002567,4.721831000002567,0.0,4.721831000002567,0.0,b240632d76bfe6919b44416ecd12239cbcb93cea,1.8.0,cde18190c3c8d2f5e97799ac5572ab19fe5ea4929fd0422da19b385b1d617f1e,True,3.14.3,2.11.0+cpu,2.4.3,1.3.0,3.1.0,not-installed,not-installed,0.06886227544910181,0.0,0.000118471144,0.0003650312935422689,415.0,1.0,0.0,0.0,0.0,0.0,0.1875,0.06312500000000001,0.9368749999999999,0.0,0.06312500000000001,0.0,0.1554839085906839,0.6637996199631427,0.8125,0.8125,0.8125,0.1875,30.0,0.1875,exact,116.121875,28.45,neural,415.0,1660.0,16600.0,nan,0.0,0.0,nan,,,,,,,,,,,,,,,
reviewer1_transition_dynamics_shift_smoke,reviewer1_transition_dynamics_shift_smoke,configs/reviewer1_remaining/smoke/transition_dynamics_shift.yaml,Reviewer1-transition-dynamics-shift-smoke,Reviewer1TransitionDynamicsShift-v0,Reviewer1TransitionDynamicsShift-v0,native_gymnasium_observation,same_input_crisp,11000,train,2752,,,2752,18,-1.8900000000000012,160,0.0,2752,141,0.0005641668672424267,0.015735600143671036,0,0,3,5.036857899998722,5.036857899998722,0.0,5.036857899998722,0.0,b240632d76bfe6919b44416ecd12239cbcb93cea,1.8.0,cde18190c3c8d2f5e97799ac5572ab19fe5ea4929fd0422da19b385b1d617f1e,True,3.14.3,2.11.0+cpu,2.4.3,1.3.0,3.1.0,not-installed,not-installed,0.07010582010582019,0.0,9.6356e-05,0.0002716548172367343,437.0,1.0,0.0,0.0,0.0,0.0,0.18125,0.07468749999999999,0.9253125000000001,0.0,0.07468749999999999,0.0,0.1333455730830634,0.44691706036271306,0.81875,0.81875,0.81875,0.18125,29.0,0.18125,exact,132.153125,28.200000000000003,neural,437.0,1748.0,17480.0,nan,0.0,0.0,nan,,,,,,,,,,,,,,,
reviewer1_transition_dynamics_shift_smoke,reviewer1_transition_dynamics_shift_smoke,configs/reviewer1_remaining/smoke/transition_dynamics_shift.yaml,Reviewer1-transition-dynamics-shift-smoke,Reviewer1TransitionDynamicsShift-v0,Reviewer1TransitionDynamicsShift-v0,native_gymnasium_observation,same_input_crisp,11000,train,2778,,,2778,19,0.6799999999999999,26,1.0,2778,142,0.0005613957557702825,0.015735600143671036,0,0,3,5.069353699997009,5.069353699997009,0.0,5.069353699997009,0.0,b240632d76bfe6919b44416ecd12239cbcb93cea,1.8.0,cde18190c3c8d2f5e97799ac5572ab19fe5ea4929fd0422da19b385b1d617f1e,True,3.14.3,2.11.0+cpu,2.4.3,1.3.0,3.1.0,not-installed,not-installed,0.0692708333333334,0.0,0.050143983,0.04977379060897796,448.0,0.0,0.0,0.0,0.0,1.0,0.4230769230769231,0.028846153846153848,0.9711538461538461,0.0,0.028846153846153848,0.05,0.07146046362501907,0.5163257100390999,0.5769230769230769,0.5769230769230769,0.5769230769230769,0.4230769230769231,11.0,0.4230769230769231,exact,89.24615384615385,24.549999999999997,neural,448.0,1792.0,17920.0,nan,0.0,0.0,nan,,,,,,,,,,,,,,,
reviewer1_transition_dynamics_shift_smoke,reviewer1_transition_dynamics_shift_smoke,configs/reviewer1_remaining/smoke/transition_dynamics_shift.yaml,Reviewer1-transition-dynamics-shift-smoke,Reviewer1TransitionDynamicsShift-v0,Reviewer1TransitionDynamicsShift-v0,native_gymnasium_observation,same_input_crisp,11000,train,2844,,,2844,20,0.1999999999999995,66,1.0,2844,146,0.0005484309765413182,0.015735600143671036,0,0,3,5.164583600002516,5.164583600002516,0.0,5.164583600002516,0.0,b240632d76bfe6919b44416ecd12239cbcb93cea,1.8.0,cde18190c3c8d2f5e97799ac5572ab19fe5ea4929fd0422da19b385b1d617f1e,True,3.14.3,2.11.0+cpu,2.4.3,1.3.0,3.1.0,not-installed,not-installed,0.06843434343434353,0.0,0.05180499,0.05155952479178522,463.0,0.0,0.0,0.0,0.0,1.0,0.30303030303030304,0.034848484848484844,0.9651515151515154,0.0,0.034848484848484844,0.05,0.09300324046861387,0.46445634303644956,0.696969696969697,0.696969696969697,0.696969696969697,0.30303030303030304,20.0,0.30303030303030304,exact,90.56212121212121,24.75,neural,463.0,1852.0,18520.0,nan,0.0,0.0,nan,,,,,,,,,,,,,,,
reviewer1_transition_dynamics_shift_smoke,reviewer1_transition_dynamics_shift_smoke,configs/reviewer1_remaining/smoke/transition_dynamics_shift.yaml,Reviewer1-transition-dynamics-shift-smoke,Reviewer1TransitionDynamicsShift-v0,Reviewer1TransitionDynamicsShift-v0,native_gymnasium_observation,same_input_crisp,11000,train,2872,,,2872,21,0.5799999999999998,28,1.0,2872,148,0.0005416178624801507,0.015735600143671036,0,0,3,5.195900899998378,5.195900899998378,0.0,5.195900899998378,0.0,b240632d76bfe6919b44416ecd12239cbcb93cea,1.8.0,cde18190c3c8d2f5e97799ac5572ab19fe5ea4929fd0422da19b385b1d617f1e,True,3.14.3,2.11.0+cpu,2.4.3,1.3.0,3.1.0,not-installed,not-installed,0.0678921568627452,0.0,0.04705885,0.0628947598867637,464.0,0.0,0.0,0.0,0.0,1.0,0.0,0.05000000000000001,0.9499999999999998,0.0,0.05000000000000001,0.0,0.2908676999250445,0.6360871208291122,1.0,1.0,1.0,0.0,0.0,0.0,exact,137.7142857142857,18.049999999999997,neural,464.0,1856.0,18560.0,nan,0.0,0.0,nan,,,,,,,,,,,,,,,
reviewer1_transition_dynamics_shift_smoke,reviewer1_transition_dynamics_shift_smoke,configs/reviewer1_remaining/smoke/transition_dynamics_shift.yaml,Reviewer1-transition-dynamics-shift-smoke,Reviewer1TransitionDynamicsShift-v0,Reviewer1TransitionDynamicsShift-v0,native_gymnasium_observation,same_input_crisp,11000,train,3032,,,3032,22,-2.0700000000000003,160,0.0,3032,158,0.0005104177351520637,0.015735600143671036,0,0,3,5.5822566999995615,5.5822566999995615,0.0,5.5822566999995615,0.0,b240632d76bfe6919b44416ecd12239cbcb93cea,1.8.0,cde18190c3c8d2f5e97799ac5572ab19fe5ea4929fd0422da19b385b1d617f1e,True,3.14.3,2.11.0+cpu,2.4.3,1.3.0,3.1.0,not-installed,not-installed,0.06858407079646033,0.0,0.00014733654,0.00016726760697538355,493.0,1.0,0.0,0.0,0.0,0.0,0.1625,0.13749999999999998,0.8625,0.0,0.13749999999999998,0.0,0.18483068638634526,0.6891672201818556,0.8375,0.8375,0.8375,0.1625,26.0,0.1625,exact,133.41500000000002,29.75,neural,493.0,1972.0,19720.0,nan,0.0,0.0,nan,,,,,,,,,,,,,,,
reviewer1_transition_dynamics_shift_smoke,reviewer1_transition_dynamics_shift_smoke,configs/reviewer1_remaining/smoke/transition_dynamics_shift.yaml,Reviewer1-transition-dynamics-shift-smoke,Reviewer1TransitionDynamicsShift-v0,Reviewer1TransitionDynamicsShift-v0,native_gymnasium_observation,same_input_crisp,11000,train,3181,,,3181,23,-0.9200000000000015,149,1.0,3181,167,0.00048517046290105434,0.015735600143671036,0,0,3,5.844097900000634,5.844097900000634,0.0,5.844097900000634,0.0,b240632d76bfe6919b44416ecd12239cbcb93cea,1.8.0,cde18190c3c8d2f5e97799ac5572ab19fe5ea4929fd0422da19b385b1d617f1e,True,3.14.3,2.11.0+cpu,2.4.3,1.3.0,3.1.0,not-installed,not-installed,0.06513944223107587,0.0,0.05009326,0.048503181058398126,519.0,0.0,0.0,0.0,0.0,1.0,0.2348993288590604,0.03825503355704697,0.961744966442953,0.0,0.03825503355704697,0.0,0.19490704975783688,0.6827857577057186,0.7651006711409396,0.7651006711409396,0.7651006711409396,0.2348993288590604,35.0,0.2348993288590604,exact,164.60671140939596,23.4,neural,519.0,2076.0,20760.0,nan,0.0,0.0,nan,,,,,,,,,,,,,,,
reviewer1_transition_dynamics_shift_smoke,reviewer1_transition_dynamics_shift_smoke,configs/reviewer1_remaining/smoke/transition_dynamics_shift.yaml,Reviewer1-transition-dynamics-shift-smoke,Reviewer1TransitionDynamicsShift-v0,Reviewer1TransitionDynamicsShift-v0,native_gymnasium_observation,same_input_crisp,11000,train,3341,,,3341,24,-1.9800000000000015,160,0.0,3341,177,0.0005496595556207138,0.015747880563139915,0,0,3,6.214246800002002,6.214246800002002,0.0,6.214246800002002,0.0,b240632d76bfe6919b44416ecd12239cbcb93cea,1.8.0,cde18190c3c8d2f5e97799ac5572ab19fe5ea4929fd0422da19b385b1d617f1e,True,3.14.3,2.11.0+cpu,2.4.3,1.3.0,3.1.0,not-installed,not-installed,0.06636029411764725,0.0,0.00016184771,0.00022123100593267705,567.0,1.0,0.0,0.0,0.0,0.0,0.2125,0.045,0.9550000000000001,0.0,0.045,0.0,0.11742017444960014,0.6253160632796038,0.7875,0.7875,0.7875,0.2125,34.0,0.2125,exact,128.89249999999998,28.700000000000003,neural,567.0,2268.0,22680.0,nan,0.0,0.0,nan,,,,,,,,,,,,,,,
reviewer1_transition_dynamics_shift_smoke,reviewer1_transition_dynamics_shift_smoke,configs/reviewer1_remaining/smoke/transition_dynamics_shift.yaml,Reviewer1-transition-dynamics-shift-smoke,Reviewer1TransitionDynamicsShift-v0,Reviewer1TransitionDynamicsShift-v0,native_gymnasium_observation,same_input_crisp,11000,train,3501,,,3501,25,-1.8900000000000015,160,0.0,3501,187,0.0005226397086730952,0.015747880563139915,0,0,3,6.575467999995453,6.575467999995453,0.0,6.575467999995453,0.0,b240632d76bfe6919b44416ecd12239cbcb93cea,1.8.0,cde18190c3c8d2f5e97799ac5572ab19fe5ea4929fd0422da19b385b1d617f1e,True,3.14.3,2.11.0+cpu,2.4.3,1.3.0,3.1.0,not-installed,not-installed,0.0766666666666669,0.0,8.2332685e-05,3.981829119421694e-05,569.0,1.0,0.0,0.0,0.0,0.0,0.05,0.143125,0.8568750000000002,0.0,0.143125,0.0,0.27654270915598994,0.6989250488479307,0.95,0.95,0.95,0.05,8.0,0.05,exact,185.84812500000004,29.85,neural,569.0,2276.0,22760.0,nan,0.0,0.0,nan,,,,,,,,,,,,,,,
reviewer1_transition_dynamics_shift_smoke,reviewer1_transition_dynamics_shift_smoke,configs/reviewer1_remaining/smoke/transition_dynamics_shift.yaml,Reviewer1-transition-dynamics-shift-smoke,Reviewer1TransitionDynamicsShift-v0,Reviewer1TransitionDynamicsShift-v0,native_gymnasium_observation,same_input_crisp,11000,train,3661,,,3661,26,-1.9900000000000015,160,0.0,3661,197,0.0004978080908165858,0.015747880563139915,0,0,3,6.924224599999434,6.924224599999434,0.0,6.924224599999434,0.0,b240632d76bfe6919b44416ecd12239cbcb93cea,1.8.0,cde18190c3c8d2f5e97799ac5572ab19fe5ea4929fd0422da19b385b1d617f1e,True,3.14.3,2.11.0+cpu,2.4.3,1.3.0,3.1.0,not-installed,not-installed,0.07767295597484301,0.0,7.808561e-05,0.00010268227421415757,581.0,1.0,0.0,0.0,0.0,0.0,0.1375,0.133125,0.866875,0.0,0.133125,0.0,0.2688617142048785,0.7299324055369224,0.8625,0.8625,0.8625,0.1375,22.0,0.1375,exact,114.451875,28.75,neural,581.0,2324.0,23240.0,nan,0.0,0.0,nan,,,,,,,,,,,,,,,
reviewer1_transition_dynamics_shift_smoke,reviewer1_transition_dynamics_shift_smoke,configs/reviewer1_remaining/smoke/transition_dynamics_shift.yaml,Reviewer1-transition-dynamics-shift-smoke,Reviewer1TransitionDynamicsShift-v0,Reviewer1TransitionDynamicsShift-v0,native_gymnasium_observation,same_input_crisp,11000,train,3821,,,3821,27,-2.1800000000000006,160,0.0,3821,207,0.0005496500121843062,0.015747880563139915,0,0,3,7.292624199995771,7.292624199995771,0.0,7.292624199995771,0.0,b240632d76bfe6919b44416ecd12239cbcb93cea,1.8.0,cde18190c3c8d2f5e97799ac5572ab19fe5ea4929fd0422da19b385b1d617f1e,True,3.14.3,2.11.0+cpu,2.4.3,1.3.0,3.1.0,not-installed,not-installed,0.07675070028011233,0.0,0.0001455261,0.00040776186667508676,600.0,1.0,0.0,0.0,0.0,0.0,0.0625,0.058125,0.9418749999999999,0.0,0.058125,0.0,0.21915527487530695,0.7864508529644609,0.9375,0.9375,0.9375,0.0625,10.0,0.0625,exact,218.47312499999998,34.349999999999994,neural,600.0,2400.0,24000.0,nan,0.0,0.0,nan,,,,,,,,,,,,,,,
reviewer1_transition_dynamics_shift_smoke,reviewer1_transition_dynamics_shift_smoke,configs/reviewer1_remaining/smoke/transition_dynamics_shift.yaml,Reviewer1-transition-dynamics-shift-smoke,Reviewer1TransitionDynamicsShift-v0,Reviewer1TransitionDynamicsShift-v0,native_gymnasium_observation,same_input_crisp,11000,train,3981,,,3981,28,-2.1100000000000003,160,0.0,3981,217,0.0005285109149352868,0.015747880563139915,0,0,3,7.718825999996625,7.718825999996625,0.0,7.718825999996625,0.0,b240632d76bfe6919b44416ecd12239cbcb93cea,1.8.0,cde18190c3c8d2f5e97799ac5572ab19fe5ea4929fd0422da19b385b1d617f1e,True,3.14.3,2.11.0+cpu,2.4.3,1.3.0,3.1.0,not-installed,not-installed,0.08320512820512847,0.0,0.0001379756,0.00012850230160428474,626.0,1.0,0.0,0.0,0.0,0.0,0.08125,0.16406249999999994,0.8359375,0.0,0.16406249999999994,0.0,0.22021501399481416,0.4964187935858851,0.91875,0.91875,0.91875,0.08125,13.0,0.08125,exact,204.33375,31.25,neural,626.0,2504.0,25040.0,nan,0.0,0.0,nan,,,,,,,,,,,,,,,
reviewer1_transition_dynamics_shift_smoke,reviewer1_transition_dynamics_shift_smoke,configs/reviewer1_remaining/smoke/transition_dynamics_shift.yaml,Reviewer1-transition-dynamics-shift-smoke,Reviewer1TransitionDynamicsShift-v0,Reviewer1TransitionDynamicsShift-v0,native_gymnasium_observation,same_input_crisp,11000,train,4046,,,4046,29,0.23999999999999955,65,1.0,4046,221,0.0005196144145522166,0.015747880563139915,0,0,3,7.807477199996356,7.807477199996356,0.0,7.807477199996356,0.0,b240632d76bfe6919b44416ecd12239cbcb93cea,1.8.0,cde18190c3c8d2f5e97799ac5572ab19fe5ea4929fd0422da19b385b1d617f1e,True,3.14.3,2.11.0+cpu,2.4.3,1.3.0,3.1.0,not-installed,not-installed,0.08253164556962049,0.0,0.05011839,0.0500391285169156,651.0,0.0,0.0,0.0,0.0,1.0,0.5538461538461539,0.02230769230769231,0.9776923076923079,0.0,0.02230769230769231,0.05,0.02175917983814298,0.8019097988065035,0.4461538461538462,0.4461538461538462,0.4461538461538462,0.5538461538461539,36.0,0.5538461538461539,support-boundary collapse,87.80307692307693,22.1,neural,651.0,2604.0,26040.0,nan,0.0,0.0,nan,,,,,,,,,,,,,,,
reviewer1_transition_dynamics_shift_smoke,reviewer1_transition_dynamics_shift_smoke,configs/reviewer1_remaining/smoke/transition_dynamics_shift.yaml,Reviewer1-transition-dynamics-shift-smoke,Reviewer1TransitionDynamicsShift-v0,Reviewer1TransitionDynamicsShift-v0,native_gymnasium_observation,same_input_crisp,11000,train,4104,,,4104,30,0.37999999999999967,58,1.0,4104,225,0.0005115312910978294,0.015747880563139915,0,0,3,7.8934611000004224,7.8934611000004224,0.0,7.8934611000004224,0.0,b240632d76bfe6919b44416ecd12239cbcb93cea,1.8.0,cde18190c3c8d2f5e97799ac5572ab19fe5ea4929fd0422da19b385b1d617f1e,True,3.14.3,2.11.0+cpu,2.4.3,1.3.0,3.1.0,not-installed,not-installed,0.0811881188118814,0.0,0.05267379,0.056140916725690236,672.0,0.0,0.0,0.0,0.0,1.0,0.6206896551724138,0.018965517241379314,0.9810344827586208,0.0,0.018965517241379314,0.05,0.044203875629172454,0.779953213826445,0.3793103448275862,0.3793103448275862,0.3793103448275862,0.6206896551724138,36.0,0.6206896551724138,support-boundary collapse,117.4603448275862,22.05,neural,672.0,2688.0,26880.0,nan,0.0,0.0,nan,,,,,,,,,,,,,,,
reviewer1_transition_dynamics_shift_smoke,reviewer1_transition_dynamics_shift_smoke,configs/reviewer1_remaining/smoke/transition_dynamics_shift.yaml,Reviewer1-transition-dynamics-shift-smoke,Reviewer1TransitionDynamicsShift-v0,Reviewer1TransitionDynamicsShift-v0,native_gymnasium_observation,same_input_crisp,11000,train,4264,,,4264,31,-2.080000000000001,160,0.0,4264,235,0.0004913047374042861,0.015747880563139915,0,0,3,8.236759300001722,8.236759300001722,0.0,8.236759300001722,0.0,b240632d76bfe6919b44416ecd12239cbcb93cea,1.8.0,cde18190c3c8d2f5e97799ac5572ab19fe5ea4929fd0422da19b385b1d617f1e,True,3.14.3,2.11.0+cpu,2.4.3,1.3.0,3.1.0,not-installed,not-installed,0.07723214285714282,0.0,0.00012417466,0.0001015568846000047,686.0,1.0,0.0,0.0,0.0,0.0,0.15625,0.0421875,0.9578125,0.0,0.0421875,0.0,0.2747684547946184,0.7229644577842078,0.84375,0.84375,0.84375,0.15625,25.0,0.15625,exact,213.74124999999998,31.15,neural,686.0,2744.0,27440.0,nan,0.0,0.0,nan,,,,,,,,,,,,,,,
reviewer1_transition_dynamics_shift_smoke,reviewer1_transition_dynamics_shift_smoke,configs/reviewer1_remaining/smoke/transition_dynamics_shift.yaml,Reviewer1-transition-dynamics-shift-smoke,Reviewer1TransitionDynamicsShift-v0,Reviewer1TransitionDynamicsShift-v0,native_gymnasium_observation,same_input_crisp,11000,train,4424,,,4424,32,-2.0799999999999996,160,0.0,4424,245,0.0005418586490494057,0.016368893906474113,0,0,3,8.65733299999556,8.65733299999556,0.0,8.65733299999556,0.0,b240632d76bfe6919b44416ecd12239cbcb93cea,1.8.0,cde18190c3c8d2f5e97799ac5572ab19fe5ea4929fd0422da19b385b1d617f1e,True,3.14.3,2.11.0+cpu,2.4.3,1.3.0,3.1.0,not-installed,not-installed,0.07876569037656887,0.0,8.675741e-05,0.00018164905414218163,707.0,1.0,0.0,0.0,0.0,0.0,0.1125,0.10062499999999999,0.899375,0.0,0.10062499999999999,0.0,0.25876394414384263,0.47239690836504716,0.8875,0.8875,0.8875,0.1125,18.0,0.1125,exact,155.39874999999998,29.25,neural,707.0,2828.0,28280.0,nan,0.0,0.0,nan,,,,,,,,,,,,,,,
reviewer1_transition_dynamics_shift_smoke,reviewer1_transition_dynamics_shift_smoke,configs/reviewer1_remaining/smoke/transition_dynamics_shift.yaml,Reviewer1-transition-dynamics-shift-smoke,Reviewer1TransitionDynamicsShift-v0,Reviewer1TransitionDynamicsShift-v0,native_gymnasium_observation,same_input_crisp,11000,train,4584,,,4584,33,-2.0000000000000013,160,0.0,4584,255,0.0005228920336544523,0.016368893906474113,0,0,3,9.030838099999528,9.030838099999528,0.0,9.030838099999528,0.0,b240632d76bfe6919b44416ecd12239cbcb93cea,1.8.0,cde18190c3c8d2f5e97799ac5572ab19fe5ea4929fd0422da19b385b1d617f1e,True,3.14.3,2.11.0+cpu,2.4.3,1.3.0,3.1.0,not-installed,not-installed,0.07636718749999968,0.0,0.000115826035,3.810775291017509e-05,735.0,1.0,0.0,0.0,0.0,0.0,0.275,0.03624999999999999,0.9637499999999999,0.0,0.03624999999999999,0.05,0.19605090658856947,0.7649131254389403,0.725,0.725,0.725,0.275,44.0,0.275,exact,169.74812500000002,31.15,neural,735.0,2940.0,29400.0,nan,0.0,0.0,nan,,,,,,,,,,,,,,,
reviewer1_transition_dynamics_shift_smoke,reviewer1_transition_dynamics_shift_smoke,configs/reviewer1_remaining/smoke/transition_dynamics_shift.yaml,Reviewer1-transition-dynamics-shift-smoke,Reviewer1TransitionDynamicsShift-v0,Reviewer1TransitionDynamicsShift-v0,native_gymnasium_observation,same_input_crisp,11000,train,4744,,,4744,34,-1.9700000000000015,160,0.0,4744,265,0.0005659471930623525,0.016368893906474113,0,0,3,9.27233310000156,9.27233310000156,0.0,9.27233310000156,0.0,b240632d76bfe6919b44416ecd12239cbcb93cea,1.8.0,cde18190c3c8d2f5e97799ac5572ab19fe5ea4929fd0422da19b385b1d617f1e,True,3.14.3,2.11.0+cpu,2.4.3,1.3.0,3.1.0,not-installed,not-installed,0.07394881170018237,0.0,0.00012518486,0.000495441663266579,770.0,1.0,0.0,0.0,0.0,0.0,0.0875,0.04562499999999999,0.954375,0.0,0.04562499999999999,0.0,0.12648730181326145,0.5341109954093206,0.9125,0.9125,0.9125,0.0875,14.0,0.0875,exact,166.74812500000002,26.450000000000003,neural,770.0,3080.0,30800.0,nan,0.0,0.0,nan,,,,,,,,,,,,,,,
reviewer1_transition_dynamics_shift_smoke,reviewer1_transition_dynamics_shift_smoke,configs/reviewer1_remaining/smoke/transition_dynamics_shift.yaml,Reviewer1-transition-dynamics-shift-smoke,Reviewer1TransitionDynamicsShift-v0,Reviewer1TransitionDynamicsShift-v0,native_gymnasium_observation,same_input_crisp,11000,train,4904,,,4904,35,-1.9500000000000015,160,0.0,4904,275,0.0006061764988870974,0.016368893906474113,0,0,3,9.577547900000354,9.577547900000354,0.0,9.577547900000354,0.0,b240632d76bfe6919b44416ecd12239cbcb93cea,1.8.0,cde18190c3c8d2f5e97799ac5572ab19fe5ea4929fd0422da19b385b1d617f1e,True,3.14.3,2.11.0+cpu,2.4.3,1.3.0,3.1.0,not-installed,not-installed,0.07235701906412424,0.0,8.2817285e-05,6.285252390343816e-05,799.0,1.0,0.0,0.0,0.0,0.0,0.16875,0.041562499999999995,0.9584374999999999,0.0,0.041562499999999995,0.0,0.1327953863806454,0.5408910337070605,0.83125,0.83125,0.83125,0.16875,27.0,0.16875,exact,142.62125,27.25,neural,799.0,3196.0,31960.0,nan,0.0,0.0,nan,,,,,,,,,,,,,,,
reviewer1_transition_dynamics_shift_smoke,reviewer1_transition_dynamics_shift_smoke,configs/reviewer1_remaining/smoke/transition_dynamics_shift.yaml,Reviewer1-transition-dynamics-shift-smoke,Reviewer1TransitionDynamicsShift-v0,Reviewer1TransitionDynamicsShift-v0,native_gymnasium_observation,same_input_crisp,11000,train,4908,,,4908,36,0.96,4,1.0,4908,275,0.0006061764988870974,0.016368893906474113,0,0,3,9.58235589999822,9.58235589999822,0.0,9.58235589999822,0.0,b240632d76bfe6919b44416ecd12239cbcb93cea,1.8.0,cde18190c3c8d2f5e97799ac5572ab19fe5ea4929fd0422da19b385b1d617f1e,True,3.14.3,2.11.0+cpu,2.4.3,1.3.0,3.1.0,not-installed,not-installed,0.07235701906412424,0.0,0.03383478,0.05125728847793642,799.0,0.0,0.0,0.0,0.0,1.0,0.0,0.05,0.95,0.0,0.05,0.0,0.3296799539643607,0.6121020300517999,1.0,1.0,1.0,0.0,0.0,0.0,exact,20.025,20.15,neural,799.0,3196.0,31960.0,nan,0.0,0.0,nan,,,,,,,,,,,,,,,
reviewer1_transition_dynamics_shift_smoke,reviewer1_transition_dynamics_shift_smoke,configs/reviewer1_remaining/smoke/transition_dynamics_shift.yaml,Reviewer1-transition-dynamics-shift-smoke,Reviewer1TransitionDynamicsShift-v0,Reviewer1TransitionDynamicsShift-v0,native_gymnasium_observation,same_input_crisp,11000,train,4909,,,4909,37,1.0,1,1.0,4909,275,0.0006061764988870974,0.016368893906474113,0,0,3,9.584629899996798,9.584629899996798,0.0,9.584629899996798,0.0,b240632d76bfe6919b44416ecd12239cbcb93cea,1.8.0,cde18190c3c8d2f5e97799ac5572ab19fe5ea4929fd0422da19b385b1d617f1e,True,3.14.3,2.11.0+cpu,2.4.3,1.3.0,3.1.0,not-installed,not-installed,0.07235701906412424,0.0,0.08214304,0.10328729464482062,799.0,0.0,0.0,0.0,0.0,1.0,0.0,0.05,0.95,0.0,0.05,0.0,0.3296799539643607,0.6121020300517999,1.0,1.0,1.0,0.0,0.0,0.0,exact,15.2,15.2,neural,799.0,3196.0,31960.0,nan,0.0,0.0,nan,,,,,,,,,,,,,,,
reviewer1_transition_dynamics_shift_smoke,reviewer1_transition_dynamics_shift_smoke,configs/reviewer1_remaining/smoke/transition_dynamics_shift.yaml,Reviewer1-transition-dynamics-shift-smoke,Reviewer1TransitionDynamicsShift-v0,Reviewer1TransitionDynamicsShift-v0,native_gymnasium_observation,same_input_crisp,11000,train,5016,,,5016,38,-0.2900000000000009,107,1.0,5016,282,0.0006491793367702305,0.016368893906474113,0,0,3,9.79095000000234,9.79095000000234,0.0,9.79095000000234,0.0,b240632d76bfe6919b44416ecd12239cbcb93cea,1.8.0,cde18190c3c8d2f5e97799ac5572ab19fe5ea4929fd0422da19b385b1d617f1e,True,3.14.3,2.11.0+cpu,2.4.3,1.3.0,3.1.0,not-installed,not-installed,0.07089552238805909,0.0,0.050453406,0.04955963287689876,822.0,0.0,0.0,0.0,0.0,1.0,0.12149532710280374,0.043925233644859805,0.95607476635514,0.0,0.043925233644859805,0.0,0.1069397144842398,0.6466753798233618,0.8785046728971962,0.8785046728971962,0.8785046728971962,0.12149532710280374,13.0,0.12149532710280374,exact,181.60186915887846,28.3,neural,822.0,3288.0,32880.0,nan,0.0,0.0,nan,,,,,,,,,,,,,,,
reviewer1_transition_dynamics_shift_smoke,reviewer1_transition_dynamics_shift_smoke,configs/reviewer1_remaining/smoke/transition_dynamics_shift.yaml,Reviewer1-transition-dynamics-shift-smoke,Reviewer1TransitionDynamicsShift-v0,Reviewer1TransitionDynamicsShift-v0,native_gymnasium_observation,same_input_crisp,11000,train,5152,,,5152,39,-0.8700000000000014,136,1.0,5152,291,0.0006307739021304172,0.016368893906474113,0,0,3,9.986941600000137,9.986941600000137,0.0,9.986941600000137,0.0,b240632d76bfe6919b44416ecd12239cbcb93cea,1.8.0,cde18190c3c8d2f5e97799ac5572ab19fe5ea4929fd0422da19b385b1d617f1e,True,3.14.3,2.11.0+cpu,2.4.3,1.3.0,3.1.0,not-installed,not-installed,0.0748043818466347,0.0,0.050133955,0.0517091000223828,841.0,0.0,0.0,0.0,0.0,1.0,0.25735294117647056,0.11654411764705884,0.8834558823529413,0.0,0.11654411764705884,0.05,0.23733841331788136,0.4851691042999595,0.7426470588235294,0.7426470588235294,0.7426470588235294,0.25735294117647056,35.0,0.25735294117647056,exact,194.1330882352941,24.85,neural,841.0,3364.0,33640.0,nan,0.0,0.0,nan,,,,,,,,,,,,,,,
reviewer1_transition_dynamics_shift_smoke,reviewer1_transition_dynamics_shift_smoke,configs/reviewer1_remaining/smoke/transition_dynamics_shift.yaml,Reviewer1-transition-dynamics-shift-smoke,Reviewer1TransitionDynamicsShift-v0,Reviewer1TransitionDynamicsShift-v0,native_gymnasium_observation,same_input_crisp,11000,train,5205,,,5205,40,0.33999999999999964,53,1.0,5205,294,0.0006246817486492725,0.016368893906474113,0,0,3,10.09136739999667,10.09136739999667,0.0,10.09136739999667,0.0,b240632d76bfe6919b44416ecd12239cbcb93cea,1.8.0,cde18190c3c8d2f5e97799ac5572ab19fe5ea4929fd0422da19b385b1d617f1e,True,3.14.3,2.11.0+cpu,2.4.3,1.3.0,3.1.0,not-installed,not-installed,0.07407692307692239,0.0,0.053447556,0.055470221425227784,863.0,0.0,0.0,0.0,0.0,1.0,0.4339622641509434,0.02830188679245283,0.9716981132075472,0.0,0.02830188679245283,0.05,0.057772627884011434,0.7436428504150451,0.5660377358490566,0.5660377358490566,0.5660377358490566,0.4339622641509434,23.0,0.4339622641509434,exact,161.42075471698112,27.3,neural,863.0,3452.0,34520.0,nan,0.0,0.0,nan,,,,,,,,,,,,,,,
reviewer1_transition_dynamics_shift_smoke,reviewer1_transition_dynamics_shift_smoke,configs/reviewer1_remaining/smoke/transition_dynamics_shift.yaml,Reviewer1-transition-dynamics-shift-smoke,Reviewer1TransitionDynamicsShift-v0,Reviewer1TransitionDynamicsShift-v0,native_gymnasium_observation,same_input_crisp,11000,train,5365,,,5365,41,-2.0400000000000005,160,0.0,5365,304,0.0006575128331860469,0.016368893906474113,0,0,3,10.38947719999851,10.38947719999851,0.0,10.38947719999851,0.0,b240632d76bfe6919b44416ecd12239cbcb93cea,1.8.0,cde18190c3c8d2f5e97799ac5572ab19fe5ea4929fd0422da19b385b1d617f1e,True,3.14.3,2.11.0+cpu,2.4.3,1.3.0,3.1.0,not-installed,not-installed,0.07211815561959574,0.0,0.000114158574,0.00013703211083714102,887.0,1.0,0.0,0.0,0.0,0.0,0.21875,0.0390625,0.9609375,0.0,0.0390625,0.0,0.19827442352227184,0.5445380203600806,0.78125,0.78125,0.78125,0.21875,35.0,0.21875,exact,196.130625,27.1,neural,887.0,3548.0,35480.0,nan,0.0,0.0,nan,,,,,,,,,,,,,,,
reviewer1_transition_dynamics_shift_smoke,reviewer1_transition_dynamics_shift_smoke,configs/reviewer1_remaining/smoke/transition_dynamics_shift.yaml,Reviewer1-transition-dynamics-shift-smoke,Reviewer1TransitionDynamicsShift-v0,Reviewer1TransitionDynamicsShift-v0,native_gymnasium_observation,same_input_crisp,11000,train,5405,,,5405,42,0.5999999999999999,40,1.0,5405,306,0.0006538430257410106,0.016368893906474113,0,0,3,10.432568700001866,10.432568700001866,0.0,10.432568700001866,0.0,b240632d76bfe6919b44416ecd12239cbcb93cea,1.8.0,cde18190c3c8d2f5e97799ac5572ab19fe5ea4929fd0422da19b385b1d617f1e,True,3.14.3,2.11.0+cpu,2.4.3,1.3.0,3.1.0,not-installed,not-installed,0.0716833095577738,0.0,0.05008816,0.05225258659359482,899.0,0.0,0.0,0.0,0.0,1.0,0.4,0.03,0.97,0.0,0.03,0.05,0.053335328086836095,0.3789684943322521,0.6,0.6,0.6,0.4,16.0,0.4,exact,130.47,19.85,neural,899.0,3596.0,35960.0,nan,0.0,0.0,nan,,,,,,,,,,,,,,,
reviewer1_transition_dynamics_shift_smoke,reviewer1_transition_dynamics_shift_smoke,configs/reviewer1_remaining/smoke/transition_dynamics_shift.yaml,Reviewer1-transition-dynamics-shift-smoke,Reviewer1TransitionDynamicsShift-v0,Reviewer1TransitionDynamicsShift-v0,native_gymnasium_observation,same_input_crisp,11000,train,5565,,,5565,43,-1.9900000000000015,160,0.0,5565,316,0.0006360157263149136,0.016368893906474113,0,0,3,10.808679800000391,10.808679800000391,0.0,10.808679800000391,0.0,b240632d76bfe6919b44416ecd12239cbcb93cea,1.8.0,cde18190c3c8d2f5e97799ac5572ab19fe5ea4929fd0422da19b385b1d617f1e,True,3.14.3,2.11.0+cpu,2.4.3,1.3.0,3.1.0,not-installed,not-installed,0.0770414993306551,0.0,0.00013317031,0.00021149520364351128,927.0,1.0,0.0,0.0,0.0,0.0,0.1625,0.21624999999999997,0.7837500000000001,0.0,0.21624999999999997,0.0,0.22652796594720118,0.785520998011741,0.8375,0.8375,0.8375,0.1625,26.0,0.1625,exact,210.86125,28.6,neural,927.0,3708.0,37080.0,nan,0.0,0.0,nan,,,,,,,,,,,,,,,
reviewer1_transition_dynamics_shift_smoke,reviewer1_transition_dynamics_shift_smoke,configs/reviewer1_remaining/smoke/transition_dynamics_shift.yaml,Reviewer1-transition-dynamics-shift-smoke,Reviewer1TransitionDynamicsShift-v0,Reviewer1TransitionDynamicsShift-v0,native_gymnasium_observation,same_input_crisp,11000,train,5725,,,5725,44,-2.1600000000000006,160,0.0,5725,326,0.0006654896169939818,0.016368893906474113,0,0,3,11.122296599998663,11.122296599998663,0.0,11.122296599998663,0.0,b240632d76bfe6919b44416ecd12239cbcb93cea,1.8.0,cde18190c3c8d2f5e97799ac5572ab19fe5ea4929fd0422da19b385b1d617f1e,True,3.14.3,2.11.0+cpu,2.4.3,1.3.0,3.1.0,not-installed,not-installed,0.07474683544303705,0.0,0.00016137765,0.00011529922914250404,963.0,1.0,0.0,0.0,0.0,0.0,0.2875,0.035625,0.9643749999999999,0.0,0.035625,0.05,0.17049462253153763,0.7298499102249775,0.7125,0.7125,0.7125,0.2875,46.0,0.2875,exact,202.11812500000002,27.45,neural,963.0,3852.0,38520.0,nan,0.0,0.0,nan,,,,,,,,,,,,,,,
reviewer1_transition_dynamics_shift_smoke,reviewer1_transition_dynamics_shift_smoke,configs/reviewer1_remaining/smoke/transition_dynamics_shift.yaml,Reviewer1-transition-dynamics-shift-smoke,Reviewer1TransitionDynamicsShift-v0,Reviewer1TransitionDynamicsShift-v0,native_gymnasium_observation,same_input_crisp,11000,train,5885,,,5885,45,-1.9000000000000015,160,0.0,5885,336,0.000696763547542408,0.016368893906474113,0,0,3,11.420848199995817,11.420848199995817,0.0,11.420848199995817,0.0,b240632d76bfe6919b44416ecd12239cbcb93cea,1.8.0,cde18190c3c8d2f5e97799ac5572ab19fe5ea4929fd0422da19b385b1d617f1e,True,3.14.3,2.11.0+cpu,2.4.3,1.3.0,3.1.0,not-installed,not-installed,0.07541966426858414,0.0,9.393443e-05,0.000393672991602219,981.0,1.0,0.0,0.0,0.0,0.0,0.05,0.086875,0.9131250000000002,0.0,0.086875,0.0,0.2321503793182636,0.7862521738517502,0.95,0.95,0.95,0.05,8.0,0.05,exact,199.339375,27.049999999999997,neural,981.0,3924.0,39240.0,nan,0.0,0.0,nan,,,,,,,,,,,,,,,
reviewer1_transition_dynamics_shift_smoke,reviewer1_transition_dynamics_shift_smoke,configs/reviewer1_remaining/smoke/transition_dynamics_shift.yaml,Reviewer1-transition-dynamics-shift-smoke,Reviewer1TransitionDynamicsShift-v0,Reviewer1TransitionDynamicsShift-v0,native_gymnasium_observation,same_input_crisp,11000,train,5975,,,5975,46,-0.2600000000000007,90,1.0,5975,342,0.0006864497141971468,0.016368893906474113,0,0,3,11.558440699998755,11.558440699998755,0.0,11.558440699998755,0.0,b240632d76bfe6919b44416ecd12239cbcb93cea,1.8.0,cde18190c3c8d2f5e97799ac5572ab19fe5ea4929fd0422da19b385b1d617f1e,True,3.14.3,2.11.0+cpu,2.4.3,1.3.0,3.1.0,not-installed,not-installed,0.0745614035087709,0.0,0.050128996,0.057768533528767596,997.0,0.0,0.0,0.0,0.0,1.0,0.2222222222222222,0.03888888888888888,0.9611111111111111,0.0,0.03888888888888888,0.0,0.14464498843496126,0.6619936572158445,0.7777777777777778,0.7777777777777778,0.7777777777777778,0.2222222222222222,20.0,0.2222222222222222,exact,155.23555555555552,25.35,neural,997.0,3988.0,39880.0,nan,0.0,0.0,nan,,,,,,,,,,,,,,,
reviewer1_transition_dynamics_shift_smoke,reviewer1_transition_dynamics_shift_smoke,configs/reviewer1_remaining/smoke/transition_dynamics_shift.yaml,Reviewer1-transition-dynamics-shift-smoke,Reviewer1TransitionDynamicsShift-v0,Reviewer1TransitionDynamicsShift-v0,native_gymnasium_observation,same_input_crisp,11000,eval,6000,6000,-1.6000000000000012,6000,1,-1.6000000000000012,160,0.0,6000,344,0.0007345128495132464,0.017819559201598167,0,1,3,12.638030900001468,11.620500099998026,1.017530800003442,11.620500099998026,1.017530800003442,b240632d76bfe6919b44416ecd12239cbcb93cea,1.8.0,cde18190c3c8d2f5e97799ac5572ab19fe5ea4929fd0422da19b385b1d617f1e,True,3.14.3,2.11.0+cpu,2.4.3,1.3.0,3.1.0,not-installed,not-installed,0.07540603248259757,0.0,0.013976966,0.016131444008340427,998.0,1.0,0.0,0.0,0.0,0.0,0.0,0.08375,0.9162500000000001,0.0,0.08375,0.0,0.2887300704495673,0.8155530175790258,1.0,1.0,1.0,0.0,0.0,0.0,exact,690.00625,664.8,neural,998.0,3992.0,39920.0,nan,0.0,0.0,nan,nan,nan,0,3,nan,nan,nan,unavailable,unavailable,unavailable,nan,nan,0.0,none,nan
reviewer1_transition_dynamics_shift_smoke,reviewer1_transition_dynamics_shift_smoke,configs/reviewer1_remaining/smoke/transition_dynamics_shift.yaml,Reviewer1-transition-dynamics-shift-smoke,Reviewer1TransitionDynamicsShift-v0,Reviewer1TransitionDynamicsShift-v0,native_gymnasium_observation,same_input_crisp,11000,eval,6000,6000,-2.0300000000000007,6000,2,-2.0300000000000007,160,0.0,6000,344,0.0007345128495132464,0.017819559201598167,0,1,3,12.638729599995713,11.621198799992271,1.017530800003442,11.621198799992271,1.017530800003442,b240632d76bfe6919b44416ecd12239cbcb93cea,1.8.0,cde18190c3c8d2f5e97799ac5572ab19fe5ea4929fd0422da19b385b1d617f1e,True,3.14.3,2.11.0+cpu,2.4.3,1.3.0,3.1.0,not-installed,not-installed,0.07540603248259757,0.0,0.013976966,0.016131444008340427,998.0,1.0,0.0,0.0,0.0,0.0,1.0,0.0,1.0,0.0,0.0,0.0,0.0,0.8016656315945279,0.0,0.0,0.0,1.0,160.0,1.0,support-boundary collapse,660.491875,642.4,neural,998.0,3992.0,39920.0,nan,0.0,0.0,nan,nan,nan,1,0,nan,nan,nan,unavailable,unavailable,unavailable,nan,nan,0.0,none,nan
reviewer1_transition_dynamics_shift_smoke,reviewer1_transition_dynamics_shift_smoke,configs/reviewer1_remaining/smoke/transition_dynamics_shift.yaml,Reviewer1-transition-dynamics-shift-smoke,Reviewer1TransitionDynamicsShift-v0,Reviewer1TransitionDynamicsShift-v0,native_gymnasium_observation,same_input_crisp,11000,eval,6000,6000,-1.6100000000000012,6000,3,-1.6100000000000012,160,0.0,6000,344,0.0007345128495132464,0.017819559201598167,0,1,3,12.639084499998717,11.621553699995275,1.017530800003442,11.621553699995275,1.017530800003442,b240632d76bfe6919b44416ecd12239cbcb93cea,1.8.0,cde18190c3c8d2f5e97799ac5572ab19fe5ea4929fd0422da19b385b1d617f1e,True,3.14.3,2.11.0+cpu,2.4.3,1.3.0,3.1.0,not-installed,not-installed,0.07540603248259757,0.0,0.013976966,0.016131444008340427,998.0,1.0,0.0,0.0,0.0,0.0,1.0,0.0,1.0,0.0,0.0,0.0,0.0,0.8887401507653461,0.0,0.0,0.0,1.0,160.0,1.0,support-boundary collapse,673.358125,648.45,neural,998.0,3992.0,39920.0,nan,0.0,0.0,nan,nan,nan,1,2,nan,nan,nan,unavailable,unavailable,unavailable,nan,nan,0.0,none,nan
reviewer1_transition_dynamics_shift_smoke,reviewer1_transition_dynamics_shift_smoke,configs/reviewer1_remaining/smoke/transition_dynamics_shift.yaml,Reviewer1-transition-dynamics-shift-smoke,Reviewer1TransitionDynamicsShift-v0,Reviewer1TransitionDynamicsShift-v0,native_gymnasium_observation,same_input_crisp,11000,eval,6000,6000,-3.030000000000001,6000,4,-3.030000000000001,160,0.0,6000,344,0.0007345128495132464,0.017819559201598167,0,1,3,12.639367099996889,11.621836299993447,1.017530800003442,11.621836299993447,1.017530800003442,b240632d76bfe6919b44416ecd12239cbcb93cea,1.8.0,cde18190c3c8d2f5e97799ac5572ab19fe5ea4929fd0422da19b385b1d617f1e,True,3.14.3,2.11.0+cpu,2.4.3,1.3.0,3.1.0,not-installed,not-installed,0.07540603248259757,0.0,0.013976966,0.016131444008340427,998.0,1.0,0.0,0.0,0.0,0.0,1.0,0.0,1.0,0.0,0.0,0.0,0.0,0.9331925075502093,0.0,0.0,0.0,1.0,160.0,1.0,support-boundary collapse,709.7562500000001,695.2,neural,998.0,3992.0,39920.0,nan,0.0,0.0,nan,nan,nan,0,3,nan,nan,nan,unavailable,unavailable,unavailable,nan,nan,0.0,none,nan
reviewer1_transition_dynamics_shift_smoke,reviewer1_transition_dynamics_shift_smoke,configs/reviewer1_remaining/smoke/transition_dynamics_shift.yaml,Reviewer1-transition-dynamics-shift-smoke,Reviewer1TransitionDynamicsShift-v0,Reviewer1TransitionDynamicsShift-v0,native_gymnasium_observation,same_input_crisp,11000,train,6135,,,6135,47,-1.9200000000000015,160,0.0,6135,352,0.0007192921638906311,0.017819559201598167,0,1,3,12.857832699999562,11.84030189999612,1.017530800003442,11.84030189999612,1.017530800003442,b240632d76bfe6919b44416ecd12239cbcb93cea,1.8.0,cde18190c3c8d2f5e97799ac5572ab19fe5ea4929fd0422da19b385b1d617f1e,True,3.14.3,2.11.0+cpu,2.4.3,1.3.0,3.1.0,not-installed,not-installed,0.07419533851276248,0.0,0.00010422086,6.20430825205685e-05,1004.0,1.0,0.0,0.0,0.0,0.0,0.0375,0.07062500000000001,0.929375,0.0,0.07062500000000001,0.0,0.2569369810679782,0.7503690270702774,0.9625,0.9625,0.9625,0.0375,6.0,0.0375,exact,201.56750000000002,26.9,neural,1004.0,4016.0,40160.0,nan,0.0,0.0,nan,,,,,,,,,,,,,,,
reviewer1_transition_dynamics_shift_smoke,reviewer1_transition_dynamics_shift_smoke,configs/reviewer1_remaining/smoke/transition_dynamics_shift.yaml,Reviewer1-transition-dynamics-shift-smoke,Reviewer1TransitionDynamicsShift-v0,Reviewer1TransitionDynamicsShift-v0,native_gymnasium_observation,same_input_crisp,11000,train,6275,,,6275,48,-0.8100000000000014,140,1.0,6275,361,0.0007022165346192841,0.017819559201598167,0,1,3,13.056841999998142,12.0393111999947,1.017530800003442,12.0393111999947,1.017530800003442,b240632d76bfe6919b44416ecd12239cbcb93cea,1.8.0,cde18190c3c8d2f5e97799ac5572ab19fe5ea4929fd0422da19b385b1d617f1e,True,3.14.3,2.11.0+cpu,2.4.3,1.3.0,3.1.0,not-installed,not-installed,0.07267379679144272,0.0,0.05012019,0.04970586571968594,1038.0,0.0,0.0,0.0,0.0,1.0,0.25,0.03749999999999999,0.9625,0.0,0.03749999999999999,0.012499999999999997,0.1382170194827472,0.6499520097709602,0.75,0.75,0.75,0.25,35.0,0.25,exact,165.84214285714287,23.5,neural,1038.0,4152.0,41520.0,nan,0.0,0.0,nan,,,,,,,,,,,,,,,
reviewer1_transition_dynamics_shift_smoke,reviewer1_transition_dynamics_shift_smoke,configs/reviewer1_remaining/smoke/transition_dynamics_shift.yaml,Reviewer1-transition-dynamics-shift-smoke,Reviewer1TransitionDynamicsShift-v0,Reviewer1TransitionDynamicsShift-v0,native_gymnasium_observation,same_input_crisp,11000,train,6435,,,6435,49,-2.12,160,0.0,6435,371,0.0007271327074341642,0.017819559201598167,0,1,3,13.341483199998038,12.323952399994596,1.017530800003442,12.323952399994596,1.017530800003442,b240632d76bfe6919b44416ecd12239cbcb93cea,1.8.0,cde18190c3c8d2f5e97799ac5572ab19fe5ea4929fd0422da19b385b1d617f1e,True,3.14.3,2.11.0+cpu,2.4.3,1.3.0,3.1.0,not-installed,not-installed,0.07842052313883181,0.0,0.00014708648,0.00024149084420582546,1055.0,1.0,0.0,0.0,0.0,0.0,0.0375,0.19999999999999996,0.8,0.0,0.19999999999999996,0.0,0.2713106824553528,0.5112499936998673,0.9625,0.9625,0.9625,0.0375,6.0,0.0375,exact,246.66499999999996,30.65,neural,1055.0,4220.0,42200.0,nan,0.0,0.0,nan,,,,,,,,,,,,,,,
reviewer1_transition_dynamics_shift_smoke,reviewer1_transition_dynamics_shift_smoke,configs/reviewer1_remaining/smoke/transition_dynamics_shift.yaml,Reviewer1-transition-dynamics-shift-smoke,Reviewer1TransitionDynamicsShift-v0,Reviewer1TransitionDynamicsShift-v0,native_gymnasium_observation,same_input_crisp,11000,train,6595,,,6595,50,-2.1499999999999995,160,0.0,6595,381,0.00079447521932461,0.017819559201598167,0,1,3,13.63968809999642,12.622157299992978,1.017530800003442,12.622157299992978,1.017530800003442,b240632d76bfe6919b44416ecd12239cbcb93cea,1.8.0,cde18190c3c8d2f5e97799ac5572ab19fe5ea4929fd0422da19b385b1d617f1e,True,3.14.3,2.11.0+cpu,2.4.3,1.3.0,3.1.0,not-installed,not-installed,0.07690453230472394,0.0,0.00011592411,0.00045158695933900106,1082.0,1.0,0.0,0.0,0.0,0.0,0.16875,0.041562499999999995,0.9584374999999998,0.0,0.041562499999999995,0.0,0.19735107781826894,0.553452241044797,0.83125,0.83125,0.83125,0.16875,27.0,0.16875,exact,187.99,25.6,neural,1082.0,4328.0,43280.0,nan,0.0,0.0,nan,,,,,,,,,,,,,,,
reviewer1_transition_dynamics_shift_smoke,reviewer1_transition_dynamics_shift_smoke,configs/reviewer1_remaining/smoke/transition_dynamics_shift.yaml,Reviewer1-transition-dynamics-shift-smoke,Reviewer1TransitionDynamicsShift-v0,Reviewer1TransitionDynamicsShift-v0,native_gymnasium_observation,same_input_crisp,11000,train,6642,,,6642,51,0.4199999999999997,47,1.0,6642,384,0.0007895442384627435,0.017819559201598167,0,1,3,13.704306200001156,12.686775399997714,1.017530800003442,12.686775399997714,1.017530800003442,b240632d76bfe6919b44416ecd12239cbcb93cea,1.8.0,cde18190c3c8d2f5e97799ac5572ab19fe5ea4929fd0422da19b385b1d617f1e,True,3.14.3,2.11.0+cpu,2.4.3,1.3.0,3.1.0,not-installed,not-installed,0.07630579297245839,0.0,0.0501053,0.04884122546613379,1095.0,0.0,0.0,0.0,0.0,1.0,0.3191489361702128,0.03404255319148936,0.9659574468085106,0.0,0.03404255319148936,0.05,0.1213586958170881,0.3778258264737575,0.6808510638297872,0.6808510638297872,0.6808510638297872,0.3191489361702128,15.0,0.3191489361702128,exact,221.2,26.9,neural,1095.0,4380.0,43800.0,nan,0.0,0.0,nan,,,,,,,,,,,,,,,
reviewer1_transition_dynamics_shift_smoke,reviewer1_transition_dynamics_shift_smoke,configs/reviewer1_remaining/smoke/transition_dynamics_shift.yaml,Reviewer1-transition-dynamics-shift-smoke,Reviewer1TransitionDynamicsShift-v0,Reviewer1TransitionDynamicsShift-v0,native_gymnasium_observation,same_input_crisp,11000,train,6802,,,6802,52,-1.9700000000000015,160,0.0,6802,394,0.0007715796026265157,0.017819559201598167,0,1,3,14.029011400001764,13.011480599998322,1.017530800003442,13.011480599998322,1.017530800003442,b240632d76bfe6919b44416ecd12239cbcb93cea,1.8.0,cde18190c3c8d2f5e97799ac5572ab19fe5ea4929fd0422da19b385b1d617f1e,True,3.14.3,2.11.0+cpu,2.4.3,1.3.0,3.1.0,not-installed,not-installed,0.07558876811594073,0.0,0.00010164291,0.0001812800431850072,1115.0,1.0,0.0,0.0,0.0,0.0,0.125,0.07749999999999999,0.9225,0.0,0.07749999999999999,0.0,0.2143023085202155,0.7615471033095368,0.875,0.875,0.875,0.125,20.0,0.125,exact,223.800625,30.2,neural,1115.0,4460.0,44600.0,nan,0.0,0.0,nan,,,,,,,,,,,,,,,
reviewer1_transition_dynamics_shift_smoke,reviewer1_transition_dynamics_shift_smoke,configs/reviewer1_remaining/smoke/transition_dynamics_shift.yaml,Reviewer1-transition-dynamics-shift-smoke,Reviewer1TransitionDynamicsShift-v0,Reviewer1TransitionDynamicsShift-v0,native_gymnasium_observation,same_input_crisp,11000,train,6962,,,6962,53,-1.9700000000000015,160,0.0,6962,404,0.0007931884463165026,0.017819559201598167,0,1,3,14.409090100001777,13.391559299998335,1.017530800003442,13.391559299998335,1.017530800003442,b240632d76bfe6919b44416ecd12239cbcb93cea,1.8.0,cde18190c3c8d2f5e97799ac5572ab19fe5ea4929fd0422da19b385b1d617f1e,True,3.14.3,2.11.0+cpu,2.4.3,1.3.0,3.1.0,not-installed,not-installed,0.07835497835497701,0.0,0.00014472581,0.0002006843657110276,1119.0,1.0,0.0,0.0,0.0,0.0,0.0,0.145625,0.8543749999999999,0.0,0.145625,0.0,0.3301517071205554,0.6154815585652675,1.0,1.0,1.0,0.0,0.0,0.0,exact,246.07874999999999,30.0,neural,1119.0,4476.0,44760.0,nan,0.0,0.0,nan,,,,,,,,,,,,,,,
reviewer1_transition_dynamics_shift_smoke,reviewer1_transition_dynamics_shift_smoke,configs/reviewer1_remaining/smoke/transition_dynamics_shift.yaml,Reviewer1-transition-dynamics-shift-smoke,Reviewer1TransitionDynamicsShift-v0,Reviewer1TransitionDynamicsShift-v0,native_gymnasium_observation,same_input_crisp,11000,train,7063,,,7063,54,-0.2700000000000007,101,1.0,7063,410,0.00078367443972483,0.017819559201598167,0,1,3,14.646435700000438,13.628904899996996,1.017530800003442,13.628904899996996,1.017530800003442,b240632d76bfe6919b44416ecd12239cbcb93cea,1.8.0,cde18190c3c8d2f5e97799ac5572ab19fe5ea4929fd0422da19b385b1d617f1e,True,3.14.3,2.11.0+cpu,2.4.3,1.3.0,3.1.0,not-installed,not-installed,0.07740709459459323,0.0,0.050128028,0.05120790466309015,1141.0,0.0,0.0,0.0,0.0,1.0,0.2079207920792079,0.0396039603960396,0.9603960396039602,0.0,0.0396039603960396,0.0,0.17602358144937655,0.4829876769780305,0.7920792079207921,0.7920792079207921,0.7920792079207921,0.2079207920792079,21.0,0.2079207920792079,exact,209.77821782178216,29.6,neural,1141.0,4564.0,45640.0,nan,0.0,0.0,nan,,,,,,,,,,,,,,,
reviewer1_transition_dynamics_shift_smoke,reviewer1_transition_dynamics_shift_smoke,configs/reviewer1_remaining/smoke/transition_dynamics_shift.yaml,Reviewer1-transition-dynamics-shift-smoke,Reviewer1TransitionDynamicsShift-v0,Reviewer1TransitionDynamicsShift-v0,native_gymnasium_observation,same_input_crisp,11000,train,7089,,,7089,55,0.69,26,1.0,7089,412,0.0007801117814063757,0.017819559201598167,0,1,3,14.690558399997826,13.673027599994384,1.017530800003442,13.673027599994384,1.017530800003442,b240632d76bfe6919b44416ecd12239cbcb93cea,1.8.0,cde18190c3c8d2f5e97799ac5572ab19fe5ea4929fd0422da19b385b1d617f1e,True,3.14.3,2.11.0+cpu,2.4.3,1.3.0,3.1.0,not-installed,not-installed,0.07726890756302383,0.0,0.06329193,0.06272771977560321,1142.0,0.0,0.0,0.0,0.0,1.0,0.038461538461538464,0.04807692307692309,0.9519230769230768,0.0,0.04807692307692309,0.0,0.26445699493343067,0.6411611876227566,0.9615384615384616,0.9615384615384616,0.9615384615384616,0.038461538461538464,1.0,0.038461538461538464,exact,190.3,26.950000000000003,neural,1142.0,4568.0,45680.0,nan,0.0,0.0,nan,,,,,,,,,,,,,,,
reviewer1_transition_dynamics_shift_smoke,reviewer1_transition_dynamics_shift_smoke,configs/reviewer1_remaining/smoke/transition_dynamics_shift.yaml,Reviewer1-transition-dynamics-shift-smoke,Reviewer1TransitionDynamicsShift-v0,Reviewer1TransitionDynamicsShift-v0,native_gymnasium_observation,same_input_crisp,11000,train,7249,,,7249,56,-2.2199999999999998,160,0.0,7249,422,0.000831953014247947,0.017819559201598167,0,1,3,15.038998800002446,14.021467999999004,1.017530800003442,14.021467999999004,1.017530800003442,b240632d76bfe6919b44416ecd12239cbcb93cea,1.8.0,cde18190c3c8d2f5e97799ac5572ab19fe5ea4929fd0422da19b385b1d617f1e,True,3.14.3,2.11.0+cpu,2.4.3,1.3.0,3.1.0,not-installed,not-installed,0.07680161943319697,0.0,0.00015179739,0.00015364975818039277,1159.0,1.0,0.0,0.0,0.0,0.0,0.14375,0.048437499999999994,0.9515625,0.0,0.048437499999999994,0.0,0.19287859713926245,0.7907440710576208,0.85625,0.85625,0.85625,0.14375,23.0,0.14375,exact,203.67375,29.7,neural,1159.0,4636.0,46360.0,nan,0.0,0.0,nan,,,,,,,,,,,,,,,
reviewer1_transition_dynamics_shift_smoke,reviewer1_transition_dynamics_shift_smoke,configs/reviewer1_remaining/smoke/transition_dynamics_shift.yaml,Reviewer1-transition-dynamics-shift-smoke,Reviewer1TransitionDynamicsShift-v0,Reviewer1TransitionDynamicsShift-v0,native_gymnasium_observation,same_input_crisp,11000,train,7409,,,7409,57,-2.0500000000000007,160,0.0,7409,432,0.0008145728759666747,0.017819559201598167,0,1,3,15.388811899996654,14.371281099993212,1.017530800003442,14.371281099993212,1.017530800003442,b240632d76bfe6919b44416ecd12239cbcb93cea,1.8.0,cde18190c3c8d2f5e97799ac5572ab19fe5ea4929fd0422da19b385b1d617f1e,True,3.14.3,2.11.0+cpu,2.4.3,1.3.0,3.1.0,not-installed,not-installed,0.08243243243243101,0.0,0.000104097424,0.00031325783556684965,1164.0,1.0,0.0,0.0,0.0,0.0,0.0125,0.25187499999999996,0.748125,0.0,0.25187499999999996,0.0,0.3322748080133916,0.6734214123185553,0.9875,0.9875,0.9875,0.0125,2.0,0.0125,exact,267.11,31.8,neural,1164.0,4656.0,46560.0,nan,0.0,0.0,nan,,,,,,,,,,,,,,,
reviewer1_transition_dynamics_shift_smoke,reviewer1_transition_dynamics_shift_smoke,configs/reviewer1_remaining/smoke/transition_dynamics_shift.yaml,Reviewer1-transition-dynamics-shift-smoke,Reviewer1TransitionDynamicsShift-v0,Reviewer1TransitionDynamicsShift-v0,native_gymnasium_observation,same_input_crisp,11000,train,7569,,,7569,58,-1.9200000000000015,160,0.0,7569,442,0.0008983462034292771,0.017819559201598167,0,1,3,15.710282100000768,14.692751299997326,1.017530800003442,14.692751299997326,1.017530800003442,b240632d76bfe6919b44416ecd12239cbcb93cea,1.8.0,cde18190c3c8d2f5e97799ac5572ab19fe5ea4929fd0422da19b385b1d617f1e,True,3.14.3,2.11.0+cpu,2.4.3,1.3.0,3.1.0,not-installed,not-installed,0.09292035398229948,0.0,9.63212e-05,0.0007892530049325839,1170.0,1.0,0.0,0.0,0.0,0.0,0.00625,0.22406249999999997,0.7759375000000001,0.0,0.22406249999999997,0.0,0.314976574824793,0.7365998312061282,0.99375,0.99375,0.99375,0.00625,1.0,0.00625,exact,299.353125,38.45,neural,1170.0,4680.0,46800.0,nan,0.0,0.0,nan,,,,,,,,,,,,,,,
reviewer1_transition_dynamics_shift_smoke,reviewer1_transition_dynamics_shift_smoke,configs/reviewer1_remaining/smoke/transition_dynamics_shift.yaml,Reviewer1-transition-dynamics-shift-smoke,Reviewer1TransitionDynamicsShift-v0,Reviewer1TransitionDynamicsShift-v0,native_gymnasium_observation,same_input_crisp,11000,train,7606,,,7606,59,0.5099999999999998,37,1.0,7606,444,0.0008951366062934245,0.017819559201598167,0,1,3,15.774878999996872,14.75734819999343,1.017530800003442,14.75734819999343,1.017530800003442,b240632d76bfe6919b44416ecd12239cbcb93cea,1.8.0,cde18190c3c8d2f5e97799ac5572ab19fe5ea4929fd0422da19b385b1d617f1e,True,3.14.3,2.11.0+cpu,2.4.3,1.3.0,3.1.0,not-installed,not-installed,0.09625454545454407,0.0,0.050514236,0.04459923165668218,1171.0,0.0,0.0,0.0,0.0,1.0,0.0,0.31756756756756765,0.6824324324324323,0.0,0.31756756756756765,0.8999999999999999,0.3841567920829094,0.37795763980370317,1.0,1.0,1.0,0.0,0.0,0.0,exact,401.0837837837838,535.5,neural,1171.0,4684.0,46840.0,nan,0.0,0.0,nan,,,,,,,,,,,,,,,
reviewer1_transition_dynamics_shift_smoke,reviewer1_transition_dynamics_shift_smoke,configs/reviewer1_remaining/smoke/transition_dynamics_shift.yaml,Reviewer1-transition-dynamics-shift-smoke,Reviewer1TransitionDynamicsShift-v0,Reviewer1TransitionDynamicsShift-v0,native_gymnasium_observation,same_input_crisp,11000,train,7766,,,7766,60,-2.139999999999999,160,0.0,7766,454,0.0008781094593800463,0.017819559201598167,0,1,3,16.147023400000762,15.12949259999732,1.017530800003442,15.12949259999732,1.017530800003442,b240632d76bfe6919b44416ecd12239cbcb93cea,1.8.0,cde18190c3c8d2f5e97799ac5572ab19fe5ea4929fd0422da19b385b1d617f1e,True,3.14.3,2.11.0+cpu,2.4.3,1.3.0,3.1.0,not-installed,not-installed,0.09975609756097456,0.0,8.112268e-05,0.0001375974105963992,1186.0,1.0,0.0,0.0,0.0,0.0,0.1625,0.22749999999999998,0.7725,0.0,0.22749999999999998,0.0,0.26039377774437183,0.6247621362714053,0.8375,0.8375,0.8375,0.1625,26.0,0.1625,exact,318.64312500000005,35.6,neural,1186.0,4744.0,47440.0,nan,0.0,0.0,nan,,,,,,,,,,,,,,,
reviewer1_transition_dynamics_shift_smoke,reviewer1_transition_dynamics_shift_smoke,configs/reviewer1_remaining/smoke/transition_dynamics_shift.yaml,Reviewer1-transition-dynamics-shift-smoke,Reviewer1TransitionDynamicsShift-v0,Reviewer1TransitionDynamicsShift-v0,native_gymnasium_observation,same_input_crisp,11000,train,7895,,,7895,61,-0.6900000000000013,129,1.0,7895,462,0.0008970854256695335,0.017819559201598167,0,1,3,16.416174099998898,15.398643299995456,1.017530800003442,15.398643299995456,1.017530800003442,b240632d76bfe6919b44416ecd12239cbcb93cea,1.8.0,cde18190c3c8d2f5e97799ac5572ab19fe5ea4929fd0422da19b385b1d617f1e,True,3.14.3,2.11.0+cpu,2.4.3,1.3.0,3.1.0,not-installed,not-installed,0.09817320703653515,0.0,0.051629324,0.044169507688412914,1203.0,0.0,0.0,0.0,0.0,1.0,0.12403100775193798,0.0437984496124031,0.9562015503875969,0.0,0.0437984496124031,0.0,0.21826600925565892,0.7209402441707771,0.875968992248062,0.875968992248062,0.875968992248062,0.12403100775193798,16.0,0.12403100775193798,exact,271.0899224806202,35.0,neural,1203.0,4812.0,48120.0,nan,0.0,0.0,nan,,,,,,,,,,,,,,,
reviewer1_transition_dynamics_shift_smoke,reviewer1_transition_dynamics_shift_smoke,configs/reviewer1_remaining/smoke/transition_dynamics_shift.yaml,Reviewer1-transition-dynamics-shift-smoke,Reviewer1TransitionDynamicsShift-v0,Reviewer1TransitionDynamicsShift-v0,native_gymnasium_observation,same_input_crisp,11000,train,8055,,,8055,62,-2.099999999999999,160,0.0,8055,472,0.0009099032520187054,0.017819559201598167,0,1,3,16.71423330000107,15.696702499997627,1.017530800003442,15.696702499997627,1.017530800003442,b240632d76bfe6919b44416ecd12239cbcb93cea,1.8.0,cde18190c3c8d2f5e97799ac5572ab19fe5ea4929fd0422da19b385b1d617f1e,True,3.14.3,2.11.0+cpu,2.4.3,1.3.0,3.1.0,not-installed,not-installed,0.10424773022049243,0.0,0.00010508427,0.0005623524854759784,1217.0,1.0,0.0,0.0,0.0,0.0,0.0375,0.25625,0.74375,0.0,0.25625,0.0,0.29388697103503253,0.403299901089291,0.9625,0.9625,0.9625,0.0375,6.0,0.0375,exact,298.84749999999997,35.05,neural,1217.0,4868.0,48680.0,nan,0.0,0.0,nan,,,,,,,,,,,,,,,
reviewer1_transition_dynamics_shift_smoke,reviewer1_transition_dynamics_shift_smoke,configs/reviewer1_remaining/smoke/transition_dynamics_shift.yaml,Reviewer1-transition-dynamics-shift-smoke,Reviewer1TransitionDynamicsShift-v0,Reviewer1TransitionDynamicsShift-v0,native_gymnasium_observation,same_input_crisp,11000,train,8215,,,8215,63,-2.1099999999999994,160,0.0,8215,482,0.0009509443660294231,0.017819559201598167,0,1,3,17.110602399996424,16.09307159999298,1.017530800003442,16.09307159999298,1.017530800003442,b240632d76bfe6919b44416ecd12239cbcb93cea,1.8.0,cde18190c3c8d2f5e97799ac5572ab19fe5ea4929fd0422da19b385b1d617f1e,True,3.14.3,2.11.0+cpu,2.4.3,1.3.0,3.1.0,not-installed,not-installed,0.10491546649968674,0.0,7.964618e-05,0.00019832776562944956,1239.0,1.0,0.0,0.0,0.0,0.0,0.175,0.075,0.925,0.0,0.075,0.0,0.19863407896173302,0.5274403864812295,0.825,0.825,0.825,0.175,28.0,0.175,exact,244.17,35.2,neural,1239.0,4956.0,49560.0,nan,0.0,0.0,nan,,,,,,,,,,,,,,,
reviewer1_transition_dynamics_shift_smoke,reviewer1_transition_dynamics_shift_smoke,configs/reviewer1_remaining/smoke/transition_dynamics_shift.yaml,Reviewer1-transition-dynamics-shift-smoke,Reviewer1TransitionDynamicsShift-v0,Reviewer1TransitionDynamicsShift-v0,native_gymnasium_observation,same_input_crisp,11000,train,8375,,,8375,64,-2.1299999999999986,160,0.0,8375,492,0.0009339615509993675,0.017819559201598167,0,1,3,17.453056799997285,16.435525999993843,1.017530800003442,16.435525999993843,1.017530800003442,b240632d76bfe6919b44416ecd12239cbcb93cea,1.8.0,cde18190c3c8d2f5e97799ac5572ab19fe5ea4929fd0422da19b385b1d617f1e,True,3.14.3,2.11.0+cpu,2.4.3,1.3.0,3.1.0,not-installed,not-installed,0.11123798076923082,0.0,7.343519e-05,0.0003547802151196444,1248.0,1.0,0.0,0.0,0.0,0.0,0.0625,0.24375,0.75625,0.0,0.24375,0.0,0.3189837710175666,0.529187687960898,0.9375,0.9375,0.9375,0.0625,10.0,0.0625,exact,284.29937499999994,31.65,neural,1248.0,4992.0,49920.0,nan,0.0,0.0,nan,,,,,,,,,,,,,,,
reviewer1_transition_dynamics_shift_smoke,reviewer1_transition_dynamics_shift_smoke,configs/reviewer1_remaining/smoke/transition_dynamics_shift.yaml,Reviewer1-transition-dynamics-shift-smoke,Reviewer1TransitionDynamicsShift-v0,Reviewer1TransitionDynamicsShift-v0,native_gymnasium_observation,same_input_crisp,11000,train,8535,,,8535,65,-1.8900000000000015,160,0.0,8535,502,0.0009166871469529448,0.017819559201598167,0,1,3,17.75112839999929,16.733597599995846,1.017530800003442,16.733597599995846,1.017530800003442,b240632d76bfe6919b44416ecd12239cbcb93cea,1.8.0,cde18190c3c8d2f5e97799ac5572ab19fe5ea4929fd0422da19b385b1d617f1e,True,3.14.3,2.11.0+cpu,2.4.3,1.3.0,3.1.0,not-installed,not-installed,0.11444701795020291,0.0,8.881582e-05,0.00011167870870691242,1270.0,1.0,0.0,0.0,0.0,0.0,0.16875,0.21593749999999998,0.7840624999999999,0.0,0.21593749999999998,0.0,0.2500230975679293,0.6846226796212111,0.83125,0.83125,0.83125,0.16875,27.0,0.16875,exact,268.116875,32.349999999999994,neural,1270.0,5080.0,50800.0,nan,0.0,0.0,nan,,,,,,,,,,,,,,,
reviewer1_transition_dynamics_shift_smoke,reviewer1_transition_dynamics_shift_smoke,configs/reviewer1_remaining/smoke/transition_dynamics_shift.yaml,Reviewer1-transition-dynamics-shift-smoke,Reviewer1TransitionDynamicsShift-v0,Reviewer1TransitionDynamicsShift-v0,native_gymnasium_observation,same_input_crisp,11000,train,8695,,,8695,66,-1.8600000000000014,160,0.0,8695,512,0.0008997579861897975,0.017819559201598167,0,1,3,18.09808389999671,17.080553099993267,1.017530800003442,17.080553099993267,1.017530800003442,b240632d76bfe6919b44416ecd12239cbcb93cea,1.8.0,cde18190c3c8d2f5e97799ac5572ab19fe5ea4929fd0422da19b385b1d617f1e,True,3.14.3,2.11.0+cpu,2.4.3,1.3.0,3.1.0,not-installed,not-installed,0.11829882484611126,0.0,7.4329204e-05,0.00027155859357257063,1273.0,1.0,0.0,0.0,0.0,0.0,0.00625,0.2296875,0.7703125,0.0,0.2296875,0.0,0.491076229423415,0.7520812153045757,0.99375,0.99375,0.99375,0.00625,1.0,0.00625,exact,345.855625,36.5,neural,1273.0,5092.0,50920.0,nan,0.0,0.0,nan,,,,,,,,,,,,,,,
reviewer1_transition_dynamics_shift_smoke,reviewer1_transition_dynamics_shift_smoke,configs/reviewer1_remaining/smoke/transition_dynamics_shift.yaml,Reviewer1-transition-dynamics-shift-smoke,Reviewer1TransitionDynamicsShift-v0,Reviewer1TransitionDynamicsShift-v0,native_gymnasium_observation,same_input_crisp,11000,train,8855,,,8855,67,-2.1899999999999995,160,0.0,8855,522,0.0009401688936101902,0.017819559201598167,0,1,3,18.526708500001405,17.509177699997963,1.017530800003442,17.509177699997963,1.017530800003442,b240632d76bfe6919b44416ecd12239cbcb93cea,1.8.0,cde18190c3c8d2f5e97799ac5572ab19fe5ea4929fd0422da19b385b1d617f1e,True,3.14.3,2.11.0+cpu,2.4.3,1.3.0,3.1.0,not-installed,not-installed,0.11654967602591867,0.0,0.0001529416,0.00037476103609836376,1301.0,1.0,0.0,0.0,0.0,0.0,0.21875,0.10093749999999999,0.8990625,0.0,0.10093749999999999,0.0,0.25838419234420124,0.6519510610576014,0.78125,0.78125,0.78125,0.21875,35.0,0.21875,exact,367.18499999999995,38.5,neural,1301.0,5204.0,52040.0,nan,0.0,0.0,nan,,,,,,,,,,,,,,,
reviewer1_transition_dynamics_shift_smoke,reviewer1_transition_dynamics_shift_smoke,configs/reviewer1_remaining/smoke/transition_dynamics_shift.yaml,Reviewer1-transition-dynamics-shift-smoke,Reviewer1TransitionDynamicsShift-v0,Reviewer1TransitionDynamicsShift-v0,native_gymnasium_observation,same_input_crisp,11000,train,9015,,,9015,68,-2.1199999999999997,160,0.0,9015,532,0.0009252266024024474,0.017819559201598167,0,1,3,18.896912899996096,17.879382099992654,1.017530800003442,17.879382099992654,1.017530800003442,b240632d76bfe6919b44416ecd12239cbcb93cea,1.8.0,cde18190c3c8d2f5e97799ac5572ab19fe5ea4929fd0422da19b385b1d617f1e,True,3.14.3,2.11.0+cpu,2.4.3,1.3.0,3.1.0,not-installed,not-installed,0.12090956612650378,0.0,0.00013161685,0.00012602078364437193,1312.0,1.0,0.0,0.0,0.0,0.0,0.075,0.19249999999999998,0.8074999999999999,0.0,0.19249999999999998,0.0,0.30071230606841637,0.49884144106333383,0.925,0.925,0.925,0.075,12.0,0.075,exact,260.23249999999996,33.8,neural,1312.0,5248.0,52480.0,nan,0.0,0.0,nan,,,,,,,,,,,,,,,
reviewer1_transition_dynamics_shift_smoke,reviewer1_transition_dynamics_shift_smoke,configs/reviewer1_remaining/smoke/transition_dynamics_shift.yaml,Reviewer1-transition-dynamics-shift-smoke,Reviewer1TransitionDynamicsShift-v0,Reviewer1TransitionDynamicsShift-v0,native_gymnasium_observation,same_input_crisp,11000,train,9175,,,9175,69,-1.8900000000000015,160,0.0,9175,542,0.0009633459589993207,0.017819559201598167,0,1,3,19.25512599999638,18.23759519999294,1.017530800003442,18.23759519999294,1.017530800003442,b240632d76bfe6919b44416ecd12239cbcb93cea,1.8.0,cde18190c3c8d2f5e97799ac5572ab19fe5ea4929fd0422da19b385b1d617f1e,True,3.14.3,2.11.0+cpu,2.4.3,1.3.0,3.1.0,not-installed,not-installed,0.12226424609178124,0.0,9.476114e-05,0.00031104372420414836,1332.0,1.0,0.0,0.0,0.0,0.0,0.09375,0.18031250000000001,0.8196875,0.0,0.18031250000000001,0.0,0.30047449552207695,0.6343868300496078,0.90625,0.90625,0.90625,0.09375,15.0,0.09375,exact,349.72625,38.55,neural,1332.0,5328.0,53280.0,nan,0.0,0.0,nan,,,,,,,,,,,,,,,
reviewer1_transition_dynamics_shift_smoke,reviewer1_transition_dynamics_shift_smoke,configs/reviewer1_remaining/smoke/transition_dynamics_shift.yaml,Reviewer1-transition-dynamics-shift-smoke,Reviewer1TransitionDynamicsShift-v0,Reviewer1TransitionDynamicsShift-v0,native_gymnasium_observation,same_input_crisp,11000,train,9311,,,9311,70,-0.9200000000000015,136,1.0,9311,550,0.000976686380560171,0.017819559201598167,0,1,3,19.592324299999746,18.574793499996304,1.017530800003442,18.574793499996304,1.017530800003442,b240632d76bfe6919b44416ecd12239cbcb93cea,1.8.0,cde18190c3c8d2f5e97799ac5572ab19fe5ea4929fd0422da19b385b1d617f1e,True,3.14.3,2.11.0+cpu,2.4.3,1.3.0,3.1.0,not-installed,not-installed,0.1213378906250013,0.0,0.050102405,0.04521575429973342,1363.0,0.0,0.0,0.0,0.0,1.0,0.25735294117647056,0.09669117647058824,0.9033088235294118,0.0,0.09669117647058824,0.05,0.19453958603048846,0.543339861272907,0.7426470588235294,0.7426470588235294,0.7426470588235294,0.25735294117647056,35.0,0.25735294117647056,exact,361.9588235294118,61.65,neural,1363.0,5452.0,54520.0,nan,0.0,0.0,nan,,,,,,,,,,,,,,,
reviewer1_transition_dynamics_shift_smoke,reviewer1_transition_dynamics_shift_smoke,configs/reviewer1_remaining/smoke/transition_dynamics_shift.yaml,Reviewer1-transition-dynamics-shift-smoke,Reviewer1TransitionDynamicsShift-v0,Reviewer1TransitionDynamicsShift-v0,native_gymnasium_observation,same_input_crisp,11000,train,9471,,,9471,71,-2.1299999999999986,160,0.0,9471,560,0.000988431454061356,0.017819559201598167,0,1,3,19.906140400002187,18.888609599998745,1.017530800003442,18.888609599998745,1.017530800003442,b240632d76bfe6919b44416ecd12239cbcb93cea,1.8.0,cde18190c3c8d2f5e97799ac5572ab19fe5ea4929fd0422da19b385b1d617f1e,True,3.14.3,2.11.0+cpu,2.4.3,1.3.0,3.1.0,not-installed,not-installed,0.12193563653573268,0.0,0.00011533998,0.00015027719043431004,1380.0,1.0,0.0,0.0,0.0,0.0,0.1125,0.10625,0.89375,0.0,0.10625,0.0,0.22402655871793478,0.7538926988158408,0.8875,0.8875,0.8875,0.1125,18.0,0.1125,exact,289.06687500000004,34.6,neural,1380.0,5520.0,55200.0,nan,0.0,0.0,nan,,,,,,,,,,,,,,,
reviewer1_transition_dynamics_shift_smoke,reviewer1_transition_dynamics_shift_smoke,configs/reviewer1_remaining/smoke/transition_dynamics_shift.yaml,Reviewer1-transition-dynamics-shift-smoke,Reviewer1TransitionDynamicsShift-v0,Reviewer1TransitionDynamicsShift-v0,native_gymnasium_observation,same_input_crisp,11000,train,9631,,,9631,72,-2.189999999999999,160,0.0,9631,570,0.0010015474582025106,0.017819559201598167,0,1,3,20.198461499996483,19.18093069999304,1.017530800003442,19.18093069999304,1.017530800003442,b240632d76bfe6919b44416ecd12239cbcb93cea,1.8.0,cde18190c3c8d2f5e97799ac5572ab19fe5ea4929fd0422da19b385b1d617f1e,True,3.14.3,2.11.0+cpu,2.4.3,1.3.0,3.1.0,not-installed,not-installed,0.12083142987665775,0.0,0.000109979504,9.376292965928705e-05,1405.0,1.0,0.0,0.0,0.0,0.0,0.15625,0.07031249999999997,0.9296875,0.0,0.07031249999999997,0.0,0.19057041298637423,0.69253408842555,0.84375,0.84375,0.84375,0.15625,25.0,0.15625,exact,316.798125,38.65,neural,1405.0,5620.0,56200.0,nan,0.0,0.0,nan,,,,,,,,,,,,,,,
reviewer1_transition_dynamics_shift_smoke,reviewer1_transition_dynamics_shift_smoke,configs/reviewer1_remaining/smoke/transition_dynamics_shift.yaml,Reviewer1-transition-dynamics-shift-smoke,Reviewer1TransitionDynamicsShift-v0,Reviewer1TransitionDynamicsShift-v0,native_gymnasium_observation,same_input_crisp,11000,train,9744,,,9744,73,-0.4600000000000011,113,1.0,9744,578,0.0009882969982449468,0.017819559201598167,0,1,3,20.385843600000953,19.36831279999751,1.017530800003442,19.36831279999751,1.017530800003442,b240632d76bfe6919b44416ecd12239cbcb93cea,1.8.0,cde18190c3c8d2f5e97799ac5572ab19fe5ea4929fd0422da19b385b1d617f1e,True,3.14.3,2.11.0+cpu,2.4.3,1.3.0,3.1.0,not-installed,not-installed,0.12442273534636066,0.0,0.050096598,0.04683439375265283,1407.0,0.0,0.0,0.0,0.0,1.0,0.02654867256637168,0.263716814159292,0.736283185840708,0.0,0.263716814159292,0.0,0.5095847777343142,0.6135434948299089,0.9734513274336283,0.9734513274336283,0.9734513274336283,0.02654867256637168,3.0,0.02654867256637168,exact,366.45486725663716,541.8,neural,1407.0,5628.0,56280.0,nan,0.0,0.0,nan,,,,,,,,,,,,,,,
reviewer1_transition_dynamics_shift_smoke,reviewer1_transition_dynamics_shift_smoke,configs/reviewer1_remaining/smoke/transition_dynamics_shift.yaml,Reviewer1-transition-dynamics-shift-smoke,Reviewer1TransitionDynamicsShift-v0,Reviewer1TransitionDynamicsShift-v0,native_gymnasium_observation,same_input_crisp,11000,train,9756,,,9756,74,0.87,12,1.0,9756,578,0.0009882969982449468,0.017819559201598167,0,1,3,20.403309599998465,19.385778799995023,1.017530800003442,19.385778799995023,1.017530800003442,b240632d76bfe6919b44416ecd12239cbcb93cea,1.8.0,cde18190c3c8d2f5e97799ac5572ab19fe5ea4929fd0422da19b385b1d617f1e,True,3.14.3,2.11.0+cpu,2.4.3,1.3.0,3.1.0,not-installed,not-installed,0.12453539823009038,0.0,0.06101176,0.07110698024041609,1408.0,0.0,0.0,0.0,0.0,1.0,0.25,0.11250000000000003,0.8874999999999998,0.0,0.11250000000000003,0.012499999999999997,0.337507143511209,0.5553110240145552,0.75,0.75,0.75,0.25,3.0,0.25,exact,434.1833333333334,560.2,neural,1408.0,5632.0,56320.0,nan,0.0,0.0,nan,,,,,,,,,,,,,,,
reviewer1_transition_dynamics_shift_smoke,reviewer1_transition_dynamics_shift_smoke,configs/reviewer1_remaining/smoke/transition_dynamics_shift.yaml,Reviewer1-transition-dynamics-shift-smoke,Reviewer1TransitionDynamicsShift-v0,Reviewer1TransitionDynamicsShift-v0,native_gymnasium_observation,same_input_crisp,11000,train,9840,,,9840,75,-0.12000000000000077,84,1.0,9840,584,0.0009787648562588115,0.017819559201598167,0,1,3,20.55635379999876,19.53882299999532,1.017530800003442,19.53882299999532,1.017530800003442,b240632d76bfe6919b44416ecd12239cbcb93cea,1.8.0,cde18190c3c8d2f5e97799ac5572ab19fe5ea4929fd0422da19b385b1d617f1e,True,3.14.3,2.11.0+cpu,2.4.3,1.3.0,3.1.0,not-installed,not-installed,0.1256538796861397,0.0,0.050942414,0.04428296552719703,1422.0,0.0,0.0,0.0,0.0,1.0,0.17857142857142858,0.2017857142857143,0.7982142857142857,0.0,0.2017857142857143,0.0,0.23732124628831727,0.650469014354219,0.8214285714285714,0.8214285714285714,0.8214285714285714,0.17857142857142858,15.0,0.17857142857142858,exact,277.4095238095238,28.5,neural,1422.0,5688.0,56880.0,nan,0.0,0.0,nan,,,,,,,,,,,,,,,
reviewer1_transition_dynamics_shift_smoke,reviewer1_transition_dynamics_shift_smoke,configs/reviewer1_remaining/smoke/transition_dynamics_shift.yaml,Reviewer1-transition-dynamics-shift-smoke,Reviewer1TransitionDynamicsShift-v0,Reviewer1TransitionDynamicsShift-v0,native_gymnasium_observation,same_input_crisp,11000,train,10000,,,10000,76,-2.179999999999999,160,0.0,10000,594,0.000986970090976953,0.017819559201598167,0,1,3,20.845468300001812,19.82793749999837,1.017530800003442,19.82793749999837,1.017530800003442,b240632d76bfe6919b44416ecd12239cbcb93cea,1.8.0,cde18190c3c8d2f5e97799ac5572ab19fe5ea4929fd0422da19b385b1d617f1e,True,3.14.3,2.11.0+cpu,2.4.3,1.3.0,3.1.0,not-installed,not-installed,0.12425010561892906,0.0,0.0001123593,0.00015223295775319118,1446.0,1.0,0.0,0.0,0.0,0.0,0.15,0.059375,0.940625,0.0,0.059375,0.0,0.195471447017394,0.6388074564382314,0.85,0.85,0.85,0.15,24.0,0.15,exact,297.605,33.5,neural,1446.0,5784.0,57840.0,nan,0.0,0.0,nan,,,,,,,,,,,,,,,
reviewer1_transition_dynamics_shift_smoke,reviewer1_transition_dynamics_shift_smoke,configs/reviewer1_remaining/smoke/transition_dynamics_shift.yaml,Reviewer1-transition-dynamics-shift-smoke,Reviewer1TransitionDynamicsShift-v0,Reviewer1TransitionDynamicsShift-v0,native_gymnasium_observation,same_input_crisp,11000,train,10047,,,10047,77,0.2699999999999996,47,1.0,10047,596,0.0009839396061304784,0.017819559201598167,0,1,3,20.936786099999154,19.91925529999571,1.017530800003442,19.91925529999571,1.017530800003442,b240632d76bfe6919b44416ecd12239cbcb93cea,1.8.0,cde18190c3c8d2f5e97799ac5572ab19fe5ea4929fd0422da19b385b1d617f1e,True,3.14.3,2.11.0+cpu,2.4.3,1.3.0,3.1.0,not-installed,not-installed,0.12339046822742697,0.0,0.036474507,0.04546882007637024,1453.0,0.0,0.0,0.0,0.0,1.0,0.1702127659574468,0.04148936170212767,0.9585106382978728,0.0,0.04148936170212767,0.0,0.16147148325243074,0.4332806190073632,0.8297872340425532,0.8297872340425532,0.8297872340425532,0.1702127659574468,8.0,0.1702127659574468,exact,372.1297872340425,519.8,neural,1453.0,5812.0,58120.0,nan,0.0,0.0,nan,,,,,,,,,,,,,,,
reviewer1_transition_dynamics_shift_smoke,reviewer1_transition_dynamics_shift_smoke,configs/reviewer1_remaining/smoke/transition_dynamics_shift.yaml,Reviewer1-transition-dynamics-shift-smoke,Reviewer1TransitionDynamicsShift-v0,Reviewer1TransitionDynamicsShift-v0,native_gymnasium_observation,same_input_crisp,11000,train,10207,,,10207,78,-2.1700000000000004,160,0.0,10207,606,0.001016722848401427,0.017819559201598167,0,1,3,21.306781999999657,20.289251199996215,1.017530800003442,20.289251199996215,1.017530800003442,b240632d76bfe6919b44416ecd12239cbcb93cea,1.8.0,cde18190c3c8d2f5e97799ac5572ab19fe5ea4929fd0422da19b385b1d617f1e,True,3.14.3,2.11.0+cpu,2.4.3,1.3.0,3.1.0,not-installed,not-installed,0.12341414141414386,0.0,0.00011350953,0.00048789247569590495,1460.0,1.0,0.0,0.0,0.0,0.0,0.0375,0.09875,0.9012500000000001,0.0,0.09875,0.0,0.26426819313617955,0.6383896264633482,0.9625,0.9625,0.9625,0.0375,6.0,0.0375,exact,347.43500000000006,522.05,neural,1460.0,5840.0,58400.0,nan,0.0,0.0,nan,,,,,,,,,,,,,,,
reviewer1_transition_dynamics_shift_smoke,reviewer1_transition_dynamics_shift_smoke,configs/reviewer1_remaining/smoke/transition_dynamics_shift.yaml,Reviewer1-transition-dynamics-shift-smoke,Reviewer1TransitionDynamicsShift-v0,Reviewer1TransitionDynamicsShift-v0,native_gymnasium_observation,same_input_crisp,11000,train,10367,,,10367,79,-2.099999999999999,160,0.0,10367,616,0.001049296680625426,0.017819559201598167,0,1,3,21.72878949999722,20.711258699993778,1.017530800003442,20.711258699993778,1.017530800003442,b240632d76bfe6919b44416ecd12239cbcb93cea,1.8.0,cde18190c3c8d2f5e97799ac5572ab19fe5ea4929fd0422da19b385b1d617f1e,True,3.14.3,2.11.0+cpu,2.4.3,1.3.0,3.1.0,not-installed,not-installed,0.12549902152642137,0.0,8.8451656e-05,0.00024044421962350968,1479.0,1.0,0.0,0.0,0.0,0.0,0.0875,0.1975,0.8025,0.0,0.1975,0.0,0.2691137215191045,0.5890207115931894,0.9125,0.9125,0.9125,0.0875,14.0,0.0875,exact,329.55875,208.05,neural,1479.0,5916.0,59160.0,nan,0.0,0.0,nan,,,,,,,,,,,,,,,
reviewer1_transition_dynamics_shift_smoke,reviewer1_transition_dynamics_shift_smoke,configs/reviewer1_remaining/smoke/transition_dynamics_shift.yaml,Reviewer1-transition-dynamics-shift-smoke,Reviewer1TransitionDynamicsShift-v0,Reviewer1TransitionDynamicsShift-v0,native_gymnasium_observation,same_input_crisp,11000,train,10368,,,10368,80,1.0,1,1.0,10368,617,0.0010478640974525841,0.017819559201598167,0,1,3,21.735472799999116,20.717941999995674,1.017530800003442,20.717941999995674,1.017530800003442,b240632d76bfe6919b44416ecd12239cbcb93cea,1.8.0,cde18190c3c8d2f5e97799ac5572ab19fe5ea4929fd0422da19b385b1d617f1e,True,3.14.3,2.11.0+cpu,2.4.3,1.3.0,3.1.0,not-installed,not-installed,0.12549902152642137,0.0,0.03208403,0.04750932057654309,1479.0,0.0,0.0,0.0,0.0,1.0,1.0,0.0,1.0,0.0,0.0,0.0,0.0,0.9218276799420192,0.0,0.0,0.0,1.0,1.0,1.0,support-boundary collapse,16.0,16.0,neural,1479.0,5916.0,59160.0,nan,0.0,0.0,nan,,,,,,,,,,,,,,,
reviewer1_transition_dynamics_shift_smoke,reviewer1_transition_dynamics_shift_smoke,configs/reviewer1_remaining/smoke/transition_dynamics_shift.yaml,Reviewer1-transition-dynamics-shift-smoke,Reviewer1TransitionDynamicsShift-v0,Reviewer1TransitionDynamicsShift-v0,native_gymnasium_observation,same_input_crisp,11000,train,10528,,,10528,81,-1.8700000000000014,160,0.0,10528,627,0.0010577474034439757,0.017819559201598167,0,1,3,22.121169300000474,21.103638499997032,1.017530800003442,21.103638499997032,1.017530800003442,b240632d76bfe6919b44416ecd12239cbcb93cea,1.8.0,cde18190c3c8d2f5e97799ac5572ab19fe5ea4929fd0422da19b385b1d617f1e,True,3.14.3,2.11.0+cpu,2.4.3,1.3.0,3.1.0,not-installed,not-installed,0.13026166097838718,0.0,6.74186e-05,0.00011094771422004603,1483.0,1.0,0.0,0.0,0.0,0.0,0.025,0.27937500000000004,0.7206250000000001,0.0,0.27937500000000004,0.8999999999999999,0.3750934236295013,0.7145004432801583,0.975,0.975,0.975,0.025,4.0,0.025,exact,343.96875,408.95000000000005,neural,1483.0,5932.0,59320.0,nan,0.0,0.0,nan,,,,,,,,,,,,,,,
reviewer1_transition_dynamics_shift_smoke,reviewer1_transition_dynamics_shift_smoke,configs/reviewer1_remaining/smoke/transition_dynamics_shift.yaml,Reviewer1-transition-dynamics-shift-smoke,Reviewer1TransitionDynamicsShift-v0,Reviewer1TransitionDynamicsShift-v0,native_gymnasium_observation,same_input_crisp,11000,train,10630,,,10630,82,-0.43000000000000105,102,1.0,10630,633,0.001070472187506682,0.017819559201598167,0,1,3,22.270007899998745,21.252477099995303,1.017530800003442,21.252477099995303,1.017530800003442,b240632d76bfe6919b44416ecd12239cbcb93cea,1.8.0,cde18190c3c8d2f5e97799ac5572ab19fe5ea4929fd0422da19b385b1d617f1e,True,3.14.3,2.11.0+cpu,2.4.3,1.3.0,3.1.0,not-installed,not-installed,0.1314031180400918,0.0,0.050560996,0.051011386346863356,1497.0,0.0,0.0,0.0,0.0,1.0,0.18627450980392157,0.1377450980392157,0.8622549019607844,0.0,0.1377450980392157,0.0,0.23534237265154895,0.8355089154175678,0.8137254901960784,0.8137254901960784,0.8137254901960784,0.18627450980392157,19.0,0.18627450980392157,exact,350.0764705882352,518.5999999999999,neural,1497.0,5988.0,59880.0,nan,0.0,0.0,nan,,,,,,,,,,,,,,,
reviewer1_transition_dynamics_shift_smoke,reviewer1_transition_dynamics_shift_smoke,configs/reviewer1_remaining/smoke/transition_dynamics_shift.yaml,Reviewer1-transition-dynamics-shift-smoke,Reviewer1TransitionDynamicsShift-v0,Reviewer1TransitionDynamicsShift-v0,native_gymnasium_observation,same_input_crisp,11000,train,10660,,,10660,83,0.6599999999999998,30,1.0,10660,635,0.0010675322237362907,0.017819559201598167,0,1,3,22.316201199995703,21.29867039999226,1.017530800003442,21.29867039999226,1.017530800003442,b240632d76bfe6919b44416ecd12239cbcb93cea,1.8.0,cde18190c3c8d2f5e97799ac5572ab19fe5ea4929fd0422da19b385b1d617f1e,True,3.14.3,2.11.0+cpu,2.4.3,1.3.0,3.1.0,not-installed,not-installed,0.13200960472848444,0.0,0.061266046,0.05207866748379601,1499.0,0.0,0.0,0.0,0.0,1.0,0.0,0.16999999999999998,0.8299999999999998,0.0,0.16999999999999998,0.0,0.22093182198893574,0.5558207997941673,1.0,1.0,1.0,0.0,0.0,0.0,exact,283.0733333333334,28.95,neural,1499.0,5996.0,59960.0,nan,0.0,0.0,nan,,,,,,,,,,,,,,,
reviewer1_transition_dynamics_shift_smoke,reviewer1_transition_dynamics_shift_smoke,configs/reviewer1_remaining/smoke/transition_dynamics_shift.yaml,Reviewer1-transition-dynamics-shift-smoke,Reviewer1TransitionDynamicsShift-v0,Reviewer1TransitionDynamicsShift-v0,native_gymnasium_observation,same_input_crisp,11000,train,10820,,,10820,84,-2.169999999999998,160,0.0,10820,645,0.0010525756053934045,0.017819559201598167,0,1,3,22.61950490000163,21.601974099998188,1.017530800003442,21.601974099998188,1.017530800003442,b240632d76bfe6919b44416ecd12239cbcb93cea,1.8.0,cde18190c3c8d2f5e97799ac5572ab19fe5ea4929fd0422da19b385b1d617f1e,True,3.14.3,2.11.0+cpu,2.4.3,1.3.0,3.1.0,not-installed,not-installed,0.13893868770168794,0.0,9.746751e-05,0.00026440560580209534,1501.0,1.0,0.0,0.0,0.0,0.0,0.00625,0.35343749999999996,0.6465624999999999,0.0,0.35343749999999996,0.8999999999999999,0.4042733853910036,0.7098912150268033,0.99375,0.99375,0.99375,0.00625,1.0,0.00625,exact,335.194375,532.95,neural,1501.0,6004.0,60040.0,nan,0.0,0.0,nan,,,,,,,,,,,,,,,
reviewer1_transition_dynamics_shift_smoke,reviewer1_transition_dynamics_shift_smoke,configs/reviewer1_remaining/smoke/transition_dynamics_shift.yaml,Reviewer1-transition-dynamics-shift-smoke,Reviewer1TransitionDynamicsShift-v0,Reviewer1TransitionDynamicsShift-v0,native_gymnasium_observation,same_input_crisp,11000,train,10980,,,10980,85,-1.8500000000000014,160,0.0,10980,655,0.0010375375150255672,0.017819559201598167,0,1,3,22.88173999999708,21.86420919999364,1.017530800003442,21.86420919999364,1.017530800003442,b240632d76bfe6919b44416ecd12239cbcb93cea,1.8.0,cde18190c3c8d2f5e97799ac5572ab19fe5ea4929fd0422da19b385b1d617f1e,True,3.14.3,2.11.0+cpu,2.4.3,1.3.0,3.1.0,not-installed,not-installed,0.148920236851274,0.0,6.847755e-05,3.9696157378270423e-05,1502.0,1.0,0.0,0.0,0.0,0.0,0.00625,0.5165624999999999,0.48343749999999996,0.0,0.5165624999999999,0.8999999999999999,0.5724591670327701,0.719482979509736,0.99375,0.99375,0.99375,0.00625,1.0,0.00625,exact,336.54562500000003,508.25,memory,1502.0,6008.0,60080.0,nan,0.0,0.0,nan,,,,,,,,,,,,,,,
reviewer1_transition_dynamics_shift_smoke,reviewer1_transition_dynamics_shift_smoke,configs/reviewer1_remaining/smoke/transition_dynamics_shift.yaml,Reviewer1-transition-dynamics-shift-smoke,Reviewer1TransitionDynamicsShift-v0,Reviewer1TransitionDynamicsShift-v0,native_gymnasium_observation,same_input_crisp,11000,train,11140,,,11140,86,-2.509999999999999,160,0.0,11140,665,0.0010228826207726103,0.017819559201598167,0,1,3,23.17331710000144,22.155786299998,1.017530800003442,22.155786299998,1.017530800003442,b240632d76bfe6919b44416ecd12239cbcb93cea,1.8.0,cde18190c3c8d2f5e97799ac5572ab19fe5ea4929fd0422da19b385b1d617f1e,True,3.14.3,2.11.0+cpu,2.4.3,1.3.0,3.1.0,not-installed,not-installed,0.14660358229131748,0.0,0.00013281763,0.00023064926639271548,1538.0,1.0,0.0,0.0,0.0,0.0,0.19375,0.06843750000000001,0.9315625000000001,0.0,0.06843750000000001,0.0,0.18076655918194823,0.6349704932629654,0.80625,0.80625,0.80625,0.19375,31.0,0.19375,exact,353.096875,525.05,neural,1538.0,6152.0,61520.0,nan,0.0,0.0,nan,,,,,,,,,,,,,,,
reviewer1_transition_dynamics_shift_smoke,reviewer1_transition_dynamics_shift_smoke,configs/reviewer1_remaining/smoke/transition_dynamics_shift.yaml,Reviewer1-transition-dynamics-shift-smoke,Reviewer1TransitionDynamicsShift-v0,Reviewer1TransitionDynamicsShift-v0,native_gymnasium_observation,same_input_crisp,11000,train,11300,,,11300,87,-1.9300000000000015,160,0.0,11300,675,0.0010314513066394418,0.017819559201598167,0,1,3,23.545135200001823,22.52760439999838,1.017530800003442,22.52760439999838,1.017530800003442,b240632d76bfe6919b44416ecd12239cbcb93cea,1.8.0,cde18190c3c8d2f5e97799ac5572ab19fe5ea4929fd0422da19b385b1d617f1e,True,3.14.3,2.11.0+cpu,2.4.3,1.3.0,3.1.0,not-installed,not-installed,0.14352246638242352,0.0,8.016881e-05,7.590687961073946e-05,1568.0,1.0,0.0,0.0,0.0,0.0,0.16875,0.041562499999999995,0.9584374999999999,0.0,0.041562499999999995,0.0,0.1739967468917713,0.7520265630560765,0.83125,0.83125,0.83125,0.16875,27.0,0.16875,exact,407.17625000000004,575.45,neural,1568.0,6272.0,62720.0,nan,0.0,0.0,nan,,,,,,,,,,,,,,,
reviewer1_transition_dynamics_shift_smoke,reviewer1_transition_dynamics_shift_smoke,configs/reviewer1_remaining/smoke/transition_dynamics_shift.yaml,Reviewer1-transition-dynamics-shift-smoke,Reviewer1TransitionDynamicsShift-v0,Reviewer1TransitionDynamicsShift-v0,native_gymnasium_observation,same_input_crisp,11000,train,11331,,,11331,88,0.6199999999999999,31,1.0,11331,677,0.0010285065505214312,0.017819559201598167,0,1,3,23.609244999999646,22.591714199996204,1.017530800003442,22.591714199996204,1.017530800003442,b240632d76bfe6919b44416ecd12239cbcb93cea,1.8.0,cde18190c3c8d2f5e97799ac5572ab19fe5ea4929fd0422da19b385b1d617f1e,True,3.14.3,2.11.0+cpu,2.4.3,1.3.0,3.1.0,not-installed,not-installed,0.1460736396220297,0.0,0.050138753,0.04275265721409266,1572.0,0.0,0.0,0.0,0.0,1.0,0.22580645161290322,0.532258064516129,0.4677419354838709,0.0,0.532258064516129,0.8999999999999999,0.3761902410600665,0.7152019426493489,0.7741935483870968,0.7741935483870968,0.7741935483870968,0.22580645161290322,7.0,0.22580645161290322,exact,532.1161290322581,604.9,memory,1572.0,6288.0,62880.0,nan,0.0,0.0,nan,,,,,,,,,,,,,,,
reviewer1_transition_dynamics_shift_smoke,reviewer1_transition_dynamics_shift_smoke,configs/reviewer1_remaining/smoke/transition_dynamics_shift.yaml,Reviewer1-transition-dynamics-shift-smoke,Reviewer1TransitionDynamicsShift-v0,Reviewer1TransitionDynamicsShift-v0,native_gymnasium_observation,same_input_crisp,11000,train,11491,,,11491,89,-2.0400000000000005,160,0.0,11491,687,0.0010354681416978157,0.017819559201598167,0,1,3,24.028669100000116,23.011138299996674,1.017530800003442,23.011138299996674,1.017530800003442,b240632d76bfe6919b44416ecd12239cbcb93cea,1.8.0,cde18190c3c8d2f5e97799ac5572ab19fe5ea4929fd0422da19b385b1d617f1e,True,3.14.3,2.11.0+cpu,2.4.3,1.3.0,3.1.0,not-installed,not-installed,0.14792458808618814,0.0,8.80222e-05,0.00015409966944714474,1581.0,1.0,0.0,0.0,0.0,0.0,0.05,0.23874999999999996,0.76125,0.0,0.23874999999999996,0.0,0.3396907873408278,0.8244736768829455,0.95,0.95,0.95,0.05,8.0,0.05,exact,379.619375,565.3,neural,1581.0,6324.0,63240.0,nan,0.0,0.0,nan,,,,,,,,,,,,,,,
reviewer1_transition_dynamics_shift_smoke,reviewer1_transition_dynamics_shift_smoke,configs/reviewer1_remaining/smoke/transition_dynamics_shift.yaml,Reviewer1-transition-dynamics-shift-smoke,Reviewer1TransitionDynamicsShift-v0,Reviewer1TransitionDynamicsShift-v0,native_gymnasium_observation,same_input_crisp,11000,train,11493,,,11493,90,0.99,2,1.0,11493,687,0.0010354681416978157,0.017819559201598167,0,1,3,24.034610800001246,23.017079999997804,1.017530800003442,23.017079999997804,1.017530800003442,b240632d76bfe6919b44416ecd12239cbcb93cea,1.8.0,cde18190c3c8d2f5e97799ac5572ab19fe5ea4929fd0422da19b385b1d617f1e,True,3.14.3,2.11.0+cpu,2.4.3,1.3.0,3.1.0,not-installed,not-installed,0.14787773202407659,0.0,0.050084192,0.04850243941542418,1583.0,0.0,0.0,0.0,0.0,1.0,0.5,0.025,0.975,0.0,0.025,0.025000000000000005,0.21152509480975668,0.6524098658468078,0.5,0.5,0.5,0.5,1.0,0.5,exact,521.0,521.0,neural,1583.0,6332.0,63320.0,nan,0.0,0.0,nan,,,,,,,,,,,,,,,
reviewer1_transition_dynamics_shift_smoke,reviewer1_transition_dynamics_shift_smoke,configs/reviewer1_remaining/smoke/transition_dynamics_shift.yaml,Reviewer1-transition-dynamics-shift-smoke,Reviewer1TransitionDynamicsShift-v0,Reviewer1TransitionDynamicsShift-v0,native_gymnasium_observation,same_input_crisp,11000,train,11653,,,11653,91,-1.9600000000000015,160,0.0,11653,697,0.0010407769544587037,0.017819559201598167,0,1,3,24.406140699997195,23.388609899993753,1.017530800003442,23.388609899993753,1.017530800003442,b240632d76bfe6919b44416ecd12239cbcb93cea,1.8.0,cde18190c3c8d2f5e97799ac5572ab19fe5ea4929fd0422da19b385b1d617f1e,True,3.14.3,2.11.0+cpu,2.4.3,1.3.0,3.1.0,not-installed,not-installed,0.14955191594561504,0.0,0.0001074403,0.00010844338532005123,1598.0,1.0,0.0,0.0,0.0,0.0,0.0875,0.2425,0.7575,0.0,0.2425,0.0,0.3403702129138915,0.6983441651227511,0.9125,0.9125,0.9125,0.0875,14.0,0.0875,exact,344.096875,44.150000000000006,neural,1598.0,6392.0,63920.0,nan,0.0,0.0,nan,,,,,,,,,,,,,,,
reviewer1_transition_dynamics_shift_smoke,reviewer1_transition_dynamics_shift_smoke,configs/reviewer1_remaining/smoke/transition_dynamics_shift.yaml,Reviewer1-transition-dynamics-shift-smoke,Reviewer1TransitionDynamicsShift-v0,Reviewer1TransitionDynamicsShift-v0,native_gymnasium_observation,same_input_crisp,11000,train,11813,,,11813,92,-1.9800000000000013,160,0.0,11813,707,0.0010273071327405005,0.017819559201598167,0,1,3,24.728510100001586,23.710979299998144,1.017530800003442,23.710979299998144,1.017530800003442,b240632d76bfe6919b44416ecd12239cbcb93cea,1.8.0,cde18190c3c8d2f5e97799ac5572ab19fe5ea4929fd0422da19b385b1d617f1e,True,3.14.3,2.11.0+cpu,2.4.3,1.3.0,3.1.0,not-installed,not-installed,0.14975881820922848,0.0,7.822165e-05,3.5941824390976986e-05,1613.0,1.0,0.0,0.0,0.0,0.0,0.1,0.15187499999999998,0.8481249999999999,0.0,0.15187499999999998,0.0,0.3262980100162253,0.7054677258964835,0.9,0.9,0.9,0.1,16.0,0.1,exact,331.513125,399.45,neural,1613.0,6452.0,64520.0,nan,0.0,0.0,nan,,,,,,,,,,,,,,,
reviewer1_transition_dynamics_shift_smoke,reviewer1_transition_dynamics_shift_smoke,configs/reviewer1_remaining/smoke/transition_dynamics_shift.yaml,Reviewer1-transition-dynamics-shift-smoke,Reviewer1TransitionDynamicsShift-v0,Reviewer1TransitionDynamicsShift-v0,native_gymnasium_observation,same_input_crisp,11000,train,11973,,,11973,93,-1.9900000000000015,160,0.0,11973,717,0.0010136074340217538,0.017819559201598167,0,1,3,24.99304739999934,23.9755165999959,1.017530800003442,23.9755165999959,1.017530800003442,b240632d76bfe6919b44416ecd12239cbcb93cea,1.8.0,cde18190c3c8d2f5e97799ac5572ab19fe5ea4929fd0422da19b385b1d617f1e,True,3.14.3,2.11.0+cpu,2.4.3,1.3.0,3.1.0,not-installed,not-installed,0.14721167883212027,0.0,4.9441584e-05,7.108812357815435e-05,1632.0,1.0,0.0,0.0,0.0,0.0,0.11875,0.09468750000000001,0.9053125000000002,0.0,0.09468750000000001,0.0,0.37956713849398016,0.7119299807746959,0.88125,0.88125,0.88125,0.11875,19.0,0.11875,exact,418.19312499999995,548.5,neural,1632.0,6528.0,65280.0,nan,0.0,0.0,nan,,,,,,,,,,,,,,,
reviewer1_transition_dynamics_shift_smoke,reviewer1_transition_dynamics_shift_smoke,configs/reviewer1_remaining/smoke/transition_dynamics_shift.yaml,Reviewer1-transition-dynamics-shift-smoke,Reviewer1TransitionDynamicsShift-v0,Reviewer1TransitionDynamicsShift-v0,native_gymnasium_observation,same_input_crisp,11000,eval,12000,12000,-2.8999999999999995,12000,1,-2.8999999999999995,160,0.0,12000,719,0.0010109388667298796,0.017819559201598167,0,2,3,25.97446779999882,24.02136519999476,1.9531026000040583,24.02136519999476,1.9531026000040583,b240632d76bfe6919b44416ecd12239cbcb93cea,1.8.0,cde18190c3c8d2f5e97799ac5572ab19fe5ea4929fd0422da19b385b1d617f1e,True,3.14.3,2.11.0+cpu,2.4.3,1.3.0,3.1.0,not-installed,not-installed,0.14662888695147108,0.0,9.915641e-05,4.8125305688918695e-05,1644.0,1.0,0.0,0.0,0.0,0.0,0.91875,0.0040625,0.9959374999999999,0.0,0.0040625,0.0,0.014472657943218142,0.5361419351199146,0.08125,0.08125,0.08125,0.91875,147.0,0.91875,support-boundary collapse,741.2887499999999,689.75,neural,1644.0,6576.0,65760.0,nan,0.0,0.0,nan,nan,nan,1,2,nan,nan,nan,unavailable,unavailable,unavailable,nan,nan,1.0,global_action_outcome,79.5
reviewer1_transition_dynamics_shift_smoke,reviewer1_transition_dynamics_shift_smoke,configs/reviewer1_remaining/smoke/transition_dynamics_shift.yaml,Reviewer1-transition-dynamics-shift-smoke,Reviewer1TransitionDynamicsShift-v0,Reviewer1TransitionDynamicsShift-v0,native_gymnasium_observation,same_input_crisp,11000,eval,12000,12000,-3.0000000000000013,12000,2,-3.0000000000000013,160,0.0,12000,719,0.0010109388667298796,0.017819559201598167,0,2,3,25.975384899997152,24.022282299993094,1.9531026000040583,24.022282299993094,1.9531026000040583,b240632d76bfe6919b44416ecd12239cbcb93cea,1.8.0,cde18190c3c8d2f5e97799ac5572ab19fe5ea4929fd0422da19b385b1d617f1e,True,3.14.3,2.11.0+cpu,2.4.3,1.3.0,3.1.0,not-installed,not-installed,0.14662888695147108,0.0,9.915641e-05,4.8125305688918695e-05,1644.0,1.0,0.0,0.0,0.0,0.0,1.0,0.0,1.0,0.0,0.0,0.0,0.0,0.8470473737311199,0.0,0.0,0.0,1.0,160.0,1.0,support-boundary collapse,677.8881250000001,632.65,neural,1644.0,6576.0,65760.0,nan,0.0,0.0,nan,nan,nan,3,2,nan,nan,nan,unavailable,unavailable,unavailable,nan,nan,1.0,global_action_outcome,79.5
reviewer1_transition_dynamics_shift_smoke,reviewer1_transition_dynamics_shift_smoke,configs/reviewer1_remaining/smoke/transition_dynamics_shift.yaml,Reviewer1-transition-dynamics-shift-smoke,Reviewer1TransitionDynamicsShift-v0,Reviewer1TransitionDynamicsShift-v0,native_gymnasium_observation,same_input_crisp,11000,eval,12000,12000,-1.740000000000001,12000,3,-1.740000000000001,160,0.0,12000,719,0.0010109388667298796,0.017819559201598167,0,2,3,25.975990400002047,24.02288779999799,1.9531026000040583,24.02288779999799,1.9531026000040583,b240632d76bfe6919b44416ecd12239cbcb93cea,1.8.0,cde18190c3c8d2f5e97799ac5572ab19fe5ea4929fd0422da19b385b1d617f1e,True,3.14.3,2.11.0+cpu,2.4.3,1.3.0,3.1.0,not-installed,not-installed,0.14662888695147108,0.0,9.915641e-05,4.8125305688918695e-05,1644.0,1.0,0.0,0.0,0.0,0.0,0.075,0.13625,0.8637500000000001,0.0,0.13625,0.0,0.5520757989688592,0.6996537213634039,0.925,0.925,0.925,0.075,12.0,0.075,exact,692.285625,651.4,neural,1644.0,6576.0,65760.0,nan,0.0,0.0,nan,nan,nan,3,2,nan,nan,nan,unavailable,unavailable,unavailable,nan,nan,1.0,global_action_outcome,79.5
reviewer1_transition_dynamics_shift_smoke,reviewer1_transition_dynamics_shift_smoke,configs/reviewer1_remaining/smoke/transition_dynamics_shift.yaml,Reviewer1-transition-dynamics-shift-smoke,Reviewer1TransitionDynamicsShift-v0,Reviewer1TransitionDynamicsShift-v0,native_gymnasium_observation,same_input_crisp,11000,eval,12000,12000,-2.09,12000,4,-2.09,160,0.0,12000,719,0.0010109388667298796,0.017819559201598167,0,2,3,25.976602399998228,24.02349979999417,1.9531026000040583,24.02349979999417,1.9531026000040583,b240632d76bfe6919b44416ecd12239cbcb93cea,1.8.0,cde18190c3c8d2f5e97799ac5572ab19fe5ea4929fd0422da19b385b1d617f1e,True,3.14.3,2.11.0+cpu,2.4.3,1.3.0,3.1.0,not-installed,not-installed,0.14662888695147108,0.0,9.915641e-05,4.8125305688918695e-05,1644.0,1.0,0.0,0.0,0.0,0.0,0.0,0.303125,0.696875,0.0,0.303125,0.8999999999999999,0.44382208295251957,0.6652563078369882,1.0,1.0,1.0,0.0,0.0,0.0,exact,654.6975,643.5,neural,1644.0,6576.0,65760.0,nan,0.0,0.0,nan,nan,nan,3,3,nan,nan,nan,unavailable,unavailable,unavailable,nan,nan,1.0,global_action_outcome,79.5
reviewer1_transition_dynamics_shift_smoke,reviewer1_transition_dynamics_shift_smoke,configs/reviewer1_remaining/smoke/transition_dynamics_shift.yaml,Reviewer1-transition-dynamics-shift-smoke,Reviewer1TransitionDynamicsShift-v0,Reviewer1TransitionDynamicsShift-v0,native_gymnasium_observation,same_input_crisp,11000,eval,12020,12020,-2.8499999999999996,12020,1,-2.8499999999999996,160,0.0,12020,720,0.0010096103785422706,0.017819559201598167,0,3,3,26.692166200002248,24.060722800000804,2.6314434000014444,24.060722800000804,2.6314434000014444,b240632d76bfe6919b44416ecd12239cbcb93cea,1.8.0,cde18190c3c8d2f5e97799ac5572ab19fe5ea4929fd0422da19b385b1d617f1e,True,3.14.3,2.11.0+cpu,2.4.3,1.3.0,3.1.0,not-installed,not-installed,0.1462785983203047,0.0,7.160359e-05,8.618908037288574e-05,1646.0,1.0,0.0,0.0,0.0,0.0,1.0,0.0,1.0,0.0,0.0,0.0,0.0,0.8631828286556761,0.0,0.0,0.0,1.0,160.0,1.0,support-boundary collapse,638.405,612.7,neural,1646.0,6584.0,65840.0,nan,0.0,0.0,nan,nan,nan,0,3,nan,nan,nan,unavailable,unavailable,unavailable,nan,nan,1.0,global_action_outcome,99.5
reviewer1_transition_dynamics_shift_smoke,reviewer1_transition_dynamics_shift_smoke,configs/reviewer1_remaining/smoke/transition_dynamics_shift.yaml,Reviewer1-transition-dynamics-shift-smoke,Reviewer1TransitionDynamicsShift-v0,Reviewer1TransitionDynamicsShift-v0,native_gymnasium_observation,same_input_crisp,11000,eval,12020,12020,-3.020000000000002,12020,2,-3.020000000000002,160,0.0,12020,720,0.0010096103785422706,0.017819559201598167,0,3,3,26.69303000000218,24.061586600000737,2.6314434000014444,24.061586600000737,2.6314434000014444,b240632d76bfe6919b44416ecd12239cbcb93cea,1.8.0,cde18190c3c8d2f5e97799ac5572ab19fe5ea4929fd0422da19b385b1d617f1e,True,3.14.3,2.11.0+cpu,2.4.3,1.3.0,3.1.0,not-installed,not-installed,0.1462785983203047,0.0,7.160359e-05,8.618908037288574e-05,1646.0,1.0,0.0,0.0,0.0,0.0,0.0,0.066875,0.9331250000000001,0.0,0.066875,0.0,0.30325186482291844,0.4695736866854457,1.0,1.0,1.0,0.0,0.0,0.0,exact,707.2262499999999,669.0,neural,1646.0,6584.0,65840.0,nan,0.0,0.0,nan,nan,nan,1,0,nan,nan,nan,unavailable,unavailable,unavailable,nan,nan,1.0,global_action_outcome,99.5
reviewer1_transition_dynamics_shift_smoke,reviewer1_transition_dynamics_shift_smoke,configs/reviewer1_remaining/smoke/transition_dynamics_shift.yaml,Reviewer1-transition-dynamics-shift-smoke,Reviewer1TransitionDynamicsShift-v0,Reviewer1TransitionDynamicsShift-v0,native_gymnasium_observation,same_input_crisp,11000,eval,12020,12020,-2.9099999999999997,12020,3,-2.9099999999999997,160,0.0,12020,720,0.0010096103785422706,0.017819559201598167,0,3,3,26.693655999995826,24.062212599994382,2.6314434000014444,24.062212599994382,2.6314434000014444,b240632d76bfe6919b44416ecd12239cbcb93cea,1.8.0,cde18190c3c8d2f5e97799ac5572ab19fe5ea4929fd0422da19b385b1d617f1e,True,3.14.3,2.11.0+cpu,2.4.3,1.3.0,3.1.0,not-installed,not-installed,0.1462785983203047,0.0,7.160359e-05,8.618908037288574e-05,1646.0,1.0,0.0,0.0,0.0,0.0,1.0,0.0,1.0,0.0,0.0,0.0,0.0,0.9174177437258642,0.0,0.0,0.0,1.0,160.0,1.0,support-boundary collapse,707.58375,650.35,neural,1646.0,6584.0,65840.0,nan,0.0,0.0,nan,nan,nan,0,3,nan,nan,nan,unavailable,unavailable,unavailable,nan,nan,1.0,global_action_outcome,99.5
reviewer1_transition_dynamics_shift_smoke,reviewer1_transition_dynamics_shift_smoke,configs/reviewer1_remaining/smoke/transition_dynamics_shift.yaml,Reviewer1-transition-dynamics-shift-smoke,Reviewer1TransitionDynamicsShift-v0,Reviewer1TransitionDynamicsShift-v0,native_gymnasium_observation,same_input_crisp,11000,eval,12020,12020,0.46999999999999975,12020,4,0.46999999999999975,47,1.0,12020,720,0.0010096103785422706,0.017819559201598167,0,3,3,26.694134899997152,24.062691499995708,2.6314434000014444,24.062691499995708,2.6314434000014444,b240632d76bfe6919b44416ecd12239cbcb93cea,1.8.0,cde18190c3c8d2f5e97799ac5572ab19fe5ea4929fd0422da19b385b1d617f1e,True,3.14.3,2.11.0+cpu,2.4.3,1.3.0,3.1.0,not-installed,not-installed,0.1462785983203047,0.0,7.160359e-05,8.618908037288574e-05,1646.0,0.0,0.0,0.0,0.0,1.0,0.0851063829787234,0.14148936170212764,0.8585106382978726,0.0,0.14148936170212764,0.0,0.20233360661168265,0.7235306749034365,0.9148936170212766,0.9148936170212766,0.9148936170212766,0.0851063829787234,4.0,0.0851063829787234,exact,722.1297872340425,673.5,neural,1646.0,6584.0,65840.0,nan,0.0,0.0,nan,nan,nan,0,0,nan,nan,nan,unavailable,unavailable,unavailable,nan,nan,1.0,global_action_outcome,43.0
reviewer1_transition_dynamics_shift_smoke,reviewer1_transition_dynamics_shift_smoke,configs/reviewer1_remaining/smoke/transition_dynamics_shift.yaml,Reviewer1-transition-dynamics-shift-smoke,Reviewer1TransitionDynamicsShift-v0,Reviewer1TransitionDynamicsShift-v0,native_gymnasium_observation,same_input_crisp,11000,train,12020,,,12020,94,-0.5300000000000004,47,0.0,12020,720,0.0010096103785422706,0.017819559201598167,0,3,3,26.696539399999892,24.065095999998448,2.6314434000014444,24.065095999998448,2.6314434000014444,b240632d76bfe6919b44416ecd12239cbcb93cea,1.8.0,cde18190c3c8d2f5e97799ac5572ab19fe5ea4929fd0422da19b385b1d617f1e,True,3.14.3,2.11.0+cpu,2.4.3,1.3.0,3.1.0,not-installed,not-installed,0.1462785983203047,0.0,7.160359e-05,8.618908037288574e-05,1646.0,1.0,0.0,0.0,0.0,0.0,0.3829787234042553,0.030851063829787244,0.9691489361702134,0.0,0.030851063829787244,0.05,0.10897406878296172,0.5710963279893515,0.6170212765957447,0.6170212765957447,0.6170212765957447,0.3829787234042553,18.0,0.3829787234042553,exact,369.61914893617023,541.5,neural,1646.0,6584.0,65840.0,nan,0.0,0.0,nan,,,,,,,,,,,,,,,
reviewer1_transition_dynamics_shift_smoke,reviewer1_transition_dynamics_shift_smoke,configs/reviewer1_remaining/smoke/transition_dynamics_shift.yaml,Reviewer1-transition-dynamics-shift-smoke,Reviewer1TransitionDynamicsShift-v0,Reviewer1TransitionDynamicsShift-v0,native_gymnasium_observation,same_input_crisp,11001,train,17,,,17,1,0.84,17,1.0,17,0,nan,nan,0,0,3,0.027201199998671655,0.027201199998671655,0.0,0.027201199998671655,0.0,b240632d76bfe6919b44416ecd12239cbcb93cea,1.8.0,cde18190c3c8d2f5e97799ac5572ab19fe5ea4929fd0422da19b385b1d617f1e,True,3.14.3,2.11.0+cpu,2.4.3,1.3.0,3.1.0,not-installed,not-installed,0.0,0.0,0.46817237,0.46495478990877004,12.0,0.0,0.0,0.0,0.0,1.0,1.0,0.0,0.0,0.0,nan,nan,0.0,nan,0.0,0.0,nan,0.0,nan,nan,unsupported,22.158823529411762,19.6,none,12.0,48.0,480.0,nan,0.0,0.0,nan,,,,,,,,,,,,,,,
reviewer1_transition_dynamics_shift_smoke,reviewer1_transition_dynamics_shift_smoke,configs/reviewer1_remaining/smoke/transition_dynamics_shift.yaml,Reviewer1-transition-dynamics-shift-smoke,Reviewer1TransitionDynamicsShift-v0,Reviewer1TransitionDynamicsShift-v0,native_gymnasium_observation,same_input_crisp,11001,train,177,,,177,2,-1.9200000000000015,160,0.0,177,0,nan,nan,0,0,3,0.3244591999973636,0.3244591999973636,0.0,0.3244591999973636,0.0,b240632d76bfe6919b44416ecd12239cbcb93cea,1.8.0,cde18190c3c8d2f5e97799ac5572ab19fe5ea4929fd0422da19b385b1d617f1e,True,3.14.3,2.11.0+cpu,2.4.3,1.3.0,3.1.0,not-installed,not-installed,0.05,0.0,0.00024883827,0.020179662027086827,41.0,1.0,0.0,0.0,0.0,0.0,0.33125,0.033437499999999995,0.6353125000000001,0.0,0.049999999999999996,0.0,0.032615322365147505,0.9637642438240273,0.66875,0.66875,1.0,0.0,0.0,0.0,exact,33.441875,24.8,neural,41.0,164.0,1640.0,nan,0.0,0.0,nan,,,,,,,,,,,,,,,
reviewer1_transition_dynamics_shift_smoke,reviewer1_transition_dynamics_shift_smoke,configs/reviewer1_remaining/smoke/transition_dynamics_shift.yaml,Reviewer1-transition-dynamics-shift-smoke,Reviewer1TransitionDynamicsShift-v0,Reviewer1TransitionDynamicsShift-v0,native_gymnasium_observation,same_input_crisp,11001,train,189,,,189,3,0.8300000000000001,12,1.0,189,0,nan,nan,0,0,3,0.3332421999948565,0.3332421999948565,0.0,0.3332421999948565,0.0,b240632d76bfe6919b44416ecd12239cbcb93cea,1.8.0,cde18190c3c8d2f5e97799ac5572ab19fe5ea4929fd0422da19b385b1d617f1e,True,3.14.3,2.11.0+cpu,2.4.3,1.3.0,3.1.0,not-installed,not-installed,0.05,0.0,0.0502113,0.08397853084232137,43.0,0.0,0.0,0.0,0.0,1.0,0.0,0.05000000000000001,0.9499999999999997,0.0,0.05000000000000001,0.0,0.048770575499285984,0.9637642438240274,1.0,1.0,1.0,0.0,0.0,0.0,exact,24.525000000000002,16.9,neural,43.0,172.0,1720.0,nan,0.0,0.0,nan,,,,,,,,,,,,,,,
reviewer1_transition_dynamics_shift_smoke,reviewer1_transition_dynamics_shift_smoke,configs/reviewer1_remaining/smoke/transition_dynamics_shift.yaml,Reviewer1-transition-dynamics-shift-smoke,Reviewer1TransitionDynamicsShift-v0,Reviewer1TransitionDynamicsShift-v0,native_gymnasium_observation,same_input_crisp,11001,train,349,,,349,4,-2.0400000000000005,160,0.0,349,0,nan,nan,0,0,3,0.5893569999971078,0.5893569999971078,0.0,0.5893569999971078,0.0,b240632d76bfe6919b44416ecd12239cbcb93cea,1.8.0,cde18190c3c8d2f5e97799ac5572ab19fe5ea4929fd0422da19b385b1d617f1e,True,3.14.3,2.11.0+cpu,2.4.3,1.3.0,3.1.0,not-installed,not-installed,0.05000000000000001,0.0,0.00013107291,0.026965547684459128,64.0,1.0,0.0,0.0,0.0,0.0,0.0,0.049999999999999996,0.95,0.0,0.049999999999999996,0.0,0.16301135469916833,0.8547953491984552,1.0,1.0,1.0,0.0,0.0,0.0,exact,34.125625,22.5,neural,64.0,256.0,2560.0,nan,0.0,0.0,nan,,,,,,,,,,,,,,,
reviewer1_transition_dynamics_shift_smoke,reviewer1_transition_dynamics_shift_smoke,configs/reviewer1_remaining/smoke/transition_dynamics_shift.yaml,Reviewer1-transition-dynamics-shift-smoke,Reviewer1TransitionDynamicsShift-v0,Reviewer1TransitionDynamicsShift-v0,native_gymnasium_observation,same_input_crisp,11001,train,357,,,357,5,0.91,8,1.0,357,0,nan,nan,0,0,3,0.5991271999955643,0.5991271999955643,0.0,0.5991271999955643,0.0,b240632d76bfe6919b44416ecd12239cbcb93cea,1.8.0,cde18190c3c8d2f5e97799ac5572ab19fe5ea4929fd0422da19b385b1d617f1e,True,3.14.3,2.11.0+cpu,2.4.3,1.3.0,3.1.0,not-installed,not-installed,0.05000000000000001,0.0,0.05014018,0.07621242528771757,70.0,0.0,0.0,0.0,0.0,1.0,0.0,0.05,0.95,0.0,0.05,0.0,0.22119921692859512,0.6623140320454559,1.0,1.0,1.0,0.0,0.0,0.0,exact,22.3875,19.45,neural,70.0,280.0,2800.0,nan,0.0,0.0,nan,,,,,,,,,,,,,,,
reviewer1_transition_dynamics_shift_smoke,reviewer1_transition_dynamics_shift_smoke,configs/reviewer1_remaining/smoke/transition_dynamics_shift.yaml,Reviewer1-transition-dynamics-shift-smoke,Reviewer1TransitionDynamicsShift-v0,Reviewer1TransitionDynamicsShift-v0,native_gymnasium_observation,same_input_crisp,11001,train,359,,,359,6,0.98,2,1.0,359,0,nan,nan,0,0,3,0.6016639000008581,0.6016639000008581,0.0,0.6016639000008581,0.0,b240632d76bfe6919b44416ecd12239cbcb93cea,1.8.0,cde18190c3c8d2f5e97799ac5572ab19fe5ea4929fd0422da19b385b1d617f1e,True,3.14.3,2.11.0+cpu,2.4.3,1.3.0,3.1.0,not-installed,not-installed,0.05000000000000001,0.0,0.095270514,0.10327272194253342,71.0,0.0,0.0,0.0,0.0,1.0,0.0,0.05,0.95,0.0,0.05,0.0,0.22119921692859512,0.6623140320454559,1.0,1.0,1.0,0.0,0.0,0.0,exact,17.85,17.85,neural,71.0,284.0,2840.0,nan,0.0,0.0,nan,,,,,,,,,,,,,,,
reviewer1_transition_dynamics_shift_smoke,reviewer1_transition_dynamics_shift_smoke,configs/reviewer1_remaining/smoke/transition_dynamics_shift.yaml,Reviewer1-transition-dynamics-shift-smoke,Reviewer1TransitionDynamicsShift-v0,Reviewer1TransitionDynamicsShift-v0,native_gymnasium_observation,same_input_crisp,11001,train,519,,,519,7,-1.9200000000000015,160,0.0,519,1,0.015490352176129818,0.015490352176129818,0,0,3,0.8318218999993405,0.8318218999993405,0.0,0.8318218999993405,0.0,b240632d76bfe6919b44416ecd12239cbcb93cea,1.8.0,cde18190c3c8d2f5e97799ac5572ab19fe5ea4929fd0422da19b385b1d617f1e,True,3.14.3,2.11.0+cpu,2.4.3,1.3.0,3.1.0,not-installed,not-installed,0.04285714285714286,0.0,0.00017218501,0.01788346624295954,101.0,1.0,0.0,0.0,0.0,0.0,0.2875,0.035625,0.9643750000000001,0.0,0.035625,0.05,0.05678716705001759,0.8191214163569303,0.7125,0.7125,0.7125,0.2875,46.0,0.2875,exact,41.35124999999999,21.2,neural,101.0,404.0,4040.0,nan,0.0,0.0,nan,,,,,,,,,,,,,,,
reviewer1_transition_dynamics_shift_smoke,reviewer1_transition_dynamics_shift_smoke,configs/reviewer1_remaining/smoke/transition_dynamics_shift.yaml,Reviewer1-transition-dynamics-shift-smoke,Reviewer1TransitionDynamicsShift-v0,Reviewer1TransitionDynamicsShift-v0,native_gymnasium_observation,same_input_crisp,11001,train,679,,,679,8,-1.8800000000000014,160,0.0,679,11,0.010344258964654397,0.03505709022283554,0,0,3,1.1222721000012825,1.1222721000012825,0.0,1.1222721000012825,0.0,b240632d76bfe6919b44416ecd12239cbcb93cea,1.8.0,cde18190c3c8d2f5e97799ac5572ab19fe5ea4929fd0422da19b385b1d617f1e,True,3.14.3,2.11.0+cpu,2.4.3,1.3.0,3.1.0,not-installed,not-installed,0.04583333333333333,0.0,8.0296195e-05,0.0035994094081127108,134.0,1.0,0.0,0.0,0.0,0.0,0.1125,0.044375,0.9556250000000001,0.0,0.044375,0.0,0.08733824569893398,0.8627413658112573,0.8875,0.8875,0.8875,0.1125,18.0,0.1125,exact,48.183125000000004,24.200000000000003,neural,134.0,536.0,5360.0,nan,0.0,0.0,nan,,,,,,,,,,,,,,,
reviewer1_transition_dynamics_shift_smoke,reviewer1_transition_dynamics_shift_smoke,configs/reviewer1_remaining/smoke/transition_dynamics_shift.yaml,Reviewer1-transition-dynamics-shift-smoke,Reviewer1TransitionDynamicsShift-v0,Reviewer1TransitionDynamicsShift-v0,native_gymnasium_observation,same_input_crisp,11001,train,839,,,839,9,-1.9500000000000015,160,0.0,839,21,0.006280353292822838,0.03505709022283554,0,0,3,1.4188578999965102,1.4188578999965102,0.0,1.4188578999965102,0.0,b240632d76bfe6919b44416ecd12239cbcb93cea,1.8.0,cde18190c3c8d2f5e97799ac5572ab19fe5ea4929fd0422da19b385b1d617f1e,True,3.14.3,2.11.0+cpu,2.4.3,1.3.0,3.1.0,not-installed,not-installed,0.04687500000000001,0.0,0.000121024816,0.001538046123277428,166.0,1.0,0.0,0.0,0.0,0.0,0.0,0.049999999999999996,0.95,0.0,0.049999999999999996,0.0,0.1940375848662031,0.8599625256343011,1.0,1.0,1.0,0.0,0.0,0.0,exact,37.865,24.15,neural,166.0,664.0,6640.0,nan,0.0,0.0,nan,,,,,,,,,,,,,,,
reviewer1_transition_dynamics_shift_smoke,reviewer1_transition_dynamics_shift_smoke,configs/reviewer1_remaining/smoke/transition_dynamics_shift.yaml,Reviewer1-transition-dynamics-shift-smoke,Reviewer1TransitionDynamicsShift-v0,Reviewer1TransitionDynamicsShift-v0,native_gymnasium_observation,same_input_crisp,11001,train,932,,,932,10,-0.21000000000000085,93,1.0,932,27,0.005010716362718355,0.03505709022283554,0,0,3,1.5867474999977276,1.5867474999977276,0.0,1.5867474999977276,0.0,b240632d76bfe6919b44416ecd12239cbcb93cea,1.8.0,cde18190c3c8d2f5e97799ac5572ab19fe5ea4929fd0422da19b385b1d617f1e,True,3.14.3,2.11.0+cpu,2.4.3,1.3.0,3.1.0,not-installed,not-installed,0.047500000000000014,0.0,0.050136253,0.031172488603189507,191.0,0.0,0.0,0.0,0.0,1.0,0.0,0.04999999999999998,0.9500000000000001,0.0,0.04999999999999998,0.0,0.1391302229657606,0.48348905473883486,1.0,1.0,1.0,0.0,0.0,0.0,exact,54.14516129032257,22.0,neural,191.0,764.0,7640.0,nan,0.0,0.0,nan,,,,,,,,,,,,,,,
reviewer1_transition_dynamics_shift_smoke,reviewer1_transition_dynamics_shift_smoke,configs/reviewer1_remaining/smoke/transition_dynamics_shift.yaml,Reviewer1-transition-dynamics-shift-smoke,Reviewer1TransitionDynamicsShift-v0,Reviewer1TransitionDynamicsShift-v0,native_gymnasium_observation,same_input_crisp,11001,train,1071,,,1071,11,-0.7500000000000013,139,1.0,1071,35,0.004316685069352388,0.03505709022283554,0,0,3,1.8215730000010808,1.8215730000010808,0.0,1.8215730000010808,0.0,b240632d76bfe6919b44416ecd12239cbcb93cea,1.8.0,cde18190c3c8d2f5e97799ac5572ab19fe5ea4929fd0422da19b385b1d617f1e,True,3.14.3,2.11.0+cpu,2.4.3,1.3.0,3.1.0,not-installed,not-installed,0.04375000000000001,0.0,0.050166488,0.03836451404122617,217.0,0.0,0.0,0.0,0.0,1.0,0.5683453237410072,0.02158273381294964,0.9784172661870504,0.0,0.02158273381294964,0.05,0.07781255938525891,0.41901858750499005,0.4316546762589928,0.4316546762589928,0.4316546762589928,0.5683453237410072,79.0,0.5683453237410072,support-boundary collapse,39.64028776978417,22.5,neural,217.0,868.0,8680.0,nan,0.0,0.0,nan,,,,,,,,,,,,,,,
reviewer1_transition_dynamics_shift_smoke,reviewer1_transition_dynamics_shift_smoke,configs/reviewer1_remaining/smoke/transition_dynamics_shift.yaml,Reviewer1-transition-dynamics-shift-smoke,Reviewer1TransitionDynamicsShift-v0,Reviewer1TransitionDynamicsShift-v0,native_gymnasium_observation,same_input_crisp,11001,train,1231,,,1231,12,-1.9400000000000015,160,0.0,1231,45,0.0036808578145509172,0.03505709022283554,0,0,3,2.14067879999493,2.14067879999493,0.0,2.14067879999493,0.0,b240632d76bfe6919b44416ecd12239cbcb93cea,1.8.0,cde18190c3c8d2f5e97799ac5572ab19fe5ea4929fd0422da19b385b1d617f1e,True,3.14.3,2.11.0+cpu,2.4.3,1.3.0,3.1.0,not-installed,not-installed,0.04285714285714287,0.0,0.00014624327,0.005459824048960979,253.0,1.0,0.0,0.0,0.0,0.0,0.2125,0.039375,0.9606250000000001,0.0,0.039375,0.0,0.3354491452209693,0.6805437005856421,0.7875,0.7875,0.7875,0.2125,34.0,0.2125,exact,41.441874999999996,22.95,neural,253.0,1012.0,10120.0,nan,0.0,0.0,nan,,,,,,,,,,,,,,,
reviewer1_transition_dynamics_shift_smoke,reviewer1_transition_dynamics_shift_smoke,configs/reviewer1_remaining/smoke/transition_dynamics_shift.yaml,Reviewer1-transition-dynamics-shift-smoke,Reviewer1TransitionDynamicsShift-v0,Reviewer1TransitionDynamicsShift-v0,native_gymnasium_observation,same_input_crisp,11001,train,1391,,,1391,13,-2.0600000000000005,160,0.0,1391,55,0.0032122349145621144,0.03505709022283554,0,0,3,2.541814299998805,2.541814299998805,0.0,2.541814299998805,0.0,b240632d76bfe6919b44416ecd12239cbcb93cea,1.8.0,cde18190c3c8d2f5e97799ac5572ab19fe5ea4929fd0422da19b385b1d617f1e,True,3.14.3,2.11.0+cpu,2.4.3,1.3.0,3.1.0,not-installed,not-installed,0.12976190476190474,0.0,9.4102914e-05,0.0023567049757052426,267.0,1.0,0.0,0.0,0.0,0.0,0.04375,0.2615624999999999,0.7384375000000001,0.0,0.2615624999999999,0.0,0.3675791348785874,0.6121922600544465,0.95625,0.95625,0.95625,0.04375,7.0,0.04375,exact,90.045,26.1,neural,267.0,1068.0,10680.0,nan,0.0,0.0,nan,,,,,,,,,,,,,,,
reviewer1_transition_dynamics_shift_smoke,reviewer1_transition_dynamics_shift_smoke,configs/reviewer1_remaining/smoke/transition_dynamics_shift.yaml,Reviewer1-transition-dynamics-shift-smoke,Reviewer1TransitionDynamicsShift-v0,Reviewer1TransitionDynamicsShift-v0,native_gymnasium_observation,same_input_crisp,11001,train,1395,,,1395,14,0.96,4,1.0,1395,56,0.003156268276792876,0.03505709022283554,0,0,3,2.550206599997182,2.550206599997182,0.0,2.550206599997182,0.0,b240632d76bfe6919b44416ecd12239cbcb93cea,1.8.0,cde18190c3c8d2f5e97799ac5572ab19fe5ea4929fd0422da19b385b1d617f1e,True,3.14.3,2.11.0+cpu,2.4.3,1.3.0,3.1.0,not-installed,not-installed,0.12976190476190474,0.0,0.050104447,0.03675089566768942,270.0,0.0,0.0,0.0,0.0,1.0,0.0,0.05,0.95,0.0,0.05,0.0,0.5276334472589853,0.7399416831147566,1.0,1.0,1.0,0.0,0.0,0.0,exact,28.175000000000004,31.45,neural,270.0,1080.0,10800.0,nan,0.0,0.0,nan,,,,,,,,,,,,,,,
reviewer1_transition_dynamics_shift_smoke,reviewer1_transition_dynamics_shift_smoke,configs/reviewer1_remaining/smoke/transition_dynamics_shift.yaml,Reviewer1-transition-dynamics-shift-smoke,Reviewer1TransitionDynamicsShift-v0,Reviewer1TransitionDynamicsShift-v0,native_gymnasium_observation,same_input_crisp,11001,train,1555,,,1555,15,-1.9800000000000015,160,0.0,1555,66,0.0028703334368897645,0.03505709022283554,0,0,3,2.8125827999974717,2.8125827999974717,0.0,2.8125827999974717,0.0,b240632d76bfe6919b44416ecd12239cbcb93cea,1.8.0,cde18190c3c8d2f5e97799ac5572ab19fe5ea4929fd0422da19b385b1d617f1e,True,3.14.3,2.11.0+cpu,2.4.3,1.3.0,3.1.0,not-installed,not-installed,0.11111111111111106,0.0,0.00014186368,0.004821737313595973,286.0,1.0,0.0,0.0,0.0,0.0,0.1375,0.043125,0.9568749999999999,0.0,0.043125,0.0,0.2399461209987995,0.738546632715953,0.8625,0.8625,0.8625,0.1375,22.0,0.1375,exact,82.54,25.5,neural,286.0,1144.0,11440.0,nan,0.0,0.0,nan,,,,,,,,,,,,,,,
reviewer1_transition_dynamics_shift_smoke,reviewer1_transition_dynamics_shift_smoke,configs/reviewer1_remaining/smoke/transition_dynamics_shift.yaml,Reviewer1-transition-dynamics-shift-smoke,Reviewer1TransitionDynamicsShift-v0,Reviewer1TransitionDynamicsShift-v0,native_gymnasium_observation,same_input_crisp,11001,train,1567,,,1567,16,0.84,12,1.0,1567,66,0.0028703334368897645,0.03505709022283554,0,0,3,2.8250364999985322,2.8250364999985322,0.0,2.8250364999985322,0.0,b240632d76bfe6919b44416ecd12239cbcb93cea,1.8.0,cde18190c3c8d2f5e97799ac5572ab19fe5ea4929fd0422da19b385b1d617f1e,True,3.14.3,2.11.0+cpu,2.4.3,1.3.0,3.1.0,not-installed,not-installed,0.11111111111111106,0.0,0.050159875,0.04176411553836727,290.0,0.0,0.0,0.0,0.0,1.0,0.0,0.05000000000000001,0.9499999999999997,0.0,0.05000000000000001,0.0,0.2591817793182822,0.4641446986664652,1.0,1.0,1.0,0.0,0.0,0.0,exact,23.733333333333334,16.7,neural,290.0,1160.0,11600.0,nan,0.0,0.0,nan,,,,,,,,,,,,,,,
reviewer1_transition_dynamics_shift_smoke,reviewer1_transition_dynamics_shift_smoke,configs/reviewer1_remaining/smoke/transition_dynamics_shift.yaml,Reviewer1-transition-dynamics-shift-smoke,Reviewer1TransitionDynamicsShift-v0,Reviewer1TransitionDynamicsShift-v0,native_gymnasium_observation,same_input_crisp,11001,train,1727,,,1727,17,-2.0400000000000005,160,0.0,1727,76,0.0029471851949462065,0.03505709022283554,0,0,3,3.2302156000005198,3.2302156000005198,0.0,3.2302156000005198,0.0,b240632d76bfe6919b44416ecd12239cbcb93cea,1.8.0,cde18190c3c8d2f5e97799ac5572ab19fe5ea4929fd0422da19b385b1d617f1e,True,3.14.3,2.11.0+cpu,2.4.3,1.3.0,3.1.0,not-installed,not-installed,0.13805970149253727,0.0,9.369352e-05,0.004948421119187318,307.0,1.0,0.0,0.0,0.0,0.0,0.26875,0.1265625,0.8734375,0.0,0.1265625,0.05,0.18666621778642162,0.7465446794351263,0.73125,0.73125,0.73125,0.26875,43.0,0.26875,exact,86.396875,28.0,neural,307.0,1228.0,12280.0,nan,0.0,0.0,nan,,,,,,,,,,,,,,,
reviewer1_transition_dynamics_shift_smoke,reviewer1_transition_dynamics_shift_smoke,configs/reviewer1_remaining/smoke/transition_dynamics_shift.yaml,Reviewer1-transition-dynamics-shift-smoke,Reviewer1TransitionDynamicsShift-v0,Reviewer1TransitionDynamicsShift-v0,native_gymnasium_observation,same_input_crisp,11001,train,1887,,,1887,18,-1.9600000000000015,160,0.0,1887,86,0.0027322160125084678,0.03505709022283554,0,0,3,3.6796380000014324,3.6796380000014324,0.0,3.6796380000014324,0.0,b240632d76bfe6919b44416ecd12239cbcb93cea,1.8.0,cde18190c3c8d2f5e97799ac5572ab19fe5ea4929fd0422da19b385b1d617f1e,True,3.14.3,2.11.0+cpu,2.4.3,1.3.0,3.1.0,not-installed,not-installed,0.1267441860465117,0.0,8.537449e-05,0.004315705399362868,324.0,1.0,0.0,0.0,0.0,0.0,0.3375,0.05,0.95,0.0,0.05,0.05,0.21572018180095848,0.7238205306711254,0.6625,0.6625,0.6625,0.3375,54.0,0.3375,exact,128.331875,32.8,neural,324.0,1296.0,12960.0,nan,0.0,0.0,nan,,,,,,,,,,,,,,,
reviewer1_transition_dynamics_shift_smoke,reviewer1_transition_dynamics_shift_smoke,configs/reviewer1_remaining/smoke/transition_dynamics_shift.yaml,Reviewer1-transition-dynamics-shift-smoke,Reviewer1TransitionDynamicsShift-v0,Reviewer1TransitionDynamicsShift-v0,native_gymnasium_observation,same_input_crisp,11001,train,1968,,,1968,19,-0.17000000000000082,81,1.0,1968,92,0.002687430067848966,0.03505709022283554,0,0,3,3.796766599996772,3.796766599996772,0.0,3.796766599996772,0.0,b240632d76bfe6919b44416ecd12239cbcb93cea,1.8.0,cde18190c3c8d2f5e97799ac5572ab19fe5ea4929fd0422da19b385b1d617f1e,True,3.14.3,2.11.0+cpu,2.4.3,1.3.0,3.1.0,not-installed,not-installed,0.12277777777777786,0.0,0.050179426,0.02733192895676893,347.0,0.0,0.0,0.0,0.0,1.0,0.25925925925925924,0.037037037037037035,0.9629629629629629,0.0,0.037037037037037035,0.05,0.13835528453169033,0.6320116424854112,0.7407407407407407,0.7407407407407407,0.7407407407407407,0.25925925925925924,21.0,0.25925925925925924,exact,64.17037037037036,23.3,neural,347.0,1388.0,13880.0,nan,0.0,0.0,nan,,,,,,,,,,,,,,,
reviewer1_transition_dynamics_shift_smoke,reviewer1_transition_dynamics_shift_smoke,configs/reviewer1_remaining/smoke/transition_dynamics_shift.yaml,Reviewer1-transition-dynamics-shift-smoke,Reviewer1TransitionDynamicsShift-v0,Reviewer1TransitionDynamicsShift-v0,native_gymnasium_observation,same_input_crisp,11001,train,2128,,,2128,20,-1.9800000000000015,160,0.0,2128,102,0.0025207786274418762,0.03505709022283554,0,0,3,4.118980499995814,4.118980499995814,0.0,4.118980499995814,0.0,b240632d76bfe6919b44416ecd12239cbcb93cea,1.8.0,cde18190c3c8d2f5e97799ac5572ab19fe5ea4929fd0422da19b385b1d617f1e,True,3.14.3,2.11.0+cpu,2.4.3,1.3.0,3.1.0,not-installed,not-installed,0.10733944954128456,0.0,0.00016571456,0.003412510082402281,385.0,1.0,0.0,0.0,0.0,0.0,0.31875,0.034062499999999996,0.9659374999999999,0.0,0.034062499999999996,0.05,0.10749488098748987,0.8122162364910743,0.68125,0.68125,0.68125,0.31875,51.0,0.31875,exact,136.079375,25.85,neural,385.0,1540.0,15400.0,nan,0.0,0.0,nan,,,,,,,,,,,,,,,
reviewer1_transition_dynamics_shift_smoke,reviewer1_transition_dynamics_shift_smoke,configs/reviewer1_remaining/smoke/transition_dynamics_shift.yaml,Reviewer1-transition-dynamics-shift-smoke,Reviewer1TransitionDynamicsShift-v0,Reviewer1TransitionDynamicsShift-v0,native_gymnasium_observation,same_input_crisp,11001,train,2288,,,2288,21,-2.030000000000001,160,0.0,2288,112,0.0025069412744999553,0.03505709022283554,0,0,3,4.3691365999984555,4.3691365999984555,0.0,4.3691365999984555,0.0,b240632d76bfe6919b44416ecd12239cbcb93cea,1.8.0,cde18190c3c8d2f5e97799ac5572ab19fe5ea4929fd0422da19b385b1d617f1e,True,3.14.3,2.11.0+cpu,2.4.3,1.3.0,3.1.0,not-installed,not-installed,0.10252100840336155,0.0,0.00010992568,0.0016212093566924772,402.0,1.0,0.0,0.0,0.0,0.0,0.0,0.049999999999999996,0.95,0.0,0.049999999999999996,0.0,0.28705907146675164,0.8164231345288006,1.0,1.0,1.0,0.0,0.0,0.0,exact,82.419375,25.35,neural,402.0,1608.0,16080.0,nan,0.0,0.0,nan,,,,,,,,,,,,,,,
reviewer1_transition_dynamics_shift_smoke,reviewer1_transition_dynamics_shift_smoke,configs/reviewer1_remaining/smoke/transition_dynamics_shift.yaml,Reviewer1-transition-dynamics-shift-smoke,Reviewer1TransitionDynamicsShift-v0,Reviewer1TransitionDynamicsShift-v0,native_gymnasium_observation,same_input_crisp,11001,train,2448,,,2448,22,-1.9700000000000015,160,0.0,2448,122,0.0023998118521391366,0.03505709022283554,0,0,3,4.809144300001208,4.809144300001208,0.0,4.809144300001208,0.0,b240632d76bfe6919b44416ecd12239cbcb93cea,1.8.0,cde18190c3c8d2f5e97799ac5572ab19fe5ea4929fd0422da19b385b1d617f1e,True,3.14.3,2.11.0+cpu,2.4.3,1.3.0,3.1.0,not-installed,not-installed,0.09860139860139885,0.0,0.00012278443,0.0027515213165973714,428.0,1.0,0.0,0.0,0.0,0.0,0.1625,0.05874999999999999,0.9412499999999998,0.0,0.05874999999999999,0.0,0.19666289020249877,0.7759107184527233,0.8375,0.8375,0.8375,0.1625,26.0,0.1625,exact,159.87,30.9,neural,428.0,1712.0,17120.0,nan,0.0,0.0,nan,,,,,,,,,,,,,,,
reviewer1_transition_dynamics_shift_smoke,reviewer1_transition_dynamics_shift_smoke,configs/reviewer1_remaining/smoke/transition_dynamics_shift.yaml,Reviewer1-transition-dynamics-shift-smoke,Reviewer1TransitionDynamicsShift-v0,Reviewer1TransitionDynamicsShift-v0,native_gymnasium_observation,same_input_crisp,11001,train,2608,,,2608,23,-2.020000000000001,160,0.0,2608,132,0.0023444079613799467,0.03505709022283554,0,0,3,5.234333599997626,5.234333599997626,0.0,5.234333599997626,0.0,b240632d76bfe6919b44416ecd12239cbcb93cea,1.8.0,cde18190c3c8d2f5e97799ac5572ab19fe5ea4929fd0422da19b385b1d617f1e,True,3.14.3,2.11.0+cpu,2.4.3,1.3.0,3.1.0,not-installed,not-installed,0.09728915662650633,0.0,6.966834e-05,0.002714460194336298,444.0,1.0,0.0,0.0,0.0,0.0,0.0,0.0725,0.9275,0.0,0.0725,0.0,0.22789302766577638,0.7653192002915734,1.0,1.0,1.0,0.0,0.0,0.0,exact,138.35,30.15,neural,444.0,1776.0,17760.0,nan,0.0,0.0,nan,,,,,,,,,,,,,,,
reviewer1_transition_dynamics_shift_smoke,reviewer1_transition_dynamics_shift_smoke,configs/reviewer1_remaining/smoke/transition_dynamics_shift.yaml,Reviewer1-transition-dynamics-shift-smoke,Reviewer1TransitionDynamicsShift-v0,Reviewer1TransitionDynamicsShift-v0,native_gymnasium_observation,same_input_crisp,11001,train,2768,,,2768,24,-1.7900000000000014,160,0.0,2768,142,0.0022043549652921747,0.03505709022283554,0,0,3,5.663403400001698,5.663403400001698,0.0,5.663403400001698,0.0,b240632d76bfe6919b44416ecd12239cbcb93cea,1.8.0,cde18190c3c8d2f5e97799ac5572ab19fe5ea4929fd0422da19b385b1d617f1e,True,3.14.3,2.11.0+cpu,2.4.3,1.3.0,3.1.0,not-installed,not-installed,0.09258241758241792,0.0,9.992335e-05,0.0016021695230818906,471.0,1.0,0.0,0.0,0.0,0.0,0.25625,0.0540625,0.9459375,0.0,0.0540625,0.05,0.1414794496427841,0.7683190984497019,0.74375,0.74375,0.74375,0.25625,41.0,0.25625,exact,121.87749999999998,28.6,neural,471.0,1884.0,18840.0,nan,0.0,0.0,nan,,,,,,,,,,,,,,,
reviewer1_transition_dynamics_shift_smoke,reviewer1_transition_dynamics_shift_smoke,configs/reviewer1_remaining/smoke/transition_dynamics_shift.yaml,Reviewer1-transition-dynamics-shift-smoke,Reviewer1TransitionDynamicsShift-v0,Reviewer1TransitionDynamicsShift-v0,native_gymnasium_observation,same_input_crisp,11001,train,2928,,,2928,25,-1.9200000000000015,160,0.0,2928,152,0.002214061566782651,0.03505709022283554,0,0,3,5.9913687000007485,5.9913687000007485,0.0,5.9913687000007485,0.0,b240632d76bfe6919b44416ecd12239cbcb93cea,1.8.0,cde18190c3c8d2f5e97799ac5572ab19fe5ea4929fd0422da19b385b1d617f1e,True,3.14.3,2.11.0+cpu,2.4.3,1.3.0,3.1.0,not-installed,not-installed,0.09772727272727308,0.0,0.00014682137,0.003947484659453507,499.0,1.0,0.0,0.0,0.0,0.0,0.11875,0.10593749999999999,0.8940625000000001,0.0,0.10593749999999999,0.0,0.17894440523566907,0.564079940389518,0.88125,0.88125,0.88125,0.11875,19.0,0.11875,exact,94.91062500000001,25.45,neural,499.0,1996.0,19960.0,nan,0.0,0.0,nan,,,,,,,,,,,,,,,
reviewer1_transition_dynamics_shift_smoke,reviewer1_transition_dynamics_shift_smoke,configs/reviewer1_remaining/smoke/transition_dynamics_shift.yaml,Reviewer1-transition-dynamics-shift-smoke,Reviewer1TransitionDynamicsShift-v0,Reviewer1TransitionDynamicsShift-v0,native_gymnasium_observation,same_input_crisp,11001,train,2966,,,2966,26,0.5199999999999998,38,1.0,2966,154,0.0021876954776546753,0.03505709022283554,0,0,3,6.0447063999963575,6.0447063999963575,0.0,6.0447063999963575,0.0,b240632d76bfe6919b44416ecd12239cbcb93cea,1.8.0,cde18190c3c8d2f5e97799ac5572ab19fe5ea4929fd0422da19b385b1d617f1e,True,3.14.3,2.11.0+cpu,2.4.3,1.3.0,3.1.0,not-installed,not-installed,0.09495192307692343,0.0,0.050146233,0.02928069719220276,510.0,0.0,0.0,0.0,0.0,1.0,0.10526315789473684,0.044736842105263165,0.9552631578947369,0.0,0.044736842105263165,0.0,0.10863880591485804,0.6601580394196439,0.8947368421052632,0.8947368421052632,0.8947368421052632,0.10526315789473684,4.0,0.10526315789473684,exact,196.0921052631579,24.5,neural,510.0,2040.0,20400.0,nan,0.0,0.0,nan,,,,,,,,,,,,,,,
reviewer1_transition_dynamics_shift_smoke,reviewer1_transition_dynamics_shift_smoke,configs/reviewer1_remaining/smoke/transition_dynamics_shift.yaml,Reviewer1-transition-dynamics-shift-smoke,Reviewer1TransitionDynamicsShift-v0,Reviewer1TransitionDynamicsShift-v0,native_gymnasium_observation,same_input_crisp,11001,train,3126,,,3126,27,-1.9700000000000015,160,0.0,3126,164,0.0021242923771640607,0.03505709022283554,0,0,3,6.433263699997042,6.433263699997042,0.0,6.433263699997042,0.0,b240632d76bfe6919b44416ecd12239cbcb93cea,1.8.0,cde18190c3c8d2f5e97799ac5572ab19fe5ea4929fd0422da19b385b1d617f1e,True,3.14.3,2.11.0+cpu,2.4.3,1.3.0,3.1.0,not-installed,not-installed,0.08839662447257422,0.0,0.00013462816,0.004305940263622868,533.0,1.0,0.0,0.0,0.0,0.0,0.1875,0.040624999999999994,0.959375,0.0,0.040624999999999994,0.0,0.19352919342029531,0.5703730943230676,0.8125,0.8125,0.8125,0.1875,30.0,0.1875,exact,158.81750000000002,28.8,neural,533.0,2132.0,21320.0,nan,0.0,0.0,nan,,,,,,,,,,,,,,,
reviewer1_transition_dynamics_shift_smoke,reviewer1_transition_dynamics_shift_smoke,configs/reviewer1_remaining/smoke/transition_dynamics_shift.yaml,Reviewer1-transition-dynamics-shift-smoke,Reviewer1TransitionDynamicsShift-v0,Reviewer1TransitionDynamicsShift-v0,native_gymnasium_observation,same_input_crisp,11001,train,3286,,,3286,28,-2.030000000000001,160,0.0,3286,174,0.002066344834187392,0.03505709022283554,0,0,3,6.708001099999819,6.708001099999819,0.0,6.708001099999819,0.0,b240632d76bfe6919b44416ecd12239cbcb93cea,1.8.0,cde18190c3c8d2f5e97799ac5572ab19fe5ea4929fd0422da19b385b1d617f1e,True,3.14.3,2.11.0+cpu,2.4.3,1.3.0,3.1.0,not-installed,not-installed,0.09140625000000038,0.0,0.00015674098,0.0017531767266508649,562.0,1.0,0.0,0.0,0.0,0.0,0.19375,0.12468749999999995,0.8753125,0.0,0.12468749999999995,0.0,0.21744560977363783,0.5000554374411758,0.80625,0.80625,0.80625,0.19375,31.0,0.19375,exact,108.00750000000001,25.4,neural,562.0,2248.0,22480.0,nan,0.0,0.0,nan,,,,,,,,,,,,,,,
reviewer1_transition_dynamics_shift_smoke,reviewer1_transition_dynamics_shift_smoke,configs/reviewer1_remaining/smoke/transition_dynamics_shift.yaml,Reviewer1-transition-dynamics-shift-smoke,Reviewer1TransitionDynamicsShift-v0,Reviewer1TransitionDynamicsShift-v0,native_gymnasium_observation,same_input_crisp,11001,train,3446,,,3446,29,-1.9800000000000015,160,0.0,3446,184,0.0020128330462166164,0.03505709022283554,0,0,3,7.161218000001099,7.161218000001099,0.0,7.161218000001099,0.0,b240632d76bfe6919b44416ecd12239cbcb93cea,1.8.0,cde18190c3c8d2f5e97799ac5572ab19fe5ea4929fd0422da19b385b1d617f1e,True,3.14.3,2.11.0+cpu,2.4.3,1.3.0,3.1.0,not-installed,not-installed,0.10490909090909128,0.0,0.00012557981,0.003164311523807334,566.0,1.0,0.0,0.0,0.0,0.0,0.0,0.15125000000000002,0.8487500000000001,0.0,0.15125000000000002,0.0,0.27795176630615537,0.6889193656669466,1.0,1.0,1.0,0.0,0.0,0.0,exact,118.03562500000001,30.85,neural,566.0,2264.0,22640.0,nan,0.0,0.0,nan,,,,,,,,,,,,,,,
reviewer1_transition_dynamics_shift_smoke,reviewer1_transition_dynamics_shift_smoke,configs/reviewer1_remaining/smoke/transition_dynamics_shift.yaml,Reviewer1-transition-dynamics-shift-smoke,Reviewer1TransitionDynamicsShift-v0,Reviewer1TransitionDynamicsShift-v0,native_gymnasium_observation,same_input_crisp,11001,train,3502,,,3502,30,0.25999999999999956,56,1.0,3502,187,0.001981589482450686,0.03505709022283554,0,0,3,7.251407700001437,7.251407700001437,0.0,7.251407700001437,0.0,b240632d76bfe6919b44416ecd12239cbcb93cea,1.8.0,cde18190c3c8d2f5e97799ac5572ab19fe5ea4929fd0422da19b385b1d617f1e,True,3.14.3,2.11.0+cpu,2.4.3,1.3.0,3.1.0,not-installed,not-installed,0.10263157894736881,0.0,0.050108526,0.025634027472733502,578.0,0.0,0.0,0.0,0.0,1.0,0.125,0.043750000000000004,0.9562499999999999,0.0,0.043750000000000004,0.0,0.13334592931389486,0.6886942359703682,0.875,0.875,0.875,0.125,7.0,0.125,exact,147.4125,25.4,neural,578.0,2312.0,23120.0,nan,0.0,0.0,nan,,,,,,,,,,,,,,,
reviewer1_transition_dynamics_shift_smoke,reviewer1_transition_dynamics_shift_smoke,configs/reviewer1_remaining/smoke/transition_dynamics_shift.yaml,Reviewer1-transition-dynamics-shift-smoke,Reviewer1TransitionDynamicsShift-v0,Reviewer1TransitionDynamicsShift-v0,native_gymnasium_observation,same_input_crisp,11001,train,3503,,,3503,31,1.0,1,1.0,3503,187,0.001981589482450686,0.03505709022283554,0,0,3,7.254647999994631,7.254647999994631,0.0,7.254647999994631,0.0,b240632d76bfe6919b44416ecd12239cbcb93cea,1.8.0,cde18190c3c8d2f5e97799ac5572ab19fe5ea4929fd0422da19b385b1d617f1e,True,3.14.3,2.11.0+cpu,2.4.3,1.3.0,3.1.0,not-installed,not-installed,0.10263157894736881,0.0,0.0976031,0.04928982265060135,579.0,0.0,0.0,0.0,0.0,1.0,1.0,0.0,1.0,0.0,0.0,0.0,0.0,0.5210312385046096,0.0,0.0,0.0,1.0,1.0,1.0,support-boundary collapse,16.9,16.9,neural,579.0,2316.0,23160.0,nan,0.0,0.0,nan,,,,,,,,,,,,,,,
reviewer1_transition_dynamics_shift_smoke,reviewer1_transition_dynamics_shift_smoke,configs/reviewer1_remaining/smoke/transition_dynamics_shift.yaml,Reviewer1-transition-dynamics-shift-smoke,Reviewer1TransitionDynamicsShift-v0,Reviewer1TransitionDynamicsShift-v0,native_gymnasium_observation,same_input_crisp,11001,train,3507,,,3507,32,0.97,4,1.0,3507,188,0.0019713921994983312,0.03505709022283554,0,0,3,7.2625239999979385,7.2625239999979385,0.0,7.2625239999979385,0.0,b240632d76bfe6919b44416ecd12239cbcb93cea,1.8.0,cde18190c3c8d2f5e97799ac5572ab19fe5ea4929fd0422da19b385b1d617f1e,True,3.14.3,2.11.0+cpu,2.4.3,1.3.0,3.1.0,not-installed,not-installed,0.10263157894736881,0.0,0.12950596,0.0663570200789529,579.0,0.0,0.0,0.0,0.0,1.0,1.0,0.0,1.0,0.0,0.0,0.0,0.0,0.5210312385046096,0.0,0.0,0.0,1.0,4.0,1.0,support-boundary collapse,21.75,19.95,neural,579.0,2316.0,23160.0,nan,0.0,0.0,nan,,,,,,,,,,,,,,,
reviewer1_transition_dynamics_shift_smoke,reviewer1_transition_dynamics_shift_smoke,configs/reviewer1_remaining/smoke/transition_dynamics_shift.yaml,Reviewer1-transition-dynamics-shift-smoke,Reviewer1TransitionDynamicsShift-v0,Reviewer1TransitionDynamicsShift-v0,native_gymnasium_observation,same_input_crisp,11001,train,3619,,,3619,33,-0.4700000000000011,112,1.0,3619,195,0.001911612541843146,0.03505709022283554,0,0,3,7.524112699997204,7.524112699997204,0.0,7.524112699997204,0.0,b240632d76bfe6919b44416ecd12239cbcb93cea,1.8.0,cde18190c3c8d2f5e97799ac5572ab19fe5ea4929fd0422da19b385b1d617f1e,True,3.14.3,2.11.0+cpu,2.4.3,1.3.0,3.1.0,not-installed,not-installed,0.09885245901639385,0.0,0.050521724,0.026514593402412363,599.0,0.0,0.0,0.0,0.0,1.0,0.20535714285714285,0.03973214285714285,0.960267857142857,0.0,0.03973214285714285,0.0,0.2300276976085859,0.7458132633672807,0.7946428571428571,0.7946428571428571,0.7946428571428571,0.20535714285714285,23.0,0.20535714285714285,exact,194.20000000000002,31.45,neural,599.0,2396.0,23960.0,nan,0.0,0.0,nan,,,,,,,,,,,,,,,
reviewer1_transition_dynamics_shift_smoke,reviewer1_transition_dynamics_shift_smoke,configs/reviewer1_remaining/smoke/transition_dynamics_shift.yaml,Reviewer1-transition-dynamics-shift-smoke,Reviewer1TransitionDynamicsShift-v0,Reviewer1TransitionDynamicsShift-v0,native_gymnasium_observation,same_input_crisp,11001,train,3635,,,3635,34,0.78,16,1.0,3635,196,0.0019023807036523512,0.03505709022283554,0,0,3,7.548338499997044,7.548338499997044,0.0,7.548338499997044,0.0,b240632d76bfe6919b44416ecd12239cbcb93cea,1.8.0,cde18190c3c8d2f5e97799ac5572ab19fe5ea4929fd0422da19b385b1d617f1e,True,3.14.3,2.11.0+cpu,2.4.3,1.3.0,3.1.0,not-installed,not-installed,0.0985342019543978,0.0,0.07232827,0.04600694382446398,605.0,0.0,0.0,0.0,0.0,1.0,0.0,0.05,0.95,0.0,0.05,0.0,0.06192127573797324,0.5739991594424846,1.0,1.0,1.0,0.0,0.0,0.0,exact,135.26875,23.700000000000003,neural,605.0,2420.0,24200.0,nan,0.0,0.0,nan,,,,,,,,,,,,,,,
reviewer1_transition_dynamics_shift_smoke,reviewer1_transition_dynamics_shift_smoke,configs/reviewer1_remaining/smoke/transition_dynamics_shift.yaml,Reviewer1-transition-dynamics-shift-smoke,Reviewer1TransitionDynamicsShift-v0,Reviewer1TransitionDynamicsShift-v0,native_gymnasium_observation,same_input_crisp,11001,train,3706,,,3706,35,0.04999999999999938,71,1.0,3706,200,0.0019235384095372865,0.03505709022283554,0,0,3,7.659355799994955,7.659355799994955,0.0,7.659355799994955,0.0,b240632d76bfe6919b44416ecd12239cbcb93cea,1.8.0,cde18190c3c8d2f5e97799ac5572ab19fe5ea4929fd0422da19b385b1d617f1e,True,3.14.3,2.11.0+cpu,2.4.3,1.3.0,3.1.0,not-installed,not-installed,0.09566563467492302,0.0,0.05202339,0.0353628657122635,614.0,0.0,0.0,0.0,0.0,1.0,0.14084507042253522,0.04295774647887322,0.957042253521127,0.0,0.04295774647887322,0.0,0.1666837807786057,0.6891631733335205,0.8591549295774648,0.8591549295774648,0.8591549295774648,0.14084507042253522,10.0,0.14084507042253522,exact,202.13239436619716,21.8,neural,614.0,2456.0,24560.0,nan,0.0,0.0,nan,,,,,,,,,,,,,,,
reviewer1_transition_dynamics_shift_smoke,reviewer1_transition_dynamics_shift_smoke,configs/reviewer1_remaining/smoke/transition_dynamics_shift.yaml,Reviewer1-transition-dynamics-shift-smoke,Reviewer1TransitionDynamicsShift-v0,Reviewer1TransitionDynamicsShift-v0,native_gymnasium_observation,same_input_crisp,11001,train,3770,,,3770,36,0.25999999999999956,64,1.0,3770,204,0.0018932455266122798,0.03505709022283554,0,0,3,7.778170500001579,7.778170500001579,0.0,7.778170500001579,0.0,b240632d76bfe6919b44416ecd12239cbcb93cea,1.8.0,cde18190c3c8d2f5e97799ac5572ab19fe5ea4929fd0422da19b385b1d617f1e,True,3.14.3,2.11.0+cpu,2.4.3,1.3.0,3.1.0,not-installed,not-installed,0.09466463414634188,0.0,0.052071948,0.03416823260229758,634.0,0.0,0.0,0.0,0.0,1.0,0.25,0.0375,0.9625000000000001,0.0,0.0375,0.012499999999999997,0.10929337823096674,0.9232584951691227,0.75,0.75,0.75,0.25,16.0,0.25,exact,75.27031249999999,23.7,neural,634.0,2536.0,25360.0,nan,0.0,0.0,nan,,,,,,,,,,,,,,,
reviewer1_transition_dynamics_shift_smoke,reviewer1_transition_dynamics_shift_smoke,configs/reviewer1_remaining/smoke/transition_dynamics_shift.yaml,Reviewer1-transition-dynamics-shift-smoke,Reviewer1TransitionDynamicsShift-v0,Reviewer1TransitionDynamicsShift-v0,native_gymnasium_observation,same_input_crisp,11001,train,3930,,,3930,37,-1.8200000000000014,160,0.0,3930,214,0.001855638698424772,0.03505709022283554,0,0,3,8.210729999998875,8.210729999998875,0.0,8.210729999998875,0.0,b240632d76bfe6919b44416ecd12239cbcb93cea,1.8.0,cde18190c3c8d2f5e97799ac5572ab19fe5ea4929fd0422da19b385b1d617f1e,True,3.14.3,2.11.0+cpu,2.4.3,1.3.0,3.1.0,not-installed,not-installed,0.09178082191780855,0.0,0.00010624387,0.0035081163686574825,650.0,1.0,0.0,0.0,0.0,0.0,0.11875,0.0609375,0.9390625,0.0,0.0609375,0.0,0.29612324231161014,0.8454889565623649,0.88125,0.88125,0.88125,0.11875,19.0,0.11875,exact,214.91625,31.5,neural,650.0,2600.0,26000.0,nan,0.0,0.0,nan,,,,,,,,,,,,,,,
reviewer1_transition_dynamics_shift_smoke,reviewer1_transition_dynamics_shift_smoke,configs/reviewer1_remaining/smoke/transition_dynamics_shift.yaml,Reviewer1-transition-dynamics-shift-smoke,Reviewer1TransitionDynamicsShift-v0,Reviewer1TransitionDynamicsShift-v0,native_gymnasium_observation,same_input_crisp,11001,train,4090,,,4090,38,-1.8200000000000014,160,0.0,4090,224,0.001913709870499198,0.03505709022283554,0,0,3,8.554849200001627,8.554849200001627,0.0,8.554849200001627,0.0,b240632d76bfe6919b44416ecd12239cbcb93cea,1.8.0,cde18190c3c8d2f5e97799ac5572ab19fe5ea4929fd0422da19b385b1d617f1e,True,3.14.3,2.11.0+cpu,2.4.3,1.3.0,3.1.0,not-installed,not-installed,0.08856041131105416,0.0,9.495302e-05,0.0033460722408136384,691.0,1.0,0.0,0.0,0.0,0.0,0.09375,0.04531249999999999,0.9546875,0.0,0.04531249999999999,0.0,0.12682566026371805,0.8226405207670464,0.90625,0.90625,0.90625,0.09375,15.0,0.09375,exact,134.91125,27.45,neural,691.0,2764.0,27640.0,nan,0.0,0.0,nan,,,,,,,,,,,,,,,
reviewer1_transition_dynamics_shift_smoke,reviewer1_transition_dynamics_shift_smoke,configs/reviewer1_remaining/smoke/transition_dynamics_shift.yaml,Reviewer1-transition-dynamics-shift-smoke,Reviewer1TransitionDynamicsShift-v0,Reviewer1TransitionDynamicsShift-v0,native_gymnasium_observation,same_input_crisp,11001,train,4250,,,4250,39,-1.9900000000000015,160,0.0,4250,234,0.001841346646598008,0.03505709022283554,0,0,3,8.882259300000442,8.882259300000442,0.0,8.882259300000442,0.0,b240632d76bfe6919b44416ecd12239cbcb93cea,1.8.0,cde18190c3c8d2f5e97799ac5572ab19fe5ea4929fd0422da19b385b1d617f1e,True,3.14.3,2.11.0+cpu,2.4.3,1.3.0,3.1.0,not-installed,not-installed,0.08665105386416856,0.0,8.2759456e-05,0.00388358746400976,707.0,1.0,0.0,0.0,0.0,0.0,0.175,0.10875000000000001,0.8912500000000001,0.0,0.10875000000000001,0.0,0.21317527263116717,0.8079106626261403,0.825,0.825,0.825,0.175,28.0,0.175,exact,222.53812499999998,26.8,neural,707.0,2828.0,28280.0,nan,0.0,0.0,nan,,,,,,,,,,,,,,,
reviewer1_transition_dynamics_shift_smoke,reviewer1_transition_dynamics_shift_smoke,configs/reviewer1_remaining/smoke/transition_dynamics_shift.yaml,Reviewer1-transition-dynamics-shift-smoke,Reviewer1TransitionDynamicsShift-v0,Reviewer1TransitionDynamicsShift-v0,native_gymnasium_observation,same_input_crisp,11001,train,4410,,,4410,40,-2.1599999999999997,160,0.0,4410,244,0.0018687574478105087,0.03505709022283554,0,0,3,9.198193399999582,9.198193399999582,0.0,9.198193399999582,0.0,b240632d76bfe6919b44416ecd12239cbcb93cea,1.8.0,cde18190c3c8d2f5e97799ac5572ab19fe5ea4929fd0422da19b385b1d617f1e,True,3.14.3,2.11.0+cpu,2.4.3,1.3.0,3.1.0,not-installed,not-installed,0.09073275862068947,0.0,0.00011762268,0.004264690098180963,731.0,1.0,0.0,0.0,0.0,0.0,0.24375,0.15593749999999998,0.8440625,0.0,0.15593749999999998,0.0,0.22307612272806177,0.6638416046210605,0.75625,0.75625,0.75625,0.24375,39.0,0.24375,exact,171.021875,28.6,neural,731.0,2924.0,29240.0,nan,0.0,0.0,nan,,,,,,,,,,,,,,,
reviewer1_transition_dynamics_shift_smoke,reviewer1_transition_dynamics_shift_smoke,configs/reviewer1_remaining/smoke/transition_dynamics_shift.yaml,Reviewer1-transition-dynamics-shift-smoke,Reviewer1TransitionDynamicsShift-v0,Reviewer1TransitionDynamicsShift-v0,native_gymnasium_observation,same_input_crisp,11001,train,4542,,,4542,41,-0.7700000000000014,132,1.0,4542,252,0.0019160463625667035,0.03505709022283554,0,0,3,9.417875999999524,9.417875999999524,0.0,9.417875999999524,0.0,b240632d76bfe6919b44416ecd12239cbcb93cea,1.8.0,cde18190c3c8d2f5e97799ac5572ab19fe5ea4929fd0422da19b385b1d617f1e,True,3.14.3,2.11.0+cpu,2.4.3,1.3.0,3.1.0,not-installed,not-installed,0.09878542510121432,0.0,0.050130296,0.028628678583658928,748.0,0.0,0.0,0.0,0.0,1.0,0.12121212121212122,0.17348484848484844,0.8265151515151516,0.0,0.17348484848484844,0.0,0.2662787287709807,0.3885167113935387,0.8787878787878788,0.8787878787878788,0.8787878787878788,0.12121212121212122,16.0,0.12121212121212122,exact,161.74848484848488,24.6,neural,748.0,2992.0,29920.0,nan,0.0,0.0,nan,,,,,,,,,,,,,,,
reviewer1_transition_dynamics_shift_smoke,reviewer1_transition_dynamics_shift_smoke,configs/reviewer1_remaining/smoke/transition_dynamics_shift.yaml,Reviewer1-transition-dynamics-shift-smoke,Reviewer1TransitionDynamicsShift-v0,Reviewer1TransitionDynamicsShift-v0,native_gymnasium_observation,same_input_crisp,11001,train,4702,,,4702,42,-2.0000000000000013,160,0.0,4702,262,0.0018577981259495435,0.03505709022283554,0,0,3,9.77627609999763,9.77627609999763,0.0,9.77627609999763,0.0,b240632d76bfe6919b44416ecd12239cbcb93cea,1.8.0,cde18190c3c8d2f5e97799ac5572ab19fe5ea4929fd0422da19b385b1d617f1e,True,3.14.3,2.11.0+cpu,2.4.3,1.3.0,3.1.0,not-installed,not-installed,0.09633458646616502,0.0,0.0001221806,0.003465835285187555,771.0,1.0,0.0,0.0,0.0,0.0,0.19375,0.08531249999999999,0.9146875000000001,0.0,0.08531249999999999,0.0,0.16571394725815758,0.699685210745369,0.80625,0.80625,0.80625,0.19375,31.0,0.19375,exact,175.120625,28.05,neural,771.0,3084.0,30840.0,nan,0.0,0.0,nan,,,,,,,,,,,,,,,
reviewer1_transition_dynamics_shift_smoke,reviewer1_transition_dynamics_shift_smoke,configs/reviewer1_remaining/smoke/transition_dynamics_shift.yaml,Reviewer1-transition-dynamics-shift-smoke,Reviewer1TransitionDynamicsShift-v0,Reviewer1TransitionDynamicsShift-v0,native_gymnasium_observation,same_input_crisp,11001,train,4862,,,4862,43,-1.9900000000000015,160,0.0,4862,272,0.0017925919219658895,0.03505709022283554,0,0,3,10.099582399998326,10.099582399998326,0.0,10.099582399998326,0.0,b240632d76bfe6919b44416ecd12239cbcb93cea,1.8.0,cde18190c3c8d2f5e97799ac5572ab19fe5ea4929fd0422da19b385b1d617f1e,True,3.14.3,2.11.0+cpu,2.4.3,1.3.0,3.1.0,not-installed,not-installed,0.0977232924693515,0.0,0.000102672624,0.002692808060179563,779.0,1.0,0.0,0.0,0.0,0.0,0.025,0.1725,0.8275,0.0,0.1725,0.0,0.2608832304835984,0.7518594707894127,0.975,0.975,0.975,0.025,4.0,0.025,exact,181.193125,25.8,neural,779.0,3116.0,31160.0,nan,0.0,0.0,nan,,,,,,,,,,,,,,,
reviewer1_transition_dynamics_shift_smoke,reviewer1_transition_dynamics_shift_smoke,configs/reviewer1_remaining/smoke/transition_dynamics_shift.yaml,Reviewer1-transition-dynamics-shift-smoke,Reviewer1TransitionDynamicsShift-v0,Reviewer1TransitionDynamicsShift-v0,native_gymnasium_observation,same_input_crisp,11001,train,4895,,,4895,44,0.5799999999999998,33,1.0,4895,274,0.001815177018521141,0.03505709022283554,0,0,3,10.14787559999968,10.14787559999968,0.0,10.14787559999968,0.0,b240632d76bfe6919b44416ecd12239cbcb93cea,1.8.0,cde18190c3c8d2f5e97799ac5572ab19fe5ea4929fd0422da19b385b1d617f1e,True,3.14.3,2.11.0+cpu,2.4.3,1.3.0,3.1.0,not-installed,not-installed,0.0970537261698435,0.0,0.050144937,0.024635930396073577,797.0,0.0,0.0,0.0,0.0,1.0,0.45454545454545453,0.02727272727272728,0.9727272727272728,0.0,0.02727272727272728,0.05,0.06925571096676292,0.7425061959490593,0.5454545454545454,0.5454545454545454,0.5454545454545454,0.45454545454545453,15.0,0.45454545454545453,exact,134.34848484848484,23.7,neural,797.0,3188.0,31880.0,nan,0.0,0.0,nan,,,,,,,,,,,,,,,
reviewer1_transition_dynamics_shift_smoke,reviewer1_transition_dynamics_shift_smoke,configs/reviewer1_remaining/smoke/transition_dynamics_shift.yaml,Reviewer1-transition-dynamics-shift-smoke,Reviewer1TransitionDynamicsShift-v0,Reviewer1TransitionDynamicsShift-v0,native_gymnasium_observation,same_input_crisp,11001,train,5055,,,5055,45,-2.0800000000000005,160,0.0,5055,284,0.0017860107793342356,0.03505709022283554,0,0,3,10.50754120000056,10.50754120000056,0.0,10.50754120000056,0.0,b240632d76bfe6919b44416ecd12239cbcb93cea,1.8.0,cde18190c3c8d2f5e97799ac5572ab19fe5ea4929fd0422da19b385b1d617f1e,True,3.14.3,2.11.0+cpu,2.4.3,1.3.0,3.1.0,not-installed,not-installed,0.10476575121163108,0.0,0.000106529085,0.0036160687944069383,823.0,1.0,0.0,0.0,0.0,0.0,0.125,0.17874999999999996,0.82125,0.0,0.17874999999999996,0.0,0.21132274370194715,0.6637430018198869,0.875,0.875,0.875,0.125,20.0,0.125,exact,192.26749999999998,27.1,neural,823.0,3292.0,32920.0,nan,0.0,0.0,nan,,,,,,,,,,,,,,,
reviewer1_transition_dynamics_shift_smoke,reviewer1_transition_dynamics_shift_smoke,configs/reviewer1_remaining/smoke/transition_dynamics_shift.yaml,Reviewer1-transition-dynamics-shift-smoke,Reviewer1TransitionDynamicsShift-v0,Reviewer1TransitionDynamicsShift-v0,native_gymnasium_observation,same_input_crisp,11001,train,5170,,,5170,46,-0.4900000000000009,115,1.0,5170,292,0.0017486844895781722,0.03505709022283554,0,0,3,10.686455399998522,10.686455399998522,0.0,10.686455399998522,0.0,b240632d76bfe6919b44416ecd12239cbcb93cea,1.8.0,cde18190c3c8d2f5e97799ac5572ab19fe5ea4929fd0422da19b385b1d617f1e,True,3.14.3,2.11.0+cpu,2.4.3,1.3.0,3.1.0,not-installed,not-installed,0.10316846986089581,0.0,0.050136823,0.021568077876478162,846.0,0.0,0.0,0.0,0.0,1.0,0.19130434782608696,0.04826086956521739,0.9517391304347824,0.0,0.04826086956521739,0.0,0.2027124333122436,0.7533599774671397,0.808695652173913,0.808695652173913,0.808695652173913,0.19130434782608696,22.0,0.19130434782608696,exact,180.02608695652174,24.5,neural,846.0,3384.0,33840.0,nan,0.0,0.0,nan,,,,,,,,,,,,,,,
reviewer1_transition_dynamics_shift_smoke,reviewer1_transition_dynamics_shift_smoke,configs/reviewer1_remaining/smoke/transition_dynamics_shift.yaml,Reviewer1-transition-dynamics-shift-smoke,Reviewer1TransitionDynamicsShift-v0,Reviewer1TransitionDynamicsShift-v0,native_gymnasium_observation,same_input_crisp,11001,train,5330,,,5330,47,-2.0400000000000005,160,0.0,5330,302,0.001725137916891138,0.03505709022283554,0,0,3,11.02083219999622,11.02083219999622,0.0,11.02083219999622,0.0,b240632d76bfe6919b44416ecd12239cbcb93cea,1.8.0,cde18190c3c8d2f5e97799ac5572ab19fe5ea4929fd0422da19b385b1d617f1e,True,3.14.3,2.11.0+cpu,2.4.3,1.3.0,3.1.0,not-installed,not-installed,0.09949053857350727,0.0,0.00014782544,0.003918629831125052,872.0,1.0,0.0,0.0,0.0,0.0,0.18125,0.040937499999999995,0.9590624999999999,0.0,0.040937499999999995,0.0,0.14517365894261816,0.6198517268892316,0.81875,0.81875,0.81875,0.18125,29.0,0.18125,exact,187.65625,25.85,neural,872.0,3488.0,34880.0,nan,0.0,0.0,nan,,,,,,,,,,,,,,,
reviewer1_transition_dynamics_shift_smoke,reviewer1_transition_dynamics_shift_smoke,configs/reviewer1_remaining/smoke/transition_dynamics_shift.yaml,Reviewer1-transition-dynamics-shift-smoke,Reviewer1TransitionDynamicsShift-v0,Reviewer1TransitionDynamicsShift-v0,native_gymnasium_observation,same_input_crisp,11001,train,5490,,,5490,48,-1.9600000000000015,160,0.0,5490,312,0.0017491404494019381,0.03505709022283554,0,0,3,11.382632100001501,11.382632100001501,0.0,11.382632100001501,0.0,b240632d76bfe6919b44416ecd12239cbcb93cea,1.8.0,cde18190c3c8d2f5e97799ac5572ab19fe5ea4929fd0422da19b385b1d617f1e,True,3.14.3,2.11.0+cpu,2.4.3,1.3.0,3.1.0,not-installed,not-installed,0.11673582295988864,0.0,9.904218e-05,0.002879153852961588,886.0,1.0,0.0,0.0,0.0,0.0,0.14375,0.4815624999999999,0.5184375,0.0,0.4815624999999999,0.8999999999999999,0.3895671060739638,0.6588937818801389,0.85625,0.85625,0.85625,0.14375,23.0,0.14375,exact,175.27249999999998,28.0,neural,886.0,3544.0,35440.0,nan,0.0,0.0,nan,,,,,,,,,,,,,,,
reviewer1_transition_dynamics_shift_smoke,reviewer1_transition_dynamics_shift_smoke,configs/reviewer1_remaining/smoke/transition_dynamics_shift.yaml,Reviewer1-transition-dynamics-shift-smoke,Reviewer1TransitionDynamicsShift-v0,Reviewer1TransitionDynamicsShift-v0,native_gymnasium_observation,same_input_crisp,11001,train,5650,,,5650,49,-1.9300000000000015,160,0.0,5650,322,0.0017005078991121606,0.03505709022283554,0,0,3,11.719948199999635,11.719948199999635,0.0,11.719948199999635,0.0,b240632d76bfe6919b44416ecd12239cbcb93cea,1.8.0,cde18190c3c8d2f5e97799ac5572ab19fe5ea4929fd0422da19b385b1d617f1e,True,3.14.3,2.11.0+cpu,2.4.3,1.3.0,3.1.0,not-installed,not-installed,0.1206464379947222,0.0,0.0001083435,0.0028884402740475563,894.0,1.0,0.0,0.0,0.0,0.0,0.05625,0.2778125,0.7221875000000001,0.0,0.2778125,0.8999999999999999,0.3390474590035187,0.5015857811514828,0.94375,0.94375,0.94375,0.05625,9.0,0.05625,exact,165.34437499999999,24.7,neural,894.0,3576.0,35760.0,nan,0.0,0.0,nan,,,,,,,,,,,,,,,
reviewer1_transition_dynamics_shift_smoke,reviewer1_transition_dynamics_shift_smoke,configs/reviewer1_remaining/smoke/transition_dynamics_shift.yaml,Reviewer1-transition-dynamics-shift-smoke,Reviewer1TransitionDynamicsShift-v0,Reviewer1TransitionDynamicsShift-v0,native_gymnasium_observation,same_input_crisp,11001,train,5810,,,5810,50,-2.080000000000001,160,0.0,5810,332,0.0016739114635567537,0.03505709022283554,0,0,3,12.06731359999685,12.06731359999685,0.0,12.06731359999685,0.0,b240632d76bfe6919b44416ecd12239cbcb93cea,1.8.0,cde18190c3c8d2f5e97799ac5572ab19fe5ea4929fd0422da19b385b1d617f1e,True,3.14.3,2.11.0+cpu,2.4.3,1.3.0,3.1.0,not-installed,not-installed,0.12437655860349048,0.0,8.262361e-05,0.0031708998888973507,907.0,1.0,0.0,0.0,0.0,0.0,0.11875,0.2296875,0.7703125,0.0,0.2296875,0.0,0.3141351333644233,0.7859676912182938,0.88125,0.88125,0.88125,0.11875,19.0,0.11875,exact,204.449375,28.65,neural,907.0,3628.0,36280.0,nan,0.0,0.0,nan,,,,,,,,,,,,,,,
reviewer1_transition_dynamics_shift_smoke,reviewer1_transition_dynamics_shift_smoke,configs/reviewer1_remaining/smoke/transition_dynamics_shift.yaml,Reviewer1-transition-dynamics-shift-smoke,Reviewer1TransitionDynamicsShift-v0,Reviewer1TransitionDynamicsShift-v0,native_gymnasium_observation,same_input_crisp,11001,train,5859,,,5859,51,0.3299999999999996,49,1.0,5859,335,0.001684345551110533,0.03505709022283554,0,0,3,12.128743000001123,12.128743000001123,0.0,12.128743000001123,0.0,b240632d76bfe6919b44416ecd12239cbcb93cea,1.8.0,cde18190c3c8d2f5e97799ac5572ab19fe5ea4929fd0422da19b385b1d617f1e,True,3.14.3,2.11.0+cpu,2.4.3,1.3.0,3.1.0,not-installed,not-installed,0.1234605911330041,0.0,0.05013994,0.026034251381939075,909.0,0.0,0.0,0.0,0.0,1.0,0.0,0.08673469387755102,0.9132653061224489,0.0,0.08673469387755102,0.0,0.21944806455429708,0.44516737646743554,1.0,1.0,1.0,0.0,0.0,0.0,exact,145.63265306122452,22.4,neural,909.0,3636.0,36360.0,nan,0.0,0.0,nan,,,,,,,,,,,,,,,
reviewer1_transition_dynamics_shift_smoke,reviewer1_transition_dynamics_shift_smoke,configs/reviewer1_remaining/smoke/transition_dynamics_shift.yaml,Reviewer1-transition-dynamics-shift-smoke,Reviewer1TransitionDynamicsShift-v0,Reviewer1TransitionDynamicsShift-v0,native_gymnasium_observation,same_input_crisp,11001,eval,6000,6000,-3.1600000000000015,6000,1,-3.1600000000000015,160,0.0,6000,344,0.001704953093986808,0.03505709022283554,0,1,3,13.495646899995336,12.449041799998668,1.0466050999966683,12.449041799998668,1.0466050999966683,b240632d76bfe6919b44416ecd12239cbcb93cea,1.8.0,cde18190c3c8d2f5e97799ac5572ab19fe5ea4929fd0422da19b385b1d617f1e,True,3.14.3,2.11.0+cpu,2.4.3,1.3.0,3.1.0,not-installed,not-installed,0.12245862884160669,0.0,0.00014176666,0.00020865520772733186,924.0,1.0,0.0,0.0,0.0,0.0,1.0,0.0,1.0,0.0,0.0,0.0,0.0,0.7267739820895648,0.0,0.0,0.0,1.0,160.0,1.0,support-boundary collapse,727.1431249999999,696.55,neural,924.0,3696.0,36960.0,nan,0.0,0.0,nan,nan,nan,0,3,nan,nan,nan,unavailable,unavailable,unavailable,nan,nan,0.0,none,nan
reviewer1_transition_dynamics_shift_smoke,reviewer1_transition_dynamics_shift_smoke,configs/reviewer1_remaining/smoke/transition_dynamics_shift.yaml,Reviewer1-transition-dynamics-shift-smoke,Reviewer1TransitionDynamicsShift-v0,Reviewer1TransitionDynamicsShift-v0,native_gymnasium_observation,same_input_crisp,11001,eval,6000,6000,-3.160000000000002,6000,2,-3.160000000000002,160,0.0,6000,344,0.001704953093986808,0.03505709022283554,0,1,3,13.496170799997344,12.449565700000676,1.0466050999966683,12.449565700000676,1.0466050999966683,b240632d76bfe6919b44416ecd12239cbcb93cea,1.8.0,cde18190c3c8d2f5e97799ac5572ab19fe5ea4929fd0422da19b385b1d617f1e,True,3.14.3,2.11.0+cpu,2.4.3,1.3.0,3.1.0,not-installed,not-installed,0.12245862884160669,0.0,0.00014176666,0.00020865520772733186,924.0,1.0,0.0,0.0,0.0,0.0,1.0,0.0,1.0,0.0,0.0,0.0,0.0,0.7534375922745435,0.0,0.0,0.0,1.0,160.0,1.0,support-boundary collapse,690.9075,661.0999999999999,neural,924.0,3696.0,36960.0,nan,0.0,0.0,nan,nan,nan,0,2,nan,nan,nan,unavailable,unavailable,unavailable,nan,nan,0.0,none,nan
reviewer1_transition_dynamics_shift_smoke,reviewer1_transition_dynamics_shift_smoke,configs/reviewer1_remaining/smoke/transition_dynamics_shift.yaml,Reviewer1-transition-dynamics-shift-smoke,Reviewer1TransitionDynamicsShift-v0,Reviewer1TransitionDynamicsShift-v0,native_gymnasium_observation,same_input_crisp,11001,eval,6000,6000,-3.060000000000002,6000,3,-3.060000000000002,160,0.0,6000,344,0.001704953093986808,0.03505709022283554,0,1,3,13.496656199997233,12.450051100000564,1.0466050999966683,12.450051100000564,1.0466050999966683,b240632d76bfe6919b44416ecd12239cbcb93cea,1.8.0,cde18190c3c8d2f5e97799ac5572ab19fe5ea4929fd0422da19b385b1d617f1e,True,3.14.3,2.11.0+cpu,2.4.3,1.3.0,3.1.0,not-installed,not-installed,0.12245862884160669,0.0,0.00014176666,0.00020865520772733186,924.0,1.0,0.0,0.0,0.0,0.0,0.9875,0.000625,0.999375,0.0,0.000625,0.0,0.0006096321937410748,0.8512868096889449,0.0125,0.0125,0.0125,0.9875,158.0,0.9875,support-boundary collapse,669.76125,625.55,neural,924.0,3696.0,36960.0,nan,0.0,0.0,nan,nan,nan,0,1,nan,nan,nan,unavailable,unavailable,unavailable,nan,nan,0.0,none,nan
reviewer1_transition_dynamics_shift_smoke,reviewer1_transition_dynamics_shift_smoke,configs/reviewer1_remaining/smoke/transition_dynamics_shift.yaml,Reviewer1-transition-dynamics-shift-smoke,Reviewer1TransitionDynamicsShift-v0,Reviewer1TransitionDynamicsShift-v0,native_gymnasium_observation,same_input_crisp,11001,eval,6000,6000,-1.6500000000000012,6000,4,-1.6500000000000012,160,0.0,6000,344,0.001704953093986808,0.03505709022283554,0,1,3,13.496930399996927,12.450325300000259,1.0466050999966683,12.450325300000259,1.0466050999966683,b240632d76bfe6919b44416ecd12239cbcb93cea,1.8.0,cde18190c3c8d2f5e97799ac5572ab19fe5ea4929fd0422da19b385b1d617f1e,True,3.14.3,2.11.0+cpu,2.4.3,1.3.0,3.1.0,not-installed,not-installed,0.12245862884160669,0.0,0.00014176666,0.00020865520772733186,924.0,1.0,0.0,0.0,0.0,0.0,0.0,0.46624999999999994,0.5337500000000001,0.0,0.46624999999999994,0.8999999999999999,0.5060203081969542,0.4981273913142884,1.0,1.0,1.0,0.0,0.0,0.0,exact,677.489375,648.7,neural,924.0,3696.0,36960.0,nan,0.0,0.0,nan,nan,nan,0,2,nan,nan,nan,unavailable,unavailable,unavailable,nan,nan,0.0,none,nan
reviewer1_transition_dynamics_shift_smoke,reviewer1_transition_dynamics_shift_smoke,configs/reviewer1_remaining/smoke/transition_dynamics_shift.yaml,Reviewer1-transition-dynamics-shift-smoke,Reviewer1TransitionDynamicsShift-v0,Reviewer1TransitionDynamicsShift-v0,native_gymnasium_observation,same_input_crisp,11001,train,6019,,,6019,52,-1.9300000000000015,160,0.0,6019,345,0.0017218703878377024,0.03505709022283554,0,1,3,13.54791899999691,12.501313900000241,1.0466050999966683,12.501313900000241,1.0466050999966683,b240632d76bfe6919b44416ecd12239cbcb93cea,1.8.0,cde18190c3c8d2f5e97799ac5572ab19fe5ea4929fd0422da19b385b1d617f1e,True,3.14.3,2.11.0+cpu,2.4.3,1.3.0,3.1.0,not-installed,not-installed,0.12810304449648627,0.0,0.0001086698,0.0036235121480814336,924.0,1.0,0.0,0.0,0.0,0.0,0.10625,0.1628125,0.8371875,0.0,0.1628125,0.0,0.2535594387845042,0.6411859142356829,0.89375,0.89375,0.89375,0.10625,17.0,0.10625,exact,186.48562500000003,27.9,neural,924.0,3696.0,36960.0,nan,0.0,0.0,nan,,,,,,,,,,,,,,,
reviewer1_transition_dynamics_shift_smoke,reviewer1_transition_dynamics_shift_smoke,configs/reviewer1_remaining/smoke/transition_dynamics_shift.yaml,Reviewer1-transition-dynamics-shift-smoke,Reviewer1TransitionDynamicsShift-v0,Reviewer1TransitionDynamicsShift-v0,native_gymnasium_observation,same_input_crisp,11001,train,6024,,,6024,53,0.96,5,1.0,6024,345,0.0017218703878377024,0.03505709022283554,0,1,3,13.555389599998307,12.508784500001639,1.0466050999966683,12.508784500001639,1.0466050999966683,b240632d76bfe6919b44416ecd12239cbcb93cea,1.8.0,cde18190c3c8d2f5e97799ac5572ab19fe5ea4929fd0422da19b385b1d617f1e,True,3.14.3,2.11.0+cpu,2.4.3,1.3.0,3.1.0,not-installed,not-installed,0.12782963827304464,0.0,0.0338075,0.02546252465629807,924.0,0.0,0.0,0.0,0.0,1.0,0.0,0.05,0.95,0.0,0.05,0.0,0.19568233492445666,0.4565188196857906,1.0,1.0,1.0,0.0,0.0,0.0,exact,434.56000000000006,547.2,neural,924.0,3696.0,36960.0,nan,0.0,0.0,nan,,,,,,,,,,,,,,,
reviewer1_transition_dynamics_shift_smoke,reviewer1_transition_dynamics_shift_smoke,configs/reviewer1_remaining/smoke/transition_dynamics_shift.yaml,Reviewer1-transition-dynamics-shift-smoke,Reviewer1TransitionDynamicsShift-v0,Reviewer1TransitionDynamicsShift-v0,native_gymnasium_observation,same_input_crisp,11001,train,6184,,,6184,54,-1.9000000000000012,160,0.0,6184,355,0.0017204714619675915,0.03505709022283554,0,1,3,13.955032499994559,12.90842739999789,1.0466050999966683,12.90842739999789,1.0466050999966683,b240632d76bfe6919b44416ecd12239cbcb93cea,1.8.0,cde18190c3c8d2f5e97799ac5572ab19fe5ea4929fd0422da19b385b1d617f1e,True,3.14.3,2.11.0+cpu,2.4.3,1.3.0,3.1.0,not-installed,not-installed,0.1272575250836111,0.0,0.00012127763,0.0023127934693316456,943.0,1.0,0.0,0.0,0.0,0.0,0.01875,0.07718749999999999,0.9228125,0.0,0.07718749999999999,0.0,0.20759257804972134,0.7753516148226519,0.98125,0.98125,0.98125,0.01875,3.0,0.01875,exact,177.790625,28.9,neural,943.0,3772.0,37720.0,nan,0.0,0.0,nan,,,,,,,,,,,,,,,
reviewer1_transition_dynamics_shift_smoke,reviewer1_transition_dynamics_shift_smoke,configs/reviewer1_remaining/smoke/transition_dynamics_shift.yaml,Reviewer1-transition-dynamics-shift-smoke,Reviewer1TransitionDynamicsShift-v0,Reviewer1TransitionDynamicsShift-v0,native_gymnasium_observation,same_input_crisp,11001,train,6344,,,6344,55,-1.8600000000000014,160,0.0,6344,365,0.0017024362006277318,0.03505709022283554,0,1,3,14.285477799996443,13.238872699999774,1.0466050999966683,13.238872699999774,1.0466050999966683,b240632d76bfe6919b44416ecd12239cbcb93cea,1.8.0,cde18190c3c8d2f5e97799ac5572ab19fe5ea4929fd0422da19b385b1d617f1e,True,3.14.3,2.11.0+cpu,2.4.3,1.3.0,3.1.0,not-installed,not-installed,0.1353220696937689,0.0,9.15551e-05,0.002450203651116075,957.0,1.0,0.0,0.0,0.0,0.0,0.15625,0.2840625,0.7159375,0.0,0.2840625,0.8999999999999999,0.30834800239382965,0.6793111550356841,0.84375,0.84375,0.84375,0.15625,25.0,0.15625,exact,222.47625,28.15,neural,957.0,3828.0,38280.0,nan,0.0,0.0,nan,,,,,,,,,,,,,,,
reviewer1_transition_dynamics_shift_smoke,reviewer1_transition_dynamics_shift_smoke,configs/reviewer1_remaining/smoke/transition_dynamics_shift.yaml,Reviewer1-transition-dynamics-shift-smoke,Reviewer1TransitionDynamicsShift-v0,Reviewer1TransitionDynamicsShift-v0,native_gymnasium_observation,same_input_crisp,11001,train,6455,,,6455,56,-0.4600000000000011,111,1.0,6455,372,0.0016917241488455706,0.03505709022283554,0,1,3,14.467757300000812,13.421152200004144,1.0466050999966683,13.421152200004144,1.0466050999966683,b240632d76bfe6919b44416ecd12239cbcb93cea,1.8.0,cde18190c3c8d2f5e97799ac5572ab19fe5ea4929fd0422da19b385b1d617f1e,True,3.14.3,2.11.0+cpu,2.4.3,1.3.0,3.1.0,not-installed,not-installed,0.13412778904665254,0.0,0.050127365,0.02617765691622299,984.0,0.0,0.0,0.0,0.0,1.0,0.27927927927927926,0.1333333333333334,0.8666666666666668,0.0,0.1333333333333334,0.05,0.1646673372810949,0.5997367970793245,0.7207207207207207,0.7207207207207207,0.7207207207207207,0.27927927927927926,31.0,0.27927927927927926,exact,241.6405405405406,25.6,neural,984.0,3936.0,39360.0,nan,0.0,0.0,nan,,,,,,,,,,,,,,,
reviewer1_transition_dynamics_shift_smoke,reviewer1_transition_dynamics_shift_smoke,configs/reviewer1_remaining/smoke/transition_dynamics_shift.yaml,Reviewer1-transition-dynamics-shift-smoke,Reviewer1TransitionDynamicsShift-v0,Reviewer1TransitionDynamicsShift-v0,native_gymnasium_observation,same_input_crisp,11001,train,6456,,,6456,57,1.0,1,1.0,6456,372,0.0016917241488455706,0.03505709022283554,0,1,3,14.47045779999462,13.423852699997951,1.0466050999966683,13.423852699997951,1.0466050999966683,b240632d76bfe6919b44416ecd12239cbcb93cea,1.8.0,cde18190c3c8d2f5e97799ac5572ab19fe5ea4929fd0422da19b385b1d617f1e,True,3.14.3,2.11.0+cpu,2.4.3,1.3.0,3.1.0,not-installed,not-installed,0.13412778904665254,0.0,0.097620994,0.05926916105325955,985.0,0.0,0.0,0.0,0.0,1.0,0.0,0.05,0.95,0.0,0.05,0.0,0.1392920235749422,0.5480104989005514,1.0,1.0,1.0,0.0,0.0,0.0,exact,22.3,22.3,neural,985.0,3940.0,39400.0,nan,0.0,0.0,nan,,,,,,,,,,,,,,,
reviewer1_transition_dynamics_shift_smoke,reviewer1_transition_dynamics_shift_smoke,configs/reviewer1_remaining/smoke/transition_dynamics_shift.yaml,Reviewer1-transition-dynamics-shift-smoke,Reviewer1TransitionDynamicsShift-v0,Reviewer1TransitionDynamicsShift-v0,native_gymnasium_observation,same_input_crisp,11001,train,6461,,,6461,58,0.94,5,1.0,6461,372,0.0016917241488455706,0.03505709022283554,0,1,3,14.476825400000962,13.430220300004294,1.0466050999966683,13.430220300004294,1.0466050999966683,b240632d76bfe6919b44416ecd12239cbcb93cea,1.8.0,cde18190c3c8d2f5e97799ac5572ab19fe5ea4929fd0422da19b385b1d617f1e,True,3.14.3,2.11.0+cpu,2.4.3,1.3.0,3.1.0,not-installed,not-installed,0.1338562753036431,0.0,0.12558062,0.06664457714654737,988.0,0.0,0.0,0.0,0.0,1.0,1.0,0.0,1.0,0.0,0.0,0.0,0.0,0.6439562917115256,0.0,0.0,0.0,1.0,5.0,1.0,support-boundary collapse,272.0,25.3,neural,988.0,3952.0,39520.0,nan,0.0,0.0,nan,,,,,,,,,,,,,,,
reviewer1_transition_dynamics_shift_smoke,reviewer1_transition_dynamics_shift_smoke,configs/reviewer1_remaining/smoke/transition_dynamics_shift.yaml,Reviewer1-transition-dynamics-shift-smoke,Reviewer1TransitionDynamicsShift-v0,Reviewer1TransitionDynamicsShift-v0,native_gymnasium_observation,same_input_crisp,11001,train,6621,,,6621,59,-2.010000000000001,160,0.0,6621,382,0.0017099163314019494,0.03505709022283554,0,1,3,14.778420199996617,13.731815099999949,1.0466050999966683,13.731815099999949,1.0466050999966683,b240632d76bfe6919b44416ecd12239cbcb93cea,1.8.0,cde18190c3c8d2f5e97799ac5572ab19fe5ea4929fd0422da19b385b1d617f1e,True,3.14.3,2.11.0+cpu,2.4.3,1.3.0,3.1.0,not-installed,not-installed,0.1321917808219174,0.0,0.00016028904,0.005593050660737931,1023.0,1.0,0.0,0.0,0.0,0.0,0.225,0.10062499999999999,0.8993750000000003,0.0,0.10062499999999999,0.0,0.15506895372802737,0.5626235950309545,0.775,0.775,0.775,0.225,36.0,0.225,exact,159.2075,25.0,neural,1023.0,4092.0,40920.0,nan,0.0,0.0,nan,,,,,,,,,,,,,,,
reviewer1_transition_dynamics_shift_smoke,reviewer1_transition_dynamics_shift_smoke,configs/reviewer1_remaining/smoke/transition_dynamics_shift.yaml,Reviewer1-transition-dynamics-shift-smoke,Reviewer1TransitionDynamicsShift-v0,Reviewer1TransitionDynamicsShift-v0,native_gymnasium_observation,same_input_crisp,11001,train,6781,,,6781,60,-2.0200000000000014,160,0.0,6781,392,0.0017138768104202,0.03505709022283554,0,1,3,15.096223299995472,14.049618199998804,1.0466050999966683,14.049618199998804,1.0466050999966683,b240632d76bfe6919b44416ecd12239cbcb93cea,1.8.0,cde18190c3c8d2f5e97799ac5572ab19fe5ea4929fd0422da19b385b1d617f1e,True,3.14.3,2.11.0+cpu,2.4.3,1.3.0,3.1.0,not-installed,not-installed,0.13002806361085129,0.0,0.00011644776,0.0044461786778467,1045.0,1.0,0.0,0.0,0.0,0.0,0.05625,0.1034375,0.8965624999999999,0.0,0.1034375,0.0,0.214563811765785,0.5217335956902199,0.94375,0.94375,0.94375,0.05625,9.0,0.05625,exact,224.65750000000003,28.799999999999997,neural,1045.0,4180.0,41800.0,nan,0.0,0.0,nan,,,,,,,,,,,,,,,
reviewer1_transition_dynamics_shift_smoke,reviewer1_transition_dynamics_shift_smoke,configs/reviewer1_remaining/smoke/transition_dynamics_shift.yaml,Reviewer1-transition-dynamics-shift-smoke,Reviewer1TransitionDynamicsShift-v0,Reviewer1TransitionDynamicsShift-v0,native_gymnasium_observation,same_input_crisp,11001,train,6941,,,6941,61,-1.9500000000000015,160,0.0,6941,402,0.0016779043412792256,0.03505709022283554,0,1,3,15.40978609999729,14.363181000000623,1.0466050999966683,14.363181000000623,1.0466050999966683,b240632d76bfe6919b44416ecd12239cbcb93cea,1.8.0,cde18190c3c8d2f5e97799ac5572ab19fe5ea4929fd0422da19b385b1d617f1e,True,3.14.3,2.11.0+cpu,2.4.3,1.3.0,3.1.0,not-installed,not-installed,0.14215686274509817,0.0,9.478606e-05,0.003133718859667739,1054.0,1.0,0.0,0.0,0.0,0.0,0.1125,0.41000000000000003,0.5900000000000001,0.0,0.41000000000000003,0.8999999999999999,0.41881879181908443,0.5267479818428361,0.8875,0.8875,0.8875,0.1125,18.0,0.1125,exact,233.366875,28.9,neural,1054.0,4216.0,42160.0,nan,0.0,0.0,nan,,,,,,,,,,,,,,,
reviewer1_transition_dynamics_shift_smoke,reviewer1_transition_dynamics_shift_smoke,configs/reviewer1_remaining/smoke/transition_dynamics_shift.yaml,Reviewer1-transition-dynamics-shift-smoke,Reviewer1TransitionDynamicsShift-v0,Reviewer1TransitionDynamicsShift-v0,native_gymnasium_observation,same_input_crisp,11001,train,7101,,,7101,62,-1.7700000000000014,160,0.0,7101,412,0.0016632327764260853,0.03505709022283554,0,1,3,15.753824100000202,14.707219000003533,1.0466050999966683,14.707219000003533,1.0466050999966683,b240632d76bfe6919b44416ecd12239cbcb93cea,1.8.0,cde18190c3c8d2f5e97799ac5572ab19fe5ea4929fd0422da19b385b1d617f1e,True,3.14.3,2.11.0+cpu,2.4.3,1.3.0,3.1.0,not-installed,not-installed,0.14803921568627484,0.0,6.802965e-05,0.004140356174402281,1060.0,1.0,0.0,0.0,0.0,0.0,0.04375,0.3403124999999999,0.6596875,0.0,0.3403124999999999,0.8999999999999999,0.36181076636814835,0.7795739899183516,0.95625,0.95625,0.95625,0.04375,7.0,0.04375,exact,291.59875,33.95,neural,1060.0,4240.0,42400.0,nan,0.0,0.0,nan,,,,,,,,,,,,,,,
reviewer1_transition_dynamics_shift_smoke,reviewer1_transition_dynamics_shift_smoke,configs/reviewer1_remaining/smoke/transition_dynamics_shift.yaml,Reviewer1-transition-dynamics-shift-smoke,Reviewer1TransitionDynamicsShift-v0,Reviewer1TransitionDynamicsShift-v0,native_gymnasium_observation,same_input_crisp,11001,train,7261,,,7261,63,-1.9600000000000015,160,0.0,7261,422,0.0016820554253099028,0.03505709022283554,0,1,3,16.2075662999996,15.16096120000293,1.0466050999966683,15.16096120000293,1.0466050999966683,b240632d76bfe6919b44416ecd12239cbcb93cea,1.8.0,cde18190c3c8d2f5e97799ac5572ab19fe5ea4929fd0422da19b385b1d617f1e,True,3.14.3,2.11.0+cpu,2.4.3,1.3.0,3.1.0,not-installed,not-installed,0.1560777957860621,0.0,0.000106057974,0.0050335103722472215,1081.0,1.0,0.0,0.0,0.0,0.0,0.15625,0.2559375,0.7440624999999998,0.0,0.2559375,0.0,0.28353347381782196,0.467091747643354,0.84375,0.84375,0.84375,0.15625,25.0,0.15625,exact,323.166875,36.95,neural,1081.0,4324.0,43240.0,nan,0.0,0.0,nan,,,,,,,,,,,,,,,
reviewer1_transition_dynamics_shift_smoke,reviewer1_transition_dynamics_shift_smoke,configs/reviewer1_remaining/smoke/transition_dynamics_shift.yaml,Reviewer1-transition-dynamics-shift-smoke,Reviewer1TransitionDynamicsShift-v0,Reviewer1TransitionDynamicsShift-v0,native_gymnasium_observation,same_input_crisp,11001,train,7421,,,7421,64,-2.119999999999999,160,0.0,7421,432,0.0016573564491106179,0.03505709022283554,0,1,3,16.554748899994593,15.508143799997924,1.0466050999966683,15.508143799997924,1.0466050999966683,b240632d76bfe6919b44416ecd12239cbcb93cea,1.8.0,cde18190c3c8d2f5e97799ac5572ab19fe5ea4929fd0422da19b385b1d617f1e,True,3.14.3,2.11.0+cpu,2.4.3,1.3.0,3.1.0,not-installed,not-installed,0.1615175097276271,0.0,6.902352e-05,0.004514804621358881,1096.0,1.0,0.0,0.0,0.0,0.0,0.1,0.315,0.6849999999999999,0.0,0.315,0.8999999999999999,0.3386459640284021,0.835676385358252,0.9,0.9,0.9,0.1,16.0,0.1,exact,273.02625,34.5,neural,1096.0,4384.0,43840.0,nan,0.0,0.0,nan,,,,,,,,,,,,,,,
reviewer1_transition_dynamics_shift_smoke,reviewer1_transition_dynamics_shift_smoke,configs/reviewer1_remaining/smoke/transition_dynamics_shift.yaml,Reviewer1-transition-dynamics-shift-smoke,Reviewer1TransitionDynamicsShift-v0,Reviewer1TransitionDynamicsShift-v0,native_gymnasium_observation,same_input_crisp,11001,train,7581,,,7581,65,-1.8700000000000014,160,0.0,7581,442,0.0016639813316176853,0.03505709022283554,0,1,3,16.96829219999927,15.9216871000026,1.0466050999966683,15.9216871000026,1.0466050999966683,b240632d76bfe6919b44416ecd12239cbcb93cea,1.8.0,cde18190c3c8d2f5e97799ac5572ab19fe5ea4929fd0422da19b385b1d617f1e,True,3.14.3,2.11.0+cpu,2.4.3,1.3.0,3.1.0,not-installed,not-installed,0.18128698224852124,0.0,8.3177096e-05,0.004793539052887941,1096.0,1.0,0.0,0.0,0.0,0.0,0.0,0.528125,0.471875,0.0,0.528125,0.8999999999999999,0.480860484788922,0.7524090487647256,1.0,1.0,1.0,0.0,0.0,0.0,exact,313.1825,39.8,memory,1096.0,4384.0,43840.0,nan,0.0,0.0,nan,,,,,,,,,,,,,,,
reviewer1_transition_dynamics_shift_smoke,reviewer1_transition_dynamics_shift_smoke,configs/reviewer1_remaining/smoke/transition_dynamics_shift.yaml,Reviewer1-transition-dynamics-shift-smoke,Reviewer1TransitionDynamicsShift-v0,Reviewer1TransitionDynamicsShift-v0,native_gymnasium_observation,same_input_crisp,11001,train,7710,,,7710,66,-0.7500000000000013,129,1.0,7710,450,0.0016408141379522729,0.03505709022283554,0,1,3,17.229211699996085,16.182606599999417,1.0466050999966683,16.182606599999417,1.0466050999966683,b240632d76bfe6919b44416ecd12239cbcb93cea,1.8.0,cde18190c3c8d2f5e97799ac5572ab19fe5ea4929fd0422da19b385b1d617f1e,True,3.14.3,2.11.0+cpu,2.4.3,1.3.0,3.1.0,not-installed,not-installed,0.18037116345467602,0.0,0.050102524,0.02709282810081524,1109.0,0.0,0.0,0.0,0.0,1.0,0.07751937984496124,0.12286821705426357,0.8771317829457365,0.0,0.12286821705426357,0.0,0.2586675355157972,0.4662466023978917,0.9224806201550387,0.9224806201550387,0.9224806201550387,0.07751937984496124,10.0,0.07751937984496124,exact,263.31627906976746,30.5,neural,1109.0,4436.0,44360.0,nan,0.0,0.0,nan,,,,,,,,,,,,,,,
reviewer1_transition_dynamics_shift_smoke,reviewer1_transition_dynamics_shift_smoke,configs/reviewer1_remaining/smoke/transition_dynamics_shift.yaml,Reviewer1-transition-dynamics-shift-smoke,Reviewer1TransitionDynamicsShift-v0,Reviewer1TransitionDynamicsShift-v0,native_gymnasium_observation,same_input_crisp,11001,train,7733,,,7733,67,0.71,23,1.0,7733,452,0.0016368792875681745,0.03505709022283554,0,1,3,17.266031200000725,16.219426100004057,1.0466050999966683,16.219426100004057,1.0466050999966683,b240632d76bfe6919b44416ecd12239cbcb93cea,1.8.0,cde18190c3c8d2f5e97799ac5572ab19fe5ea4929fd0422da19b385b1d617f1e,True,3.14.3,2.11.0+cpu,2.4.3,1.3.0,3.1.0,not-installed,not-installed,0.1791430594900858,0.0,0.06550038,0.02828119989313261,1119.0,0.0,0.0,0.0,0.0,1.0,0.5652173913043478,0.021739130434782605,0.9782608695652172,0.0,0.021739130434782605,0.05,0.037340948117865036,0.7947519632370539,0.43478260869565216,0.43478260869565216,0.43478260869565216,0.5652173913043478,13.0,0.5652173913043478,support-boundary collapse,307.05652173913046,26.1,neural,1119.0,4476.0,44760.0,nan,0.0,0.0,nan,,,,,,,,,,,,,,,
reviewer1_transition_dynamics_shift_smoke,reviewer1_transition_dynamics_shift_smoke,configs/reviewer1_remaining/smoke/transition_dynamics_shift.yaml,Reviewer1-transition-dynamics-shift-smoke,Reviewer1TransitionDynamicsShift-v0,Reviewer1TransitionDynamicsShift-v0,native_gymnasium_observation,same_input_crisp,11001,train,7827,,,7827,68,-0.20000000000000084,94,1.0,7827,458,0.0016315636888237144,0.03505709022283554,0,1,3,17.432315400001244,16.385710300004575,1.0466050999966683,16.385710300004575,1.0466050999966683,b240632d76bfe6919b44416ecd12239cbcb93cea,1.8.0,cde18190c3c8d2f5e97799ac5572ab19fe5ea4929fd0422da19b385b1d617f1e,True,3.14.3,2.11.0+cpu,2.4.3,1.3.0,3.1.0,not-installed,not-installed,0.1764767199444068,0.0,0.05065982,0.023857504702287403,1147.0,0.0,0.0,0.0,0.0,1.0,0.2553191489361702,0.037234042553191474,0.9627659574468087,0.0,0.037234042553191474,0.037500000000000006,0.0975704408783751,0.7793442693660594,0.7446808510638298,0.7446808510638298,0.7446808510638298,0.2553191489361702,24.0,0.2553191489361702,exact,213.59361702127663,23.3,neural,1147.0,4588.0,45880.0,nan,0.0,0.0,nan,,,,,,,,,,,,,,,
reviewer1_transition_dynamics_shift_smoke,reviewer1_transition_dynamics_shift_smoke,configs/reviewer1_remaining/smoke/transition_dynamics_shift.yaml,Reviewer1-transition-dynamics-shift-smoke,Reviewer1TransitionDynamicsShift-v0,Reviewer1TransitionDynamicsShift-v0,native_gymnasium_observation,same_input_crisp,11001,train,7987,,,7987,69,-2.19,160,0.0,7987,468,0.0016020211453665108,0.03505709022283554,0,1,3,17.736443099995086,16.689837999998417,1.0466050999966683,16.689837999998417,1.0466050999966683,b240632d76bfe6919b44416ecd12239cbcb93cea,1.8.0,cde18190c3c8d2f5e97799ac5572ab19fe5ea4929fd0422da19b385b1d617f1e,True,3.14.3,2.11.0+cpu,2.4.3,1.3.0,3.1.0,not-installed,not-installed,0.17688207861425834,0.0,0.00010209012,0.00490118259562063,1172.0,1.0,0.0,0.0,0.0,0.0,0.1625,0.15437499999999998,0.8456250000000001,0.0,0.15437499999999998,0.0,0.2321045230041431,0.7264138317810034,0.8375,0.8375,0.8375,0.1625,26.0,0.1625,exact,263.225625,32.599999999999994,neural,1172.0,4688.0,46880.0,nan,0.0,0.0,nan,,,,,,,,,,,,,,,
reviewer1_transition_dynamics_shift_smoke,reviewer1_transition_dynamics_shift_smoke,configs/reviewer1_remaining/smoke/transition_dynamics_shift.yaml,Reviewer1-transition-dynamics-shift-smoke,Reviewer1TransitionDynamicsShift-v0,Reviewer1TransitionDynamicsShift-v0,native_gymnasium_observation,same_input_crisp,11001,train,8047,,,8047,70,0.22999999999999954,60,1.0,8047,471,0.001594695607485124,0.03505709022283554,0,1,3,17.869796599996334,16.823191499999666,1.0466050999966683,16.823191499999666,1.0466050999966683,b240632d76bfe6919b44416ecd12239cbcb93cea,1.8.0,cde18190c3c8d2f5e97799ac5572ab19fe5ea4929fd0422da19b385b1d617f1e,True,3.14.3,2.11.0+cpu,2.4.3,1.3.0,3.1.0,not-installed,not-installed,0.1761482939632559,0.0,0.03627645,0.022528498470926306,1173.0,0.0,0.0,0.0,0.0,1.0,0.0,0.11,0.8900000000000001,0.0,0.11,0.0,0.31859026943273133,0.7387063773763655,1.0,1.0,1.0,0.0,0.0,0.0,exact,312.56499999999994,43.05,neural,1173.0,4692.0,46920.0,nan,0.0,0.0,nan,,,,,,,,,,,,,,,
reviewer1_transition_dynamics_shift_smoke,reviewer1_transition_dynamics_shift_smoke,configs/reviewer1_remaining/smoke/transition_dynamics_shift.yaml,Reviewer1-transition-dynamics-shift-smoke,Reviewer1TransitionDynamicsShift-v0,Reviewer1TransitionDynamicsShift-v0,native_gymnasium_observation,same_input_crisp,11001,train,8207,,,8207,71,-2.0200000000000014,160,0.0,8207,481,0.0015868730894498056,0.03505709022283554,0,1,3,18.213178799996967,17.1665737000003,1.0466050999966683,17.1665737000003,1.0466050999966683,b240632d76bfe6919b44416ecd12239cbcb93cea,1.8.0,cde18190c3c8d2f5e97799ac5572ab19fe5ea4929fd0422da19b385b1d617f1e,True,3.14.3,2.11.0+cpu,2.4.3,1.3.0,3.1.0,not-installed,not-installed,0.17221871049304832,0.0,0.00011262037,0.0024147256876584852,1212.0,1.0,0.0,0.0,0.0,0.0,0.18125,0.07468749999999999,0.9253125000000001,0.0,0.07468749999999999,0.0,0.15712726042767103,0.6515453559705012,0.81875,0.81875,0.81875,0.18125,29.0,0.18125,exact,299.90500000000003,41.8,neural,1212.0,4848.0,48480.0,nan,0.0,0.0,nan,,,,,,,,,,,,,,,
reviewer1_transition_dynamics_shift_smoke,reviewer1_transition_dynamics_shift_smoke,configs/reviewer1_remaining/smoke/transition_dynamics_shift.yaml,Reviewer1-transition-dynamics-shift-smoke,Reviewer1TransitionDynamicsShift-v0,Reviewer1TransitionDynamicsShift-v0,native_gymnasium_observation,same_input_crisp,11001,train,8212,,,8212,72,0.95,5,1.0,8212,482,0.0015837713014144842,0.03505709022283554,0,1,3,18.2257718999972,17.17916680000053,1.0466050999966683,17.17916680000053,1.0466050999966683,b240632d76bfe6919b44416ecd12239cbcb93cea,1.8.0,cde18190c3c8d2f5e97799ac5572ab19fe5ea4929fd0422da19b385b1d617f1e,True,3.14.3,2.11.0+cpu,2.4.3,1.3.0,3.1.0,not-installed,not-installed,0.1721415034744172,0.0,0.050115272,0.02605321574391927,1214.0,0.0,0.0,0.0,0.0,1.0,0.0,0.05,0.95,0.0,0.05,0.0,0.09085281626308521,0.5999278446563354,1.0,1.0,1.0,0.0,0.0,0.0,exact,172.76,19.8,neural,1214.0,4856.0,48560.0,nan,0.0,0.0,nan,,,,,,,,,,,,,,,
reviewer1_transition_dynamics_shift_smoke,reviewer1_transition_dynamics_shift_smoke,configs/reviewer1_remaining/smoke/transition_dynamics_shift.yaml,Reviewer1-transition-dynamics-shift-smoke,Reviewer1TransitionDynamicsShift-v0,Reviewer1TransitionDynamicsShift-v0,native_gymnasium_observation,same_input_crisp,11001,train,8269,,,8269,73,0.19999999999999962,57,1.0,8269,485,0.0015745289366303453,0.03505709022283554,0,1,3,18.317735899996478,17.27113079999981,1.0466050999966683,17.27113079999981,1.0466050999966683,b240632d76bfe6919b44416ecd12239cbcb93cea,1.8.0,cde18190c3c8d2f5e97799ac5572ab19fe5ea4929fd0422da19b385b1d617f1e,True,3.14.3,2.11.0+cpu,2.4.3,1.3.0,3.1.0,not-installed,not-installed,0.16977032898820774,0.0,0.05281019,0.03458122094573813,1226.0,0.0,0.0,0.0,0.0,1.0,0.21052631578947367,0.039473684210526314,0.9605263157894737,0.0,0.039473684210526314,0.0,0.14894058477062805,0.44073542726294096,0.7894736842105263,0.7894736842105263,0.7894736842105263,0.21052631578947367,12.0,0.21052631578947367,exact,340.6842105263158,115.2,neural,1226.0,4904.0,49040.0,nan,0.0,0.0,nan,,,,,,,,,,,,,,,
reviewer1_transition_dynamics_shift_smoke,reviewer1_transition_dynamics_shift_smoke,configs/reviewer1_remaining/smoke/transition_dynamics_shift.yaml,Reviewer1-transition-dynamics-shift-smoke,Reviewer1TransitionDynamicsShift-v0,Reviewer1TransitionDynamicsShift-v0,native_gymnasium_observation,same_input_crisp,11001,train,8429,,,8429,74,-2.0000000000000013,160,0.0,8429,495,0.001589541708785368,0.03505709022283554,0,1,3,18.70974330000172,17.66313820000505,1.0466050999966683,17.66313820000505,1.0466050999966683,b240632d76bfe6919b44416ecd12239cbcb93cea,1.8.0,cde18190c3c8d2f5e97799ac5572ab19fe5ea4929fd0422da19b385b1d617f1e,True,3.14.3,2.11.0+cpu,2.4.3,1.3.0,3.1.0,not-installed,not-installed,0.17018018018018205,0.0,8.252842e-05,0.002499613886354108,1230.0,1.0,0.0,0.0,0.0,0.0,0.04375,0.24468749999999995,0.7553124999999998,0.0,0.24468749999999995,0.0,0.5260104959972847,0.6937536928441597,0.95625,0.95625,0.95625,0.04375,7.0,0.04375,exact,248.975,31.0,neural,1230.0,4920.0,49200.0,nan,0.0,0.0,nan,,,,,,,,,,,,,,,
reviewer1_transition_dynamics_shift_smoke,reviewer1_transition_dynamics_shift_smoke,configs/reviewer1_remaining/smoke/transition_dynamics_shift.yaml,Reviewer1-transition-dynamics-shift-smoke,Reviewer1TransitionDynamicsShift-v0,Reviewer1TransitionDynamicsShift-v0,native_gymnasium_observation,same_input_crisp,11001,train,8589,,,8589,75,-2.050000000000001,160,0.0,8589,505,0.0015636839476410567,0.03505709022283554,0,1,3,19.118285199998354,18.071680100001686,1.0466050999966683,18.071680100001686,1.0466050999966683,b240632d76bfe6919b44416ecd12239cbcb93cea,1.8.0,cde18190c3c8d2f5e97799ac5572ab19fe5ea4929fd0422da19b385b1d617f1e,True,3.14.3,2.11.0+cpu,2.4.3,1.3.0,3.1.0,not-installed,not-installed,0.16847447795823872,0.0,8.686061e-05,0.0030609338190355087,1257.0,1.0,0.0,0.0,0.0,0.0,0.125,0.13374999999999998,0.86625,0.0,0.13374999999999998,0.0,0.20576710884899044,0.6434643766493723,0.875,0.875,0.875,0.125,20.0,0.125,exact,290.59,34.2,neural,1257.0,5028.0,50280.0,nan,0.0,0.0,nan,,,,,,,,,,,,,,,
reviewer1_transition_dynamics_shift_smoke,reviewer1_transition_dynamics_shift_smoke,configs/reviewer1_remaining/smoke/transition_dynamics_shift.yaml,Reviewer1-transition-dynamics-shift-smoke,Reviewer1TransitionDynamicsShift-v0,Reviewer1TransitionDynamicsShift-v0,native_gymnasium_observation,same_input_crisp,11001,train,8665,,,8665,76,0.04999999999999938,76,1.0,8665,510,0.0015610350594358227,0.03505709022283554,0,1,3,19.26912579999771,18.22252070000104,1.0466050999966683,18.22252070000104,1.0466050999966683,b240632d76bfe6919b44416ecd12239cbcb93cea,1.8.0,cde18190c3c8d2f5e97799ac5572ab19fe5ea4929fd0422da19b385b1d617f1e,True,3.14.3,2.11.0+cpu,2.4.3,1.3.0,3.1.0,not-installed,not-installed,0.16615384615384834,0.0,0.050111637,0.021523418909944195,1279.0,0.0,0.0,0.0,0.0,1.0,0.19736842105263158,0.04013157894736841,0.9598684210526316,0.0,0.04013157894736841,0.0,0.12144213944677822,0.6561106888847595,0.8026315789473685,0.8026315789473685,0.8026315789473685,0.19736842105263158,15.0,0.19736842105263158,exact,331.31973684210527,38.35,neural,1279.0,5116.0,51160.0,nan,0.0,0.0,nan,,,,,,,,,,,,,,,
reviewer1_transition_dynamics_shift_smoke,reviewer1_transition_dynamics_shift_smoke,configs/reviewer1_remaining/smoke/transition_dynamics_shift.yaml,Reviewer1-transition-dynamics-shift-smoke,Reviewer1TransitionDynamicsShift-v0,Reviewer1TransitionDynamicsShift-v0,native_gymnasium_observation,same_input_crisp,11001,train,8691,,,8691,77,0.69,26,1.0,8691,512,0.0015580032790580844,0.03505709022283554,0,1,3,19.317836599999282,18.271231500002614,1.0466050999966683,18.271231500002614,1.0466050999966683,b240632d76bfe6919b44416ecd12239cbcb93cea,1.8.0,cde18190c3c8d2f5e97799ac5572ab19fe5ea4929fd0422da19b385b1d617f1e,True,3.14.3,2.11.0+cpu,2.4.3,1.3.0,3.1.0,not-installed,not-installed,0.16562677254679747,0.0,0.05101361,0.027359764689382747,1283.0,0.0,0.0,0.0,0.0,1.0,0.0,0.05000000000000001,0.9499999999999998,0.0,0.05000000000000001,0.0,0.07493453073676298,0.613673498919079,1.0,1.0,1.0,0.0,0.0,0.0,exact,212.8115384615385,27.450000000000003,neural,1283.0,5132.0,51320.0,nan,0.0,0.0,nan,,,,,,,,,,,,,,,
reviewer1_transition_dynamics_shift_smoke,reviewer1_transition_dynamics_shift_smoke,configs/reviewer1_remaining/smoke/transition_dynamics_shift.yaml,Reviewer1-transition-dynamics-shift-smoke,Reviewer1TransitionDynamicsShift-v0,Reviewer1TransitionDynamicsShift-v0,native_gymnasium_observation,same_input_crisp,11001,train,8820,,,8820,78,-0.8300000000000014,129,1.0,8820,520,0.0015541421570070759,0.03505709022283554,0,1,3,19.50768219999736,18.461077100000693,1.0466050999966683,18.461077100000693,1.0466050999966683,b240632d76bfe6919b44416ecd12239cbcb93cea,1.8.0,cde18190c3c8d2f5e97799ac5572ab19fe5ea4929fd0422da19b385b1d617f1e,True,3.14.3,2.11.0+cpu,2.4.3,1.3.0,3.1.0,not-installed,not-installed,0.16390874106652248,0.0,0.05016158,0.024587840135421313,1295.0,0.0,0.0,0.0,0.0,1.0,0.07751937984496124,0.11589147286821704,0.884108527131783,0.0,0.11589147286821704,0.0,0.28844536458825354,0.7780725671830154,0.9224806201550387,0.9224806201550387,0.9224806201550387,0.07751937984496124,10.0,0.07751937984496124,exact,284.5286821705426,40.6,neural,1295.0,5180.0,51800.0,nan,0.0,0.0,nan,,,,,,,,,,,,,,,
reviewer1_transition_dynamics_shift_smoke,reviewer1_transition_dynamics_shift_smoke,configs/reviewer1_remaining/smoke/transition_dynamics_shift.yaml,Reviewer1-transition-dynamics-shift-smoke,Reviewer1TransitionDynamicsShift-v0,Reviewer1TransitionDynamicsShift-v0,native_gymnasium_observation,same_input_crisp,11001,train,8853,,,8853,79,0.4999999999999999,33,1.0,8853,522,0.0015497027995699118,0.03505709022283554,0,1,3,19.548921099994914,18.502315999998245,1.0466050999966683,18.502315999998245,1.0466050999966683,b240632d76bfe6919b44416ecd12239cbcb93cea,1.8.0,cde18190c3c8d2f5e97799ac5572ab19fe5ea4929fd0422da19b385b1d617f1e,True,3.14.3,2.11.0+cpu,2.4.3,1.3.0,3.1.0,not-installed,not-installed,0.16294983642312136,0.0,0.04449684,0.024618869255228208,1304.0,0.0,0.0,0.0,0.0,1.0,0.09090909090909091,0.07272727272727274,0.9272727272727272,0.0,0.07272727272727274,0.0,0.22573410550698564,0.870194612036633,0.9090909090909091,0.9090909090909091,0.9090909090909091,0.09090909090909091,3.0,0.09090909090909091,exact,291.0060606060606,29.0,neural,1304.0,5216.0,52160.0,nan,0.0,0.0,nan,,,,,,,,,,,,,,,
reviewer1_transition_dynamics_shift_smoke,reviewer1_transition_dynamics_shift_smoke,configs/reviewer1_remaining/smoke/transition_dynamics_shift.yaml,Reviewer1-transition-dynamics-shift-smoke,Reviewer1TransitionDynamicsShift-v0,Reviewer1TransitionDynamicsShift-v0,native_gymnasium_observation,same_input_crisp,11001,train,8951,,,8951,80,-0.23000000000000087,98,1.0,8951,528,0.0015572425681691102,0.03505709022283554,0,1,3,19.721752299999935,18.675147200003266,1.0466050999966683,18.675147200003266,1.0466050999966683,b240632d76bfe6919b44416ecd12239cbcb93cea,1.8.0,cde18190c3c8d2f5e97799ac5572ab19fe5ea4929fd0422da19b385b1d617f1e,True,3.14.3,2.11.0+cpu,2.4.3,1.3.0,3.1.0,not-installed,not-installed,0.1640641711229972,0.0,0.035685033,0.02369277057780332,1314.0,0.0,0.0,0.0,0.0,1.0,0.10204081632653061,0.1642857142857143,0.8357142857142857,0.0,0.1642857142857143,0.0,0.27393176298717403,0.34290117153186517,0.8979591836734694,0.8979591836734694,0.8979591836734694,0.10204081632653061,10.0,0.10204081632653061,exact,262.5071428571428,32.45,neural,1314.0,5256.0,52560.0,nan,0.0,0.0,nan,,,,,,,,,,,,,,,
reviewer1_transition_dynamics_shift_smoke,reviewer1_transition_dynamics_shift_smoke,configs/reviewer1_remaining/smoke/transition_dynamics_shift.yaml,Reviewer1-transition-dynamics-shift-smoke,Reviewer1TransitionDynamicsShift-v0,Reviewer1TransitionDynamicsShift-v0,native_gymnasium_observation,same_input_crisp,11001,train,9032,,,9032,81,-0.020000000000000462,81,1.0,9032,533,0.0015574182328921184,0.03505709022283554,0,1,3,19.90351720000035,18.856912100003683,1.0466050999966683,18.856912100003683,1.0466050999966683,b240632d76bfe6919b44416ecd12239cbcb93cea,1.8.0,cde18190c3c8d2f5e97799ac5572ab19fe5ea4929fd0422da19b385b1d617f1e,True,3.14.3,2.11.0+cpu,2.4.3,1.3.0,3.1.0,not-installed,not-installed,0.16237519705728065,0.0,0.050652288,0.027646250376439033,1328.0,0.0,0.0,0.0,0.0,1.0,0.16049382716049382,0.053086419753086415,0.9469135802469136,0.0,0.053086419753086415,0.0,0.2012286429285009,0.6126963637720765,0.8395061728395061,0.8395061728395061,0.8395061728395061,0.16049382716049382,13.0,0.16049382716049382,exact,298.99876543209876,32.6,neural,1328.0,5312.0,53120.0,nan,0.0,0.0,nan,,,,,,,,,,,,,,,
reviewer1_transition_dynamics_shift_smoke,reviewer1_transition_dynamics_shift_smoke,configs/reviewer1_remaining/smoke/transition_dynamics_shift.yaml,Reviewer1-transition-dynamics-shift-smoke,Reviewer1TransitionDynamicsShift-v0,Reviewer1TransitionDynamicsShift-v0,native_gymnasium_observation,same_input_crisp,11001,train,9132,,,9132,82,-0.350000000000001,100,1.0,9132,539,0.0015412224411918737,0.03505709022283554,0,1,3,20.073925099997723,19.027320000001055,1.0466050999966683,19.027320000001055,1.0466050999966683,b240632d76bfe6919b44416ecd12239cbcb93cea,1.8.0,cde18190c3c8d2f5e97799ac5572ab19fe5ea4929fd0422da19b385b1d617f1e,True,3.14.3,2.11.0+cpu,2.4.3,1.3.0,3.1.0,not-installed,not-installed,0.16099382080329838,0.0,0.0504022,0.03196516429958807,1337.0,0.0,0.0,0.0,0.0,1.0,0.08,0.08200000000000002,0.9179999999999998,0.0,0.08200000000000002,0.0,0.3273818385218569,0.5678784220513221,0.92,0.92,0.92,0.08,8.0,0.08,exact,271.423,32.45,neural,1337.0,5348.0,53480.0,nan,0.0,0.0,nan,,,,,,,,,,,,,,,
reviewer1_transition_dynamics_shift_smoke,reviewer1_transition_dynamics_shift_smoke,configs/reviewer1_remaining/smoke/transition_dynamics_shift.yaml,Reviewer1-transition-dynamics-shift-smoke,Reviewer1TransitionDynamicsShift-v0,Reviewer1TransitionDynamicsShift-v0,native_gymnasium_observation,same_input_crisp,11001,train,9225,,,9225,83,-0.4300000000000008,93,1.0,9225,545,0.0015252165363112532,0.03505709022283554,0,1,3,20.22003859999677,19.1734335000001,1.0466050999966683,19.1734335000001,1.0466050999966683,b240632d76bfe6919b44416ecd12239cbcb93cea,1.8.0,cde18190c3c8d2f5e97799ac5572ab19fe5ea4929fd0422da19b385b1d617f1e,True,3.14.3,2.11.0+cpu,2.4.3,1.3.0,3.1.0,not-installed,not-installed,0.15987405541562005,0.0,0.050535623,0.021205372480288177,1350.0,0.0,0.0,0.0,0.0,1.0,0.053763440860215055,0.13440860215053768,0.8655913978494625,0.0,0.13440860215053768,0.0,0.23999833477977606,0.7289893273812494,0.946236559139785,0.946236559139785,0.946236559139785,0.053763440860215055,5.0,0.053763440860215055,exact,300.5677419354838,34.2,neural,1350.0,5400.0,54000.0,nan,0.0,0.0,nan,,,,,,,,,,,,,,,
reviewer1_transition_dynamics_shift_smoke,reviewer1_transition_dynamics_shift_smoke,configs/reviewer1_remaining/smoke/transition_dynamics_shift.yaml,Reviewer1-transition-dynamics-shift-smoke,Reviewer1TransitionDynamicsShift-v0,Reviewer1TransitionDynamicsShift-v0,native_gymnasium_observation,same_input_crisp,11001,train,9385,,,9385,84,-2.119999999999999,160,0.0,9385,555,0.0015345911815726337,0.03505709022283554,0,1,3,20.554294499997923,19.507689400001254,1.0466050999966683,19.507689400001254,1.0466050999966683,b240632d76bfe6919b44416ecd12239cbcb93cea,1.8.0,cde18190c3c8d2f5e97799ac5572ab19fe5ea4929fd0422da19b385b1d617f1e,True,3.14.3,2.11.0+cpu,2.4.3,1.3.0,3.1.0,not-installed,not-installed,0.1616132167152606,0.0,8.307818e-05,0.002756769174763213,1355.0,1.0,0.0,0.0,0.0,0.0,0.025,0.22874999999999995,0.77125,0.0,0.22874999999999995,0.0,0.5467955911232526,0.649512345690605,0.975,0.975,0.975,0.025,4.0,0.025,exact,293.328125,36.5,neural,1355.0,5420.0,54200.0,nan,0.0,0.0,nan,,,,,,,,,,,,,,,
reviewer1_transition_dynamics_shift_smoke,reviewer1_transition_dynamics_shift_smoke,configs/reviewer1_remaining/smoke/transition_dynamics_shift.yaml,Reviewer1-transition-dynamics-shift-smoke,Reviewer1TransitionDynamicsShift-v0,Reviewer1TransitionDynamicsShift-v0,native_gymnasium_observation,same_input_crisp,11001,train,9462,,,9462,85,-0.1800000000000006,77,1.0,9462,560,0.0015523939604398557,0.03505709022283554,0,1,3,20.68683809999493,19.64023299999826,1.0466050999966683,19.64023299999826,1.0466050999966683,b240632d76bfe6919b44416ecd12239cbcb93cea,1.8.0,cde18190c3c8d2f5e97799ac5572ab19fe5ea4929fd0422da19b385b1d617f1e,True,3.14.3,2.11.0+cpu,2.4.3,1.3.0,3.1.0,not-installed,not-installed,0.15977587029089493,0.0,0.050128397,0.021426038595766243,1367.0,0.0,0.0,0.0,0.0,1.0,0.22077922077922077,0.05064935064935064,0.9493506493506495,0.0,0.05064935064935064,0.0,0.21150709479559143,0.7584260695337594,0.7792207792207793,0.7792207792207793,0.7792207792207793,0.22077922077922077,17.0,0.22077922077922077,exact,343.3012987012988,485.3,neural,1367.0,5468.0,54680.0,nan,0.0,0.0,nan,,,,,,,,,,,,,,,
reviewer1_transition_dynamics_shift_smoke,reviewer1_transition_dynamics_shift_smoke,configs/reviewer1_remaining/smoke/transition_dynamics_shift.yaml,Reviewer1-transition-dynamics-shift-smoke,Reviewer1TransitionDynamicsShift-v0,Reviewer1TransitionDynamicsShift-v0,native_gymnasium_observation,same_input_crisp,11001,train,9622,,,9622,86,-2.0899999999999994,160,0.0,9622,570,0.001541476312437832,0.03505709022283554,0,1,3,21.02555069999653,19.97894559999986,1.0466050999966683,19.97894559999986,1.0466050999966683,b240632d76bfe6919b44416ecd12239cbcb93cea,1.8.0,cde18190c3c8d2f5e97799ac5572ab19fe5ea4929fd0422da19b385b1d617f1e,True,3.14.3,2.11.0+cpu,2.4.3,1.3.0,3.1.0,not-installed,not-installed,0.16133027522936114,0.0,0.00011033107,0.0023655818794724006,1377.0,1.0,0.0,0.0,0.0,0.0,0.01875,0.21218750000000003,0.7878125,0.0,0.21218750000000003,0.0,0.39004891713045403,0.6690387366330797,0.98125,0.98125,0.98125,0.01875,3.0,0.01875,exact,354.11749999999995,518.3,neural,1377.0,5508.0,55080.0,nan,0.0,0.0,nan,,,,,,,,,,,,,,,
reviewer1_transition_dynamics_shift_smoke,reviewer1_transition_dynamics_shift_smoke,configs/reviewer1_remaining/smoke/transition_dynamics_shift.yaml,Reviewer1-transition-dynamics-shift-smoke,Reviewer1TransitionDynamicsShift-v0,Reviewer1TransitionDynamicsShift-v0,native_gymnasium_observation,same_input_crisp,11001,train,9770,,,9770,87,-0.9600000000000015,148,1.0,9770,579,0.0015420810604452003,0.03505709022283554,0,1,3,21.287257700001646,20.240652600004978,1.0466050999966683,20.240652600004978,1.0466050999966683,b240632d76bfe6919b44416ecd12239cbcb93cea,1.8.0,cde18190c3c8d2f5e97799ac5572ab19fe5ea4929fd0422da19b385b1d617f1e,True,3.14.3,2.11.0+cpu,2.4.3,1.3.0,3.1.0,not-installed,not-installed,0.1596222222222257,0.0,0.05010559,0.01930612197320831,1398.0,0.0,0.0,0.0,0.0,1.0,0.19594594594594594,0.08277027027027027,0.9172297297297297,0.0,0.08277027027027027,0.0,0.2025030789607743,0.6160783680462412,0.8040540540540541,0.8040540540540541,0.8040540540540541,0.19594594594594594,29.0,0.19594594594594594,exact,324.68986486486483,34.75,neural,1398.0,5592.0,55920.0,nan,0.0,0.0,nan,,,,,,,,,,,,,,,
reviewer1_transition_dynamics_shift_smoke,reviewer1_transition_dynamics_shift_smoke,configs/reviewer1_remaining/smoke/transition_dynamics_shift.yaml,Reviewer1-transition-dynamics-shift-smoke,Reviewer1TransitionDynamicsShift-v0,Reviewer1TransitionDynamicsShift-v0,native_gymnasium_observation,same_input_crisp,11001,train,9930,,,9930,88,-2.0300000000000007,160,0.0,9930,589,0.0015434214523144035,0.03505709022283554,0,1,3,21.693677499999467,20.6470724000028,1.0466050999966683,20.6470724000028,1.0466050999966683,b240632d76bfe6919b44416ecd12239cbcb93cea,1.8.0,cde18190c3c8d2f5e97799ac5572ab19fe5ea4929fd0422da19b385b1d617f1e,True,3.14.3,2.11.0+cpu,2.4.3,1.3.0,3.1.0,not-installed,not-installed,0.16278920308483644,0.0,9.0526104e-05,0.003292585274715649,1418.0,1.0,0.0,0.0,0.0,0.0,0.125,0.22937500000000002,0.7706250000000001,0.0,0.22937500000000002,0.0,0.28873036118086365,0.5782914485707136,0.875,0.875,0.875,0.125,20.0,0.125,exact,363.638125,470.2,neural,1418.0,5672.0,56720.0,nan,0.0,0.0,nan,,,,,,,,,,,,,,,
reviewer1_transition_dynamics_shift_smoke,reviewer1_transition_dynamics_shift_smoke,configs/reviewer1_remaining/smoke/transition_dynamics_shift.yaml,Reviewer1-transition-dynamics-shift-smoke,Reviewer1TransitionDynamicsShift-v0,Reviewer1TransitionDynamicsShift-v0,native_gymnasium_observation,same_input_crisp,11001,train,9956,,,9956,89,0.6599999999999999,26,1.0,9956,591,0.0015506867363284378,0.03505709022283554,0,1,3,21.75653489999968,20.70992980000301,1.0466050999966683,20.70992980000301,1.0466050999966683,b240632d76bfe6919b44416ecd12239cbcb93cea,1.8.0,cde18190c3c8d2f5e97799ac5572ab19fe5ea4929fd0422da19b385b1d617f1e,True,3.14.3,2.11.0+cpu,2.4.3,1.3.0,3.1.0,not-installed,not-installed,0.1624148211243647,0.0,0.050107908,0.024466493808629274,1426.0,0.0,0.0,0.0,0.0,1.0,0.3076923076923077,0.06923076923076923,0.9307692307692308,0.0,0.06923076923076923,0.05,0.21146422413379143,0.6532672318452903,0.6923076923076923,0.6923076923076923,0.6923076923076923,0.3076923076923077,8.0,0.3076923076923077,exact,358.7230769230769,566.5,neural,1426.0,5704.0,57040.0,nan,0.0,0.0,nan,,,,,,,,,,,,,,,
reviewer1_transition_dynamics_shift_smoke,reviewer1_transition_dynamics_shift_smoke,configs/reviewer1_remaining/smoke/transition_dynamics_shift.yaml,Reviewer1-transition-dynamics-shift-smoke,Reviewer1TransitionDynamicsShift-v0,Reviewer1TransitionDynamicsShift-v0,native_gymnasium_observation,same_input_crisp,11001,train,10116,,,10116,90,-2.1599999999999997,160,0.0,10116,601,0.0015465820276847372,0.03505709022283554,0,1,3,22.142142999997304,21.095537900000636,1.0466050999966683,21.095537900000636,1.0466050999966683,b240632d76bfe6919b44416ecd12239cbcb93cea,1.8.0,cde18190c3c8d2f5e97799ac5572ab19fe5ea4929fd0422da19b385b1d617f1e,True,3.14.3,2.11.0+cpu,2.4.3,1.3.0,3.1.0,not-installed,not-installed,0.1616441164411681,0.0,0.00013718627,0.003673102381063918,1448.0,1.0,0.0,0.0,0.0,0.0,0.15,0.10437500000000002,0.8956250000000001,0.0,0.10437500000000002,0.0,0.22476180809569984,0.7627486699676121,0.85,0.85,0.85,0.15,24.0,0.15,exact,375.563125,521.65,neural,1448.0,5792.0,57920.0,nan,0.0,0.0,nan,,,,,,,,,,,,,,,
reviewer1_transition_dynamics_shift_smoke,reviewer1_transition_dynamics_shift_smoke,configs/reviewer1_remaining/smoke/transition_dynamics_shift.yaml,Reviewer1-transition-dynamics-shift-smoke,Reviewer1TransitionDynamicsShift-v0,Reviewer1TransitionDynamicsShift-v0,native_gymnasium_observation,same_input_crisp,11001,train,10146,,,10146,91,0.5299999999999998,30,1.0,10146,603,0.0015446251392925632,0.03505709022283554,0,1,3,22.182258699998783,21.135653600002115,1.0466050999966683,21.135653600002115,1.0466050999966683,b240632d76bfe6919b44416ecd12239cbcb93cea,1.8.0,cde18190c3c8d2f5e97799ac5572ab19fe5ea4929fd0422da19b385b1d617f1e,True,3.14.3,2.11.0+cpu,2.4.3,1.3.0,3.1.0,not-installed,not-installed,0.16074918566775614,0.0,0.050091866,0.022066924255311753,1454.0,0.0,0.0,0.0,0.0,1.0,0.23333333333333334,0.038333333333333344,0.9616666666666664,0.0,0.038333333333333344,0.0,0.19077675819085663,0.4570082483294236,0.7666666666666667,0.7666666666666667,0.7666666666666667,0.23333333333333334,7.0,0.23333333333333334,exact,351.98999999999995,500.25,neural,1454.0,5816.0,58160.0,nan,0.0,0.0,nan,,,,,,,,,,,,,,,
reviewer1_transition_dynamics_shift_smoke,reviewer1_transition_dynamics_shift_smoke,configs/reviewer1_remaining/smoke/transition_dynamics_shift.yaml,Reviewer1-transition-dynamics-shift-smoke,Reviewer1TransitionDynamicsShift-v0,Reviewer1TransitionDynamicsShift-v0,native_gymnasium_observation,same_input_crisp,11001,train,10223,,,10223,92,0.02999999999999947,77,1.0,10223,607,0.001535182270814085,0.03505709022283554,0,1,3,22.317655300001206,21.271050200004538,1.0466050999966683,21.271050200004538,1.0466050999966683,b240632d76bfe6919b44416ecd12239cbcb93cea,1.8.0,cde18190c3c8d2f5e97799ac5572ab19fe5ea4929fd0422da19b385b1d617f1e,True,3.14.3,2.11.0+cpu,2.4.3,1.3.0,3.1.0,not-installed,not-installed,0.15886126704090192,0.0,0.05105895,0.020845047724857565,1475.0,0.0,0.0,0.0,0.0,1.0,0.2597402597402597,0.037012987012987004,0.9629870129870131,0.0,0.037012987012987004,0.05,0.14992711305702278,0.5615861741755744,0.7402597402597403,0.7402597402597403,0.7402597402597403,0.2597402597402597,20.0,0.2597402597402597,exact,305.6753246753247,49.9,neural,1475.0,5900.0,59000.0,nan,0.0,0.0,nan,,,,,,,,,,,,,,,
reviewer1_transition_dynamics_shift_smoke,reviewer1_transition_dynamics_shift_smoke,configs/reviewer1_remaining/smoke/transition_dynamics_shift.yaml,Reviewer1-transition-dynamics-shift-smoke,Reviewer1TransitionDynamicsShift-v0,Reviewer1TransitionDynamicsShift-v0,native_gymnasium_observation,same_input_crisp,11001,train,10383,,,10383,93,-2.100000000000001,160,0.0,10383,617,0.0015431978106943058,0.03505709022283554,0,1,3,22.700255700001435,21.653650600004767,1.0466050999966683,21.653650600004767,1.0466050999966683,b240632d76bfe6919b44416ecd12239cbcb93cea,1.8.0,cde18190c3c8d2f5e97799ac5572ab19fe5ea4929fd0422da19b385b1d617f1e,True,3.14.3,2.11.0+cpu,2.4.3,1.3.0,3.1.0,not-installed,not-installed,0.15725116640746897,0.0,0.00013789418,0.0033338817202377565,1485.0,1.0,0.0,0.0,0.0,0.0,0.05,0.09812499999999999,0.9018750000000001,0.0,0.09812499999999999,0.0,0.3075944669416414,0.7216044050686421,0.95,0.95,0.95,0.05,8.0,0.05,exact,315.605,42.8,neural,1485.0,5940.0,59400.0,nan,0.0,0.0,nan,,,,,,,,,,,,,,,
reviewer1_transition_dynamics_shift_smoke,reviewer1_transition_dynamics_shift_smoke,configs/reviewer1_remaining/smoke/transition_dynamics_shift.yaml,Reviewer1-transition-dynamics-shift-smoke,Reviewer1TransitionDynamicsShift-v0,Reviewer1TransitionDynamicsShift-v0,native_gymnasium_observation,same_input_crisp,11001,train,10543,,,10543,94,-2.010000000000001,160,0.0,10543,627,0.0015395234292034212,0.03505709022283554,0,1,3,22.965292699998827,21.91868760000216,1.0466050999966683,21.91868760000216,1.0466050999966683,b240632d76bfe6919b44416ecd12239cbcb93cea,1.8.0,cde18190c3c8d2f5e97799ac5572ab19fe5ea4929fd0422da19b385b1d617f1e,True,3.14.3,2.11.0+cpu,2.4.3,1.3.0,3.1.0,not-installed,not-installed,0.16227341389728492,0.0,0.00010569532,0.003476638708896123,1498.0,1.0,0.0,0.0,0.0,0.0,0.05625,0.3621875,0.6378125000000001,0.0,0.3621875,0.8999999999999999,0.35863119445647507,0.6163533829614368,0.94375,0.94375,0.94375,0.05625,9.0,0.05625,exact,301.349375,39.55,neural,1498.0,5992.0,59920.0,nan,0.0,0.0,nan,,,,,,,,,,,,,,,
reviewer1_transition_dynamics_shift_smoke,reviewer1_transition_dynamics_shift_smoke,configs/reviewer1_remaining/smoke/transition_dynamics_shift.yaml,Reviewer1-transition-dynamics-shift-smoke,Reviewer1TransitionDynamicsShift-v0,Reviewer1TransitionDynamicsShift-v0,native_gymnasium_observation,same_input_crisp,11001,train,10703,,,10703,95,-2.099999999999999,160,0.0,10703,637,0.0015301993990308215,0.03505709022283554,0,1,3,23.212693900000886,22.166088800004218,1.0466050999966683,22.166088800004218,1.0466050999966683,b240632d76bfe6919b44416ecd12239cbcb93cea,1.8.0,cde18190c3c8d2f5e97799ac5572ab19fe5ea4929fd0422da19b385b1d617f1e,True,3.14.3,2.11.0+cpu,2.4.3,1.3.0,3.1.0,not-installed,not-installed,0.1666178623718927,0.0,6.9059344e-05,0.008917242008898109,1510.0,1.0,0.0,0.0,0.0,0.0,0.0875,0.304375,0.695625,0.0,0.304375,0.8999999999999999,0.3345786913206282,0.5512606620888817,0.9125,0.9125,0.9125,0.0875,14.0,0.0875,exact,338.96500000000003,517.75,neural,1510.0,6040.0,60400.0,nan,0.0,0.0,nan,,,,,,,,,,,,,,,
reviewer1_transition_dynamics_shift_smoke,reviewer1_transition_dynamics_shift_smoke,configs/reviewer1_remaining/smoke/transition_dynamics_shift.yaml,Reviewer1-transition-dynamics-shift-smoke,Reviewer1TransitionDynamicsShift-v0,Reviewer1TransitionDynamicsShift-v0,native_gymnasium_observation,same_input_crisp,11001,train,10863,,,10863,96,-1.8700000000000014,160,0.0,10863,647,0.001512417648493165,0.03505709022283554,0,1,3,23.488000099998317,22.44139500000165,1.0466050999966683,22.44139500000165,1.0466050999966683,b240632d76bfe6919b44416ecd12239cbcb93cea,1.8.0,cde18190c3c8d2f5e97799ac5572ab19fe5ea4929fd0422da19b385b1d617f1e,True,3.14.3,2.11.0+cpu,2.4.3,1.3.0,3.1.0,not-installed,not-installed,0.1647184604419143,0.0,7.5839096e-05,0.0034942172293488823,1526.0,1.0,0.0,0.0,0.0,0.0,0.075,0.06875,0.93125,0.0,0.06875,0.0,0.27375021513048386,0.6687040478926802,0.925,0.925,0.925,0.075,12.0,0.075,exact,313.425,37.3,neural,1526.0,6104.0,61040.0,nan,0.0,0.0,nan,,,,,,,,,,,,,,,
reviewer1_transition_dynamics_shift_smoke,reviewer1_transition_dynamics_shift_smoke,configs/reviewer1_remaining/smoke/transition_dynamics_shift.yaml,Reviewer1-transition-dynamics-shift-smoke,Reviewer1TransitionDynamicsShift-v0,Reviewer1TransitionDynamicsShift-v0,native_gymnasium_observation,same_input_crisp,11001,train,11023,,,11023,97,-2.0000000000000013,160,0.0,11023,657,0.0014904619490057464,0.03505709022283554,0,1,3,23.722964799999318,22.67635970000265,1.0466050999966683,22.67635970000265,1.0466050999966683,b240632d76bfe6919b44416ecd12239cbcb93cea,1.8.0,cde18190c3c8d2f5e97799ac5572ab19fe5ea4929fd0422da19b385b1d617f1e,True,3.14.3,2.11.0+cpu,2.4.3,1.3.0,3.1.0,not-installed,not-installed,0.16860062348459018,0.0,8.61038e-05,0.005400402926155752,1535.0,1.0,0.0,0.0,0.0,0.0,0.04375,0.3178125,0.6821875000000001,0.0,0.3178125,0.8999999999999999,0.3775120603765197,0.6146979963592742,0.95625,0.95625,0.95625,0.04375,7.0,0.04375,exact,335.455625,502.35,neural,1535.0,6140.0,61400.0,nan,0.0,0.0,nan,,,,,,,,,,,,,,,
reviewer1_transition_dynamics_shift_smoke,reviewer1_transition_dynamics_shift_smoke,configs/reviewer1_remaining/smoke/transition_dynamics_shift.yaml,Reviewer1-transition-dynamics-shift-smoke,Reviewer1TransitionDynamicsShift-v0,Reviewer1TransitionDynamicsShift-v0,native_gymnasium_observation,same_input_crisp,11001,train,11183,,,11183,98,-1.7800000000000014,160,0.0,11183,667,0.00147664911514937,0.03505709022283554,0,1,3,23.983185199998843,22.936580100002175,1.0466050999966683,22.936580100002175,1.0466050999966683,b240632d76bfe6919b44416ecd12239cbcb93cea,1.8.0,cde18190c3c8d2f5e97799ac5572ab19fe5ea4929fd0422da19b385b1d617f1e,True,3.14.3,2.11.0+cpu,2.4.3,1.3.0,3.1.0,not-installed,not-installed,0.1702113384770253,0.0,6.743539e-05,0.004782956981417924,1543.0,1.0,0.0,0.0,0.0,0.0,0.08125,0.25406249999999997,0.7459374999999999,0.0,0.25406249999999997,0.0,0.3148170419744652,0.7843804410993187,0.91875,0.91875,0.91875,0.08125,13.0,0.08125,exact,365.759375,515.8,neural,1543.0,6172.0,61720.0,nan,0.0,0.0,nan,,,,,,,,,,,,,,,
reviewer1_transition_dynamics_shift_smoke,reviewer1_transition_dynamics_shift_smoke,configs/reviewer1_remaining/smoke/transition_dynamics_shift.yaml,Reviewer1-transition-dynamics-shift-smoke,Reviewer1TransitionDynamicsShift-v0,Reviewer1TransitionDynamicsShift-v0,native_gymnasium_observation,same_input_crisp,11001,train,11329,,,11329,99,-0.7800000000000014,146,1.0,11329,677,0.0014855698573228437,0.03505709022283554,0,1,3,24.221984099996916,23.175379000000248,1.0466050999966683,23.175379000000248,1.0466050999966683,b240632d76bfe6919b44416ecd12239cbcb93cea,1.8.0,cde18190c3c8d2f5e97799ac5572ab19fe5ea4929fd0422da19b385b1d617f1e,True,3.14.3,2.11.0+cpu,2.4.3,1.3.0,3.1.0,not-installed,not-installed,0.16898012381883765,0.0,0.05006815,0.02229457622999657,1558.0,0.0,0.0,0.0,0.0,1.0,0.0821917808219178,0.14452054794520544,0.8554794520547946,0.0,0.14452054794520544,0.0,0.2627788678780164,0.7207863928351758,0.9178082191780822,0.9178082191780822,0.9178082191780822,0.0821917808219178,12.0,0.0821917808219178,exact,368.68767123287677,520.5,neural,1558.0,6232.0,62320.0,nan,0.0,0.0,nan,,,,,,,,,,,,,,,
reviewer1_transition_dynamics_shift_smoke,reviewer1_transition_dynamics_shift_smoke,configs/reviewer1_remaining/smoke/transition_dynamics_shift.yaml,Reviewer1-transition-dynamics-shift-smoke,Reviewer1TransitionDynamicsShift-v0,Reviewer1TransitionDynamicsShift-v0,native_gymnasium_observation,same_input_crisp,11001,train,11489,,,11489,100,-2.120000000000001,160,0.0,11489,687,0.0015059614583988097,0.03505709022283554,0,1,3,24.5517233999999,23.505118300003232,1.0466050999966683,23.505118300003232,1.0466050999966683,b240632d76bfe6919b44416ecd12239cbcb93cea,1.8.0,cde18190c3c8d2f5e97799ac5572ab19fe5ea4929fd0422da19b385b1d617f1e,True,3.14.3,2.11.0+cpu,2.4.3,1.3.0,3.1.0,not-installed,not-installed,0.1680793650793683,0.0,0.0001218206,0.010507463989674361,1583.0,1.0,0.0,0.0,0.0,0.0,0.08125,0.1640625,0.8359375,0.0,0.1640625,0.0,0.3282169058824374,0.7371897304825471,0.91875,0.91875,0.91875,0.08125,13.0,0.08125,exact,323.281875,498.45,neural,1583.0,6332.0,63320.0,nan,0.0,0.0,nan,,,,,,,,,,,,,,,
reviewer1_transition_dynamics_shift_smoke,reviewer1_transition_dynamics_shift_smoke,configs/reviewer1_remaining/smoke/transition_dynamics_shift.yaml,Reviewer1-transition-dynamics-shift-smoke,Reviewer1TransitionDynamicsShift-v0,Reviewer1TransitionDynamicsShift-v0,native_gymnasium_observation,same_input_crisp,11001,train,11649,,,11649,101,-2.2199999999999984,160,0.0,11649,697,0.0014968119301366214,0.03505709022283554,0,1,3,24.95069240000157,23.904087300004903,1.0466050999966683,23.904087300004903,1.0466050999966683,b240632d76bfe6919b44416ecd12239cbcb93cea,1.8.0,cde18190c3c8d2f5e97799ac5572ab19fe5ea4929fd0422da19b385b1d617f1e,True,3.14.3,2.11.0+cpu,2.4.3,1.3.0,3.1.0,not-installed,not-installed,0.16827990135635262,0.0,8.447454e-05,0.007296426156919395,1605.0,1.0,0.0,0.0,0.0,0.0,0.175,0.18187499999999995,0.8181249999999999,0.0,0.18187499999999995,0.0,0.23080472921590633,0.5500836008073684,0.825,0.825,0.825,0.175,28.0,0.175,exact,382.45500000000004,551.7,neural,1605.0,6420.0,64200.0,nan,0.0,0.0,nan,,,,,,,,,,,,,,,
reviewer1_transition_dynamics_shift_smoke,reviewer1_transition_dynamics_shift_smoke,configs/reviewer1_remaining/smoke/transition_dynamics_shift.yaml,Reviewer1-transition-dynamics-shift-smoke,Reviewer1TransitionDynamicsShift-v0,Reviewer1TransitionDynamicsShift-v0,native_gymnasium_observation,same_input_crisp,11001,train,11809,,,11809,102,-2.2099999999999977,160,0.0,11809,707,0.0014791430677940985,0.03505709022283554,0,1,3,25.342531399997824,24.295926300001156,1.0466050999966683,24.295926300001156,1.0466050999966683,b240632d76bfe6919b44416ecd12239cbcb93cea,1.8.0,cde18190c3c8d2f5e97799ac5572ab19fe5ea4929fd0422da19b385b1d617f1e,True,3.14.3,2.11.0+cpu,2.4.3,1.3.0,3.1.0,not-installed,not-installed,0.16799578693951422,0.0,9.156381e-05,0.002573366866850758,1621.0,1.0,0.0,0.0,0.0,0.0,0.175,0.159375,0.840625,0.0,0.159375,0.0,0.23809411571119865,0.6739282559991805,0.825,0.825,0.825,0.175,28.0,0.175,exact,316.3425,43.8,neural,1621.0,6484.0,64840.0,nan,0.0,0.0,nan,,,,,,,,,,,,,,,
reviewer1_transition_dynamics_shift_smoke,reviewer1_transition_dynamics_shift_smoke,configs/reviewer1_remaining/smoke/transition_dynamics_shift.yaml,Reviewer1-transition-dynamics-shift-smoke,Reviewer1TransitionDynamicsShift-v0,Reviewer1TransitionDynamicsShift-v0,native_gymnasium_observation,same_input_crisp,11001,train,11887,,,11887,103,-0.04000000000000048,78,1.0,11887,711,0.001472092590928595,0.03505709022283554,0,1,3,25.45805119999568,24.41144609999901,1.0466050999966683,24.41144609999901,1.0466050999966683,b240632d76bfe6919b44416ecd12239cbcb93cea,1.8.0,cde18190c3c8d2f5e97799ac5572ab19fe5ea4929fd0422da19b385b1d617f1e,True,3.14.3,2.11.0+cpu,2.4.3,1.3.0,3.1.0,not-installed,not-installed,0.16862948679917078,0.0,0.05008427,0.017585579191248705,1629.0,0.0,0.0,0.0,0.0,1.0,0.1282051282051282,0.1935897435897436,0.8064102564102564,0.0,0.1935897435897436,0.0,0.25501217495999057,0.6423484298675279,0.8717948717948718,0.8717948717948718,0.8717948717948718,0.1282051282051282,10.0,0.1282051282051282,exact,379.0525641025641,508.05,neural,1629.0,6516.0,65160.0,nan,0.0,0.0,nan,,,,,,,,,,,,,,,
reviewer1_transition_dynamics_shift_smoke,reviewer1_transition_dynamics_shift_smoke,configs/reviewer1_remaining/smoke/transition_dynamics_shift.yaml,Reviewer1-transition-dynamics-shift-smoke,Reviewer1TransitionDynamicsShift-v0,Reviewer1TransitionDynamicsShift-v0,native_gymnasium_observation,same_input_crisp,11001,eval,12000,12000,0.2899999999999997,12000,1,0.2899999999999997,39,1.0,12000,719,0.001470053947080124,0.03505709022283554,0,2,3,26.25376149999647,24.614517099995282,1.6392444000011892,24.614517099995282,1.6392444000011892,b240632d76bfe6919b44416ecd12239cbcb93cea,1.8.0,cde18190c3c8d2f5e97799ac5572ab19fe5ea4929fd0422da19b385b1d617f1e,True,3.14.3,2.11.0+cpu,2.4.3,1.3.0,3.1.0,not-installed,not-installed,0.16745269286754066,0.0,0.00025391934,0.00022712016178318337,1632.0,0.0,0.0,0.0,0.0,1.0,1.0,0.0,1.0,0.0,0.0,0.0,0.0,0.46814535293219595,0.0,0.0,0.0,1.0,39.0,1.0,support-boundary collapse,619.4769230769231,583.8,neural,1632.0,6528.0,65280.0,nan,0.0,0.0,nan,nan,nan,3,2,nan,nan,nan,unavailable,unavailable,unavailable,nan,nan,1.0,global_action_outcome,19.0
reviewer1_transition_dynamics_shift_smoke,reviewer1_transition_dynamics_shift_smoke,configs/reviewer1_remaining/smoke/transition_dynamics_shift.yaml,Reviewer1-transition-dynamics-shift-smoke,Reviewer1TransitionDynamicsShift-v0,Reviewer1TransitionDynamicsShift-v0,native_gymnasium_observation,same_input_crisp,11001,eval,12000,12000,-2.9400000000000013,12000,2,-2.9400000000000013,160,0.0,12000,719,0.001470053947080124,0.03505709022283554,0,2,3,26.255583099999058,24.61633869999787,1.6392444000011892,24.61633869999787,1.6392444000011892,b240632d76bfe6919b44416ecd12239cbcb93cea,1.8.0,cde18190c3c8d2f5e97799ac5572ab19fe5ea4929fd0422da19b385b1d617f1e,True,3.14.3,2.11.0+cpu,2.4.3,1.3.0,3.1.0,not-installed,not-installed,0.16745269286754066,0.0,0.00025391934,0.00022712016178318337,1632.0,1.0,0.0,0.0,0.0,0.0,0.0,0.078125,0.921875,0.0,0.078125,0.0,0.4054703970462937,0.954906889705239,1.0,1.0,1.0,0.0,0.0,0.0,exact,632.9449999999999,608.6,neural,1632.0,6528.0,65280.0,nan,0.0,0.0,nan,nan,nan,2,1,nan,nan,nan,unavailable,unavailable,unavailable,nan,nan,1.0,global_action_outcome,79.5
reviewer1_transition_dynamics_shift_smoke,reviewer1_transition_dynamics_shift_smoke,configs/reviewer1_remaining/smoke/transition_dynamics_shift.yaml,Reviewer1-transition-dynamics-shift-smoke,Reviewer1TransitionDynamicsShift-v0,Reviewer1TransitionDynamicsShift-v0,native_gymnasium_observation,same_input_crisp,11001,eval,12000,12000,-3.0300000000000002,12000,3,-3.0300000000000002,160,0.0,12000,719,0.001470053947080124,0.03505709022283554,0,2,3,26.256771299995307,24.617526899994118,1.6392444000011892,24.617526899994118,1.6392444000011892,b240632d76bfe6919b44416ecd12239cbcb93cea,1.8.0,cde18190c3c8d2f5e97799ac5572ab19fe5ea4929fd0422da19b385b1d617f1e,True,3.14.3,2.11.0+cpu,2.4.3,1.3.0,3.1.0,not-installed,not-installed,0.16745269286754066,0.0,0.00025391934,0.00022712016178318337,1632.0,1.0,0.0,0.0,0.0,0.0,1.0,0.0,1.0,0.0,0.0,0.0,0.0,0.48202662200946567,0.0,0.0,0.0,1.0,160.0,1.0,support-boundary collapse,678.85375,620.1500000000001,neural,1632.0,6528.0,65280.0,nan,0.0,0.0,nan,nan,nan,3,1,nan,nan,nan,unavailable,unavailable,unavailable,nan,nan,1.0,global_action_outcome,79.5
reviewer1_transition_dynamics_shift_smoke,reviewer1_transition_dynamics_shift_smoke,configs/reviewer1_remaining/smoke/transition_dynamics_shift.yaml,Reviewer1-transition-dynamics-shift-smoke,Reviewer1TransitionDynamicsShift-v0,Reviewer1TransitionDynamicsShift-v0,native_gymnasium_observation,same_input_crisp,11001,eval,12000,12000,-2.9800000000000013,12000,4,-2.9800000000000013,160,0.0,12000,719,0.001470053947080124,0.03505709022283554,0,2,3,26.257706699994742,24.618462299993553,1.6392444000011892,24.618462299993553,1.6392444000011892,b240632d76bfe6919b44416ecd12239cbcb93cea,1.8.0,cde18190c3c8d2f5e97799ac5572ab19fe5ea4929fd0422da19b385b1d617f1e,True,3.14.3,2.11.0+cpu,2.4.3,1.3.0,3.1.0,not-installed,not-installed,0.16745269286754066,0.0,0.00025391934,0.00022712016178318337,1632.0,1.0,0.0,0.0,0.0,0.0,0.9625,0.0018750000000000004,0.9981249999999999,0.0,0.0018750000000000004,0.0,0.004106763479638878,0.7631337072413007,0.0375,0.0375,0.0375,0.9625,154.0,0.9625,support-boundary collapse,619.305,576.4000000000001,neural,1632.0,6528.0,65280.0,nan,0.0,0.0,nan,nan,nan,3,1,nan,nan,nan,unavailable,unavailable,unavailable,nan,nan,1.0,global_action_outcome,79.5
reviewer1_transition_dynamics_shift_smoke,reviewer1_transition_dynamics_shift_smoke,configs/reviewer1_remaining/smoke/transition_dynamics_shift.yaml,Reviewer1-transition-dynamics-shift-smoke,Reviewer1TransitionDynamicsShift-v0,Reviewer1TransitionDynamicsShift-v0,native_gymnasium_observation,same_input_crisp,11001,eval,12020,12020,0.98,12020,1,0.98,3,1.0,12020,720,0.0014681673434349958,0.03505709022283554,0,3,3,27.17016909999802,24.663957299992035,2.5062118000059854,24.663957299992035,2.5062118000059854,b240632d76bfe6919b44416ecd12239cbcb93cea,1.8.0,cde18190c3c8d2f5e97799ac5572ab19fe5ea4929fd0422da19b385b1d617f1e,True,3.14.3,2.11.0+cpu,2.4.3,1.3.0,3.1.0,not-installed,not-installed,0.16805394431554582,0.0,0.00015739501,0.00020975291014420448,1632.0,0.0,0.0,0.0,0.0,1.0,1.0,0.0,1.0,0.0,0.0,0.0,0.0,0.9006045685733968,0.0,0.0,0.0,1.0,3.0,1.0,support-boundary collapse,843.5333333333334,678.7,neural,1632.0,6528.0,65280.0,nan,0.0,0.0,nan,nan,nan,2,2,nan,nan,nan,unavailable,unavailable,unavailable,nan,nan,1.0,global_action_outcome,21.0
reviewer1_transition_dynamics_shift_smoke,reviewer1_transition_dynamics_shift_smoke,configs/reviewer1_remaining/smoke/transition_dynamics_shift.yaml,Reviewer1-transition-dynamics-shift-smoke,Reviewer1TransitionDynamicsShift-v0,Reviewer1TransitionDynamicsShift-v0,native_gymnasium_observation,same_input_crisp,11001,eval,12020,12020,-2.9399999999999995,12020,2,-2.9399999999999995,160,0.0,12020,720,0.0014681673434349958,0.03505709022283554,0,3,3,27.17105449999508,24.664842699989094,2.5062118000059854,24.664842699989094,2.5062118000059854,b240632d76bfe6919b44416ecd12239cbcb93cea,1.8.0,cde18190c3c8d2f5e97799ac5572ab19fe5ea4929fd0422da19b385b1d617f1e,True,3.14.3,2.11.0+cpu,2.4.3,1.3.0,3.1.0,not-installed,not-installed,0.16805394431554582,0.0,0.00015739501,0.00020975291014420448,1632.0,1.0,0.0,0.0,0.0,0.0,0.8,0.01,0.9899999999999999,0.0,0.01,0.0,0.009754115099857196,0.40233066115601357,0.2,0.2,0.2,0.8,128.0,0.8,support-boundary collapse,760.815625,706.4,neural,1632.0,6528.0,65280.0,nan,0.0,0.0,nan,nan,nan,2,0,nan,nan,nan,unavailable,unavailable,unavailable,nan,nan,1.0,global_action_outcome,99.5
reviewer1_transition_dynamics_shift_smoke,reviewer1_transition_dynamics_shift_smoke,configs/reviewer1_remaining/smoke/transition_dynamics_shift.yaml,Reviewer1-transition-dynamics-shift-smoke,Reviewer1TransitionDynamicsShift-v0,Reviewer1TransitionDynamicsShift-v0,native_gymnasium_observation,same_input_crisp,11001,eval,12020,12020,-2.940000000000001,12020,3,-2.940000000000001,160,0.0,12020,720,0.0014681673434349958,0.03505709022283554,0,3,3,27.17187710000144,24.665665299995453,2.5062118000059854,24.665665299995453,2.5062118000059854,b240632d76bfe6919b44416ecd12239cbcb93cea,1.8.0,cde18190c3c8d2f5e97799ac5572ab19fe5ea4929fd0422da19b385b1d617f1e,True,3.14.3,2.11.0+cpu,2.4.3,1.3.0,3.1.0,not-installed,not-installed,0.16805394431554582,0.0,0.00015739501,0.00020975291014420448,1632.0,1.0,0.0,0.0,0.0,0.0,1.0,0.0,1.0,0.0,0.0,0.0,0.0,0.5564316746309934,0.0,0.0,0.0,1.0,160.0,1.0,support-boundary collapse,713.6056249999999,686.95,neural,1632.0,6528.0,65280.0,nan,0.0,0.0,nan,nan,nan,3,2,nan,nan,nan,unavailable,unavailable,unavailable,nan,nan,1.0,global_action_outcome,99.5
reviewer1_transition_dynamics_shift_smoke,reviewer1_transition_dynamics_shift_smoke,configs/reviewer1_remaining/smoke/transition_dynamics_shift.yaml,Reviewer1-transition-dynamics-shift-smoke,Reviewer1TransitionDynamicsShift-v0,Reviewer1TransitionDynamicsShift-v0,native_gymnasium_observation,same_input_crisp,11001,eval,12020,12020,-2.3899999999999966,12020,4,-2.3899999999999966,160,0.0,12020,720,0.0014681673434349958,0.03505709022283554,0,3,3,27.17257940000127,24.666367599995283,2.5062118000059854,24.666367599995283,2.5062118000059854,b240632d76bfe6919b44416ecd12239cbcb93cea,1.8.0,cde18190c3c8d2f5e97799ac5572ab19fe5ea4929fd0422da19b385b1d617f1e,True,3.14.3,2.11.0+cpu,2.4.3,1.3.0,3.1.0,not-installed,not-installed,0.16805394431554582,0.0,0.00015739501,0.00020975291014420448,1632.0,1.0,0.0,0.0,0.0,0.0,0.025,0.048749999999999995,0.9512499999999999,0.0,0.048749999999999995,0.0,0.20562224937139045,0.6457146796661781,0.975,0.975,0.975,0.025,4.0,0.025,exact,783.383125,746.85,neural,1632.0,6528.0,65280.0,nan,0.0,0.0,nan,nan,nan,3,0,nan,nan,nan,unavailable,unavailable,unavailable,nan,nan,1.0,global_action_outcome,99.5
reviewer1_transition_dynamics_shift_smoke,reviewer1_transition_dynamics_shift_smoke,configs/reviewer1_remaining/smoke/transition_dynamics_shift.yaml,Reviewer1-transition-dynamics-shift-smoke,Reviewer1TransitionDynamicsShift-v0,Reviewer1TransitionDynamicsShift-v0,native_gymnasium_observation,same_input_crisp,11001,train,12020,,,12020,104,-1.7900000000000014,133,0.0,12020,720,0.0014681673434349958,0.03505709022283554,0,3,3,27.176945799998066,24.67073399999208,2.5062118000059854,24.67073399999208,2.5062118000059854,b240632d76bfe6919b44416ecd12239cbcb93cea,1.8.0,cde18190c3c8d2f5e97799ac5572ab19fe5ea4929fd0422da19b385b1d617f1e,True,3.14.3,2.11.0+cpu,2.4.3,1.3.0,3.1.0,not-installed,not-installed,0.16805394431554582,0.0,0.00015739501,0.00020975291014420448,1632.0,1.0,0.0,0.0,0.0,0.0,0.022556390977443608,0.15037593984962402,0.849624060150376,0.0,0.15037593984962402,0.0,0.3053283257330547,0.7996173451819737,0.9774436090225563,0.9774436090225563,0.9774436090225563,0.022556390977443608,3.0,0.022556390977443608,exact,375.0127819548872,530.0,neural,1632.0,6528.0,65280.0,nan,0.0,0.0,nan,,,,,,,,,,,,,,,
