environment,metric,left,right,n_pairs,mean_difference,median_difference,bootstrap_ci_low,bootstrap_ci_high,cohen_dz,rank_biserial,paired_t_p,wilcoxon_p,sign_test_p,wins,losses,ties,difference_skew,difference_excess_kurtosis,catastrophic_low_outliers,catastrophic_high_outliers,win_rate_non_ties,contrast,paired_t_holm_p,wilcoxon_holm_p,sign_test_holm_p,analysis_status
Crazyflie-waypoint-physics-and-goal-shift,risk_adjusted_score,double_dqn,dqn,30,0.026064378809534803,0.0015052573764276732,-0.05109794446742944,0.10586703442218784,0.11665468203149347,0.1010752688172043,0.527874122383881,0.6408254038542509,0.8555355519056321,16,14,0,0.3765301956113463,-0.21460230039099448,0,0,0.5333333333333333,double_dqn_vs_dqn,1.0,1.0,1.0,main_external_physics_based_uav_validation
Crazyflie-waypoint-physics-and-goal-shift,risk_adjusted_score,fuzzy_support,dqn,30,0.0057352114882978445,-0.0009971161255764305,-0.06979674142709683,0.08297441529612913,0.02633032406653439,0.002150537634408602,0.8863265820612384,1.0,1.0,15,15,0,0.3996971603181733,-0.20630462304172692,0,0,0.5,fuzzy_support_vs_dqn,1.0,1.0,1.0,main_external_physics_based_uav_validation
Crazyflie-waypoint-physics-and-goal-shift,risk_adjusted_score,feature_support,dqn,30,0.04576606602155319,0.010046691681446259,-0.022793176374479376,0.11895228022939477,0.22866147696489642,0.23010752688172043,0.2204193856069837,0.28008678182959557,0.36159460805356514,18,12,0,0.8115869400500655,2.30662097540999,0,0,0.6,feature_support_vs_dqn,0.6612581568209511,0.8402603454887867,1.0,main_external_physics_based_uav_validation
Crazyflie-waypoint-physics-and-goal-shift,risk_adjusted_score,feature_support,pid_safe_controller,30,-0.7728231694666678,-0.8484234428597421,-0.8407653747508864,-0.6990078058539632,-3.859836106308695,-1.0,3.6297403002387397e-19,1.862645149230957e-09,1.862645149230957e-09,0,30,0,1.0593051149456147,1.0181761339789803,0,0,0.0,feature_support_vs_pid_safe_controller,1.4518961200954959e-18,7.450580596923828e-09,7.450580596923828e-09,main_external_physics_based_uav_validation
