experiment_name,experiment,config_file,environment,environment_id,resolved_environment_id,observation_representation,agent,seed,phase,train_steps,eval_checkpoint,eval_return,checkpoint,episode,return,length,success,environment_steps,gradient_updates,training_loss_mean,training_loss_max,nonfinite_loss_count,completed_checkpoint_count,expected_checkpoint_count,elapsed_seconds,training_elapsed_seconds,evaluation_elapsed_seconds,wall_clock_training_time,wall_clock_evaluation_time,git_commit_hash,package_version,source_snapshot_sha256,execution_inputs_clean,python_version,torch_version,numpy_version,gymnasium_version,minigrid_version,gym_pybullet_drones_version,pybullet_version,mean_gate,support_abstention_rate,global_tabular_error,global_neural_error,visited_states,failure_rate,collision_rate,risk_zone_rate,idle_rate,risk_adjusted_score,unsupported_state_ratio,memory_branch_usage_ratio,neural_branch_usage_ratio,abstention_ratio,adaptive_alpha_mean,adaptive_alpha_iqr,support_score_mean,uncertainty_score_mean,exact_support_coverage,approximate_support_coverage,fuzzy_gate_active_rate,neural_only_fallback_rate,out_of_fuzzy_support_count,out_of_fuzzy_support_ratio,support_status,inference_time_us_per_decision_mean,inference_time_us_per_decision_median,selected_branch,memory_cost_states,memory_cost_entries,memory_cost_bytes_estimated,localization_error_mean,sensor_dropout_rate,camera_visible_rate,motor_saturation_rate,tabular_greedy_action,neural_greedy_action,mixed_selected_action,optimal_action,tabular_action_correct,neural_action_correct,relative_reliability_score,predicted_better_branch,actually_better_branch,actually_better_branch_value,tabular_q_error,neural_q_error,post_shift,shift_region,steps_since_shift
reviewer1_observation_shift_smoke,reviewer1_observation_shift_smoke,configs/reviewer1_remaining/smoke/observation_shift.yaml,Reviewer1-observation-shift-smoke,Reviewer1ObservationShift-v0,Reviewer1ObservationShift-v0,native_gymnasium_observation,count_gated_tau_20,11010,train,160,,,160,1,-2.0500000000000003,160,0.0,160,0,nan,nan,0,0,3,0.3927272000000812,0.3927272000000812,0.0,0.3927272000000812,0.0,d1991e82fa1ea0337d3d6296e2c904f22359ea22,1.8.0,7cc5bc598cfd6850415c80c2a5f22423f37a7ce8561077a69366f06d0ab14b1d,True,3.14.3,2.11.0+cpu,2.4.3,1.3.0,3.1.0,not-installed,not-installed,0.0,0.0,1.0,1.0,16.0,1.0,0.0,0.0,0.0,0.0,1.0,0.0,0.0,0.0,nan,nan,0.0,nan,0.0,0.0,nan,0.0,nan,nan,unsupported,28.675625000000004,26.45,none,16.0,64.0,640.0,nan,0.0,0.0,nan,,,,,,,,,,,,,,,
reviewer1_observation_shift_smoke,reviewer1_observation_shift_smoke,configs/reviewer1_remaining/smoke/observation_shift.yaml,Reviewer1-observation-shift-smoke,Reviewer1ObservationShift-v0,Reviewer1ObservationShift-v0,native_gymnasium_observation,count_gated_tau_20,11010,train,262,,,262,2,-0.390000000000001,102,1.0,262,0,nan,nan,0,0,3,0.5390072999944095,0.5390072999944095,0.0,0.5390072999944095,0.0,d1991e82fa1ea0337d3d6296e2c904f22359ea22,1.8.0,7cc5bc598cfd6850415c80c2a5f22423f37a7ce8561077a69366f06d0ab14b1d,True,3.14.3,2.11.0+cpu,2.4.3,1.3.0,3.1.0,not-installed,not-installed,0.0,0.0,1.0,1.0,36.0,0.0,0.0,0.0,0.0,1.0,1.0,0.0,0.0,0.0,nan,nan,0.0,nan,0.0,0.0,nan,0.0,nan,nan,unsupported,24.54215686274509,22.8,none,36.0,144.0,1440.0,nan,0.0,0.0,nan,,,,,,,,,,,,,,,
reviewer1_observation_shift_smoke,reviewer1_observation_shift_smoke,configs/reviewer1_remaining/smoke/observation_shift.yaml,Reviewer1-observation-shift-smoke,Reviewer1ObservationShift-v0,Reviewer1ObservationShift-v0,native_gymnasium_observation,count_gated_tau_20,11010,train,326,,,326,3,0.2699999999999996,64,1.0,326,0,nan,nan,0,0,3,0.6309137999996892,0.6309137999996892,0.0,0.6309137999996892,0.0,d1991e82fa1ea0337d3d6296e2c904f22359ea22,1.8.0,7cc5bc598cfd6850415c80c2a5f22423f37a7ce8561077a69366f06d0ab14b1d,True,3.14.3,2.11.0+cpu,2.4.3,1.3.0,3.1.0,not-installed,not-installed,0.030303030303030304,0.0,1.0,1.0,53.0,0.0,0.0,0.0,0.0,1.0,0.9375,0.005681818181818182,0.8849431818181819,0.0,nan,nan,0.00594766137275253,nan,0.0625,0.0625,nan,0.828125,nan,nan,unsupported,55.139062499999994,22.3,neural,53.0,212.0,2120.0,nan,0.0,0.0,nan,,,,,,,,,,,,,,,
reviewer1_observation_shift_smoke,reviewer1_observation_shift_smoke,configs/reviewer1_remaining/smoke/observation_shift.yaml,Reviewer1-observation-shift-smoke,Reviewer1ObservationShift-v0,Reviewer1ObservationShift-v0,native_gymnasium_observation,count_gated_tau_20,11010,train,370,,,370,4,0.48999999999999977,44,1.0,370,0,nan,nan,0,0,3,0.6993326000010711,0.6993326000010711,0.0,0.6993326000010711,0.0,d1991e82fa1ea0337d3d6296e2c904f22359ea22,1.8.0,7cc5bc598cfd6850415c80c2a5f22423f37a7ce8561077a69366f06d0ab14b1d,True,3.14.3,2.11.0+cpu,2.4.3,1.3.0,3.1.0,not-installed,not-installed,0.022727272727272728,0.0,1.0,1.0,71.0,0.0,0.0,0.0,0.0,1.0,0.6363636363636364,0.03305785123966942,0.9669421487603306,0.0,nan,nan,0.034604575259651084,nan,0.36363636363636365,0.36363636363636365,nan,0.6363636363636364,nan,nan,unsupported,36.00000000000001,22.55,neural,71.0,284.0,2840.0,nan,0.0,0.0,nan,,,,,,,,,,,,,,,
reviewer1_observation_shift_smoke,reviewer1_observation_shift_smoke,configs/reviewer1_remaining/smoke/observation_shift.yaml,Reviewer1-observation-shift-smoke,Reviewer1ObservationShift-v0,Reviewer1ObservationShift-v0,native_gymnasium_observation,count_gated_tau_20,11010,train,530,,,530,5,-1.8700000000000014,160,0.0,530,2,0.008387691574171185,0.009031332097947598,0,0,3,0.960543699999107,0.960543699999107,0.0,0.960543699999107,0.0,d1991e82fa1ea0337d3d6296e2c904f22359ea22,1.8.0,7cc5bc598cfd6850415c80c2a5f22423f37a7ce8561077a69366f06d0ab14b1d,True,3.14.3,2.11.0+cpu,2.4.3,1.3.0,3.1.0,not-installed,not-installed,0.05642135642135643,0.0,1.0,1.0,102.0,1.0,0.0,0.0,0.0,0.0,0.04375,0.07601190476190475,0.9239880952380952,0.0,nan,nan,0.08112259110705404,nan,0.95625,0.95625,nan,0.04375,nan,nan,exact,35.21124999999999,23.85,neural,102.0,408.0,4080.0,nan,0.0,0.0,nan,,,,,,,,,,,,,,,
reviewer1_observation_shift_smoke,reviewer1_observation_shift_smoke,configs/reviewer1_remaining/smoke/observation_shift.yaml,Reviewer1-observation-shift-smoke,Reviewer1ObservationShift-v0,Reviewer1ObservationShift-v0,native_gymnasium_observation,count_gated_tau_20,11010,train,533,,,533,6,0.96,3,1.0,533,2,0.008387691574171185,0.009031332097947598,0,0,3,0.9637010999940685,0.9637010999940685,0.0,0.9637010999940685,0.0,d1991e82fa1ea0337d3d6296e2c904f22359ea22,1.8.0,7cc5bc598cfd6850415c80c2a5f22423f37a7ce8561077a69366f06d0ab14b1d,True,3.14.3,2.11.0+cpu,2.4.3,1.3.0,3.1.0,not-installed,not-installed,0.05642135642135643,0.0,1.0,1.0,103.0,0.0,0.0,0.0,0.0,1.0,0.0,0.20000000000000004,0.8000000000000002,0.0,nan,nan,0.22119921692859512,nan,1.0,1.0,nan,0.0,nan,nan,exact,17.666666666666668,19.2,neural,103.0,412.0,4120.0,nan,0.0,0.0,nan,,,,,,,,,,,,,,,
reviewer1_observation_shift_smoke,reviewer1_observation_shift_smoke,configs/reviewer1_remaining/smoke/observation_shift.yaml,Reviewer1-observation-shift-smoke,Reviewer1ObservationShift-v0,Reviewer1ObservationShift-v0,native_gymnasium_observation,count_gated_tau_20,11010,train,693,,,693,7,-1.9800000000000015,160,0.0,693,12,0.00499369435904858,0.01368828397244215,0,0,3,1.256733099995472,1.256733099995472,0.0,1.256733099995472,0.0,d1991e82fa1ea0337d3d6296e2c904f22359ea22,1.8.0,7cc5bc598cfd6850415c80c2a5f22423f37a7ce8561077a69366f06d0ab14b1d,True,3.14.3,2.11.0+cpu,2.4.3,1.3.0,3.1.0,not-installed,not-installed,0.09977450451758751,0.0,1.0,1.0,131.0,1.0,0.0,0.0,0.0,0.0,0.0,0.1614520624303233,0.8385479375696768,0.0,nan,nan,0.17914468373730089,nan,1.0,1.0,nan,0.0,nan,nan,exact,43.6875,23.85,neural,131.0,524.0,5240.0,nan,0.0,0.0,nan,,,,,,,,,,,,,,,
reviewer1_observation_shift_smoke,reviewer1_observation_shift_smoke,configs/reviewer1_remaining/smoke/observation_shift.yaml,Reviewer1-observation-shift-smoke,Reviewer1ObservationShift-v0,Reviewer1ObservationShift-v0,native_gymnasium_observation,count_gated_tau_20,11010,train,853,,,853,8,-2.0500000000000007,160,0.0,853,22,0.004158898714442991,0.01368828397244215,0,0,3,1.5040131999994628,1.5040131999994628,0.0,1.5040131999994628,0.0,d1991e82fa1ea0337d3d6296e2c904f22359ea22,1.8.0,7cc5bc598cfd6850415c80c2a5f22423f37a7ce8561077a69366f06d0ab14b1d,True,3.14.3,2.11.0+cpu,2.4.3,1.3.0,3.1.0,not-installed,not-installed,0.1710618019159493,0.0,1.0,1.0,159.0,1.0,0.0,0.0,0.0,0.0,0.0,0.2348972787542399,0.7651027212457602,0.0,nan,nan,0.27662187808793914,nan,1.0,1.0,nan,0.0,nan,nan,exact,40.609375,23.15,neural,159.0,636.0,6360.0,nan,0.0,0.0,nan,,,,,,,,,,,,,,,
reviewer1_observation_shift_smoke,reviewer1_observation_shift_smoke,configs/reviewer1_remaining/smoke/observation_shift.yaml,Reviewer1-observation-shift-smoke,Reviewer1ObservationShift-v0,Reviewer1ObservationShift-v0,native_gymnasium_observation,count_gated_tau_20,11010,train,863,,,863,9,0.9,10,1.0,863,22,0.004158898714442991,0.01368828397244215,0,0,3,1.5119187999953283,1.5119187999953283,0.0,1.5119187999953283,0.0,d1991e82fa1ea0337d3d6296e2c904f22359ea22,1.8.0,7cc5bc598cfd6850415c80c2a5f22423f37a7ce8561077a69366f06d0ab14b1d,True,3.14.3,2.11.0+cpu,2.4.3,1.3.0,3.1.0,not-installed,not-installed,0.1710618019159493,0.0,1.0,1.0,163.0,0.0,0.0,0.0,0.0,1.0,0.0,0.574468085106383,0.425531914893617,0.0,nan,nan,0.7407597393541085,nan,1.0,1.0,nan,0.0,nan,nan,exact,18.15,18.05,memory,163.0,652.0,6520.0,nan,0.0,0.0,nan,,,,,,,,,,,,,,,
reviewer1_observation_shift_smoke,reviewer1_observation_shift_smoke,configs/reviewer1_remaining/smoke/observation_shift.yaml,Reviewer1-observation-shift-smoke,Reviewer1ObservationShift-v0,Reviewer1ObservationShift-v0,native_gymnasium_observation,count_gated_tau_20,11010,train,1023,,,1023,10,-1.8900000000000015,160,0.0,1023,32,0.00348104618024081,0.013761648908257484,0,0,3,1.866166299994802,1.866166299994802,0.0,1.866166299994802,0.0,d1991e82fa1ea0337d3d6296e2c904f22359ea22,1.8.0,7cc5bc598cfd6850415c80c2a5f22423f37a7ce8561077a69366f06d0ab14b1d,True,3.14.3,2.11.0+cpu,2.4.3,1.3.0,3.1.0,not-installed,not-installed,0.15688708823270836,0.0,1.0,1.0,194.0,1.0,0.0,0.0,0.0,0.0,0.20625,0.14841920039480172,0.8515807996051983,0.0,nan,nan,0.17377091276170886,nan,0.79375,0.79375,nan,0.20625,nan,nan,exact,68.73625,25.299999999999997,neural,194.0,776.0,7760.0,nan,0.0,0.0,nan,,,,,,,,,,,,,,,
reviewer1_observation_shift_smoke,reviewer1_observation_shift_smoke,configs/reviewer1_remaining/smoke/observation_shift.yaml,Reviewer1-observation-shift-smoke,Reviewer1ObservationShift-v0,Reviewer1ObservationShift-v0,native_gymnasium_observation,count_gated_tau_20,11010,train,1078,,,1078,11,0.2999999999999996,55,1.0,1078,36,0.003135117749075612,0.013761648908257484,0,0,3,1.93950539999787,1.93950539999787,0.0,1.93950539999787,0.0,d1991e82fa1ea0337d3d6296e2c904f22359ea22,1.8.0,7cc5bc598cfd6850415c80c2a5f22423f37a7ce8561077a69366f06d0ab14b1d,True,3.14.3,2.11.0+cpu,2.4.3,1.3.0,3.1.0,not-installed,not-installed,0.15688708823270836,0.0,1.0,1.0,211.0,0.0,0.0,0.0,0.0,1.0,0.0,0.2307692307692307,0.7692307692307688,0.0,nan,nan,0.25918177931828223,nan,1.0,1.0,nan,0.0,nan,nan,exact,24.674545454545452,22.6,neural,211.0,844.0,8440.0,nan,0.0,0.0,nan,,,,,,,,,,,,,,,
reviewer1_observation_shift_smoke,reviewer1_observation_shift_smoke,configs/reviewer1_remaining/smoke/observation_shift.yaml,Reviewer1-observation-shift-smoke,Reviewer1ObservationShift-v0,Reviewer1ObservationShift-v0,native_gymnasium_observation,count_gated_tau_20,11010,train,1080,,,1080,12,0.99,2,1.0,1080,36,0.003135117749075612,0.013761648908257484,0,0,3,1.9422931999943103,1.9422931999943103,0.0,1.9422931999943103,0.0,d1991e82fa1ea0337d3d6296e2c904f22359ea22,1.8.0,7cc5bc598cfd6850415c80c2a5f22423f37a7ce8561077a69366f06d0ab14b1d,True,3.14.3,2.11.0+cpu,2.4.3,1.3.0,3.1.0,not-installed,not-installed,0.15688708823270836,0.0,1.0,1.0,213.0,0.0,0.0,0.0,0.0,1.0,0.0,0.23076923076923078,0.7692307692307692,0.0,nan,nan,0.2591817793182821,nan,1.0,1.0,nan,0.0,nan,nan,exact,22.05,22.05,neural,213.0,852.0,8520.0,nan,0.0,0.0,nan,,,,,,,,,,,,,,,
reviewer1_observation_shift_smoke,reviewer1_observation_shift_smoke,configs/reviewer1_remaining/smoke/observation_shift.yaml,Reviewer1-observation-shift-smoke,Reviewer1ObservationShift-v0,Reviewer1ObservationShift-v0,native_gymnasium_observation,count_gated_tau_20,11010,train,1155,,,1155,13,0.13999999999999946,75,1.0,1155,41,0.0034170910757228097,0.013761648908257484,0,0,3,2.029357899999013,2.029357899999013,0.0,2.029357899999013,0.0,d1991e82fa1ea0337d3d6296e2c904f22359ea22,1.8.0,7cc5bc598cfd6850415c80c2a5f22423f37a7ce8561077a69366f06d0ab14b1d,True,3.14.3,2.11.0+cpu,2.4.3,1.3.0,3.1.0,not-installed,not-installed,0.1804539542868251,0.0,1.0,1.0,218.0,0.0,0.0,0.0,0.0,1.0,0.0,0.332063492063492,0.6679365079365077,0.0,nan,nan,0.3972536153793369,nan,1.0,1.0,nan,0.0,nan,nan,exact,50.59600000000001,19.7,neural,218.0,872.0,8720.0,nan,0.0,0.0,nan,,,,,,,,,,,,,,,
reviewer1_observation_shift_smoke,reviewer1_observation_shift_smoke,configs/reviewer1_remaining/smoke/observation_shift.yaml,Reviewer1-observation-shift-smoke,Reviewer1ObservationShift-v0,Reviewer1ObservationShift-v0,native_gymnasium_observation,count_gated_tau_20,11010,train,1156,,,1156,14,1.0,1,1.0,1156,41,0.0034170910757228097,0.013761648908257484,0,0,3,2.0308956999942893,2.0308956999942893,0.0,2.0308956999942893,0.0,d1991e82fa1ea0337d3d6296e2c904f22359ea22,1.8.0,7cc5bc598cfd6850415c80c2a5f22423f37a7ce8561077a69366f06d0ab14b1d,True,3.14.3,2.11.0+cpu,2.4.3,1.3.0,3.1.0,not-installed,not-installed,0.1804539542868251,0.0,1.0,1.0,219.0,0.0,0.0,0.0,0.0,1.0,0.0,0.23076923076923078,0.7692307692307692,0.0,nan,nan,0.2591817793182821,nan,1.0,1.0,nan,0.0,nan,nan,exact,13.7,13.7,neural,219.0,876.0,8760.0,nan,0.0,0.0,nan,,,,,,,,,,,,,,,
reviewer1_observation_shift_smoke,reviewer1_observation_shift_smoke,configs/reviewer1_remaining/smoke/observation_shift.yaml,Reviewer1-observation-shift-smoke,Reviewer1ObservationShift-v0,Reviewer1ObservationShift-v0,native_gymnasium_observation,count_gated_tau_20,11010,train,1316,,,1316,15,-1.9200000000000015,160,0.0,1316,51,0.0032728786047265005,0.013761648908257484,0,0,3,2.3156348999982583,2.3156348999982583,0.0,2.3156348999982583,0.0,d1991e82fa1ea0337d3d6296e2c904f22359ea22,1.8.0,7cc5bc598cfd6850415c80c2a5f22423f37a7ce8561077a69366f06d0ab14b1d,True,3.14.3,2.11.0+cpu,2.4.3,1.3.0,3.1.0,not-installed,not-installed,0.16516629671116254,0.0,1.0,1.0,256.0,1.0,0.0,0.0,0.0,0.0,0.225,0.07156901069944548,0.9284309893005546,0.0,nan,nan,0.07665991975515944,nan,0.775,0.775,nan,0.225,nan,nan,exact,47.42,22.85,neural,256.0,1024.0,10240.0,nan,0.0,0.0,nan,,,,,,,,,,,,,,,
reviewer1_observation_shift_smoke,reviewer1_observation_shift_smoke,configs/reviewer1_remaining/smoke/observation_shift.yaml,Reviewer1-observation-shift-smoke,Reviewer1ObservationShift-v0,Reviewer1ObservationShift-v0,native_gymnasium_observation,count_gated_tau_20,11010,train,1471,,,1471,16,-0.7300000000000013,155,1.0,1471,60,0.0032206285090069287,0.013761648908257484,0,0,3,2.6123096000010264,2.6123096000010264,0.0,2.6123096000010264,0.0,d1991e82fa1ea0337d3d6296e2c904f22359ea22,1.8.0,7cc5bc598cfd6850415c80c2a5f22423f37a7ce8561077a69366f06d0ab14b1d,True,3.14.3,2.11.0+cpu,2.4.3,1.3.0,3.1.0,not-installed,not-installed,0.17136654541589766,0.0,1.0,1.0,281.0,0.0,0.0,0.0,0.0,1.0,0.1032258064516129,0.22861958369407379,0.7713804163059262,0.0,nan,nan,0.2710597733658908,nan,0.896774193548387,0.896774193548387,nan,0.1032258064516129,nan,nan,exact,87.1058064516129,24.3,neural,281.0,1124.0,11240.0,nan,0.0,0.0,nan,,,,,,,,,,,,,,,
reviewer1_observation_shift_smoke,reviewer1_observation_shift_smoke,configs/reviewer1_remaining/smoke/observation_shift.yaml,Reviewer1-observation-shift-smoke,Reviewer1ObservationShift-v0,Reviewer1ObservationShift-v0,native_gymnasium_observation,count_gated_tau_20,11010,train,1631,,,1631,17,-2.080000000000001,160,0.0,1631,70,0.003482347467589924,0.013761648908257484,0,0,3,2.966110299996217,2.966110299996217,0.0,2.966110299996217,0.0,d1991e82fa1ea0337d3d6296e2c904f22359ea22,1.8.0,7cc5bc598cfd6850415c80c2a5f22423f37a7ce8561077a69366f06d0ab14b1d,True,3.14.3,2.11.0+cpu,2.4.3,1.3.0,3.1.0,not-installed,not-installed,0.17769960429249418,0.0,1.0,1.0,300.0,1.0,0.0,0.0,0.0,0.0,0.3625,0.14874131161535253,0.8512586883846474,0.0,nan,nan,0.1715684914794507,nan,0.6375,0.6375,nan,0.3625,nan,nan,exact,72.62125,25.25,neural,300.0,1200.0,12000.0,nan,0.0,0.0,nan,,,,,,,,,,,,,,,
reviewer1_observation_shift_smoke,reviewer1_observation_shift_smoke,configs/reviewer1_remaining/smoke/observation_shift.yaml,Reviewer1-observation-shift-smoke,Reviewer1ObservationShift-v0,Reviewer1ObservationShift-v0,native_gymnasium_observation,count_gated_tau_20,11010,train,1676,,,1676,18,0.44999999999999973,45,1.0,1676,73,0.003677037438100255,0.013761648908257484,0,0,3,3.0185404000003473,3.0185404000003473,0.0,3.0185404000003473,0.0,d1991e82fa1ea0337d3d6296e2c904f22359ea22,1.8.0,7cc5bc598cfd6850415c80c2a5f22423f37a7ce8561077a69366f06d0ab14b1d,True,3.14.3,2.11.0+cpu,2.4.3,1.3.0,3.1.0,not-installed,not-installed,0.1794263212038083,0.0,1.0,1.0,310.0,0.0,0.0,0.0,0.0,1.0,0.0,0.4163860830527497,0.5836139169472503,0.0,nan,nan,0.5127404073571804,nan,1.0,1.0,nan,0.0,nan,nan,exact,41.73555555555556,20.3,neural,310.0,1240.0,12400.0,nan,0.0,0.0,nan,,,,,,,,,,,,,,,
reviewer1_observation_shift_smoke,reviewer1_observation_shift_smoke,configs/reviewer1_remaining/smoke/observation_shift.yaml,Reviewer1-observation-shift-smoke,Reviewer1ObservationShift-v0,Reviewer1ObservationShift-v0,native_gymnasium_observation,count_gated_tau_20,11010,train,1836,,,1836,19,-2.0400000000000005,160,0.0,1836,83,0.0034082376796833566,0.013761648908257484,0,0,3,3.254484400000365,3.254484400000365,0.0,3.254484400000365,0.0,d1991e82fa1ea0337d3d6296e2c904f22359ea22,1.8.0,7cc5bc598cfd6850415c80c2a5f22423f37a7ce8561077a69366f06d0ab14b1d,True,3.14.3,2.11.0+cpu,2.4.3,1.3.0,3.1.0,not-installed,not-installed,0.17489316067521907,0.0,1.0,1.0,331.0,1.0,0.0,0.0,0.0,0.0,0.15,0.14327741563194146,0.8567225843680586,0.0,nan,nan,0.1613359953725997,nan,0.85,0.85,nan,0.15,nan,nan,exact,71.675625,24.4,neural,331.0,1324.0,13240.0,nan,0.0,0.0,nan,,,,,,,,,,,,,,,
reviewer1_observation_shift_smoke,reviewer1_observation_shift_smoke,configs/reviewer1_remaining/smoke/observation_shift.yaml,Reviewer1-observation-shift-smoke,Reviewer1ObservationShift-v0,Reviewer1ObservationShift-v0,native_gymnasium_observation,count_gated_tau_20,11010,train,1996,,,1996,20,-2.0500000000000007,160,0.0,1996,93,0.0033093196958674602,0.013761648908257484,0,0,3,3.655479599998216,3.655479599998216,0.0,3.655479599998216,0.0,d1991e82fa1ea0337d3d6296e2c904f22359ea22,1.8.0,7cc5bc598cfd6850415c80c2a5f22423f37a7ce8561077a69366f06d0ab14b1d,True,3.14.3,2.11.0+cpu,2.4.3,1.3.0,3.1.0,not-installed,not-installed,0.17703101447359304,0.0,1.0,1.0,348.0,1.0,0.0,0.0,0.0,0.0,0.20625,0.187431685201248,0.8125683147987519,0.0,nan,nan,0.21591996697256652,nan,0.79375,0.79375,nan,0.20625,nan,nan,exact,86.079375,26.7,neural,348.0,1392.0,13920.0,nan,0.0,0.0,nan,,,,,,,,,,,,,,,
reviewer1_observation_shift_smoke,reviewer1_observation_shift_smoke,configs/reviewer1_remaining/smoke/observation_shift.yaml,Reviewer1-observation-shift-smoke,Reviewer1ObservationShift-v0,Reviewer1ObservationShift-v0,native_gymnasium_observation,count_gated_tau_20,11010,train,2007,,,2007,21,0.88,11,1.0,2007,94,0.0034102566647135897,0.013761648908257484,0,0,3,3.6696477999939816,3.6696477999939816,0.0,3.6696477999939816,0.0,d1991e82fa1ea0337d3d6296e2c904f22359ea22,1.8.0,7cc5bc598cfd6850415c80c2a5f22423f37a7ce8561077a69366f06d0ab14b1d,True,3.14.3,2.11.0+cpu,2.4.3,1.3.0,3.1.0,not-installed,not-installed,0.17703101447359304,0.0,1.0,1.0,354.0,0.0,0.0,0.0,0.0,1.0,0.0,0.13043478260869562,0.8695652173913043,0.0,nan,nan,0.1392920235749422,nan,1.0,1.0,nan,0.0,nan,nan,exact,23.236363636363635,20.6,neural,354.0,1416.0,14160.0,nan,0.0,0.0,nan,,,,,,,,,,,,,,,
reviewer1_observation_shift_smoke,reviewer1_observation_shift_smoke,configs/reviewer1_remaining/smoke/observation_shift.yaml,Reviewer1-observation-shift-smoke,Reviewer1ObservationShift-v0,Reviewer1ObservationShift-v0,native_gymnasium_observation,count_gated_tau_20,11010,train,2167,,,2167,22,-2.0400000000000005,160,0.0,2167,104,0.0032138616981263533,0.013761648908257484,0,0,3,4.029947600000014,4.029947600000014,0.0,4.029947600000014,0.0,d1991e82fa1ea0337d3d6296e2c904f22359ea22,1.8.0,7cc5bc598cfd6850415c80c2a5f22423f37a7ce8561077a69366f06d0ab14b1d,True,3.14.3,2.11.0+cpu,2.4.3,1.3.0,3.1.0,not-installed,not-installed,0.1680930856204677,0.0,1.0,1.0,394.0,1.0,0.0,0.0,0.0,0.0,0.13125,0.1292759246001375,0.8707240753998626,0.0,nan,nan,0.14141266113342704,nan,0.86875,0.86875,nan,0.13125,nan,nan,exact,87.57625,26.15,neural,394.0,1576.0,15760.0,nan,0.0,0.0,nan,,,,,,,,,,,,,,,
reviewer1_observation_shift_smoke,reviewer1_observation_shift_smoke,configs/reviewer1_remaining/smoke/observation_shift.yaml,Reviewer1-observation-shift-smoke,Reviewer1ObservationShift-v0,Reviewer1ObservationShift-v0,native_gymnasium_observation,count_gated_tau_20,11010,train,2186,,,2186,23,0.8099999999999999,19,1.0,2186,105,0.00318406299366394,0.013761648908257484,0,0,3,4.0543814999982715,4.0543814999982715,0.0,4.0543814999982715,0.0,d1991e82fa1ea0337d3d6296e2c904f22359ea22,1.8.0,7cc5bc598cfd6850415c80c2a5f22423f37a7ce8561077a69366f06d0ab14b1d,True,3.14.3,2.11.0+cpu,2.4.3,1.3.0,3.1.0,not-installed,not-installed,0.16592249198921244,0.0,1.0,1.0,403.0,0.0,0.0,0.0,0.0,1.0,0.21052631578947367,0.07177033492822965,0.9282296650717704,0.0,nan,nan,0.07512835418213722,nan,0.7894736842105263,0.7894736842105263,nan,0.21052631578947367,nan,nan,exact,86.18947368421054,21.5,neural,403.0,1612.0,16120.0,nan,0.0,0.0,nan,,,,,,,,,,,,,,,
reviewer1_observation_shift_smoke,reviewer1_observation_shift_smoke,configs/reviewer1_remaining/smoke/observation_shift.yaml,Reviewer1-observation-shift-smoke,Reviewer1ObservationShift-v0,Reviewer1ObservationShift-v0,native_gymnasium_observation,count_gated_tau_20,11010,train,2285,,,2285,24,-0.22000000000000086,99,1.0,2285,111,0.00301424535131331,0.013761648908257484,0,0,3,4.241113799995219,4.241113799995219,0.0,4.241113799995219,0.0,d1991e82fa1ea0337d3d6296e2c904f22359ea22,1.8.0,7cc5bc598cfd6850415c80c2a5f22423f37a7ce8561077a69366f06d0ab14b1d,True,3.14.3,2.11.0+cpu,2.4.3,1.3.0,3.1.0,not-installed,not-installed,0.15526964743928273,0.0,1.0,1.0,441.0,0.0,0.0,0.0,0.0,1.0,0.2727272727272727,0.0853538936542889,0.9146461063457111,0.0,nan,nan,0.0917499654834619,nan,0.7272727272727273,0.7272727272727273,nan,0.2727272727272727,nan,nan,exact,106.73737373737374,26.8,neural,441.0,1764.0,17640.0,nan,0.0,0.0,nan,,,,,,,,,,,,,,,
reviewer1_observation_shift_smoke,reviewer1_observation_shift_smoke,configs/reviewer1_remaining/smoke/observation_shift.yaml,Reviewer1-observation-shift-smoke,Reviewer1ObservationShift-v0,Reviewer1ObservationShift-v0,native_gymnasium_observation,count_gated_tau_20,11010,train,2445,,,2445,25,-2.0300000000000007,160,0.0,2445,121,0.0029721056731387228,0.013761648908257484,0,0,3,4.52896889999829,4.52896889999829,0.0,4.52896889999829,0.0,d1991e82fa1ea0337d3d6296e2c904f22359ea22,1.8.0,7cc5bc598cfd6850415c80c2a5f22423f37a7ce8561077a69366f06d0ab14b1d,True,3.14.3,2.11.0+cpu,2.4.3,1.3.0,3.1.0,not-installed,not-installed,0.15569616182484528,0.0,1.0,1.0,469.0,1.0,0.0,0.0,0.0,0.0,0.0875,0.1876964617716117,0.8123035382283884,0.0,nan,nan,0.21172160903586262,nan,0.9125,0.9125,nan,0.0875,nan,nan,exact,101.42625000000001,25.7,neural,469.0,1876.0,18760.0,nan,0.0,0.0,nan,,,,,,,,,,,,,,,
reviewer1_observation_shift_smoke,reviewer1_observation_shift_smoke,configs/reviewer1_remaining/smoke/observation_shift.yaml,Reviewer1-observation-shift-smoke,Reviewer1ObservationShift-v0,Reviewer1ObservationShift-v0,native_gymnasium_observation,count_gated_tau_20,11010,train,2605,,,2605,26,-1.9600000000000015,160,0.0,2605,131,0.0031776850743207925,0.013761648908257484,0,0,3,4.801116700000421,4.801116700000421,0.0,4.801116700000421,0.0,d1991e82fa1ea0337d3d6296e2c904f22359ea22,1.8.0,7cc5bc598cfd6850415c80c2a5f22423f37a7ce8561077a69366f06d0ab14b1d,True,3.14.3,2.11.0+cpu,2.4.3,1.3.0,3.1.0,not-installed,not-installed,0.16387870101845786,0.0,1.0,1.0,496.0,1.0,0.0,0.0,0.0,0.0,0.05,0.2198965223668734,0.7801034776331266,0.0,nan,nan,0.25612884714818385,nan,0.95,0.95,nan,0.05,nan,nan,exact,112.7275,25.2,neural,496.0,1984.0,19840.0,nan,0.0,0.0,nan,,,,,,,,,,,,,,,
reviewer1_observation_shift_smoke,reviewer1_observation_shift_smoke,configs/reviewer1_remaining/smoke/observation_shift.yaml,Reviewer1-observation-shift-smoke,Reviewer1ObservationShift-v0,Reviewer1ObservationShift-v0,native_gymnasium_observation,count_gated_tau_20,11010,train,2765,,,2765,27,-1.9500000000000015,160,0.0,2765,141,0.003218433272892032,0.013761648908257484,0,0,3,5.068677999995998,5.068677999995998,0.0,5.068677999995998,0.0,d1991e82fa1ea0337d3d6296e2c904f22359ea22,1.8.0,7cc5bc598cfd6850415c80c2a5f22423f37a7ce8561077a69366f06d0ab14b1d,True,3.14.3,2.11.0+cpu,2.4.3,1.3.0,3.1.0,not-installed,not-installed,0.16432694123892458,0.0,1.0,1.0,519.0,1.0,0.0,0.0,0.0,0.0,0.11875,0.14932523807237766,0.8506747619276224,0.0,nan,nan,0.16693523143223865,nan,0.88125,0.88125,nan,0.11875,nan,nan,exact,74.235,24.35,neural,519.0,2076.0,20760.0,nan,0.0,0.0,nan,,,,,,,,,,,,,,,
reviewer1_observation_shift_smoke,reviewer1_observation_shift_smoke,configs/reviewer1_remaining/smoke/observation_shift.yaml,Reviewer1-observation-shift-smoke,Reviewer1ObservationShift-v0,Reviewer1ObservationShift-v0,native_gymnasium_observation,count_gated_tau_20,11010,train,2925,,,2925,28,-2.0200000000000014,160,0.0,2925,151,0.0033001591840826185,0.032313477247953415,0,0,3,5.375085899999249,5.375085899999249,0.0,5.375085899999249,0.0,d1991e82fa1ea0337d3d6296e2c904f22359ea22,1.8.0,7cc5bc598cfd6850415c80c2a5f22423f37a7ce8561077a69366f06d0ab14b1d,True,3.14.3,2.11.0+cpu,2.4.3,1.3.0,3.1.0,not-installed,not-installed,0.15745651428890534,0.0,1.0,1.0,552.0,1.0,0.0,0.0,0.0,0.0,0.20625,0.12148774233013362,0.8785122576698665,0.0,nan,nan,0.13388429622725315,nan,0.79375,0.79375,nan,0.20625,nan,nan,exact,101.40625,25.950000000000003,neural,552.0,2208.0,22080.0,nan,0.0,0.0,nan,,,,,,,,,,,,,,,
reviewer1_observation_shift_smoke,reviewer1_observation_shift_smoke,configs/reviewer1_remaining/smoke/observation_shift.yaml,Reviewer1-observation-shift-smoke,Reviewer1ObservationShift-v0,Reviewer1ObservationShift-v0,native_gymnasium_observation,count_gated_tau_20,11010,train,3085,,,3085,29,-1.9800000000000015,160,0.0,3085,161,0.003170944427376232,0.032313477247953415,0,0,3,5.696261899996898,5.696261899996898,0.0,5.696261899996898,0.0,d1991e82fa1ea0337d3d6296e2c904f22359ea22,1.8.0,7cc5bc598cfd6850415c80c2a5f22423f37a7ce8561077a69366f06d0ab14b1d,True,3.14.3,2.11.0+cpu,2.4.3,1.3.0,3.1.0,not-installed,not-installed,0.15211455803974644,0.0,1.0,1.0,582.0,1.0,0.0,0.0,0.0,0.0,0.16875,0.12854080400276055,0.8714591959972395,0.0,nan,nan,0.14292407538425403,nan,0.83125,0.83125,nan,0.16875,nan,nan,exact,116.158125,24.950000000000003,neural,582.0,2328.0,23280.0,nan,0.0,0.0,nan,,,,,,,,,,,,,,,
reviewer1_observation_shift_smoke,reviewer1_observation_shift_smoke,configs/reviewer1_remaining/smoke/observation_shift.yaml,Reviewer1-observation-shift-smoke,Reviewer1ObservationShift-v0,Reviewer1ObservationShift-v0,native_gymnasium_observation,count_gated_tau_20,11010,train,3092,,,3092,30,0.9299999999999999,7,1.0,3092,162,0.0031540714639004923,0.032313477247953415,0,0,3,5.7087332000010065,5.7087332000010065,0.0,5.7087332000010065,0.0,d1991e82fa1ea0337d3d6296e2c904f22359ea22,1.8.0,7cc5bc598cfd6850415c80c2a5f22423f37a7ce8561077a69366f06d0ab14b1d,True,3.14.3,2.11.0+cpu,2.4.3,1.3.0,3.1.0,not-installed,not-installed,0.15086258636863742,0.0,1.0,1.0,586.0,0.0,0.0,0.0,0.0,1.0,1.0,0.0,1.0,0.0,nan,nan,0.0,nan,0.0,0.0,nan,1.0,nan,nan,unsupported,157.64285714285714,20.2,neural,586.0,2344.0,23440.0,nan,0.0,0.0,nan,,,,,,,,,,,,,,,
reviewer1_observation_shift_smoke,reviewer1_observation_shift_smoke,configs/reviewer1_remaining/smoke/observation_shift.yaml,Reviewer1-observation-shift-smoke,Reviewer1ObservationShift-v0,Reviewer1ObservationShift-v0,native_gymnasium_observation,count_gated_tau_20,11010,train,3183,,,3183,31,-0.2800000000000009,91,1.0,3183,167,0.003064572467991241,0.032313477247953415,0,0,3,5.819829000000027,5.819829000000027,0.0,5.819829000000027,0.0,d1991e82fa1ea0337d3d6296e2c904f22359ea22,1.8.0,7cc5bc598cfd6850415c80c2a5f22423f37a7ce8561077a69366f06d0ab14b1d,True,3.14.3,2.11.0+cpu,2.4.3,1.3.0,3.1.0,not-installed,not-installed,0.15379505521445994,0.0,1.0,1.0,591.0,0.0,0.0,0.0,0.0,1.0,0.04395604395604396,0.2257607077476937,0.7742392922523064,0.0,nan,nan,0.2638982316478537,nan,0.9560439560439561,0.9560439560439561,nan,0.04395604395604396,nan,nan,exact,120.04505494505493,21.0,neural,591.0,2364.0,23640.0,nan,0.0,0.0,nan,,,,,,,,,,,,,,,
reviewer1_observation_shift_smoke,reviewer1_observation_shift_smoke,configs/reviewer1_remaining/smoke/observation_shift.yaml,Reviewer1-observation-shift-smoke,Reviewer1ObservationShift-v0,Reviewer1ObservationShift-v0,native_gymnasium_observation,count_gated_tau_20,11010,train,3343,,,3343,32,-2.050000000000001,160,0.0,3343,177,0.003215206627402107,0.032313477247953415,0,0,3,6.192128599999705,6.192128599999705,0.0,6.192128599999705,0.0,d1991e82fa1ea0337d3d6296e2c904f22359ea22,1.8.0,7cc5bc598cfd6850415c80c2a5f22423f37a7ce8561077a69366f06d0ab14b1d,True,3.14.3,2.11.0+cpu,2.4.3,1.3.0,3.1.0,not-installed,not-installed,0.16125462682367572,0.0,1.0,1.0,605.0,1.0,0.0,0.0,0.0,0.0,0.1,0.21331034573654648,0.7866896542634535,0.0,nan,nan,0.2497008739016814,nan,0.9,0.9,nan,0.1,nan,nan,exact,116.203125,25.9,neural,605.0,2420.0,24200.0,nan,0.0,0.0,nan,,,,,,,,,,,,,,,
reviewer1_observation_shift_smoke,reviewer1_observation_shift_smoke,configs/reviewer1_remaining/smoke/observation_shift.yaml,Reviewer1-observation-shift-smoke,Reviewer1ObservationShift-v0,Reviewer1ObservationShift-v0,native_gymnasium_observation,count_gated_tau_20,11010,train,3452,,,3452,33,-0.360000000000001,109,1.0,3452,184,0.0032093930912216583,0.032313477247953415,0,0,3,6.321436899997934,6.321436899997934,0.0,6.321436899997934,0.0,d1991e82fa1ea0337d3d6296e2c904f22359ea22,1.8.0,7cc5bc598cfd6850415c80c2a5f22423f37a7ce8561077a69366f06d0ab14b1d,True,3.14.3,2.11.0+cpu,2.4.3,1.3.0,3.1.0,not-installed,not-installed,0.16577702149592435,0.0,1.0,1.0,621.0,0.0,0.0,0.0,0.0,1.0,0.0,0.23374660253515903,0.7662533974648407,0.0,nan,nan,0.2769559396538087,nan,1.0,1.0,nan,0.0,nan,nan,exact,103.48073394495412,20.8,neural,621.0,2484.0,24840.0,nan,0.0,0.0,nan,,,,,,,,,,,,,,,
reviewer1_observation_shift_smoke,reviewer1_observation_shift_smoke,configs/reviewer1_remaining/smoke/observation_shift.yaml,Reviewer1-observation-shift-smoke,Reviewer1ObservationShift-v0,Reviewer1ObservationShift-v0,native_gymnasium_observation,count_gated_tau_20,11010,train,3612,,,3612,34,-2.0000000000000013,160,0.0,3612,194,0.003109929893821338,0.032313477247953415,0,0,3,6.668920699994487,6.668920699994487,0.0,6.668920699994487,0.0,d1991e82fa1ea0337d3d6296e2c904f22359ea22,1.8.0,7cc5bc598cfd6850415c80c2a5f22423f37a7ce8561077a69366f06d0ab14b1d,True,3.14.3,2.11.0+cpu,2.4.3,1.3.0,3.1.0,not-installed,not-installed,0.18161067918621715,0.0,1.0,1.0,632.0,1.0,0.0,0.0,0.0,0.0,0.01875,0.37691471143437477,0.6230852885656253,0.0,nan,nan,0.47005331674084355,nan,0.98125,0.98125,nan,0.01875,nan,nan,exact,128.136875,27.6,neural,632.0,2528.0,25280.0,nan,0.0,0.0,nan,,,,,,,,,,,,,,,
reviewer1_observation_shift_smoke,reviewer1_observation_shift_smoke,configs/reviewer1_remaining/smoke/observation_shift.yaml,Reviewer1-observation-shift-smoke,Reviewer1ObservationShift-v0,Reviewer1ObservationShift-v0,native_gymnasium_observation,count_gated_tau_20,11010,train,3636,,,3636,35,0.7,24,1.0,3636,196,0.003190660259591897,0.032313477247953415,0,0,3,6.697437700000592,6.697437700000592,0.0,6.697437700000592,0.0,d1991e82fa1ea0337d3d6296e2c904f22359ea22,1.8.0,7cc5bc598cfd6850415c80c2a5f22423f37a7ce8561077a69366f06d0ab14b1d,True,3.14.3,2.11.0+cpu,2.4.3,1.3.0,3.1.0,not-installed,not-installed,0.18120111653367155,0.0,1.0,1.0,639.0,0.0,0.0,0.0,0.0,1.0,0.0,0.1891469038208169,0.8108530961791832,0.0,nan,nan,0.2138528565329961,nan,1.0,1.0,nan,0.0,nan,nan,exact,95.1375,18.75,neural,639.0,2556.0,25560.0,nan,0.0,0.0,nan,,,,,,,,,,,,,,,
reviewer1_observation_shift_smoke,reviewer1_observation_shift_smoke,configs/reviewer1_remaining/smoke/observation_shift.yaml,Reviewer1-observation-shift-smoke,Reviewer1ObservationShift-v0,Reviewer1ObservationShift-v0,native_gymnasium_observation,count_gated_tau_20,11010,train,3641,,,3641,36,0.93,5,1.0,3641,196,0.003190660259591897,0.032313477247953415,0,0,3,6.70290379999642,6.70290379999642,0.0,6.70290379999642,0.0,d1991e82fa1ea0337d3d6296e2c904f22359ea22,1.8.0,7cc5bc598cfd6850415c80c2a5f22423f37a7ce8561077a69366f06d0ab14b1d,True,3.14.3,2.11.0+cpu,2.4.3,1.3.0,3.1.0,not-installed,not-installed,0.18051885932644024,0.0,1.0,1.0,641.0,0.0,0.0,0.0,0.0,1.0,0.2,0.14608695652173914,0.853913043478261,0.0,nan,nan,0.1605779348721455,nan,0.8,0.8,nan,0.2,nan,nan,exact,207.73999999999995,20.8,neural,641.0,2564.0,25640.0,nan,0.0,0.0,nan,,,,,,,,,,,,,,,
reviewer1_observation_shift_smoke,reviewer1_observation_shift_smoke,configs/reviewer1_remaining/smoke/observation_shift.yaml,Reviewer1-observation-shift-smoke,Reviewer1ObservationShift-v0,Reviewer1ObservationShift-v0,native_gymnasium_observation,count_gated_tau_20,11010,train,3801,,,3801,37,-2.0000000000000013,160,0.0,3801,206,0.0031451779197101412,0.032313477247953415,0,0,3,7.054575399997702,7.054575399997702,0.0,7.054575399997702,0.0,d1991e82fa1ea0337d3d6296e2c904f22359ea22,1.8.0,7cc5bc598cfd6850415c80c2a5f22423f37a7ce8561077a69366f06d0ab14b1d,True,3.14.3,2.11.0+cpu,2.4.3,1.3.0,3.1.0,not-installed,not-installed,0.18881324343676675,0.0,1.0,1.0,652.0,1.0,0.0,0.0,0.0,0.0,0.1875,0.31424697701734494,0.6857530229826552,0.0,nan,nan,0.3863704664678268,nan,0.8125,0.8125,nan,0.1875,nan,nan,exact,118.88062500000001,28.1,neural,652.0,2608.0,26080.0,nan,0.0,0.0,nan,,,,,,,,,,,,,,,
reviewer1_observation_shift_smoke,reviewer1_observation_shift_smoke,configs/reviewer1_remaining/smoke/observation_shift.yaml,Reviewer1-observation-shift-smoke,Reviewer1ObservationShift-v0,Reviewer1ObservationShift-v0,native_gymnasium_observation,count_gated_tau_20,11010,train,3880,,,3880,38,-6.661338147750939e-16,79,1.0,3880,211,0.0030741887913743873,0.032313477247953415,0,0,3,7.214261399996758,7.214261399996758,0.0,7.214261399996758,0.0,d1991e82fa1ea0337d3d6296e2c904f22359ea22,1.8.0,7cc5bc598cfd6850415c80c2a5f22423f37a7ce8561077a69366f06d0ab14b1d,True,3.14.3,2.11.0+cpu,2.4.3,1.3.0,3.1.0,not-installed,not-installed,0.1828999887610072,0.0,1.0,1.0,665.0,0.0,0.0,0.0,0.0,1.0,0.27848101265822783,0.09914906227509421,0.900850937724906,0.0,nan,nan,0.10745706126537463,nan,0.7215189873417721,0.7215189873417721,nan,0.27848101265822783,nan,nan,exact,210.54810126582277,31.1,neural,665.0,2660.0,26600.0,nan,0.0,0.0,nan,,,,,,,,,,,,,,,
reviewer1_observation_shift_smoke,reviewer1_observation_shift_smoke,configs/reviewer1_remaining/smoke/observation_shift.yaml,Reviewer1-observation-shift-smoke,Reviewer1ObservationShift-v0,Reviewer1ObservationShift-v0,native_gymnasium_observation,count_gated_tau_20,11010,train,3938,,,3938,39,0.3299999999999996,58,1.0,3938,215,0.0030183630543243176,0.032313477247953415,0,0,3,7.2908667999945465,7.2908667999945465,0.0,7.2908667999945465,0.0,d1991e82fa1ea0337d3d6296e2c904f22359ea22,1.8.0,7cc5bc598cfd6850415c80c2a5f22423f37a7ce8561077a69366f06d0ab14b1d,True,3.14.3,2.11.0+cpu,2.4.3,1.3.0,3.1.0,not-installed,not-installed,0.18027410644868516,0.0,1.0,1.0,687.0,0.0,0.0,0.0,0.0,1.0,0.25862068965517243,0.09272636409068194,0.9072736359093182,0.0,nan,nan,0.09909289005223704,nan,0.7413793103448276,0.7413793103448276,nan,0.25862068965517243,nan,nan,exact,107.19482758620688,21.35,neural,687.0,2748.0,27480.0,nan,0.0,0.0,nan,,,,,,,,,,,,,,,
reviewer1_observation_shift_smoke,reviewer1_observation_shift_smoke,configs/reviewer1_remaining/smoke/observation_shift.yaml,Reviewer1-observation-shift-smoke,Reviewer1ObservationShift-v0,Reviewer1ObservationShift-v0,native_gymnasium_observation,count_gated_tau_20,11010,train,4098,,,4098,40,-2.0600000000000005,160,0.0,4098,225,0.002987927922246551,0.032313477247953415,0,0,3,7.6023726999992505,7.6023726999992505,0.0,7.6023726999992505,0.0,d1991e82fa1ea0337d3d6296e2c904f22359ea22,1.8.0,7cc5bc598cfd6850415c80c2a5f22423f37a7ce8561077a69366f06d0ab14b1d,True,3.14.3,2.11.0+cpu,2.4.3,1.3.0,3.1.0,not-installed,not-installed,0.17777848181809472,0.0,1.0,1.0,718.0,1.0,0.0,0.0,0.0,0.0,0.2375,0.1510088184166586,0.8489911815833414,0.0,nan,nan,0.17231764208780387,nan,0.7625,0.7625,nan,0.2375,nan,nan,exact,114.87125,24.15,neural,718.0,2872.0,28720.0,nan,0.0,0.0,nan,,,,,,,,,,,,,,,
reviewer1_observation_shift_smoke,reviewer1_observation_shift_smoke,configs/reviewer1_remaining/smoke/observation_shift.yaml,Reviewer1-observation-shift-smoke,Reviewer1ObservationShift-v0,Reviewer1ObservationShift-v0,native_gymnasium_observation,count_gated_tau_20,11010,train,4247,,,4247,41,-0.8200000000000014,149,1.0,4247,234,0.00291888073771145,0.032313477247953415,0,0,3,7.929155499994522,7.929155499994522,0.0,7.929155499994522,0.0,d1991e82fa1ea0337d3d6296e2c904f22359ea22,1.8.0,7cc5bc598cfd6850415c80c2a5f22423f37a7ce8561077a69366f06d0ab14b1d,True,3.14.3,2.11.0+cpu,2.4.3,1.3.0,3.1.0,not-installed,not-installed,0.17552685722075612,0.0,1.0,1.0,746.0,0.0,0.0,0.0,0.0,1.0,0.38926174496644295,0.10667037038475427,0.8933296296152458,0.0,nan,nan,0.12071461755311252,nan,0.610738255033557,0.610738255033557,nan,0.38926174496644295,nan,nan,exact,156.4342281879195,32.5,neural,746.0,2984.0,29840.0,nan,0.0,0.0,nan,,,,,,,,,,,,,,,
reviewer1_observation_shift_smoke,reviewer1_observation_shift_smoke,configs/reviewer1_remaining/smoke/observation_shift.yaml,Reviewer1-observation-shift-smoke,Reviewer1ObservationShift-v0,Reviewer1ObservationShift-v0,native_gymnasium_observation,count_gated_tau_20,11010,train,4263,,,4263,42,0.78,16,1.0,4263,235,0.0029070042015751207,0.032313477247953415,0,0,3,7.95023019999644,7.95023019999644,0.0,7.95023019999644,0.0,d1991e82fa1ea0337d3d6296e2c904f22359ea22,1.8.0,7cc5bc598cfd6850415c80c2a5f22423f37a7ce8561077a69366f06d0ab14b1d,True,3.14.3,2.11.0+cpu,2.4.3,1.3.0,3.1.0,not-installed,not-installed,0.17505027963987985,0.0,1.0,1.0,749.0,0.0,0.0,0.0,0.0,1.0,0.375,0.08267195767195767,0.9173280423280423,0.0,nan,nan,0.09211694338255388,nan,0.625,0.625,nan,0.375,nan,nan,exact,117.20625000000001,21.450000000000003,neural,749.0,2996.0,29960.0,nan,0.0,0.0,nan,,,,,,,,,,,,,,,
reviewer1_observation_shift_smoke,reviewer1_observation_shift_smoke,configs/reviewer1_remaining/smoke/observation_shift.yaml,Reviewer1-observation-shift-smoke,Reviewer1ObservationShift-v0,Reviewer1ObservationShift-v0,native_gymnasium_observation,count_gated_tau_20,11010,train,4423,,,4423,43,-2.0300000000000007,160,0.0,4423,245,0.0029711371584013177,0.032313477247953415,0,0,3,8.306475299999875,8.306475299999875,0.0,8.306475299999875,0.0,d1991e82fa1ea0337d3d6296e2c904f22359ea22,1.8.0,7cc5bc598cfd6850415c80c2a5f22423f37a7ce8561077a69366f06d0ab14b1d,True,3.14.3,2.11.0+cpu,2.4.3,1.3.0,3.1.0,not-installed,not-installed,0.16989882353955163,0.0,1.0,1.0,788.0,1.0,0.0,0.0,0.0,0.0,0.38125,0.10089240469675254,0.8991075953032475,0.0,nan,nan,0.11070283640835026,nan,0.61875,0.61875,nan,0.38125,nan,nan,exact,129.584375,29.05,neural,788.0,3152.0,31520.0,nan,0.0,0.0,nan,,,,,,,,,,,,,,,
reviewer1_observation_shift_smoke,reviewer1_observation_shift_smoke,configs/reviewer1_remaining/smoke/observation_shift.yaml,Reviewer1-observation-shift-smoke,Reviewer1ObservationShift-v0,Reviewer1ObservationShift-v0,native_gymnasium_observation,count_gated_tau_20,11010,train,4583,,,4583,44,-1.8700000000000014,160,0.0,4583,255,0.002866714671429637,0.032313477247953415,0,0,3,8.73034469999402,8.73034469999402,0.0,8.73034469999402,0.0,d1991e82fa1ea0337d3d6296e2c904f22359ea22,1.8.0,7cc5bc598cfd6850415c80c2a5f22423f37a7ce8561077a69366f06d0ab14b1d,True,3.14.3,2.11.0+cpu,2.4.3,1.3.0,3.1.0,not-installed,not-installed,0.17178869749411774,0.0,1.0,1.0,800.0,1.0,0.0,0.0,0.0,0.0,0.15,0.18974378489850846,0.8102562151014915,0.0,nan,nan,0.21711563569284725,nan,0.85,0.85,nan,0.15,nan,nan,exact,128.55625,30.5,neural,800.0,3200.0,32000.0,nan,0.0,0.0,nan,,,,,,,,,,,,,,,
reviewer1_observation_shift_smoke,reviewer1_observation_shift_smoke,configs/reviewer1_remaining/smoke/observation_shift.yaml,Reviewer1-observation-shift-smoke,Reviewer1ObservationShift-v0,Reviewer1ObservationShift-v0,native_gymnasium_observation,count_gated_tau_20,11010,train,4743,,,4743,45,-2.0000000000000013,160,0.0,4743,265,0.0028279926035295676,0.032313477247953415,0,0,3,9.113196599995717,9.113196599995717,0.0,9.113196599995717,0.0,d1991e82fa1ea0337d3d6296e2c904f22359ea22,1.8.0,7cc5bc598cfd6850415c80c2a5f22423f37a7ce8561077a69366f06d0ab14b1d,True,3.14.3,2.11.0+cpu,2.4.3,1.3.0,3.1.0,not-installed,not-installed,0.16839084091795745,0.0,1.0,1.0,832.0,1.0,0.0,0.0,0.0,0.0,0.1375,0.1778975835988281,0.822102416401172,0.0,nan,nan,0.2041002337515454,nan,0.8625,0.8625,nan,0.1375,nan,nan,exact,180.47562499999998,33.15,neural,832.0,3328.0,33280.0,nan,0.0,0.0,nan,,,,,,,,,,,,,,,
reviewer1_observation_shift_smoke,reviewer1_observation_shift_smoke,configs/reviewer1_remaining/smoke/observation_shift.yaml,Reviewer1-observation-shift-smoke,Reviewer1ObservationShift-v0,Reviewer1ObservationShift-v0,native_gymnasium_observation,count_gated_tau_20,11010,train,4903,,,4903,46,-2.06,160,0.0,4903,275,0.0027676620673512597,0.032313477247953415,0,0,3,9.45717579999473,9.45717579999473,0.0,9.45717579999473,0.0,d1991e82fa1ea0337d3d6296e2c904f22359ea22,1.8.0,7cc5bc598cfd6850415c80c2a5f22423f37a7ce8561077a69366f06d0ab14b1d,True,3.14.3,2.11.0+cpu,2.4.3,1.3.0,3.1.0,not-installed,not-installed,0.17046535513126246,0.0,1.0,1.0,847.0,1.0,0.0,0.0,0.0,0.0,0.1875,0.20112991638771605,0.798870083612284,0.0,nan,nan,0.23528089383246603,nan,0.8125,0.8125,nan,0.1875,nan,nan,exact,145.265625,28.35,neural,847.0,3388.0,33880.0,nan,0.0,0.0,nan,,,,,,,,,,,,,,,
reviewer1_observation_shift_smoke,reviewer1_observation_shift_smoke,configs/reviewer1_remaining/smoke/observation_shift.yaml,Reviewer1-observation-shift-smoke,Reviewer1ObservationShift-v0,Reviewer1ObservationShift-v0,native_gymnasium_observation,count_gated_tau_20,11010,train,5063,,,5063,47,-2.0200000000000014,160,0.0,5063,285,0.0027103470819335933,0.032313477247953415,0,0,3,9.757602799996675,9.757602799996675,0.0,9.757602799996675,0.0,d1991e82fa1ea0337d3d6296e2c904f22359ea22,1.8.0,7cc5bc598cfd6850415c80c2a5f22423f37a7ce8561077a69366f06d0ab14b1d,True,3.14.3,2.11.0+cpu,2.4.3,1.3.0,3.1.0,not-installed,not-installed,0.17058923461450318,0.0,1.0,1.0,862.0,1.0,0.0,0.0,0.0,0.0,0.05,0.18929428339852664,0.8107057166014734,0.0,nan,nan,0.2146013543235304,nan,0.95,0.95,nan,0.05,nan,nan,exact,131.6925,25.2,neural,862.0,3448.0,34480.0,nan,0.0,0.0,nan,,,,,,,,,,,,,,,
reviewer1_observation_shift_smoke,reviewer1_observation_shift_smoke,configs/reviewer1_remaining/smoke/observation_shift.yaml,Reviewer1-observation-shift-smoke,Reviewer1ObservationShift-v0,Reviewer1ObservationShift-v0,native_gymnasium_observation,count_gated_tau_20,11010,train,5168,,,5168,48,-0.33000000000000096,105,1.0,5168,292,0.0026832634759918856,0.032313477247953415,0,0,3,9.94407659999706,9.94407659999706,0.0,9.94407659999706,0.0,d1991e82fa1ea0337d3d6296e2c904f22359ea22,1.8.0,7cc5bc598cfd6850415c80c2a5f22423f37a7ce8561077a69366f06d0ab14b1d,True,3.14.3,2.11.0+cpu,2.4.3,1.3.0,3.1.0,not-installed,not-installed,0.1688030892608884,0.0,1.0,1.0,874.0,0.0,0.0,0.0,0.0,1.0,0.13333333333333333,0.13811738005641053,0.8618826199435895,0.0,nan,nan,0.15177049780708515,nan,0.8666666666666667,0.8666666666666667,nan,0.13333333333333333,nan,nan,exact,161.73238095238094,27.6,neural,874.0,3496.0,34960.0,nan,0.0,0.0,nan,,,,,,,,,,,,,,,
reviewer1_observation_shift_smoke,reviewer1_observation_shift_smoke,configs/reviewer1_remaining/smoke/observation_shift.yaml,Reviewer1-observation-shift-smoke,Reviewer1ObservationShift-v0,Reviewer1ObservationShift-v0,native_gymnasium_observation,count_gated_tau_20,11010,train,5295,,,5295,49,-0.6600000000000013,127,1.0,5295,299,0.0026237636134207047,0.032313477247953415,0,0,3,10.163792999999714,10.163792999999714,0.0,10.163792999999714,0.0,d1991e82fa1ea0337d3d6296e2c904f22359ea22,1.8.0,7cc5bc598cfd6850415c80c2a5f22423f37a7ce8561077a69366f06d0ab14b1d,True,3.14.3,2.11.0+cpu,2.4.3,1.3.0,3.1.0,not-installed,not-installed,0.16720696915477917,0.0,1.0,1.0,897.0,0.0,0.0,0.0,0.0,1.0,0.2204724409448819,0.19048972972850758,0.8095102702714925,0.0,nan,nan,0.22310493949301471,nan,0.7795275590551181,0.7795275590551181,nan,0.2204724409448819,nan,nan,exact,144.99842519685038,24.3,neural,897.0,3588.0,35880.0,nan,0.0,0.0,nan,,,,,,,,,,,,,,,
reviewer1_observation_shift_smoke,reviewer1_observation_shift_smoke,configs/reviewer1_remaining/smoke/observation_shift.yaml,Reviewer1-observation-shift-smoke,Reviewer1ObservationShift-v0,Reviewer1ObservationShift-v0,native_gymnasium_observation,count_gated_tau_20,11010,train,5455,,,5455,50,-2.040000000000001,160,0.0,5455,309,0.002611201878502011,0.032313477247953415,0,0,3,10.371895500000392,10.371895500000392,0.0,10.371895500000392,0.0,d1991e82fa1ea0337d3d6296e2c904f22359ea22,1.8.0,7cc5bc598cfd6850415c80c2a5f22423f37a7ce8561077a69366f06d0ab14b1d,True,3.14.3,2.11.0+cpu,2.4.3,1.3.0,3.1.0,not-installed,not-installed,0.17177598423086363,0.0,1.0,1.0,911.0,1.0,0.0,0.0,0.0,0.0,0.1,0.22909426811068556,0.7709057318893144,0.0,nan,nan,0.2689191826480896,nan,0.9,0.9,nan,0.1,nan,nan,exact,170.4,23.200000000000003,neural,911.0,3644.0,36440.0,nan,0.0,0.0,nan,,,,,,,,,,,,,,,
reviewer1_observation_shift_smoke,reviewer1_observation_shift_smoke,configs/reviewer1_remaining/smoke/observation_shift.yaml,Reviewer1-observation-shift-smoke,Reviewer1ObservationShift-v0,Reviewer1ObservationShift-v0,native_gymnasium_observation,count_gated_tau_20,11010,train,5615,,,5615,51,-1.9400000000000013,160,0.0,5615,319,0.002598628066594659,0.032313477247953415,0,0,3,10.792452999994566,10.792452999994566,0.0,10.792452999994566,0.0,d1991e82fa1ea0337d3d6296e2c904f22359ea22,1.8.0,7cc5bc598cfd6850415c80c2a5f22423f37a7ce8561077a69366f06d0ab14b1d,True,3.14.3,2.11.0+cpu,2.4.3,1.3.0,3.1.0,not-installed,not-installed,0.17034320628036997,0.0,1.0,1.0,947.0,1.0,0.0,0.0,0.0,0.0,0.09375,0.13456926996968469,0.8654307300303155,0.0,nan,nan,0.14783795909635544,nan,0.90625,0.90625,nan,0.09375,nan,nan,exact,194.23375,30.299999999999997,neural,947.0,3788.0,37880.0,nan,0.0,0.0,nan,,,,,,,,,,,,,,,
reviewer1_observation_shift_smoke,reviewer1_observation_shift_smoke,configs/reviewer1_remaining/smoke/observation_shift.yaml,Reviewer1-observation-shift-smoke,Reviewer1ObservationShift-v0,Reviewer1ObservationShift-v0,native_gymnasium_observation,count_gated_tau_20,11010,train,5775,,,5775,52,-2.0300000000000016,160,0.0,5775,329,0.00264482537572126,0.032313477247953415,0,0,3,11.204173099999025,11.204173099999025,0.0,11.204173099999025,0.0,d1991e82fa1ea0337d3d6296e2c904f22359ea22,1.8.0,7cc5bc598cfd6850415c80c2a5f22423f37a7ce8561077a69366f06d0ab14b1d,True,3.14.3,2.11.0+cpu,2.4.3,1.3.0,3.1.0,not-installed,not-installed,0.16885749272797468,0.0,1.0,1.0,970.0,1.0,0.0,0.0,0.0,0.0,0.175,0.14728464178299744,0.8527153582170026,0.0,nan,nan,0.16503441614729414,nan,0.825,0.825,nan,0.175,nan,nan,exact,169.4025,31.950000000000003,neural,970.0,3880.0,38800.0,nan,0.0,0.0,nan,,,,,,,,,,,,,,,
reviewer1_observation_shift_smoke,reviewer1_observation_shift_smoke,configs/reviewer1_remaining/smoke/observation_shift.yaml,Reviewer1-observation-shift-smoke,Reviewer1ObservationShift-v0,Reviewer1ObservationShift-v0,native_gymnasium_observation,count_gated_tau_20,11010,train,5935,,,5935,53,-2.1,160,0.0,5935,339,0.0025759094232075353,0.032313477247953415,0,0,3,11.493160899997747,11.493160899997747,0.0,11.493160899997747,0.0,d1991e82fa1ea0337d3d6296e2c904f22359ea22,1.8.0,7cc5bc598cfd6850415c80c2a5f22423f37a7ce8561077a69366f06d0ab14b1d,True,3.14.3,2.11.0+cpu,2.4.3,1.3.0,3.1.0,not-installed,not-installed,0.17540198584782066,0.0,1.0,1.0,973.0,1.0,0.0,0.0,0.0,0.0,0.0,0.26544503703055955,0.7345549629694406,0.0,nan,nan,0.3158309218247646,nan,1.0,1.0,nan,0.0,nan,nan,exact,194.14249999999998,28.45,neural,973.0,3892.0,38920.0,nan,0.0,0.0,nan,,,,,,,,,,,,,,,
reviewer1_observation_shift_smoke,reviewer1_observation_shift_smoke,configs/reviewer1_remaining/smoke/observation_shift.yaml,Reviewer1-observation-shift-smoke,Reviewer1ObservationShift-v0,Reviewer1ObservationShift-v0,native_gymnasium_observation,count_gated_tau_20,11010,eval,6000,6000,-3.010000000000001,6000,1,-3.010000000000001,160,0.0,6000,344,0.002540027418553807,0.032313477247953415,0,1,3,12.37030589999631,11.66176650000125,0.7085393999950611,11.66176650000125,0.7085393999950611,d1991e82fa1ea0337d3d6296e2c904f22359ea22,1.8.0,7cc5bc598cfd6850415c80c2a5f22423f37a7ce8561077a69366f06d0ab14b1d,True,3.14.3,2.11.0+cpu,2.4.3,1.3.0,3.1.0,not-installed,not-installed,0.17496893705619482,0.0,1.0,1.0,986.0,1.0,0.0,0.0,0.0,0.0,1.0,0.0,1.0,0.0,nan,nan,0.0,nan,0.0,0.0,nan,1.0,nan,nan,unsupported,578.058125,553.9000000000001,neural,986.0,3944.0,39440.0,nan,0.0,0.0,nan,0,1,1,2,0.0,0.25,0.4999999974999999,neural,tie,unavailable,nan,nan,0.0,none,nan
reviewer1_observation_shift_smoke,reviewer1_observation_shift_smoke,configs/reviewer1_remaining/smoke/observation_shift.yaml,Reviewer1-observation-shift-smoke,Reviewer1ObservationShift-v0,Reviewer1ObservationShift-v0,native_gymnasium_observation,count_gated_tau_20,11010,eval,6000,6000,-2.989999999999999,6000,2,-2.989999999999999,160,0.0,6000,344,0.002540027418553807,0.032313477247953415,0,1,3,12.370824499994342,11.66228509999928,0.7085393999950611,11.66228509999928,0.7085393999950611,d1991e82fa1ea0337d3d6296e2c904f22359ea22,1.8.0,7cc5bc598cfd6850415c80c2a5f22423f37a7ce8561077a69366f06d0ab14b1d,True,3.14.3,2.11.0+cpu,2.4.3,1.3.0,3.1.0,not-installed,not-installed,0.17496893705619482,0.0,1.0,1.0,986.0,1.0,0.0,0.0,0.0,0.0,0.29375,0.18177999913733606,0.8182200008626637,0.0,nan,nan,0.20706924106046967,nan,0.70625,0.70625,nan,0.29375,nan,nan,exact,627.024375,578.15,neural,986.0,3944.0,39440.0,nan,0.0,0.0,nan,3,1,1,0,0.42857142857142855,0.2857142857142857,0.4999999974999999,neural,tabular,unavailable,nan,nan,0.0,none,nan
reviewer1_observation_shift_smoke,reviewer1_observation_shift_smoke,configs/reviewer1_remaining/smoke/observation_shift.yaml,Reviewer1-observation-shift-smoke,Reviewer1ObservationShift-v0,Reviewer1ObservationShift-v0,native_gymnasium_observation,count_gated_tau_20,11010,eval,6000,6000,-3.110000000000002,6000,3,-3.110000000000002,160,0.0,6000,344,0.002540027418553807,0.032313477247953415,0,1,3,12.371186500000476,11.662647100005415,0.7085393999950611,11.662647100005415,0.7085393999950611,d1991e82fa1ea0337d3d6296e2c904f22359ea22,1.8.0,7cc5bc598cfd6850415c80c2a5f22423f37a7ce8561077a69366f06d0ab14b1d,True,3.14.3,2.11.0+cpu,2.4.3,1.3.0,3.1.0,not-installed,not-installed,0.17496893705619482,0.0,1.0,1.0,986.0,1.0,0.0,0.0,0.0,0.0,1.0,0.0,1.0,0.0,nan,nan,0.0,nan,0.0,0.0,nan,1.0,nan,nan,unsupported,516.790625,458.9,neural,986.0,3944.0,39440.0,nan,0.0,0.0,nan,0,1,1,3,0.0,0.0,0.4999999974999999,neural,tie,unavailable,nan,nan,0.0,none,nan
reviewer1_observation_shift_smoke,reviewer1_observation_shift_smoke,configs/reviewer1_remaining/smoke/observation_shift.yaml,Reviewer1-observation-shift-smoke,Reviewer1ObservationShift-v0,Reviewer1ObservationShift-v0,native_gymnasium_observation,count_gated_tau_20,11010,eval,6000,6000,0.5599999999999998,6000,4,0.5599999999999998,27,1.0,6000,344,0.002540027418553807,0.032313477247953415,0,1,3,12.371476499996788,11.662937100001727,0.7085393999950611,11.662937100001727,0.7085393999950611,d1991e82fa1ea0337d3d6296e2c904f22359ea22,1.8.0,7cc5bc598cfd6850415c80c2a5f22423f37a7ce8561077a69366f06d0ab14b1d,True,3.14.3,2.11.0+cpu,2.4.3,1.3.0,3.1.0,not-installed,not-installed,0.17496893705619482,0.0,1.0,1.0,986.0,0.0,0.0,0.0,0.0,1.0,1.0,0.0,1.0,0.0,nan,nan,0.0,nan,0.0,0.0,nan,1.0,nan,nan,unsupported,488.24074074074076,475.8,neural,986.0,3944.0,39440.0,nan,0.0,0.0,nan,0,1,1,3,0.0,0.1111111111111111,0.4999999975,neural,tie,unavailable,nan,nan,0.0,none,nan
reviewer1_observation_shift_smoke,reviewer1_observation_shift_smoke,configs/reviewer1_remaining/smoke/observation_shift.yaml,Reviewer1-observation-shift-smoke,Reviewer1ObservationShift-v0,Reviewer1ObservationShift-v0,native_gymnasium_observation,count_gated_tau_20,11010,train,6095,,,6095,54,-2.09,160,0.0,6095,349,0.0025059488437554293,0.032313477247953415,0,1,3,12.549654700000247,11.841115300005185,0.7085393999950611,11.841115300005185,0.7085393999950611,d1991e82fa1ea0337d3d6296e2c904f22359ea22,1.8.0,7cc5bc598cfd6850415c80c2a5f22423f37a7ce8561077a69366f06d0ab14b1d,True,3.14.3,2.11.0+cpu,2.4.3,1.3.0,3.1.0,not-installed,not-installed,0.17400633055129613,0.0,1.0,1.0,1002.0,1.0,0.0,0.0,0.0,0.0,0.175,0.15374891263931975,0.8462510873606801,0.0,nan,nan,0.1739858415817035,nan,0.825,0.825,nan,0.175,nan,nan,exact,172.39187499999997,28.95,neural,1002.0,4008.0,40080.0,nan,0.0,0.0,nan,,,,,,,,,,,,,,,
reviewer1_observation_shift_smoke,reviewer1_observation_shift_smoke,configs/reviewer1_remaining/smoke/observation_shift.yaml,Reviewer1-observation-shift-smoke,Reviewer1ObservationShift-v0,Reviewer1ObservationShift-v0,native_gymnasium_observation,count_gated_tau_20,11010,train,6121,,,6121,55,0.6799999999999999,26,1.0,6121,351,0.0025241549114345613,0.032313477247953415,0,1,3,12.577799999999115,11.869260600004054,0.7085393999950611,11.869260600004054,0.7085393999950611,d1991e82fa1ea0337d3d6296e2c904f22359ea22,1.8.0,7cc5bc598cfd6850415c80c2a5f22423f37a7ce8561077a69366f06d0ab14b1d,True,3.14.3,2.11.0+cpu,2.4.3,1.3.0,3.1.0,not-installed,not-installed,0.17363845343683096,0.0,1.0,1.0,1007.0,0.0,0.0,0.0,0.0,1.0,0.0,0.08517408517408515,0.9148259148259148,0.0,nan,nan,0.09205293544245004,nan,1.0,1.0,nan,0.0,nan,nan,exact,79.64230769230768,19.35,neural,1007.0,4028.0,40280.0,nan,0.0,0.0,nan,,,,,,,,,,,,,,,
reviewer1_observation_shift_smoke,reviewer1_observation_shift_smoke,configs/reviewer1_remaining/smoke/observation_shift.yaml,Reviewer1-observation-shift-smoke,Reviewer1ObservationShift-v0,Reviewer1ObservationShift-v0,native_gymnasium_observation,count_gated_tau_20,11010,train,6281,,,6281,56,-2.1099999999999994,160,0.0,6281,361,0.002481366292131069,0.032313477247953415,0,1,3,12.824829999997746,12.116290600002685,0.7085393999950611,12.116290600002685,0.7085393999950611,d1991e82fa1ea0337d3d6296e2c904f22359ea22,1.8.0,7cc5bc598cfd6850415c80c2a5f22423f37a7ce8561077a69366f06d0ab14b1d,True,3.14.3,2.11.0+cpu,2.4.3,1.3.0,3.1.0,not-installed,not-installed,0.17266394320352987,0.0,1.0,1.0,1030.0,1.0,0.0,0.0,0.0,0.0,0.2125,0.17222553689040437,0.8277744631095956,0.0,nan,nan,0.19960165288076404,nan,0.7875,0.7875,nan,0.2125,nan,nan,exact,183.3225,24.95,neural,1030.0,4120.0,41200.0,nan,0.0,0.0,nan,,,,,,,,,,,,,,,
reviewer1_observation_shift_smoke,reviewer1_observation_shift_smoke,configs/reviewer1_remaining/smoke/observation_shift.yaml,Reviewer1-observation-shift-smoke,Reviewer1ObservationShift-v0,Reviewer1ObservationShift-v0,native_gymnasium_observation,count_gated_tau_20,11010,train,6441,,,6441,57,-2.16,160,0.0,6441,371,0.0024226425988834216,0.032313477247953415,0,1,3,13.185426199997892,12.47688680000283,0.7085393999950611,12.47688680000283,0.7085393999950611,d1991e82fa1ea0337d3d6296e2c904f22359ea22,1.8.0,7cc5bc598cfd6850415c80c2a5f22423f37a7ce8561077a69366f06d0ab14b1d,True,3.14.3,2.11.0+cpu,2.4.3,1.3.0,3.1.0,not-installed,not-installed,0.1706563221623479,0.0,1.0,1.0,1053.0,1.0,0.0,0.0,0.0,0.0,0.075,0.14364335418003896,0.856356645819961,0.0,nan,nan,0.1594484328990486,nan,0.925,0.925,nan,0.075,nan,nan,exact,177.161875,27.700000000000003,neural,1053.0,4212.0,42120.0,nan,0.0,0.0,nan,,,,,,,,,,,,,,,
reviewer1_observation_shift_smoke,reviewer1_observation_shift_smoke,configs/reviewer1_remaining/smoke/observation_shift.yaml,Reviewer1-observation-shift-smoke,Reviewer1ObservationShift-v0,Reviewer1ObservationShift-v0,native_gymnasium_observation,count_gated_tau_20,11010,train,6601,,,6601,58,-1.9500000000000013,160,0.0,6601,381,0.002415658030017683,0.032313477247953415,0,1,3,13.406664599999203,12.698125200004142,0.7085393999950611,12.698125200004142,0.7085393999950611,d1991e82fa1ea0337d3d6296e2c904f22359ea22,1.8.0,7cc5bc598cfd6850415c80c2a5f22423f37a7ce8561077a69366f06d0ab14b1d,True,3.14.3,2.11.0+cpu,2.4.3,1.3.0,3.1.0,not-installed,not-installed,0.1730578751361373,0.0,1.0,1.0,1068.0,1.0,0.0,0.0,0.0,0.0,0.11875,0.2351474401997299,0.7648525598002701,0.0,nan,nan,0.2763268415344229,nan,0.88125,0.88125,nan,0.11875,nan,nan,exact,169.68812499999999,25.7,neural,1068.0,4272.0,42720.0,nan,0.0,0.0,nan,,,,,,,,,,,,,,,
reviewer1_observation_shift_smoke,reviewer1_observation_shift_smoke,configs/reviewer1_remaining/smoke/observation_shift.yaml,Reviewer1-observation-shift-smoke,Reviewer1ObservationShift-v0,Reviewer1ObservationShift-v0,native_gymnasium_observation,count_gated_tau_20,11010,train,6686,,,6686,59,-0.13000000000000056,85,1.0,6686,386,0.002386783714159413,0.032313477247953415,0,1,3,13.578388899994025,12.869849499998963,0.7085393999950611,12.869849499998963,0.7085393999950611,d1991e82fa1ea0337d3d6296e2c904f22359ea22,1.8.0,7cc5bc598cfd6850415c80c2a5f22423f37a7ce8561077a69366f06d0ab14b1d,True,3.14.3,2.11.0+cpu,2.4.3,1.3.0,3.1.0,not-installed,not-installed,0.17168320065241668,0.0,1.0,1.0,1092.0,0.0,0.0,0.0,0.0,1.0,0.21176470588235294,0.1210415874226616,0.8789584125773384,0.0,nan,nan,0.13757386904494787,nan,0.788235294117647,0.788235294117647,nan,0.21176470588235294,nan,nan,exact,211.23294117647058,29.7,neural,1092.0,4368.0,43680.0,nan,0.0,0.0,nan,,,,,,,,,,,,,,,
reviewer1_observation_shift_smoke,reviewer1_observation_shift_smoke,configs/reviewer1_remaining/smoke/observation_shift.yaml,Reviewer1-observation-shift-smoke,Reviewer1ObservationShift-v0,Reviewer1ObservationShift-v0,native_gymnasium_observation,count_gated_tau_20,11010,train,6820,,,6820,60,-0.7400000000000013,134,1.0,6820,395,0.002360513752436522,0.032313477247953415,0,1,3,13.801475799999025,13.092936400003964,0.7085393999950611,13.092936400003964,0.7085393999950611,d1991e82fa1ea0337d3d6296e2c904f22359ea22,1.8.0,7cc5bc598cfd6850415c80c2a5f22423f37a7ce8561077a69366f06d0ab14b1d,True,3.14.3,2.11.0+cpu,2.4.3,1.3.0,3.1.0,not-installed,not-installed,0.17154880761537974,0.0,1.0,1.0,1104.0,0.0,0.0,0.0,0.0,1.0,0.1044776119402985,0.1898177760784429,0.8101822239215569,0.0,nan,nan,0.2155777305660136,nan,0.8955223880597015,0.8955223880597015,nan,0.1044776119402985,nan,nan,exact,150.03880597014927,25.8,neural,1104.0,4416.0,44160.0,nan,0.0,0.0,nan,,,,,,,,,,,,,,,
reviewer1_observation_shift_smoke,reviewer1_observation_shift_smoke,configs/reviewer1_remaining/smoke/observation_shift.yaml,Reviewer1-observation-shift-smoke,Reviewer1ObservationShift-v0,Reviewer1ObservationShift-v0,native_gymnasium_observation,count_gated_tau_20,11010,train,6980,,,6980,61,-1.9000000000000015,160,0.0,6980,405,0.0023045934360175404,0.032313477247953415,0,1,3,14.167910199998005,13.459370800002944,0.7085393999950611,13.459370800002944,0.7085393999950611,d1991e82fa1ea0337d3d6296e2c904f22359ea22,1.8.0,7cc5bc598cfd6850415c80c2a5f22423f37a7ce8561077a69366f06d0ab14b1d,True,3.14.3,2.11.0+cpu,2.4.3,1.3.0,3.1.0,not-installed,not-installed,0.1759592604487921,0.0,1.0,1.0,1111.0,1.0,0.0,0.0,0.0,0.0,0.01875,0.2836603305932206,0.7163396694067794,0.0,nan,nan,0.3373877625092531,nan,0.98125,0.98125,nan,0.01875,nan,nan,exact,187.65687499999999,28.8,neural,1111.0,4444.0,44440.0,nan,0.0,0.0,nan,,,,,,,,,,,,,,,
reviewer1_observation_shift_smoke,reviewer1_observation_shift_smoke,configs/reviewer1_remaining/smoke/observation_shift.yaml,Reviewer1-observation-shift-smoke,Reviewer1ObservationShift-v0,Reviewer1ObservationShift-v0,native_gymnasium_observation,count_gated_tau_20,11010,train,7140,,,7140,62,-2.0500000000000007,160,0.0,7140,415,0.0022782508850063294,0.032313477247953415,0,1,3,14.419615899998462,13.7110765000034,0.7085393999950611,13.7110765000034,0.7085393999950611,d1991e82fa1ea0337d3d6296e2c904f22359ea22,1.8.0,7cc5bc598cfd6850415c80c2a5f22423f37a7ce8561077a69366f06d0ab14b1d,True,3.14.3,2.11.0+cpu,2.4.3,1.3.0,3.1.0,not-installed,not-installed,0.1766073404313112,0.0,1.0,1.0,1129.0,1.0,0.0,0.0,0.0,0.0,0.09375,0.21862684576002014,0.7813731542399799,0.0,nan,nan,0.25481401453703517,nan,0.90625,0.90625,nan,0.09375,nan,nan,exact,205.10062499999998,26.8,neural,1129.0,4516.0,45160.0,nan,0.0,0.0,nan,,,,,,,,,,,,,,,
reviewer1_observation_shift_smoke,reviewer1_observation_shift_smoke,configs/reviewer1_remaining/smoke/observation_shift.yaml,Reviewer1-observation-shift-smoke,Reviewer1ObservationShift-v0,Reviewer1ObservationShift-v0,native_gymnasium_observation,count_gated_tau_20,11010,train,7275,,,7275,63,-0.7700000000000014,135,1.0,7275,423,0.00226488968959783,0.032313477247953415,0,1,3,14.607132199998887,13.898592800003826,0.7085393999950611,13.898592800003826,0.7085393999950611,d1991e82fa1ea0337d3d6296e2c904f22359ea22,1.8.0,7cc5bc598cfd6850415c80c2a5f22423f37a7ce8561077a69366f06d0ab14b1d,True,3.14.3,2.11.0+cpu,2.4.3,1.3.0,3.1.0,not-installed,not-installed,0.18227846903404613,0.0,1.0,1.0,1131.0,0.0,0.0,0.0,0.0,1.0,0.014814814814814815,0.359973240132705,0.640026759867295,0.0,nan,nan,0.4379082091343164,nan,0.9851851851851852,0.9851851851851852,nan,0.014814814814814815,nan,nan,exact,178.7422222222222,28.9,neural,1131.0,4524.0,45240.0,nan,0.0,0.0,nan,,,,,,,,,,,,,,,
reviewer1_observation_shift_smoke,reviewer1_observation_shift_smoke,configs/reviewer1_remaining/smoke/observation_shift.yaml,Reviewer1-observation-shift-smoke,Reviewer1ObservationShift-v0,Reviewer1ObservationShift-v0,native_gymnasium_observation,count_gated_tau_20,11010,train,7435,,,7435,64,-2.1099999999999994,160,0.0,7435,433,0.002265512021397271,0.032313477247953415,0,1,3,14.950997199994163,14.242457799999102,0.7085393999950611,14.242457799999102,0.7085393999950611,d1991e82fa1ea0337d3d6296e2c904f22359ea22,1.8.0,7cc5bc598cfd6850415c80c2a5f22423f37a7ce8561077a69366f06d0ab14b1d,True,3.14.3,2.11.0+cpu,2.4.3,1.3.0,3.1.0,not-installed,not-installed,0.18052784197873878,0.0,1.0,1.0,1162.0,1.0,0.0,0.0,0.0,0.0,0.1875,0.17453272138780948,0.8254672786121905,0.0,nan,nan,0.20401651097460521,nan,0.8125,0.8125,nan,0.1875,nan,nan,exact,195.721875,30.549999999999997,neural,1162.0,4648.0,46480.0,nan,0.0,0.0,nan,,,,,,,,,,,,,,,
reviewer1_observation_shift_smoke,reviewer1_observation_shift_smoke,configs/reviewer1_remaining/smoke/observation_shift.yaml,Reviewer1-observation-shift-smoke,Reviewer1ObservationShift-v0,Reviewer1ObservationShift-v0,native_gymnasium_observation,count_gated_tau_20,11010,train,7595,,,7595,65,-1.9700000000000015,160,0.0,7595,443,0.002216365137855542,0.032313477247953415,0,1,3,15.235515599997598,14.526976200002537,0.7085393999950611,14.526976200002537,0.7085393999950611,d1991e82fa1ea0337d3d6296e2c904f22359ea22,1.8.0,7cc5bc598cfd6850415c80c2a5f22423f37a7ce8561077a69366f06d0ab14b1d,True,3.14.3,2.11.0+cpu,2.4.3,1.3.0,3.1.0,not-installed,not-installed,0.17885510166210233,0.0,1.0,1.0,1191.0,1.0,0.0,0.0,0.0,0.0,0.18125,0.1336677676609687,0.8663322323390312,0.0,nan,nan,0.14932291692889402,nan,0.81875,0.81875,nan,0.18125,nan,nan,exact,215.518125,29.85,neural,1191.0,4764.0,47640.0,nan,0.0,0.0,nan,,,,,,,,,,,,,,,
reviewer1_observation_shift_smoke,reviewer1_observation_shift_smoke,configs/reviewer1_remaining/smoke/observation_shift.yaml,Reviewer1-observation-shift-smoke,Reviewer1ObservationShift-v0,Reviewer1ObservationShift-v0,native_gymnasium_observation,count_gated_tau_20,11010,train,7669,,,7669,66,0.04999999999999938,74,1.0,7669,448,0.0022158995767621753,0.032313477247953415,0,1,3,15.360787199999322,14.652247800004261,0.7085393999950611,14.652247800004261,0.7085393999950611,d1991e82fa1ea0337d3d6296e2c904f22359ea22,1.8.0,7cc5bc598cfd6850415c80c2a5f22423f37a7ce8561077a69366f06d0ab14b1d,True,3.14.3,2.11.0+cpu,2.4.3,1.3.0,3.1.0,not-installed,not-installed,0.17887230685345804,0.0,1.0,1.0,1201.0,0.0,0.0,0.0,0.0,1.0,0.013513513513513514,0.19506256883535983,0.8049374311646402,0.0,nan,nan,0.22138195304211808,nan,0.9864864864864865,0.9864864864864865,nan,0.013513513513513514,nan,nan,exact,217.5581081081081,30.7,neural,1201.0,4804.0,48040.0,nan,0.0,0.0,nan,,,,,,,,,,,,,,,
reviewer1_observation_shift_smoke,reviewer1_observation_shift_smoke,configs/reviewer1_remaining/smoke/observation_shift.yaml,Reviewer1-observation-shift-smoke,Reviewer1ObservationShift-v0,Reviewer1ObservationShift-v0,native_gymnasium_observation,count_gated_tau_20,11010,train,7698,,,7698,67,0.6399999999999999,29,1.0,7698,450,0.0022069429858513306,0.032313477247953415,0,1,3,15.421928199997637,14.713388800002576,0.7085393999950611,14.713388800002576,0.7085393999950611,d1991e82fa1ea0337d3d6296e2c904f22359ea22,1.8.0,7cc5bc598cfd6850415c80c2a5f22423f37a7ce8561077a69366f06d0ab14b1d,True,3.14.3,2.11.0+cpu,2.4.3,1.3.0,3.1.0,not-installed,not-installed,0.17841372541838108,0.0,1.0,1.0,1214.0,0.0,0.0,0.0,0.0,1.0,0.1724137931034483,0.08951368471608351,0.9104863152839165,0.0,nan,nan,0.09613847908045184,nan,0.8275862068965517,0.8275862068965517,nan,0.1724137931034483,nan,nan,exact,165.2793103448276,27.9,neural,1214.0,4856.0,48560.0,nan,0.0,0.0,nan,,,,,,,,,,,,,,,
reviewer1_observation_shift_smoke,reviewer1_observation_shift_smoke,configs/reviewer1_remaining/smoke/observation_shift.yaml,Reviewer1-observation-shift-smoke,Reviewer1ObservationShift-v0,Reviewer1ObservationShift-v0,native_gymnasium_observation,count_gated_tau_20,11010,train,7858,,,7858,68,-1.9600000000000015,160,0.0,7858,460,0.0021891673539357727,0.032313477247953415,0,1,3,15.752957699995022,15.044418299999961,0.7085393999950611,15.044418299999961,0.7085393999950611,d1991e82fa1ea0337d3d6296e2c904f22359ea22,1.8.0,7cc5bc598cfd6850415c80c2a5f22423f37a7ce8561077a69366f06d0ab14b1d,True,3.14.3,2.11.0+cpu,2.4.3,1.3.0,3.1.0,not-installed,not-installed,0.18412212546983736,0.0,1.0,1.0,1227.0,1.0,0.0,0.0,0.0,0.0,0.0625,0.29651613231519564,0.7034838676848043,0.0,nan,nan,0.3604688293949396,nan,0.9375,0.9375,nan,0.0625,nan,nan,exact,227.76312500000003,35.349999999999994,neural,1227.0,4908.0,49080.0,nan,0.0,0.0,nan,,,,,,,,,,,,,,,
reviewer1_observation_shift_smoke,reviewer1_observation_shift_smoke,configs/reviewer1_remaining/smoke/observation_shift.yaml,Reviewer1-observation-shift-smoke,Reviewer1ObservationShift-v0,Reviewer1ObservationShift-v0,native_gymnasium_observation,count_gated_tau_20,11010,train,7885,,,7885,69,0.72,27,1.0,7885,461,0.002185045288937063,0.032313477247953415,0,1,3,15.79311400000006,15.084574600004999,0.7085393999950611,15.084574600004999,0.7085393999950611,d1991e82fa1ea0337d3d6296e2c904f22359ea22,1.8.0,7cc5bc598cfd6850415c80c2a5f22423f37a7ce8561077a69366f06d0ab14b1d,True,3.14.3,2.11.0+cpu,2.4.3,1.3.0,3.1.0,not-installed,not-installed,0.1847901653607918,0.0,1.0,1.0,1228.0,0.0,0.0,0.0,0.0,1.0,0.0,0.28098736532713986,0.7190126346728601,0.0,nan,nan,0.3368385565455365,nan,1.0,1.0,nan,0.0,nan,nan,exact,232.3037037037037,31.2,neural,1228.0,4912.0,49120.0,nan,0.0,0.0,nan,,,,,,,,,,,,,,,
reviewer1_observation_shift_smoke,reviewer1_observation_shift_smoke,configs/reviewer1_remaining/smoke/observation_shift.yaml,Reviewer1-observation-shift-smoke,Reviewer1ObservationShift-v0,Reviewer1ObservationShift-v0,native_gymnasium_observation,count_gated_tau_20,11010,train,7966,,,7966,70,0.01999999999999935,81,1.0,7966,466,0.002188130581959814,0.032313477247953415,0,1,3,15.938913999998476,15.230374600003415,0.7085393999950611,15.230374600003415,0.7085393999950611,d1991e82fa1ea0337d3d6296e2c904f22359ea22,1.8.0,7cc5bc598cfd6850415c80c2a5f22423f37a7ce8561077a69366f06d0ab14b1d,True,3.14.3,2.11.0+cpu,2.4.3,1.3.0,3.1.0,not-installed,not-installed,0.18344829537033067,0.0,1.0,1.0,1248.0,0.0,0.0,0.0,0.0,1.0,0.2222222222222222,0.10424442260191051,0.8957555773980895,0.0,nan,nan,0.11418885935060767,nan,0.7777777777777778,0.7777777777777778,nan,0.2222222222222222,nan,nan,exact,192.2962962962963,27.2,neural,1248.0,4992.0,49920.0,nan,0.0,0.0,nan,,,,,,,,,,,,,,,
reviewer1_observation_shift_smoke,reviewer1_observation_shift_smoke,configs/reviewer1_remaining/smoke/observation_shift.yaml,Reviewer1-observation-shift-smoke,Reviewer1ObservationShift-v0,Reviewer1ObservationShift-v0,native_gymnasium_observation,count_gated_tau_20,11010,train,7975,,,7975,71,0.91,9,1.0,7975,467,0.0021836176464987,0.032313477247953415,0,1,3,15.952851999994891,15.24431259999983,0.7085393999950611,15.24431259999983,0.7085393999950611,d1991e82fa1ea0337d3d6296e2c904f22359ea22,1.8.0,7cc5bc598cfd6850415c80c2a5f22423f37a7ce8561077a69366f06d0ab14b1d,True,3.14.3,2.11.0+cpu,2.4.3,1.3.0,3.1.0,not-installed,not-installed,0.18349466634532174,0.0,1.0,1.0,1249.0,0.0,0.0,0.0,0.0,1.0,0.6666666666666666,0.10344827586206898,0.896551724137931,0.0,nan,nan,0.12079061612607554,nan,0.3333333333333333,0.3333333333333333,nan,0.6666666666666666,nan,nan,unsupported,176.56666666666666,22.9,neural,1249.0,4996.0,49960.0,nan,0.0,0.0,nan,,,,,,,,,,,,,,,
reviewer1_observation_shift_smoke,reviewer1_observation_shift_smoke,configs/reviewer1_remaining/smoke/observation_shift.yaml,Reviewer1-observation-shift-smoke,Reviewer1ObservationShift-v0,Reviewer1ObservationShift-v0,native_gymnasium_observation,count_gated_tau_20,11010,train,8056,,,8056,72,-0.07000000000000073,81,1.0,8056,472,0.002183766623224752,0.032313477247953415,0,1,3,16.068942699996114,15.360403300001053,0.7085393999950611,15.360403300001053,0.7085393999950611,d1991e82fa1ea0337d3d6296e2c904f22359ea22,1.8.0,7cc5bc598cfd6850415c80c2a5f22423f37a7ce8561077a69366f06d0ab14b1d,True,3.14.3,2.11.0+cpu,2.4.3,1.3.0,3.1.0,not-installed,not-installed,0.1823747896072935,0.0,1.0,1.0,1260.0,0.0,0.0,0.0,0.0,1.0,0.08641975308641975,0.15130506804854815,0.8486949319514517,0.0,nan,nan,0.16730373002490584,nan,0.9135802469135802,0.9135802469135802,nan,0.08641975308641975,nan,nan,exact,227.77160493827157,30.4,neural,1260.0,5040.0,50400.0,nan,0.0,0.0,nan,,,,,,,,,,,,,,,
reviewer1_observation_shift_smoke,reviewer1_observation_shift_smoke,configs/reviewer1_remaining/smoke/observation_shift.yaml,Reviewer1-observation-shift-smoke,Reviewer1ObservationShift-v0,Reviewer1ObservationShift-v0,native_gymnasium_observation,count_gated_tau_20,11010,train,8071,,,8071,73,0.84,15,1.0,8071,473,0.002179298445035201,0.032313477247953415,0,1,3,16.090847599996778,15.382308200001717,0.7085393999950611,15.382308200001717,0.7085393999950611,d1991e82fa1ea0337d3d6296e2c904f22359ea22,1.8.0,7cc5bc598cfd6850415c80c2a5f22423f37a7ce8561077a69366f06d0ab14b1d,True,3.14.3,2.11.0+cpu,2.4.3,1.3.0,3.1.0,not-installed,not-installed,0.18196134200157024,0.0,1.0,1.0,1269.0,0.0,0.0,0.0,0.0,1.0,0.7333333333333333,0.02399146746972834,0.9760085325302715,0.0,nan,nan,0.02522585086682061,nan,0.26666666666666666,0.26666666666666666,nan,0.7333333333333333,nan,nan,unsupported,227.73999999999998,30.3,neural,1269.0,5076.0,50760.0,nan,0.0,0.0,nan,,,,,,,,,,,,,,,
reviewer1_observation_shift_smoke,reviewer1_observation_shift_smoke,configs/reviewer1_remaining/smoke/observation_shift.yaml,Reviewer1-observation-shift-smoke,Reviewer1ObservationShift-v0,Reviewer1ObservationShift-v0,native_gymnasium_observation,count_gated_tau_20,11010,train,8119,,,8119,74,0.36999999999999966,48,1.0,8119,476,0.0021662757629912007,0.032313477247953415,0,1,3,16.170708400000876,15.462169000005815,0.7085393999950611,15.462169000005815,0.7085393999950611,d1991e82fa1ea0337d3d6296e2c904f22359ea22,1.8.0,7cc5bc598cfd6850415c80c2a5f22423f37a7ce8561077a69366f06d0ab14b1d,True,3.14.3,2.11.0+cpu,2.4.3,1.3.0,3.1.0,not-installed,not-installed,0.18073684841696408,0.0,1.0,1.0,1282.0,0.0,0.0,0.0,0.0,1.0,0.16666666666666666,0.1002309586548717,0.8997690413451283,0.0,nan,nan,0.10857927842968489,nan,0.8333333333333334,0.8333333333333334,nan,0.16666666666666666,nan,nan,exact,287.61875000000003,252.60000000000002,neural,1282.0,5128.0,51280.0,nan,0.0,0.0,nan,,,,,,,,,,,,,,,
reviewer1_observation_shift_smoke,reviewer1_observation_shift_smoke,configs/reviewer1_remaining/smoke/observation_shift.yaml,Reviewer1-observation-shift-smoke,Reviewer1ObservationShift-v0,Reviewer1ObservationShift-v0,native_gymnasium_observation,count_gated_tau_20,11010,train,8279,,,8279,75,-2.1800000000000006,160,0.0,8279,486,0.002166347370743239,0.032313477247953415,0,1,3,16.488995299994713,15.780455899999652,0.7085393999950611,15.780455899999652,0.7085393999950611,d1991e82fa1ea0337d3d6296e2c904f22359ea22,1.8.0,7cc5bc598cfd6850415c80c2a5f22423f37a7ce8561077a69366f06d0ab14b1d,True,3.14.3,2.11.0+cpu,2.4.3,1.3.0,3.1.0,not-installed,not-installed,0.17803341443431397,0.0,1.0,1.0,1314.0,1.0,0.0,0.0,0.0,0.0,0.225,0.12779068091242396,0.872209319087576,0.0,nan,nan,0.14443501322680824,nan,0.775,0.775,nan,0.225,nan,nan,exact,247.10437499999998,35.05,neural,1314.0,5256.0,52560.0,nan,0.0,0.0,nan,,,,,,,,,,,,,,,
reviewer1_observation_shift_smoke,reviewer1_observation_shift_smoke,configs/reviewer1_remaining/smoke/observation_shift.yaml,Reviewer1-observation-shift-smoke,Reviewer1ObservationShift-v0,Reviewer1ObservationShift-v0,native_gymnasium_observation,count_gated_tau_20,11010,train,8439,,,8439,76,-2.070000000000001,160,0.0,8439,496,0.0021256252099529746,0.032313477247953415,0,1,3,16.7614281999995,16.05288880000444,0.7085393999950611,16.05288880000444,0.7085393999950611,d1991e82fa1ea0337d3d6296e2c904f22359ea22,1.8.0,7cc5bc598cfd6850415c80c2a5f22423f37a7ce8561077a69366f06d0ab14b1d,True,3.14.3,2.11.0+cpu,2.4.3,1.3.0,3.1.0,not-installed,not-installed,0.18013962772577996,0.0,1.0,1.0,1331.0,1.0,0.0,0.0,0.0,0.0,0.1,0.23945136700155606,0.7605486329984439,0.0,nan,nan,0.28485933407860736,nan,0.9,0.9,nan,0.1,nan,nan,exact,229.63500000000005,30.700000000000003,neural,1331.0,5324.0,53240.0,nan,0.0,0.0,nan,,,,,,,,,,,,,,,
reviewer1_observation_shift_smoke,reviewer1_observation_shift_smoke,configs/reviewer1_remaining/smoke/observation_shift.yaml,Reviewer1-observation-shift-smoke,Reviewer1ObservationShift-v0,Reviewer1ObservationShift-v0,native_gymnasium_observation,count_gated_tau_20,11010,train,8524,,,8524,77,-0.13000000000000078,85,1.0,8524,501,0.0021063617155912748,0.032313477247953415,0,1,3,16.87680309999996,16.1682637000049,0.7085393999950611,16.1682637000049,0.7085393999950611,d1991e82fa1ea0337d3d6296e2c904f22359ea22,1.8.0,7cc5bc598cfd6850415c80c2a5f22423f37a7ce8561077a69366f06d0ab14b1d,True,3.14.3,2.11.0+cpu,2.4.3,1.3.0,3.1.0,not-installed,not-installed,0.18059406179867632,0.0,1.0,1.0,1333.0,0.0,0.0,0.0,0.0,1.0,0.0,0.23174236846371252,0.7682576315362872,0.0,nan,nan,0.2702926382819853,nan,1.0,1.0,nan,0.0,nan,nan,exact,206.9505882352941,32.7,neural,1333.0,5332.0,53320.0,nan,0.0,0.0,nan,,,,,,,,,,,,,,,
reviewer1_observation_shift_smoke,reviewer1_observation_shift_smoke,configs/reviewer1_remaining/smoke/observation_shift.yaml,Reviewer1-observation-shift-smoke,Reviewer1ObservationShift-v0,Reviewer1ObservationShift-v0,native_gymnasium_observation,count_gated_tau_20,11010,train,8536,,,8536,78,0.88,12,1.0,8536,502,0.0021023091627806667,0.032313477247953415,0,1,3,16.89936179999495,16.190822399999888,0.7085393999950611,16.190822399999888,0.7085393999950611,d1991e82fa1ea0337d3d6296e2c904f22359ea22,1.8.0,7cc5bc598cfd6850415c80c2a5f22423f37a7ce8561077a69366f06d0ab14b1d,True,3.14.3,2.11.0+cpu,2.4.3,1.3.0,3.1.0,not-installed,not-installed,0.1801246997027434,0.0,1.0,1.0,1336.0,0.0,0.0,0.0,0.0,1.0,0.25,0.05253623188405798,0.947463768115942,0.0,nan,nan,0.05516294158266352,nan,0.75,0.75,nan,0.25,nan,nan,exact,327.02500000000003,468.3,neural,1336.0,5344.0,53440.0,nan,0.0,0.0,nan,,,,,,,,,,,,,,,
reviewer1_observation_shift_smoke,reviewer1_observation_shift_smoke,configs/reviewer1_remaining/smoke/observation_shift.yaml,Reviewer1-observation-shift-smoke,Reviewer1ObservationShift-v0,Reviewer1ObservationShift-v0,native_gymnasium_observation,count_gated_tau_20,11010,train,8696,,,8696,79,-1.9700000000000015,160,0.0,8696,512,0.0021228772244725747,0.032313477247953415,0,1,3,17.301745500000834,16.593206100005773,0.7085393999950611,16.593206100005773,0.7085393999950611,d1991e82fa1ea0337d3d6296e2c904f22359ea22,1.8.0,7cc5bc598cfd6850415c80c2a5f22423f37a7ce8561077a69366f06d0ab14b1d,True,3.14.3,2.11.0+cpu,2.4.3,1.3.0,3.1.0,not-installed,not-installed,0.18103038782363662,0.0,1.0,1.0,1356.0,1.0,0.0,0.0,0.0,0.0,0.0875,0.2082127709095892,0.7917872290904107,0.0,nan,nan,0.24380002279512586,nan,0.9125,0.9125,nan,0.0875,nan,nan,exact,262.42875,35.65,neural,1356.0,5424.0,54240.0,nan,0.0,0.0,nan,,,,,,,,,,,,,,,
reviewer1_observation_shift_smoke,reviewer1_observation_shift_smoke,configs/reviewer1_remaining/smoke/observation_shift.yaml,Reviewer1-observation-shift-smoke,Reviewer1ObservationShift-v0,Reviewer1ObservationShift-v0,native_gymnasium_observation,count_gated_tau_20,11010,train,8856,,,8856,80,-2.0400000000000014,160,0.0,8856,522,0.0021655844037612956,0.032313477247953415,0,1,3,17.579945899997256,16.871406500002195,0.7085393999950611,16.871406500002195,0.7085393999950611,d1991e82fa1ea0337d3d6296e2c904f22359ea22,1.8.0,7cc5bc598cfd6850415c80c2a5f22423f37a7ce8561077a69366f06d0ab14b1d,True,3.14.3,2.11.0+cpu,2.4.3,1.3.0,3.1.0,not-installed,not-installed,0.18247388437533282,0.0,1.0,1.0,1368.0,1.0,0.0,0.0,0.0,0.0,0.0625,0.22248405871880284,0.777515941281197,0.0,nan,nan,0.25860349529706295,nan,0.9375,0.9375,nan,0.0625,nan,nan,exact,219.725,28.75,neural,1368.0,5472.0,54720.0,nan,0.0,0.0,nan,,,,,,,,,,,,,,,
reviewer1_observation_shift_smoke,reviewer1_observation_shift_smoke,configs/reviewer1_remaining/smoke/observation_shift.yaml,Reviewer1-observation-shift-smoke,Reviewer1ObservationShift-v0,Reviewer1ObservationShift-v0,native_gymnasium_observation,count_gated_tau_20,11010,train,8866,,,8866,81,0.91,10,1.0,8866,523,0.002161813975896619,0.032313477247953415,0,1,3,17.595781500000157,16.887242100005096,0.7085393999950611,16.887242100005096,0.7085393999950611,d1991e82fa1ea0337d3d6296e2c904f22359ea22,1.8.0,7cc5bc598cfd6850415c80c2a5f22423f37a7ce8561077a69366f06d0ab14b1d,True,3.14.3,2.11.0+cpu,2.4.3,1.3.0,3.1.0,not-installed,not-installed,0.18213615369531577,0.0,1.0,1.0,1373.0,0.0,0.0,0.0,0.0,1.0,0.8,0.01818181818181818,0.9818181818181817,0.0,nan,nan,0.019032516392808098,nan,0.2,0.2,nan,0.8,nan,nan,unsupported,230.77999999999997,24.65,neural,1373.0,5492.0,54920.0,nan,0.0,0.0,nan,,,,,,,,,,,,,,,
reviewer1_observation_shift_smoke,reviewer1_observation_shift_smoke,configs/reviewer1_remaining/smoke/observation_shift.yaml,Reviewer1-observation-shift-smoke,Reviewer1ObservationShift-v0,Reviewer1ObservationShift-v0,native_gymnasium_observation,count_gated_tau_20,11010,train,8871,,,8871,82,0.95,5,1.0,8871,523,0.002161813975896619,0.032313477247953415,0,1,3,17.602350999994087,16.893811599999026,0.7085393999950611,16.893811599999026,0.7085393999950611,d1991e82fa1ea0337d3d6296e2c904f22359ea22,1.8.0,7cc5bc598cfd6850415c80c2a5f22423f37a7ce8561077a69366f06d0ab14b1d,True,3.14.3,2.11.0+cpu,2.4.3,1.3.0,3.1.0,not-installed,not-installed,0.18194382407156148,0.0,1.0,1.0,1377.0,0.0,0.0,0.0,0.0,1.0,1.0,0.0,1.0,0.0,nan,nan,0.0,nan,0.0,0.0,nan,1.0,nan,nan,unsupported,207.76,28.4,neural,1377.0,5508.0,55080.0,nan,0.0,0.0,nan,,,,,,,,,,,,,,,
reviewer1_observation_shift_smoke,reviewer1_observation_shift_smoke,configs/reviewer1_remaining/smoke/observation_shift.yaml,Reviewer1-observation-shift-smoke,Reviewer1ObservationShift-v0,Reviewer1ObservationShift-v0,native_gymnasium_observation,count_gated_tau_20,11010,train,8937,,,8937,83,0.0599999999999995,66,1.0,8937,527,0.0021656260306532633,0.032313477247953415,0,1,3,17.72965380000096,17.0211144000059,0.7085393999950611,17.0211144000059,0.7085393999950611,d1991e82fa1ea0337d3d6296e2c904f22359ea22,1.8.0,7cc5bc598cfd6850415c80c2a5f22423f37a7ce8561077a69366f06d0ab14b1d,True,3.14.3,2.11.0+cpu,2.4.3,1.3.0,3.1.0,not-installed,not-installed,0.181980309721279,0.0,1.0,1.0,1381.0,0.0,0.0,0.0,0.0,1.0,0.030303030303030304,0.17990142545541987,0.8200985745445801,0.0,nan,nan,0.20390297635817986,nan,0.9696969696969697,0.9696969696969697,nan,0.030303030303030304,nan,nan,exact,242.81666666666666,34.3,neural,1381.0,5524.0,55240.0,nan,0.0,0.0,nan,,,,,,,,,,,,,,,
reviewer1_observation_shift_smoke,reviewer1_observation_shift_smoke,configs/reviewer1_remaining/smoke/observation_shift.yaml,Reviewer1-observation-shift-smoke,Reviewer1ObservationShift-v0,Reviewer1ObservationShift-v0,native_gymnasium_observation,count_gated_tau_20,11010,train,8986,,,8986,84,0.3999999999999997,49,1.0,8986,530,0.0021537655391271845,0.032313477247953415,0,1,3,17.80524709999736,17.0967077000023,0.7085393999950611,17.0967077000023,0.7085393999950611,d1991e82fa1ea0337d3d6296e2c904f22359ea22,1.8.0,7cc5bc598cfd6850415c80c2a5f22423f37a7ce8561077a69366f06d0ab14b1d,True,3.14.3,2.11.0+cpu,2.4.3,1.3.0,3.1.0,not-installed,not-installed,0.18362946049125164,0.0,1.0,1.0,1382.0,0.0,0.0,0.0,0.0,1.0,0.04081632653061224,0.33419809569804587,0.6658019043019542,0.0,nan,nan,0.4040657986655302,nan,0.9591836734693877,0.9591836734693877,nan,0.04081632653061224,nan,nan,exact,259.0163265306123,397.5,neural,1382.0,5528.0,55280.0,nan,0.0,0.0,nan,,,,,,,,,,,,,,,
reviewer1_observation_shift_smoke,reviewer1_observation_shift_smoke,configs/reviewer1_remaining/smoke/observation_shift.yaml,Reviewer1-observation-shift-smoke,Reviewer1ObservationShift-v0,Reviewer1ObservationShift-v0,native_gymnasium_observation,count_gated_tau_20,11010,train,9001,,,9001,85,0.75,15,1.0,9001,531,0.0021498664411955244,0.032313477247953415,0,1,3,17.82288239999616,17.1143430000011,0.7085393999950611,17.1143430000011,0.7085393999950611,d1991e82fa1ea0337d3d6296e2c904f22359ea22,1.8.0,7cc5bc598cfd6850415c80c2a5f22423f37a7ce8561077a69366f06d0ab14b1d,True,3.14.3,2.11.0+cpu,2.4.3,1.3.0,3.1.0,not-installed,not-installed,0.18406305699325748,0.0,1.0,1.0,1382.0,0.0,0.0,0.0,0.0,1.0,0.0,0.2879608409020174,0.7120391590979825,0.0,nan,nan,0.33939474061244945,nan,1.0,1.0,nan,0.0,nan,nan,exact,182.36000000000004,17.7,neural,1382.0,5528.0,55280.0,nan,0.0,0.0,nan,,,,,,,,,,,,,,,
reviewer1_observation_shift_smoke,reviewer1_observation_shift_smoke,configs/reviewer1_remaining/smoke/observation_shift.yaml,Reviewer1-observation-shift-smoke,Reviewer1ObservationShift-v0,Reviewer1ObservationShift-v0,native_gymnasium_observation,count_gated_tau_20,11010,train,9161,,,9161,86,-2.159999999999999,160,0.0,9161,541,0.0021319936021126644,0.032313477247953415,0,1,3,18.114267699995253,17.40572830000019,0.7085393999950611,17.40572830000019,0.7085393999950611,d1991e82fa1ea0337d3d6296e2c904f22359ea22,1.8.0,7cc5bc598cfd6850415c80c2a5f22423f37a7ce8561077a69366f06d0ab14b1d,True,3.14.3,2.11.0+cpu,2.4.3,1.3.0,3.1.0,not-installed,not-installed,0.1888802934568491,0.0,1.0,1.0,1395.0,1.0,0.0,0.0,0.0,0.0,0.10625,0.30626507968281025,0.6937349203171899,0.0,nan,nan,0.3741228416716925,nan,0.89375,0.89375,nan,0.10625,nan,nan,exact,228.90562499999996,32.1,neural,1395.0,5580.0,55800.0,nan,0.0,0.0,nan,,,,,,,,,,,,,,,
reviewer1_observation_shift_smoke,reviewer1_observation_shift_smoke,configs/reviewer1_remaining/smoke/observation_shift.yaml,Reviewer1-observation-shift-smoke,Reviewer1ObservationShift-v0,Reviewer1ObservationShift-v0,native_gymnasium_observation,count_gated_tau_20,11010,train,9321,,,9321,87,-1.9100000000000015,160,0.0,9321,551,0.002131821801886755,0.032313477247953415,0,1,3,18.462606999994023,17.75406759999896,0.7085393999950611,17.75406759999896,0.7085393999950611,d1991e82fa1ea0337d3d6296e2c904f22359ea22,1.8.0,7cc5bc598cfd6850415c80c2a5f22423f37a7ce8561077a69366f06d0ab14b1d,True,3.14.3,2.11.0+cpu,2.4.3,1.3.0,3.1.0,not-installed,not-installed,0.1974493238286884,0.0,1.0,1.0,1395.0,1.0,0.0,0.0,0.0,0.0,0.0,0.43509484695169875,0.5649051530483012,0.0,nan,nan,0.5391631346398563,nan,1.0,1.0,nan,0.0,nan,nan,exact,262.14187499999997,35.25,neural,1395.0,5580.0,55800.0,nan,0.0,0.0,nan,,,,,,,,,,,,,,,
reviewer1_observation_shift_smoke,reviewer1_observation_shift_smoke,configs/reviewer1_remaining/smoke/observation_shift.yaml,Reviewer1-observation-shift-smoke,Reviewer1ObservationShift-v0,Reviewer1ObservationShift-v0,native_gymnasium_observation,count_gated_tau_20,11010,train,9429,,,9429,88,-0.360000000000001,108,1.0,9429,558,0.002108005161844826,0.032313477247953415,0,1,3,18.65759089999483,17.94905149999977,0.7085393999950611,17.94905149999977,0.7085393999950611,d1991e82fa1ea0337d3d6296e2c904f22359ea22,1.8.0,7cc5bc598cfd6850415c80c2a5f22423f37a7ce8561077a69366f06d0ab14b1d,True,3.14.3,2.11.0+cpu,2.4.3,1.3.0,3.1.0,not-installed,not-installed,0.19906244152630606,0.0,1.0,1.0,1405.0,0.0,0.0,0.0,0.0,1.0,0.05555555555555555,0.29649789358055023,0.7035021064194497,0.0,nan,nan,0.35727567771445384,nan,0.9444444444444444,0.9444444444444444,nan,0.05555555555555555,nan,nan,exact,234.24907407407406,26.299999999999997,neural,1405.0,5620.0,56200.0,nan,0.0,0.0,nan,,,,,,,,,,,,,,,
reviewer1_observation_shift_smoke,reviewer1_observation_shift_smoke,configs/reviewer1_remaining/smoke/observation_shift.yaml,Reviewer1-observation-shift-smoke,Reviewer1ObservationShift-v0,Reviewer1ObservationShift-v0,native_gymnasium_observation,count_gated_tau_20,11010,train,9482,,,9482,89,0.19999999999999962,53,1.0,9482,561,0.002118659967978835,0.032313477247953415,0,1,3,18.765505499999563,18.0569661000045,0.7085393999950611,18.0569661000045,0.7085393999950611,d1991e82fa1ea0337d3d6296e2c904f22359ea22,1.8.0,7cc5bc598cfd6850415c80c2a5f22423f37a7ce8561077a69366f06d0ab14b1d,True,3.14.3,2.11.0+cpu,2.4.3,1.3.0,3.1.0,not-installed,not-installed,0.20065577818157065,0.0,1.0,1.0,1413.0,0.0,0.0,0.0,0.0,1.0,0.16981132075471697,0.29954954363851183,0.7004504563614881,0.0,nan,nan,0.36971753237772603,nan,0.8301886792452831,0.8301886792452831,nan,0.16981132075471697,nan,nan,exact,317.43396226415086,443.1,neural,1413.0,5652.0,56520.0,nan,0.0,0.0,nan,,,,,,,,,,,,,,,
reviewer1_observation_shift_smoke,reviewer1_observation_shift_smoke,configs/reviewer1_remaining/smoke/observation_shift.yaml,Reviewer1-observation-shift-smoke,Reviewer1ObservationShift-v0,Reviewer1ObservationShift-v0,native_gymnasium_observation,count_gated_tau_20,11010,train,9557,,,9557,90,-4.440892098500626e-16,75,1.0,9557,566,0.002101335866713714,0.032313477247953415,0,1,3,18.8892640999984,18.18072470000334,0.7085393999950611,18.18072470000334,0.7085393999950611,d1991e82fa1ea0337d3d6296e2c904f22359ea22,1.8.0,7cc5bc598cfd6850415c80c2a5f22423f37a7ce8561077a69366f06d0ab14b1d,True,3.14.3,2.11.0+cpu,2.4.3,1.3.0,3.1.0,not-installed,not-installed,0.2006615300674011,0.0,1.0,1.0,1423.0,0.0,0.0,0.0,0.0,1.0,0.10666666666666667,0.23015039384857416,0.7698496061514258,0.0,nan,nan,0.27216981665565476,nan,0.8933333333333333,0.8933333333333333,nan,0.10666666666666667,nan,nan,exact,271.95866666666666,33.3,neural,1423.0,5692.0,56920.0,nan,0.0,0.0,nan,,,,,,,,,,,,,,,
reviewer1_observation_shift_smoke,reviewer1_observation_shift_smoke,configs/reviewer1_remaining/smoke/observation_shift.yaml,Reviewer1-observation-shift-smoke,Reviewer1ObservationShift-v0,Reviewer1ObservationShift-v0,native_gymnasium_observation,count_gated_tau_20,11010,train,9647,,,9647,91,-0.19000000000000083,90,1.0,9647,571,0.0020833705109146532,0.032313477247953415,0,1,3,19.031514999995125,18.322975600000063,0.7085393999950611,18.322975600000063,0.7085393999950611,d1991e82fa1ea0337d3d6296e2c904f22359ea22,1.8.0,7cc5bc598cfd6850415c80c2a5f22423f37a7ce8561077a69366f06d0ab14b1d,True,3.14.3,2.11.0+cpu,2.4.3,1.3.0,3.1.0,not-installed,not-installed,0.19921143182963327,0.0,1.0,1.0,1442.0,0.0,0.0,0.0,0.0,1.0,0.14444444444444443,0.12611823138393186,0.873881768616068,0.0,nan,nan,0.140387635370978,nan,0.8555555555555555,0.8555555555555555,nan,0.14444444444444443,nan,nan,exact,229.30777777777777,30.549999999999997,neural,1442.0,5768.0,57680.0,nan,0.0,0.0,nan,,,,,,,,,,,,,,,
reviewer1_observation_shift_smoke,reviewer1_observation_shift_smoke,configs/reviewer1_remaining/smoke/observation_shift.yaml,Reviewer1-observation-shift-smoke,Reviewer1ObservationShift-v0,Reviewer1ObservationShift-v0,native_gymnasium_observation,count_gated_tau_20,11010,train,9650,,,9650,92,0.96,3,1.0,9650,572,0.0020798175012530194,0.032313477247953415,0,1,3,19.039614499997697,18.331075100002636,0.7085393999950611,18.331075100002636,0.7085393999950611,d1991e82fa1ea0337d3d6296e2c904f22359ea22,1.8.0,7cc5bc598cfd6850415c80c2a5f22423f37a7ce8561077a69366f06d0ab14b1d,True,3.14.3,2.11.0+cpu,2.4.3,1.3.0,3.1.0,not-installed,not-installed,0.19921143182963327,0.0,1.0,1.0,1443.0,0.0,0.0,0.0,0.0,1.0,0.0,0.13043478260869565,0.8695652173913043,0.0,nan,nan,0.1392920235749422,nan,1.0,1.0,nan,0.0,nan,nan,exact,36.86666666666667,34.3,neural,1443.0,5772.0,57720.0,nan,0.0,0.0,nan,,,,,,,,,,,,,,,
reviewer1_observation_shift_smoke,reviewer1_observation_shift_smoke,configs/reviewer1_remaining/smoke/observation_shift.yaml,Reviewer1-observation-shift-smoke,Reviewer1ObservationShift-v0,Reviewer1ObservationShift-v0,native_gymnasium_observation,count_gated_tau_20,11010,train,9653,,,9653,93,0.98,3,1.0,9653,572,0.0020798175012530194,0.032313477247953415,0,1,3,19.04455429999507,18.33601490000001,0.7085393999950611,18.33601490000001,0.7085393999950611,d1991e82fa1ea0337d3d6296e2c904f22359ea22,1.8.0,7cc5bc598cfd6850415c80c2a5f22423f37a7ce8561077a69366f06d0ab14b1d,True,3.14.3,2.11.0+cpu,2.4.3,1.3.0,3.1.0,not-installed,not-installed,0.19903372314825088,0.0,1.0,1.0,1446.0,0.0,0.0,0.0,0.0,1.0,1.0,0.0,1.0,0.0,nan,nan,0.0,nan,0.0,0.0,nan,1.0,nan,nan,unsupported,374.4666666666667,483.4,neural,1446.0,5784.0,57840.0,nan,0.0,0.0,nan,,,,,,,,,,,,,,,
reviewer1_observation_shift_smoke,reviewer1_observation_shift_smoke,configs/reviewer1_remaining/smoke/observation_shift.yaml,Reviewer1-observation-shift-smoke,Reviewer1ObservationShift-v0,Reviewer1ObservationShift-v0,native_gymnasium_observation,count_gated_tau_20,11010,train,9813,,,9813,94,-2.1599999999999997,160,0.0,9813,582,0.002102106310656669,0.032313477247953415,0,1,3,19.495869399994262,18.7873299999992,0.7085393999950611,18.7873299999992,0.7085393999950611,d1991e82fa1ea0337d3d6296e2c904f22359ea22,1.8.0,7cc5bc598cfd6850415c80c2a5f22423f37a7ce8561077a69366f06d0ab14b1d,True,3.14.3,2.11.0+cpu,2.4.3,1.3.0,3.1.0,not-installed,not-installed,0.19843043598569016,0.0,1.0,1.0,1463.0,1.0,0.0,0.0,0.0,0.0,0.1125,0.1917599494318683,0.8082400505681318,0.0,nan,nan,0.22164074492403882,nan,0.8875,0.8875,nan,0.1125,nan,nan,exact,267.5575,35.5,neural,1463.0,5852.0,58520.0,nan,0.0,0.0,nan,,,,,,,,,,,,,,,
reviewer1_observation_shift_smoke,reviewer1_observation_shift_smoke,configs/reviewer1_remaining/smoke/observation_shift.yaml,Reviewer1-observation-shift-smoke,Reviewer1ObservationShift-v0,Reviewer1ObservationShift-v0,native_gymnasium_observation,count_gated_tau_20,11010,train,9973,,,9973,95,-2.159999999999999,160,0.0,9973,592,0.002126081696003992,0.032313477247953415,0,1,3,19.83930379999947,19.13076440000441,0.7085393999950611,19.13076440000441,0.7085393999950611,d1991e82fa1ea0337d3d6296e2c904f22359ea22,1.8.0,7cc5bc598cfd6850415c80c2a5f22423f37a7ce8561077a69366f06d0ab14b1d,True,3.14.3,2.11.0+cpu,2.4.3,1.3.0,3.1.0,not-installed,not-installed,0.20154023865996706,0.0,1.0,1.0,1471.0,1.0,0.0,0.0,0.0,0.0,0.05,0.31321761721671115,0.6867823827832888,0.0,nan,nan,0.37974290404877137,nan,0.95,0.95,nan,0.05,nan,nan,exact,284.568125,67.05000000000001,neural,1471.0,5884.0,58840.0,nan,0.0,0.0,nan,,,,,,,,,,,,,,,
reviewer1_observation_shift_smoke,reviewer1_observation_shift_smoke,configs/reviewer1_remaining/smoke/observation_shift.yaml,Reviewer1-observation-shift-smoke,Reviewer1ObservationShift-v0,Reviewer1ObservationShift-v0,native_gymnasium_observation,count_gated_tau_20,11010,train,10120,,,10120,96,-0.8400000000000014,147,1.0,10120,601,0.0020971309062763803,0.032313477247953415,0,1,3,20.145773799995368,19.437234400000307,0.7085393999950611,19.437234400000307,0.7085393999950611,d1991e82fa1ea0337d3d6296e2c904f22359ea22,1.8.0,7cc5bc598cfd6850415c80c2a5f22423f37a7ce8561077a69366f06d0ab14b1d,True,3.14.3,2.11.0+cpu,2.4.3,1.3.0,3.1.0,not-installed,not-installed,0.19921469567128308,0.0,1.0,1.0,1497.0,0.0,0.0,0.0,0.0,1.0,0.17006802721088435,0.11963091407042899,0.880369085929571,0.0,nan,nan,0.13074396971382404,nan,0.8299319727891157,0.8299319727891157,nan,0.17006802721088435,nan,nan,exact,275.32925170068023,30.4,neural,1497.0,5988.0,59880.0,nan,0.0,0.0,nan,,,,,,,,,,,,,,,
reviewer1_observation_shift_smoke,reviewer1_observation_shift_smoke,configs/reviewer1_remaining/smoke/observation_shift.yaml,Reviewer1-observation-shift-smoke,Reviewer1ObservationShift-v0,Reviewer1ObservationShift-v0,native_gymnasium_observation,count_gated_tau_20,11010,train,10178,,,10178,97,0.22999999999999954,58,1.0,10178,605,0.0021198843856506176,0.032313477247953415,0,1,3,20.246751499995298,19.538212100000237,0.7085393999950611,19.538212100000237,0.7085393999950611,d1991e82fa1ea0337d3d6296e2c904f22359ea22,1.8.0,7cc5bc598cfd6850415c80c2a5f22423f37a7ce8561077a69366f06d0ab14b1d,True,3.14.3,2.11.0+cpu,2.4.3,1.3.0,3.1.0,not-installed,not-installed,0.1994738408563513,0.0,1.0,1.0,1507.0,0.0,0.0,0.0,0.0,1.0,0.1724137931034483,0.24336158780960482,0.7566384121903951,0.0,nan,nan,0.2918930402258976,nan,0.8275862068965517,0.8275862068965517,nan,0.1724137931034483,nan,nan,exact,318.2586206896551,443.0,neural,1507.0,6028.0,60280.0,nan,0.0,0.0,nan,,,,,,,,,,,,,,,
reviewer1_observation_shift_smoke,reviewer1_observation_shift_smoke,configs/reviewer1_remaining/smoke/observation_shift.yaml,Reviewer1-observation-shift-smoke,Reviewer1ObservationShift-v0,Reviewer1ObservationShift-v0,native_gymnasium_observation,count_gated_tau_20,11010,train,10338,,,10338,98,-2.2899999999999987,160,0.0,10338,615,0.0021274180564950355,0.032313477247953415,0,1,3,20.534677600000578,19.826138200005516,0.7085393999950611,19.826138200005516,0.7085393999950611,d1991e82fa1ea0337d3d6296e2c904f22359ea22,1.8.0,7cc5bc598cfd6850415c80c2a5f22423f37a7ce8561077a69366f06d0ab14b1d,True,3.14.3,2.11.0+cpu,2.4.3,1.3.0,3.1.0,not-installed,not-installed,0.19673373450857273,0.0,1.0,1.0,1540.0,1.0,0.0,0.0,0.0,0.0,0.21875,0.12377100920513437,0.8762289907948656,0.0,nan,nan,0.1382074123243445,nan,0.78125,0.78125,nan,0.21875,nan,nan,exact,279.915,417.20000000000005,neural,1540.0,6160.0,61600.0,nan,0.0,0.0,nan,,,,,,,,,,,,,,,
reviewer1_observation_shift_smoke,reviewer1_observation_shift_smoke,configs/reviewer1_remaining/smoke/observation_shift.yaml,Reviewer1-observation-shift-smoke,Reviewer1ObservationShift-v0,Reviewer1ObservationShift-v0,native_gymnasium_observation,count_gated_tau_20,11010,train,10481,,,10481,99,-0.8000000000000014,143,1.0,10481,624,0.0020986730775791494,0.032313477247953415,0,1,3,20.768081899994286,20.059542499999225,0.7085393999950611,20.059542499999225,0.7085393999950611,d1991e82fa1ea0337d3d6296e2c904f22359ea22,1.8.0,7cc5bc598cfd6850415c80c2a5f22423f37a7ce8561077a69366f06d0ab14b1d,True,3.14.3,2.11.0+cpu,2.4.3,1.3.0,3.1.0,not-installed,not-installed,0.19936633256077013,0.0,1.0,1.0,1554.0,0.0,0.0,0.0,0.0,1.0,0.11188811188811189,0.29162476640525836,0.7083752335947417,0.0,nan,nan,0.3542933410956416,nan,0.8881118881118881,0.8881118881118881,nan,0.11188811188811189,nan,nan,exact,267.52097902097904,38.7,neural,1554.0,6216.0,62160.0,nan,0.0,0.0,nan,,,,,,,,,,,,,,,
reviewer1_observation_shift_smoke,reviewer1_observation_shift_smoke,configs/reviewer1_remaining/smoke/observation_shift.yaml,Reviewer1-observation-shift-smoke,Reviewer1ObservationShift-v0,Reviewer1ObservationShift-v0,native_gymnasium_observation,count_gated_tau_20,11010,train,10638,,,10638,100,-0.9500000000000015,157,1.0,10638,633,0.0021089124289217775,0.032313477247953415,0,1,3,21.100720599999477,20.392181200004416,0.7085393999950611,20.392181200004416,0.7085393999950611,d1991e82fa1ea0337d3d6296e2c904f22359ea22,1.8.0,7cc5bc598cfd6850415c80c2a5f22423f37a7ce8561077a69366f06d0ab14b1d,True,3.14.3,2.11.0+cpu,2.4.3,1.3.0,3.1.0,not-installed,not-installed,0.19851147031548702,0.0,1.0,1.0,1576.0,0.0,0.0,0.0,0.0,1.0,0.15286624203821655,0.16378357684741482,0.8362164231525849,0.0,nan,nan,0.18808006058646223,nan,0.8471337579617835,0.8471337579617835,nan,0.15286624203821655,nan,nan,exact,286.30063694267517,54.9,neural,1576.0,6304.0,63040.0,nan,0.0,0.0,nan,,,,,,,,,,,,,,,
reviewer1_observation_shift_smoke,reviewer1_observation_shift_smoke,configs/reviewer1_remaining/smoke/observation_shift.yaml,Reviewer1-observation-shift-smoke,Reviewer1ObservationShift-v0,Reviewer1ObservationShift-v0,native_gymnasium_observation,count_gated_tau_20,11010,train,10798,,,10798,101,-2.2999999999999994,160,0.0,10798,643,0.0021116633611447614,0.032313477247953415,0,1,3,21.536531300000206,20.827991900005145,0.7085393999950611,20.827991900005145,0.7085393999950611,d1991e82fa1ea0337d3d6296e2c904f22359ea22,1.8.0,7cc5bc598cfd6850415c80c2a5f22423f37a7ce8561077a69366f06d0ab14b1d,True,3.14.3,2.11.0+cpu,2.4.3,1.3.0,3.1.0,not-installed,not-installed,0.2003914148880126,0.0,1.0,1.0,1594.0,1.0,0.0,0.0,0.0,0.0,0.175,0.24230237648101127,0.7576976235189887,0.0,nan,nan,0.29161847016864206,nan,0.825,0.825,nan,0.175,nan,nan,exact,347.468125,480.5,neural,1594.0,6376.0,63760.0,nan,0.0,0.0,nan,,,,,,,,,,,,,,,
reviewer1_observation_shift_smoke,reviewer1_observation_shift_smoke,configs/reviewer1_remaining/smoke/observation_shift.yaml,Reviewer1-observation-shift-smoke,Reviewer1ObservationShift-v0,Reviewer1ObservationShift-v0,native_gymnasium_observation,count_gated_tau_20,11010,train,10958,,,10958,102,-2.309999999999999,160,0.0,10958,653,0.0021002948271770013,0.032313477247953415,0,1,3,21.83248050000111,21.12394110000605,0.7085393999950611,21.12394110000605,0.7085393999950611,d1991e82fa1ea0337d3d6296e2c904f22359ea22,1.8.0,7cc5bc598cfd6850415c80c2a5f22423f37a7ce8561077a69366f06d0ab14b1d,True,3.14.3,2.11.0+cpu,2.4.3,1.3.0,3.1.0,not-installed,not-installed,0.20004452235047118,0.0,1.0,1.0,1615.0,1.0,0.0,0.0,0.0,0.0,0.11875,0.2004821619750809,0.7995178380249192,0.0,nan,nan,0.2324495315732212,nan,0.88125,0.88125,nan,0.11875,nan,nan,exact,244.39000000000001,38.8,neural,1615.0,6460.0,64600.0,nan,0.0,0.0,nan,,,,,,,,,,,,,,,
reviewer1_observation_shift_smoke,reviewer1_observation_shift_smoke,configs/reviewer1_remaining/smoke/observation_shift.yaml,Reviewer1-observation-shift-smoke,Reviewer1ObservationShift-v0,Reviewer1ObservationShift-v0,native_gymnasium_observation,count_gated_tau_20,11010,train,11118,,,11118,103,-2.1300000000000003,160,0.0,11118,663,0.0020887335056635615,0.032313477247953415,0,1,3,22.147273399998085,21.438734000003024,0.7085393999950611,21.438734000003024,0.7085393999950611,d1991e82fa1ea0337d3d6296e2c904f22359ea22,1.8.0,7cc5bc598cfd6850415c80c2a5f22423f37a7ce8561077a69366f06d0ab14b1d,True,3.14.3,2.11.0+cpu,2.4.3,1.3.0,3.1.0,not-installed,not-installed,0.2003448377943255,0.0,1.0,1.0,1631.0,1.0,0.0,0.0,0.0,0.0,0.0625,0.19864490930145734,0.8013550906985426,0.0,nan,nan,0.22996995674148338,nan,0.9375,0.9375,nan,0.0625,nan,nan,exact,298.38874999999996,427.29999999999995,neural,1631.0,6524.0,65240.0,nan,0.0,0.0,nan,,,,,,,,,,,,,,,
reviewer1_observation_shift_smoke,reviewer1_observation_shift_smoke,configs/reviewer1_remaining/smoke/observation_shift.yaml,Reviewer1-observation-shift-smoke,Reviewer1ObservationShift-v0,Reviewer1ObservationShift-v0,native_gymnasium_observation,count_gated_tau_20,11010,train,11278,,,11278,104,-2.24,160,0.0,11278,673,0.0020916076321042826,0.032313477247953415,0,1,3,22.458744699993986,21.750205299998925,0.7085393999950611,21.750205299998925,0.7085393999950611,d1991e82fa1ea0337d3d6296e2c904f22359ea22,1.8.0,7cc5bc598cfd6850415c80c2a5f22423f37a7ce8561077a69366f06d0ab14b1d,True,3.14.3,2.11.0+cpu,2.4.3,1.3.0,3.1.0,not-installed,not-installed,0.20614170588473568,0.0,1.0,1.0,1634.0,1.0,0.0,0.0,0.0,0.0,0.0,0.3939282380158272,0.6060717619841729,0.0,nan,nan,0.48712786355721355,nan,1.0,1.0,nan,0.0,nan,nan,exact,376.8575,457.65,neural,1634.0,6536.0,65360.0,nan,0.0,0.0,nan,,,,,,,,,,,,,,,
reviewer1_observation_shift_smoke,reviewer1_observation_shift_smoke,configs/reviewer1_remaining/smoke/observation_shift.yaml,Reviewer1-observation-shift-smoke,Reviewer1ObservationShift-v0,Reviewer1ObservationShift-v0,native_gymnasium_observation,count_gated_tau_20,11010,train,11283,,,11283,105,0.96,5,1.0,11283,674,0.002088865596711097,0.032313477247953415,0,1,3,22.46954209999967,21.76100270000461,0.7085393999950611,21.76100270000461,0.7085393999950611,d1991e82fa1ea0337d3d6296e2c904f22359ea22,1.8.0,7cc5bc598cfd6850415c80c2a5f22423f37a7ce8561077a69366f06d0ab14b1d,True,3.14.3,2.11.0+cpu,2.4.3,1.3.0,3.1.0,not-installed,not-installed,0.20616575792336816,0.0,1.0,1.0,1634.0,0.0,0.0,0.0,0.0,1.0,0.0,0.32571428571428573,0.6742857142857143,0.0,nan,nan,0.38716520387505743,nan,1.0,1.0,nan,0.0,nan,nan,exact,253.1,20.7,neural,1634.0,6536.0,65360.0,nan,0.0,0.0,nan,,,,,,,,,,,,,,,
reviewer1_observation_shift_smoke,reviewer1_observation_shift_smoke,configs/reviewer1_remaining/smoke/observation_shift.yaml,Reviewer1-observation-shift-smoke,Reviewer1ObservationShift-v0,Reviewer1ObservationShift-v0,native_gymnasium_observation,count_gated_tau_20,11010,train,11443,,,11443,106,-2.299999999999998,160,0.0,11443,684,0.0021062870461894803,0.032313477247953415,0,1,3,22.734458099999756,22.025918700004695,0.7085393999950611,22.025918700004695,0.7085393999950611,d1991e82fa1ea0337d3d6296e2c904f22359ea22,1.8.0,7cc5bc598cfd6850415c80c2a5f22423f37a7ce8561077a69366f06d0ab14b1d,True,3.14.3,2.11.0+cpu,2.4.3,1.3.0,3.1.0,not-installed,not-installed,0.2076897480193709,0.0,1.0,1.0,1648.0,1.0,0.0,0.0,0.0,0.0,0.10625,0.2782203829921571,0.7217796170078429,0.0,nan,nan,0.33625835260089637,nan,0.89375,0.89375,nan,0.10625,nan,nan,exact,284.191875,179.6,neural,1648.0,6592.0,65920.0,nan,0.0,0.0,nan,,,,,,,,,,,,,,,
reviewer1_observation_shift_smoke,reviewer1_observation_shift_smoke,configs/reviewer1_remaining/smoke/observation_shift.yaml,Reviewer1-observation-shift-smoke,Reviewer1ObservationShift-v0,Reviewer1ObservationShift-v0,native_gymnasium_observation,count_gated_tau_20,11010,train,11453,,,11453,107,0.89,10,1.0,11453,684,0.0021062870461894803,0.032313477247953415,0,1,3,22.748597099998733,22.040057700003672,0.7085393999950611,22.040057700003672,0.7085393999950611,d1991e82fa1ea0337d3d6296e2c904f22359ea22,1.8.0,7cc5bc598cfd6850415c80c2a5f22423f37a7ce8561077a69366f06d0ab14b1d,True,3.14.3,2.11.0+cpu,2.4.3,1.3.0,3.1.0,not-installed,not-installed,0.20738064623570435,0.0,1.0,1.0,1652.0,0.0,0.0,0.0,0.0,1.0,0.4,0.05308676830415961,0.9469132316958404,0.0,nan,nan,0.05620355789588588,nan,0.6,0.6,nan,0.4,nan,nan,exact,398.96,452.4,neural,1652.0,6608.0,66080.0,nan,0.0,0.0,nan,,,,,,,,,,,,,,,
reviewer1_observation_shift_smoke,reviewer1_observation_shift_smoke,configs/reviewer1_remaining/smoke/observation_shift.yaml,Reviewer1-observation-shift-smoke,Reviewer1ObservationShift-v0,Reviewer1ObservationShift-v0,native_gymnasium_observation,count_gated_tau_20,11010,train,11613,,,11613,108,-2.319999999999998,160,0.0,11613,694,0.0020951491908841433,0.032313477247953415,0,1,3,23.066017099998135,22.357477700003074,0.7085393999950611,22.357477700003074,0.7085393999950611,d1991e82fa1ea0337d3d6296e2c904f22359ea22,1.8.0,7cc5bc598cfd6850415c80c2a5f22423f37a7ce8561077a69366f06d0ab14b1d,True,3.14.3,2.11.0+cpu,2.4.3,1.3.0,3.1.0,not-installed,not-installed,0.2099294083702075,0.0,1.0,1.0,1666.0,1.0,0.0,0.0,0.0,0.0,0.10625,0.28518469863480983,0.7148153013651901,0.0,nan,nan,0.34729942518660634,nan,0.89375,0.89375,nan,0.10625,nan,nan,exact,320.166875,222.5,neural,1666.0,6664.0,66640.0,nan,0.0,0.0,nan,,,,,,,,,,,,,,,
reviewer1_observation_shift_smoke,reviewer1_observation_shift_smoke,configs/reviewer1_remaining/smoke/observation_shift.yaml,Reviewer1-observation-shift-smoke,Reviewer1ObservationShift-v0,Reviewer1ObservationShift-v0,native_gymnasium_observation,count_gated_tau_20,11010,train,11675,,,11675,109,-0.020000000000000462,62,1.0,11675,698,0.0021000352039677026,0.032313477247953415,0,1,3,23.142232899997907,22.433693500002846,0.7085393999950611,22.433693500002846,0.7085393999950611,d1991e82fa1ea0337d3d6296e2c904f22359ea22,1.8.0,7cc5bc598cfd6850415c80c2a5f22423f37a7ce8561077a69366f06d0ab14b1d,True,3.14.3,2.11.0+cpu,2.4.3,1.3.0,3.1.0,not-installed,not-installed,0.21015819991805149,0.0,1.0,1.0,1671.0,0.0,0.0,0.0,0.0,1.0,0.06451612903225806,0.2457064446590526,0.7542935553409471,0.0,nan,nan,0.28988338937636093,nan,0.9354838709677419,0.9354838709677419,nan,0.06451612903225806,nan,nan,exact,239.12903225806448,36.25,neural,1671.0,6684.0,66840.0,nan,0.0,0.0,nan,,,,,,,,,,,,,,,
reviewer1_observation_shift_smoke,reviewer1_observation_shift_smoke,configs/reviewer1_remaining/smoke/observation_shift.yaml,Reviewer1-observation-shift-smoke,Reviewer1ObservationShift-v0,Reviewer1ObservationShift-v0,native_gymnasium_observation,count_gated_tau_20,11010,train,11835,,,11835,110,-1.8500000000000014,160,0.0,11835,708,0.0020718993576127435,0.032313477247953415,0,1,3,23.50653649999731,22.79799710000225,0.7085393999950611,22.79799710000225,0.7085393999950611,d1991e82fa1ea0337d3d6296e2c904f22359ea22,1.8.0,7cc5bc598cfd6850415c80c2a5f22423f37a7ce8561077a69366f06d0ab14b1d,True,3.14.3,2.11.0+cpu,2.4.3,1.3.0,3.1.0,not-installed,not-installed,0.21766398438704737,0.0,1.0,1.0,1679.0,1.0,0.0,0.0,0.0,0.0,0.0625,0.47904031407794034,0.5209596859220597,0.0,nan,nan,0.6069275305133142,nan,0.9375,0.9375,nan,0.0625,nan,nan,exact,353.87125,470.6,memory,1679.0,6716.0,67160.0,nan,0.0,0.0,nan,,,,,,,,,,,,,,,
reviewer1_observation_shift_smoke,reviewer1_observation_shift_smoke,configs/reviewer1_remaining/smoke/observation_shift.yaml,Reviewer1-observation-shift-smoke,Reviewer1ObservationShift-v0,Reviewer1ObservationShift-v0,native_gymnasium_observation,count_gated_tau_20,11010,train,11840,,,11840,111,0.95,5,1.0,11840,709,0.0020690585421743505,0.032313477247953415,0,1,3,23.519212599996536,22.810673200001474,0.7085393999950611,22.810673200001474,0.7085393999950611,d1991e82fa1ea0337d3d6296e2c904f22359ea22,1.8.0,7cc5bc598cfd6850415c80c2a5f22423f37a7ce8561077a69366f06d0ab14b1d,True,3.14.3,2.11.0+cpu,2.4.3,1.3.0,3.1.0,not-installed,not-installed,0.21770438907999629,0.0,1.0,1.0,1679.0,0.0,0.0,0.0,0.0,1.0,0.0,0.2473076923076923,0.7526923076923075,0.0,nan,nan,0.2823900712799456,nan,1.0,1.0,nan,0.0,nan,nan,exact,479.44000000000005,585.3,neural,1679.0,6716.0,67160.0,nan,0.0,0.0,nan,,,,,,,,,,,,,,,
reviewer1_observation_shift_smoke,reviewer1_observation_shift_smoke,configs/reviewer1_remaining/smoke/observation_shift.yaml,Reviewer1-observation-shift-smoke,Reviewer1ObservationShift-v0,Reviewer1ObservationShift-v0,native_gymnasium_observation,count_gated_tau_20,11010,train,11872,,,11872,112,0.46999999999999986,32,1.0,11872,711,0.0020638189167193214,0.032313477247953415,0,1,3,23.576833899998746,22.868294500003685,0.7085393999950611,22.868294500003685,0.7085393999950611,d1991e82fa1ea0337d3d6296e2c904f22359ea22,1.8.0,7cc5bc598cfd6850415c80c2a5f22423f37a7ce8561077a69366f06d0ab14b1d,True,3.14.3,2.11.0+cpu,2.4.3,1.3.0,3.1.0,not-installed,not-installed,0.21725489494633246,0.0,1.0,1.0,1684.0,0.0,0.0,0.0,0.0,1.0,0.09375,0.1661021069309113,0.8338978930690887,0.0,nan,nan,0.18846104732638555,nan,0.90625,0.90625,nan,0.09375,nan,nan,exact,417.909375,448.25,neural,1684.0,6736.0,67360.0,nan,0.0,0.0,nan,,,,,,,,,,,,,,,
reviewer1_observation_shift_smoke,reviewer1_observation_shift_smoke,configs/reviewer1_remaining/smoke/observation_shift.yaml,Reviewer1-observation-shift-smoke,Reviewer1ObservationShift-v0,Reviewer1ObservationShift-v0,native_gymnasium_observation,count_gated_tau_20,11010,train,11953,,,11953,113,0.05999999999999939,81,1.0,11953,716,0.0020499122356493534,0.032313477247953415,0,1,3,23.70463049999671,22.99609110000165,0.7085393999950611,22.99609110000165,0.7085393999950611,d1991e82fa1ea0337d3d6296e2c904f22359ea22,1.8.0,7cc5bc598cfd6850415c80c2a5f22423f37a7ce8561077a69366f06d0ab14b1d,True,3.14.3,2.11.0+cpu,2.4.3,1.3.0,3.1.0,not-installed,not-installed,0.2176000119537113,0.0,1.0,1.0,1690.0,0.0,0.0,0.0,0.0,1.0,0.07407407407407407,0.22233365597565455,0.7776663440243454,0.0,nan,nan,0.25723828728722936,nan,0.9259259259259259,0.9259259259259259,nan,0.07407407407407407,nan,nan,exact,306.0703703703703,409.8,neural,1690.0,6760.0,67600.0,nan,0.0,0.0,nan,,,,,,,,,,,,,,,
reviewer1_observation_shift_smoke,reviewer1_observation_shift_smoke,configs/reviewer1_remaining/smoke/observation_shift.yaml,Reviewer1-observation-shift-smoke,Reviewer1ObservationShift-v0,Reviewer1ObservationShift-v0,native_gymnasium_observation,count_gated_tau_20,11010,train,11958,,,11958,114,0.95,5,1.0,11958,716,0.0020499122356493534,0.032313477247953415,0,1,3,23.713680699998804,23.005141300003743,0.7085393999950611,23.005141300003743,0.7085393999950611,d1991e82fa1ea0337d3d6296e2c904f22359ea22,1.8.0,7cc5bc598cfd6850415c80c2a5f22423f37a7ce8561077a69366f06d0ab14b1d,True,3.14.3,2.11.0+cpu,2.4.3,1.3.0,3.1.0,not-installed,not-installed,0.21744810176282428,0.0,1.0,1.0,1691.0,0.0,0.0,0.0,0.0,1.0,0.2,0.09644268774703557,0.9035573122529644,0.0,nan,nan,0.10260773053777342,nan,0.8,0.8,nan,0.2,nan,nan,exact,428.62,518.1,neural,1691.0,6764.0,67640.0,nan,0.0,0.0,nan,,,,,,,,,,,,,,,
reviewer1_observation_shift_smoke,reviewer1_observation_shift_smoke,configs/reviewer1_remaining/smoke/observation_shift.yaml,Reviewer1-observation-shift-smoke,Reviewer1ObservationShift-v0,Reviewer1ObservationShift-v0,native_gymnasium_observation,count_gated_tau_20,11010,eval,12000,12000,-1.73,12000,1,-1.73,144,1.0,12000,719,0.0020427272233347633,0.032313477247953415,0,2,3,24.483535499995924,23.11355110000295,1.3699843999929726,23.11355110000295,1.3699843999929726,d1991e82fa1ea0337d3d6296e2c904f22359ea22,1.8.0,7cc5bc598cfd6850415c80c2a5f22423f37a7ce8561077a69366f06d0ab14b1d,True,3.14.3,2.11.0+cpu,2.4.3,1.3.0,3.1.0,not-installed,not-installed,0.21676691294842898,0.0,1.0,1.0,1700.0,0.0,0.0,0.0,0.0,1.0,1.0,0.0,1.0,0.0,nan,nan,0.0,nan,0.0,0.041666666666666664,nan,1.0,nan,nan,unsupported,618.4763888888889,553.55,neural,1700.0,6800.0,68000.0,nan,0.0,0.0,nan,0,2,2,3,0.028985507246376812,0.014492753623188406,0.4999999974999999,neural,tie,unavailable,nan,nan,1.0,all_observation_channels,71.5
reviewer1_observation_shift_smoke,reviewer1_observation_shift_smoke,configs/reviewer1_remaining/smoke/observation_shift.yaml,Reviewer1-observation-shift-smoke,Reviewer1ObservationShift-v0,Reviewer1ObservationShift-v0,native_gymnasium_observation,count_gated_tau_20,11010,eval,12000,12000,-3.0600000000000005,12000,2,-3.0600000000000005,160,0.0,12000,719,0.0020427272233347633,0.032313477247953415,0,2,3,24.484363299998222,23.11437890000525,1.3699843999929726,23.11437890000525,1.3699843999929726,d1991e82fa1ea0337d3d6296e2c904f22359ea22,1.8.0,7cc5bc598cfd6850415c80c2a5f22423f37a7ce8561077a69366f06d0ab14b1d,True,3.14.3,2.11.0+cpu,2.4.3,1.3.0,3.1.0,not-installed,not-installed,0.21676691294842898,0.0,1.0,1.0,1700.0,1.0,0.0,0.0,0.0,0.0,1.0,0.0,1.0,0.0,nan,nan,0.0,nan,0.0,0.0,nan,1.0,nan,nan,unsupported,523.9806249999999,470.0,neural,1700.0,6800.0,68000.0,nan,0.0,0.0,nan,0,3,3,1,0.0,0.0,0.4999999974999999,neural,tie,unavailable,nan,nan,1.0,all_observation_channels,79.5
reviewer1_observation_shift_smoke,reviewer1_observation_shift_smoke,configs/reviewer1_remaining/smoke/observation_shift.yaml,Reviewer1-observation-shift-smoke,Reviewer1ObservationShift-v0,Reviewer1ObservationShift-v0,native_gymnasium_observation,count_gated_tau_20,11010,eval,12000,12000,-0.3800000000000008,12000,3,-0.3800000000000008,77,1.0,12000,719,0.0020427272233347633,0.032313477247953415,0,2,3,24.484996699997282,23.11501230000431,1.3699843999929726,23.11501230000431,1.3699843999929726,d1991e82fa1ea0337d3d6296e2c904f22359ea22,1.8.0,7cc5bc598cfd6850415c80c2a5f22423f37a7ce8561077a69366f06d0ab14b1d,True,3.14.3,2.11.0+cpu,2.4.3,1.3.0,3.1.0,not-installed,not-installed,0.21676691294842898,0.0,1.0,1.0,1700.0,0.0,0.0,0.0,0.0,1.0,1.0,0.0,1.0,0.0,nan,nan,0.0,nan,0.0,0.012987012987012988,nan,1.0,nan,nan,unsupported,595.5792207792208,536.9,neural,1700.0,6800.0,68000.0,nan,0.0,0.0,nan,0,3,3,0,0.6153846153846154,0.23076923076923078,0.4999999974999998,neural,tabular,unavailable,nan,nan,1.0,all_observation_channels,38.0
reviewer1_observation_shift_smoke,reviewer1_observation_shift_smoke,configs/reviewer1_remaining/smoke/observation_shift.yaml,Reviewer1-observation-shift-smoke,Reviewer1ObservationShift-v0,Reviewer1ObservationShift-v0,native_gymnasium_observation,count_gated_tau_20,11010,eval,12000,12000,-3.070000000000002,12000,4,-3.070000000000002,160,0.0,12000,719,0.0020427272233347633,0.032313477247953415,0,2,3,24.48575329999585,23.115768900002877,1.3699843999929726,23.115768900002877,1.3699843999929726,d1991e82fa1ea0337d3d6296e2c904f22359ea22,1.8.0,7cc5bc598cfd6850415c80c2a5f22423f37a7ce8561077a69366f06d0ab14b1d,True,3.14.3,2.11.0+cpu,2.4.3,1.3.0,3.1.0,not-installed,not-installed,0.21676691294842898,0.0,1.0,1.0,1700.0,1.0,0.0,0.0,0.0,0.0,1.0,0.0,1.0,0.0,nan,nan,0.0,nan,0.0,0.0,nan,1.0,nan,nan,unsupported,548.998125,514.6500000000001,neural,1700.0,6800.0,68000.0,nan,0.0,0.0,nan,0,3,3,3,0.0,0.5714285714285714,0.4999999974999999,neural,neural,unavailable,nan,nan,1.0,all_observation_channels,79.5
reviewer1_observation_shift_smoke,reviewer1_observation_shift_smoke,configs/reviewer1_remaining/smoke/observation_shift.yaml,Reviewer1-observation-shift-smoke,Reviewer1ObservationShift-v0,Reviewer1ObservationShift-v0,native_gymnasium_observation,count_gated_tau_20,11010,eval,12020,12020,-2.3200000000000016,12020,1,-2.3200000000000016,160,0.0,12020,720,0.0020399682104147764,0.032313477247953415,0,3,3,25.2239167000007,23.15850830001,2.0654083999907016,23.15850830001,2.0654083999907016,d1991e82fa1ea0337d3d6296e2c904f22359ea22,1.8.0,7cc5bc598cfd6850415c80c2a5f22423f37a7ce8561077a69366f06d0ab14b1d,True,3.14.3,2.11.0+cpu,2.4.3,1.3.0,3.1.0,not-installed,not-installed,0.21643592028400735,0.0,1.0,1.0,1704.0,1.0,0.0,0.0,0.0,0.0,1.0,0.0,1.0,0.0,nan,nan,0.0,nan,0.0,0.475,nan,1.0,nan,nan,unsupported,507.77437499999996,465.79999999999995,neural,1704.0,6816.0,68160.0,nan,0.0,0.0,nan,0,0,0,2,0.28695652173913044,0.34782608695652173,0.4999999974999999,neural,tie,unavailable,nan,nan,1.0,all_observation_channels,99.5
reviewer1_observation_shift_smoke,reviewer1_observation_shift_smoke,configs/reviewer1_remaining/smoke/observation_shift.yaml,Reviewer1-observation-shift-smoke,Reviewer1ObservationShift-v0,Reviewer1ObservationShift-v0,native_gymnasium_observation,count_gated_tau_20,11010,eval,12020,12020,-3.030000000000001,12020,2,-3.030000000000001,160,0.0,12020,720,0.0020399682104147764,0.032313477247953415,0,3,3,25.224856399996497,23.159448000005796,2.0654083999907016,23.159448000005796,2.0654083999907016,d1991e82fa1ea0337d3d6296e2c904f22359ea22,1.8.0,7cc5bc598cfd6850415c80c2a5f22423f37a7ce8561077a69366f06d0ab14b1d,True,3.14.3,2.11.0+cpu,2.4.3,1.3.0,3.1.0,not-installed,not-installed,0.21643592028400735,0.0,1.0,1.0,1704.0,1.0,0.0,0.0,0.0,0.0,1.0,0.0,1.0,0.0,nan,nan,0.0,nan,0.0,0.01875,nan,1.0,nan,nan,unsupported,562.9662500000001,503.35,neural,1704.0,6816.0,68160.0,nan,0.0,0.0,nan,0,3,3,1,0.05434782608695652,0.043478260869565216,0.4999999974999999,neural,tie,unavailable,nan,nan,1.0,all_observation_channels,99.5
reviewer1_observation_shift_smoke,reviewer1_observation_shift_smoke,configs/reviewer1_remaining/smoke/observation_shift.yaml,Reviewer1-observation-shift-smoke,Reviewer1ObservationShift-v0,Reviewer1ObservationShift-v0,native_gymnasium_observation,count_gated_tau_20,11010,eval,12020,12020,-3.0700000000000003,12020,3,-3.0700000000000003,160,0.0,12020,720,0.0020399682104147764,0.032313477247953415,0,3,3,25.225414199994702,23.160005800004,2.0654083999907016,23.160005800004,2.0654083999907016,d1991e82fa1ea0337d3d6296e2c904f22359ea22,1.8.0,7cc5bc598cfd6850415c80c2a5f22423f37a7ce8561077a69366f06d0ab14b1d,True,3.14.3,2.11.0+cpu,2.4.3,1.3.0,3.1.0,not-installed,not-installed,0.21643592028400735,0.0,1.0,1.0,1704.0,1.0,0.0,0.0,0.0,0.0,1.0,0.0,1.0,0.0,nan,nan,0.0,nan,0.0,0.0,nan,1.0,nan,nan,unsupported,576.9256250000001,529.1,neural,1704.0,6816.0,68160.0,nan,0.0,0.0,nan,0,3,3,1,0.0,0.0,0.4999999974999999,neural,tie,unavailable,nan,nan,1.0,all_observation_channels,99.5
reviewer1_observation_shift_smoke,reviewer1_observation_shift_smoke,configs/reviewer1_remaining/smoke/observation_shift.yaml,Reviewer1-observation-shift-smoke,Reviewer1ObservationShift-v0,Reviewer1ObservationShift-v0,native_gymnasium_observation,count_gated_tau_20,11010,eval,12020,12020,-1.9000000000000015,12020,4,-1.9000000000000015,160,0.0,12020,720,0.0020399682104147764,0.032313477247953415,0,3,3,25.225897599993914,23.160489200003212,2.0654083999907016,23.160489200003212,2.0654083999907016,d1991e82fa1ea0337d3d6296e2c904f22359ea22,1.8.0,7cc5bc598cfd6850415c80c2a5f22423f37a7ce8561077a69366f06d0ab14b1d,True,3.14.3,2.11.0+cpu,2.4.3,1.3.0,3.1.0,not-installed,not-installed,0.21643592028400735,0.0,1.0,1.0,1704.0,1.0,0.0,0.0,0.0,0.0,1.0,0.0,1.0,0.0,nan,nan,0.0,nan,0.0,0.0,nan,1.0,nan,nan,unsupported,523.103125,472.65,neural,1704.0,6816.0,68160.0,nan,0.0,0.0,nan,0,0,0,2,0.0,0.4772727272727273,0.4999999974999999,neural,tie,unavailable,nan,nan,1.0,all_observation_channels,99.5
reviewer1_observation_shift_smoke,reviewer1_observation_shift_smoke,configs/reviewer1_remaining/smoke/observation_shift.yaml,Reviewer1-observation-shift-smoke,Reviewer1ObservationShift-v0,Reviewer1ObservationShift-v0,native_gymnasium_observation,count_gated_tau_20,11010,train,12020,,,12020,115,-0.8900000000000006,62,0.0,12020,720,0.0020399682104147764,0.032313477247953415,0,3,3,25.22848420000082,23.16307580001012,2.0654083999907016,23.16307580001012,2.0654083999907016,d1991e82fa1ea0337d3d6296e2c904f22359ea22,1.8.0,7cc5bc598cfd6850415c80c2a5f22423f37a7ce8561077a69366f06d0ab14b1d,True,3.14.3,2.11.0+cpu,2.4.3,1.3.0,3.1.0,not-installed,not-installed,0.21643592028400735,0.0,1.0,1.0,1704.0,1.0,0.0,0.0,0.0,0.0,0.1774193548387097,0.11428163349138346,0.8857183665086162,0.0,nan,nan,0.12593324603898914,nan,0.8225806451612904,0.8387096774193549,nan,0.1774193548387097,nan,nan,exact,331.1064516129032,416.55,neural,1704.0,6816.0,68160.0,nan,0.0,0.0,nan,,,,,,,,,,,,,,,
reviewer1_observation_shift_smoke,reviewer1_observation_shift_smoke,configs/reviewer1_remaining/smoke/observation_shift.yaml,Reviewer1-observation-shift-smoke,Reviewer1ObservationShift-v0,Reviewer1ObservationShift-v0,native_gymnasium_observation,count_gated_tau_20,11011,train,16,,,16,1,0.84,16,1.0,16,0,nan,nan,0,0,3,0.048506700004509185,0.048506700004509185,0.0,0.048506700004509185,0.0,d1991e82fa1ea0337d3d6296e2c904f22359ea22,1.8.0,7cc5bc598cfd6850415c80c2a5f22423f37a7ce8561077a69366f06d0ab14b1d,True,3.14.3,2.11.0+cpu,2.4.3,1.3.0,3.1.0,not-installed,not-installed,0.0,0.0,1.0,1.0,11.0,0.0,0.0,0.0,0.0,1.0,1.0,0.0,0.0,0.0,nan,nan,0.0,nan,0.0,0.0,nan,0.0,nan,nan,unsupported,25.0875,23.799999999999997,none,11.0,44.0,440.0,nan,0.0,0.0,nan,,,,,,,,,,,,,,,
reviewer1_observation_shift_smoke,reviewer1_observation_shift_smoke,configs/reviewer1_remaining/smoke/observation_shift.yaml,Reviewer1-observation-shift-smoke,Reviewer1ObservationShift-v0,Reviewer1ObservationShift-v0,native_gymnasium_observation,count_gated_tau_20,11011,train,176,,,176,2,-1.9600000000000015,160,0.0,176,0,nan,nan,0,0,3,0.2719020000004093,0.2719020000004093,0.0,0.2719020000004093,0.0,d1991e82fa1ea0337d3d6296e2c904f22359ea22,1.8.0,7cc5bc598cfd6850415c80c2a5f22423f37a7ce8561077a69366f06d0ab14b1d,True,3.14.3,2.11.0+cpu,2.4.3,1.3.0,3.1.0,not-installed,not-installed,0.0,0.0,1.0,1.0,37.0,1.0,0.0,0.0,0.0,0.0,1.0,0.0,0.0,0.0,nan,nan,0.0,nan,0.0,0.0,nan,0.0,nan,nan,unsupported,24.304375,22.1,none,37.0,148.0,1480.0,nan,0.0,0.0,nan,,,,,,,,,,,,,,,
reviewer1_observation_shift_smoke,reviewer1_observation_shift_smoke,configs/reviewer1_remaining/smoke/observation_shift.yaml,Reviewer1-observation-shift-smoke,Reviewer1ObservationShift-v0,Reviewer1ObservationShift-v0,native_gymnasium_observation,count_gated_tau_20,11011,train,177,,,177,3,1.0,1,1.0,177,0,nan,nan,0,0,3,0.27354360000026645,0.27354360000026645,0.0,0.27354360000026645,0.0,d1991e82fa1ea0337d3d6296e2c904f22359ea22,1.8.0,7cc5bc598cfd6850415c80c2a5f22423f37a7ce8561077a69366f06d0ab14b1d,True,3.14.3,2.11.0+cpu,2.4.3,1.3.0,3.1.0,not-installed,not-installed,0.0,0.0,1.0,1.0,38.0,0.0,0.0,0.0,0.0,1.0,1.0,0.0,0.0,0.0,nan,nan,0.0,nan,0.0,0.0,nan,0.0,nan,nan,unsupported,16.9,16.9,none,38.0,152.0,1520.0,nan,0.0,0.0,nan,,,,,,,,,,,,,,,
reviewer1_observation_shift_smoke,reviewer1_observation_shift_smoke,configs/reviewer1_remaining/smoke/observation_shift.yaml,Reviewer1-observation-shift-smoke,Reviewer1ObservationShift-v0,Reviewer1ObservationShift-v0,native_gymnasium_observation,count_gated_tau_20,11011,train,337,,,337,4,-1.9900000000000015,160,0.0,337,0,nan,nan,0,0,3,0.541293800000858,0.541293800000858,0.0,0.541293800000858,0.0,d1991e82fa1ea0337d3d6296e2c904f22359ea22,1.8.0,7cc5bc598cfd6850415c80c2a5f22423f37a7ce8561077a69366f06d0ab14b1d,True,3.14.3,2.11.0+cpu,2.4.3,1.3.0,3.1.0,not-installed,not-installed,0.21022727272727273,0.0,1.0,1.0,64.0,1.0,0.0,0.0,0.0,0.0,0.525,0.1390625,0.6421875,0.0,nan,nan,0.16536092783832163,nan,0.475,0.475,nan,0.30625,nan,nan,unsupported,42.761875,24.55,neural,64.0,256.0,2560.0,nan,0.0,0.0,nan,,,,,,,,,,,,,,,
reviewer1_observation_shift_smoke,reviewer1_observation_shift_smoke,configs/reviewer1_remaining/smoke/observation_shift.yaml,Reviewer1-observation-shift-smoke,Reviewer1ObservationShift-v0,Reviewer1ObservationShift-v0,native_gymnasium_observation,count_gated_tau_20,11011,train,497,,,497,5,-1.9900000000000015,160,0.0,497,0,nan,nan,0,0,3,0.7456182000023546,0.7456182000023546,0.0,0.7456182000023546,0.0,d1991e82fa1ea0337d3d6296e2c904f22359ea22,1.8.0,7cc5bc598cfd6850415c80c2a5f22423f37a7ce8561077a69366f06d0ab14b1d,True,3.14.3,2.11.0+cpu,2.4.3,1.3.0,3.1.0,not-installed,not-installed,0.20440047613960657,0.0,1.0,1.0,80.0,1.0,0.0,0.0,0.0,0.0,0.80625,0.045835781433607524,0.9541642185663924,0.0,nan,nan,0.05406864484741575,nan,0.19375,0.19375,nan,0.80625,nan,nan,unsupported,34.385625,21.75,neural,80.0,320.0,3200.0,nan,0.0,0.0,nan,,,,,,,,,,,,,,,
reviewer1_observation_shift_smoke,reviewer1_observation_shift_smoke,configs/reviewer1_remaining/smoke/observation_shift.yaml,Reviewer1-observation-shift-smoke,Reviewer1ObservationShift-v0,Reviewer1ObservationShift-v0,native_gymnasium_observation,count_gated_tau_20,11011,train,624,,,624,6,-0.6100000000000012,127,1.0,624,8,0.007215925754280761,0.01762315444648266,0,0,3,1.002711699999054,1.002711699999054,0.0,1.002711699999054,0.0,d1991e82fa1ea0337d3d6296e2c904f22359ea22,1.8.0,7cc5bc598cfd6850415c80c2a5f22423f37a7ce8561077a69366f06d0ab14b1d,True,3.14.3,2.11.0+cpu,2.4.3,1.3.0,3.1.0,not-installed,not-installed,0.14784223805962937,0.0,1.0,1.0,115.0,0.0,0.0,0.0,0.0,1.0,0.11023622047244094,0.10366638952739601,0.8963336104726041,0.0,nan,nan,0.11039441850811811,nan,0.889763779527559,0.889763779527559,nan,0.11023622047244094,nan,nan,exact,38.22677165354331,24.3,neural,115.0,460.0,4600.0,nan,0.0,0.0,nan,,,,,,,,,,,,,,,
reviewer1_observation_shift_smoke,reviewer1_observation_shift_smoke,configs/reviewer1_remaining/smoke/observation_shift.yaml,Reviewer1-observation-shift-smoke,Reviewer1ObservationShift-v0,Reviewer1ObservationShift-v0,native_gymnasium_observation,count_gated_tau_20,11011,train,626,,,626,7,0.99,2,1.0,626,8,0.007215925754280761,0.01762315444648266,0,0,3,1.006339300001855,1.006339300001855,0.0,1.006339300001855,0.0,d1991e82fa1ea0337d3d6296e2c904f22359ea22,1.8.0,7cc5bc598cfd6850415c80c2a5f22423f37a7ce8561077a69366f06d0ab14b1d,True,3.14.3,2.11.0+cpu,2.4.3,1.3.0,3.1.0,not-installed,not-installed,0.14784223805962937,0.0,1.0,1.0,117.0,0.0,0.0,0.0,0.0,1.0,1.0,0.0,1.0,0.0,nan,nan,0.0,nan,0.0,0.0,nan,1.0,nan,nan,unsupported,23.0,23.0,neural,117.0,468.0,4680.0,nan,0.0,0.0,nan,,,,,,,,,,,,,,,
reviewer1_observation_shift_smoke,reviewer1_observation_shift_smoke,configs/reviewer1_remaining/smoke/observation_shift.yaml,Reviewer1-observation-shift-smoke,Reviewer1ObservationShift-v0,Reviewer1ObservationShift-v0,native_gymnasium_observation,count_gated_tau_20,11011,train,786,,,786,8,-1.9700000000000015,160,0.0,786,18,0.004327625307875375,0.01762315444648266,0,0,3,1.2973603999998886,1.2973603999998886,0.0,1.2973603999998886,0.0,d1991e82fa1ea0337d3d6296e2c904f22359ea22,1.8.0,7cc5bc598cfd6850415c80c2a5f22423f37a7ce8561077a69366f06d0ab14b1d,True,3.14.3,2.11.0+cpu,2.4.3,1.3.0,3.1.0,not-installed,not-installed,0.13407143026708243,0.0,1.0,1.0,157.0,1.0,0.0,0.0,0.0,0.0,0.76875,0.03016304347826087,0.9698369565217393,0.0,nan,nan,0.03221128045170538,nan,0.23125,0.23125,nan,0.76875,nan,nan,unsupported,31.798125000000006,23.5,neural,157.0,628.0,6280.0,nan,0.0,0.0,nan,,,,,,,,,,,,,,,
reviewer1_observation_shift_smoke,reviewer1_observation_shift_smoke,configs/reviewer1_remaining/smoke/observation_shift.yaml,Reviewer1-observation-shift-smoke,Reviewer1ObservationShift-v0,Reviewer1ObservationShift-v0,native_gymnasium_observation,count_gated_tau_20,11011,train,946,,,946,9,-2.1,160,0.0,946,28,0.0037937367856751996,0.01762315444648266,0,0,3,1.601785500002734,1.601785500002734,0.0,1.601785500002734,0.0,d1991e82fa1ea0337d3d6296e2c904f22359ea22,1.8.0,7cc5bc598cfd6850415c80c2a5f22423f37a7ce8561077a69366f06d0ab14b1d,True,3.14.3,2.11.0+cpu,2.4.3,1.3.0,3.1.0,not-installed,not-installed,0.13752719851118023,0.0,1.0,1.0,183.0,1.0,0.0,0.0,0.0,0.0,0.04375,0.15259152079804253,0.8474084792019575,0.0,nan,nan,0.16715199708394474,nan,0.95625,0.95625,nan,0.04375,nan,nan,exact,49.40875,23.8,neural,183.0,732.0,7320.0,nan,0.0,0.0,nan,,,,,,,,,,,,,,,
reviewer1_observation_shift_smoke,reviewer1_observation_shift_smoke,configs/reviewer1_remaining/smoke/observation_shift.yaml,Reviewer1-observation-shift-smoke,Reviewer1ObservationShift-v0,Reviewer1ObservationShift-v0,native_gymnasium_observation,count_gated_tau_20,11011,train,1106,,,1106,10,-1.9700000000000015,160,0.0,1106,38,0.003172797184992018,0.01762315444648266,0,0,3,1.8921951000011177,1.8921951000011177,0.0,1.8921951000011177,0.0,d1991e82fa1ea0337d3d6296e2c904f22359ea22,1.8.0,7cc5bc598cfd6850415c80c2a5f22423f37a7ce8561077a69366f06d0ab14b1d,True,3.14.3,2.11.0+cpu,2.4.3,1.3.0,3.1.0,not-installed,not-installed,0.15938709710238463,0.0,1.0,1.0,200.0,1.0,0.0,0.0,0.0,0.0,0.0,0.2595566811928138,0.7404433188071864,0.0,nan,nan,0.30317836619437893,nan,1.0,1.0,nan,0.0,nan,nan,exact,54.34625000000001,24.55,neural,200.0,800.0,8000.0,nan,0.0,0.0,nan,,,,,,,,,,,,,,,
reviewer1_observation_shift_smoke,reviewer1_observation_shift_smoke,configs/reviewer1_remaining/smoke/observation_shift.yaml,Reviewer1-observation-shift-smoke,Reviewer1ObservationShift-v0,Reviewer1ObservationShift-v0,native_gymnasium_observation,count_gated_tau_20,11011,train,1266,,,1266,11,-1.9400000000000013,160,0.0,1266,48,0.002765297889103143,0.01762315444648266,0,0,3,2.183093200001167,2.183093200001167,0.0,2.183093200001167,0.0,d1991e82fa1ea0337d3d6296e2c904f22359ea22,1.8.0,7cc5bc598cfd6850415c80c2a5f22423f37a7ce8561077a69366f06d0ab14b1d,True,3.14.3,2.11.0+cpu,2.4.3,1.3.0,3.1.0,not-installed,not-installed,0.13573879518214454,0.0,1.0,1.0,241.0,1.0,0.0,0.0,0.0,0.0,0.09375,0.10934129276520584,0.8906587072347942,0.0,nan,nan,0.11710697887152655,nan,0.90625,0.90625,nan,0.09375,nan,nan,exact,64.405,24.5,neural,241.0,964.0,9640.0,nan,0.0,0.0,nan,,,,,,,,,,,,,,,
reviewer1_observation_shift_smoke,reviewer1_observation_shift_smoke,configs/reviewer1_remaining/smoke/observation_shift.yaml,Reviewer1-observation-shift-smoke,Reviewer1ObservationShift-v0,Reviewer1ObservationShift-v0,native_gymnasium_observation,count_gated_tau_20,11011,train,1426,,,1426,12,-2.1499999999999995,160,0.0,1426,58,0.002535423838457189,0.01762315444648266,0,0,3,2.551763100003882,2.551763100003882,0.0,2.551763100003882,0.0,d1991e82fa1ea0337d3d6296e2c904f22359ea22,1.8.0,7cc5bc598cfd6850415c80c2a5f22423f37a7ce8561077a69366f06d0ab14b1d,True,3.14.3,2.11.0+cpu,2.4.3,1.3.0,3.1.0,not-installed,not-installed,0.15523102011352288,0.0,1.0,1.0,258.0,1.0,0.0,0.0,0.0,0.0,0.0,0.24898061447960643,0.7510193855203937,0.0,nan,nan,0.2903922062039074,nan,1.0,1.0,nan,0.0,nan,nan,exact,64.38499999999999,25.200000000000003,neural,258.0,1032.0,10320.0,nan,0.0,0.0,nan,,,,,,,,,,,,,,,
reviewer1_observation_shift_smoke,reviewer1_observation_shift_smoke,configs/reviewer1_remaining/smoke/observation_shift.yaml,Reviewer1-observation-shift-smoke,Reviewer1ObservationShift-v0,Reviewer1ObservationShift-v0,native_gymnasium_observation,count_gated_tau_20,11011,train,1586,,,1586,13,-2.08,160,0.0,1586,68,0.0021715167438688854,0.01762315444648266,0,0,3,2.878901500000211,2.878901500000211,0.0,2.878901500000211,0.0,d1991e82fa1ea0337d3d6296e2c904f22359ea22,1.8.0,7cc5bc598cfd6850415c80c2a5f22423f37a7ce8561077a69366f06d0ab14b1d,True,3.14.3,2.11.0+cpu,2.4.3,1.3.0,3.1.0,not-installed,not-installed,0.15282746565933494,0.0,1.0,1.0,296.0,1.0,0.0,0.0,0.0,0.0,0.0875,0.18378458498023711,0.8162154150197629,0.0,nan,nan,0.2065144110086817,nan,0.9125,0.9125,nan,0.0875,nan,nan,exact,51.4875,24.4,neural,296.0,1184.0,11840.0,nan,0.0,0.0,nan,,,,,,,,,,,,,,,
reviewer1_observation_shift_smoke,reviewer1_observation_shift_smoke,configs/reviewer1_remaining/smoke/observation_shift.yaml,Reviewer1-observation-shift-smoke,Reviewer1ObservationShift-v0,Reviewer1ObservationShift-v0,native_gymnasium_observation,count_gated_tau_20,11011,train,1634,,,1634,14,0.46999999999999975,48,1.0,1634,71,0.0020854370414128145,0.01762315444648266,0,0,3,2.940182400001504,2.940182400001504,0.0,2.940182400001504,0.0,d1991e82fa1ea0337d3d6296e2c904f22359ea22,1.8.0,7cc5bc598cfd6850415c80c2a5f22423f37a7ce8561077a69366f06d0ab14b1d,True,3.14.3,2.11.0+cpu,2.4.3,1.3.0,3.1.0,not-installed,not-installed,0.15019250935486367,0.0,1.0,1.0,314.0,0.0,0.0,0.0,0.0,1.0,1.0,0.0,1.0,0.0,nan,nan,0.0,nan,0.0,0.0,nan,1.0,nan,nan,unsupported,32.89791666666667,21.049999999999997,neural,314.0,1256.0,12560.0,nan,0.0,0.0,nan,,,,,,,,,,,,,,,
reviewer1_observation_shift_smoke,reviewer1_observation_shift_smoke,configs/reviewer1_remaining/smoke/observation_shift.yaml,Reviewer1-observation-shift-smoke,Reviewer1ObservationShift-v0,Reviewer1ObservationShift-v0,native_gymnasium_observation,count_gated_tau_20,11011,train,1794,,,1794,15,-1.8800000000000014,160,0.0,1794,81,0.0019847415443996676,0.01762315444648266,0,0,3,3.2624434000026667,3.2624434000026667,0.0,3.2624434000026667,0.0,d1991e82fa1ea0337d3d6296e2c904f22359ea22,1.8.0,7cc5bc598cfd6850415c80c2a5f22423f37a7ce8561077a69366f06d0ab14b1d,True,3.14.3,2.11.0+cpu,2.4.3,1.3.0,3.1.0,not-installed,not-installed,0.17215916906823847,0.0,1.0,1.0,331.0,1.0,0.0,0.0,0.0,0.0,0.0875,0.18054872423753493,0.819451275762465,0.0,nan,nan,0.2063013794124992,nan,0.9125,0.9125,nan,0.0875,nan,nan,exact,87.1925,25.9,neural,331.0,1324.0,13240.0,nan,0.0,0.0,nan,,,,,,,,,,,,,,,
reviewer1_observation_shift_smoke,reviewer1_observation_shift_smoke,configs/reviewer1_remaining/smoke/observation_shift.yaml,Reviewer1-observation-shift-smoke,Reviewer1ObservationShift-v0,Reviewer1ObservationShift-v0,native_gymnasium_observation,count_gated_tau_20,11011,train,1954,,,1954,16,-1.8800000000000014,160,0.0,1954,91,0.0017770023805296859,0.01762315444648266,0,0,3,3.543879400000151,3.543879400000151,0.0,3.543879400000151,0.0,d1991e82fa1ea0337d3d6296e2c904f22359ea22,1.8.0,7cc5bc598cfd6850415c80c2a5f22423f37a7ce8561077a69366f06d0ab14b1d,True,3.14.3,2.11.0+cpu,2.4.3,1.3.0,3.1.0,not-installed,not-installed,0.1646426929178697,0.0,1.0,1.0,371.0,1.0,0.0,0.0,0.0,0.0,0.175,0.18485196573652346,0.8151480342634766,0.0,nan,nan,0.21268657147953768,nan,0.825,0.825,nan,0.175,nan,nan,exact,68.11375000000001,24.75,neural,371.0,1484.0,14840.0,nan,0.0,0.0,nan,,,,,,,,,,,,,,,
reviewer1_observation_shift_smoke,reviewer1_observation_shift_smoke,configs/reviewer1_remaining/smoke/observation_shift.yaml,Reviewer1-observation-shift-smoke,Reviewer1ObservationShift-v0,Reviewer1ObservationShift-v0,native_gymnasium_observation,count_gated_tau_20,11011,train,2049,,,2049,17,-0.21000000000000085,95,1.0,2049,97,0.0016780372436712532,0.01762315444648266,0,0,3,3.6942785999999614,3.6942785999999614,0.0,3.6942785999999614,0.0,d1991e82fa1ea0337d3d6296e2c904f22359ea22,1.8.0,7cc5bc598cfd6850415c80c2a5f22423f37a7ce8561077a69366f06d0ab14b1d,True,3.14.3,2.11.0+cpu,2.4.3,1.3.0,3.1.0,not-installed,not-installed,0.17245256152495855,0.0,1.0,1.0,382.0,0.0,0.0,0.0,0.0,1.0,0.021052631578947368,0.27315845001475875,0.7268415499852411,0.0,nan,nan,0.3235861569063799,nan,0.9789473684210527,0.9789473684210527,nan,0.021052631578947368,nan,nan,exact,70.21263157894735,23.1,neural,382.0,1528.0,15280.0,nan,0.0,0.0,nan,,,,,,,,,,,,,,,
reviewer1_observation_shift_smoke,reviewer1_observation_shift_smoke,configs/reviewer1_remaining/smoke/observation_shift.yaml,Reviewer1-observation-shift-smoke,Reviewer1ObservationShift-v0,Reviewer1ObservationShift-v0,native_gymnasium_observation,count_gated_tau_20,11011,train,2209,,,2209,18,-1.9700000000000015,160,0.0,2209,107,0.0015248330159877942,0.01762315444648266,0,0,3,4.060811200004537,4.060811200004537,0.0,4.060811200004537,0.0,d1991e82fa1ea0337d3d6296e2c904f22359ea22,1.8.0,7cc5bc598cfd6850415c80c2a5f22423f37a7ce8561077a69366f06d0ab14b1d,True,3.14.3,2.11.0+cpu,2.4.3,1.3.0,3.1.0,not-installed,not-installed,0.17919726907783554,0.0,1.0,1.0,408.0,1.0,0.0,0.0,0.0,0.0,0.34375,0.15628320850397315,0.843716791496027,0.0,nan,nan,0.18009860108909032,nan,0.65625,0.65625,nan,0.34375,nan,nan,exact,91.36999999999999,26.65,neural,408.0,1632.0,16320.0,nan,0.0,0.0,nan,,,,,,,,,,,,,,,
reviewer1_observation_shift_smoke,reviewer1_observation_shift_smoke,configs/reviewer1_remaining/smoke/observation_shift.yaml,Reviewer1-observation-shift-smoke,Reviewer1ObservationShift-v0,Reviewer1ObservationShift-v0,native_gymnasium_observation,count_gated_tau_20,11011,train,2212,,,2212,19,0.97,3,1.0,2212,107,0.0015248330159877942,0.01762315444648266,0,0,3,4.064467300006072,4.064467300006072,0.0,4.064467300006072,0.0,d1991e82fa1ea0337d3d6296e2c904f22359ea22,1.8.0,7cc5bc598cfd6850415c80c2a5f22423f37a7ce8561077a69366f06d0ab14b1d,True,3.14.3,2.11.0+cpu,2.4.3,1.3.0,3.1.0,not-installed,not-installed,0.17919726907783554,0.0,1.0,1.0,410.0,0.0,0.0,0.0,0.0,1.0,1.0,0.0,1.0,0.0,nan,nan,0.0,nan,0.0,0.0,nan,1.0,nan,nan,unsupported,20.599999999999998,20.7,neural,410.0,1640.0,16400.0,nan,0.0,0.0,nan,,,,,,,,,,,,,,,
reviewer1_observation_shift_smoke,reviewer1_observation_shift_smoke,configs/reviewer1_remaining/smoke/observation_shift.yaml,Reviewer1-observation-shift-smoke,Reviewer1ObservationShift-v0,Reviewer1ObservationShift-v0,native_gymnasium_observation,count_gated_tau_20,11011,train,2372,,,2372,20,-1.9400000000000015,160,0.0,2372,117,0.0017163848334060968,0.01762315444648266,0,0,3,4.431813000002876,4.431813000002876,0.0,4.431813000002876,0.0,d1991e82fa1ea0337d3d6296e2c904f22359ea22,1.8.0,7cc5bc598cfd6850415c80c2a5f22423f37a7ce8561077a69366f06d0ab14b1d,True,3.14.3,2.11.0+cpu,2.4.3,1.3.0,3.1.0,not-installed,not-installed,0.17195647664956382,0.0,1.0,1.0,433.0,1.0,0.0,0.0,0.0,0.0,0.14375,0.12538735869882794,0.8746126413011719,0.0,nan,nan,0.13851903438795388,nan,0.85625,0.85625,nan,0.14375,nan,nan,exact,105.22312500000001,29.1,neural,433.0,1732.0,17320.0,nan,0.0,0.0,nan,,,,,,,,,,,,,,,
reviewer1_observation_shift_smoke,reviewer1_observation_shift_smoke,configs/reviewer1_remaining/smoke/observation_shift.yaml,Reviewer1-observation-shift-smoke,Reviewer1ObservationShift-v0,Reviewer1ObservationShift-v0,native_gymnasium_observation,count_gated_tau_20,11011,train,2393,,,2393,21,0.72,21,1.0,2393,118,0.0017044069840637147,0.01762315444648266,0,0,3,4.458796300001268,4.458796300001268,0.0,4.458796300001268,0.0,d1991e82fa1ea0337d3d6296e2c904f22359ea22,1.8.0,7cc5bc598cfd6850415c80c2a5f22423f37a7ce8561077a69366f06d0ab14b1d,True,3.14.3,2.11.0+cpu,2.4.3,1.3.0,3.1.0,not-installed,not-installed,0.17120824751179506,0.0,1.0,1.0,435.0,0.0,0.0,0.0,0.0,1.0,0.0,0.1337474120082816,0.8662525879917184,0.0,nan,nan,0.14319236611559233,nan,1.0,1.0,nan,0.0,nan,nan,exact,146.05238095238096,23.5,neural,435.0,1740.0,17400.0,nan,0.0,0.0,nan,,,,,,,,,,,,,,,
reviewer1_observation_shift_smoke,reviewer1_observation_shift_smoke,configs/reviewer1_remaining/smoke/observation_shift.yaml,Reviewer1-observation-shift-smoke,Reviewer1ObservationShift-v0,Reviewer1ObservationShift-v0,native_gymnasium_observation,count_gated_tau_20,11011,train,2553,,,2553,22,-2.0400000000000005,160,0.0,2553,128,0.001580234233259148,0.01762315444648266,0,0,3,4.722314600003301,4.722314600003301,0.0,4.722314600003301,0.0,d1991e82fa1ea0337d3d6296e2c904f22359ea22,1.8.0,7cc5bc598cfd6850415c80c2a5f22423f37a7ce8561077a69366f06d0ab14b1d,True,3.14.3,2.11.0+cpu,2.4.3,1.3.0,3.1.0,not-installed,not-installed,0.16541812084332805,0.0,1.0,1.0,453.0,1.0,0.0,0.0,0.0,0.0,0.11875,0.12623245414006284,0.8737675458599371,0.0,nan,nan,0.13933406581074131,nan,0.88125,0.88125,nan,0.11875,nan,nan,exact,86.761875,23.55,neural,453.0,1812.0,18120.0,nan,0.0,0.0,nan,,,,,,,,,,,,,,,
reviewer1_observation_shift_smoke,reviewer1_observation_shift_smoke,configs/reviewer1_remaining/smoke/observation_shift.yaml,Reviewer1-observation-shift-smoke,Reviewer1ObservationShift-v0,Reviewer1ObservationShift-v0,native_gymnasium_observation,count_gated_tau_20,11011,train,2713,,,2713,23,-1.8400000000000014,160,0.0,2713,138,0.0014738235749314629,0.01762315444648266,0,0,3,5.115192400000524,5.115192400000524,0.0,5.115192400000524,0.0,d1991e82fa1ea0337d3d6296e2c904f22359ea22,1.8.0,7cc5bc598cfd6850415c80c2a5f22423f37a7ce8561077a69366f06d0ab14b1d,True,3.14.3,2.11.0+cpu,2.4.3,1.3.0,3.1.0,not-installed,not-installed,0.169259016692945,0.0,1.0,1.0,473.0,1.0,0.0,0.0,0.0,0.0,0.0375,0.19359745774494047,0.8064025422550595,0.0,nan,nan,0.21924833795973447,nan,0.9625,0.9625,nan,0.0375,nan,nan,exact,86.68562499999999,26.05,neural,473.0,1892.0,18920.0,nan,0.0,0.0,nan,,,,,,,,,,,,,,,
reviewer1_observation_shift_smoke,reviewer1_observation_shift_smoke,configs/reviewer1_remaining/smoke/observation_shift.yaml,Reviewer1-observation-shift-smoke,Reviewer1ObservationShift-v0,Reviewer1ObservationShift-v0,native_gymnasium_observation,count_gated_tau_20,11011,train,2873,,,2873,24,-1.9800000000000015,160,0.0,2873,148,0.0013781475988892183,0.01762315444648266,0,0,3,5.440636999999697,5.440636999999697,0.0,5.440636999999697,0.0,d1991e82fa1ea0337d3d6296e2c904f22359ea22,1.8.0,7cc5bc598cfd6850415c80c2a5f22423f37a7ce8561077a69366f06d0ab14b1d,True,3.14.3,2.11.0+cpu,2.4.3,1.3.0,3.1.0,not-installed,not-installed,0.17471502497155564,0.0,1.0,1.0,489.0,1.0,0.0,0.0,0.0,0.0,0.09375,0.23556060365009154,0.7644393963499084,0.0,nan,nan,0.27738221518224954,nan,0.90625,0.90625,nan,0.09375,nan,nan,exact,104.300625,24.35,neural,489.0,1956.0,19560.0,nan,0.0,0.0,nan,,,,,,,,,,,,,,,
reviewer1_observation_shift_smoke,reviewer1_observation_shift_smoke,configs/reviewer1_remaining/smoke/observation_shift.yaml,Reviewer1-observation-shift-smoke,Reviewer1ObservationShift-v0,Reviewer1ObservationShift-v0,native_gymnasium_observation,count_gated_tau_20,11011,train,3033,,,3033,25,-2.020000000000001,160,0.0,3033,158,0.0012931311457693101,0.01762315444648266,0,0,3,5.706204800000705,5.706204800000705,0.0,5.706204800000705,0.0,d1991e82fa1ea0337d3d6296e2c904f22359ea22,1.8.0,7cc5bc598cfd6850415c80c2a5f22423f37a7ce8561077a69366f06d0ab14b1d,True,3.14.3,2.11.0+cpu,2.4.3,1.3.0,3.1.0,not-installed,not-installed,0.17154099439002965,0.0,1.0,1.0,521.0,1.0,0.0,0.0,0.0,0.0,0.08125,0.16506543966396708,0.834934560336033,0.0,nan,nan,0.18781192768716626,nan,0.91875,0.91875,nan,0.08125,nan,nan,exact,88.795625,23.65,neural,521.0,2084.0,20840.0,nan,0.0,0.0,nan,,,,,,,,,,,,,,,
reviewer1_observation_shift_smoke,reviewer1_observation_shift_smoke,configs/reviewer1_remaining/smoke/observation_shift.yaml,Reviewer1-observation-shift-smoke,Reviewer1ObservationShift-v0,Reviewer1ObservationShift-v0,native_gymnasium_observation,count_gated_tau_20,11011,train,3036,,,3036,26,0.98,3,1.0,3036,158,0.0012931311457693101,0.01762315444648266,0,0,3,5.711391299999377,5.711391299999377,0.0,5.711391299999377,0.0,d1991e82fa1ea0337d3d6296e2c904f22359ea22,1.8.0,7cc5bc598cfd6850415c80c2a5f22423f37a7ce8561077a69366f06d0ab14b1d,True,3.14.3,2.11.0+cpu,2.4.3,1.3.0,3.1.0,not-installed,not-installed,0.17094233764234376,0.0,1.0,1.0,523.0,0.0,0.0,0.0,0.0,1.0,0.0,0.12698412698412698,0.873015873015873,0.0,nan,nan,0.13710302311444078,nan,1.0,1.0,nan,0.0,nan,nan,exact,178.39999999999998,41.7,neural,523.0,2092.0,20920.0,nan,0.0,0.0,nan,,,,,,,,,,,,,,,
reviewer1_observation_shift_smoke,reviewer1_observation_shift_smoke,configs/reviewer1_remaining/smoke/observation_shift.yaml,Reviewer1-observation-shift-smoke,Reviewer1ObservationShift-v0,Reviewer1ObservationShift-v0,native_gymnasium_observation,count_gated_tau_20,11011,train,3196,,,3196,27,-1.8900000000000015,160,0.0,3196,168,0.001219520311018468,0.01762315444648266,0,0,3,5.945826499999384,5.945826499999384,0.0,5.945826499999384,0.0,d1991e82fa1ea0337d3d6296e2c904f22359ea22,1.8.0,7cc5bc598cfd6850415c80c2a5f22423f37a7ce8561077a69366f06d0ab14b1d,True,3.14.3,2.11.0+cpu,2.4.3,1.3.0,3.1.0,not-installed,not-installed,0.1765146675110723,0.0,1.0,1.0,526.0,1.0,0.0,0.0,0.0,0.0,0.0,0.22462675692978476,0.7753732430702153,0.0,nan,nan,0.25866821804973544,nan,1.0,1.0,nan,0.0,nan,nan,exact,66.821875,23.7,neural,526.0,2104.0,21040.0,nan,0.0,0.0,nan,,,,,,,,,,,,,,,
reviewer1_observation_shift_smoke,reviewer1_observation_shift_smoke,configs/reviewer1_remaining/smoke/observation_shift.yaml,Reviewer1-observation-shift-smoke,Reviewer1ObservationShift-v0,Reviewer1ObservationShift-v0,native_gymnasium_observation,count_gated_tau_20,11011,train,3356,,,3356,28,-2.0900000000000003,160,0.0,3356,178,0.0012240537152025722,0.01762315444648266,0,0,3,6.197439200004737,6.197439200004737,0.0,6.197439200004737,0.0,d1991e82fa1ea0337d3d6296e2c904f22359ea22,1.8.0,7cc5bc598cfd6850415c80c2a5f22423f37a7ce8561077a69366f06d0ab14b1d,True,3.14.3,2.11.0+cpu,2.4.3,1.3.0,3.1.0,not-installed,not-installed,0.1895011124946021,0.0,1.0,1.0,539.0,1.0,0.0,0.0,0.0,0.0,0.03125,0.30475582628514,0.69524417371486,0.0,nan,nan,0.3672547723033958,nan,0.96875,0.96875,nan,0.03125,nan,nan,exact,103.495,23.65,neural,539.0,2156.0,21560.0,nan,0.0,0.0,nan,,,,,,,,,,,,,,,
reviewer1_observation_shift_smoke,reviewer1_observation_shift_smoke,configs/reviewer1_remaining/smoke/observation_shift.yaml,Reviewer1-observation-shift-smoke,Reviewer1ObservationShift-v0,Reviewer1ObservationShift-v0,native_gymnasium_observation,count_gated_tau_20,11011,train,3451,,,3451,29,-0.17000000000000082,95,1.0,3451,184,0.001187427588557393,0.01762315444648266,0,0,3,6.349870900005044,6.349870900005044,0.0,6.349870900005044,0.0,d1991e82fa1ea0337d3d6296e2c904f22359ea22,1.8.0,7cc5bc598cfd6850415c80c2a5f22423f37a7ce8561077a69366f06d0ab14b1d,True,3.14.3,2.11.0+cpu,2.4.3,1.3.0,3.1.0,not-installed,not-installed,0.18290544104118864,0.0,1.0,1.0,564.0,0.0,0.0,0.0,0.0,1.0,0.14736842105263157,0.07572846680398168,0.9242715331960182,0.0,nan,nan,0.0808253649959394,nan,0.8526315789473684,0.8526315789473684,nan,0.14736842105263157,nan,nan,exact,125.59473684210528,22.7,neural,564.0,2256.0,22560.0,nan,0.0,0.0,nan,,,,,,,,,,,,,,,
reviewer1_observation_shift_smoke,reviewer1_observation_shift_smoke,configs/reviewer1_remaining/smoke/observation_shift.yaml,Reviewer1-observation-shift-smoke,Reviewer1ObservationShift-v0,Reviewer1ObservationShift-v0,native_gymnasium_observation,count_gated_tau_20,11011,train,3474,,,3474,30,0.7699999999999999,23,1.0,3474,186,0.0011751135666942304,0.01762315444648266,0,0,3,6.381333400000585,6.381333400000585,0.0,6.381333400000585,0.0,d1991e82fa1ea0337d3d6296e2c904f22359ea22,1.8.0,7cc5bc598cfd6850415c80c2a5f22423f37a7ce8561077a69366f06d0ab14b1d,True,3.14.3,2.11.0+cpu,2.4.3,1.3.0,3.1.0,not-installed,not-installed,0.1808177290860638,0.0,1.0,1.0,570.0,0.0,0.0,0.0,0.0,1.0,0.0,0.07536068216597515,0.9246393178340249,0.0,nan,nan,0.0787311147344929,nan,1.0,1.0,nan,0.0,nan,nan,exact,150.2173913043478,20.8,neural,570.0,2280.0,22800.0,nan,0.0,0.0,nan,,,,,,,,,,,,,,,
reviewer1_observation_shift_smoke,reviewer1_observation_shift_smoke,configs/reviewer1_remaining/smoke/observation_shift.yaml,Reviewer1-observation-shift-smoke,Reviewer1ObservationShift-v0,Reviewer1ObservationShift-v0,native_gymnasium_observation,count_gated_tau_20,11011,train,3475,,,3475,31,1.0,1,1.0,3475,186,0.0011751135666942304,0.01762315444648266,0,0,3,6.382988800003659,6.382988800003659,0.0,6.382988800003659,0.0,d1991e82fa1ea0337d3d6296e2c904f22359ea22,1.8.0,7cc5bc598cfd6850415c80c2a5f22423f37a7ce8561077a69366f06d0ab14b1d,True,3.14.3,2.11.0+cpu,2.4.3,1.3.0,3.1.0,not-installed,not-installed,0.1808177290860638,0.0,1.0,1.0,571.0,0.0,0.0,0.0,0.0,1.0,0.0,0.13043478260869565,0.8695652173913043,0.0,nan,nan,0.1392920235749422,nan,1.0,1.0,nan,0.0,nan,nan,exact,13.4,13.4,neural,571.0,2284.0,22840.0,nan,0.0,0.0,nan,,,,,,,,,,,,,,,
reviewer1_observation_shift_smoke,reviewer1_observation_shift_smoke,configs/reviewer1_remaining/smoke/observation_shift.yaml,Reviewer1-observation-shift-smoke,Reviewer1ObservationShift-v0,Reviewer1ObservationShift-v0,native_gymnasium_observation,count_gated_tau_20,11011,train,3635,,,3635,32,-1.9800000000000015,160,0.0,3635,196,0.0012535029801460486,0.01762315444648266,0,0,3,6.786373100003402,6.786373100003402,0.0,6.786373100003402,0.0,d1991e82fa1ea0337d3d6296e2c904f22359ea22,1.8.0,7cc5bc598cfd6850415c80c2a5f22423f37a7ce8561077a69366f06d0ab14b1d,True,3.14.3,2.11.0+cpu,2.4.3,1.3.0,3.1.0,not-installed,not-installed,0.19706284270003824,0.0,1.0,1.0,577.0,1.0,0.0,0.0,0.0,0.0,0.05,0.362680381754037,0.637319618245963,0.0,nan,nan,0.44702276489919834,nan,0.95,0.95,nan,0.05,nan,nan,exact,131.039375,27.8,neural,577.0,2308.0,23080.0,nan,0.0,0.0,nan,,,,,,,,,,,,,,,
reviewer1_observation_shift_smoke,reviewer1_observation_shift_smoke,configs/reviewer1_remaining/smoke/observation_shift.yaml,Reviewer1-observation-shift-smoke,Reviewer1ObservationShift-v0,Reviewer1ObservationShift-v0,native_gymnasium_observation,count_gated_tau_20,11011,train,3795,,,3795,33,-1.9500000000000015,160,0.0,3795,206,0.001259941413982498,0.01762315444648266,0,0,3,7.104948400003195,7.104948400003195,0.0,7.104948400003195,0.0,d1991e82fa1ea0337d3d6296e2c904f22359ea22,1.8.0,7cc5bc598cfd6850415c80c2a5f22423f37a7ce8561077a69366f06d0ab14b1d,True,3.14.3,2.11.0+cpu,2.4.3,1.3.0,3.1.0,not-installed,not-installed,0.19115095954172032,0.0,1.0,1.0,604.0,1.0,0.0,0.0,0.0,0.0,0.16875,0.14221027415608162,0.8577897258439184,0.0,nan,nan,0.1599032569691422,nan,0.83125,0.83125,nan,0.16875,nan,nan,exact,176.4275,28.05,neural,604.0,2416.0,24160.0,nan,0.0,0.0,nan,,,,,,,,,,,,,,,
reviewer1_observation_shift_smoke,reviewer1_observation_shift_smoke,configs/reviewer1_remaining/smoke/observation_shift.yaml,Reviewer1-observation-shift-smoke,Reviewer1ObservationShift-v0,Reviewer1ObservationShift-v0,native_gymnasium_observation,count_gated_tau_20,11011,train,3825,,,3825,34,0.6199999999999999,30,1.0,3825,208,0.0012488711583430883,0.01762315444648266,0,0,3,7.140466600001673,7.140466600001673,0.0,7.140466600001673,0.0,d1991e82fa1ea0337d3d6296e2c904f22359ea22,1.8.0,7cc5bc598cfd6850415c80c2a5f22423f37a7ce8561077a69366f06d0ab14b1d,True,3.14.3,2.11.0+cpu,2.4.3,1.3.0,3.1.0,not-installed,not-installed,0.18999826402839304,0.0,1.0,1.0,614.0,0.0,0.0,0.0,0.0,1.0,0.0,0.06926406926406926,0.9307359307359309,0.0,nan,nan,0.0719665787316632,nan,1.0,1.0,nan,0.0,nan,nan,exact,126.16000000000001,22.45,neural,614.0,2456.0,24560.0,nan,0.0,0.0,nan,,,,,,,,,,,,,,,
reviewer1_observation_shift_smoke,reviewer1_observation_shift_smoke,configs/reviewer1_remaining/smoke/observation_shift.yaml,Reviewer1-observation-shift-smoke,Reviewer1ObservationShift-v0,Reviewer1ObservationShift-v0,native_gymnasium_observation,count_gated_tau_20,11011,train,3961,,,3961,35,-0.5700000000000012,136,1.0,3961,216,0.0012046706609680768,0.01762315444648266,0,0,3,7.370422300002247,7.370422300002247,0.0,7.370422300002247,0.0,d1991e82fa1ea0337d3d6296e2c904f22359ea22,1.8.0,7cc5bc598cfd6850415c80c2a5f22423f37a7ce8561077a69366f06d0ab14b1d,True,3.14.3,2.11.0+cpu,2.4.3,1.3.0,3.1.0,not-installed,not-installed,0.18589039126823292,0.0,1.0,1.0,643.0,0.0,0.0,0.0,0.0,1.0,0.20588235294117646,0.11468312165243111,0.885316878347569,0.0,nan,nan,0.12555949823319673,nan,0.7941176470588235,0.7941176470588235,nan,0.20588235294117646,nan,nan,exact,124.40955882352942,23.65,neural,643.0,2572.0,25720.0,nan,0.0,0.0,nan,,,,,,,,,,,,,,,
reviewer1_observation_shift_smoke,reviewer1_observation_shift_smoke,configs/reviewer1_remaining/smoke/observation_shift.yaml,Reviewer1-observation-shift-smoke,Reviewer1ObservationShift-v0,Reviewer1ObservationShift-v0,native_gymnasium_observation,count_gated_tau_20,11011,train,3980,,,3980,36,0.7899999999999999,19,1.0,3980,217,0.001199217177239631,0.01762315444648266,0,0,3,7.399564700004703,7.399564700004703,0.0,7.399564700004703,0.0,d1991e82fa1ea0337d3d6296e2c904f22359ea22,1.8.0,7cc5bc598cfd6850415c80c2a5f22423f37a7ce8561077a69366f06d0ab14b1d,True,3.14.3,2.11.0+cpu,2.4.3,1.3.0,3.1.0,not-installed,not-installed,0.18542171548475161,0.0,1.0,1.0,644.0,0.0,0.0,0.0,0.0,1.0,0.0,0.11153872824353372,0.888461271756466,0.0,nan,nan,0.11827532921905055,nan,1.0,1.0,nan,0.0,nan,nan,exact,116.33684210526316,24.9,neural,644.0,2576.0,25760.0,nan,0.0,0.0,nan,,,,,,,,,,,,,,,
reviewer1_observation_shift_smoke,reviewer1_observation_shift_smoke,configs/reviewer1_remaining/smoke/observation_shift.yaml,Reviewer1-observation-shift-smoke,Reviewer1ObservationShift-v0,Reviewer1ObservationShift-v0,native_gymnasium_observation,count_gated_tau_20,11011,train,4002,,,4002,37,0.74,22,1.0,4002,219,0.0011885545304119568,0.01762315444648266,0,0,3,7.429151500000444,7.429151500000444,0.0,7.429151500000444,0.0,d1991e82fa1ea0337d3d6296e2c904f22359ea22,1.8.0,7cc5bc598cfd6850415c80c2a5f22423f37a7ce8561077a69366f06d0ab14b1d,True,3.14.3,2.11.0+cpu,2.4.3,1.3.0,3.1.0,not-installed,not-installed,0.1837581552431498,0.0,1.0,1.0,653.0,0.0,0.0,0.0,0.0,1.0,0.09090909090909091,0.10510240747394896,0.894897592526051,0.0,nan,nan,0.112895622055373,nan,0.9090909090909091,0.9090909090909091,nan,0.09090909090909091,nan,nan,exact,125.36363636363639,20.2,neural,653.0,2612.0,26120.0,nan,0.0,0.0,nan,,,,,,,,,,,,,,,
reviewer1_observation_shift_smoke,reviewer1_observation_shift_smoke,configs/reviewer1_remaining/smoke/observation_shift.yaml,Reviewer1-observation-shift-smoke,Reviewer1ObservationShift-v0,Reviewer1ObservationShift-v0,native_gymnasium_observation,count_gated_tau_20,11011,train,4162,,,4162,38,-1.9100000000000015,160,0.0,4162,229,0.0011953149610573,0.01762315444648266,0,0,3,7.753737200000614,7.753737200000614,0.0,7.753737200000614,0.0,d1991e82fa1ea0337d3d6296e2c904f22359ea22,1.8.0,7cc5bc598cfd6850415c80c2a5f22423f37a7ce8561077a69366f06d0ab14b1d,True,3.14.3,2.11.0+cpu,2.4.3,1.3.0,3.1.0,not-installed,not-installed,0.1762238359743622,0.0,1.0,1.0,680.0,1.0,0.0,0.0,0.0,0.0,0.1875,0.09779725005268483,0.9022027499473152,0.0,nan,nan,0.1058383005586013,nan,0.8125,0.8125,nan,0.1875,nan,nan,exact,149.31687499999998,26.7,neural,680.0,2720.0,27200.0,nan,0.0,0.0,nan,,,,,,,,,,,,,,,
reviewer1_observation_shift_smoke,reviewer1_observation_shift_smoke,configs/reviewer1_remaining/smoke/observation_shift.yaml,Reviewer1-observation-shift-smoke,Reviewer1ObservationShift-v0,Reviewer1ObservationShift-v0,native_gymnasium_observation,count_gated_tau_20,11011,train,4322,,,4322,39,-1.9200000000000015,160,0.0,4322,239,0.0011993959874626058,0.01762315444648266,0,0,3,8.120613900005992,8.120613900005992,0.0,8.120613900005992,0.0,d1991e82fa1ea0337d3d6296e2c904f22359ea22,1.8.0,7cc5bc598cfd6850415c80c2a5f22423f37a7ce8561077a69366f06d0ab14b1d,True,3.14.3,2.11.0+cpu,2.4.3,1.3.0,3.1.0,not-installed,not-installed,0.16991705387589784,0.0,1.0,1.0,711.0,1.0,0.0,0.0,0.0,0.0,0.2375,0.12339382423340443,0.8766061757665955,0.0,nan,nan,0.13673567778801474,nan,0.7625,0.7625,nan,0.2375,nan,nan,exact,169.578125,30.7,neural,711.0,2844.0,28440.0,nan,0.0,0.0,nan,,,,,,,,,,,,,,,
reviewer1_observation_shift_smoke,reviewer1_observation_shift_smoke,configs/reviewer1_remaining/smoke/observation_shift.yaml,Reviewer1-observation-shift-smoke,Reviewer1ObservationShift-v0,Reviewer1ObservationShift-v0,native_gymnasium_observation,count_gated_tau_20,11011,train,4387,,,4387,40,0.24999999999999956,65,1.0,4387,243,0.0012291792874950464,0.01762315444648266,0,0,3,8.232537399999273,8.232537399999273,0.0,8.232537399999273,0.0,d1991e82fa1ea0337d3d6296e2c904f22359ea22,1.8.0,7cc5bc598cfd6850415c80c2a5f22423f37a7ce8561077a69366f06d0ab14b1d,True,3.14.3,2.11.0+cpu,2.4.3,1.3.0,3.1.0,not-installed,not-installed,0.16614166203233663,0.0,1.0,1.0,732.0,0.0,0.0,0.0,0.0,1.0,0.4307692307692308,0.06517887909192258,0.9348211209080775,0.0,nan,nan,0.07112953630817988,nan,0.5692307692307692,0.5692307692307692,nan,0.4307692307692308,nan,nan,exact,166.32769230769233,29.9,neural,732.0,2928.0,29280.0,nan,0.0,0.0,nan,,,,,,,,,,,,,,,
reviewer1_observation_shift_smoke,reviewer1_observation_shift_smoke,configs/reviewer1_remaining/smoke/observation_shift.yaml,Reviewer1-observation-shift-smoke,Reviewer1ObservationShift-v0,Reviewer1ObservationShift-v0,native_gymnasium_observation,count_gated_tau_20,11011,train,4431,,,4431,41,0.4099999999999997,44,1.0,4431,245,0.0012197326748607839,0.01762315444648266,0,0,3,8.293266100001347,8.293266100001347,0.0,8.293266100001347,0.0,d1991e82fa1ea0337d3d6296e2c904f22359ea22,1.8.0,7cc5bc598cfd6850415c80c2a5f22423f37a7ce8561077a69366f06d0ab14b1d,True,3.14.3,2.11.0+cpu,2.4.3,1.3.0,3.1.0,not-installed,not-installed,0.166328783038251,0.0,1.0,1.0,741.0,0.0,0.0,0.0,0.0,1.0,0.045454545454545456,0.17573063099248873,0.8242693690075111,0.0,nan,nan,0.19821800566520717,nan,0.9545454545454546,0.9545454545454546,nan,0.045454545454545456,nan,nan,exact,169.2931818181818,32.05,neural,741.0,2964.0,29640.0,nan,0.0,0.0,nan,,,,,,,,,,,,,,,
reviewer1_observation_shift_smoke,reviewer1_observation_shift_smoke,configs/reviewer1_remaining/smoke/observation_shift.yaml,Reviewer1-observation-shift-smoke,Reviewer1ObservationShift-v0,Reviewer1ObservationShift-v0,native_gymnasium_observation,count_gated_tau_20,11011,train,4591,,,4591,42,-2.0000000000000013,160,0.0,4591,255,0.0012280717607056574,0.01762315444648266,0,0,3,8.672442100003536,8.672442100003536,0.0,8.672442100003536,0.0,d1991e82fa1ea0337d3d6296e2c904f22359ea22,1.8.0,7cc5bc598cfd6850415c80c2a5f22423f37a7ce8561077a69366f06d0ab14b1d,True,3.14.3,2.11.0+cpu,2.4.3,1.3.0,3.1.0,not-installed,not-installed,0.1632562315716222,0.0,1.0,1.0,780.0,1.0,0.0,0.0,0.0,0.0,0.2875,0.114163577366351,0.885836422633649,0.0,nan,nan,0.1283072154550274,nan,0.7125,0.7125,nan,0.2875,nan,nan,exact,174.54812500000003,29.9,neural,780.0,3120.0,31200.0,nan,0.0,0.0,nan,,,,,,,,,,,,,,,
reviewer1_observation_shift_smoke,reviewer1_observation_shift_smoke,configs/reviewer1_remaining/smoke/observation_shift.yaml,Reviewer1-observation-shift-smoke,Reviewer1ObservationShift-v0,Reviewer1ObservationShift-v0,native_gymnasium_observation,count_gated_tau_20,11011,train,4607,,,4607,43,0.83,16,1.0,4607,256,0.0012242817199101808,0.01762315444648266,0,0,3,8.697473300002457,8.697473300002457,0.0,8.697473300002457,0.0,d1991e82fa1ea0337d3d6296e2c904f22359ea22,1.8.0,7cc5bc598cfd6850415c80c2a5f22423f37a7ce8561077a69366f06d0ab14b1d,True,3.14.3,2.11.0+cpu,2.4.3,1.3.0,3.1.0,not-installed,not-installed,0.16223943950095351,0.0,1.0,1.0,792.0,0.0,0.0,0.0,0.0,1.0,0.75,0.0660904410904411,0.933909558909559,0.0,nan,nan,0.08056895584786707,nan,0.25,0.25,nan,0.75,nan,nan,unsupported,197.33125,22.85,neural,792.0,3168.0,31680.0,nan,0.0,0.0,nan,,,,,,,,,,,,,,,
reviewer1_observation_shift_smoke,reviewer1_observation_shift_smoke,configs/reviewer1_remaining/smoke/observation_shift.yaml,Reviewer1-observation-shift-smoke,Reviewer1ObservationShift-v0,Reviewer1ObservationShift-v0,native_gymnasium_observation,count_gated_tau_20,11011,train,4767,,,4767,44,-1.9700000000000015,160,0.0,4767,266,0.0013269930604438652,0.01762315444648266,0,0,3,9.092206300003454,9.092206300003454,0.0,9.092206300003454,0.0,d1991e82fa1ea0337d3d6296e2c904f22359ea22,1.8.0,7cc5bc598cfd6850415c80c2a5f22423f37a7ce8561077a69366f06d0ab14b1d,True,3.14.3,2.11.0+cpu,2.4.3,1.3.0,3.1.0,not-installed,not-installed,0.15732952165695213,0.0,1.0,1.0,827.0,1.0,0.0,0.0,0.0,0.0,0.4125,0.07362298932951107,0.9263770106704889,0.0,nan,nan,0.07946802954460372,nan,0.5875,0.5875,nan,0.4125,nan,nan,exact,135.51624999999999,27.950000000000003,neural,827.0,3308.0,33080.0,nan,0.0,0.0,nan,,,,,,,,,,,,,,,
reviewer1_observation_shift_smoke,reviewer1_observation_shift_smoke,configs/reviewer1_remaining/smoke/observation_shift.yaml,Reviewer1-observation-shift-smoke,Reviewer1ObservationShift-v0,Reviewer1ObservationShift-v0,native_gymnasium_observation,count_gated_tau_20,11011,train,4776,,,4776,45,0.9,9,1.0,4776,267,0.0013225785655112906,0.01762315444648266,0,0,3,9.109120100001746,9.109120100001746,0.0,9.109120100001746,0.0,d1991e82fa1ea0337d3d6296e2c904f22359ea22,1.8.0,7cc5bc598cfd6850415c80c2a5f22423f37a7ce8561077a69366f06d0ab14b1d,True,3.14.3,2.11.0+cpu,2.4.3,1.3.0,3.1.0,not-installed,not-installed,0.15732952165695213,0.0,1.0,1.0,833.0,0.0,0.0,0.0,0.0,1.0,0.0,0.2857142857142857,0.7142857142857143,0.0,nan,nan,0.3296799539643607,nan,1.0,1.0,nan,0.0,nan,nan,exact,36.7,21.2,neural,833.0,3332.0,33320.0,nan,0.0,0.0,nan,,,,,,,,,,,,,,,
reviewer1_observation_shift_smoke,reviewer1_observation_shift_smoke,configs/reviewer1_remaining/smoke/observation_shift.yaml,Reviewer1-observation-shift-smoke,Reviewer1ObservationShift-v0,Reviewer1ObservationShift-v0,native_gymnasium_observation,count_gated_tau_20,11011,train,4936,,,4936,46,-2.2199999999999984,160,0.0,4936,277,0.0012823022421660766,0.01762315444648266,0,0,3,9.48021300000255,9.48021300000255,0.0,9.48021300000255,0.0,d1991e82fa1ea0337d3d6296e2c904f22359ea22,1.8.0,7cc5bc598cfd6850415c80c2a5f22423f37a7ce8561077a69366f06d0ab14b1d,True,3.14.3,2.11.0+cpu,2.4.3,1.3.0,3.1.0,not-installed,not-installed,0.15558556698667633,0.0,1.0,1.0,859.0,1.0,0.0,0.0,0.0,0.0,0.16875,0.1592369912087988,0.8407630087912011,0.0,nan,nan,0.18016030443821346,nan,0.83125,0.83125,nan,0.16875,nan,nan,exact,225.38937499999997,32.6,neural,859.0,3436.0,34360.0,nan,0.0,0.0,nan,,,,,,,,,,,,,,,
reviewer1_observation_shift_smoke,reviewer1_observation_shift_smoke,configs/reviewer1_remaining/smoke/observation_shift.yaml,Reviewer1-observation-shift-smoke,Reviewer1ObservationShift-v0,Reviewer1ObservationShift-v0,native_gymnasium_observation,count_gated_tau_20,11011,train,5096,,,5096,47,-1.8400000000000014,160,0.0,5096,287,0.001333084784227764,0.01762315444648266,0,0,3,9.876025700003083,9.876025700003083,0.0,9.876025700003083,0.0,d1991e82fa1ea0337d3d6296e2c904f22359ea22,1.8.0,7cc5bc598cfd6850415c80c2a5f22423f37a7ce8561077a69366f06d0ab14b1d,True,3.14.3,2.11.0+cpu,2.4.3,1.3.0,3.1.0,not-installed,not-installed,0.15748556405629718,0.0,1.0,1.0,888.0,1.0,0.0,0.0,0.0,0.0,0.10625,0.17915613639626887,0.8208438636037311,0.0,nan,nan,0.20455721293706217,nan,0.89375,0.89375,nan,0.10625,nan,nan,exact,144.37437500000001,28.5,neural,888.0,3552.0,35520.0,nan,0.0,0.0,nan,,,,,,,,,,,,,,,
reviewer1_observation_shift_smoke,reviewer1_observation_shift_smoke,configs/reviewer1_remaining/smoke/observation_shift.yaml,Reviewer1-observation-shift-smoke,Reviewer1ObservationShift-v0,Reviewer1ObservationShift-v0,native_gymnasium_observation,count_gated_tau_20,11011,train,5256,,,5256,48,-2.020000000000001,160,0.0,5256,297,0.0013803788322345805,0.01762315444648266,0,0,3,10.16708820000349,10.16708820000349,0.0,10.16708820000349,0.0,d1991e82fa1ea0337d3d6296e2c904f22359ea22,1.8.0,7cc5bc598cfd6850415c80c2a5f22423f37a7ce8561077a69366f06d0ab14b1d,True,3.14.3,2.11.0+cpu,2.4.3,1.3.0,3.1.0,not-installed,not-installed,0.16142599285300244,0.0,1.0,1.0,904.0,1.0,0.0,0.0,0.0,0.0,0.11875,0.23371269701627356,0.7662873029837264,0.0,nan,nan,0.2744167315218155,nan,0.88125,0.88125,nan,0.11875,nan,nan,exact,164.389375,25.9,neural,904.0,3616.0,36160.0,nan,0.0,0.0,nan,,,,,,,,,,,,,,,
reviewer1_observation_shift_smoke,reviewer1_observation_shift_smoke,configs/reviewer1_remaining/smoke/observation_shift.yaml,Reviewer1-observation-shift-smoke,Reviewer1ObservationShift-v0,Reviewer1ObservationShift-v0,native_gymnasium_observation,count_gated_tau_20,11011,train,5416,,,5416,49,-1.9300000000000015,160,0.0,5416,307,0.0013407039333415073,0.01762315444648266,0,0,3,10.502907200003392,10.502907200003392,0.0,10.502907200003392,0.0,d1991e82fa1ea0337d3d6296e2c904f22359ea22,1.8.0,7cc5bc598cfd6850415c80c2a5f22423f37a7ce8561077a69366f06d0ab14b1d,True,3.14.3,2.11.0+cpu,2.4.3,1.3.0,3.1.0,not-installed,not-installed,0.16094601050946614,0.0,1.0,1.0,928.0,1.0,0.0,0.0,0.0,0.0,0.05625,0.17024139187046644,0.8297586081295336,0.0,nan,nan,0.19215050396364466,nan,0.94375,0.94375,nan,0.05625,nan,nan,exact,175.01624999999999,30.0,neural,928.0,3712.0,37120.0,nan,0.0,0.0,nan,,,,,,,,,,,,,,,
reviewer1_observation_shift_smoke,reviewer1_observation_shift_smoke,configs/reviewer1_remaining/smoke/observation_shift.yaml,Reviewer1-observation-shift-smoke,Reviewer1ObservationShift-v0,Reviewer1ObservationShift-v0,native_gymnasium_observation,count_gated_tau_20,11011,train,5576,,,5576,50,-2.0200000000000014,160,0.0,5576,317,0.001383300491753441,0.01762315444648266,0,0,3,10.934977299999446,10.934977299999446,0.0,10.934977299999446,0.0,d1991e82fa1ea0337d3d6296e2c904f22359ea22,1.8.0,7cc5bc598cfd6850415c80c2a5f22423f37a7ce8561077a69366f06d0ab14b1d,True,3.14.3,2.11.0+cpu,2.4.3,1.3.0,3.1.0,not-installed,not-installed,0.16181102088684055,0.0,1.0,1.0,945.0,1.0,0.0,0.0,0.0,0.0,0.11875,0.19539333553591548,0.8046066644640846,0.0,nan,nan,0.2230271650661427,nan,0.88125,0.88125,nan,0.11875,nan,nan,exact,202.375625,35.0,neural,945.0,3780.0,37800.0,nan,0.0,0.0,nan,,,,,,,,,,,,,,,
reviewer1_observation_shift_smoke,reviewer1_observation_shift_smoke,configs/reviewer1_remaining/smoke/observation_shift.yaml,Reviewer1-observation-shift-smoke,Reviewer1ObservationShift-v0,Reviewer1ObservationShift-v0,native_gymnasium_observation,count_gated_tau_20,11011,train,5736,,,5736,51,-2.0400000000000005,160,0.0,5736,327,0.001385655794635237,0.01762315444648266,0,0,3,11.286419300005946,11.286419300005946,0.0,11.286419300005946,0.0,d1991e82fa1ea0337d3d6296e2c904f22359ea22,1.8.0,7cc5bc598cfd6850415c80c2a5f22423f37a7ce8561077a69366f06d0ab14b1d,True,3.14.3,2.11.0+cpu,2.4.3,1.3.0,3.1.0,not-installed,not-installed,0.1607968197408763,0.0,1.0,1.0,978.0,1.0,0.0,0.0,0.0,0.0,0.2125,0.1624447147826506,0.8375552852173496,0.0,nan,nan,0.18806371826060747,nan,0.7875,0.7875,nan,0.2125,nan,nan,exact,194.060625,31.75,neural,978.0,3912.0,39120.0,nan,0.0,0.0,nan,,,,,,,,,,,,,,,
reviewer1_observation_shift_smoke,reviewer1_observation_shift_smoke,configs/reviewer1_remaining/smoke/observation_shift.yaml,Reviewer1-observation-shift-smoke,Reviewer1ObservationShift-v0,Reviewer1ObservationShift-v0,native_gymnasium_observation,count_gated_tau_20,11011,train,5749,,,5749,52,0.83,13,1.0,5749,328,0.0013817707417146954,0.01762315444648266,0,0,3,11.303866500005824,11.303866500005824,0.0,11.303866500005824,0.0,d1991e82fa1ea0337d3d6296e2c904f22359ea22,1.8.0,7cc5bc598cfd6850415c80c2a5f22423f37a7ce8561077a69366f06d0ab14b1d,True,3.14.3,2.11.0+cpu,2.4.3,1.3.0,3.1.0,not-installed,not-installed,0.16037019155142906,0.0,1.0,1.0,984.0,0.0,0.0,0.0,0.0,1.0,0.23076923076923078,0.046620046620046623,0.9533799533799532,0.0,nan,nan,0.04822167495285564,nan,0.7692307692307693,0.7692307692307693,nan,0.23076923076923078,nan,nan,exact,140.04615384615386,21.9,neural,984.0,3936.0,39360.0,nan,0.0,0.0,nan,,,,,,,,,,,,,,,
reviewer1_observation_shift_smoke,reviewer1_observation_shift_smoke,configs/reviewer1_remaining/smoke/observation_shift.yaml,Reviewer1-observation-shift-smoke,Reviewer1ObservationShift-v0,Reviewer1ObservationShift-v0,native_gymnasium_observation,count_gated_tau_20,11011,train,5769,,,5769,53,0.7,20,1.0,5769,329,0.0014180634085598817,0.01762315444648266,0,0,3,11.327762100001564,11.327762100001564,0.0,11.327762100001564,0.0,d1991e82fa1ea0337d3d6296e2c904f22359ea22,1.8.0,7cc5bc598cfd6850415c80c2a5f22423f37a7ce8561077a69366f06d0ab14b1d,True,3.14.3,2.11.0+cpu,2.4.3,1.3.0,3.1.0,not-installed,not-installed,0.15977499263737113,0.0,1.0,1.0,987.0,0.0,0.0,0.0,0.0,1.0,0.45,0.07091567852437416,0.9290843214756259,0.0,nan,nan,0.07607255840026178,nan,0.55,0.55,nan,0.45,nan,nan,exact,180.11999999999998,24.45,neural,987.0,3948.0,39480.0,nan,0.0,0.0,nan,,,,,,,,,,,,,,,
reviewer1_observation_shift_smoke,reviewer1_observation_shift_smoke,configs/reviewer1_remaining/smoke/observation_shift.yaml,Reviewer1-observation-shift-smoke,Reviewer1ObservationShift-v0,Reviewer1ObservationShift-v0,native_gymnasium_observation,count_gated_tau_20,11011,train,5825,,,5825,54,0.2899999999999996,56,1.0,5825,333,0.0014028250529358396,0.01762315444648266,0,0,3,11.403389900006005,11.403389900006005,0.0,11.403389900006005,0.0,d1991e82fa1ea0337d3d6296e2c904f22359ea22,1.8.0,7cc5bc598cfd6850415c80c2a5f22423f37a7ce8561077a69366f06d0ab14b1d,True,3.14.3,2.11.0+cpu,2.4.3,1.3.0,3.1.0,not-installed,not-installed,0.1591990904895558,0.0,1.0,1.0,998.0,0.0,0.0,0.0,0.0,1.0,0.19642857142857142,0.13834980268724803,0.8616501973127519,0.0,nan,nan,0.15567667678670088,nan,0.8035714285714286,0.8035714285714286,nan,0.19642857142857142,nan,nan,exact,170.01428571428573,26.15,neural,998.0,3992.0,39920.0,nan,0.0,0.0,nan,,,,,,,,,,,,,,,
reviewer1_observation_shift_smoke,reviewer1_observation_shift_smoke,configs/reviewer1_remaining/smoke/observation_shift.yaml,Reviewer1-observation-shift-smoke,Reviewer1ObservationShift-v0,Reviewer1ObservationShift-v0,native_gymnasium_observation,count_gated_tau_20,11011,train,5848,,,5848,55,0.74,23,1.0,5848,334,0.0013988653130892377,0.01762315444648266,0,0,3,11.435792299998866,11.435792299998866,0.0,11.435792299998866,0.0,d1991e82fa1ea0337d3d6296e2c904f22359ea22,1.8.0,7cc5bc598cfd6850415c80c2a5f22423f37a7ce8561077a69366f06d0ab14b1d,True,3.14.3,2.11.0+cpu,2.4.3,1.3.0,3.1.0,not-installed,not-installed,0.15827697135671387,0.0,1.0,1.0,1010.0,0.0,0.0,0.0,0.0,1.0,0.34782608695652173,0.05270092226613965,0.9472990777338606,0.0,nan,nan,0.055430783222751356,nan,0.6521739130434783,0.6521739130434783,nan,0.34782608695652173,nan,nan,exact,166.4913043478261,29.5,neural,1010.0,4040.0,40400.0,nan,0.0,0.0,nan,,,,,,,,,,,,,,,
reviewer1_observation_shift_smoke,reviewer1_observation_shift_smoke,configs/reviewer1_remaining/smoke/observation_shift.yaml,Reviewer1-observation-shift-smoke,Reviewer1ObservationShift-v0,Reviewer1ObservationShift-v0,native_gymnasium_observation,count_gated_tau_20,11011,train,5968,,,5968,56,-0.4900000000000011,120,1.0,5968,342,0.0014042992831480936,0.01762315444648266,0,0,3,11.64841150000575,11.64841150000575,0.0,11.64841150000575,0.0,d1991e82fa1ea0337d3d6296e2c904f22359ea22,1.8.0,7cc5bc598cfd6850415c80c2a5f22423f37a7ce8561077a69366f06d0ab14b1d,True,3.14.3,2.11.0+cpu,2.4.3,1.3.0,3.1.0,not-installed,not-installed,0.15628176422045528,0.0,1.0,1.0,1038.0,0.0,0.0,0.0,0.0,1.0,0.13333333333333333,0.11563042935325543,0.8843695706467446,0.0,nan,nan,0.1267547360779601,nan,0.8666666666666667,0.8666666666666667,nan,0.13333333333333333,nan,nan,exact,187.39166666666668,24.799999999999997,neural,1038.0,4152.0,41520.0,nan,0.0,0.0,nan,,,,,,,,,,,,,,,
reviewer1_observation_shift_smoke,reviewer1_observation_shift_smoke,configs/reviewer1_remaining/smoke/observation_shift.yaml,Reviewer1-observation-shift-smoke,Reviewer1ObservationShift-v0,Reviewer1ObservationShift-v0,native_gymnasium_observation,count_gated_tau_20,11011,eval,6000,6000,-2.990000000000001,6000,1,-2.990000000000001,160,0.0,6000,344,0.0013967754252890636,0.01762315444648266,0,1,3,12.45156020000286,11.713950099998328,0.737610100004531,11.713950099998328,0.737610100004531,d1991e82fa1ea0337d3d6296e2c904f22359ea22,1.8.0,7cc5bc598cfd6850415c80c2a5f22423f37a7ce8561077a69366f06d0ab14b1d,True,3.14.3,2.11.0+cpu,2.4.3,1.3.0,3.1.0,not-installed,not-installed,0.15531896137464424,0.0,1.0,1.0,1057.0,1.0,0.0,0.0,0.0,0.0,1.0,0.0,1.0,0.0,nan,nan,0.0,nan,0.0,0.0,nan,1.0,nan,nan,unsupported,610.2850000000001,552.05,neural,1058.0,4232.0,42304.0,nan,0.0,0.0,nan,0,1,1,0,0.9931972789115646,0.0,0.4999999974999999,neural,tabular,unavailable,nan,nan,0.0,none,nan
reviewer1_observation_shift_smoke,reviewer1_observation_shift_smoke,configs/reviewer1_remaining/smoke/observation_shift.yaml,Reviewer1-observation-shift-smoke,Reviewer1ObservationShift-v0,Reviewer1ObservationShift-v0,native_gymnasium_observation,count_gated_tau_20,11011,eval,6000,6000,-2.850000000000002,6000,2,-2.850000000000002,160,0.0,6000,344,0.0013967754252890636,0.01762315444648266,0,1,3,12.452067500002158,11.714457399997627,0.737610100004531,11.714457399997627,0.737610100004531,d1991e82fa1ea0337d3d6296e2c904f22359ea22,1.8.0,7cc5bc598cfd6850415c80c2a5f22423f37a7ce8561077a69366f06d0ab14b1d,True,3.14.3,2.11.0+cpu,2.4.3,1.3.0,3.1.0,not-installed,not-installed,0.15531896137464424,0.0,1.0,1.0,1057.0,1.0,0.0,0.0,0.0,0.0,0.875,0.017532754848615835,0.9824672451513841,0.0,nan,nan,0.02002730361053218,nan,0.125,0.125,nan,0.875,nan,nan,unsupported,552.5831249999999,489.20000000000005,neural,1058.0,4232.0,42304.0,nan,0.0,0.0,nan,0,1,1,3,0.013513513513513514,0.08108108108108109,0.4999999974999999,neural,tie,unavailable,nan,nan,0.0,none,nan
reviewer1_observation_shift_smoke,reviewer1_observation_shift_smoke,configs/reviewer1_remaining/smoke/observation_shift.yaml,Reviewer1-observation-shift-smoke,Reviewer1ObservationShift-v0,Reviewer1ObservationShift-v0,native_gymnasium_observation,count_gated_tau_20,11011,eval,6000,6000,-2.9700000000000006,6000,3,-2.9700000000000006,160,0.0,6000,344,0.0013967754252890636,0.01762315444648266,0,1,3,12.452355800000078,11.714745699995547,0.737610100004531,11.714745699995547,0.737610100004531,d1991e82fa1ea0337d3d6296e2c904f22359ea22,1.8.0,7cc5bc598cfd6850415c80c2a5f22423f37a7ce8561077a69366f06d0ab14b1d,True,3.14.3,2.11.0+cpu,2.4.3,1.3.0,3.1.0,not-installed,not-installed,0.15531896137464424,0.0,1.0,1.0,1057.0,1.0,0.0,0.0,0.0,0.0,0.925,0.015912097162097162,0.9840879028379028,0.0,nan,nan,0.017931043334735348,nan,0.075,0.075,nan,0.925,nan,nan,unsupported,496.08000000000004,445.4,neural,1058.0,4232.0,42304.0,nan,0.0,0.0,nan,0,1,1,0,1.0,0.0,0.4999999974999999,neural,tabular,unavailable,nan,nan,0.0,none,nan
reviewer1_observation_shift_smoke,reviewer1_observation_shift_smoke,configs/reviewer1_remaining/smoke/observation_shift.yaml,Reviewer1-observation-shift-smoke,Reviewer1ObservationShift-v0,Reviewer1ObservationShift-v0,native_gymnasium_observation,count_gated_tau_20,11011,eval,6000,6000,-3.000000000000001,6000,4,-3.000000000000001,160,0.0,6000,344,0.0013967754252890636,0.01762315444648266,0,1,3,12.452690700003586,11.715080599999055,0.737610100004531,11.715080599999055,0.737610100004531,d1991e82fa1ea0337d3d6296e2c904f22359ea22,1.8.0,7cc5bc598cfd6850415c80c2a5f22423f37a7ce8561077a69366f06d0ab14b1d,True,3.14.3,2.11.0+cpu,2.4.3,1.3.0,3.1.0,not-installed,not-installed,0.15531896137464424,0.0,1.0,1.0,1057.0,1.0,0.0,0.0,0.0,0.0,1.0,0.0,1.0,0.0,nan,nan,0.0,nan,0.0,0.0,nan,1.0,nan,nan,unsupported,554.6118749999999,528.75,neural,1058.0,4232.0,42304.0,nan,0.0,0.0,nan,0,1,1,3,0.0,0.0,0.4999999974999999,neural,tie,unavailable,nan,nan,0.0,none,nan
reviewer1_observation_shift_smoke,reviewer1_observation_shift_smoke,configs/reviewer1_remaining/smoke/observation_shift.yaml,Reviewer1-observation-shift-smoke,Reviewer1ObservationShift-v0,Reviewer1ObservationShift-v0,native_gymnasium_observation,count_gated_tau_20,11011,train,6128,,,6128,57,-2.050000000000001,160,0.0,6128,352,0.0014015394985991943,0.01762315444648266,0,1,3,12.728100600004836,11.990490500000305,0.737610100004531,11.990490500000305,0.737610100004531,d1991e82fa1ea0337d3d6296e2c904f22359ea22,1.8.0,7cc5bc598cfd6850415c80c2a5f22423f37a7ce8561077a69366f06d0ab14b1d,True,3.14.3,2.11.0+cpu,2.4.3,1.3.0,3.1.0,not-installed,not-installed,0.15552060818005753,0.0,1.0,1.0,1069.0,1.0,0.0,0.0,0.0,0.0,0.1375,0.12956026805702775,0.8704397319429724,0.0,nan,nan,0.1449565149947654,nan,0.8625,0.8625,nan,0.1375,nan,nan,exact,171.55625,28.6,neural,1069.0,4276.0,42760.0,nan,0.0,0.0,nan,,,,,,,,,,,,,,,
reviewer1_observation_shift_smoke,reviewer1_observation_shift_smoke,configs/reviewer1_remaining/smoke/observation_shift.yaml,Reviewer1-observation-shift-smoke,Reviewer1ObservationShift-v0,Reviewer1ObservationShift-v0,native_gymnasium_observation,count_gated_tau_20,11011,train,6288,,,6288,58,-2.19,160,0.0,6288,362,0.0014677044085860444,0.036305975168943405,0,1,3,13.070700500000385,12.333090399995854,0.737610100004531,12.333090399995854,0.737610100004531,d1991e82fa1ea0337d3d6296e2c904f22359ea22,1.8.0,7cc5bc598cfd6850415c80c2a5f22423f37a7ce8561077a69366f06d0ab14b1d,True,3.14.3,2.11.0+cpu,2.4.3,1.3.0,3.1.0,not-installed,not-installed,0.15399500397295865,0.0,1.0,1.0,1100.0,1.0,0.0,0.0,0.0,0.0,0.125,0.13216468321228442,0.8678353167877155,0.0,nan,nan,0.14602901351780231,nan,0.875,0.875,nan,0.125,nan,nan,exact,188.171875,27.15,neural,1100.0,4400.0,44000.0,nan,0.0,0.0,nan,,,,,,,,,,,,,,,
reviewer1_observation_shift_smoke,reviewer1_observation_shift_smoke,configs/reviewer1_remaining/smoke/observation_shift.yaml,Reviewer1-observation-shift-smoke,Reviewer1ObservationShift-v0,Reviewer1ObservationShift-v0,native_gymnasium_observation,count_gated_tau_20,11011,train,6448,,,6448,59,-1.9200000000000015,160,0.0,6448,372,0.0014310898652883058,0.036305975168943405,0,1,3,13.408120300002338,12.670510199997807,0.737610100004531,12.670510199997807,0.737610100004531,d1991e82fa1ea0337d3d6296e2c904f22359ea22,1.8.0,7cc5bc598cfd6850415c80c2a5f22423f37a7ce8561077a69366f06d0ab14b1d,True,3.14.3,2.11.0+cpu,2.4.3,1.3.0,3.1.0,not-installed,not-installed,0.15958722461177843,0.0,1.0,1.0,1109.0,1.0,0.0,0.0,0.0,0.0,0.0625,0.26519814112864526,0.7348018588713547,0.0,nan,nan,0.31152363169015135,nan,0.9375,0.9375,nan,0.0625,nan,nan,exact,186.7775,29.5,neural,1109.0,4436.0,44360.0,nan,0.0,0.0,nan,,,,,,,,,,,,,,,
reviewer1_observation_shift_smoke,reviewer1_observation_shift_smoke,configs/reviewer1_remaining/smoke/observation_shift.yaml,Reviewer1-observation-shift-smoke,Reviewer1ObservationShift-v0,Reviewer1ObservationShift-v0,native_gymnasium_observation,count_gated_tau_20,11011,train,6548,,,6548,60,-0.33000000000000096,100,1.0,6548,378,0.001502325390967079,0.036305975168943405,0,1,3,13.58039540000027,12.84278529999574,0.737610100004531,12.84278529999574,0.737610100004531,d1991e82fa1ea0337d3d6296e2c904f22359ea22,1.8.0,7cc5bc598cfd6850415c80c2a5f22423f37a7ce8561077a69366f06d0ab14b1d,True,3.14.3,2.11.0+cpu,2.4.3,1.3.0,3.1.0,not-installed,not-installed,0.16148520107969802,0.0,1.0,1.0,1122.0,0.0,0.0,0.0,0.0,1.0,0.21,0.1736114345757179,0.8263885654242819,0.0,nan,nan,0.20560941657625253,nan,0.79,0.79,nan,0.21,nan,nan,exact,176.18099999999998,27.85,neural,1122.0,4488.0,44880.0,nan,0.0,0.0,nan,,,,,,,,,,,,,,,
reviewer1_observation_shift_smoke,reviewer1_observation_shift_smoke,configs/reviewer1_remaining/smoke/observation_shift.yaml,Reviewer1-observation-shift-smoke,Reviewer1ObservationShift-v0,Reviewer1ObservationShift-v0,native_gymnasium_observation,count_gated_tau_20,11011,train,6708,,,6708,61,-2.06,160,0.0,6708,388,0.0015625980721821536,0.036305975168943405,0,1,3,13.926476400003594,13.188866299999063,0.737610100004531,13.188866299999063,0.737610100004531,d1991e82fa1ea0337d3d6296e2c904f22359ea22,1.8.0,7cc5bc598cfd6850415c80c2a5f22423f37a7ce8561077a69366f06d0ab14b1d,True,3.14.3,2.11.0+cpu,2.4.3,1.3.0,3.1.0,not-installed,not-installed,0.16226984523740132,0.0,1.0,1.0,1152.0,1.0,0.0,0.0,0.0,0.0,0.1375,0.15392254083012297,0.8460774591698771,0.0,nan,nan,0.1786422998358966,nan,0.8625,0.8625,nan,0.1375,nan,nan,exact,219.70249999999996,30.15,neural,1152.0,4608.0,46080.0,nan,0.0,0.0,nan,,,,,,,,,,,,,,,
reviewer1_observation_shift_smoke,reviewer1_observation_shift_smoke,configs/reviewer1_remaining/smoke/observation_shift.yaml,Reviewer1-observation-shift-smoke,Reviewer1ObservationShift-v0,Reviewer1ObservationShift-v0,native_gymnasium_observation,count_gated_tau_20,11011,train,6868,,,6868,62,-1.9900000000000015,160,0.0,6868,398,0.0015899501788166775,0.036305975168943405,0,1,3,14.221633300003305,13.484023199998774,0.737610100004531,13.484023199998774,0.737610100004531,d1991e82fa1ea0337d3d6296e2c904f22359ea22,1.8.0,7cc5bc598cfd6850415c80c2a5f22423f37a7ce8561077a69366f06d0ab14b1d,True,3.14.3,2.11.0+cpu,2.4.3,1.3.0,3.1.0,not-installed,not-installed,0.16084995046956022,0.0,1.0,1.0,1182.0,1.0,0.0,0.0,0.0,0.0,0.0875,0.12959963446376493,0.8704003655362351,0.0,nan,nan,0.14284884175729362,nan,0.9125,0.9125,nan,0.0875,nan,nan,exact,169.04000000000002,26.6,neural,1182.0,4728.0,47280.0,nan,0.0,0.0,nan,,,,,,,,,,,,,,,
reviewer1_observation_shift_smoke,reviewer1_observation_shift_smoke,configs/reviewer1_remaining/smoke/observation_shift.yaml,Reviewer1-observation-shift-smoke,Reviewer1ObservationShift-v0,Reviewer1ObservationShift-v0,native_gymnasium_observation,count_gated_tau_20,11011,train,7028,,,7028,63,-1.9200000000000015,160,0.0,7028,408,0.001554212013471157,0.036305975168943405,0,1,3,14.519634000003862,13.78202389999933,0.737610100004531,13.78202389999933,0.737610100004531,d1991e82fa1ea0337d3d6296e2c904f22359ea22,1.8.0,7cc5bc598cfd6850415c80c2a5f22423f37a7ce8561077a69366f06d0ab14b1d,True,3.14.3,2.11.0+cpu,2.4.3,1.3.0,3.1.0,not-installed,not-installed,0.15878025556632525,0.0,1.0,1.0,1213.0,1.0,0.0,0.0,0.0,0.0,0.18125,0.11936216665023218,0.880637833349768,0.0,nan,nan,0.1321595276502467,nan,0.81875,0.81875,nan,0.18125,nan,nan,exact,237.71000000000004,29.700000000000003,neural,1213.0,4852.0,48520.0,nan,0.0,0.0,nan,,,,,,,,,,,,,,,
reviewer1_observation_shift_smoke,reviewer1_observation_shift_smoke,configs/reviewer1_remaining/smoke/observation_shift.yaml,Reviewer1-observation-shift-smoke,Reviewer1ObservationShift-v0,Reviewer1ObservationShift-v0,native_gymnasium_observation,count_gated_tau_20,11011,train,7043,,,7043,64,0.84,15,1.0,7043,409,0.001550598193750079,0.036305975168943405,0,1,3,14.540922400003183,13.803312299998652,0.737610100004531,13.803312299998652,0.737610100004531,d1991e82fa1ea0337d3d6296e2c904f22359ea22,1.8.0,7cc5bc598cfd6850415c80c2a5f22423f37a7ce8561077a69366f06d0ab14b1d,True,3.14.3,2.11.0+cpu,2.4.3,1.3.0,3.1.0,not-installed,not-installed,0.15844525656316416,0.0,1.0,1.0,1222.0,0.0,0.0,0.0,0.0,1.0,0.26666666666666666,0.08686868686868686,0.913131313131313,0.0,nan,nan,0.09486927551170511,nan,0.7333333333333333,0.7333333333333333,nan,0.26666666666666666,nan,nan,exact,151.05999999999997,21.0,neural,1222.0,4888.0,48880.0,nan,0.0,0.0,nan,,,,,,,,,,,,,,,
reviewer1_observation_shift_smoke,reviewer1_observation_shift_smoke,configs/reviewer1_remaining/smoke/observation_shift.yaml,Reviewer1-observation-shift-smoke,Reviewer1ObservationShift-v0,Reviewer1ObservationShift-v0,native_gymnasium_observation,count_gated_tau_20,11011,train,7203,,,7203,65,-1.9100000000000013,160,0.0,7203,419,0.001540170739566821,0.036305975168943405,0,1,3,14.818262799999502,14.080652699994971,0.737610100004531,14.080652699994971,0.737610100004531,d1991e82fa1ea0337d3d6296e2c904f22359ea22,1.8.0,7cc5bc598cfd6850415c80c2a5f22423f37a7ce8561077a69366f06d0ab14b1d,True,3.14.3,2.11.0+cpu,2.4.3,1.3.0,3.1.0,not-installed,not-installed,0.16140668680261253,0.0,1.0,1.0,1241.0,1.0,0.0,0.0,0.0,0.0,0.1125,0.23070839055379713,0.7692916094462028,0.0,nan,nan,0.2778668284710746,nan,0.8875,0.8875,nan,0.1125,nan,nan,exact,182.13125,29.6,neural,1241.0,4964.0,49640.0,nan,0.0,0.0,nan,,,,,,,,,,,,,,,
reviewer1_observation_shift_smoke,reviewer1_observation_shift_smoke,configs/reviewer1_remaining/smoke/observation_shift.yaml,Reviewer1-observation-shift-smoke,Reviewer1ObservationShift-v0,Reviewer1ObservationShift-v0,native_gymnasium_observation,count_gated_tau_20,11011,train,7363,,,7363,66,-1.8500000000000014,160,0.0,7363,429,0.0015059448155657232,0.036305975168943405,0,1,3,15.19915310000215,14.461542999997619,0.737610100004531,14.461542999997619,0.737610100004531,d1991e82fa1ea0337d3d6296e2c904f22359ea22,1.8.0,7cc5bc598cfd6850415c80c2a5f22423f37a7ce8561077a69366f06d0ab14b1d,True,3.14.3,2.11.0+cpu,2.4.3,1.3.0,3.1.0,not-installed,not-installed,0.16175711532381323,0.0,1.0,1.0,1267.0,1.0,0.0,0.0,0.0,0.0,0.1375,0.16211532200128373,0.8378846779987164,0.0,nan,nan,0.18257169830281478,nan,0.8625,0.8625,nan,0.1375,nan,nan,exact,192.003125,31.8,neural,1267.0,5068.0,50680.0,nan,0.0,0.0,nan,,,,,,,,,,,,,,,
reviewer1_observation_shift_smoke,reviewer1_observation_shift_smoke,configs/reviewer1_remaining/smoke/observation_shift.yaml,Reviewer1-observation-shift-smoke,Reviewer1ObservationShift-v0,Reviewer1ObservationShift-v0,native_gymnasium_observation,count_gated_tau_20,11011,train,7523,,,7523,67,-1.9000000000000015,160,0.0,7523,439,0.0014741117280801955,0.036305975168943405,0,1,3,15.531339799999841,14.79372969999531,0.737610100004531,14.79372969999531,0.737610100004531,d1991e82fa1ea0337d3d6296e2c904f22359ea22,1.8.0,7cc5bc598cfd6850415c80c2a5f22423f37a7ce8561077a69366f06d0ab14b1d,True,3.14.3,2.11.0+cpu,2.4.3,1.3.0,3.1.0,not-installed,not-installed,0.1606550054820703,0.0,1.0,1.0,1302.0,1.0,0.0,0.0,0.0,0.0,0.25625,0.1178054957313992,0.8821945042686007,0.0,nan,nan,0.1313932857550093,nan,0.74375,0.74375,nan,0.25625,nan,nan,exact,197.16,31.0,neural,1302.0,5208.0,52080.0,nan,0.0,0.0,nan,,,,,,,,,,,,,,,
reviewer1_observation_shift_smoke,reviewer1_observation_shift_smoke,configs/reviewer1_remaining/smoke/observation_shift.yaml,Reviewer1-observation-shift-smoke,Reviewer1ObservationShift-v0,Reviewer1ObservationShift-v0,native_gymnasium_observation,count_gated_tau_20,11011,train,7683,,,7683,68,-1.9900000000000015,160,0.0,7683,449,0.0014923461953517928,0.036305975168943405,0,1,3,15.824348900001496,15.086738799996965,0.737610100004531,15.086738799996965,0.737610100004531,d1991e82fa1ea0337d3d6296e2c904f22359ea22,1.8.0,7cc5bc598cfd6850415c80c2a5f22423f37a7ce8561077a69366f06d0ab14b1d,True,3.14.3,2.11.0+cpu,2.4.3,1.3.0,3.1.0,not-installed,not-installed,0.160127254785158,0.0,1.0,1.0,1324.0,1.0,0.0,0.0,0.0,0.0,0.1,0.15025601549336004,0.8497439845066399,0.0,nan,nan,0.1688245051486736,nan,0.9,0.9,nan,0.1,nan,nan,exact,196.493125,30.35,neural,1324.0,5296.0,52960.0,nan,0.0,0.0,nan,,,,,,,,,,,,,,,
reviewer1_observation_shift_smoke,reviewer1_observation_shift_smoke,configs/reviewer1_remaining/smoke/observation_shift.yaml,Reviewer1-observation-shift-smoke,Reviewer1ObservationShift-v0,Reviewer1ObservationShift-v0,native_gymnasium_observation,count_gated_tau_20,11011,train,7843,,,7843,69,-2.1500000000000004,160,0.0,7843,459,0.0014877894009517353,0.036305975168943405,0,1,3,16.073824200000672,15.336214099996141,0.737610100004531,15.336214099996141,0.737610100004531,d1991e82fa1ea0337d3d6296e2c904f22359ea22,1.8.0,7cc5bc598cfd6850415c80c2a5f22423f37a7ce8561077a69366f06d0ab14b1d,True,3.14.3,2.11.0+cpu,2.4.3,1.3.0,3.1.0,not-installed,not-installed,0.16911213455731652,0.0,1.0,1.0,1331.0,1.0,0.0,0.0,0.0,0.0,0.08125,0.3622469512708514,0.6377530487291486,0.0,nan,nan,0.4502427442859915,nan,0.91875,0.91875,nan,0.08125,nan,nan,exact,253.21937499999999,35.099999999999994,neural,1331.0,5324.0,53240.0,nan,0.0,0.0,nan,,,,,,,,,,,,,,,
reviewer1_observation_shift_smoke,reviewer1_observation_shift_smoke,configs/reviewer1_remaining/smoke/observation_shift.yaml,Reviewer1-observation-shift-smoke,Reviewer1ObservationShift-v0,Reviewer1ObservationShift-v0,native_gymnasium_observation,count_gated_tau_20,11011,train,8003,,,8003,70,-1.9400000000000015,160,0.0,8003,469,0.0014782142176464326,0.036305975168943405,0,1,3,16.36720630000491,15.629596200000378,0.737610100004531,15.629596200000378,0.737610100004531,d1991e82fa1ea0337d3d6296e2c904f22359ea22,1.8.0,7cc5bc598cfd6850415c80c2a5f22423f37a7ce8561077a69366f06d0ab14b1d,True,3.14.3,2.11.0+cpu,2.4.3,1.3.0,3.1.0,not-installed,not-installed,0.16742907350220346,0.0,1.0,1.0,1364.0,1.0,0.0,0.0,0.0,0.0,0.25625,0.11896695720744635,0.8810330427925536,0.0,nan,nan,0.1313837826257213,nan,0.74375,0.74375,nan,0.25625,nan,nan,exact,211.226875,30.9,neural,1364.0,5456.0,54560.0,nan,0.0,0.0,nan,,,,,,,,,,,,,,,
reviewer1_observation_shift_smoke,reviewer1_observation_shift_smoke,configs/reviewer1_remaining/smoke/observation_shift.yaml,Reviewer1-observation-shift-smoke,Reviewer1ObservationShift-v0,Reviewer1ObservationShift-v0,native_gymnasium_observation,count_gated_tau_20,11011,train,8163,,,8163,71,-2.09,160,0.0,8163,479,0.001478416658000335,0.036305975168943405,0,1,3,16.672013800001878,15.934403699997347,0.737610100004531,15.934403699997347,0.737610100004531,d1991e82fa1ea0337d3d6296e2c904f22359ea22,1.8.0,7cc5bc598cfd6850415c80c2a5f22423f37a7ce8561077a69366f06d0ab14b1d,True,3.14.3,2.11.0+cpu,2.4.3,1.3.0,3.1.0,not-installed,not-installed,0.16792368713539285,0.0,1.0,1.0,1395.0,1.0,0.0,0.0,0.0,0.0,0.25625,0.1847593491413915,0.8152406508586084,0.0,nan,nan,0.2220120140511371,nan,0.74375,0.74375,nan,0.25625,nan,nan,exact,234.19250000000002,32.05,neural,1395.0,5580.0,55800.0,nan,0.0,0.0,nan,,,,,,,,,,,,,,,
reviewer1_observation_shift_smoke,reviewer1_observation_shift_smoke,configs/reviewer1_remaining/smoke/observation_shift.yaml,Reviewer1-observation-shift-smoke,Reviewer1ObservationShift-v0,Reviewer1ObservationShift-v0,native_gymnasium_observation,count_gated_tau_20,11011,train,8309,,,8309,72,-0.8500000000000012,146,1.0,8309,488,0.001496278461111794,0.036305975168943405,0,1,3,16.924590000002354,16.186979899997823,0.737610100004531,16.186979899997823,0.737610100004531,d1991e82fa1ea0337d3d6296e2c904f22359ea22,1.8.0,7cc5bc598cfd6850415c80c2a5f22423f37a7ce8561077a69366f06d0ab14b1d,True,3.14.3,2.11.0+cpu,2.4.3,1.3.0,3.1.0,not-installed,not-installed,0.16994655540878856,0.0,1.0,1.0,1413.0,0.0,0.0,0.0,0.0,1.0,0.1232876712328767,0.23621534556024876,0.7637846544397513,0.0,nan,nan,0.27957894266455013,nan,0.8767123287671232,0.8767123287671232,nan,0.1232876712328767,nan,nan,exact,203.3082191780822,28.25,neural,1413.0,5652.0,56520.0,nan,0.0,0.0,nan,,,,,,,,,,,,,,,
reviewer1_observation_shift_smoke,reviewer1_observation_shift_smoke,configs/reviewer1_remaining/smoke/observation_shift.yaml,Reviewer1-observation-shift-smoke,Reviewer1ObservationShift-v0,Reviewer1ObservationShift-v0,native_gymnasium_observation,count_gated_tau_20,11011,train,8397,,,8397,73,-0.20000000000000084,88,1.0,8397,493,0.0014820594813363549,0.036305975168943405,0,1,3,17.041679699999804,16.304069599995273,0.737610100004531,16.304069599995273,0.737610100004531,d1991e82fa1ea0337d3d6296e2c904f22359ea22,1.8.0,7cc5bc598cfd6850415c80c2a5f22423f37a7ce8561077a69366f06d0ab14b1d,True,3.14.3,2.11.0+cpu,2.4.3,1.3.0,3.1.0,not-installed,not-installed,0.169763853068952,0.0,1.0,1.0,1435.0,0.0,0.0,0.0,0.0,1.0,0.29545454545454547,0.16865402286429712,0.8313459771357029,0.0,nan,nan,0.19715454081294784,nan,0.7045454545454546,0.7045454545454546,nan,0.29545454545454547,nan,nan,exact,216.75227272727273,31.0,neural,1435.0,5740.0,57400.0,nan,0.0,0.0,nan,,,,,,,,,,,,,,,
reviewer1_observation_shift_smoke,reviewer1_observation_shift_smoke,configs/reviewer1_remaining/smoke/observation_shift.yaml,Reviewer1-observation-shift-smoke,Reviewer1ObservationShift-v0,Reviewer1ObservationShift-v0,native_gymnasium_observation,count_gated_tau_20,11011,train,8557,,,8557,74,-2.08,160,0.0,8557,503,0.0014753393502459715,0.036305975168943405,0,1,3,17.314265600005456,16.576655500000925,0.737610100004531,16.576655500000925,0.737610100004531,d1991e82fa1ea0337d3d6296e2c904f22359ea22,1.8.0,7cc5bc598cfd6850415c80c2a5f22423f37a7ce8561077a69366f06d0ab14b1d,True,3.14.3,2.11.0+cpu,2.4.3,1.3.0,3.1.0,not-installed,not-installed,0.17731882229966112,0.0,1.0,1.0,1437.0,1.0,0.0,0.0,0.0,0.0,0.01875,0.37406128969100727,0.6259387103089928,0.0,nan,nan,0.46044532455226383,nan,0.98125,0.98125,nan,0.01875,nan,nan,exact,218.221875,29.0,neural,1437.0,5748.0,57480.0,nan,0.0,0.0,nan,,,,,,,,,,,,,,,
reviewer1_observation_shift_smoke,reviewer1_observation_shift_smoke,configs/reviewer1_remaining/smoke/observation_shift.yaml,Reviewer1-observation-shift-smoke,Reviewer1ObservationShift-v0,Reviewer1ObservationShift-v0,native_gymnasium_observation,count_gated_tau_20,11011,train,8602,,,8602,75,0.44999999999999973,45,1.0,8602,506,0.0014926760886288257,0.036305975168943405,0,1,3,17.387854700005846,16.650244600001315,0.737610100004531,16.650244600001315,0.737610100004531,d1991e82fa1ea0337d3d6296e2c904f22359ea22,1.8.0,7cc5bc598cfd6850415c80c2a5f22423f37a7ce8561077a69366f06d0ab14b1d,True,3.14.3,2.11.0+cpu,2.4.3,1.3.0,3.1.0,not-installed,not-installed,0.17711878856267826,0.0,1.0,1.0,1440.0,0.0,0.0,0.0,0.0,1.0,0.13333333333333333,0.14826032456658003,0.8517396754334199,0.0,nan,nan,0.16443693730927694,nan,0.8666666666666667,0.8666666666666667,nan,0.13333333333333333,nan,nan,exact,197.9777777777778,29.9,neural,1440.0,5760.0,57600.0,nan,0.0,0.0,nan,,,,,,,,,,,,,,,
reviewer1_observation_shift_smoke,reviewer1_observation_shift_smoke,configs/reviewer1_remaining/smoke/observation_shift.yaml,Reviewer1-observation-shift-smoke,Reviewer1ObservationShift-v0,Reviewer1ObservationShift-v0,native_gymnasium_observation,count_gated_tau_20,11011,train,8762,,,8762,76,-1.9300000000000015,160,0.0,8762,516,0.0014871160228634018,0.036305975168943405,0,1,3,17.707070000004023,16.969459899999492,0.737610100004531,16.969459899999492,0.737610100004531,d1991e82fa1ea0337d3d6296e2c904f22359ea22,1.8.0,7cc5bc598cfd6850415c80c2a5f22423f37a7ce8561077a69366f06d0ab14b1d,True,3.14.3,2.11.0+cpu,2.4.3,1.3.0,3.1.0,not-installed,not-installed,0.1789377257453567,0.0,1.0,1.0,1444.0,1.0,0.0,0.0,0.0,0.0,0.00625,0.25392661316227816,0.7460733868377218,0.0,nan,nan,0.2935521497459462,nan,0.99375,0.99375,nan,0.00625,nan,nan,exact,189.59625,28.2,neural,1444.0,5776.0,57760.0,nan,0.0,0.0,nan,,,,,,,,,,,,,,,
reviewer1_observation_shift_smoke,reviewer1_observation_shift_smoke,configs/reviewer1_remaining/smoke/observation_shift.yaml,Reviewer1-observation-shift-smoke,Reviewer1ObservationShift-v0,Reviewer1ObservationShift-v0,native_gymnasium_observation,count_gated_tau_20,11011,train,8922,,,8922,77,-2.129999999999999,160,0.0,8922,526,0.001547337511695716,0.036305975168943405,0,1,3,18.03341619999992,17.29580609999539,0.737610100004531,17.29580609999539,0.737610100004531,d1991e82fa1ea0337d3d6296e2c904f22359ea22,1.8.0,7cc5bc598cfd6850415c80c2a5f22423f37a7ce8561077a69366f06d0ab14b1d,True,3.14.3,2.11.0+cpu,2.4.3,1.3.0,3.1.0,not-installed,not-installed,0.17835644596387248,0.0,1.0,1.0,1464.0,1.0,0.0,0.0,0.0,0.0,0.16875,0.17739361522369831,0.8226063847763017,0.0,nan,nan,0.20405100715234759,nan,0.83125,0.83125,nan,0.16875,nan,nan,exact,203.69625000000002,29.35,neural,1464.0,5856.0,58560.0,nan,0.0,0.0,nan,,,,,,,,,,,,,,,
reviewer1_observation_shift_smoke,reviewer1_observation_shift_smoke,configs/reviewer1_remaining/smoke/observation_shift.yaml,Reviewer1-observation-shift-smoke,Reviewer1ObservationShift-v0,Reviewer1ObservationShift-v0,native_gymnasium_observation,count_gated_tau_20,11011,train,9002,,,9002,78,-0.030000000000000693,80,1.0,9002,531,0.0015558282368383412,0.036305975168943405,0,1,3,18.15456919999997,17.416959099995438,0.737610100004531,17.416959099995438,0.737610100004531,d1991e82fa1ea0337d3d6296e2c904f22359ea22,1.8.0,7cc5bc598cfd6850415c80c2a5f22423f37a7ce8561077a69366f06d0ab14b1d,True,3.14.3,2.11.0+cpu,2.4.3,1.3.0,3.1.0,not-installed,not-installed,0.17790058182774257,0.0,1.0,1.0,1474.0,0.0,0.0,0.0,0.0,1.0,0.05,0.16191406917240575,0.8380859308275941,0.0,nan,nan,0.1806371334501061,nan,0.95,0.95,nan,0.05,nan,nan,exact,250.79375,40.2,neural,1474.0,5896.0,58960.0,nan,0.0,0.0,nan,,,,,,,,,,,,,,,
reviewer1_observation_shift_smoke,reviewer1_observation_shift_smoke,configs/reviewer1_remaining/smoke/observation_shift.yaml,Reviewer1-observation-shift-smoke,Reviewer1ObservationShift-v0,Reviewer1ObservationShift-v0,native_gymnasium_observation,count_gated_tau_20,11011,train,9162,,,9162,79,-2.15,160,0.0,9162,541,0.0015488157848137845,0.036305975168943405,0,1,3,18.486148399999365,17.748538299994834,0.737610100004531,17.748538299994834,0.737610100004531,d1991e82fa1ea0337d3d6296e2c904f22359ea22,1.8.0,7cc5bc598cfd6850415c80c2a5f22423f37a7ce8561077a69366f06d0ab14b1d,True,3.14.3,2.11.0+cpu,2.4.3,1.3.0,3.1.0,not-installed,not-installed,0.17758880262384216,0.0,1.0,1.0,1500.0,1.0,0.0,0.0,0.0,0.0,0.2,0.18631940521946283,0.8136805947805371,0.0,nan,nan,0.21819120522476707,nan,0.8,0.8,nan,0.2,nan,nan,exact,294.25374999999997,445.35,neural,1500.0,6000.0,60000.0,nan,0.0,0.0,nan,,,,,,,,,,,,,,,
reviewer1_observation_shift_smoke,reviewer1_observation_shift_smoke,configs/reviewer1_remaining/smoke/observation_shift.yaml,Reviewer1-observation-shift-smoke,Reviewer1ObservationShift-v0,Reviewer1ObservationShift-v0,native_gymnasium_observation,count_gated_tau_20,11011,train,9322,,,9322,80,-2.249999999999999,160,0.0,9322,551,0.0015431096874729928,0.036305975168943405,0,1,3,18.70648930000607,17.96887920000154,0.737610100004531,17.96887920000154,0.737610100004531,d1991e82fa1ea0337d3d6296e2c904f22359ea22,1.8.0,7cc5bc598cfd6850415c80c2a5f22423f37a7ce8561077a69366f06d0ab14b1d,True,3.14.3,2.11.0+cpu,2.4.3,1.3.0,3.1.0,not-installed,not-installed,0.17935191564022138,0.0,1.0,1.0,1524.0,1.0,0.0,0.0,0.0,0.0,0.13125,0.26178106728492934,0.7382189327150707,0.0,nan,nan,0.3203520093903371,nan,0.86875,0.86875,nan,0.13125,nan,nan,exact,258.35125,38.4,neural,1524.0,6096.0,60960.0,nan,0.0,0.0,nan,,,,,,,,,,,,,,,
reviewer1_observation_shift_smoke,reviewer1_observation_shift_smoke,configs/reviewer1_remaining/smoke/observation_shift.yaml,Reviewer1-observation-shift-smoke,Reviewer1ObservationShift-v0,Reviewer1ObservationShift-v0,native_gymnasium_observation,count_gated_tau_20,11011,train,9482,,,9482,81,-2.0200000000000014,160,0.0,9482,561,0.0015396347967606243,0.036305975168943405,0,1,3,19.000738499998988,18.263128399994457,0.737610100004531,18.263128399994457,0.737610100004531,d1991e82fa1ea0337d3d6296e2c904f22359ea22,1.8.0,7cc5bc598cfd6850415c80c2a5f22423f37a7ce8561077a69366f06d0ab14b1d,True,3.14.3,2.11.0+cpu,2.4.3,1.3.0,3.1.0,not-installed,not-installed,0.1790785662648279,0.0,1.0,1.0,1544.0,1.0,0.0,0.0,0.0,0.0,0.14375,0.1861959038468161,0.8138040961531839,0.0,nan,nan,0.21459459453221666,nan,0.85625,0.85625,nan,0.14375,nan,nan,exact,226.40875,30.95,neural,1544.0,6176.0,61760.0,nan,0.0,0.0,nan,,,,,,,,,,,,,,,
reviewer1_observation_shift_smoke,reviewer1_observation_shift_smoke,configs/reviewer1_remaining/smoke/observation_shift.yaml,Reviewer1-observation-shift-smoke,Reviewer1ObservationShift-v0,Reviewer1ObservationShift-v0,native_gymnasium_observation,count_gated_tau_20,11011,train,9642,,,9642,82,-2.2900000000000005,160,0.0,9642,571,0.001533361092993568,0.036305975168943405,0,1,3,19.25636790000135,18.51875779999682,0.737610100004531,18.51875779999682,0.737610100004531,d1991e82fa1ea0337d3d6296e2c904f22359ea22,1.8.0,7cc5bc598cfd6850415c80c2a5f22423f37a7ce8561077a69366f06d0ab14b1d,True,3.14.3,2.11.0+cpu,2.4.3,1.3.0,3.1.0,not-installed,not-installed,0.18479259645052698,0.0,1.0,1.0,1544.0,1.0,0.0,0.0,0.0,0.0,0.0,0.3349334975973306,0.6650665024026694,0.0,nan,nan,0.4079699541163787,nan,1.0,1.0,nan,0.0,nan,nan,exact,258.55125,44.9,neural,1544.0,6176.0,61760.0,nan,0.0,0.0,nan,,,,,,,,,,,,,,,
reviewer1_observation_shift_smoke,reviewer1_observation_shift_smoke,configs/reviewer1_remaining/smoke/observation_shift.yaml,Reviewer1-observation-shift-smoke,Reviewer1ObservationShift-v0,Reviewer1ObservationShift-v0,native_gymnasium_observation,count_gated_tau_20,11011,train,9682,,,9682,83,0.5199999999999998,40,1.0,9682,574,0.0015271941537010694,0.036305975168943405,0,1,3,19.31271530000231,18.57510519999778,0.737610100004531,18.57510519999778,0.737610100004531,d1991e82fa1ea0337d3d6296e2c904f22359ea22,1.8.0,7cc5bc598cfd6850415c80c2a5f22423f37a7ce8561077a69366f06d0ab14b1d,True,3.14.3,2.11.0+cpu,2.4.3,1.3.0,3.1.0,not-installed,not-installed,0.1846622092036196,0.0,1.0,1.0,1545.0,0.0,0.0,0.0,0.0,1.0,0.225,0.20785212948684784,0.7921478705131522,0.0,nan,nan,0.24743660097370473,nan,0.775,0.775,nan,0.225,nan,nan,exact,195.5,23.4,neural,1545.0,6180.0,61800.0,nan,0.0,0.0,nan,,,,,,,,,,,,,,,
reviewer1_observation_shift_smoke,reviewer1_observation_shift_smoke,configs/reviewer1_remaining/smoke/observation_shift.yaml,Reviewer1-observation-shift-smoke,Reviewer1ObservationShift-v0,Reviewer1ObservationShift-v0,native_gymnasium_observation,count_gated_tau_20,11011,train,9841,,,9841,84,-1.1,159,1.0,9841,584,0.0015194529179605723,0.036305975168943405,0,1,3,19.651925500002108,18.914315399997577,0.737610100004531,18.914315399997577,0.737610100004531,d1991e82fa1ea0337d3d6296e2c904f22359ea22,1.8.0,7cc5bc598cfd6850415c80c2a5f22423f37a7ce8561077a69366f06d0ab14b1d,True,3.14.3,2.11.0+cpu,2.4.3,1.3.0,3.1.0,not-installed,not-installed,0.18428395378227932,0.0,1.0,1.0,1568.0,0.0,0.0,0.0,0.0,1.0,0.11949685534591195,0.19028813447801632,0.8097118655219835,0.0,nan,nan,0.22182800435855288,nan,0.8805031446540881,0.8805031446540881,nan,0.11949685534591195,nan,nan,exact,277.340251572327,39.8,neural,1568.0,6272.0,62720.0,nan,0.0,0.0,nan,,,,,,,,,,,,,,,
reviewer1_observation_shift_smoke,reviewer1_observation_shift_smoke,configs/reviewer1_remaining/smoke/observation_shift.yaml,Reviewer1-observation-shift-smoke,Reviewer1ObservationShift-v0,Reviewer1ObservationShift-v0,native_gymnasium_observation,count_gated_tau_20,11011,train,10001,,,10001,85,-2.1099999999999994,160,0.0,10001,594,0.0014964173035063484,0.036305975168943405,0,1,3,19.91572940000333,19.178119299998798,0.737610100004531,19.178119299998798,0.737610100004531,d1991e82fa1ea0337d3d6296e2c904f22359ea22,1.8.0,7cc5bc598cfd6850415c80c2a5f22423f37a7ce8561077a69366f06d0ab14b1d,True,3.14.3,2.11.0+cpu,2.4.3,1.3.0,3.1.0,not-installed,not-installed,0.1871698537846142,0.0,1.0,1.0,1590.0,1.0,0.0,0.0,0.0,0.0,0.18125,0.24070030332841616,0.7592996966715837,0.0,nan,nan,0.2926391763544359,nan,0.81875,0.81875,nan,0.18125,nan,nan,exact,254.90187499999996,37.349999999999994,neural,1590.0,6360.0,63600.0,nan,0.0,0.0,nan,,,,,,,,,,,,,,,
reviewer1_observation_shift_smoke,reviewer1_observation_shift_smoke,configs/reviewer1_remaining/smoke/observation_shift.yaml,Reviewer1-observation-shift-smoke,Reviewer1ObservationShift-v0,Reviewer1ObservationShift-v0,native_gymnasium_observation,count_gated_tau_20,11011,train,10161,,,10161,86,-1.9700000000000015,160,0.0,10161,604,0.001472845580212909,0.036305975168943405,0,1,3,20.21211190000031,19.474501799995778,0.737610100004531,19.474501799995778,0.737610100004531,d1991e82fa1ea0337d3d6296e2c904f22359ea22,1.8.0,7cc5bc598cfd6850415c80c2a5f22423f37a7ce8561077a69366f06d0ab14b1d,True,3.14.3,2.11.0+cpu,2.4.3,1.3.0,3.1.0,not-installed,not-installed,0.1921383052307341,0.0,1.0,1.0,1594.0,1.0,0.0,0.0,0.0,0.0,0.00625,0.3232738334302713,0.6767261665697286,0.0,nan,nan,0.390774241737318,nan,0.99375,0.99375,nan,0.00625,nan,nan,exact,266.32374999999996,41.2,neural,1594.0,6376.0,63760.0,nan,0.0,0.0,nan,,,,,,,,,,,,,,,
reviewer1_observation_shift_smoke,reviewer1_observation_shift_smoke,configs/reviewer1_remaining/smoke/observation_shift.yaml,Reviewer1-observation-shift-smoke,Reviewer1ObservationShift-v0,Reviewer1ObservationShift-v0,native_gymnasium_observation,count_gated_tau_20,11011,train,10179,,,10179,87,0.78,18,1.0,10179,605,0.0014835714592851775,0.036305975168943405,0,1,3,20.2378583000027,19.50024819999817,0.737610100004531,19.50024819999817,0.737610100004531,d1991e82fa1ea0337d3d6296e2c904f22359ea22,1.8.0,7cc5bc598cfd6850415c80c2a5f22423f37a7ce8561077a69366f06d0ab14b1d,True,3.14.3,2.11.0+cpu,2.4.3,1.3.0,3.1.0,not-installed,not-installed,0.19180368439734966,0.0,1.0,1.0,1604.0,0.0,0.0,0.0,0.0,1.0,0.6111111111111112,0.04737854737854738,0.9526214526214526,0.0,nan,nan,0.05311920567187321,nan,0.3888888888888889,0.3888888888888889,nan,0.6111111111111112,nan,nan,unsupported,157.10555555555553,24.950000000000003,neural,1604.0,6416.0,64160.0,nan,0.0,0.0,nan,,,,,,,,,,,,,,,
reviewer1_observation_shift_smoke,reviewer1_observation_shift_smoke,configs/reviewer1_remaining/smoke/observation_shift.yaml,Reviewer1-observation-shift-smoke,Reviewer1ObservationShift-v0,Reviewer1ObservationShift-v0,native_gymnasium_observation,count_gated_tau_20,11011,train,10339,,,10339,88,-1.9500000000000015,160,0.0,10339,615,0.0015068437340720797,0.036305975168943405,0,1,3,20.496526200004155,19.758916099999624,0.737610100004531,19.758916099999624,0.737610100004531,d1991e82fa1ea0337d3d6296e2c904f22359ea22,1.8.0,7cc5bc598cfd6850415c80c2a5f22423f37a7ce8561077a69366f06d0ab14b1d,True,3.14.3,2.11.0+cpu,2.4.3,1.3.0,3.1.0,not-installed,not-installed,0.19245622228531659,0.0,1.0,1.0,1620.0,1.0,0.0,0.0,0.0,0.0,0.0875,0.2098672641867246,0.7901327358132754,0.0,nan,nan,0.24574111259788262,nan,0.9125,0.9125,nan,0.0875,nan,nan,exact,222.32937499999997,30.0,neural,1620.0,6480.0,64800.0,nan,0.0,0.0,nan,,,,,,,,,,,,,,,
reviewer1_observation_shift_smoke,reviewer1_observation_shift_smoke,configs/reviewer1_remaining/smoke/observation_shift.yaml,Reviewer1-observation-shift-smoke,Reviewer1ObservationShift-v0,Reviewer1ObservationShift-v0,native_gymnasium_observation,count_gated_tau_20,11011,train,10499,,,10499,89,-2.2899999999999996,160,0.0,10499,625,0.0015152874867766512,0.036305975168943405,0,1,3,20.829608300002292,20.09199819999776,0.737610100004531,20.09199819999776,0.737610100004531,d1991e82fa1ea0337d3d6296e2c904f22359ea22,1.8.0,7cc5bc598cfd6850415c80c2a5f22423f37a7ce8561077a69366f06d0ab14b1d,True,3.14.3,2.11.0+cpu,2.4.3,1.3.0,3.1.0,not-installed,not-installed,0.19327301643442454,0.0,1.0,1.0,1637.0,1.0,0.0,0.0,0.0,0.0,0.1,0.21789241171590584,0.7821075882840941,0.0,nan,nan,0.2561352635663832,nan,0.9,0.9,nan,0.1,nan,nan,exact,248.29875,34.15,neural,1637.0,6548.0,65480.0,nan,0.0,0.0,nan,,,,,,,,,,,,,,,
reviewer1_observation_shift_smoke,reviewer1_observation_shift_smoke,configs/reviewer1_remaining/smoke/observation_shift.yaml,Reviewer1-observation-shift-smoke,Reviewer1ObservationShift-v0,Reviewer1ObservationShift-v0,native_gymnasium_observation,count_gated_tau_20,11011,train,10653,,,10653,90,-0.9400000000000015,154,1.0,10653,634,0.0015068025946110128,0.036305975168943405,0,1,3,21.099636600003578,20.362026499999047,0.737610100004531,20.362026499999047,0.737610100004531,d1991e82fa1ea0337d3d6296e2c904f22359ea22,1.8.0,7cc5bc598cfd6850415c80c2a5f22423f37a7ce8561077a69366f06d0ab14b1d,True,3.14.3,2.11.0+cpu,2.4.3,1.3.0,3.1.0,not-installed,not-installed,0.19416997079958598,0.0,1.0,1.0,1648.0,0.0,0.0,0.0,0.0,1.0,0.09740259740259741,0.21607626569061694,0.783923734309383,0.0,nan,nan,0.25134681705418443,nan,0.9025974025974026,0.9025974025974026,nan,0.09740259740259741,nan,nan,exact,302.28246753246754,111.15,neural,1648.0,6592.0,65920.0,nan,0.0,0.0,nan,,,,,,,,,,,,,,,
reviewer1_observation_shift_smoke,reviewer1_observation_shift_smoke,configs/reviewer1_remaining/smoke/observation_shift.yaml,Reviewer1-observation-shift-smoke,Reviewer1ObservationShift-v0,Reviewer1ObservationShift-v0,native_gymnasium_observation,count_gated_tau_20,11011,train,10813,,,10813,91,-1.9600000000000015,160,0.0,10813,644,0.0014857916045801977,0.036305975168943405,0,1,3,21.456955400004517,20.719345299999986,0.737610100004531,20.719345299999986,0.737610100004531,d1991e82fa1ea0337d3d6296e2c904f22359ea22,1.8.0,7cc5bc598cfd6850415c80c2a5f22423f37a7ce8561077a69366f06d0ab14b1d,True,3.14.3,2.11.0+cpu,2.4.3,1.3.0,3.1.0,not-installed,not-installed,0.19596539300645915,0.0,1.0,1.0,1652.0,1.0,0.0,0.0,0.0,0.0,0.0375,0.28806687130377806,0.7119331286962218,0.0,nan,nan,0.34146244441649504,nan,0.9625,0.9625,nan,0.0375,nan,nan,exact,234.57375000000002,34.0,neural,1652.0,6608.0,66080.0,nan,0.0,0.0,nan,,,,,,,,,,,,,,,
reviewer1_observation_shift_smoke,reviewer1_observation_shift_smoke,configs/reviewer1_remaining/smoke/observation_shift.yaml,Reviewer1-observation-shift-smoke,Reviewer1ObservationShift-v0,Reviewer1ObservationShift-v0,native_gymnasium_observation,count_gated_tau_20,11011,train,10836,,,10836,92,0.7,23,1.0,10836,646,0.001481663066672192,0.036305975168943405,0,1,3,21.51134080000338,20.77373069999885,0.737610100004531,20.77373069999885,0.737610100004531,d1991e82fa1ea0337d3d6296e2c904f22359ea22,1.8.0,7cc5bc598cfd6850415c80c2a5f22423f37a7ce8561077a69366f06d0ab14b1d,True,3.14.3,2.11.0+cpu,2.4.3,1.3.0,3.1.0,not-installed,not-installed,0.19592280981892934,0.0,1.0,1.0,1654.0,0.0,0.0,0.0,0.0,1.0,0.17391304347826086,0.18216734561023845,0.8178326543897615,0.0,nan,nan,0.20624188070374594,nan,0.8260869565217391,0.8260869565217391,nan,0.17391304347826086,nan,nan,exact,398.76956521739135,493.6,neural,1654.0,6616.0,66160.0,nan,0.0,0.0,nan,,,,,,,,,,,,,,,
reviewer1_observation_shift_smoke,reviewer1_observation_shift_smoke,configs/reviewer1_remaining/smoke/observation_shift.yaml,Reviewer1-observation-shift-smoke,Reviewer1ObservationShift-v0,Reviewer1ObservationShift-v0,native_gymnasium_observation,count_gated_tau_20,11011,train,10996,,,10996,93,-1.7300000000000013,160,0.0,10996,656,0.0014724210849311288,0.036305975168943405,0,1,3,21.86608680000063,21.1284766999961,0.737610100004531,21.1284766999961,0.737610100004531,d1991e82fa1ea0337d3d6296e2c904f22359ea22,1.8.0,7cc5bc598cfd6850415c80c2a5f22423f37a7ce8561077a69366f06d0ab14b1d,True,3.14.3,2.11.0+cpu,2.4.3,1.3.0,3.1.0,not-installed,not-installed,0.2020638033317963,0.0,1.0,1.0,1654.0,1.0,0.0,0.0,0.0,0.0,0.0,0.4099900417642816,0.5900099582357183,0.0,nan,nan,0.505896031671427,nan,1.0,1.0,nan,0.0,nan,nan,exact,314.768125,64.25,neural,1654.0,6616.0,66160.0,nan,0.0,0.0,nan,,,,,,,,,,,,,,,
reviewer1_observation_shift_smoke,reviewer1_observation_shift_smoke,configs/reviewer1_remaining/smoke/observation_shift.yaml,Reviewer1-observation-shift-smoke,Reviewer1ObservationShift-v0,Reviewer1ObservationShift-v0,native_gymnasium_observation,count_gated_tau_20,11011,train,11156,,,11156,94,-2.129999999999999,160,0.0,11156,666,0.0014532011167865712,0.036305975168943405,0,1,3,22.23155730000144,21.49394719999691,0.737610100004531,21.49394719999691,0.737610100004531,d1991e82fa1ea0337d3d6296e2c904f22359ea22,1.8.0,7cc5bc598cfd6850415c80c2a5f22423f37a7ce8561077a69366f06d0ab14b1d,True,3.14.3,2.11.0+cpu,2.4.3,1.3.0,3.1.0,not-installed,not-installed,0.2054376341156232,0.0,1.0,1.0,1660.0,1.0,0.0,0.0,0.0,0.0,0.03125,0.28471890040303127,0.7152810995969687,0.0,nan,nan,0.3416087880916075,nan,0.96875,0.96875,nan,0.03125,nan,nan,exact,388.92312499999997,461.0,neural,1660.0,6640.0,66400.0,nan,0.0,0.0,nan,,,,,,,,,,,,,,,
reviewer1_observation_shift_smoke,reviewer1_observation_shift_smoke,configs/reviewer1_remaining/smoke/observation_shift.yaml,Reviewer1-observation-shift-smoke,Reviewer1ObservationShift-v0,Reviewer1ObservationShift-v0,native_gymnasium_observation,count_gated_tau_20,11011,train,11316,,,11316,95,-2.15,160,0.0,11316,676,0.0014592912960004405,0.036305975168943405,0,1,3,22.56642290000309,21.82881279999856,0.737610100004531,21.82881279999856,0.737610100004531,d1991e82fa1ea0337d3d6296e2c904f22359ea22,1.8.0,7cc5bc598cfd6850415c80c2a5f22423f37a7ce8561077a69366f06d0ab14b1d,True,3.14.3,2.11.0+cpu,2.4.3,1.3.0,3.1.0,not-installed,not-installed,0.20857330604530352,0.0,1.0,1.0,1663.0,1.0,0.0,0.0,0.0,0.0,0.01875,0.3445797323808845,0.6554202676191154,0.0,nan,nan,0.41751816089272414,nan,0.98125,0.98125,nan,0.01875,nan,nan,exact,310.98625000000004,59.3,neural,1663.0,6652.0,66520.0,nan,0.0,0.0,nan,,,,,,,,,,,,,,,
reviewer1_observation_shift_smoke,reviewer1_observation_shift_smoke,configs/reviewer1_remaining/smoke/observation_shift.yaml,Reviewer1-observation-shift-smoke,Reviewer1ObservationShift-v0,Reviewer1ObservationShift-v0,native_gymnasium_observation,count_gated_tau_20,11011,train,11476,,,11476,96,-2.359999999999999,160,0.0,11476,686,0.0014783435772572138,0.036305975168943405,0,1,3,22.780588699999498,22.042978599994967,0.737610100004531,22.042978599994967,0.737610100004531,d1991e82fa1ea0337d3d6296e2c904f22359ea22,1.8.0,7cc5bc598cfd6850415c80c2a5f22423f37a7ce8561077a69366f06d0ab14b1d,True,3.14.3,2.11.0+cpu,2.4.3,1.3.0,3.1.0,not-installed,not-installed,0.21120256793232733,0.0,1.0,1.0,1674.0,1.0,0.0,0.0,0.0,0.0,0.11875,0.318938689935713,0.681061310064287,0.0,nan,nan,0.3935039385760602,nan,0.88125,0.88125,nan,0.11875,nan,nan,exact,319.01937499999997,408.25,neural,1674.0,6696.0,66960.0,nan,0.0,0.0,nan,,,,,,,,,,,,,,,
reviewer1_observation_shift_smoke,reviewer1_observation_shift_smoke,configs/reviewer1_remaining/smoke/observation_shift.yaml,Reviewer1-observation-shift-smoke,Reviewer1ObservationShift-v0,Reviewer1ObservationShift-v0,native_gymnasium_observation,count_gated_tau_20,11011,train,11636,,,11636,97,-1.9400000000000013,160,0.0,11636,696,0.0014620812007327306,0.036305975168943405,0,1,3,23.09971050000604,22.36210040000151,0.737610100004531,22.36210040000151,0.737610100004531,d1991e82fa1ea0337d3d6296e2c904f22359ea22,1.8.0,7cc5bc598cfd6850415c80c2a5f22423f37a7ce8561077a69366f06d0ab14b1d,True,3.14.3,2.11.0+cpu,2.4.3,1.3.0,3.1.0,not-installed,not-installed,0.21293553826194123,0.0,1.0,1.0,1680.0,1.0,0.0,0.0,0.0,0.0,0.04375,0.28907361595886105,0.7109263840411388,0.0,nan,nan,0.34559257729609794,nan,0.95625,0.95625,nan,0.04375,nan,nan,exact,310.04125,423.8,neural,1680.0,6720.0,67200.0,nan,0.0,0.0,nan,,,,,,,,,,,,,,,
reviewer1_observation_shift_smoke,reviewer1_observation_shift_smoke,configs/reviewer1_remaining/smoke/observation_shift.yaml,Reviewer1-observation-shift-smoke,Reviewer1ObservationShift-v0,Reviewer1ObservationShift-v0,native_gymnasium_observation,count_gated_tau_20,11011,train,11657,,,11657,98,0.72,21,1.0,11657,697,0.001460258812464027,0.036305975168943405,0,1,3,23.13905440000235,22.40144429999782,0.737610100004531,22.40144429999782,0.737610100004531,d1991e82fa1ea0337d3d6296e2c904f22359ea22,1.8.0,7cc5bc598cfd6850415c80c2a5f22423f37a7ce8561077a69366f06d0ab14b1d,True,3.14.3,2.11.0+cpu,2.4.3,1.3.0,3.1.0,not-installed,not-installed,0.21209848379256768,0.0,1.0,1.0,1689.0,0.0,0.0,0.0,0.0,1.0,0.38095238095238093,0.06248016993358608,0.9375198300664138,0.0,nan,nan,0.06647986497279741,nan,0.6190476190476191,0.6190476190476191,nan,0.38095238095238093,nan,nan,exact,438.2666666666667,445.6,neural,1689.0,6756.0,67560.0,nan,0.0,0.0,nan,,,,,,,,,,,,,,,
reviewer1_observation_shift_smoke,reviewer1_observation_shift_smoke,configs/reviewer1_remaining/smoke/observation_shift.yaml,Reviewer1-observation-shift-smoke,Reviewer1ObservationShift-v0,Reviewer1ObservationShift-v0,native_gymnasium_observation,count_gated_tau_20,11011,train,11789,,,11789,99,-0.7800000000000014,132,1.0,11789,705,0.0014740839536821016,0.036305975168943405,0,1,3,23.44454670000414,22.706936599999608,0.737610100004531,22.706936599999608,0.737610100004531,d1991e82fa1ea0337d3d6296e2c904f22359ea22,1.8.0,7cc5bc598cfd6850415c80c2a5f22423f37a7ce8561077a69366f06d0ab14b1d,True,3.14.3,2.11.0+cpu,2.4.3,1.3.0,3.1.0,not-installed,not-installed,0.21137689058367418,0.0,1.0,1.0,1713.0,0.0,0.0,0.0,0.0,1.0,0.26515151515151514,0.17342800121947355,0.8265719987805265,0.0,nan,nan,0.20119027532494146,nan,0.7348484848484849,0.7348484848484849,nan,0.26515151515151514,nan,nan,exact,315.95075757575756,425.4,neural,1713.0,6852.0,68520.0,nan,0.0,0.0,nan,,,,,,,,,,,,,,,
reviewer1_observation_shift_smoke,reviewer1_observation_shift_smoke,configs/reviewer1_remaining/smoke/observation_shift.yaml,Reviewer1-observation-shift-smoke,Reviewer1ObservationShift-v0,Reviewer1ObservationShift-v0,native_gymnasium_observation,count_gated_tau_20,11011,train,11807,,,11807,100,0.75,18,1.0,11807,706,0.0014722592908462371,0.036305975168943405,0,1,3,23.479726199999277,22.742116099994746,0.737610100004531,22.742116099994746,0.737610100004531,d1991e82fa1ea0337d3d6296e2c904f22359ea22,1.8.0,7cc5bc598cfd6850415c80c2a5f22423f37a7ce8561077a69366f06d0ab14b1d,True,3.14.3,2.11.0+cpu,2.4.3,1.3.0,3.1.0,not-installed,not-installed,0.21092402927300224,0.0,1.0,1.0,1723.0,0.0,0.0,0.0,0.0,1.0,0.5555555555555556,0.0686460882113056,0.9313539117886944,0.0,nan,nan,0.07496062753748152,nan,0.4444444444444444,0.4444444444444444,nan,0.5555555555555556,nan,nan,unsupported,324.79999999999995,464.35,neural,1723.0,6892.0,68920.0,nan,0.0,0.0,nan,,,,,,,,,,,,,,,
reviewer1_observation_shift_smoke,reviewer1_observation_shift_smoke,configs/reviewer1_remaining/smoke/observation_shift.yaml,Reviewer1-observation-shift-smoke,Reviewer1ObservationShift-v0,Reviewer1ObservationShift-v0,native_gymnasium_observation,count_gated_tau_20,11011,train,11967,,,11967,101,-2.1199999999999997,160,0.0,11967,716,0.0014941327387758615,0.036305975168943405,0,1,3,23.784886300003564,23.047276199999033,0.737610100004531,23.047276199999033,0.737610100004531,d1991e82fa1ea0337d3d6296e2c904f22359ea22,1.8.0,7cc5bc598cfd6850415c80c2a5f22423f37a7ce8561077a69366f06d0ab14b1d,True,3.14.3,2.11.0+cpu,2.4.3,1.3.0,3.1.0,not-installed,not-installed,0.21239986310995593,0.0,1.0,1.0,1740.0,1.0,0.0,0.0,0.0,0.0,0.0875,0.25802560869502333,0.7419743913049766,0.0,nan,nan,0.3082890845825931,nan,0.9125,0.9125,nan,0.0875,nan,nan,exact,308.55125,444.1,neural,1740.0,6960.0,69600.0,nan,0.0,0.0,nan,,,,,,,,,,,,,,,
reviewer1_observation_shift_smoke,reviewer1_observation_shift_smoke,configs/reviewer1_remaining/smoke/observation_shift.yaml,Reviewer1-observation-shift-smoke,Reviewer1ObservationShift-v0,Reviewer1ObservationShift-v0,native_gymnasium_observation,count_gated_tau_20,11011,eval,12000,12000,-3.0800000000000014,12000,1,-3.0800000000000014,160,0.0,12000,719,0.0014887317215671702,0.036305975168943405,0,2,3,24.54890829999931,23.121545299996797,1.427363000002515,23.121545299996797,1.427363000002515,d1991e82fa1ea0337d3d6296e2c904f22359ea22,1.8.0,7cc5bc598cfd6850415c80c2a5f22423f37a7ce8561077a69366f06d0ab14b1d,True,3.14.3,2.11.0+cpu,2.4.3,1.3.0,3.1.0,not-installed,not-installed,0.21394879595822605,0.0,1.0,1.0,1740.0,1.0,0.0,0.0,0.0,0.0,1.0,0.0,1.0,0.0,nan,nan,0.0,nan,0.0,0.4625,nan,1.0,nan,nan,unsupported,580.3706249999999,527.1,neural,1740.0,6960.0,69600.0,nan,0.0,0.0,nan,0,2,2,1,0.0,0.0,0.4999999974999999,neural,tie,unavailable,nan,nan,1.0,all_observation_channels,79.5
reviewer1_observation_shift_smoke,reviewer1_observation_shift_smoke,configs/reviewer1_remaining/smoke/observation_shift.yaml,Reviewer1-observation-shift-smoke,Reviewer1ObservationShift-v0,Reviewer1ObservationShift-v0,native_gymnasium_observation,count_gated_tau_20,11011,eval,12000,12000,-3.0500000000000007,12000,2,-3.0500000000000007,160,0.0,12000,719,0.0014887317215671702,0.036305975168943405,0,2,3,24.550045200005115,23.1226822000026,1.427363000002515,23.1226822000026,1.427363000002515,d1991e82fa1ea0337d3d6296e2c904f22359ea22,1.8.0,7cc5bc598cfd6850415c80c2a5f22423f37a7ce8561077a69366f06d0ab14b1d,True,3.14.3,2.11.0+cpu,2.4.3,1.3.0,3.1.0,not-installed,not-installed,0.21394879595822605,0.0,1.0,1.0,1740.0,1.0,0.0,0.0,0.0,0.0,1.0,0.0,1.0,0.0,nan,nan,0.0,nan,0.0,0.9625,nan,1.0,nan,nan,approximate-only,603.19875,554.25,neural,1740.0,6960.0,69600.0,nan,0.0,0.0,nan,0,2,2,1,0.0,0.0,0.4999999974999999,neural,tie,unavailable,nan,nan,1.0,all_observation_channels,79.5
reviewer1_observation_shift_smoke,reviewer1_observation_shift_smoke,configs/reviewer1_remaining/smoke/observation_shift.yaml,Reviewer1-observation-shift-smoke,Reviewer1ObservationShift-v0,Reviewer1ObservationShift-v0,native_gymnasium_observation,count_gated_tau_20,11011,eval,12000,12000,-3.020000000000001,12000,3,-3.020000000000001,160,0.0,12000,719,0.0014887317215671702,0.036305975168943405,0,2,3,24.550915800005896,23.12355280000338,1.427363000002515,23.12355280000338,1.427363000002515,d1991e82fa1ea0337d3d6296e2c904f22359ea22,1.8.0,7cc5bc598cfd6850415c80c2a5f22423f37a7ce8561077a69366f06d0ab14b1d,True,3.14.3,2.11.0+cpu,2.4.3,1.3.0,3.1.0,not-installed,not-installed,0.21394879595822605,0.0,1.0,1.0,1740.0,1.0,0.0,0.0,0.0,0.0,1.0,0.0,1.0,0.0,nan,nan,0.0,nan,0.0,0.0,nan,1.0,nan,nan,unsupported,591.61625,532.45,neural,1740.0,6960.0,69600.0,nan,0.0,0.0,nan,0,2,2,3,0.0,0.02857142857142857,0.4999999974999999,neural,tie,unavailable,nan,nan,1.0,all_observation_channels,79.5
reviewer1_observation_shift_smoke,reviewer1_observation_shift_smoke,configs/reviewer1_remaining/smoke/observation_shift.yaml,Reviewer1-observation-shift-smoke,Reviewer1ObservationShift-v0,Reviewer1ObservationShift-v0,native_gymnasium_observation,count_gated_tau_20,11011,eval,12000,12000,0.99,12000,4,0.99,2,1.0,12000,719,0.0014887317215671702,0.036305975168943405,0,2,3,24.551663500002178,23.124300499999663,1.427363000002515,23.124300499999663,1.427363000002515,d1991e82fa1ea0337d3d6296e2c904f22359ea22,1.8.0,7cc5bc598cfd6850415c80c2a5f22423f37a7ce8561077a69366f06d0ab14b1d,True,3.14.3,2.11.0+cpu,2.4.3,1.3.0,3.1.0,not-installed,not-installed,0.21394879595822605,0.0,1.0,1.0,1740.0,0.0,0.0,0.0,0.0,1.0,1.0,0.0,1.0,0.0,nan,nan,0.0,nan,0.0,0.5,nan,1.0,nan,nan,approximate-only,672.45,672.45,neural,1740.0,6960.0,69600.0,nan,0.0,0.0,nan,0,2,2,2,0.0,1.0,0.4999999975,neural,neural,unavailable,nan,nan,1.0,all_observation_channels,0.5
reviewer1_observation_shift_smoke,reviewer1_observation_shift_smoke,configs/reviewer1_remaining/smoke/observation_shift.yaml,Reviewer1-observation-shift-smoke,Reviewer1ObservationShift-v0,Reviewer1ObservationShift-v0,native_gymnasium_observation,count_gated_tau_20,11011,eval,12020,12020,-1.4800000000000004,12020,1,-1.4800000000000004,133,1.0,12020,720,0.001487115054981637,0.036305975168943405,0,3,3,25.386418300004152,23.156841000003624,2.2295773000005283,23.156841000003624,2.2295773000005283,d1991e82fa1ea0337d3d6296e2c904f22359ea22,1.8.0,7cc5bc598cfd6850415c80c2a5f22423f37a7ce8561077a69366f06d0ab14b1d,True,3.14.3,2.11.0+cpu,2.4.3,1.3.0,3.1.0,not-installed,not-installed,0.21349805446781342,0.0,1.0,1.0,1745.0,0.0,0.0,0.0,0.0,1.0,1.0,0.0,1.0,0.0,nan,nan,0.0,nan,0.0,0.0,nan,1.0,nan,nan,unsupported,585.8646616541354,534.6,neural,1746.0,6984.0,69824.0,nan,0.0,0.0,nan,0,2,2,3,0.0,0.0390625,0.49999999749999985,neural,tie,unavailable,nan,nan,1.0,all_observation_channels,86.0
reviewer1_observation_shift_smoke,reviewer1_observation_shift_smoke,configs/reviewer1_remaining/smoke/observation_shift.yaml,Reviewer1-observation-shift-smoke,Reviewer1ObservationShift-v0,Reviewer1ObservationShift-v0,native_gymnasium_observation,count_gated_tau_20,11011,eval,12020,12020,-2.52,12020,2,-2.52,160,0.0,12020,720,0.001487115054981637,0.036305975168943405,0,3,3,25.387542500000563,23.157965200000035,2.2295773000005283,23.157965200000035,2.2295773000005283,d1991e82fa1ea0337d3d6296e2c904f22359ea22,1.8.0,7cc5bc598cfd6850415c80c2a5f22423f37a7ce8561077a69366f06d0ab14b1d,True,3.14.3,2.11.0+cpu,2.4.3,1.3.0,3.1.0,not-installed,not-installed,0.21349805446781342,0.0,1.0,1.0,1745.0,1.0,0.0,0.0,0.0,0.0,1.0,0.0,1.0,0.0,nan,nan,0.0,nan,0.0,0.43125,nan,1.0,nan,nan,unsupported,519.3875,462.6,neural,1746.0,6984.0,69824.0,nan,0.0,0.0,nan,0,0,0,2,0.0,0.0,0.4999999974999999,neural,tie,unavailable,nan,nan,1.0,all_observation_channels,99.5
reviewer1_observation_shift_smoke,reviewer1_observation_shift_smoke,configs/reviewer1_remaining/smoke/observation_shift.yaml,Reviewer1-observation-shift-smoke,Reviewer1ObservationShift-v0,Reviewer1ObservationShift-v0,native_gymnasium_observation,count_gated_tau_20,11011,eval,12020,12020,-3.000000000000002,12020,3,-3.000000000000002,160,0.0,12020,720,0.001487115054981637,0.036305975168943405,0,3,3,25.388162700000976,23.158585400000447,2.2295773000005283,23.158585400000447,2.2295773000005283,d1991e82fa1ea0337d3d6296e2c904f22359ea22,1.8.0,7cc5bc598cfd6850415c80c2a5f22423f37a7ce8561077a69366f06d0ab14b1d,True,3.14.3,2.11.0+cpu,2.4.3,1.3.0,3.1.0,not-installed,not-installed,0.21349805446781342,0.0,1.0,1.0,1745.0,1.0,0.0,0.0,0.0,0.0,1.0,0.0,1.0,0.0,nan,nan,0.0,nan,0.0,0.0,nan,1.0,nan,nan,unsupported,486.554375,444.75,neural,1746.0,6984.0,69824.0,nan,0.0,0.0,nan,0,0,0,0,0.625,0.625,0.4999999974999999,neural,tie,unavailable,nan,nan,1.0,all_observation_channels,99.5
reviewer1_observation_shift_smoke,reviewer1_observation_shift_smoke,configs/reviewer1_remaining/smoke/observation_shift.yaml,Reviewer1-observation-shift-smoke,Reviewer1ObservationShift-v0,Reviewer1ObservationShift-v0,native_gymnasium_observation,count_gated_tau_20,11011,eval,12020,12020,-3.090000000000002,12020,4,-3.090000000000002,160,0.0,12020,720,0.001487115054981637,0.036305975168943405,0,3,3,25.3886960000018,23.159118700001272,2.2295773000005283,23.159118700001272,2.2295773000005283,d1991e82fa1ea0337d3d6296e2c904f22359ea22,1.8.0,7cc5bc598cfd6850415c80c2a5f22423f37a7ce8561077a69366f06d0ab14b1d,True,3.14.3,2.11.0+cpu,2.4.3,1.3.0,3.1.0,not-installed,not-installed,0.21349805446781342,0.0,1.0,1.0,1745.0,1.0,0.0,0.0,0.0,0.0,1.0,0.0,1.0,0.0,nan,nan,0.0,nan,0.0,0.99375,nan,1.0,nan,nan,approximate-only,657.41125,610.8,neural,1746.0,6984.0,69824.0,nan,0.0,0.0,nan,0,2,2,0,1.0,0.0,0.4999999974999999,neural,tabular,unavailable,nan,nan,1.0,all_observation_channels,99.5
reviewer1_observation_shift_smoke,reviewer1_observation_shift_smoke,configs/reviewer1_remaining/smoke/observation_shift.yaml,Reviewer1-observation-shift-smoke,Reviewer1ObservationShift-v0,Reviewer1ObservationShift-v0,native_gymnasium_observation,count_gated_tau_20,11011,train,12020,,,12020,102,-0.8300000000000005,53,0.0,12020,720,0.001487115054981637,0.036305975168943405,0,3,3,25.39061280000169,23.161035500001162,2.2295773000005283,23.161035500001162,2.2295773000005283,d1991e82fa1ea0337d3d6296e2c904f22359ea22,1.8.0,7cc5bc598cfd6850415c80c2a5f22423f37a7ce8561077a69366f06d0ab14b1d,True,3.14.3,2.11.0+cpu,2.4.3,1.3.0,3.1.0,not-installed,not-installed,0.21349805446781342,0.0,1.0,1.0,1745.0,1.0,0.0,0.0,0.0,0.0,0.09433962264150944,0.35119394756549926,0.6488060524345008,0.0,nan,nan,0.43936141270696927,nan,0.9056603773584906,0.9622641509433962,nan,0.09433962264150944,nan,nan,exact,320.08867924528306,417.1,neural,1746.0,6984.0,69824.0,nan,0.0,0.0,nan,,,,,,,,,,,,,,,
reviewer1_observation_shift_smoke,reviewer1_observation_shift_smoke,configs/reviewer1_remaining/smoke/observation_shift.yaml,Reviewer1-observation-shift-smoke,Reviewer1ObservationShift-v0,Reviewer1ObservationShift-v0,native_gymnasium_observation,relative_reliability_fuzzy,11010,train,160,,,160,1,-2.0500000000000003,160,0.0,160,0,nan,nan,0,0,3,0.41377210000064224,0.41377210000064224,0.0,0.41377210000064224,0.0,d1991e82fa1ea0337d3d6296e2c904f22359ea22,1.8.0,7cc5bc598cfd6850415c80c2a5f22423f37a7ce8561077a69366f06d0ab14b1d,True,3.14.3,2.11.0+cpu,2.4.3,1.3.0,3.1.0,not-installed,not-installed,0.0,0.0,0.00037089628,0.03006778555848466,16.0,1.0,0.0,0.0,0.0,0.0,1.0,0.0,0.0,0.0,nan,nan,0.0,nan,0.0,0.0,nan,0.0,nan,nan,unsupported,30.652499999999996,26.0,none,16.0,64.0,640.0,nan,0.0,0.0,nan,,,,,,,,,,,,,,,
reviewer1_observation_shift_smoke,reviewer1_observation_shift_smoke,configs/reviewer1_remaining/smoke/observation_shift.yaml,Reviewer1-observation-shift-smoke,Reviewer1ObservationShift-v0,Reviewer1ObservationShift-v0,native_gymnasium_observation,relative_reliability_fuzzy,11010,train,262,,,262,2,-0.390000000000001,102,1.0,262,0,nan,nan,0,0,3,0.5594815000004019,0.5594815000004019,0.0,0.5594815000004019,0.0,d1991e82fa1ea0337d3d6296e2c904f22359ea22,1.8.0,7cc5bc598cfd6850415c80c2a5f22423f37a7ce8561077a69366f06d0ab14b1d,True,3.14.3,2.11.0+cpu,2.4.3,1.3.0,3.1.0,not-installed,not-installed,0.0,0.0,0.050165355,0.09502095706410847,36.0,0.0,0.0,0.0,0.0,1.0,1.0,0.0,0.0,0.0,nan,nan,0.0,nan,0.0,0.0,nan,0.0,nan,nan,unsupported,24.513725490196077,22.450000000000003,none,36.0,144.0,1440.0,nan,0.0,0.0,nan,,,,,,,,,,,,,,,
reviewer1_observation_shift_smoke,reviewer1_observation_shift_smoke,configs/reviewer1_remaining/smoke/observation_shift.yaml,Reviewer1-observation-shift-smoke,Reviewer1ObservationShift-v0,Reviewer1ObservationShift-v0,native_gymnasium_observation,relative_reliability_fuzzy,11010,train,326,,,326,3,0.2699999999999996,64,1.0,326,0,nan,nan,0,0,3,0.6539914000022691,0.6539914000022691,0.0,0.6539914000022691,0.0,d1991e82fa1ea0337d3d6296e2c904f22359ea22,1.8.0,7cc5bc598cfd6850415c80c2a5f22423f37a7ce8561077a69366f06d0ab14b1d,True,3.14.3,2.11.0+cpu,2.4.3,1.3.0,3.1.0,not-installed,not-installed,0.029233640310217145,0.0,0.051999483,0.08158623336263396,53.0,0.0,0.0,0.0,0.0,1.0,0.9375,0.0054813075581657145,0.8851436924418343,0.0,0.006154450591624662,0.0,0.00594766137275253,0.9075932210519283,0.0625,0.0625,0.07017543859649122,0.828125,53.0,0.9298245614035088,support-boundary collapse,70.28281249999999,22.8,neural,53.0,212.0,2120.0,nan,0.0,0.0,nan,,,,,,,,,,,,,,,
reviewer1_observation_shift_smoke,reviewer1_observation_shift_smoke,configs/reviewer1_remaining/smoke/observation_shift.yaml,Reviewer1-observation-shift-smoke,Reviewer1ObservationShift-v0,Reviewer1ObservationShift-v0,native_gymnasium_observation,relative_reliability_fuzzy,11010,train,370,,,370,4,0.48999999999999977,44,1.0,370,0,nan,nan,0,0,3,0.7254010999968159,0.7254010999968159,0.0,0.7254010999968159,0.0,d1991e82fa1ea0337d3d6296e2c904f22359ea22,1.8.0,7cc5bc598cfd6850415c80c2a5f22423f37a7ce8561077a69366f06d0ab14b1d,True,3.14.3,2.11.0+cpu,2.4.3,1.3.0,3.1.0,not-installed,not-installed,0.021925230232662858,0.0,0.05574867,0.07048958587752001,71.0,0.0,0.0,0.0,0.0,1.0,0.6363636363636364,0.03189124397478234,0.9681087560252176,0.0,0.03189124397478234,0.08770092093065143,0.034604575259651084,0.8228689604503842,0.36363636363636365,0.36363636363636365,0.36363636363636365,0.6363636363636364,28.0,0.6363636363636364,support-boundary collapse,41.94772727272727,22.549999999999997,neural,71.0,284.0,2840.0,nan,0.0,0.0,nan,,,,,,,,,,,,,,,
reviewer1_observation_shift_smoke,reviewer1_observation_shift_smoke,configs/reviewer1_remaining/smoke/observation_shift.yaml,Reviewer1-observation-shift-smoke,Reviewer1ObservationShift-v0,Reviewer1ObservationShift-v0,native_gymnasium_observation,relative_reliability_fuzzy,11010,train,530,,,530,5,-1.8700000000000014,160,0.0,530,2,0.008387691574171185,0.009031332097947598,0,0,3,0.9867521999985911,0.9867521999985911,0.0,0.9867521999985911,0.0,d1991e82fa1ea0337d3d6296e2c904f22359ea22,1.8.0,7cc5bc598cfd6850415c80c2a5f22423f37a7ce8561077a69366f06d0ab14b1d,True,3.14.3,2.11.0+cpu,2.4.3,1.3.0,3.1.0,not-installed,not-installed,0.056439103351212626,0.0,0.0001251247,0.01244861717353868,102.0,1.0,0.0,0.0,0.0,0.0,0.04375,0.07799923983532484,0.9220007601646751,0.0,0.07799923983532484,0.0,0.08112259110705404,0.7272407410317796,0.95625,0.95625,0.95625,0.04375,7.0,0.04375,exact,38.305625,23.4,neural,102.0,408.0,4080.0,nan,0.0,0.0,nan,,,,,,,,,,,,,,,
reviewer1_observation_shift_smoke,reviewer1_observation_shift_smoke,configs/reviewer1_remaining/smoke/observation_shift.yaml,Reviewer1-observation-shift-smoke,Reviewer1ObservationShift-v0,Reviewer1ObservationShift-v0,native_gymnasium_observation,relative_reliability_fuzzy,11010,train,533,,,533,6,0.96,3,1.0,533,2,0.008387691574171185,0.009031332097947598,0,0,3,0.990142199996626,0.990142199996626,0.0,0.990142199996626,0.0,d1991e82fa1ea0337d3d6296e2c904f22359ea22,1.8.0,7cc5bc598cfd6850415c80c2a5f22423f37a7ce8561077a69366f06d0ab14b1d,True,3.14.3,2.11.0+cpu,2.4.3,1.3.0,3.1.0,not-installed,not-installed,0.056439103351212626,0.0,0.05014433,0.05117740413290704,103.0,0.0,0.0,0.0,0.0,1.0,0.0,0.2009336991766243,0.7990663008233757,0.0,0.2009336991766243,0.0,0.22119921692859512,0.8018290763232634,1.0,1.0,1.0,0.0,0.0,0.0,exact,18.866666666666664,20.5,neural,103.0,412.0,4120.0,nan,0.0,0.0,nan,,,,,,,,,,,,,,,
reviewer1_observation_shift_smoke,reviewer1_observation_shift_smoke,configs/reviewer1_remaining/smoke/observation_shift.yaml,Reviewer1-observation-shift-smoke,Reviewer1ObservationShift-v0,Reviewer1ObservationShift-v0,native_gymnasium_observation,relative_reliability_fuzzy,11010,train,693,,,693,7,-1.9800000000000015,160,0.0,693,12,0.00499369435904858,0.01368828397244215,0,0,3,1.2757923000026494,1.2757923000026494,0.0,1.2757923000026494,0.0,d1991e82fa1ea0337d3d6296e2c904f22359ea22,1.8.0,7cc5bc598cfd6850415c80c2a5f22423f37a7ce8561077a69366f06d0ab14b1d,True,3.14.3,2.11.0+cpu,2.4.3,1.3.0,3.1.0,not-installed,not-installed,0.10010570984807533,0.0,0.000114261005,0.0014473110627019946,131.0,1.0,0.0,0.0,0.0,0.0,0.0,0.16320432303188576,0.8367956769681143,0.0,0.16320432303188576,0.1810029824918005,0.17914468373730089,0.8872513320047173,1.0,1.0,1.0,0.0,0.0,0.0,exact,55.96124999999999,22.8,neural,131.0,524.0,5240.0,nan,0.0,0.0,nan,,,,,,,,,,,,,,,
reviewer1_observation_shift_smoke,reviewer1_observation_shift_smoke,configs/reviewer1_remaining/smoke/observation_shift.yaml,Reviewer1-observation-shift-smoke,Reviewer1ObservationShift-v0,Reviewer1ObservationShift-v0,native_gymnasium_observation,relative_reliability_fuzzy,11010,train,853,,,853,8,-2.0500000000000007,160,0.0,853,22,0.004158898714442991,0.01368828397244215,0,0,3,1.5242481000022963,1.5242481000022963,0.0,1.5242481000022963,0.0,d1991e82fa1ea0337d3d6296e2c904f22359ea22,1.8.0,7cc5bc598cfd6850415c80c2a5f22423f37a7ce8561077a69366f06d0ab14b1d,True,3.14.3,2.11.0+cpu,2.4.3,1.3.0,3.1.0,not-installed,not-installed,0.16904880143137724,0.0,8.443058e-05,0.002062329201010798,159.0,1.0,0.0,0.0,0.0,0.0,0.0,0.22662714215130175,0.7733728578486984,0.0,0.22662714215130175,0.3047725030828024,0.27662187808793914,0.6400135535133835,1.0,1.0,1.0,0.0,0.0,0.0,exact,64.72749999999999,23.05,neural,159.0,636.0,6360.0,nan,0.0,0.0,nan,,,,,,,,,,,,,,,
reviewer1_observation_shift_smoke,reviewer1_observation_shift_smoke,configs/reviewer1_remaining/smoke/observation_shift.yaml,Reviewer1-observation-shift-smoke,Reviewer1ObservationShift-v0,Reviewer1ObservationShift-v0,native_gymnasium_observation,relative_reliability_fuzzy,11010,train,863,,,863,9,0.9,10,1.0,863,22,0.004158898714442991,0.01368828397244215,0,0,3,1.5294950000024983,1.5294950000024983,0.0,1.5294950000024983,0.0,d1991e82fa1ea0337d3d6296e2c904f22359ea22,1.8.0,7cc5bc598cfd6850415c80c2a5f22423f37a7ce8561077a69366f06d0ab14b1d,True,3.14.3,2.11.0+cpu,2.4.3,1.3.0,3.1.0,not-installed,not-installed,0.16904880143137724,0.0,0.050089743,0.04402806397847078,163.0,0.0,0.0,0.0,0.0,1.0,0.0,0.4868073256950384,0.5131926743049618,0.0,0.4868073256950384,0.0,0.7407597393541085,0.3784280192601443,1.0,1.0,1.0,0.0,0.0,0.0,exact,11.709999999999999,11.6,neural,163.0,652.0,6520.0,nan,0.0,0.0,nan,,,,,,,,,,,,,,,
reviewer1_observation_shift_smoke,reviewer1_observation_shift_smoke,configs/reviewer1_remaining/smoke/observation_shift.yaml,Reviewer1-observation-shift-smoke,Reviewer1ObservationShift-v0,Reviewer1ObservationShift-v0,native_gymnasium_observation,relative_reliability_fuzzy,11010,train,1023,,,1023,10,-1.8900000000000015,160,0.0,1023,32,0.00348104618024081,0.013761648908257484,0,0,3,1.8953228000027593,1.8953228000027593,0.0,1.8953228000027593,0.0,d1991e82fa1ea0337d3d6296e2c904f22359ea22,1.8.0,7cc5bc598cfd6850415c80c2a5f22423f37a7ce8561077a69366f06d0ab14b1d,True,3.14.3,2.11.0+cpu,2.4.3,1.3.0,3.1.0,not-installed,not-installed,0.15595556437437816,0.0,0.00011284902,0.0008979181999837352,194.0,1.0,0.0,0.0,0.0,0.0,0.20625,0.14167420812476736,0.8583257918752327,0.0,0.14167420812476736,0.183279655313269,0.17377091276170886,0.5370050152929885,0.79375,0.79375,0.79375,0.20625,33.0,0.20625,exact,80.379375,24.75,neural,194.0,776.0,7760.0,nan,0.0,0.0,nan,,,,,,,,,,,,,,,
reviewer1_observation_shift_smoke,reviewer1_observation_shift_smoke,configs/reviewer1_remaining/smoke/observation_shift.yaml,Reviewer1-observation-shift-smoke,Reviewer1ObservationShift-v0,Reviewer1ObservationShift-v0,native_gymnasium_observation,relative_reliability_fuzzy,11010,train,1078,,,1078,11,0.2999999999999996,55,1.0,1078,36,0.003135117749075612,0.013761648908257484,0,0,3,1.9685555999967619,1.9685555999967619,0.0,1.9685555999967619,0.0,d1991e82fa1ea0337d3d6296e2c904f22359ea22,1.8.0,7cc5bc598cfd6850415c80c2a5f22423f37a7ce8561077a69366f06d0ab14b1d,True,3.14.3,2.11.0+cpu,2.4.3,1.3.0,3.1.0,not-installed,not-installed,0.15595556437437816,0.0,0.05014128,0.041375921348124296,211.0,0.0,0.0,0.0,0.0,1.0,0.0,0.23327965531326889,0.7667203446867311,0.0,0.23327965531326889,0.0,0.25918177931828223,0.7464239543724437,1.0,1.0,1.0,0.0,0.0,0.0,exact,24.818181818181813,22.5,neural,211.0,844.0,8440.0,nan,0.0,0.0,nan,,,,,,,,,,,,,,,
reviewer1_observation_shift_smoke,reviewer1_observation_shift_smoke,configs/reviewer1_remaining/smoke/observation_shift.yaml,Reviewer1-observation-shift-smoke,Reviewer1ObservationShift-v0,Reviewer1ObservationShift-v0,native_gymnasium_observation,relative_reliability_fuzzy,11010,train,1080,,,1080,12,0.99,2,1.0,1080,36,0.003135117749075612,0.013761648908257484,0,0,3,1.9722906999959378,1.9722906999959378,0.0,1.9722906999959378,0.0,d1991e82fa1ea0337d3d6296e2c904f22359ea22,1.8.0,7cc5bc598cfd6850415c80c2a5f22423f37a7ce8561077a69366f06d0ab14b1d,True,3.14.3,2.11.0+cpu,2.4.3,1.3.0,3.1.0,not-installed,not-installed,0.15595556437437816,0.0,0.09525725,0.0815879399796604,213.0,0.0,0.0,0.0,0.0,1.0,0.0,0.233279655313269,0.766720344686731,0.0,0.233279655313269,0.0,0.2591817793182821,0.7464239543724434,1.0,1.0,1.0,0.0,0.0,0.0,exact,25.7,25.7,neural,213.0,852.0,8520.0,nan,0.0,0.0,nan,,,,,,,,,,,,,,,
reviewer1_observation_shift_smoke,reviewer1_observation_shift_smoke,configs/reviewer1_remaining/smoke/observation_shift.yaml,Reviewer1-observation-shift-smoke,Reviewer1ObservationShift-v0,Reviewer1ObservationShift-v0,native_gymnasium_observation,relative_reliability_fuzzy,11010,train,1155,,,1155,13,0.13999999999999946,75,1.0,1155,41,0.0034170910757228097,0.013761648908257484,0,0,3,2.0552387999996427,2.0552387999996427,0.0,2.0552387999996427,0.0,d1991e82fa1ea0337d3d6296e2c904f22359ea22,1.8.0,7cc5bc598cfd6850415c80c2a5f22423f37a7ce8561077a69366f06d0ab14b1d,True,3.14.3,2.11.0+cpu,2.4.3,1.3.0,3.1.0,not-installed,not-installed,0.18130562121575736,0.0,0.03799688,0.03922645311676632,218.0,0.0,0.0,0.0,0.0,1.0,0.0,0.3415465569448978,0.6584534430551021,0.0,0.3415465569448978,0.22595535937477937,0.3972536153793369,0.8049904217609097,1.0,1.0,1.0,0.0,0.0,0.0,exact,62.681333333333335,20.3,neural,218.0,872.0,8720.0,nan,0.0,0.0,nan,,,,,,,,,,,,,,,
reviewer1_observation_shift_smoke,reviewer1_observation_shift_smoke,configs/reviewer1_remaining/smoke/observation_shift.yaml,Reviewer1-observation-shift-smoke,Reviewer1ObservationShift-v0,Reviewer1ObservationShift-v0,native_gymnasium_observation,relative_reliability_fuzzy,11010,train,1156,,,1156,14,1.0,1,1.0,1156,41,0.0034170910757228097,0.013761648908257484,0,0,3,2.057290299999295,2.057290299999295,0.0,2.057290299999295,0.0,d1991e82fa1ea0337d3d6296e2c904f22359ea22,1.8.0,7cc5bc598cfd6850415c80c2a5f22423f37a7ce8561077a69366f06d0ab14b1d,True,3.14.3,2.11.0+cpu,2.4.3,1.3.0,3.1.0,not-installed,not-installed,0.18130562121575736,0.0,0.08609703,0.07528393491990737,219.0,0.0,0.0,0.0,0.0,1.0,0.0,0.23276970045126552,0.7672302995487345,0.0,0.23276970045126552,0.0,0.2591817793182821,0.9191633372444684,1.0,1.0,1.0,0.0,0.0,0.0,exact,16.9,16.9,neural,219.0,876.0,8760.0,nan,0.0,0.0,nan,,,,,,,,,,,,,,,
reviewer1_observation_shift_smoke,reviewer1_observation_shift_smoke,configs/reviewer1_remaining/smoke/observation_shift.yaml,Reviewer1-observation-shift-smoke,Reviewer1ObservationShift-v0,Reviewer1ObservationShift-v0,native_gymnasium_observation,relative_reliability_fuzzy,11010,train,1316,,,1316,15,-1.9200000000000015,160,0.0,1316,51,0.0032728786047265005,0.013761648908257484,0,0,3,2.351375600002939,2.351375600002939,0.0,2.351375600002939,0.0,d1991e82fa1ea0337d3d6296e2c904f22359ea22,1.8.0,7cc5bc598cfd6850415c80c2a5f22423f37a7ce8561077a69366f06d0ab14b1d,True,3.14.3,2.11.0+cpu,2.4.3,1.3.0,3.1.0,not-installed,not-installed,0.16633498575166686,0.0,0.00015752656,0.003346284642530824,256.0,1.0,0.0,0.0,0.0,0.0,0.225,0.07127525166155513,0.9287247483384448,0.0,0.07127525166155513,0.03569194145278701,0.07665991975515944,0.730170905351577,0.775,0.775,0.775,0.225,36.0,0.225,exact,57.850624999999994,23.35,neural,256.0,1024.0,10240.0,nan,0.0,0.0,nan,,,,,,,,,,,,,,,
reviewer1_observation_shift_smoke,reviewer1_observation_shift_smoke,configs/reviewer1_remaining/smoke/observation_shift.yaml,Reviewer1-observation-shift-smoke,Reviewer1ObservationShift-v0,Reviewer1ObservationShift-v0,native_gymnasium_observation,relative_reliability_fuzzy,11010,train,1471,,,1471,16,-0.7300000000000013,155,1.0,1471,60,0.0032206285090069287,0.013761648908257484,0,0,3,2.6577361000017845,2.6577361000017845,0.0,2.6577361000017845,0.0,d1991e82fa1ea0337d3d6296e2c904f22359ea22,1.8.0,7cc5bc598cfd6850415c80c2a5f22423f37a7ce8561077a69366f06d0ab14b1d,True,3.14.3,2.11.0+cpu,2.4.3,1.3.0,3.1.0,not-installed,not-installed,0.17358286917169582,0.0,0.050103404,0.04231730133125366,281.0,0.0,0.0,0.0,0.0,1.0,0.1032258064516129,0.23652680933589906,0.7634731906641009,0.0,0.23652680933589906,0.36486512749323236,0.2710597733658908,0.4343405973120296,0.896774193548387,0.896774193548387,0.896774193548387,0.1032258064516129,16.0,0.1032258064516129,exact,98.43419354838709,24.4,neural,281.0,1124.0,11240.0,nan,0.0,0.0,nan,,,,,,,,,,,,,,,
reviewer1_observation_shift_smoke,reviewer1_observation_shift_smoke,configs/reviewer1_remaining/smoke/observation_shift.yaml,Reviewer1-observation-shift-smoke,Reviewer1ObservationShift-v0,Reviewer1ObservationShift-v0,native_gymnasium_observation,relative_reliability_fuzzy,11010,train,1631,,,1631,17,-2.080000000000001,160,0.0,1631,70,0.003482347467589924,0.013761648908257484,0,0,3,3.022303899997496,3.022303899997496,0.0,3.022303899997496,0.0,d1991e82fa1ea0337d3d6296e2c904f22359ea22,1.8.0,7cc5bc598cfd6850415c80c2a5f22423f37a7ce8561077a69366f06d0ab14b1d,True,3.14.3,2.11.0+cpu,2.4.3,1.3.0,3.1.0,not-installed,not-installed,0.1806445255926064,0.0,8.149134e-05,0.0013376596461033641,300.0,1.0,0.0,0.0,0.0,0.0,0.3625,0.15229372005250635,0.8477062799474936,0.0,0.15229372005250635,0.2332682675907092,0.1715684914794507,0.792151223654726,0.6375,0.6375,0.6375,0.3625,58.0,0.3625,exact,85.75,24.9,neural,300.0,1200.0,12000.0,nan,0.0,0.0,nan,,,,,,,,,,,,,,,
reviewer1_observation_shift_smoke,reviewer1_observation_shift_smoke,configs/reviewer1_remaining/smoke/observation_shift.yaml,Reviewer1-observation-shift-smoke,Reviewer1ObservationShift-v0,Reviewer1ObservationShift-v0,native_gymnasium_observation,relative_reliability_fuzzy,11010,train,1676,,,1676,18,0.44999999999999973,45,1.0,1676,73,0.003677037438100255,0.013761648908257484,0,0,3,3.079636299997219,3.079636299997219,0.0,3.079636299997219,0.0,d1991e82fa1ea0337d3d6296e2c904f22359ea22,1.8.0,7cc5bc598cfd6850415c80c2a5f22423f37a7ce8561077a69366f06d0ab14b1d,True,3.14.3,2.11.0+cpu,2.4.3,1.3.0,3.1.0,not-installed,not-installed,0.18268357916317585,0.0,0.05011077,0.0389814901611307,310.0,0.0,0.0,0.0,0.0,1.0,0.0,0.4319666020073082,0.5680333979926918,0.0,0.4319666020073082,0.0,0.5127404073571804,0.6462079318518827,1.0,1.0,1.0,0.0,0.0,0.0,exact,67.00666666666667,22.0,neural,310.0,1240.0,12400.0,nan,0.0,0.0,nan,,,,,,,,,,,,,,,
reviewer1_observation_shift_smoke,reviewer1_observation_shift_smoke,configs/reviewer1_remaining/smoke/observation_shift.yaml,Reviewer1-observation-shift-smoke,Reviewer1ObservationShift-v0,Reviewer1ObservationShift-v0,native_gymnasium_observation,relative_reliability_fuzzy,11010,train,1836,,,1836,19,-2.0400000000000005,160,0.0,1836,83,0.0034082376796833566,0.013761648908257484,0,0,3,3.3108666999978595,3.3108666999978595,0.0,3.3108666999978595,0.0,d1991e82fa1ea0337d3d6296e2c904f22359ea22,1.8.0,7cc5bc598cfd6850415c80c2a5f22423f37a7ce8561077a69366f06d0ab14b1d,True,3.14.3,2.11.0+cpu,2.4.3,1.3.0,3.1.0,not-installed,not-installed,0.17821155689919738,0.0,0.00012352246,0.001389496801232115,331.0,1.0,0.0,0.0,0.0,0.0,0.15,0.14676294725568576,0.8532370527443142,0.0,0.14676294725568576,0.18328801603983097,0.1613359953725997,0.607318088914797,0.85,0.85,0.85,0.15,24.0,0.15,exact,92.386875,22.700000000000003,neural,331.0,1324.0,13240.0,nan,0.0,0.0,nan,,,,,,,,,,,,,,,
reviewer1_observation_shift_smoke,reviewer1_observation_shift_smoke,configs/reviewer1_remaining/smoke/observation_shift.yaml,Reviewer1-observation-shift-smoke,Reviewer1ObservationShift-v0,Reviewer1ObservationShift-v0,native_gymnasium_observation,relative_reliability_fuzzy,11010,train,1996,,,1996,20,-2.0500000000000007,160,0.0,1996,93,0.0033093196958674602,0.013761648908257484,0,0,3,3.722111800001585,3.722111800001585,0.0,3.722111800001585,0.0,d1991e82fa1ea0337d3d6296e2c904f22359ea22,1.8.0,7cc5bc598cfd6850415c80c2a5f22423f37a7ce8561077a69366f06d0ab14b1d,True,3.14.3,2.11.0+cpu,2.4.3,1.3.0,3.1.0,not-installed,not-installed,0.18065873497811227,0.0,0.0001222184,0.0008091646855922944,348.0,1.0,0.0,0.0,0.0,0.0,0.20625,0.19440553032183844,0.8055944696781616,0.0,0.19440553032183844,0.26846409572022345,0.21591996697256652,0.5839265996575478,0.79375,0.79375,0.79375,0.20625,33.0,0.20625,exact,125.92437500000001,27.4,neural,348.0,1392.0,13920.0,nan,0.0,0.0,nan,,,,,,,,,,,,,,,
reviewer1_observation_shift_smoke,reviewer1_observation_shift_smoke,configs/reviewer1_remaining/smoke/observation_shift.yaml,Reviewer1-observation-shift-smoke,Reviewer1ObservationShift-v0,Reviewer1ObservationShift-v0,native_gymnasium_observation,relative_reliability_fuzzy,11010,train,2007,,,2007,21,0.88,11,1.0,2007,94,0.0034102566647135897,0.013761648908257484,0,0,3,3.7358204999982263,3.7358204999982263,0.0,3.7358204999982263,0.0,d1991e82fa1ea0337d3d6296e2c904f22359ea22,1.8.0,7cc5bc598cfd6850415c80c2a5f22423f37a7ce8561077a69366f06d0ab14b1d,True,3.14.3,2.11.0+cpu,2.4.3,1.3.0,3.1.0,not-installed,not-installed,0.18065873497811227,0.0,0.05012238,0.032975525209884664,354.0,0.0,0.0,0.0,0.0,1.0,0.0,0.1253573496932767,0.8746426503067234,0.0,0.1253573496932767,0.0,0.1392920235749422,0.5697176437610568,1.0,1.0,1.0,0.0,0.0,0.0,exact,19.91818181818182,18.6,neural,354.0,1416.0,14160.0,nan,0.0,0.0,nan,,,,,,,,,,,,,,,
reviewer1_observation_shift_smoke,reviewer1_observation_shift_smoke,configs/reviewer1_remaining/smoke/observation_shift.yaml,Reviewer1-observation-shift-smoke,Reviewer1ObservationShift-v0,Reviewer1ObservationShift-v0,native_gymnasium_observation,relative_reliability_fuzzy,11010,train,2167,,,2167,22,-2.0400000000000005,160,0.0,2167,104,0.0032138616981263533,0.013761648908257484,0,0,3,4.100482399997418,4.100482399997418,0.0,4.100482399997418,0.0,d1991e82fa1ea0337d3d6296e2c904f22359ea22,1.8.0,7cc5bc598cfd6850415c80c2a5f22423f37a7ce8561077a69366f06d0ab14b1d,True,3.14.3,2.11.0+cpu,2.4.3,1.3.0,3.1.0,not-installed,not-installed,0.17125630821274554,0.0,0.00012521583,0.0006602225994425579,394.0,1.0,0.0,0.0,0.0,0.0,0.13125,0.12798785647126504,0.872012143528735,0.0,0.12798785647126504,0.07536008038520554,0.14141266113342704,0.7208926302554769,0.86875,0.86875,0.86875,0.13125,21.0,0.13125,exact,119.045,26.299999999999997,neural,394.0,1576.0,15760.0,nan,0.0,0.0,nan,,,,,,,,,,,,,,,
reviewer1_observation_shift_smoke,reviewer1_observation_shift_smoke,configs/reviewer1_remaining/smoke/observation_shift.yaml,Reviewer1-observation-shift-smoke,Reviewer1ObservationShift-v0,Reviewer1ObservationShift-v0,native_gymnasium_observation,relative_reliability_fuzzy,11010,train,2186,,,2186,23,0.8099999999999999,19,1.0,2186,105,0.00318406299366394,0.013761648908257484,0,0,3,4.1259021000005305,4.1259021000005305,0.0,4.1259021000005305,0.0,d1991e82fa1ea0337d3d6296e2c904f22359ea22,1.8.0,7cc5bc598cfd6850415c80c2a5f22423f37a7ce8561077a69366f06d0ab14b1d,True,3.14.3,2.11.0+cpu,2.4.3,1.3.0,3.1.0,not-installed,not-installed,0.168983414674241,0.0,0.050103195,0.038914102986239436,403.0,0.0,0.0,0.0,0.0,1.0,0.21052631578947367,0.06763866834827024,0.9323613316517297,0.0,0.06763866834827024,0.0,0.07512835418213722,0.7063453035616513,0.7894736842105263,0.7894736842105263,0.7894736842105263,0.21052631578947367,4.0,0.21052631578947367,exact,112.5157894736842,23.7,neural,403.0,1612.0,16120.0,nan,0.0,0.0,nan,,,,,,,,,,,,,,,
reviewer1_observation_shift_smoke,reviewer1_observation_shift_smoke,configs/reviewer1_remaining/smoke/observation_shift.yaml,Reviewer1-observation-shift-smoke,Reviewer1ObservationShift-v0,Reviewer1ObservationShift-v0,native_gymnasium_observation,relative_reliability_fuzzy,11010,train,2285,,,2285,24,-0.22000000000000086,99,1.0,2285,111,0.00301424535131331,0.013761648908257484,0,0,3,4.3160433000011835,4.3160433000011835,0.0,4.3160433000011835,0.0,d1991e82fa1ea0337d3d6296e2c904f22359ea22,1.8.0,7cc5bc598cfd6850415c80c2a5f22423f37a7ce8561077a69366f06d0ab14b1d,True,3.14.3,2.11.0+cpu,2.4.3,1.3.0,3.1.0,not-installed,not-installed,0.15776555215924054,0.0,0.050445206,0.040040366277840266,441.0,0.0,0.0,0.0,0.0,1.0,0.2727272727272727,0.0833539735456252,0.9166460264543745,0.0,0.0833539735456252,0.12534552266427829,0.0917499654834619,0.4211657770531322,0.7272727272727273,0.7272727272727273,0.7272727272727273,0.2727272727272727,27.0,0.2727272727272727,exact,167.3272727272727,26.9,neural,441.0,1764.0,17640.0,nan,0.0,0.0,nan,,,,,,,,,,,,,,,
reviewer1_observation_shift_smoke,reviewer1_observation_shift_smoke,configs/reviewer1_remaining/smoke/observation_shift.yaml,Reviewer1-observation-shift-smoke,Reviewer1ObservationShift-v0,Reviewer1ObservationShift-v0,native_gymnasium_observation,relative_reliability_fuzzy,11010,train,2445,,,2445,25,-2.0300000000000007,160,0.0,2445,121,0.0029721056731387228,0.013761648908257484,0,0,3,4.608596899997792,4.608596899997792,0.0,4.608596899997792,0.0,d1991e82fa1ea0337d3d6296e2c904f22359ea22,1.8.0,7cc5bc598cfd6850415c80c2a5f22423f37a7ce8561077a69366f06d0ab14b1d,True,3.14.3,2.11.0+cpu,2.4.3,1.3.0,3.1.0,not-installed,not-installed,0.15807358210038067,0.0,0.00010433279,0.0009118873249088972,469.0,1.0,0.0,0.0,0.0,0.0,0.0875,0.191226100366775,0.8087738996332252,0.0,0.191226100366775,0.14039705196585714,0.21172160903586262,0.528582081186466,0.9125,0.9125,0.9125,0.0875,14.0,0.0875,exact,143.301875,25.3,neural,469.0,1876.0,18760.0,nan,0.0,0.0,nan,,,,,,,,,,,,,,,
reviewer1_observation_shift_smoke,reviewer1_observation_shift_smoke,configs/reviewer1_remaining/smoke/observation_shift.yaml,Reviewer1-observation-shift-smoke,Reviewer1ObservationShift-v0,Reviewer1ObservationShift-v0,native_gymnasium_observation,relative_reliability_fuzzy,11010,train,2605,,,2605,26,-1.9600000000000015,160,0.0,2605,131,0.0031776850743207925,0.013761648908257484,0,0,3,4.88685660000192,4.88685660000192,0.0,4.88685660000192,0.0,d1991e82fa1ea0337d3d6296e2c904f22359ea22,1.8.0,7cc5bc598cfd6850415c80c2a5f22423f37a7ce8561077a69366f06d0ab14b1d,True,3.14.3,2.11.0+cpu,2.4.3,1.3.0,3.1.0,not-installed,not-installed,0.16706171505925693,0.0,9.9251e-05,0.002554018546826902,496.0,1.0,0.0,0.0,0.0,0.0,0.05,0.22704399675941822,0.7729560032405818,0.0,0.22704399675941822,0.2553762264292665,0.25612884714818385,0.759586615772668,0.95,0.95,0.95,0.05,8.0,0.05,exact,151.50500000000002,25.4,neural,496.0,1984.0,19840.0,nan,0.0,0.0,nan,,,,,,,,,,,,,,,
reviewer1_observation_shift_smoke,reviewer1_observation_shift_smoke,configs/reviewer1_remaining/smoke/observation_shift.yaml,Reviewer1-observation-shift-smoke,Reviewer1ObservationShift-v0,Reviewer1ObservationShift-v0,native_gymnasium_observation,relative_reliability_fuzzy,11010,train,2765,,,2765,27,-1.9500000000000015,160,0.0,2765,141,0.003218433272892032,0.013761648908257484,0,0,3,5.175598499998159,5.175598499998159,0.0,5.175598499998159,0.0,d1991e82fa1ea0337d3d6296e2c904f22359ea22,1.8.0,7cc5bc598cfd6850415c80c2a5f22423f37a7ce8561077a69366f06d0ab14b1d,True,3.14.3,2.11.0+cpu,2.4.3,1.3.0,3.1.0,not-installed,not-installed,0.16711097168850267,0.0,9.118302e-05,0.0017642393796061912,519.0,1.0,0.0,0.0,0.0,0.0,0.11875,0.1489850026861818,0.8510149973138181,0.0,0.1489850026861818,0.12195828792063212,0.16693523143223865,0.7686727486149708,0.88125,0.88125,0.88125,0.11875,19.0,0.11875,exact,96.050625,24.45,neural,519.0,2076.0,20760.0,nan,0.0,0.0,nan,,,,,,,,,,,,,,,
reviewer1_observation_shift_smoke,reviewer1_observation_shift_smoke,configs/reviewer1_remaining/smoke/observation_shift.yaml,Reviewer1-observation-shift-smoke,Reviewer1ObservationShift-v0,Reviewer1ObservationShift-v0,native_gymnasium_observation,relative_reliability_fuzzy,11010,train,2925,,,2925,28,-2.0200000000000014,160,0.0,2925,151,0.0033001591840826185,0.032313477247953415,0,0,3,5.5042832999970415,5.5042832999970415,0.0,5.5042832999970415,0.0,d1991e82fa1ea0337d3d6296e2c904f22359ea22,1.8.0,7cc5bc598cfd6850415c80c2a5f22423f37a7ce8561077a69366f06d0ab14b1d,True,3.14.3,2.11.0+cpu,2.4.3,1.3.0,3.1.0,not-installed,not-installed,0.15999927904164934,0.0,0.00012124424,0.0020268209095736754,552.0,1.0,0.0,0.0,0.0,0.0,0.20625,0.1212252267927501,0.87877477320725,0.0,0.1212252267927501,0.12219365920840895,0.13388429622725315,0.45739175339124183,0.79375,0.79375,0.79375,0.20625,33.0,0.20625,exact,150.95875,26.549999999999997,neural,552.0,2208.0,22080.0,nan,0.0,0.0,nan,,,,,,,,,,,,,,,
reviewer1_observation_shift_smoke,reviewer1_observation_shift_smoke,configs/reviewer1_remaining/smoke/observation_shift.yaml,Reviewer1-observation-shift-smoke,Reviewer1ObservationShift-v0,Reviewer1ObservationShift-v0,native_gymnasium_observation,relative_reliability_fuzzy,11010,train,3085,,,3085,29,-1.9800000000000015,160,0.0,3085,161,0.003170944427376232,0.032313477247953415,0,0,3,5.83210429999599,5.83210429999599,0.0,5.83210429999599,0.0,d1991e82fa1ea0337d3d6296e2c904f22359ea22,1.8.0,7cc5bc598cfd6850415c80c2a5f22423f37a7ce8561077a69366f06d0ab14b1d,True,3.14.3,2.11.0+cpu,2.4.3,1.3.0,3.1.0,not-installed,not-installed,0.15434997412440027,0.0,0.00012126023,0.0021980156629212233,582.0,1.0,0.0,0.0,0.0,0.0,0.16875,0.1298723677907266,0.8701276322092735,0.0,0.1298723677907266,0.14915846732811516,0.14292407538425403,0.6911657004123277,0.83125,0.83125,0.83125,0.16875,27.0,0.16875,exact,137.895625,24.65,neural,582.0,2328.0,23280.0,nan,0.0,0.0,nan,,,,,,,,,,,,,,,
reviewer1_observation_shift_smoke,reviewer1_observation_shift_smoke,configs/reviewer1_remaining/smoke/observation_shift.yaml,Reviewer1-observation-shift-smoke,Reviewer1ObservationShift-v0,Reviewer1ObservationShift-v0,native_gymnasium_observation,relative_reliability_fuzzy,11010,train,3092,,,3092,30,0.9299999999999999,7,1.0,3092,162,0.0031540714639004923,0.032313477247953415,0,0,3,5.846105199998419,5.846105199998419,0.0,5.846105199998419,0.0,d1991e82fa1ea0337d3d6296e2c904f22359ea22,1.8.0,7cc5bc598cfd6850415c80c2a5f22423f37a7ce8561077a69366f06d0ab14b1d,True,3.14.3,2.11.0+cpu,2.4.3,1.3.0,3.1.0,not-installed,not-installed,0.1530796039669978,0.0,0.050122708,0.03994720836018211,586.0,0.0,0.0,0.0,0.0,1.0,1.0,0.0,1.0,0.0,0.0,0.0,0.0,0.5623378052641689,0.0,0.0,0.0,1.0,7.0,1.0,support-boundary collapse,286.0428571428571,32.3,neural,586.0,2344.0,23440.0,nan,0.0,0.0,nan,,,,,,,,,,,,,,,
reviewer1_observation_shift_smoke,reviewer1_observation_shift_smoke,configs/reviewer1_remaining/smoke/observation_shift.yaml,Reviewer1-observation-shift-smoke,Reviewer1ObservationShift-v0,Reviewer1ObservationShift-v0,native_gymnasium_observation,relative_reliability_fuzzy,11010,train,3183,,,3183,31,-0.2800000000000009,91,1.0,3183,167,0.003064572467991241,0.032313477247953415,0,0,3,5.9625760999988415,5.9625760999988415,0.0,5.9625760999988415,0.0,d1991e82fa1ea0337d3d6296e2c904f22359ea22,1.8.0,7cc5bc598cfd6850415c80c2a5f22423f37a7ce8561077a69366f06d0ab14b1d,True,3.14.3,2.11.0+cpu,2.4.3,1.3.0,3.1.0,not-installed,not-installed,0.1560670880693115,0.0,0.05195818,0.03827975540417718,591.0,0.0,0.0,0.0,0.0,1.0,0.04395604395604396,0.22570062773358812,0.7742993722664121,0.0,0.22570062773358812,0.17159563487948004,0.2638982316478537,0.6224753114698787,0.9560439560439561,0.9560439560439561,0.9560439560439561,0.04395604395604396,4.0,0.04395604395604396,exact,158.52967032967032,21.8,neural,591.0,2364.0,23640.0,nan,0.0,0.0,nan,,,,,,,,,,,,,,,
reviewer1_observation_shift_smoke,reviewer1_observation_shift_smoke,configs/reviewer1_remaining/smoke/observation_shift.yaml,Reviewer1-observation-shift-smoke,Reviewer1ObservationShift-v0,Reviewer1ObservationShift-v0,native_gymnasium_observation,relative_reliability_fuzzy,11010,train,3343,,,3343,32,-2.050000000000001,160,0.0,3343,177,0.003215206627402107,0.032313477247953415,0,0,3,6.351949099997,6.351949099997,0.0,6.351949099997,0.0,d1991e82fa1ea0337d3d6296e2c904f22359ea22,1.8.0,7cc5bc598cfd6850415c80c2a5f22423f37a7ce8561077a69366f06d0ab14b1d,True,3.14.3,2.11.0+cpu,2.4.3,1.3.0,3.1.0,not-installed,not-installed,0.16354121928765122,0.0,9.975927e-05,0.0019453607468515677,605.0,1.0,0.0,0.0,0.0,0.0,0.1,0.2151066836363597,0.7848933163636402,0.0,0.2151066836363597,0.26850353808000915,0.2497008739016814,0.6049606249724416,0.9,0.9,0.9,0.1,16.0,0.1,exact,165.724375,25.75,neural,605.0,2420.0,24200.0,nan,0.0,0.0,nan,,,,,,,,,,,,,,,
reviewer1_observation_shift_smoke,reviewer1_observation_shift_smoke,configs/reviewer1_remaining/smoke/observation_shift.yaml,Reviewer1-observation-shift-smoke,Reviewer1ObservationShift-v0,Reviewer1ObservationShift-v0,native_gymnasium_observation,relative_reliability_fuzzy,11010,train,3452,,,3452,33,-0.360000000000001,109,1.0,3452,184,0.0032093930912216583,0.032313477247953415,0,0,3,6.497571300002164,6.497571300002164,0.0,6.497571300002164,0.0,d1991e82fa1ea0337d3d6296e2c904f22359ea22,1.8.0,7cc5bc598cfd6850415c80c2a5f22423f37a7ce8561077a69366f06d0ab14b1d,True,3.14.3,2.11.0+cpu,2.4.3,1.3.0,3.1.0,not-installed,not-installed,0.16831092378229914,0.0,0.050097123,0.032668864086027156,621.0,0.0,0.0,0.0,0.0,1.0,0.0,0.24097659849592043,0.7590234015040794,0.0,0.24097659849592043,0.400630638264221,0.2769559396538087,0.7840868653145022,1.0,1.0,1.0,0.0,0.0,0.0,exact,149.951376146789,22.3,neural,621.0,2484.0,24840.0,nan,0.0,0.0,nan,,,,,,,,,,,,,,,
reviewer1_observation_shift_smoke,reviewer1_observation_shift_smoke,configs/reviewer1_remaining/smoke/observation_shift.yaml,Reviewer1-observation-shift-smoke,Reviewer1ObservationShift-v0,Reviewer1ObservationShift-v0,native_gymnasium_observation,relative_reliability_fuzzy,11010,train,3612,,,3612,34,-2.0000000000000013,160,0.0,3612,194,0.003109929893821338,0.032313477247953415,0,0,3,6.882515799996327,6.882515799996327,0.0,6.882515799996327,0.0,d1991e82fa1ea0337d3d6296e2c904f22359ea22,1.8.0,7cc5bc598cfd6850415c80c2a5f22423f37a7ce8561077a69366f06d0ab14b1d,True,3.14.3,2.11.0+cpu,2.4.3,1.3.0,3.1.0,not-installed,not-installed,0.1813666592800089,0.0,8.685124e-05,0.0019224444440759563,632.0,1.0,0.0,0.0,0.0,0.0,0.01875,0.3496515455833945,0.6503484544166055,0.0,0.3496515455833945,0.2833202525896872,0.47005331674084355,0.7571494219417902,0.98125,0.98125,0.98125,0.01875,3.0,0.01875,exact,173.93812499999999,29.05,neural,632.0,2528.0,25280.0,nan,0.0,0.0,nan,,,,,,,,,,,,,,,
reviewer1_observation_shift_smoke,reviewer1_observation_shift_smoke,configs/reviewer1_remaining/smoke/observation_shift.yaml,Reviewer1-observation-shift-smoke,Reviewer1ObservationShift-v0,Reviewer1ObservationShift-v0,native_gymnasium_observation,relative_reliability_fuzzy,11010,train,3636,,,3636,35,0.7,24,1.0,3636,196,0.003190660259591897,0.032313477247953415,0,0,3,6.9148054999968736,6.9148054999968736,0.0,6.9148054999968736,0.0,d1991e82fa1ea0337d3d6296e2c904f22359ea22,1.8.0,7cc5bc598cfd6850415c80c2a5f22423f37a7ce8561077a69366f06d0ab14b1d,True,3.14.3,2.11.0+cpu,2.4.3,1.3.0,3.1.0,not-installed,not-installed,0.18091710222205323,0.0,0.050112244,0.033891052406442405,639.0,0.0,0.0,0.0,0.0,1.0,0.0,0.19252654369969016,0.8074734563003099,0.0,0.19252654369969016,0.2683902553257795,0.2138528565329961,0.5934663826443766,1.0,1.0,1.0,0.0,0.0,0.0,exact,161.63333333333333,23.9,neural,639.0,2556.0,25560.0,nan,0.0,0.0,nan,,,,,,,,,,,,,,,
reviewer1_observation_shift_smoke,reviewer1_observation_shift_smoke,configs/reviewer1_remaining/smoke/observation_shift.yaml,Reviewer1-observation-shift-smoke,Reviewer1ObservationShift-v0,Reviewer1ObservationShift-v0,native_gymnasium_observation,relative_reliability_fuzzy,11010,train,3641,,,3641,36,0.93,5,1.0,3641,196,0.003190660259591897,0.032313477247953415,0,0,3,6.921992700001283,6.921992700001283,0.0,6.921992700001283,0.0,d1991e82fa1ea0337d3d6296e2c904f22359ea22,1.8.0,7cc5bc598cfd6850415c80c2a5f22423f37a7ce8561077a69366f06d0ab14b1d,True,3.14.3,2.11.0+cpu,2.4.3,1.3.0,3.1.0,not-installed,not-installed,0.18021899574745048,0.0,0.08882597,0.053717541964536195,641.0,0.0,0.0,0.0,0.0,1.0,0.2,0.14438374190911157,0.8556162580908884,0.0,0.14438374190911157,0.0746688990762927,0.1605779348721455,0.6545290482726622,0.8,0.8,0.8,0.2,1.0,0.2,exact,319.46000000000004,38.9,neural,641.0,2564.0,25640.0,nan,0.0,0.0,nan,,,,,,,,,,,,,,,
reviewer1_observation_shift_smoke,reviewer1_observation_shift_smoke,configs/reviewer1_remaining/smoke/observation_shift.yaml,Reviewer1-observation-shift-smoke,Reviewer1ObservationShift-v0,Reviewer1ObservationShift-v0,native_gymnasium_observation,relative_reliability_fuzzy,11010,train,3801,,,3801,37,-2.020000000000001,160,0.0,3801,206,0.0031451779197101412,0.032313477247953415,0,0,3,7.317281399999047,7.317281399999047,0.0,7.317281399999047,0.0,d1991e82fa1ea0337d3d6296e2c904f22359ea22,1.8.0,7cc5bc598cfd6850415c80c2a5f22423f37a7ce8561077a69366f06d0ab14b1d,True,3.14.3,2.11.0+cpu,2.4.3,1.3.0,3.1.0,not-installed,not-installed,0.19148678472140673,0.0,0.000103731705,0.0013055247215915569,643.0,1.0,0.0,0.0,0.0,0.0,0.04375,0.38939684014752163,0.6106031598524784,0.0,0.38939684014752163,0.15932335610366383,0.5259137643066755,0.5344158793244781,0.95625,0.95625,0.95625,0.04375,7.0,0.04375,exact,157.409375,27.35,neural,643.0,2572.0,25720.0,nan,0.0,0.0,nan,,,,,,,,,,,,,,,
reviewer1_observation_shift_smoke,reviewer1_observation_shift_smoke,configs/reviewer1_remaining/smoke/observation_shift.yaml,Reviewer1-observation-shift-smoke,Reviewer1ObservationShift-v0,Reviewer1ObservationShift-v0,native_gymnasium_observation,relative_reliability_fuzzy,11010,train,3880,,,3880,38,-6.661338147750939e-16,79,1.0,3880,211,0.003074154100918845,0.032313477247953415,0,0,3,7.468027099996107,7.468027099996107,0.0,7.468027099996107,0.0,d1991e82fa1ea0337d3d6296e2c904f22359ea22,1.8.0,7cc5bc598cfd6850415c80c2a5f22423f37a7ce8561077a69366f06d0ab14b1d,True,3.14.3,2.11.0+cpu,2.4.3,1.3.0,3.1.0,not-installed,not-installed,0.1852541295168323,0.0,0.050124533,0.030492868490852736,656.0,0.0,0.0,0.0,0.0,1.0,0.27848101265822783,0.09727803256626372,0.9027219674337366,0.0,0.09727803256626372,0.1631557885417313,0.10745706126537463,0.8033248170975305,0.7215189873417721,0.7215189873417721,0.7215189873417721,0.27848101265822783,22.0,0.27848101265822783,exact,278.94556962025314,27.9,neural,656.0,2624.0,26240.0,nan,0.0,0.0,nan,,,,,,,,,,,,,,,
reviewer1_observation_shift_smoke,reviewer1_observation_shift_smoke,configs/reviewer1_remaining/smoke/observation_shift.yaml,Reviewer1-observation-shift-smoke,Reviewer1ObservationShift-v0,Reviewer1ObservationShift-v0,native_gymnasium_observation,relative_reliability_fuzzy,11010,train,3937,,,3937,39,0.34999999999999964,57,1.0,3937,215,0.0030182978102878456,0.032313477247953415,0,0,3,7.5374336000022595,7.5374336000022595,0.0,7.5374336000022595,0.0,d1991e82fa1ea0337d3d6296e2c904f22359ea22,1.8.0,7cc5bc598cfd6850415c80c2a5f22423f37a7ce8561077a69366f06d0ab14b1d,True,3.14.3,2.11.0+cpu,2.4.3,1.3.0,3.1.0,not-installed,not-installed,0.18249605537283317,0.0,0.05281809,0.03518479463816764,677.0,0.0,0.0,0.0,0.0,1.0,0.2631578947368421,0.08773484242859504,0.9122651575714049,0.0,0.08773484242859504,0.1251749544545118,0.09765119958083737,0.5238217958384883,0.7368421052631579,0.7368421052631579,0.7368421052631579,0.2631578947368421,15.0,0.2631578947368421,exact,148.61403508771926,20.9,neural,677.0,2708.0,27080.0,nan,0.0,0.0,nan,,,,,,,,,,,,,,,
reviewer1_observation_shift_smoke,reviewer1_observation_shift_smoke,configs/reviewer1_remaining/smoke/observation_shift.yaml,Reviewer1-observation-shift-smoke,Reviewer1ObservationShift-v0,Reviewer1ObservationShift-v0,native_gymnasium_observation,relative_reliability_fuzzy,11010,train,4097,,,4097,40,-1.9300000000000015,160,0.0,4097,225,0.0029863856689270403,0.032313477247953415,0,0,3,7.900803299999097,7.900803299999097,0.0,7.900803299999097,0.0,d1991e82fa1ea0337d3d6296e2c904f22359ea22,1.8.0,7cc5bc598cfd6850415c80c2a5f22423f37a7ce8561077a69366f06d0ab14b1d,True,3.14.3,2.11.0+cpu,2.4.3,1.3.0,3.1.0,not-installed,not-installed,0.17697038298120282,0.0,0.00016696662,0.001239769946101712,707.0,1.0,0.0,0.0,0.0,0.0,0.225,0.12180321521687516,0.8781967847831249,0.0,0.12180321521687516,0.18325487394237122,0.13275340641149785,0.5508123391918296,0.775,0.775,0.775,0.225,36.0,0.225,exact,188.73874999999998,30.950000000000003,neural,707.0,2828.0,28280.0,nan,0.0,0.0,nan,,,,,,,,,,,,,,,
reviewer1_observation_shift_smoke,reviewer1_observation_shift_smoke,configs/reviewer1_remaining/smoke/observation_shift.yaml,Reviewer1-observation-shift-smoke,Reviewer1ObservationShift-v0,Reviewer1ObservationShift-v0,native_gymnasium_observation,relative_reliability_fuzzy,11010,train,4257,,,4257,41,-2.010000000000001,160,0.0,4257,235,0.00294798598077521,0.032313477247953415,0,0,3,8.225322899997991,8.225322899997991,0.0,8.225322899997991,0.0,d1991e82fa1ea0337d3d6296e2c904f22359ea22,1.8.0,7cc5bc598cfd6850415c80c2a5f22423f37a7ce8561077a69366f06d0ab14b1d,True,3.14.3,2.11.0+cpu,2.4.3,1.3.0,3.1.0,not-installed,not-installed,0.17556397875383375,0.0,0.000117111704,0.0018938403879694948,736.0,1.0,0.0,0.0,0.0,0.0,0.325,0.13774226364772355,0.8622577363522765,0.0,0.13774226364772355,0.2332892685811318,0.15260499364999855,0.6486022782786366,0.675,0.675,0.675,0.325,52.0,0.325,exact,182.70125000000002,26.25,neural,736.0,2944.0,29440.0,nan,0.0,0.0,nan,,,,,,,,,,,,,,,
reviewer1_observation_shift_smoke,reviewer1_observation_shift_smoke,configs/reviewer1_remaining/smoke/observation_shift.yaml,Reviewer1-observation-shift-smoke,Reviewer1ObservationShift-v0,Reviewer1ObservationShift-v0,native_gymnasium_observation,relative_reliability_fuzzy,11010,train,4266,,,4266,42,0.86,9,1.0,4266,235,0.00294798598077521,0.032313477247953415,0,0,3,8.23903540000174,8.23903540000174,0.0,8.23903540000174,0.0,d1991e82fa1ea0337d3d6296e2c904f22359ea22,1.8.0,7cc5bc598cfd6850415c80c2a5f22423f37a7ce8561077a69366f06d0ab14b1d,True,3.14.3,2.11.0+cpu,2.4.3,1.3.0,3.1.0,not-installed,not-installed,0.17426321003889783,0.0,0.05015687,0.03896602567779629,739.0,0.0,0.0,0.0,0.0,1.0,0.3333333333333333,0.03333333333333333,0.9666666666666666,0.0,0.03333333333333333,0.05,0.03251371699952399,0.7093751820090946,0.6666666666666666,0.6666666666666666,0.6666666666666666,0.3333333333333333,3.0,0.3333333333333333,exact,385.70000000000005,22.6,neural,739.0,2956.0,29560.0,nan,0.0,0.0,nan,,,,,,,,,,,,,,,
reviewer1_observation_shift_smoke,reviewer1_observation_shift_smoke,configs/reviewer1_remaining/smoke/observation_shift.yaml,Reviewer1-observation-shift-smoke,Reviewer1ObservationShift-v0,Reviewer1ObservationShift-v0,native_gymnasium_observation,relative_reliability_fuzzy,11010,train,4426,,,4426,43,-2.0000000000000013,160,0.0,4426,245,0.0029618272941624294,0.032313477247953415,0,0,3,8.629867900002864,8.629867900002864,0.0,8.629867900002864,0.0,d1991e82fa1ea0337d3d6296e2c904f22359ea22,1.8.0,7cc5bc598cfd6850415c80c2a5f22423f37a7ce8561077a69366f06d0ab14b1d,True,3.14.3,2.11.0+cpu,2.4.3,1.3.0,3.1.0,not-installed,not-installed,0.17388663463266643,0.0,0.000117207484,0.0014976054956139407,776.0,1.0,0.0,0.0,0.0,0.0,0.13125,0.17415680616239335,0.8258431938376066,0.0,0.17415680616239335,0.18009979912360646,0.1976230586344922,0.636552996686836,0.86875,0.86875,0.86875,0.13125,21.0,0.13125,exact,203.08375,30.200000000000003,neural,776.0,3104.0,31040.0,nan,0.0,0.0,nan,,,,,,,,,,,,,,,
reviewer1_observation_shift_smoke,reviewer1_observation_shift_smoke,configs/reviewer1_remaining/smoke/observation_shift.yaml,Reviewer1-observation-shift-smoke,Reviewer1ObservationShift-v0,Reviewer1ObservationShift-v0,native_gymnasium_observation,relative_reliability_fuzzy,11010,train,4586,,,4586,44,-1.9400000000000015,160,0.0,4586,255,0.002855870972166931,0.032313477247953415,0,0,3,9.050669299998845,9.050669299998845,0.0,9.050669299998845,0.0,d1991e82fa1ea0337d3d6296e2c904f22359ea22,1.8.0,7cc5bc598cfd6850415c80c2a5f22423f37a7ce8561077a69366f06d0ab14b1d,True,3.14.3,2.11.0+cpu,2.4.3,1.3.0,3.1.0,not-installed,not-installed,0.1773669578825571,0.0,0.00011272341,0.0031467559284051577,788.0,1.0,0.0,0.0,0.0,0.0,0.06875,0.22972908399214767,0.7702709160078522,0.0,0.22972908399214767,0.22876772052469563,0.2562578596130736,0.6170890472142705,0.93125,0.93125,0.93125,0.06875,11.0,0.06875,exact,166.78187499999999,28.6,neural,788.0,3152.0,31520.0,nan,0.0,0.0,nan,,,,,,,,,,,,,,,
reviewer1_observation_shift_smoke,reviewer1_observation_shift_smoke,configs/reviewer1_remaining/smoke/observation_shift.yaml,Reviewer1-observation-shift-smoke,Reviewer1ObservationShift-v0,Reviewer1ObservationShift-v0,native_gymnasium_observation,relative_reliability_fuzzy,11010,train,4746,,,4746,45,-2.16,160,0.0,4746,265,0.002818020140961689,0.032313477247953415,0,0,3,9.423261800002365,9.423261800002365,0.0,9.423261800002365,0.0,d1991e82fa1ea0337d3d6296e2c904f22359ea22,1.8.0,7cc5bc598cfd6850415c80c2a5f22423f37a7ce8561077a69366f06d0ab14b1d,True,3.14.3,2.11.0+cpu,2.4.3,1.3.0,3.1.0,not-installed,not-installed,0.17327024184832995,0.0,0.00010637667,0.0011143688402902154,819.0,1.0,0.0,0.0,0.0,0.0,0.16875,0.15080160247039587,0.8491983975296042,0.0,0.15080160247039587,0.21581541820718342,0.16681613307607385,0.653667289351298,0.83125,0.83125,0.83125,0.16875,27.0,0.16875,exact,237.39187499999997,31.7,neural,819.0,3276.0,32760.0,nan,0.0,0.0,nan,,,,,,,,,,,,,,,
reviewer1_observation_shift_smoke,reviewer1_observation_shift_smoke,configs/reviewer1_remaining/smoke/observation_shift.yaml,Reviewer1-observation-shift-smoke,Reviewer1ObservationShift-v0,Reviewer1ObservationShift-v0,native_gymnasium_observation,relative_reliability_fuzzy,11010,train,4906,,,4906,46,-2.1099999999999994,160,0.0,4906,275,0.002753250664781345,0.032313477247953415,0,0,3,9.721065899997484,9.721065899997484,0.0,9.721065899997484,0.0,d1991e82fa1ea0337d3d6296e2c904f22359ea22,1.8.0,7cc5bc598cfd6850415c80c2a5f22423f37a7ce8561077a69366f06d0ab14b1d,True,3.14.3,2.11.0+cpu,2.4.3,1.3.0,3.1.0,not-installed,not-installed,0.17617210159614044,0.0,0.00010641799,0.0020377753730136325,837.0,1.0,0.0,0.0,0.0,0.0,0.23125,0.19923818071972219,0.8007618192802779,0.0,0.19923818071972219,0.24672490462046592,0.2313335243240601,0.5842890535428065,0.76875,0.76875,0.76875,0.23125,37.0,0.23125,exact,190.11999999999998,25.549999999999997,neural,837.0,3348.0,33480.0,nan,0.0,0.0,nan,,,,,,,,,,,,,,,
reviewer1_observation_shift_smoke,reviewer1_observation_shift_smoke,configs/reviewer1_remaining/smoke/observation_shift.yaml,Reviewer1-observation-shift-smoke,Reviewer1ObservationShift-v0,Reviewer1ObservationShift-v0,native_gymnasium_observation,relative_reliability_fuzzy,11010,train,5066,,,5066,47,-2.0200000000000014,160,0.0,5066,285,0.0026609030455387126,0.032313477247953415,0,0,3,10.004637999998522,10.004637999998522,0.0,10.004637999998522,0.0,d1991e82fa1ea0337d3d6296e2c904f22359ea22,1.8.0,7cc5bc598cfd6850415c80c2a5f22423f37a7ce8561077a69366f06d0ab14b1d,True,3.14.3,2.11.0+cpu,2.4.3,1.3.0,3.1.0,not-installed,not-installed,0.17859208311247843,0.0,8.643096e-05,0.0013830312965987762,855.0,1.0,0.0,0.0,0.0,0.0,0.11875,0.2087160632023597,0.7912839367976403,0.0,0.2087160632023597,0.3561009271698371,0.23293520795399553,0.7853506813227518,0.88125,0.88125,0.88125,0.11875,19.0,0.11875,exact,183.805,25.9,neural,855.0,3420.0,34200.0,nan,0.0,0.0,nan,,,,,,,,,,,,,,,
reviewer1_observation_shift_smoke,reviewer1_observation_shift_smoke,configs/reviewer1_remaining/smoke/observation_shift.yaml,Reviewer1-observation-shift-smoke,Reviewer1ObservationShift-v0,Reviewer1ObservationShift-v0,native_gymnasium_observation,relative_reliability_fuzzy,11010,train,5226,,,5226,48,-1.9200000000000015,160,0.0,5226,295,0.002641502128842719,0.032313477247953415,0,0,3,10.283185399996,10.283185399996,0.0,10.283185399996,0.0,d1991e82fa1ea0337d3d6296e2c904f22359ea22,1.8.0,7cc5bc598cfd6850415c80c2a5f22423f37a7ce8561077a69366f06d0ab14b1d,True,3.14.3,2.11.0+cpu,2.4.3,1.3.0,3.1.0,not-installed,not-installed,0.1836824542562071,0.0,0.00012297482,0.001203586008046296,868.0,1.0,0.0,0.0,0.0,0.0,0.04375,0.2628101212104039,0.7371898787895961,0.0,0.2628101212104039,0.19094849104065448,0.29269485010468743,0.6498144334258237,0.95625,0.95625,0.95625,0.04375,7.0,0.04375,exact,225.46437500000002,25.5,neural,868.0,3472.0,34720.0,nan,0.0,0.0,nan,,,,,,,,,,,,,,,
reviewer1_observation_shift_smoke,reviewer1_observation_shift_smoke,configs/reviewer1_remaining/smoke/observation_shift.yaml,Reviewer1-observation-shift-smoke,Reviewer1ObservationShift-v0,Reviewer1ObservationShift-v0,native_gymnasium_observation,relative_reliability_fuzzy,11010,train,5386,,,5386,49,-1.9400000000000015,160,0.0,5386,305,0.0025959612546237205,0.032313477247953415,0,0,3,10.621517100000347,10.621517100000347,0.0,10.621517100000347,0.0,d1991e82fa1ea0337d3d6296e2c904f22359ea22,1.8.0,7cc5bc598cfd6850415c80c2a5f22423f37a7ce8561077a69366f06d0ab14b1d,True,3.14.3,2.11.0+cpu,2.4.3,1.3.0,3.1.0,not-installed,not-installed,0.1787090354506712,0.0,0.00010089961,0.00209649960997242,907.0,1.0,0.0,0.0,0.0,0.0,0.1625,0.09017235874322604,0.9098276412567738,0.0,0.09017235874322604,0.0753788488741937,0.09780944652601374,0.6815619886889264,0.8375,0.8375,0.8375,0.1625,26.0,0.1625,exact,278.91875,28.6,neural,907.0,3628.0,36280.0,nan,0.0,0.0,nan,,,,,,,,,,,,,,,
reviewer1_observation_shift_smoke,reviewer1_observation_shift_smoke,configs/reviewer1_remaining/smoke/observation_shift.yaml,Reviewer1-observation-shift-smoke,Reviewer1ObservationShift-v0,Reviewer1ObservationShift-v0,native_gymnasium_observation,relative_reliability_fuzzy,11010,train,5546,,,5546,50,-1.8600000000000014,160,0.0,5546,315,0.0025483749136626663,0.032313477247953415,0,0,3,10.882230099996377,10.882230099996377,0.0,10.882230099996377,0.0,d1991e82fa1ea0337d3d6296e2c904f22359ea22,1.8.0,7cc5bc598cfd6850415c80c2a5f22423f37a7ce8561077a69366f06d0ab14b1d,True,3.14.3,2.11.0+cpu,2.4.3,1.3.0,3.1.0,not-installed,not-installed,0.18668854200278856,0.0,8.9691e-05,0.0017000554383053983,910.0,1.0,0.0,0.0,0.0,0.0,0.0,0.35156497488803173,0.6484350251119683,0.0,0.35156497488803173,0.18718864538907687,0.4182279711646964,0.5738660744394322,1.0,1.0,1.0,0.0,0.0,0.0,exact,206.22875,25.25,neural,910.0,3640.0,36400.0,nan,0.0,0.0,nan,,,,,,,,,,,,,,,
reviewer1_observation_shift_smoke,reviewer1_observation_shift_smoke,configs/reviewer1_remaining/smoke/observation_shift.yaml,Reviewer1-observation-shift-smoke,Reviewer1ObservationShift-v0,Reviewer1ObservationShift-v0,native_gymnasium_observation,relative_reliability_fuzzy,11010,train,5706,,,5706,51,-2.010000000000001,160,0.0,5706,325,0.0026347599876652777,0.032313477247953415,0,0,3,11.308422599999176,11.308422599999176,0.0,11.308422599999176,0.0,d1991e82fa1ea0337d3d6296e2c904f22359ea22,1.8.0,7cc5bc598cfd6850415c80c2a5f22423f37a7ce8561077a69366f06d0ab14b1d,True,3.14.3,2.11.0+cpu,2.4.3,1.3.0,3.1.0,not-installed,not-installed,0.18220524529644694,0.0,9.535143e-05,0.0019514066260785273,942.0,1.0,0.0,0.0,0.0,0.0,0.175,0.12841367119141878,0.8715863288085812,0.0,0.12841367119141878,0.11318217539553808,0.1416408511388077,0.788656906278917,0.825,0.825,0.825,0.175,28.0,0.175,exact,302.90812500000004,31.450000000000003,neural,942.0,3768.0,37680.0,nan,0.0,0.0,nan,,,,,,,,,,,,,,,
reviewer1_observation_shift_smoke,reviewer1_observation_shift_smoke,configs/reviewer1_remaining/smoke/observation_shift.yaml,Reviewer1-observation-shift-smoke,Reviewer1ObservationShift-v0,Reviewer1ObservationShift-v0,native_gymnasium_observation,relative_reliability_fuzzy,11010,train,5866,,,5866,52,-2.020000000000001,160,0.0,5866,335,0.002589688629287498,0.032313477247953415,0,0,3,11.662265699997079,11.662265699997079,0.0,11.662265699997079,0.0,d1991e82fa1ea0337d3d6296e2c904f22359ea22,1.8.0,7cc5bc598cfd6850415c80c2a5f22423f37a7ce8561077a69366f06d0ab14b1d,True,3.14.3,2.11.0+cpu,2.4.3,1.3.0,3.1.0,not-installed,not-installed,0.18087203281403924,0.0,0.00011981016,0.002373583559295874,968.0,1.0,0.0,0.0,0.0,0.0,0.075,0.1834364550467966,0.8165635449532035,0.0,0.1834364550467966,0.18019049438974305,0.20598989794120848,0.6634858865024528,0.925,0.925,0.925,0.075,12.0,0.075,exact,263.856875,29.4,neural,968.0,3872.0,38720.0,nan,0.0,0.0,nan,,,,,,,,,,,,,,,
reviewer1_observation_shift_smoke,reviewer1_observation_shift_smoke,configs/reviewer1_remaining/smoke/observation_shift.yaml,Reviewer1-observation-shift-smoke,Reviewer1ObservationShift-v0,Reviewer1ObservationShift-v0,native_gymnasium_observation,relative_reliability_fuzzy,11010,eval,6000,6000,-2.9800000000000004,6000,1,-2.9800000000000004,160,0.0,6000,344,0.002525012349403982,0.032313477247953415,0,1,3,12.784073099996021,11.942225199993118,0.8418479000029038,11.942225199993118,0.8418479000029038,d1991e82fa1ea0337d3d6296e2c904f22359ea22,1.8.0,7cc5bc598cfd6850415c80c2a5f22423f37a7ce8561077a69366f06d0ab14b1d,True,3.14.3,2.11.0+cpu,2.4.3,1.3.0,3.1.0,not-installed,not-installed,0.17843292460042753,0.0,8.7890105e-05,0.0004266278639149987,999.0,1.0,0.0,0.0,0.0,0.0,1.0,0.0,1.0,0.0,0.0,0.0,0.0,0.6176151483955229,0.0,0.0,0.0,1.0,160.0,1.0,support-boundary collapse,892.1675000000001,805.8499999999999,neural,999.0,3996.0,39960.0,nan,0.0,0.0,nan,nan,nan,1,1,nan,nan,nan,unavailable,unavailable,unavailable,nan,nan,0.0,none,nan
reviewer1_observation_shift_smoke,reviewer1_observation_shift_smoke,configs/reviewer1_remaining/smoke/observation_shift.yaml,Reviewer1-observation-shift-smoke,Reviewer1ObservationShift-v0,Reviewer1ObservationShift-v0,native_gymnasium_observation,relative_reliability_fuzzy,11010,eval,6000,6000,-2.989999999999999,6000,2,-2.989999999999999,160,0.0,6000,344,0.002525012349403982,0.032313477247953415,0,1,3,12.784783199997037,11.942935299994133,0.8418479000029038,11.942935299994133,0.8418479000029038,d1991e82fa1ea0337d3d6296e2c904f22359ea22,1.8.0,7cc5bc598cfd6850415c80c2a5f22423f37a7ce8561077a69366f06d0ab14b1d,True,3.14.3,2.11.0+cpu,2.4.3,1.3.0,3.1.0,not-installed,not-installed,0.17843292460042753,0.0,8.7890105e-05,0.0004266278639149987,999.0,1.0,0.0,0.0,0.0,0.0,0.3125,0.1365830212424178,0.8634169787575822,0.0,0.1365830212424178,0.19910455506412084,0.1516973779778658,0.6381831028666906,0.6875,0.6875,0.6875,0.3125,50.0,0.3125,exact,864.0400000000002,812.0,neural,999.0,3996.0,39960.0,nan,0.0,0.0,nan,nan,nan,1,0,nan,nan,nan,unavailable,unavailable,unavailable,nan,nan,0.0,none,nan
reviewer1_observation_shift_smoke,reviewer1_observation_shift_smoke,configs/reviewer1_remaining/smoke/observation_shift.yaml,Reviewer1-observation-shift-smoke,Reviewer1ObservationShift-v0,Reviewer1ObservationShift-v0,native_gymnasium_observation,relative_reliability_fuzzy,11010,eval,6000,6000,-3.080000000000002,6000,3,-3.080000000000002,160,0.0,6000,344,0.002525012349403982,0.032313477247953415,0,1,3,12.785127999995893,11.94328009999299,0.8418479000029038,11.94328009999299,0.8418479000029038,d1991e82fa1ea0337d3d6296e2c904f22359ea22,1.8.0,7cc5bc598cfd6850415c80c2a5f22423f37a7ce8561077a69366f06d0ab14b1d,True,3.14.3,2.11.0+cpu,2.4.3,1.3.0,3.1.0,not-installed,not-installed,0.17843292460042753,0.0,8.7890105e-05,0.0004266278639149987,999.0,1.0,0.0,0.0,0.0,0.0,1.0,0.0,1.0,0.0,0.0,0.0,0.0,0.668965531765612,0.0,0.0,0.0,1.0,160.0,1.0,support-boundary collapse,763.475625,695.8,neural,999.0,3996.0,39960.0,nan,0.0,0.0,nan,nan,nan,1,0,nan,nan,nan,unavailable,unavailable,unavailable,nan,nan,0.0,none,nan
reviewer1_observation_shift_smoke,reviewer1_observation_shift_smoke,configs/reviewer1_remaining/smoke/observation_shift.yaml,Reviewer1-observation-shift-smoke,Reviewer1ObservationShift-v0,Reviewer1ObservationShift-v0,native_gymnasium_observation,relative_reliability_fuzzy,11010,eval,6000,6000,0.72,6000,4,0.72,17,1.0,6000,344,0.002525012349403982,0.032313477247953415,0,1,3,12.785421799999312,11.943573899996409,0.8418479000029038,11.943573899996409,0.8418479000029038,d1991e82fa1ea0337d3d6296e2c904f22359ea22,1.8.0,7cc5bc598cfd6850415c80c2a5f22423f37a7ce8561077a69366f06d0ab14b1d,True,3.14.3,2.11.0+cpu,2.4.3,1.3.0,3.1.0,not-installed,not-installed,0.17843292460042753,0.0,8.7890105e-05,0.0004266278639149987,999.0,0.0,0.0,0.0,0.0,1.0,1.0,0.0,1.0,0.0,0.0,0.0,0.0,0.590720643201053,0.0,0.0,0.0,1.0,17.0,1.0,support-boundary collapse,719.2058823529412,693.9,neural,999.0,3996.0,39960.0,nan,0.0,0.0,nan,nan,nan,2,1,nan,nan,nan,unavailable,unavailable,unavailable,nan,nan,0.0,none,nan
reviewer1_observation_shift_smoke,reviewer1_observation_shift_smoke,configs/reviewer1_remaining/smoke/observation_shift.yaml,Reviewer1-observation-shift-smoke,Reviewer1ObservationShift-v0,Reviewer1ObservationShift-v0,native_gymnasium_observation,relative_reliability_fuzzy,11010,train,6026,,,6026,53,-1.9000000000000015,160,0.0,6026,345,0.0025179031943243107,0.032313477247953415,0,1,3,12.852597099998093,12.010749199995189,0.8418479000029038,12.010749199995189,0.8418479000029038,d1991e82fa1ea0337d3d6296e2c904f22359ea22,1.8.0,7cc5bc598cfd6850415c80c2a5f22423f37a7ce8561077a69366f06d0ab14b1d,True,3.14.3,2.11.0+cpu,2.4.3,1.3.0,3.1.0,not-installed,not-installed,0.1782568976342104,0.0,0.000121766505,0.0009032144471955632,1001.0,1.0,0.0,0.0,0.0,0.0,0.13125,0.12008634492513574,0.8799136550748642,0.0,0.12008634492513574,0.14909402356805845,0.13158674898758194,0.7942402976671348,0.86875,0.86875,0.86875,0.13125,21.0,0.13125,exact,270.32875,28.25,neural,1001.0,4004.0,40040.0,nan,0.0,0.0,nan,,,,,,,,,,,,,,,
reviewer1_observation_shift_smoke,reviewer1_observation_shift_smoke,configs/reviewer1_remaining/smoke/observation_shift.yaml,Reviewer1-observation-shift-smoke,Reviewer1ObservationShift-v0,Reviewer1ObservationShift-v0,native_gymnasium_observation,relative_reliability_fuzzy,11010,train,6186,,,6186,54,-1.9900000000000015,160,0.0,6186,355,0.0024840484149202713,0.032313477247953415,0,1,3,13.18628919999901,12.344441299996106,0.8418479000029038,12.344441299996106,0.8418479000029038,d1991e82fa1ea0337d3d6296e2c904f22359ea22,1.8.0,7cc5bc598cfd6850415c80c2a5f22423f37a7ce8561077a69366f06d0ab14b1d,True,3.14.3,2.11.0+cpu,2.4.3,1.3.0,3.1.0,not-installed,not-installed,0.17867110444223058,0.0,9.82202e-05,0.0017151909210749816,1024.0,1.0,0.0,0.0,0.0,0.0,0.20625,0.1504480682819072,0.8495519317180926,0.0,0.1504480682819072,0.18326589324266046,0.16781350731908146,0.7129896725202727,0.79375,0.79375,0.79375,0.20625,33.0,0.20625,exact,219.0075,24.5,neural,1024.0,4096.0,40960.0,nan,0.0,0.0,nan,,,,,,,,,,,,,,,
reviewer1_observation_shift_smoke,reviewer1_observation_shift_smoke,configs/reviewer1_remaining/smoke/observation_shift.yaml,Reviewer1-observation-shift-smoke,Reviewer1ObservationShift-v0,Reviewer1ObservationShift-v0,native_gymnasium_observation,relative_reliability_fuzzy,11010,train,6209,,,6209,55,0.7599999999999999,23,1.0,6209,357,0.002496033311597209,0.032313477247953415,0,1,3,13.218991599998844,12.37714369999594,0.8418479000029038,12.37714369999594,0.8418479000029038,d1991e82fa1ea0337d3d6296e2c904f22359ea22,1.8.0,7cc5bc598cfd6850415c80c2a5f22423f37a7ce8561077a69366f06d0ab14b1d,True,3.14.3,2.11.0+cpu,2.4.3,1.3.0,3.1.0,not-installed,not-installed,0.17778330170856568,0.0,0.050104134,0.030903109615042678,1033.0,0.0,0.0,0.0,0.0,1.0,0.34782608695652173,0.06738286145806338,0.9326171385419365,0.0,0.06738286145806338,0.08571645154099929,0.07337114300867652,0.4858172172077505,0.6521739130434783,0.6521739130434783,0.6521739130434783,0.34782608695652173,8.0,0.34782608695652173,exact,232.85217391304346,23.1,neural,1033.0,4132.0,41320.0,nan,0.0,0.0,nan,,,,,,,,,,,,,,,
reviewer1_observation_shift_smoke,reviewer1_observation_shift_smoke,configs/reviewer1_remaining/smoke/observation_shift.yaml,Reviewer1-observation-shift-smoke,Reviewer1ObservationShift-v0,Reviewer1ObservationShift-v0,native_gymnasium_observation,relative_reliability_fuzzy,11010,train,6369,,,6369,56,-2.1199999999999997,160,0.0,6369,367,0.0024327429229832062,0.032313477247953415,0,1,3,13.542767999999342,12.700920099996438,0.8418479000029038,12.700920099996438,0.8418479000029038,d1991e82fa1ea0337d3d6296e2c904f22359ea22,1.8.0,7cc5bc598cfd6850415c80c2a5f22423f37a7ce8561077a69366f06d0ab14b1d,True,3.14.3,2.11.0+cpu,2.4.3,1.3.0,3.1.0,not-installed,not-installed,0.1756539278644651,0.0,0.00013566804,0.0020527417064211744,1065.0,1.0,0.0,0.0,0.0,0.0,0.2,0.14458987658446928,0.8554101234155308,0.0,0.14458987658446928,0.18320376398947408,0.16106496024453293,0.6688395483244591,0.8,0.8,0.8,0.2,32.0,0.2,exact,301.476875,29.55,neural,1065.0,4260.0,42600.0,nan,0.0,0.0,nan,,,,,,,,,,,,,,,
reviewer1_observation_shift_smoke,reviewer1_observation_shift_smoke,configs/reviewer1_remaining/smoke/observation_shift.yaml,Reviewer1-observation-shift-smoke,Reviewer1ObservationShift-v0,Reviewer1ObservationShift-v0,native_gymnasium_observation,relative_reliability_fuzzy,11010,train,6529,,,6529,57,-2.0600000000000014,160,0.0,6529,377,0.002372216896057836,0.032313477247953415,0,1,3,13.922422700001334,13.08057479999843,0.8418479000029038,13.08057479999843,0.8418479000029038,d1991e82fa1ea0337d3d6296e2c904f22359ea22,1.8.0,7cc5bc598cfd6850415c80c2a5f22423f37a7ce8561077a69366f06d0ab14b1d,True,3.14.3,2.11.0+cpu,2.4.3,1.3.0,3.1.0,not-installed,not-installed,0.17701324008196462,0.0,9.837036e-05,0.0023122767547449057,1094.0,1.0,0.0,0.0,0.0,0.0,0.04375,0.19825410509315422,0.8017458949068457,0.0,0.19825410509315422,0.24750765130468894,0.22694448888564844,0.5480252246284996,0.95625,0.95625,0.95625,0.04375,7.0,0.04375,exact,221.315,28.549999999999997,neural,1094.0,4376.0,43760.0,nan,0.0,0.0,nan,,,,,,,,,,,,,,,
reviewer1_observation_shift_smoke,reviewer1_observation_shift_smoke,configs/reviewer1_remaining/smoke/observation_shift.yaml,Reviewer1-observation-shift-smoke,Reviewer1ObservationShift-v0,Reviewer1ObservationShift-v0,native_gymnasium_observation,relative_reliability_fuzzy,11010,train,6611,,,6611,58,0.01999999999999935,82,1.0,6611,382,0.0023717624689250072,0.032313477247953415,0,1,3,14.04145669999707,13.199608799994166,0.8418479000029038,13.199608799994166,0.8418479000029038,d1991e82fa1ea0337d3d6296e2c904f22359ea22,1.8.0,7cc5bc598cfd6850415c80c2a5f22423f37a7ce8561077a69366f06d0ab14b1d,True,3.14.3,2.11.0+cpu,2.4.3,1.3.0,3.1.0,not-installed,not-installed,0.17627993491102123,0.0,0.050083995,0.034075595357253505,1109.0,0.0,0.0,0.0,0.0,1.0,0.2073170731707317,0.15091821385827334,0.8490817861417266,0.0,0.15091821385827334,0.18328082649811078,0.16905668418086384,0.49894028044100686,0.7926829268292683,0.7926829268292683,0.7926829268292683,0.2073170731707317,17.0,0.2073170731707317,exact,263.54634146341465,23.35,neural,1109.0,4436.0,44360.0,nan,0.0,0.0,nan,,,,,,,,,,,,,,,
reviewer1_observation_shift_smoke,reviewer1_observation_shift_smoke,configs/reviewer1_remaining/smoke/observation_shift.yaml,Reviewer1-observation-shift-smoke,Reviewer1ObservationShift-v0,Reviewer1ObservationShift-v0,native_gymnasium_observation,relative_reliability_fuzzy,11010,train,6771,,,6771,59,-2.1799999999999993,160,0.0,6771,392,0.002342656513347924,0.032313477247953415,0,1,3,14.408457600002293,13.56660969999939,0.8418479000029038,13.56660969999939,0.8418479000029038,d1991e82fa1ea0337d3d6296e2c904f22359ea22,1.8.0,7cc5bc598cfd6850415c80c2a5f22423f37a7ce8561077a69366f06d0ab14b1d,True,3.14.3,2.11.0+cpu,2.4.3,1.3.0,3.1.0,not-installed,not-installed,0.1810501444380727,0.0,0.00013245457,0.001600126216810507,1124.0,1.0,0.0,0.0,0.0,0.0,0.0375,0.30873628398629654,0.6912637160137034,0.0,0.30873628398629654,0.2625525308172469,0.3804599758963666,0.60652829231077,0.9625,0.9625,0.9625,0.0375,6.0,0.0375,exact,266.00124999999997,30.049999999999997,neural,1124.0,4496.0,44960.0,nan,0.0,0.0,nan,,,,,,,,,,,,,,,
reviewer1_observation_shift_smoke,reviewer1_observation_shift_smoke,configs/reviewer1_remaining/smoke/observation_shift.yaml,Reviewer1-observation-shift-smoke,Reviewer1ObservationShift-v0,Reviewer1ObservationShift-v0,native_gymnasium_observation,relative_reliability_fuzzy,11010,train,6797,,,6797,60,0.6799999999999999,26,1.0,6797,393,0.0023368641932971636,0.032313477247953415,0,1,3,14.447682300000452,13.605834399997548,0.8418479000029038,13.605834399997548,0.8418479000029038,d1991e82fa1ea0337d3d6296e2c904f22359ea22,1.8.0,7cc5bc598cfd6850415c80c2a5f22423f37a7ce8561077a69366f06d0ab14b1d,True,3.14.3,2.11.0+cpu,2.4.3,1.3.0,3.1.0,not-installed,not-installed,0.18019793140269952,0.0,0.050124485,0.03897660660645747,1132.0,0.0,0.0,0.0,0.0,1.0,0.34615384615384615,0.054373840997255216,0.9456261590027448,0.0,0.054373840997255216,0.11550465305701613,0.058043920249315754,0.47188484285884363,0.6538461538461539,0.6538461538461539,0.6538461538461539,0.34615384615384615,9.0,0.34615384615384615,exact,213.48461538461535,23.95,neural,1132.0,4528.0,45280.0,nan,0.0,0.0,nan,,,,,,,,,,,,,,,
reviewer1_observation_shift_smoke,reviewer1_observation_shift_smoke,configs/reviewer1_remaining/smoke/observation_shift.yaml,Reviewer1-observation-shift-smoke,Reviewer1ObservationShift-v0,Reviewer1ObservationShift-v0,native_gymnasium_observation,relative_reliability_fuzzy,11010,train,6957,,,6957,61,-2.16,160,0.0,6957,403,0.0022851379726895765,0.032313477247953415,0,1,3,14.83449020000262,13.992642299999716,0.8418479000029038,13.992642299999716,0.8418479000029038,d1991e82fa1ea0337d3d6296e2c904f22359ea22,1.8.0,7cc5bc598cfd6850415c80c2a5f22423f37a7ce8561077a69366f06d0ab14b1d,True,3.14.3,2.11.0+cpu,2.4.3,1.3.0,3.1.0,not-installed,not-installed,0.18445819065509328,0.0,0.00012256698,0.0017827370575362134,1135.0,1.0,0.0,0.0,0.0,0.0,0.01875,0.25752488978588006,0.7424751102141199,0.0,0.25752488978588006,0.30497853064700564,0.2973427160022187,0.4327856289396038,0.98125,0.98125,0.98125,0.01875,3.0,0.01875,exact,261.3075,30.6,neural,1135.0,4540.0,45400.0,nan,0.0,0.0,nan,,,,,,,,,,,,,,,
reviewer1_observation_shift_smoke,reviewer1_observation_shift_smoke,configs/reviewer1_remaining/smoke/observation_shift.yaml,Reviewer1-observation-shift-smoke,Reviewer1ObservationShift-v0,Reviewer1ObservationShift-v0,native_gymnasium_observation,relative_reliability_fuzzy,11010,train,7117,,,7117,62,-1.9100000000000013,160,0.0,7117,413,0.0022584620313705877,0.032313477247953415,0,1,3,15.092956399996183,14.251108499993279,0.8418479000029038,14.251108499993279,0.8418479000029038,d1991e82fa1ea0337d3d6296e2c904f22359ea22,1.8.0,7cc5bc598cfd6850415c80c2a5f22423f37a7ce8561077a69366f06d0ab14b1d,True,3.14.3,2.11.0+cpu,2.4.3,1.3.0,3.1.0,not-installed,not-installed,0.18566872112243193,0.0,0.000115143266,0.0019834234888713937,1151.0,1.0,0.0,0.0,0.0,0.0,0.125,0.2560702473735256,0.7439297526264744,0.0,0.2560702473735256,0.28069906243854303,0.28512342667670026,0.6712314348546844,0.875,0.875,0.875,0.125,20.0,0.125,exact,255.498125,25.65,neural,1151.0,4604.0,46040.0,nan,0.0,0.0,nan,,,,,,,,,,,,,,,
reviewer1_observation_shift_smoke,reviewer1_observation_shift_smoke,configs/reviewer1_remaining/smoke/observation_shift.yaml,Reviewer1-observation-shift-smoke,Reviewer1ObservationShift-v0,Reviewer1ObservationShift-v0,native_gymnasium_observation,relative_reliability_fuzzy,11010,train,7194,,,7194,63,-0.05000000000000071,77,1.0,7194,418,0.0022323901595238445,0.032313477247953415,0,1,3,15.212180599999556,14.370332699996652,0.8418479000029038,14.370332699996652,0.8418479000029038,d1991e82fa1ea0337d3d6296e2c904f22359ea22,1.8.0,7cc5bc598cfd6850415c80c2a5f22423f37a7ce8561077a69366f06d0ab14b1d,True,3.14.3,2.11.0+cpu,2.4.3,1.3.0,3.1.0,not-installed,not-installed,0.1861325116326399,0.0,0.050124392,0.034439284864738094,1160.0,0.0,0.0,0.0,0.0,1.0,0.11688311688311688,0.2058772464773136,0.7941227535226866,0.0,0.2058772464773136,0.21106544000253352,0.23775082106388548,0.4588219436019033,0.8831168831168831,0.8831168831168831,0.8831168831168831,0.11688311688311688,9.0,0.11688311688311688,exact,284.4324675324675,28.7,neural,1160.0,4640.0,46400.0,nan,0.0,0.0,nan,,,,,,,,,,,,,,,
reviewer1_observation_shift_smoke,reviewer1_observation_shift_smoke,configs/reviewer1_remaining/smoke/observation_shift.yaml,Reviewer1-observation-shift-smoke,Reviewer1ObservationShift-v0,Reviewer1ObservationShift-v0,native_gymnasium_observation,relative_reliability_fuzzy,11010,train,7251,,,7251,64,0.19999999999999962,57,1.0,7251,422,0.0022425141292514864,0.032313477247953415,0,1,3,15.325400800000352,14.483552899997449,0.8418479000029038,14.483552899997449,0.8418479000029038,d1991e82fa1ea0337d3d6296e2c904f22359ea22,1.8.0,7cc5bc598cfd6850415c80c2a5f22423f37a7ce8561077a69366f06d0ab14b1d,True,3.14.3,2.11.0+cpu,2.4.3,1.3.0,3.1.0,not-installed,not-installed,0.18460406613763125,0.0,0.052834455,0.03185808705018081,1179.0,0.0,0.0,0.0,0.0,1.0,0.38596491228070173,0.09355284272753635,0.9064471572724636,0.0,0.09355284272753635,0.08555033721366168,0.10301196362149534,0.482035566418207,0.6140350877192983,0.6140350877192983,0.6140350877192983,0.38596491228070173,22.0,0.38596491228070173,exact,273.94736842105266,28.0,neural,1179.0,4716.0,47160.0,nan,0.0,0.0,nan,,,,,,,,,,,,,,,
reviewer1_observation_shift_smoke,reviewer1_observation_shift_smoke,configs/reviewer1_remaining/smoke/observation_shift.yaml,Reviewer1-observation-shift-smoke,Reviewer1ObservationShift-v0,Reviewer1ObservationShift-v0,native_gymnasium_observation,relative_reliability_fuzzy,11010,train,7263,,,7263,65,0.87,12,1.0,7263,422,0.0022425141292514864,0.032313477247953415,0,1,3,15.33993019999616,14.498082299993257,0.8418479000029038,14.498082299993257,0.8418479000029038,d1991e82fa1ea0337d3d6296e2c904f22359ea22,1.8.0,7cc5bc598cfd6850415c80c2a5f22423f37a7ce8561077a69366f06d0ab14b1d,True,3.14.3,2.11.0+cpu,2.4.3,1.3.0,3.1.0,not-installed,not-installed,0.18420729488353713,0.0,0.078961074,0.054054863671083364,1183.0,0.0,0.0,0.0,0.0,1.0,0.25,0.04040946192542172,0.9595905380745782,0.0,0.04040946192542172,0.012499999999999997,0.04044393216319403,0.624745114014765,0.75,0.75,0.75,0.25,3.0,0.25,exact,281.9583333333333,24.45,neural,1183.0,4732.0,47320.0,nan,0.0,0.0,nan,,,,,,,,,,,,,,,
reviewer1_observation_shift_smoke,reviewer1_observation_shift_smoke,configs/reviewer1_remaining/smoke/observation_shift.yaml,Reviewer1-observation-shift-smoke,Reviewer1ObservationShift-v0,Reviewer1ObservationShift-v0,native_gymnasium_observation,relative_reliability_fuzzy,11010,train,7423,,,7423,66,-2.0500000000000003,160,0.0,7423,432,0.0022480752507034493,0.032313477247953415,0,1,3,15.712468999998237,14.870621099995333,0.8418479000029038,14.870621099995333,0.8418479000029038,d1991e82fa1ea0337d3d6296e2c904f22359ea22,1.8.0,7cc5bc598cfd6850415c80c2a5f22423f37a7ce8561077a69366f06d0ab14b1d,True,3.14.3,2.11.0+cpu,2.4.3,1.3.0,3.1.0,not-installed,not-installed,0.18835144792449,0.0,0.00013016872,0.0017618948961023156,1188.0,1.0,0.0,0.0,0.0,0.0,0.0375,0.27735632487256956,0.7226436751274304,0.0,0.27735632487256956,0.2177721748226511,0.3125897725839523,0.6233364374460101,0.9625,0.9625,0.9625,0.0375,6.0,0.0375,exact,305.3375,33.05,neural,1188.0,4752.0,47520.0,nan,0.0,0.0,nan,,,,,,,,,,,,,,,
reviewer1_observation_shift_smoke,reviewer1_observation_shift_smoke,configs/reviewer1_remaining/smoke/observation_shift.yaml,Reviewer1-observation-shift-smoke,Reviewer1ObservationShift-v0,Reviewer1ObservationShift-v0,native_gymnasium_observation,relative_reliability_fuzzy,11010,train,7583,,,7583,67,-2.1400000000000006,160,0.0,7583,442,0.0021999962439609977,0.032313477247953415,0,1,3,16.075265599996783,15.233417699993879,0.8418479000029038,15.233417699993879,0.8418479000029038,d1991e82fa1ea0337d3d6296e2c904f22359ea22,1.8.0,7cc5bc598cfd6850415c80c2a5f22423f37a7ce8561077a69366f06d0ab14b1d,True,3.14.3,2.11.0+cpu,2.4.3,1.3.0,3.1.0,not-installed,not-installed,0.19141743620368853,0.0,0.0001030444,0.0018558585587278302,1202.0,1.0,0.0,0.0,0.0,0.0,0.04375,0.2692486516170772,0.7307513483829228,0.0,0.2692486516170772,0.25533100879396853,0.3128165948194811,0.6626424845964538,0.95625,0.95625,0.95625,0.04375,7.0,0.04375,exact,304.48125,31.1,neural,1202.0,4808.0,48080.0,nan,0.0,0.0,nan,,,,,,,,,,,,,,,
reviewer1_observation_shift_smoke,reviewer1_observation_shift_smoke,configs/reviewer1_remaining/smoke/observation_shift.yaml,Reviewer1-observation-shift-smoke,Reviewer1ObservationShift-v0,Reviewer1ObservationShift-v0,native_gymnasium_observation,relative_reliability_fuzzy,11010,train,7597,,,7597,68,0.84,14,1.0,7597,443,0.0021952180453948585,0.032313477247953415,0,1,3,16.099418699996022,15.257570799993118,0.8418479000029038,15.257570799993118,0.8418479000029038,d1991e82fa1ea0337d3d6296e2c904f22359ea22,1.8.0,7cc5bc598cfd6850415c80c2a5f22423f37a7ce8561077a69366f06d0ab14b1d,True,3.14.3,2.11.0+cpu,2.4.3,1.3.0,3.1.0,not-installed,not-installed,0.19212504594295496,0.0,0.033873484,0.03603118423486922,1202.0,0.0,0.0,0.0,0.0,1.0,0.0,0.3335446061969422,0.6664553938030577,0.0,0.3335446061969422,0.14544148592661377,0.3737582816400748,0.918680493603453,1.0,1.0,1.0,0.0,0.0,0.0,exact,393.52857142857135,41.95,neural,1202.0,4808.0,48080.0,nan,0.0,0.0,nan,,,,,,,,,,,,,,,
reviewer1_observation_shift_smoke,reviewer1_observation_shift_smoke,configs/reviewer1_remaining/smoke/observation_shift.yaml,Reviewer1-observation-shift-smoke,Reviewer1ObservationShift-v0,Reviewer1ObservationShift-v0,native_gymnasium_observation,relative_reliability_fuzzy,11010,train,7757,,,7757,69,-2.0600000000000005,160,0.0,7757,453,0.0021998722840568053,0.032313477247953415,0,1,3,16.473037399999157,15.631189499996253,0.8418479000029038,15.631189499996253,0.8418479000029038,d1991e82fa1ea0337d3d6296e2c904f22359ea22,1.8.0,7cc5bc598cfd6850415c80c2a5f22423f37a7ce8561077a69366f06d0ab14b1d,True,3.14.3,2.11.0+cpu,2.4.3,1.3.0,3.1.0,not-installed,not-installed,0.19726163506272085,0.0,9.416337e-05,0.0016578582823868911,1204.0,1.0,0.0,0.0,0.0,0.0,0.0125,0.3028938234574963,0.6971061765425036,0.0,0.3028938234574963,0.18802824405164645,0.34908039633786714,0.6728169426191257,0.9875,0.9875,0.9875,0.0125,2.0,0.0125,exact,315.554375,30.950000000000003,neural,1204.0,4816.0,48160.0,nan,0.0,0.0,nan,,,,,,,,,,,,,,,
reviewer1_observation_shift_smoke,reviewer1_observation_shift_smoke,configs/reviewer1_remaining/smoke/observation_shift.yaml,Reviewer1-observation-shift-smoke,Reviewer1ObservationShift-v0,Reviewer1ObservationShift-v0,native_gymnasium_observation,relative_reliability_fuzzy,11010,train,7834,,,7834,70,-6.661338147750939e-16,77,1.0,7834,458,0.002176649130387688,0.032313477247953415,0,1,3,16.58292580000125,15.741077899998345,0.8418479000029038,15.741077899998345,0.8418479000029038,d1991e82fa1ea0337d3d6296e2c904f22359ea22,1.8.0,7cc5bc598cfd6850415c80c2a5f22423f37a7ce8561077a69366f06d0ab14b1d,True,3.14.3,2.11.0+cpu,2.4.3,1.3.0,3.1.0,not-installed,not-installed,0.1983353990846709,0.0,0.050102316,0.03963123781700454,1205.0,0.0,0.0,0.0,0.0,1.0,0.0,0.2528591802270315,0.7471408197729686,0.0,0.2528591802270315,0.16296448778932685,0.28117992352876825,0.8536028011152937,1.0,1.0,1.0,0.0,0.0,0.0,exact,262.4558441558442,23.3,neural,1205.0,4820.0,48200.0,nan,0.0,0.0,nan,,,,,,,,,,,,,,,
reviewer1_observation_shift_smoke,reviewer1_observation_shift_smoke,configs/reviewer1_remaining/smoke/observation_shift.yaml,Reviewer1-observation-shift-smoke,Reviewer1ObservationShift-v0,Reviewer1ObservationShift-v0,native_gymnasium_observation,relative_reliability_fuzzy,11010,train,7838,,,7838,71,0.97,4,1.0,7838,458,0.002176649130387688,0.032313477247953415,0,1,3,16.59118209999724,15.749334199994337,0.8418479000029038,15.749334199994337,0.8418479000029038,d1991e82fa1ea0337d3d6296e2c904f22359ea22,1.8.0,7cc5bc598cfd6850415c80c2a5f22423f37a7ce8561077a69366f06d0ab14b1d,True,3.14.3,2.11.0+cpu,2.4.3,1.3.0,3.1.0,not-installed,not-installed,0.19814498726944033,0.0,0.09081637,0.06855775323005445,1206.0,0.0,0.0,0.0,0.0,1.0,0.25,0.12835905698744102,0.8716409430125589,0.0,0.12835905698744102,0.17756145117878383,0.14132042567729192,0.922807618692198,0.75,0.75,0.75,0.25,1.0,0.25,exact,778.95,808.5,neural,1206.0,4824.0,48240.0,nan,0.0,0.0,nan,,,,,,,,,,,,,,,
reviewer1_observation_shift_smoke,reviewer1_observation_shift_smoke,configs/reviewer1_remaining/smoke/observation_shift.yaml,Reviewer1-observation-shift-smoke,Reviewer1ObservationShift-v0,Reviewer1ObservationShift-v0,native_gymnasium_observation,relative_reliability_fuzzy,11010,train,7998,,,7998,72,-2.1800000000000006,160,0.0,7998,468,0.0021590784936324,0.032313477247953415,0,1,3,16.813123899999482,15.971275999996578,0.8418479000029038,15.971275999996578,0.8418479000029038,d1991e82fa1ea0337d3d6296e2c904f22359ea22,1.8.0,7cc5bc598cfd6850415c80c2a5f22423f37a7ce8561077a69366f06d0ab14b1d,True,3.14.3,2.11.0+cpu,2.4.3,1.3.0,3.1.0,not-installed,not-installed,0.19923895203867284,0.0,0.0001543904,0.0013173498586323182,1224.0,1.0,0.0,0.0,0.0,0.0,0.08125,0.2238992001520667,0.7761007998479332,0.0,0.2238992001520667,0.24752138682718994,0.2589813028728976,0.5426873713843909,0.91875,0.91875,0.91875,0.08125,13.0,0.08125,exact,276.47249999999997,25.65,neural,1224.0,4896.0,48960.0,nan,0.0,0.0,nan,,,,,,,,,,,,,,,
reviewer1_observation_shift_smoke,reviewer1_observation_shift_smoke,configs/reviewer1_remaining/smoke/observation_shift.yaml,Reviewer1-observation-shift-smoke,Reviewer1ObservationShift-v0,Reviewer1ObservationShift-v0,native_gymnasium_observation,relative_reliability_fuzzy,11010,train,8006,,,8006,73,0.92,8,1.0,8006,469,0.0021545875728433976,0.032313477247953415,0,1,3,16.82559680000122,15.983748899998318,0.8418479000029038,15.983748899998318,0.8418479000029038,d1991e82fa1ea0337d3d6296e2c904f22359ea22,1.8.0,7cc5bc598cfd6850415c80c2a5f22423f37a7ce8561077a69366f06d0ab14b1d,True,3.14.3,2.11.0+cpu,2.4.3,1.3.0,3.1.0,not-installed,not-installed,0.19893718117673093,0.0,0.05014371,0.041735061020830536,1228.0,0.0,0.0,0.0,0.0,1.0,0.5,0.03888332128000736,0.9611166787199926,0.0,0.03888332128000736,0.05892641662073604,0.04149946956719433,0.6316937149405604,0.5,0.5,0.5,0.5,4.0,0.5,exact,262.1125,35.2,neural,1228.0,4912.0,49120.0,nan,0.0,0.0,nan,,,,,,,,,,,,,,,
reviewer1_observation_shift_smoke,reviewer1_observation_shift_smoke,configs/reviewer1_remaining/smoke/observation_shift.yaml,Reviewer1-observation-shift-smoke,Reviewer1ObservationShift-v0,Reviewer1ObservationShift-v0,native_gymnasium_observation,relative_reliability_fuzzy,11010,train,8050,,,8050,74,0.36999999999999966,44,1.0,8050,472,0.002163797916355796,0.032313477247953415,0,1,3,16.907184499999858,16.065336599996954,0.8418479000029038,16.065336599996954,0.8418479000029038,d1991e82fa1ea0337d3d6296e2c904f22359ea22,1.8.0,7cc5bc598cfd6850415c80c2a5f22423f37a7ce8561077a69366f06d0ab14b1d,True,3.14.3,2.11.0+cpu,2.4.3,1.3.0,3.1.0,not-installed,not-installed,0.1976015628670801,0.0,0.05541068,0.04178898219817428,1245.0,0.0,0.0,0.0,0.0,1.0,0.45454545454545453,0.09094676245830989,0.90905323754169,0.0,0.09094676245830989,0.19875687754994623,0.10101178179706836,0.5414040574859553,0.5454545454545454,0.5454545454545454,0.5454545454545454,0.45454545454545453,20.0,0.45454545454545453,exact,349.0840909090909,27.549999999999997,neural,1245.0,4980.0,49800.0,nan,0.0,0.0,nan,,,,,,,,,,,,,,,
reviewer1_observation_shift_smoke,reviewer1_observation_shift_smoke,configs/reviewer1_remaining/smoke/observation_shift.yaml,Reviewer1-observation-shift-smoke,Reviewer1ObservationShift-v0,Reviewer1ObservationShift-v0,native_gymnasium_observation,relative_reliability_fuzzy,11010,train,8150,,,8150,75,-0.41000000000000103,100,1.0,8150,478,0.0021630671183983504,0.032313477247953415,0,1,3,17.07544780000171,16.233599899998808,0.8418479000029038,16.233599899998808,0.8418479000029038,d1991e82fa1ea0337d3d6296e2c904f22359ea22,1.8.0,7cc5bc598cfd6850415c80c2a5f22423f37a7ce8561077a69366f06d0ab14b1d,True,3.14.3,2.11.0+cpu,2.4.3,1.3.0,3.1.0,not-installed,not-installed,0.19726583487698804,0.0,0.05042325,0.038819142948753625,1264.0,0.0,0.0,0.0,0.0,1.0,0.21,0.19494234333384,0.8050576566661598,0.0,0.19494234333384,0.30395580088090934,0.2360412831508807,0.573619848246989,0.79,0.79,0.79,0.21,21.0,0.21,exact,345.74100000000004,33.3,neural,1264.0,5056.0,50560.0,nan,0.0,0.0,nan,,,,,,,,,,,,,,,
reviewer1_observation_shift_smoke,reviewer1_observation_shift_smoke,configs/reviewer1_remaining/smoke/observation_shift.yaml,Reviewer1-observation-shift-smoke,Reviewer1ObservationShift-v0,Reviewer1ObservationShift-v0,native_gymnasium_observation,relative_reliability_fuzzy,11010,train,8310,,,8310,76,-1.9300000000000015,160,0.0,8310,488,0.0021203098656613173,0.032313477247953415,0,1,3,17.48820529999648,16.646357399993576,0.8418479000029038,16.646357399993576,0.8418479000029038,d1991e82fa1ea0337d3d6296e2c904f22359ea22,1.8.0,7cc5bc598cfd6850415c80c2a5f22423f37a7ce8561077a69366f06d0ab14b1d,True,3.14.3,2.11.0+cpu,2.4.3,1.3.0,3.1.0,not-installed,not-installed,0.197626537361368,0.0,9.1996364e-05,0.0009798391340034305,1281.0,1.0,0.0,0.0,0.0,0.0,0.16875,0.19301485231714002,0.80698514768286,0.0,0.19301485231714002,0.21114601278413486,0.216774952589805,0.7755139262582876,0.83125,0.83125,0.83125,0.16875,27.0,0.16875,exact,342.27937499999996,31.799999999999997,neural,1281.0,5124.0,51240.0,nan,0.0,0.0,nan,,,,,,,,,,,,,,,
reviewer1_observation_shift_smoke,reviewer1_observation_shift_smoke,configs/reviewer1_remaining/smoke/observation_shift.yaml,Reviewer1-observation-shift-smoke,Reviewer1ObservationShift-v0,Reviewer1ObservationShift-v0,native_gymnasium_observation,relative_reliability_fuzzy,11010,train,8470,,,8470,77,-2.1800000000000006,160,0.0,8470,498,0.0020799715055501845,0.032313477247953415,0,1,3,17.708211799996207,16.866363899993303,0.8418479000029038,16.866363899993303,0.8418479000029038,d1991e82fa1ea0337d3d6296e2c904f22359ea22,1.8.0,7cc5bc598cfd6850415c80c2a5f22423f37a7ce8561077a69366f06d0ab14b1d,True,3.14.3,2.11.0+cpu,2.4.3,1.3.0,3.1.0,not-installed,not-installed,0.20166162488028105,0.0,5.97078e-05,0.0009946697646165594,1286.0,1.0,0.0,0.0,0.0,0.0,0.00625,0.3196176305311062,0.6803823694688937,0.0,0.3196176305311062,0.26181679365405597,0.40833563659848293,0.6545964523918164,0.99375,0.99375,0.99375,0.00625,1.0,0.00625,exact,293.225,24.75,neural,1286.0,5144.0,51440.0,nan,0.0,0.0,nan,,,,,,,,,,,,,,,
reviewer1_observation_shift_smoke,reviewer1_observation_shift_smoke,configs/reviewer1_remaining/smoke/observation_shift.yaml,Reviewer1-observation-shift-smoke,Reviewer1ObservationShift-v0,Reviewer1ObservationShift-v0,native_gymnasium_observation,relative_reliability_fuzzy,11010,train,8498,,,8498,78,0.6399999999999999,28,1.0,8498,500,0.002071762857969588,0.032313477247953415,0,1,3,17.750867399998242,16.90901949999534,0.8418479000029038,16.90901949999534,0.8418479000029038,d1991e82fa1ea0337d3d6296e2c904f22359ea22,1.8.0,7cc5bc598cfd6850415c80c2a5f22423f37a7ce8561077a69366f06d0ab14b1d,True,3.14.3,2.11.0+cpu,2.4.3,1.3.0,3.1.0,not-installed,not-installed,0.20097277756434823,0.0,0.03538094,0.034431431002812624,1290.0,0.0,0.0,0.0,0.0,1.0,0.10714285714285714,0.12828428275712037,0.8717157172428797,0.0,0.12828428275712037,0.14910950944486578,0.14061100995258893,0.7589158196048263,0.8928571428571429,0.8928571428571429,0.8928571428571429,0.10714285714285714,3.0,0.10714285714285714,exact,372.52857142857135,318.75,neural,1290.0,5160.0,51600.0,nan,0.0,0.0,nan,,,,,,,,,,,,,,,
reviewer1_observation_shift_smoke,reviewer1_observation_shift_smoke,configs/reviewer1_remaining/smoke/observation_shift.yaml,Reviewer1-observation-shift-smoke,Reviewer1ObservationShift-v0,Reviewer1ObservationShift-v0,native_gymnasium_observation,relative_reliability_fuzzy,11010,train,8658,,,8658,79,-2.4099999999999993,160,0.0,8658,510,0.002101778560455725,0.032313477247953415,0,1,3,18.063469499997154,17.22162159999425,0.8418479000029038,17.22162159999425,0.8418479000029038,d1991e82fa1ea0337d3d6296e2c904f22359ea22,1.8.0,7cc5bc598cfd6850415c80c2a5f22423f37a7ce8561077a69366f06d0ab14b1d,True,3.14.3,2.11.0+cpu,2.4.3,1.3.0,3.1.0,not-installed,not-installed,0.20260949521821853,0.0,5.2098185e-05,0.001411954741545579,1313.0,1.0,0.0,0.0,0.0,0.0,0.14375,0.25006891484049293,0.7499310851595071,0.0,0.25006891484049293,0.40056912441668124,0.3128632094943577,0.5951875372519531,0.85625,0.85625,0.85625,0.14375,23.0,0.14375,exact,354.86687500000005,38.25,neural,1313.0,5252.0,52520.0,nan,0.0,0.0,nan,,,,,,,,,,,,,,,
reviewer1_observation_shift_smoke,reviewer1_observation_shift_smoke,configs/reviewer1_remaining/smoke/observation_shift.yaml,Reviewer1-observation-shift-smoke,Reviewer1ObservationShift-v0,Reviewer1ObservationShift-v0,native_gymnasium_observation,relative_reliability_fuzzy,11010,train,8661,,,8661,80,0.98,3,1.0,8661,510,0.002101778560455725,0.032313477247953415,0,1,3,18.068407099999604,17.2265591999967,0.8418479000029038,17.2265591999967,0.8418479000029038,d1991e82fa1ea0337d3d6296e2c904f22359ea22,1.8.0,7cc5bc598cfd6850415c80c2a5f22423f37a7ce8561077a69366f06d0ab14b1d,True,3.14.3,2.11.0+cpu,2.4.3,1.3.0,3.1.0,not-installed,not-installed,0.2024976798235065,0.0,0.05005393,0.0332610697895619,1316.0,0.0,0.0,0.0,0.0,1.0,1.0,0.0,1.0,0.0,0.0,0.0,0.0,0.8346845971374856,0.0,0.0,0.0,1.0,3.0,1.0,support-boundary collapse,311.03333333333336,19.0,neural,1316.0,5264.0,52640.0,nan,0.0,0.0,nan,,,,,,,,,,,,,,,
reviewer1_observation_shift_smoke,reviewer1_observation_shift_smoke,configs/reviewer1_remaining/smoke/observation_shift.yaml,Reviewer1-observation-shift-smoke,Reviewer1ObservationShift-v0,Reviewer1ObservationShift-v0,native_gymnasium_observation,relative_reliability_fuzzy,11010,train,8681,,,8681,81,0.75,20,1.0,8681,511,0.0020978527212462904,0.032313477247953415,0,1,3,18.09602789999917,17.254179999996268,0.8418479000029038,17.254179999996268,0.8418479000029038,d1991e82fa1ea0337d3d6296e2c904f22359ea22,1.8.0,7cc5bc598cfd6850415c80c2a5f22423f37a7ce8561077a69366f06d0ab14b1d,True,3.14.3,2.11.0+cpu,2.4.3,1.3.0,3.1.0,not-installed,not-installed,0.20196901051134886,0.0,0.06922239,0.048016136772027145,1323.0,0.0,0.0,0.0,0.0,1.0,0.4,0.07601621458079721,0.9239837854192027,0.0,0.07601621458079721,0.08499711298476377,0.08460862468751917,0.7543124934382499,0.6,0.6,0.6,0.4,8.0,0.4,exact,310.07499999999993,28.650000000000002,neural,1323.0,5292.0,52920.0,nan,0.0,0.0,nan,,,,,,,,,,,,,,,
reviewer1_observation_shift_smoke,reviewer1_observation_shift_smoke,configs/reviewer1_remaining/smoke/observation_shift.yaml,Reviewer1-observation-shift-smoke,Reviewer1ObservationShift-v0,Reviewer1ObservationShift-v0,native_gymnasium_observation,relative_reliability_fuzzy,11010,train,8711,,,8711,82,0.57,30,1.0,8711,513,0.0021122763150326056,0.032313477247953415,0,1,3,18.145636299996113,17.30378839999321,0.8418479000029038,17.30378839999321,0.8418479000029038,d1991e82fa1ea0337d3d6296e2c904f22359ea22,1.8.0,7cc5bc598cfd6850415c80c2a5f22423f37a7ce8561077a69366f06d0ab14b1d,True,3.14.3,2.11.0+cpu,2.4.3,1.3.0,3.1.0,not-installed,not-installed,0.20177478138382693,0.0,0.06496959,0.04670910577559597,1331.0,0.0,0.0,0.0,0.0,1.0,0.16666666666666666,0.12441548826406007,0.8755845117359397,0.0,0.12441548826406007,0.11266594709661441,0.13754177290859174,0.508101533523566,0.8333333333333334,0.8333333333333334,0.8333333333333334,0.16666666666666666,5.0,0.16666666666666666,exact,309.1066666666667,30.799999999999997,neural,1331.0,5324.0,53240.0,nan,0.0,0.0,nan,,,,,,,,,,,,,,,
reviewer1_observation_shift_smoke,reviewer1_observation_shift_smoke,configs/reviewer1_remaining/smoke/observation_shift.yaml,Reviewer1-observation-shift-smoke,Reviewer1ObservationShift-v0,Reviewer1ObservationShift-v0,native_gymnasium_observation,relative_reliability_fuzzy,11010,train,8814,,,8814,83,-0.3800000000000008,103,1.0,8814,519,0.0021303390815165953,0.032313477247953415,0,1,3,18.37560900000244,17.533761099999538,0.8418479000029038,17.533761099999538,0.8418479000029038,d1991e82fa1ea0337d3d6296e2c904f22359ea22,1.8.0,7cc5bc598cfd6850415c80c2a5f22423f37a7ce8561077a69366f06d0ab14b1d,True,3.14.3,2.11.0+cpu,2.4.3,1.3.0,3.1.0,not-installed,not-installed,0.20446117324692292,0.0,0.034072407,0.03573742910334595,1334.0,0.0,0.0,0.0,0.0,1.0,0.05825242718446602,0.3178653122389742,0.6821346877610258,0.0,0.3178653122389742,0.2614617217507396,0.39555044640096726,0.421083963879553,0.941747572815534,0.941747572815534,0.941747572815534,0.05825242718446602,6.0,0.05825242718446602,exact,319.31359223300973,33.3,neural,1334.0,5336.0,53360.0,nan,0.0,0.0,nan,,,,,,,,,,,,,,,
reviewer1_observation_shift_smoke,reviewer1_observation_shift_smoke,configs/reviewer1_remaining/smoke/observation_shift.yaml,Reviewer1-observation-shift-smoke,Reviewer1ObservationShift-v0,Reviewer1ObservationShift-v0,native_gymnasium_observation,relative_reliability_fuzzy,11010,train,8974,,,8974,84,-2.010000000000001,160,0.0,8974,529,0.0021297932276498127,0.032313477247953415,0,1,3,18.732547100000374,17.89069919999747,0.8418479000029038,17.89069919999747,0.8418479000029038,d1991e82fa1ea0337d3d6296e2c904f22359ea22,1.8.0,7cc5bc598cfd6850415c80c2a5f22423f37a7ce8561077a69366f06d0ab14b1d,True,3.14.3,2.11.0+cpu,2.4.3,1.3.0,3.1.0,not-installed,not-installed,0.20740808700170507,0.0,7.012135e-05,0.0014205987506588304,1340.0,1.0,0.0,0.0,0.0,0.0,0.05,0.28460137596259194,0.7153986240374081,0.0,0.28460137596259194,0.3004599251977762,0.36179362988884955,0.582649949440189,0.95,0.95,0.95,0.05,8.0,0.05,exact,360.114375,35.05,neural,1340.0,5360.0,53600.0,nan,0.0,0.0,nan,,,,,,,,,,,,,,,
reviewer1_observation_shift_smoke,reviewer1_observation_shift_smoke,configs/reviewer1_remaining/smoke/observation_shift.yaml,Reviewer1-observation-shift-smoke,Reviewer1ObservationShift-v0,Reviewer1ObservationShift-v0,native_gymnasium_observation,relative_reliability_fuzzy,11010,train,8976,,,8976,85,0.99,2,1.0,8976,530,0.002125911874480942,0.032313477247953415,0,1,3,18.740986600001634,17.89913869999873,0.8418479000029038,17.89913869999873,0.8418479000029038,d1991e82fa1ea0337d3d6296e2c904f22359ea22,1.8.0,7cc5bc598cfd6850415c80c2a5f22423f37a7ce8561077a69366f06d0ab14b1d,True,3.14.3,2.11.0+cpu,2.4.3,1.3.0,3.1.0,not-installed,not-installed,0.20736559597046766,0.0,0.03400937,0.037585667702280515,1340.0,0.0,0.0,0.0,0.0,1.0,0.0,0.28948690916398906,0.7105130908360109,0.0,0.28948690916398906,0.16468138688777817,0.33346273541696375,0.6686023419308078,1.0,1.0,1.0,0.0,0.0,0.0,exact,388.25,388.25,neural,1340.0,5360.0,53600.0,nan,0.0,0.0,nan,,,,,,,,,,,,,,,
reviewer1_observation_shift_smoke,reviewer1_observation_shift_smoke,configs/reviewer1_remaining/smoke/observation_shift.yaml,Reviewer1-observation-shift-smoke,Reviewer1ObservationShift-v0,Reviewer1ObservationShift-v0,native_gymnasium_observation,relative_reliability_fuzzy,11010,train,9136,,,9136,86,-2.279999999999998,160,0.0,9136,540,0.0021322945200659485,0.032313477247953415,0,1,3,19.059801700001117,18.217953799998213,0.8418479000029038,18.217953799998213,0.8418479000029038,d1991e82fa1ea0337d3d6296e2c904f22359ea22,1.8.0,7cc5bc598cfd6850415c80c2a5f22423f37a7ce8561077a69366f06d0ab14b1d,True,3.14.3,2.11.0+cpu,2.4.3,1.3.0,3.1.0,not-installed,not-installed,0.21003909478498636,0.0,9.8094795e-05,0.0031748901142126394,1354.0,1.0,0.0,0.0,0.0,0.0,0.10625,0.2915435362360979,0.7084564637639021,0.0,0.2915435362360979,0.3544310287574849,0.3848291832966073,0.549539247525004,0.89375,0.89375,0.89375,0.10625,17.0,0.10625,exact,338.515,36.1,neural,1354.0,5416.0,54160.0,nan,0.0,0.0,nan,,,,,,,,,,,,,,,
reviewer1_observation_shift_smoke,reviewer1_observation_shift_smoke,configs/reviewer1_remaining/smoke/observation_shift.yaml,Reviewer1-observation-shift-smoke,Reviewer1ObservationShift-v0,Reviewer1ObservationShift-v0,native_gymnasium_observation,relative_reliability_fuzzy,11010,train,9194,,,9194,87,0.36999999999999966,58,1.0,9194,543,0.002121063647707996,0.032313477247953415,0,1,3,19.180973700000322,18.33912579999742,0.8418479000029038,18.33912579999742,0.8418479000029038,d1991e82fa1ea0337d3d6296e2c904f22359ea22,1.8.0,7cc5bc598cfd6850415c80c2a5f22423f37a7ce8561077a69366f06d0ab14b1d,True,3.14.3,2.11.0+cpu,2.4.3,1.3.0,3.1.0,not-installed,not-installed,0.21072603564412515,0.0,0.050089046,0.03133538986757875,1367.0,0.0,0.0,0.0,0.0,1.0,0.2413793103448276,0.24460363306596095,0.755396366934039,0.0,0.24460363306596095,0.40058927793477594,0.29298966719315717,0.6928705287428291,0.7586206896551724,0.7586206896551724,0.7586206896551724,0.2413793103448276,14.0,0.2413793103448276,exact,419.2086206896552,659.45,neural,1367.0,5468.0,54680.0,nan,0.0,0.0,nan,,,,,,,,,,,,,,,
reviewer1_observation_shift_smoke,reviewer1_observation_shift_smoke,configs/reviewer1_remaining/smoke/observation_shift.yaml,Reviewer1-observation-shift-smoke,Reviewer1ObservationShift-v0,Reviewer1ObservationShift-v0,native_gymnasium_observation,relative_reliability_fuzzy,11010,train,9354,,,9354,88,-2.17,160,0.0,9354,553,0.002102676673875746,0.032313477247953415,0,1,3,19.473294800001895,18.63144689999899,0.8418479000029038,18.63144689999899,0.8418479000029038,d1991e82fa1ea0337d3d6296e2c904f22359ea22,1.8.0,7cc5bc598cfd6850415c80c2a5f22423f37a7ce8561077a69366f06d0ab14b1d,True,3.14.3,2.11.0+cpu,2.4.3,1.3.0,3.1.0,not-installed,not-installed,0.2160337987273401,0.0,0.00010226426,0.0024181133552518296,1373.0,1.0,0.0,0.0,0.0,0.0,0.025,0.3758389277726063,0.6241610722273936,0.0,0.3758389277726063,0.16245587789670402,0.5247546883837702,0.5057132332211759,0.975,0.975,0.975,0.025,4.0,0.025,exact,356.67875000000004,34.55,neural,1373.0,5492.0,54920.0,nan,0.0,0.0,nan,,,,,,,,,,,,,,,
reviewer1_observation_shift_smoke,reviewer1_observation_shift_smoke,configs/reviewer1_remaining/smoke/observation_shift.yaml,Reviewer1-observation-shift-smoke,Reviewer1ObservationShift-v0,Reviewer1ObservationShift-v0,native_gymnasium_observation,relative_reliability_fuzzy,11010,train,9364,,,9364,89,0.9,10,1.0,9364,554,0.002099038147000613,0.032313477247953415,0,1,3,19.494023899998865,18.65217599999596,0.8418479000029038,18.65217599999596,0.8418479000029038,d1991e82fa1ea0337d3d6296e2c904f22359ea22,1.8.0,7cc5bc598cfd6850415c80c2a5f22423f37a7ce8561077a69366f06d0ab14b1d,True,3.14.3,2.11.0+cpu,2.4.3,1.3.0,3.1.0,not-installed,not-installed,0.21570217360930796,0.0,0.026374139,0.03599812446438069,1380.0,0.0,0.0,0.0,0.0,1.0,0.8,0.06423234659794216,0.9357676534020578,0.0,0.06423234659794216,0.0,0.0880075035009816,0.38411251697558657,0.2,0.2,0.2,0.8,8.0,0.8,support-boundary collapse,352.07,53.7,neural,1380.0,5520.0,55200.0,nan,0.0,0.0,nan,,,,,,,,,,,,,,,
reviewer1_observation_shift_smoke,reviewer1_observation_shift_smoke,configs/reviewer1_remaining/smoke/observation_shift.yaml,Reviewer1-observation-shift-smoke,Reviewer1ObservationShift-v0,Reviewer1ObservationShift-v0,native_gymnasium_observation,relative_reliability_fuzzy,11010,train,9401,,,9401,90,0.5199999999999998,37,1.0,9401,556,0.0020922725394687423,0.032313477247953415,0,1,3,19.560081299998274,18.71823339999537,0.8418479000029038,18.71823339999537,0.8418479000029038,d1991e82fa1ea0337d3d6296e2c904f22359ea22,1.8.0,7cc5bc598cfd6850415c80c2a5f22423f37a7ce8561077a69366f06d0ab14b1d,True,3.14.3,2.11.0+cpu,2.4.3,1.3.0,3.1.0,not-installed,not-installed,0.2149377415383543,0.0,0.054039158,0.036434489571711075,1391.0,0.0,0.0,0.0,0.0,1.0,0.2702702702702703,0.11795724315146884,0.8820427568485314,0.0,0.11795724315146884,0.1992371489063966,0.1306666138985897,0.40535732829391874,0.7297297297297297,0.7297297297297297,0.7297297297297297,0.2702702702702703,10.0,0.2702702702702703,exact,362.91081081081074,31.5,neural,1391.0,5564.0,55640.0,nan,0.0,0.0,nan,,,,,,,,,,,,,,,
reviewer1_observation_shift_smoke,reviewer1_observation_shift_smoke,configs/reviewer1_remaining/smoke/observation_shift.yaml,Reviewer1-observation-shift-smoke,Reviewer1ObservationShift-v0,Reviewer1ObservationShift-v0,native_gymnasium_observation,relative_reliability_fuzzy,11010,train,9561,,,9561,91,-2.149999999999999,160,0.0,9561,566,0.00209655835576083,0.032313477247953415,0,1,3,19.92913799999951,19.087290099996608,0.8418479000029038,19.087290099996608,0.8418479000029038,d1991e82fa1ea0337d3d6296e2c904f22359ea22,1.8.0,7cc5bc598cfd6850415c80c2a5f22423f37a7ce8561077a69366f06d0ab14b1d,True,3.14.3,2.11.0+cpu,2.4.3,1.3.0,3.1.0,not-installed,not-installed,0.21468327619669927,0.0,0.000116088806,0.0014550423183106967,1409.0,1.0,0.0,0.0,0.0,0.0,0.08125,0.22458281967992474,0.7754171803200751,0.0,0.22458281967992474,0.3044859427248457,0.2551381764233571,0.6765629941332515,0.91875,0.91875,0.91875,0.08125,13.0,0.08125,exact,369.19375,38.2,neural,1409.0,5636.0,56360.0,nan,0.0,0.0,nan,,,,,,,,,,,,,,,
reviewer1_observation_shift_smoke,reviewer1_observation_shift_smoke,configs/reviewer1_remaining/smoke/observation_shift.yaml,Reviewer1-observation-shift-smoke,Reviewer1ObservationShift-v0,Reviewer1ObservationShift-v0,native_gymnasium_observation,relative_reliability_fuzzy,11010,train,9562,,,9562,92,1.0,1,1.0,9562,566,0.00209655835576083,0.032313477247953415,0,1,3,19.93319689999771,19.091348999994807,0.8418479000029038,19.091348999994807,0.8418479000029038,d1991e82fa1ea0337d3d6296e2c904f22359ea22,1.8.0,7cc5bc598cfd6850415c80c2a5f22423f37a7ce8561077a69366f06d0ab14b1d,True,3.14.3,2.11.0+cpu,2.4.3,1.3.0,3.1.0,not-installed,not-installed,0.21458591416667808,0.0,0.050110284,0.03859651822294215,1410.0,0.0,0.0,0.0,0.0,1.0,1.0,0.0,1.0,0.0,0.0,0.0,0.0,0.3486366579360667,0.0,0.0,0.0,1.0,1.0,1.0,support-boundary collapse,960.6,960.6,neural,1410.0,5640.0,56400.0,nan,0.0,0.0,nan,,,,,,,,,,,,,,,
reviewer1_observation_shift_smoke,reviewer1_observation_shift_smoke,configs/reviewer1_remaining/smoke/observation_shift.yaml,Reviewer1-observation-shift-smoke,Reviewer1ObservationShift-v0,Reviewer1ObservationShift-v0,native_gymnasium_observation,relative_reliability_fuzzy,11010,train,9697,,,9697,93,-0.8000000000000014,135,1.0,9697,575,0.0020845259583154034,0.032313477247953415,0,1,3,20.15253749999829,19.310689599995385,0.8418479000029038,19.310689599995385,0.8418479000029038,d1991e82fa1ea0337d3d6296e2c904f22359ea22,1.8.0,7cc5bc598cfd6850415c80c2a5f22423f37a7ce8561077a69366f06d0ab14b1d,True,3.14.3,2.11.0+cpu,2.4.3,1.3.0,3.1.0,not-installed,not-installed,0.21410741621380236,0.0,0.050124105,0.036240491754840044,1424.0,0.0,0.0,0.0,0.0,1.0,0.1037037037037037,0.1928438086186262,0.8071561913813738,0.0,0.1928438086186262,0.21110784900394247,0.21447979764383884,0.6254254827623191,0.8962962962962963,0.8962962962962963,0.8962962962962963,0.1037037037037037,14.0,0.1037037037037037,exact,382.8362962962963,35.0,neural,1424.0,5696.0,56960.0,nan,0.0,0.0,nan,,,,,,,,,,,,,,,
reviewer1_observation_shift_smoke,reviewer1_observation_shift_smoke,configs/reviewer1_remaining/smoke/observation_shift.yaml,Reviewer1-observation-shift-smoke,Reviewer1ObservationShift-v0,Reviewer1ObservationShift-v0,native_gymnasium_observation,relative_reliability_fuzzy,11010,train,9805,,,9805,94,-0.45000000000000084,108,1.0,9805,581,0.002102846050362952,0.032313477247953415,0,1,3,20.40047819999745,19.558630299994547,0.8418479000029038,19.558630299994547,0.8418479000029038,d1991e82fa1ea0337d3d6296e2c904f22359ea22,1.8.0,7cc5bc598cfd6850415c80c2a5f22423f37a7ce8561077a69366f06d0ab14b1d,True,3.14.3,2.11.0+cpu,2.4.3,1.3.0,3.1.0,not-installed,not-installed,0.212564100413858,0.0,0.037589867,0.032582266282139456,1441.0,0.0,0.0,0.0,0.0,1.0,0.12037037037037036,0.1445379327750055,0.8554620672249945,0.0,0.1445379327750055,0.14909374576814494,0.1590520005500464,0.5458488831991946,0.8796296296296297,0.8796296296296297,0.8796296296296297,0.12037037037037036,13.0,0.12037037037037036,exact,264.2175925925926,29.85,neural,1441.0,5764.0,57640.0,nan,0.0,0.0,nan,,,,,,,,,,,,,,,
reviewer1_observation_shift_smoke,reviewer1_observation_shift_smoke,configs/reviewer1_remaining/smoke/observation_shift.yaml,Reviewer1-observation-shift-smoke,Reviewer1ObservationShift-v0,Reviewer1ObservationShift-v0,native_gymnasium_observation,relative_reliability_fuzzy,11010,train,9965,,,9965,95,-2.3299999999999996,160,0.0,9965,591,0.0021087801765418616,0.032313477247953415,0,1,3,20.77658479999809,19.934736899995187,0.8418479000029038,19.934736899995187,0.8418479000029038,d1991e82fa1ea0337d3d6296e2c904f22359ea22,1.8.0,7cc5bc598cfd6850415c80c2a5f22423f37a7ce8561077a69366f06d0ab14b1d,True,3.14.3,2.11.0+cpu,2.4.3,1.3.0,3.1.0,not-installed,not-installed,0.21541594919024667,0.0,7.8438585e-05,0.0031314794139649465,1444.0,1.0,0.0,0.0,0.0,0.0,0.01875,0.2978724099061396,0.7021275900938603,0.0,0.2978724099061396,0.3358278384896986,0.36554421247951463,0.4342555002477493,0.98125,0.98125,0.98125,0.01875,3.0,0.01875,exact,393.82625,45.35,neural,1444.0,5776.0,57760.0,nan,0.0,0.0,nan,,,,,,,,,,,,,,,
reviewer1_observation_shift_smoke,reviewer1_observation_shift_smoke,configs/reviewer1_remaining/smoke/observation_shift.yaml,Reviewer1-observation-shift-smoke,Reviewer1ObservationShift-v0,Reviewer1ObservationShift-v0,native_gymnasium_observation,relative_reliability_fuzzy,11010,train,10125,,,10125,96,-1.8900000000000015,160,0.0,10125,601,0.0020764541671703714,0.032313477247953415,0,1,3,21.179413799996837,20.337565899993933,0.8418479000029038,20.337565899993933,0.8418479000029038,d1991e82fa1ea0337d3d6296e2c904f22359ea22,1.8.0,7cc5bc598cfd6850415c80c2a5f22423f37a7ce8561077a69366f06d0ab14b1d,True,3.14.3,2.11.0+cpu,2.4.3,1.3.0,3.1.0,not-installed,not-installed,0.21428517270342126,0.0,7.310838e-05,0.0008382623374269607,1462.0,1.0,0.0,0.0,0.0,0.0,0.13125,0.1869381137036242,0.8130618862963758,0.0,0.1869381137036242,0.2110625636389032,0.20851286092222948,0.8322701701687298,0.86875,0.86875,0.86875,0.13125,21.0,0.13125,exact,374.406875,36.5,neural,1462.0,5848.0,58480.0,nan,0.0,0.0,nan,,,,,,,,,,,,,,,
reviewer1_observation_shift_smoke,reviewer1_observation_shift_smoke,configs/reviewer1_remaining/smoke/observation_shift.yaml,Reviewer1-observation-shift-smoke,Reviewer1ObservationShift-v0,Reviewer1ObservationShift-v0,native_gymnasium_observation,relative_reliability_fuzzy,11010,train,10186,,,10186,97,0.1899999999999996,61,1.0,10186,605,0.002063471543400482,0.032313477247953415,0,1,3,21.306814499999746,20.464966599996842,0.8418479000029038,20.464966599996842,0.8418479000029038,d1991e82fa1ea0337d3d6296e2c904f22359ea22,1.8.0,7cc5bc598cfd6850415c80c2a5f22423f37a7ce8561077a69366f06d0ab14b1d,True,3.14.3,2.11.0+cpu,2.4.3,1.3.0,3.1.0,not-installed,not-installed,0.21228206909540456,0.0,0.050114617,0.03279702150609175,1482.0,0.0,0.0,0.0,0.0,1.0,0.2786885245901639,0.09161850397509226,0.9083814960249079,0.0,0.09161850397509226,0.16315711731084323,0.10044834305694866,0.6695199790770551,0.7213114754098361,0.7213114754098361,0.7213114754098361,0.2786885245901639,17.0,0.2786885245901639,exact,505.1573770491803,699.3,neural,1482.0,5928.0,59280.0,nan,0.0,0.0,nan,,,,,,,,,,,,,,,
reviewer1_observation_shift_smoke,reviewer1_observation_shift_smoke,configs/reviewer1_remaining/smoke/observation_shift.yaml,Reviewer1-observation-shift-smoke,Reviewer1ObservationShift-v0,Reviewer1ObservationShift-v0,native_gymnasium_observation,relative_reliability_fuzzy,11010,train,10345,,,10345,98,-1.0899999999999999,159,1.0,10345,615,0.0021198403273113555,0.032313477247953415,0,1,3,21.72102669999731,20.879178799994406,0.8418479000029038,20.879178799994406,0.8418479000029038,d1991e82fa1ea0337d3d6296e2c904f22359ea22,1.8.0,7cc5bc598cfd6850415c80c2a5f22423f37a7ce8561077a69366f06d0ab14b1d,True,3.14.3,2.11.0+cpu,2.4.3,1.3.0,3.1.0,not-installed,not-installed,0.20942222604851873,0.0,0.0501376,0.03409541903805753,1512.0,0.0,0.0,0.0,0.0,1.0,0.20125786163522014,0.1488372959155626,0.8511627040844374,0.0,0.1488372959155626,0.18323956249954992,0.17030174096118877,0.6602941118749077,0.7987421383647799,0.7987421383647799,0.7987421383647799,0.20125786163522014,32.0,0.20125786163522014,exact,465.44528301886794,690.4,neural,1512.0,6048.0,60480.0,nan,0.0,0.0,nan,,,,,,,,,,,,,,,
reviewer1_observation_shift_smoke,reviewer1_observation_shift_smoke,configs/reviewer1_remaining/smoke/observation_shift.yaml,Reviewer1-observation-shift-smoke,Reviewer1ObservationShift-v0,Reviewer1ObservationShift-v0,native_gymnasium_observation,relative_reliability_fuzzy,11010,train,10505,,,10505,99,-2.409999999999998,160,0.0,10505,625,0.0021281124342902333,0.032313477247953415,0,1,3,22.03811819999828,21.196270299995376,0.8418479000029038,21.196270299995376,0.8418479000029038,d1991e82fa1ea0337d3d6296e2c904f22359ea22,1.8.0,7cc5bc598cfd6850415c80c2a5f22423f37a7ce8561077a69366f06d0ab14b1d,True,3.14.3,2.11.0+cpu,2.4.3,1.3.0,3.1.0,not-installed,not-installed,0.21418534993216107,0.0,4.866994e-05,0.0014916779438147038,1518.0,1.0,0.0,0.0,0.0,0.0,0.0375,0.3867757824598919,0.6132242175401081,0.0,0.3867757824598919,0.13156519177998416,0.5404458772992856,0.643370454459617,0.9625,0.9625,0.9625,0.0375,6.0,0.0375,exact,451.8793750000001,51.400000000000006,neural,1518.0,6072.0,60720.0,nan,0.0,0.0,nan,,,,,,,,,,,,,,,
reviewer1_observation_shift_smoke,reviewer1_observation_shift_smoke,configs/reviewer1_remaining/smoke/observation_shift.yaml,Reviewer1-observation-shift-smoke,Reviewer1ObservationShift-v0,Reviewer1ObservationShift-v0,native_gymnasium_observation,relative_reliability_fuzzy,11010,train,10523,,,10523,100,0.75,18,1.0,10523,626,0.002125135726847989,0.032313477247953415,0,1,3,22.067732600000454,21.22588469999755,0.8418479000029038,21.22588469999755,0.8418479000029038,d1991e82fa1ea0337d3d6296e2c904f22359ea22,1.8.0,7cc5bc598cfd6850415c80c2a5f22423f37a7ce8561077a69366f06d0ab14b1d,True,3.14.3,2.11.0+cpu,2.4.3,1.3.0,3.1.0,not-installed,not-installed,0.2137913147406215,0.0,0.050113466,0.03461851569341322,1522.0,0.0,0.0,0.0,0.0,1.0,0.2777777777777778,0.11576364297015854,0.8842363570298415,0.0,0.11576364297015854,0.13134336019452192,0.13872039735556563,0.8653806871779273,0.7222222222222222,0.7222222222222222,0.7222222222222222,0.2777777777777778,5.0,0.2777777777777778,exact,465.0444444444445,651.95,neural,1522.0,6088.0,60880.0,nan,0.0,0.0,nan,,,,,,,,,,,,,,,
reviewer1_observation_shift_smoke,reviewer1_observation_shift_smoke,configs/reviewer1_remaining/smoke/observation_shift.yaml,Reviewer1-observation-shift-smoke,Reviewer1ObservationShift-v0,Reviewer1ObservationShift-v0,native_gymnasium_observation,relative_reliability_fuzzy,11010,train,10617,,,10617,101,-0.2800000000000009,94,1.0,10617,632,0.0021225771151962307,0.032313477247953415,0,1,3,22.334136199999193,21.49228829999629,0.8418479000029038,21.49228829999629,0.8418479000029038,d1991e82fa1ea0337d3d6296e2c904f22359ea22,1.8.0,7cc5bc598cfd6850415c80c2a5f22423f37a7ce8561077a69366f06d0ab14b1d,True,3.14.3,2.11.0+cpu,2.4.3,1.3.0,3.1.0,not-installed,not-installed,0.21205949524478826,0.0,0.05056845,0.034023886180625476,1550.0,0.0,0.0,0.0,0.0,1.0,0.2872340425531915,0.11883953493982576,0.8811604650601741,0.0,0.11883953493982576,0.16305678126734982,0.13110063733766136,0.733249066413117,0.7127659574468085,0.7127659574468085,0.7127659574468085,0.2872340425531915,27.0,0.2872340425531915,exact,474.4159574468085,58.5,neural,1550.0,6200.0,62000.0,nan,0.0,0.0,nan,,,,,,,,,,,,,,,
reviewer1_observation_shift_smoke,reviewer1_observation_shift_smoke,configs/reviewer1_remaining/smoke/observation_shift.yaml,Reviewer1-observation-shift-smoke,Reviewer1ObservationShift-v0,Reviewer1ObservationShift-v0,native_gymnasium_observation,relative_reliability_fuzzy,11010,train,10636,,,10636,102,0.7899999999999999,19,1.0,10636,633,0.002120173134094969,0.032313477247953415,0,1,3,22.376894000000902,21.535046099998,0.8418479000029038,21.535046099998,0.8418479000029038,d1991e82fa1ea0337d3d6296e2c904f22359ea22,1.8.0,7cc5bc598cfd6850415c80c2a5f22423f37a7ce8561077a69366f06d0ab14b1d,True,3.14.3,2.11.0+cpu,2.4.3,1.3.0,3.1.0,not-installed,not-installed,0.2117971323242167,0.0,0.069136396,0.04415052723633843,1553.0,0.0,0.0,0.0,0.0,1.0,0.21052631578947367,0.16578865427488318,0.8342113457251168,0.0,0.16578865427488318,0.16487297606279544,0.18452662120790975,0.7861039025453881,0.7894736842105263,0.7894736842105263,0.7894736842105263,0.21052631578947367,4.0,0.21052631578947367,exact,511.5263157894737,713.2,neural,1553.0,6212.0,62120.0,nan,0.0,0.0,nan,,,,,,,,,,,,,,,
reviewer1_observation_shift_smoke,reviewer1_observation_shift_smoke,configs/reviewer1_remaining/smoke/observation_shift.yaml,Reviewer1-observation-shift-smoke,Reviewer1ObservationShift-v0,Reviewer1ObservationShift-v0,native_gymnasium_observation,relative_reliability_fuzzy,11010,train,10771,,,10771,103,-1.270000000000001,135,1.0,10771,642,0.002124426517583972,0.032313477247953415,0,1,3,22.59475019999809,21.752902299995185,0.8418479000029038,21.752902299995185,0.8418479000029038,d1991e82fa1ea0337d3d6296e2c904f22359ea22,1.8.0,7cc5bc598cfd6850415c80c2a5f22423f37a7ce8561077a69366f06d0ab14b1d,True,3.14.3,2.11.0+cpu,2.4.3,1.3.0,3.1.0,not-installed,not-installed,0.21519225853009413,0.0,0.050177455,0.03782808528065899,1562.0,0.0,0.0,0.0,0.0,1.0,0.02962962962962963,0.32953585917775896,0.670464140822241,0.0,0.32953585917775896,0.341846072891432,0.4572045466850993,0.3787508176994952,0.9703703703703703,0.9703703703703703,0.9703703703703703,0.02962962962962963,4.0,0.02962962962962963,exact,478.6666666666667,647.3,neural,1562.0,6248.0,62480.0,nan,0.0,0.0,nan,,,,,,,,,,,,,,,
reviewer1_observation_shift_smoke,reviewer1_observation_shift_smoke,configs/reviewer1_remaining/smoke/observation_shift.yaml,Reviewer1-observation-shift-smoke,Reviewer1ObservationShift-v0,Reviewer1ObservationShift-v0,native_gymnasium_observation,relative_reliability_fuzzy,11010,train,10931,,,10931,104,-2.2699999999999982,160,0.0,10931,652,0.0021395571808153903,0.032313477247953415,0,1,3,22.9153484999988,22.073500599995896,0.8418479000029038,22.073500599995896,0.8418479000029038,d1991e82fa1ea0337d3d6296e2c904f22359ea22,1.8.0,7cc5bc598cfd6850415c80c2a5f22423f37a7ce8561077a69366f06d0ab14b1d,True,3.14.3,2.11.0+cpu,2.4.3,1.3.0,3.1.0,not-installed,not-installed,0.2193526630361382,0.0,8.171732e-05,0.0016698803944629249,1563.0,1.0,0.0,0.0,0.0,0.0,0.0,0.3712072563744254,0.6287927436255746,0.0,0.3712072563744254,0.21867124219519635,0.5008295781230141,0.5935973439325937,1.0,1.0,1.0,0.0,0.0,0.0,exact,400.96375,40.650000000000006,neural,1563.0,6252.0,62520.0,nan,0.0,0.0,nan,,,,,,,,,,,,,,,
reviewer1_observation_shift_smoke,reviewer1_observation_shift_smoke,configs/reviewer1_remaining/smoke/observation_shift.yaml,Reviewer1-observation-shift-smoke,Reviewer1ObservationShift-v0,Reviewer1ObservationShift-v0,native_gymnasium_observation,relative_reliability_fuzzy,11010,train,10959,,,10959,105,0.6599999999999999,28,1.0,10959,653,0.0021365673197790576,0.032313477247953415,0,1,3,22.96614170000248,22.124293799999577,0.8418479000029038,22.124293799999577,0.8418479000029038,d1991e82fa1ea0337d3d6296e2c904f22359ea22,1.8.0,7cc5bc598cfd6850415c80c2a5f22423f37a7ce8561077a69366f06d0ab14b1d,True,3.14.3,2.11.0+cpu,2.4.3,1.3.0,3.1.0,not-installed,not-installed,0.21935938835450802,0.0,0.035993773,0.03223755585367247,1566.0,0.0,0.0,0.0,0.0,1.0,0.10714285714285714,0.2422703769248849,0.7577296230751152,0.0,0.2422703769248849,0.32042702574446685,0.30185016057768504,0.5564619286894888,0.8928571428571429,0.8928571428571429,0.8928571428571429,0.10714285714285714,3.0,0.10714285714285714,exact,254.03214285714287,32.0,neural,1566.0,6264.0,62640.0,nan,0.0,0.0,nan,,,,,,,,,,,,,,,
reviewer1_observation_shift_smoke,reviewer1_observation_shift_smoke,configs/reviewer1_remaining/smoke/observation_shift.yaml,Reviewer1-observation-shift-smoke,Reviewer1ObservationShift-v0,Reviewer1ObservationShift-v0,native_gymnasium_observation,relative_reliability_fuzzy,11010,train,11074,,,11074,106,-0.6400000000000012,115,1.0,11074,661,0.0021269830003871576,0.032313477247953415,0,1,3,23.149259199999506,22.307411299996602,0.8418479000029038,22.307411299996602,0.8418479000029038,d1991e82fa1ea0337d3d6296e2c904f22359ea22,1.8.0,7cc5bc598cfd6850415c80c2a5f22423f37a7ce8561077a69366f06d0ab14b1d,True,3.14.3,2.11.0+cpu,2.4.3,1.3.0,3.1.0,not-installed,not-installed,0.2194253741683535,0.0,0.050194986,0.03233635196671471,1577.0,0.0,0.0,0.0,0.0,1.0,0.12173913043478261,0.2187258643674716,0.7812741356325282,0.0,0.2187258643674716,0.2584186216641333,0.252334791491172,0.5381783877644541,0.8782608695652174,0.8782608695652174,0.8782608695652174,0.12173913043478261,14.0,0.12173913043478261,exact,424.32260869565215,55.4,neural,1577.0,6308.0,63080.0,nan,0.0,0.0,nan,,,,,,,,,,,,,,,
reviewer1_observation_shift_smoke,reviewer1_observation_shift_smoke,configs/reviewer1_remaining/smoke/observation_shift.yaml,Reviewer1-observation-shift-smoke,Reviewer1ObservationShift-v0,Reviewer1ObservationShift-v0,native_gymnasium_observation,relative_reliability_fuzzy,11010,train,11100,,,11100,107,0.6899999999999998,26,1.0,11100,662,0.0021239374217440245,0.032313477247953415,0,1,3,23.188245799996366,22.346397899993462,0.8418479000029038,22.346397899993462,0.8418479000029038,d1991e82fa1ea0337d3d6296e2c904f22359ea22,1.8.0,7cc5bc598cfd6850415c80c2a5f22423f37a7ce8561077a69366f06d0ab14b1d,True,3.14.3,2.11.0+cpu,2.4.3,1.3.0,3.1.0,not-installed,not-installed,0.21894578815178503,0.0,0.052777965,0.03937181629354077,1583.0,0.0,0.0,0.0,0.0,1.0,0.19230769230769232,0.11592175559271782,0.8840782444072821,0.0,0.11592175559271782,0.14840294466671788,0.12831809071694913,0.6636535808569948,0.8076923076923077,0.8076923076923077,0.8076923076923077,0.19230769230769232,5.0,0.19230769230769232,exact,405.50769230769225,334.5,neural,1583.0,6332.0,63320.0,nan,0.0,0.0,nan,,,,,,,,,,,,,,,
reviewer1_observation_shift_smoke,reviewer1_observation_shift_smoke,configs/reviewer1_remaining/smoke/observation_shift.yaml,Reviewer1-observation-shift-smoke,Reviewer1ObservationShift-v0,Reviewer1ObservationShift-v0,native_gymnasium_observation,relative_reliability_fuzzy,11010,train,11260,,,11260,108,-2.0800000000000014,160,0.0,11260,672,0.002123819585695704,0.032313477247953415,0,1,3,23.51589789999707,22.674049999994168,0.8418479000029038,22.674049999994168,0.8418479000029038,d1991e82fa1ea0337d3d6296e2c904f22359ea22,1.8.0,7cc5bc598cfd6850415c80c2a5f22423f37a7ce8561077a69366f06d0ab14b1d,True,3.14.3,2.11.0+cpu,2.4.3,1.3.0,3.1.0,not-installed,not-installed,0.21812086204275466,0.0,0.00011872458,0.003092700369605827,1614.0,1.0,0.0,0.0,0.0,0.0,0.15,0.19171340399032682,0.8082865960096732,0.0,0.19171340399032682,0.2760263957652153,0.23728616165857358,0.5947078294255197,0.85,0.85,0.85,0.15,24.0,0.15,exact,499.456875,682.95,neural,1614.0,6456.0,64560.0,nan,0.0,0.0,nan,,,,,,,,,,,,,,,
reviewer1_observation_shift_smoke,reviewer1_observation_shift_smoke,configs/reviewer1_remaining/smoke/observation_shift.yaml,Reviewer1-observation-shift-smoke,Reviewer1ObservationShift-v0,Reviewer1ObservationShift-v0,native_gymnasium_observation,relative_reliability_fuzzy,11010,train,11420,,,11420,109,-2.549999999999997,160,0.0,11420,682,0.0021105756484869898,0.032313477247953415,0,1,3,23.85453530000086,23.012687399997958,0.8418479000029038,23.012687399997958,0.8418479000029038,d1991e82fa1ea0337d3d6296e2c904f22359ea22,1.8.0,7cc5bc598cfd6850415c80c2a5f22423f37a7ce8561077a69366f06d0ab14b1d,True,3.14.3,2.11.0+cpu,2.4.3,1.3.0,3.1.0,not-installed,not-installed,0.22075426881078522,0.0,5.7064488e-05,0.0019421549591119903,1617.0,1.0,0.0,0.0,0.0,0.0,0.025,0.3333546112559385,0.6666453887440614,0.0,0.3333546112559385,0.2683502366966608,0.420571811142579,0.4724503650767418,0.975,0.975,0.975,0.025,4.0,0.025,exact,482.3731250000001,685.15,neural,1617.0,6468.0,64680.0,nan,0.0,0.0,nan,,,,,,,,,,,,,,,
reviewer1_observation_shift_smoke,reviewer1_observation_shift_smoke,configs/reviewer1_remaining/smoke/observation_shift.yaml,Reviewer1-observation-shift-smoke,Reviewer1ObservationShift-v0,Reviewer1ObservationShift-v0,native_gymnasium_observation,relative_reliability_fuzzy,11010,train,11580,,,11580,110,-2.0000000000000013,160,0.0,11580,692,0.0020955341785201848,0.032313477247953415,0,1,3,24.26337649999914,23.421528599996236,0.8418479000029038,23.421528599996236,0.8418479000029038,d1991e82fa1ea0337d3d6296e2c904f22359ea22,1.8.0,7cc5bc598cfd6850415c80c2a5f22423f37a7ce8561077a69366f06d0ab14b1d,True,3.14.3,2.11.0+cpu,2.4.3,1.3.0,3.1.0,not-installed,not-installed,0.22109808868852757,0.0,0.00010213253,0.002673345983826965,1629.0,1.0,0.0,0.0,0.0,0.0,0.08125,0.24961890862512823,0.7503810913748717,0.0,0.24961890862512823,0.23538642385504294,0.2978451068577141,0.7055186927945185,0.91875,0.91875,0.91875,0.08125,13.0,0.08125,exact,444.6125,662.6,neural,1629.0,6516.0,65160.0,nan,0.0,0.0,nan,,,,,,,,,,,,,,,
reviewer1_observation_shift_smoke,reviewer1_observation_shift_smoke,configs/reviewer1_remaining/smoke/observation_shift.yaml,Reviewer1-observation-shift-smoke,Reviewer1ObservationShift-v0,Reviewer1ObservationShift-v0,native_gymnasium_observation,relative_reliability_fuzzy,11010,train,11650,,,11650,111,0.02999999999999947,70,1.0,11650,697,0.002081453770792246,0.032313477247953415,0,1,3,24.376006799997413,23.53415889999451,0.8418479000029038,23.53415889999451,0.8418479000029038,d1991e82fa1ea0337d3d6296e2c904f22359ea22,1.8.0,7cc5bc598cfd6850415c80c2a5f22423f37a7ce8561077a69366f06d0ab14b1d,True,3.14.3,2.11.0+cpu,2.4.3,1.3.0,3.1.0,not-installed,not-installed,0.2212469665977407,0.0,0.03387871,0.032641720199676094,1635.0,0.0,0.0,0.0,0.0,1.0,0.07142857142857142,0.22230911665627523,0.7776908833437246,0.0,0.22230911665627523,0.26855551129732474,0.2579923607461674,0.767169295242857,0.9285714285714286,0.9285714285714286,0.9285714285714286,0.07142857142857142,5.0,0.07142857142857142,exact,363.85285714285715,46.3,neural,1635.0,6540.0,65400.0,nan,0.0,0.0,nan,,,,,,,,,,,,,,,
reviewer1_observation_shift_smoke,reviewer1_observation_shift_smoke,configs/reviewer1_remaining/smoke/observation_shift.yaml,Reviewer1-observation-shift-smoke,Reviewer1ObservationShift-v0,Reviewer1ObservationShift-v0,native_gymnasium_observation,relative_reliability_fuzzy,11010,train,11660,,,11660,112,0.91,10,1.0,11660,697,0.002081453770792246,0.032313477247953415,0,1,3,24.38883530000021,23.546987399997306,0.8418479000029038,23.546987399997306,0.8418479000029038,d1991e82fa1ea0337d3d6296e2c904f22359ea22,1.8.0,7cc5bc598cfd6850415c80c2a5f22423f37a7ce8561077a69366f06d0ab14b1d,True,3.14.3,2.11.0+cpu,2.4.3,1.3.0,3.1.0,not-installed,not-installed,0.22101617857940137,0.0,0.07031793,0.05239884625952812,1640.0,0.0,0.0,0.0,0.0,1.0,0.6,0.06526496334810447,0.9347350366518954,0.0,0.06526496334810447,0.05,0.08059627095081112,0.4035712984541492,0.4,0.4,0.4,0.6,6.0,0.6,support-boundary collapse,278.81,20.049999999999997,neural,1640.0,6560.0,65600.0,nan,0.0,0.0,nan,,,,,,,,,,,,,,,
reviewer1_observation_shift_smoke,reviewer1_observation_shift_smoke,configs/reviewer1_remaining/smoke/observation_shift.yaml,Reviewer1-observation-shift-smoke,Reviewer1ObservationShift-v0,Reviewer1ObservationShift-v0,native_gymnasium_observation,relative_reliability_fuzzy,11010,train,11665,,,11665,113,0.96,5,1.0,11665,698,0.0020937030270223814,0.032313477247953415,0,1,3,24.400708100001793,23.55886019999889,0.8418479000029038,23.55886019999889,0.8418479000029038,d1991e82fa1ea0337d3d6296e2c904f22359ea22,1.8.0,7cc5bc598cfd6850415c80c2a5f22423f37a7ce8561077a69366f06d0ab14b1d,True,3.14.3,2.11.0+cpu,2.4.3,1.3.0,3.1.0,not-installed,not-installed,0.22101247102768248,0.0,0.08964564,0.07201174969157215,1641.0,0.0,0.0,0.0,0.0,1.0,0.0,0.2047669560857519,0.7952330439142481,0.0,0.2047669560857519,0.0,0.22879572940653253,0.7148256087335494,1.0,1.0,1.0,0.0,0.0,0.0,exact,316.6,30.4,neural,1641.0,6564.0,65640.0,nan,0.0,0.0,nan,,,,,,,,,,,,,,,
reviewer1_observation_shift_smoke,reviewer1_observation_shift_smoke,configs/reviewer1_remaining/smoke/observation_shift.yaml,Reviewer1-observation-shift-smoke,Reviewer1ObservationShift-v0,Reviewer1ObservationShift-v0,native_gymnasium_observation,relative_reliability_fuzzy,11010,train,11740,,,11740,114,0.0699999999999994,75,1.0,11740,702,0.00209639806814559,0.032313477247953415,0,1,3,24.512572100000398,23.670724199997494,0.8418479000029038,23.670724199997494,0.8418479000029038,d1991e82fa1ea0337d3d6296e2c904f22359ea22,1.8.0,7cc5bc598cfd6850415c80c2a5f22423f37a7ce8561077a69366f06d0ab14b1d,True,3.14.3,2.11.0+cpu,2.4.3,1.3.0,3.1.0,not-installed,not-installed,0.22035247716661346,0.0,0.051992998,0.03357962235409081,1645.0,0.0,0.0,0.0,0.0,1.0,0.06666666666666667,0.1540723382683663,0.8459276617316338,0.0,0.1540723382683663,0.1644844882983943,0.17079526901921155,0.7389455942266253,0.9333333333333333,0.9333333333333333,0.9333333333333333,0.06666666666666667,5.0,0.06666666666666667,exact,356.568,28.3,neural,1645.0,6580.0,65800.0,nan,0.0,0.0,nan,,,,,,,,,,,,,,,
reviewer1_observation_shift_smoke,reviewer1_observation_shift_smoke,configs/reviewer1_remaining/smoke/observation_shift.yaml,Reviewer1-observation-shift-smoke,Reviewer1ObservationShift-v0,Reviewer1ObservationShift-v0,native_gymnasium_observation,relative_reliability_fuzzy,11010,train,11816,,,11816,115,-0.14000000000000057,76,1.0,11816,707,0.0020826172043948393,0.032313477247953415,0,1,3,24.638214899998275,23.79636699999537,0.8418479000029038,23.79636699999537,0.8418479000029038,d1991e82fa1ea0337d3d6296e2c904f22359ea22,1.8.0,7cc5bc598cfd6850415c80c2a5f22423f37a7ce8561077a69366f06d0ab14b1d,True,3.14.3,2.11.0+cpu,2.4.3,1.3.0,3.1.0,not-installed,not-installed,0.22065850962062802,0.0,0.051154688,0.03339078931651987,1656.0,0.0,0.0,0.0,0.0,1.0,0.21052631578947367,0.24410335737797503,0.7558966426220249,0.0,0.24410335737797503,0.4137963783529852,0.3216627970773939,0.746763534938295,0.7894736842105263,0.7894736842105263,0.7894736842105263,0.21052631578947367,16.0,0.21052631578947367,exact,448.4868421052632,630.45,neural,1656.0,6624.0,66240.0,nan,0.0,0.0,nan,,,,,,,,,,,,,,,
reviewer1_observation_shift_smoke,reviewer1_observation_shift_smoke,configs/reviewer1_remaining/smoke/observation_shift.yaml,Reviewer1-observation-shift-smoke,Reviewer1ObservationShift-v0,Reviewer1ObservationShift-v0,native_gymnasium_observation,relative_reliability_fuzzy,11010,train,11976,,,11976,116,-2.4599999999999977,160,0.0,11976,717,0.0020851720928831597,0.032313477247953415,0,1,3,24.94450350000261,24.102655599999707,0.8418479000029038,24.102655599999707,0.8418479000029038,d1991e82fa1ea0337d3d6296e2c904f22359ea22,1.8.0,7cc5bc598cfd6850415c80c2a5f22423f37a7ce8561077a69366f06d0ab14b1d,True,3.14.3,2.11.0+cpu,2.4.3,1.3.0,3.1.0,not-installed,not-installed,0.22579502556620176,0.0,6.4431464e-05,0.0028727559618595827,1657.0,1.0,0.0,0.0,0.0,0.0,0.0125,0.410797776556915,0.5892022234430849,0.0,0.410797776556915,0.11332174741936124,0.5792660678327188,0.7448789219788484,0.9875,0.9875,0.9875,0.0125,2.0,0.0125,exact,495.4075000000001,666.5,neural,1657.0,6628.0,66280.0,nan,0.0,0.0,nan,,,,,,,,,,,,,,,
reviewer1_observation_shift_smoke,reviewer1_observation_shift_smoke,configs/reviewer1_remaining/smoke/observation_shift.yaml,Reviewer1-observation-shift-smoke,Reviewer1ObservationShift-v0,Reviewer1ObservationShift-v0,native_gymnasium_observation,relative_reliability_fuzzy,11010,eval,12000,12000,-3.0200000000000014,12000,1,-3.0200000000000014,160,0.0,12000,719,0.0020802723620072456,0.032313477247953415,0,2,3,25.975175200001104,24.174995099994703,1.8001801000064006,24.174995099994703,1.8001801000064006,d1991e82fa1ea0337d3d6296e2c904f22359ea22,1.8.0,7cc5bc598cfd6850415c80c2a5f22423f37a7ce8561077a69366f06d0ab14b1d,True,3.14.3,2.11.0+cpu,2.4.3,1.3.0,3.1.0,not-installed,not-installed,0.2252751348887245,0.0,0.00011814725,0.0009306521891380279,1665.0,1.0,0.0,0.0,0.0,0.0,1.0,0.0,1.0,0.0,0.0,0.0,0.0,0.6789205251613734,0.0,0.0,0.0,1.0,160.0,1.0,support-boundary collapse,823.02375,783.5,neural,1666.0,6664.0,66624.0,nan,0.0,0.0,nan,nan,nan,2,3,nan,nan,nan,unavailable,unavailable,unavailable,nan,nan,1.0,all_observation_channels,79.5
reviewer1_observation_shift_smoke,reviewer1_observation_shift_smoke,configs/reviewer1_remaining/smoke/observation_shift.yaml,Reviewer1-observation-shift-smoke,Reviewer1ObservationShift-v0,Reviewer1ObservationShift-v0,native_gymnasium_observation,relative_reliability_fuzzy,11010,eval,12000,12000,-3.0600000000000005,12000,2,-3.0600000000000005,160,0.0,12000,719,0.0020802723620072456,0.032313477247953415,0,2,3,25.975977199996123,24.175797099989722,1.8001801000064006,24.175797099989722,1.8001801000064006,d1991e82fa1ea0337d3d6296e2c904f22359ea22,1.8.0,7cc5bc598cfd6850415c80c2a5f22423f37a7ce8561077a69366f06d0ab14b1d,True,3.14.3,2.11.0+cpu,2.4.3,1.3.0,3.1.0,not-installed,not-installed,0.2252751348887245,0.0,0.00011814725,0.0009306521891380279,1665.0,1.0,0.0,0.0,0.0,0.0,1.0,0.0,1.0,0.0,0.0,0.0,0.0,0.4868574331087004,0.0,0.0,0.0,1.0,160.0,1.0,support-boundary collapse,850.765,784.9,neural,1666.0,6664.0,66624.0,nan,0.0,0.0,nan,nan,nan,3,1,nan,nan,nan,unavailable,unavailable,unavailable,nan,nan,1.0,all_observation_channels,79.5
reviewer1_observation_shift_smoke,reviewer1_observation_shift_smoke,configs/reviewer1_remaining/smoke/observation_shift.yaml,Reviewer1-observation-shift-smoke,Reviewer1ObservationShift-v0,Reviewer1ObservationShift-v0,native_gymnasium_observation,relative_reliability_fuzzy,11010,eval,12000,12000,-3.080000000000002,12000,3,-3.080000000000002,160,0.0,12000,719,0.0020802723620072456,0.032313477247953415,0,2,3,25.97647219999635,24.17629209998995,1.8001801000064006,24.17629209998995,1.8001801000064006,d1991e82fa1ea0337d3d6296e2c904f22359ea22,1.8.0,7cc5bc598cfd6850415c80c2a5f22423f37a7ce8561077a69366f06d0ab14b1d,True,3.14.3,2.11.0+cpu,2.4.3,1.3.0,3.1.0,not-installed,not-installed,0.2252751348887245,0.0,0.00011814725,0.0009306521891380279,1665.0,1.0,0.0,0.0,0.0,0.0,1.0,0.0,1.0,0.0,0.0,0.0,0.0,0.6792619855078609,0.0,0.10625,0.0,1.0,160.0,1.0,support-boundary collapse,871.5962500000002,815.95,neural,1666.0,6664.0,66624.0,nan,0.0,0.0,nan,nan,nan,3,1,nan,nan,nan,unavailable,unavailable,unavailable,nan,nan,1.0,all_observation_channels,79.5
reviewer1_observation_shift_smoke,reviewer1_observation_shift_smoke,configs/reviewer1_remaining/smoke/observation_shift.yaml,Reviewer1-observation-shift-smoke,Reviewer1ObservationShift-v0,Reviewer1ObservationShift-v0,native_gymnasium_observation,relative_reliability_fuzzy,11010,eval,12000,12000,-3.070000000000002,12000,4,-3.070000000000002,160,0.0,12000,719,0.0020802723620072456,0.032313477247953415,0,2,3,25.976996299999882,24.176816199993482,1.8001801000064006,24.176816199993482,1.8001801000064006,d1991e82fa1ea0337d3d6296e2c904f22359ea22,1.8.0,7cc5bc598cfd6850415c80c2a5f22423f37a7ce8561077a69366f06d0ab14b1d,True,3.14.3,2.11.0+cpu,2.4.3,1.3.0,3.1.0,not-installed,not-installed,0.2252751348887245,0.0,0.00011814725,0.0009306521891380279,1665.0,1.0,0.0,0.0,0.0,0.0,1.0,0.0,1.0,0.0,0.0,0.0,0.0,0.39434526782129325,0.0,0.0,0.0,1.0,160.0,1.0,support-boundary collapse,867.130625,787.7,neural,1666.0,6664.0,66624.0,nan,0.0,0.0,nan,nan,nan,3,3,nan,nan,nan,unavailable,unavailable,unavailable,nan,nan,1.0,all_observation_channels,79.5
reviewer1_observation_shift_smoke,reviewer1_observation_shift_smoke,configs/reviewer1_remaining/smoke/observation_shift.yaml,Reviewer1-observation-shift-smoke,Reviewer1ObservationShift-v0,Reviewer1ObservationShift-v0,native_gymnasium_observation,relative_reliability_fuzzy,11010,eval,12020,12020,-3.070000000000001,12020,1,-3.070000000000001,160,0.0,12020,720,0.002077562163167891,0.032313477247953415,0,3,3,26.97304609999992,24.233735599991633,2.739310500008287,24.233735599991633,2.739310500008287,d1991e82fa1ea0337d3d6296e2c904f22359ea22,1.8.0,7cc5bc598cfd6850415c80c2a5f22423f37a7ce8561077a69366f06d0ab14b1d,True,3.14.3,2.11.0+cpu,2.4.3,1.3.0,3.1.0,not-installed,not-installed,0.22470837876283797,0.0,0.0001343555,0.0004319027159929995,1675.0,1.0,0.0,0.0,0.0,0.0,1.0,0.0,1.0,0.0,0.0,0.0,0.0,0.8838742515904986,0.0,0.75,0.0,1.0,160.0,1.0,support-boundary collapse,801.97625,752.8,neural,1675.0,6700.0,67000.0,nan,0.0,0.0,nan,nan,nan,2,1,nan,nan,nan,unavailable,unavailable,unavailable,nan,nan,1.0,all_observation_channels,99.5
reviewer1_observation_shift_smoke,reviewer1_observation_shift_smoke,configs/reviewer1_remaining/smoke/observation_shift.yaml,Reviewer1-observation-shift-smoke,Reviewer1ObservationShift-v0,Reviewer1ObservationShift-v0,native_gymnasium_observation,relative_reliability_fuzzy,11010,eval,12020,12020,-3.0400000000000014,12020,2,-3.0400000000000014,160,0.0,12020,720,0.002077562163167891,0.032313477247953415,0,3,3,26.973917499999516,24.23460699999123,2.739310500008287,24.23460699999123,2.739310500008287,d1991e82fa1ea0337d3d6296e2c904f22359ea22,1.8.0,7cc5bc598cfd6850415c80c2a5f22423f37a7ce8561077a69366f06d0ab14b1d,True,3.14.3,2.11.0+cpu,2.4.3,1.3.0,3.1.0,not-installed,not-installed,0.22470837876283797,0.0,0.0001343555,0.0004319027159929995,1675.0,1.0,0.0,0.0,0.0,0.0,1.0,0.0,1.0,0.0,0.0,0.0,0.0,0.6660233925932237,0.0,0.16875,0.0,1.0,160.0,1.0,support-boundary collapse,845.523125,792.8,neural,1675.0,6700.0,67000.0,nan,0.0,0.0,nan,nan,nan,3,0,nan,nan,nan,unavailable,unavailable,unavailable,nan,nan,1.0,all_observation_channels,99.5
reviewer1_observation_shift_smoke,reviewer1_observation_shift_smoke,configs/reviewer1_remaining/smoke/observation_shift.yaml,Reviewer1-observation-shift-smoke,Reviewer1ObservationShift-v0,Reviewer1ObservationShift-v0,native_gymnasium_observation,relative_reliability_fuzzy,11010,eval,12020,12020,-3.0700000000000003,12020,3,-3.0700000000000003,160,0.0,12020,720,0.002077562163167891,0.032313477247953415,0,3,3,26.97458490000281,24.235274399994523,2.739310500008287,24.235274399994523,2.739310500008287,d1991e82fa1ea0337d3d6296e2c904f22359ea22,1.8.0,7cc5bc598cfd6850415c80c2a5f22423f37a7ce8561077a69366f06d0ab14b1d,True,3.14.3,2.11.0+cpu,2.4.3,1.3.0,3.1.0,not-installed,not-installed,0.22470837876283797,0.0,0.0001343555,0.0004319027159929995,1675.0,1.0,0.0,0.0,0.0,0.0,1.0,0.0,1.0,0.0,0.0,0.0,0.0,0.49821214098104233,0.0,0.0,0.0,1.0,160.0,1.0,support-boundary collapse,848.244375,792.6500000000001,neural,1675.0,6700.0,67000.0,nan,0.0,0.0,nan,nan,nan,3,1,nan,nan,nan,unavailable,unavailable,unavailable,nan,nan,1.0,all_observation_channels,99.5
reviewer1_observation_shift_smoke,reviewer1_observation_shift_smoke,configs/reviewer1_remaining/smoke/observation_shift.yaml,Reviewer1-observation-shift-smoke,Reviewer1ObservationShift-v0,Reviewer1ObservationShift-v0,native_gymnasium_observation,relative_reliability_fuzzy,11010,eval,12020,12020,-3.0700000000000007,12020,4,-3.0700000000000007,160,0.0,12020,720,0.002077562163167891,0.032313477247953415,0,3,3,26.975238799997896,24.23592829998961,2.739310500008287,24.23592829998961,2.739310500008287,d1991e82fa1ea0337d3d6296e2c904f22359ea22,1.8.0,7cc5bc598cfd6850415c80c2a5f22423f37a7ce8561077a69366f06d0ab14b1d,True,3.14.3,2.11.0+cpu,2.4.3,1.3.0,3.1.0,not-installed,not-installed,0.22470837876283797,0.0,0.0001343555,0.0004319027159929995,1675.0,1.0,0.0,0.0,0.0,0.0,1.0,0.0,1.0,0.0,0.0,0.0,0.0,0.6982769707871432,0.0,0.0,0.0,1.0,160.0,1.0,support-boundary collapse,849.9581249999999,766.4000000000001,neural,1675.0,6700.0,67000.0,nan,0.0,0.0,nan,nan,nan,2,0,nan,nan,nan,unavailable,unavailable,unavailable,nan,nan,1.0,all_observation_channels,99.5
reviewer1_observation_shift_smoke,reviewer1_observation_shift_smoke,configs/reviewer1_remaining/smoke/observation_shift.yaml,Reviewer1-observation-shift-smoke,Reviewer1ObservationShift-v0,Reviewer1ObservationShift-v0,native_gymnasium_observation,relative_reliability_fuzzy,11010,train,12020,,,12020,117,-0.5700000000000003,44,0.0,12020,720,0.002077562163167891,0.032313477247953415,0,3,3,26.977691300002334,24.238380799994047,2.739310500008287,24.238380799994047,2.739310500008287,d1991e82fa1ea0337d3d6296e2c904f22359ea22,1.8.0,7cc5bc598cfd6850415c80c2a5f22423f37a7ce8561077a69366f06d0ab14b1d,True,3.14.3,2.11.0+cpu,2.4.3,1.3.0,3.1.0,not-installed,not-installed,0.22470837876283797,0.0,0.0001343555,0.0004319027159929995,1675.0,1.0,0.0,0.0,0.0,0.0,0.4090909090909091,0.07424393660656409,0.9257560633934357,0.0,0.07424393660656409,0.134929710978973,0.08152470139163731,0.6593593935133344,0.5909090909090909,0.5909090909090909,0.5909090909090909,0.4090909090909091,18.0,0.4090909090909091,exact,428.48181818181814,659.1500000000001,neural,1675.0,6700.0,67000.0,nan,0.0,0.0,nan,,,,,,,,,,,,,,,
reviewer1_observation_shift_smoke,reviewer1_observation_shift_smoke,configs/reviewer1_remaining/smoke/observation_shift.yaml,Reviewer1-observation-shift-smoke,Reviewer1ObservationShift-v0,Reviewer1ObservationShift-v0,native_gymnasium_observation,relative_reliability_fuzzy,11011,train,16,,,16,1,0.84,16,1.0,16,0,nan,nan,0,0,3,0.06622110000171233,0.06622110000171233,0.0,0.06622110000171233,0.0,d1991e82fa1ea0337d3d6296e2c904f22359ea22,1.8.0,7cc5bc598cfd6850415c80c2a5f22423f37a7ce8561077a69366f06d0ab14b1d,True,3.14.3,2.11.0+cpu,2.4.3,1.3.0,3.1.0,not-installed,not-installed,0.0,0.0,0.49018872,0.5095072781321199,11.0,0.0,0.0,0.0,0.0,1.0,1.0,0.0,0.0,0.0,nan,nan,0.0,nan,0.0,0.0,nan,0.0,nan,nan,unsupported,26.6625,24.65,none,11.0,44.0,440.0,nan,0.0,0.0,nan,,,,,,,,,,,,,,,
reviewer1_observation_shift_smoke,reviewer1_observation_shift_smoke,configs/reviewer1_remaining/smoke/observation_shift.yaml,Reviewer1-observation-shift-smoke,Reviewer1ObservationShift-v0,Reviewer1ObservationShift-v0,native_gymnasium_observation,relative_reliability_fuzzy,11011,train,176,,,176,2,-1.9600000000000015,160,0.0,176,0,nan,nan,0,0,3,0.30637940000451636,0.30637940000451636,0.0,0.30637940000451636,0.0,d1991e82fa1ea0337d3d6296e2c904f22359ea22,1.8.0,7cc5bc598cfd6850415c80c2a5f22423f37a7ce8561077a69366f06d0ab14b1d,True,3.14.3,2.11.0+cpu,2.4.3,1.3.0,3.1.0,not-installed,not-installed,0.0,0.0,0.00025660885,0.029361247780731105,37.0,1.0,0.0,0.0,0.0,0.0,1.0,0.0,0.0,0.0,nan,nan,0.0,nan,0.0,0.0,nan,0.0,nan,nan,unsupported,28.105624999999996,24.2,none,37.0,148.0,1480.0,nan,0.0,0.0,nan,,,,,,,,,,,,,,,
reviewer1_observation_shift_smoke,reviewer1_observation_shift_smoke,configs/reviewer1_remaining/smoke/observation_shift.yaml,Reviewer1-observation-shift-smoke,Reviewer1ObservationShift-v0,Reviewer1ObservationShift-v0,native_gymnasium_observation,relative_reliability_fuzzy,11011,train,177,,,177,3,1.0,1,1.0,177,0,nan,nan,0,0,3,0.3082635000027949,0.3082635000027949,0.0,0.3082635000027949,0.0,d1991e82fa1ea0337d3d6296e2c904f22359ea22,1.8.0,7cc5bc598cfd6850415c80c2a5f22423f37a7ce8561077a69366f06d0ab14b1d,True,3.14.3,2.11.0+cpu,2.4.3,1.3.0,3.1.0,not-installed,not-installed,0.0,0.0,0.05024378,0.07068366578425084,38.0,0.0,0.0,0.0,0.0,1.0,1.0,0.0,0.0,0.0,nan,nan,0.0,nan,0.0,0.0,nan,0.0,nan,nan,unsupported,18.4,18.4,none,38.0,152.0,1520.0,nan,0.0,0.0,nan,,,,,,,,,,,,,,,
reviewer1_observation_shift_smoke,reviewer1_observation_shift_smoke,configs/reviewer1_remaining/smoke/observation_shift.yaml,Reviewer1-observation-shift-smoke,Reviewer1ObservationShift-v0,Reviewer1ObservationShift-v0,native_gymnasium_observation,relative_reliability_fuzzy,11011,train,337,,,337,4,-1.9900000000000015,160,0.0,337,0,nan,nan,0,0,3,0.5903875000003609,0.5903875000003609,0.0,0.5903875000003609,0.0,d1991e82fa1ea0337d3d6296e2c904f22359ea22,1.8.0,7cc5bc598cfd6850415c80c2a5f22423f37a7ce8561077a69366f06d0ab14b1d,True,3.14.3,2.11.0+cpu,2.4.3,1.3.0,3.1.0,not-installed,not-installed,0.22560578948767554,0.0,0.00015333448,0.01928783133921979,64.0,1.0,0.0,0.0,0.0,0.0,0.525,0.14962375679740342,0.6316262432025966,0.0,0.19151840870067635,0.4081619065659427,0.16536092783832163,0.464847163731824,0.475,0.475,0.608,0.30625,49.0,0.392,exact,48.185,25.5,neural,64.0,256.0,2560.0,nan,0.0,0.0,nan,,,,,,,,,,,,,,,
reviewer1_observation_shift_smoke,reviewer1_observation_shift_smoke,configs/reviewer1_remaining/smoke/observation_shift.yaml,Reviewer1-observation-shift-smoke,Reviewer1ObservationShift-v0,Reviewer1ObservationShift-v0,native_gymnasium_observation,relative_reliability_fuzzy,11011,train,497,,,497,5,-1.9900000000000015,160,0.0,497,0,nan,nan,0,0,3,0.8131121000042185,0.8131121000042185,0.0,0.8131121000042185,0.0,d1991e82fa1ea0337d3d6296e2c904f22359ea22,1.8.0,7cc5bc598cfd6850415c80c2a5f22423f37a7ce8561077a69366f06d0ab14b1d,True,3.14.3,2.11.0+cpu,2.4.3,1.3.0,3.1.0,not-installed,not-installed,0.21315561969421454,0.0,8.650871e-05,0.011925855493230636,80.0,1.0,0.0,0.0,0.0,0.0,0.80625,0.045520463502684946,0.9544795364973151,0.0,0.045520463502684946,0.0,0.05406864484741575,0.521959080903675,0.19375,0.19375,0.19375,0.80625,129.0,0.80625,support-boundary collapse,45.548750000000005,23.25,neural,80.0,320.0,3200.0,nan,0.0,0.0,nan,,,,,,,,,,,,,,,
reviewer1_observation_shift_smoke,reviewer1_observation_shift_smoke,configs/reviewer1_remaining/smoke/observation_shift.yaml,Reviewer1-observation-shift-smoke,Reviewer1ObservationShift-v0,Reviewer1ObservationShift-v0,native_gymnasium_observation,relative_reliability_fuzzy,11011,train,624,,,624,6,-0.6100000000000012,127,1.0,624,8,0.007215925754280761,0.01762315444648266,0,0,3,1.0677349000034155,1.0677349000034155,0.0,1.0677349000034155,0.0,d1991e82fa1ea0337d3d6296e2c904f22359ea22,1.8.0,7cc5bc598cfd6850415c80c2a5f22423f37a7ce8561077a69366f06d0ab14b1d,True,3.14.3,2.11.0+cpu,2.4.3,1.3.0,3.1.0,not-installed,not-installed,0.1542089337859502,0.0,0.050143953,0.04313460971018222,115.0,0.0,0.0,0.0,0.0,1.0,0.11023622047244094,0.10078136146464563,0.8992186385353541,0.0,0.10078136146464563,0.07605566921287225,0.11039441850811811,0.6105847589981638,0.889763779527559,0.889763779527559,0.889763779527559,0.11023622047244094,14.0,0.11023622047244094,exact,45.496062992125985,25.3,neural,115.0,460.0,4600.0,nan,0.0,0.0,nan,,,,,,,,,,,,,,,
reviewer1_observation_shift_smoke,reviewer1_observation_shift_smoke,configs/reviewer1_remaining/smoke/observation_shift.yaml,Reviewer1-observation-shift-smoke,Reviewer1ObservationShift-v0,Reviewer1ObservationShift-v0,native_gymnasium_observation,relative_reliability_fuzzy,11011,train,626,,,626,7,0.99,2,1.0,626,8,0.007215925754280761,0.01762315444648266,0,0,3,1.0709008000048925,1.0709008000048925,0.0,1.0709008000048925,0.0,d1991e82fa1ea0337d3d6296e2c904f22359ea22,1.8.0,7cc5bc598cfd6850415c80c2a5f22423f37a7ce8561077a69366f06d0ab14b1d,True,3.14.3,2.11.0+cpu,2.4.3,1.3.0,3.1.0,not-installed,not-installed,0.1542089337859502,0.0,0.09525967,0.07159405227337265,117.0,0.0,0.0,0.0,0.0,1.0,1.0,0.0,1.0,0.0,0.0,0.0,0.0,0.6338620381078397,0.0,0.0,0.0,1.0,2.0,1.0,support-boundary collapse,26.25,26.25,neural,117.0,468.0,4680.0,nan,0.0,0.0,nan,,,,,,,,,,,,,,,
reviewer1_observation_shift_smoke,reviewer1_observation_shift_smoke,configs/reviewer1_remaining/smoke/observation_shift.yaml,Reviewer1-observation-shift-smoke,Reviewer1ObservationShift-v0,Reviewer1ObservationShift-v0,native_gymnasium_observation,relative_reliability_fuzzy,11011,train,786,,,786,8,-1.9700000000000015,160,0.0,786,18,0.004327625307875375,0.01762315444648266,0,0,3,1.3598935000045458,1.3598935000045458,0.0,1.3598935000045458,0.0,d1991e82fa1ea0337d3d6296e2c904f22359ea22,1.8.0,7cc5bc598cfd6850415c80c2a5f22423f37a7ce8561077a69366f06d0ab14b1d,True,3.14.3,2.11.0+cpu,2.4.3,1.3.0,3.1.0,not-installed,not-installed,0.13895836718890575,0.0,0.00015400138,0.0027841667128492642,157.0,1.0,0.0,0.0,0.0,0.0,0.76875,0.029001309569203694,0.9709986904307965,0.0,0.029001309569203694,0.0,0.03221128045170538,0.7813883974051695,0.23125,0.23125,0.23125,0.76875,123.0,0.76875,support-boundary collapse,35.3125,23.75,neural,157.0,628.0,6280.0,nan,0.0,0.0,nan,,,,,,,,,,,,,,,
reviewer1_observation_shift_smoke,reviewer1_observation_shift_smoke,configs/reviewer1_remaining/smoke/observation_shift.yaml,Reviewer1-observation-shift-smoke,Reviewer1ObservationShift-v0,Reviewer1ObservationShift-v0,native_gymnasium_observation,relative_reliability_fuzzy,11011,train,946,,,946,9,-2.1,160,0.0,946,28,0.0037937367856751996,0.01762315444648266,0,0,3,1.6689960000003339,1.6689960000003339,0.0,1.6689960000003339,0.0,d1991e82fa1ea0337d3d6296e2c904f22359ea22,1.8.0,7cc5bc598cfd6850415c80c2a5f22423f37a7ce8561077a69366f06d0ab14b1d,True,3.14.3,2.11.0+cpu,2.4.3,1.3.0,3.1.0,not-installed,not-installed,0.1401483971200755,0.0,0.00012316031,0.0011849784045189623,183.0,1.0,0.0,0.0,0.0,0.0,0.04375,0.15045703322742163,0.8495429667725783,0.0,0.15045703322742163,0.037783669415370424,0.16715199708394474,0.8105426098660423,0.95625,0.95625,0.95625,0.04375,7.0,0.04375,exact,58.9175,24.549999999999997,neural,183.0,732.0,7320.0,nan,0.0,0.0,nan,,,,,,,,,,,,,,,
reviewer1_observation_shift_smoke,reviewer1_observation_shift_smoke,configs/reviewer1_remaining/smoke/observation_shift.yaml,Reviewer1-observation-shift-smoke,Reviewer1ObservationShift-v0,Reviewer1ObservationShift-v0,native_gymnasium_observation,relative_reliability_fuzzy,11011,train,1106,,,1106,10,-1.9700000000000015,160,0.0,1106,38,0.003172797184992018,0.01762315444648266,0,0,3,1.9711043000061181,1.9711043000061181,0.0,1.9711043000061181,0.0,d1991e82fa1ea0337d3d6296e2c904f22359ea22,1.8.0,7cc5bc598cfd6850415c80c2a5f22423f37a7ce8561077a69366f06d0ab14b1d,True,3.14.3,2.11.0+cpu,2.4.3,1.3.0,3.1.0,not-installed,not-installed,0.16418156379187046,0.0,0.00010540408,0.000960954924025817,200.0,1.0,0.0,0.0,0.0,0.0,0.0,0.27301909686026526,0.7269809031397346,0.0,0.27301909686026526,0.28070149913641396,0.30317836619437893,0.5031928137814162,1.0,1.0,1.0,0.0,0.0,0.0,exact,57.60562500000001,24.6,neural,200.0,800.0,8000.0,nan,0.0,0.0,nan,,,,,,,,,,,,,,,
reviewer1_observation_shift_smoke,reviewer1_observation_shift_smoke,configs/reviewer1_remaining/smoke/observation_shift.yaml,Reviewer1-observation-shift-smoke,Reviewer1ObservationShift-v0,Reviewer1ObservationShift-v0,native_gymnasium_observation,relative_reliability_fuzzy,11011,train,1266,,,1266,11,-1.9400000000000013,160,0.0,1266,48,0.002765297889103143,0.01762315444648266,0,0,3,2.2924839000042994,2.2924839000042994,0.0,2.2924839000042994,0.0,d1991e82fa1ea0337d3d6296e2c904f22359ea22,1.8.0,7cc5bc598cfd6850415c80c2a5f22423f37a7ce8561077a69366f06d0ab14b1d,True,3.14.3,2.11.0+cpu,2.4.3,1.3.0,3.1.0,not-installed,not-installed,0.13840283401702388,0.0,0.00010299143,0.0017628137247457944,241.0,1.0,0.0,0.0,0.0,0.0,0.09375,0.10612768360173686,0.8938723163982634,0.0,0.10612768360173686,0.03972769028705654,0.11710697887152655,0.6576361884620223,0.90625,0.90625,0.90625,0.09375,15.0,0.09375,exact,99.69187500000001,24.15,neural,241.0,964.0,9640.0,nan,0.0,0.0,nan,,,,,,,,,,,,,,,
reviewer1_observation_shift_smoke,reviewer1_observation_shift_smoke,configs/reviewer1_remaining/smoke/observation_shift.yaml,Reviewer1-observation-shift-smoke,Reviewer1ObservationShift-v0,Reviewer1ObservationShift-v0,native_gymnasium_observation,relative_reliability_fuzzy,11011,train,1426,,,1426,12,-2.1499999999999995,160,0.0,1426,58,0.002535423838457189,0.01762315444648266,0,0,3,2.673219500000414,2.673219500000414,0.0,2.673219500000414,0.0,d1991e82fa1ea0337d3d6296e2c904f22359ea22,1.8.0,7cc5bc598cfd6850415c80c2a5f22423f37a7ce8561077a69366f06d0ab14b1d,True,3.14.3,2.11.0+cpu,2.4.3,1.3.0,3.1.0,not-installed,not-installed,0.15958903205869018,0.0,8.32887e-05,0.0011967161484368475,258.0,1.0,0.0,0.0,0.0,0.0,0.0,0.2617678922758417,0.7382321077241583,0.0,0.2617678922758417,0.26699783247665243,0.2903922062039074,0.5218854384982727,1.0,1.0,1.0,0.0,0.0,0.0,exact,86.37562500000001,25.25,neural,258.0,1032.0,10320.0,nan,0.0,0.0,nan,,,,,,,,,,,,,,,
reviewer1_observation_shift_smoke,reviewer1_observation_shift_smoke,configs/reviewer1_remaining/smoke/observation_shift.yaml,Reviewer1-observation-shift-smoke,Reviewer1ObservationShift-v0,Reviewer1ObservationShift-v0,native_gymnasium_observation,relative_reliability_fuzzy,11011,train,1586,,,1586,13,-2.08,160,0.0,1586,68,0.0021715167438688854,0.01762315444648266,0,0,3,3.0081800000043586,3.0081800000043586,0.0,3.0081800000043586,0.0,d1991e82fa1ea0337d3d6296e2c904f22359ea22,1.8.0,7cc5bc598cfd6850415c80c2a5f22423f37a7ce8561077a69366f06d0ab14b1d,True,3.14.3,2.11.0+cpu,2.4.3,1.3.0,3.1.0,not-installed,not-installed,0.15676317439699253,0.0,0.0001397867,0.0007157238160839897,296.0,1.0,0.0,0.0,0.0,0.0,0.0875,0.18586437595436847,0.8141356240456314,0.0,0.18586437595436847,0.21106205646683257,0.2065144110086817,0.743880499287027,0.9125,0.9125,0.9125,0.0875,14.0,0.0875,exact,66.58125,25.700000000000003,neural,296.0,1184.0,11840.0,nan,0.0,0.0,nan,,,,,,,,,,,,,,,
reviewer1_observation_shift_smoke,reviewer1_observation_shift_smoke,configs/reviewer1_remaining/smoke/observation_shift.yaml,Reviewer1-observation-shift-smoke,Reviewer1ObservationShift-v0,Reviewer1ObservationShift-v0,native_gymnasium_observation,relative_reliability_fuzzy,11011,train,1634,,,1634,14,0.46999999999999975,48,1.0,1634,71,0.0020854370414128145,0.01762315444648266,0,0,3,3.0706974000058835,3.0706974000058835,0.0,3.0706974000058835,0.0,d1991e82fa1ea0337d3d6296e2c904f22359ea22,1.8.0,7cc5bc598cfd6850415c80c2a5f22423f37a7ce8561077a69366f06d0ab14b1d,True,3.14.3,2.11.0+cpu,2.4.3,1.3.0,3.1.0,not-installed,not-installed,0.15406036104532023,0.0,0.05012885,0.03865384373884468,314.0,0.0,0.0,0.0,0.0,1.0,1.0,0.0,1.0,0.0,0.0,0.0,0.0,0.6179561747084827,0.0,0.0,0.0,1.0,48.0,1.0,support-boundary collapse,42.143750000000004,23.75,neural,314.0,1256.0,12560.0,nan,0.0,0.0,nan,,,,,,,,,,,,,,,
reviewer1_observation_shift_smoke,reviewer1_observation_shift_smoke,configs/reviewer1_remaining/smoke/observation_shift.yaml,Reviewer1-observation-shift-smoke,Reviewer1ObservationShift-v0,Reviewer1ObservationShift-v0,native_gymnasium_observation,relative_reliability_fuzzy,11011,train,1794,,,1794,15,-1.8800000000000014,160,0.0,1794,81,0.0019847415443996676,0.01762315444648266,0,0,3,3.4088294000030146,3.4088294000030146,0.0,3.4088294000030146,0.0,d1991e82fa1ea0337d3d6296e2c904f22359ea22,1.8.0,7cc5bc598cfd6850415c80c2a5f22423f37a7ce8561077a69366f06d0ab14b1d,True,3.14.3,2.11.0+cpu,2.4.3,1.3.0,3.1.0,not-installed,not-installed,0.1780011273628207,0.0,8.840996e-05,0.0011678289922293094,331.0,1.0,0.0,0.0,0.0,0.0,0.0875,0.1868339033203375,0.8131660966796626,0.0,0.1868339033203375,0.27612905329813886,0.2063013794124992,0.6171922570633918,0.9125,0.9125,0.9125,0.0875,14.0,0.0875,exact,94.843125,26.65,neural,331.0,1324.0,13240.0,nan,0.0,0.0,nan,,,,,,,,,,,,,,,
reviewer1_observation_shift_smoke,reviewer1_observation_shift_smoke,configs/reviewer1_remaining/smoke/observation_shift.yaml,Reviewer1-observation-shift-smoke,Reviewer1ObservationShift-v0,Reviewer1ObservationShift-v0,native_gymnasium_observation,relative_reliability_fuzzy,11011,train,1954,,,1954,16,-2.010000000000001,160,0.0,1954,91,0.0017770347536038122,0.01762315444648266,0,0,3,3.719989400000486,3.719989400000486,0.0,3.719989400000486,0.0,d1991e82fa1ea0337d3d6296e2c904f22359ea22,1.8.0,7cc5bc598cfd6850415c80c2a5f22423f37a7ce8561077a69366f06d0ab14b1d,True,3.14.3,2.11.0+cpu,2.4.3,1.3.0,3.1.0,not-installed,not-installed,0.17382964063416118,0.0,0.00012096585,0.0009800617176451772,360.0,1.0,0.0,0.0,0.0,0.0,0.0,0.22892022602456802,0.7710797739754318,0.0,0.22892022602456802,0.228748651914985,0.2532935737296802,0.8279994970413649,1.0,1.0,1.0,0.0,0.0,0.0,exact,106.35374999999999,26.200000000000003,neural,360.0,1440.0,14400.0,nan,0.0,0.0,nan,,,,,,,,,,,,,,,
reviewer1_observation_shift_smoke,reviewer1_observation_shift_smoke,configs/reviewer1_remaining/smoke/observation_shift.yaml,Reviewer1-observation-shift-smoke,Reviewer1ObservationShift-v0,Reviewer1ObservationShift-v0,native_gymnasium_observation,relative_reliability_fuzzy,11011,train,1984,,,1984,17,0.6099999999999999,30,1.0,1984,93,0.0017435806101236257,0.01762315444648266,0,0,3,3.767810000004829,3.767810000004829,0.0,3.767810000004829,0.0,d1991e82fa1ea0337d3d6296e2c904f22359ea22,1.8.0,7cc5bc598cfd6850415c80c2a5f22423f37a7ce8561077a69366f06d0ab14b1d,True,3.14.3,2.11.0+cpu,2.4.3,1.3.0,3.1.0,not-installed,not-installed,0.1775677916225307,0.0,0.050122865,0.03752830215926073,367.0,0.0,0.0,0.0,0.0,1.0,0.0,0.3218863981710775,0.6781136018289224,0.0,0.3218863981710775,0.0,0.3569262976812824,0.38227727870642786,1.0,1.0,1.0,0.0,0.0,0.0,exact,75.15333333333335,24.049999999999997,neural,367.0,1468.0,14680.0,nan,0.0,0.0,nan,,,,,,,,,,,,,,,
reviewer1_observation_shift_smoke,reviewer1_observation_shift_smoke,configs/reviewer1_remaining/smoke/observation_shift.yaml,Reviewer1-observation-shift-smoke,Reviewer1ObservationShift-v0,Reviewer1ObservationShift-v0,native_gymnasium_observation,relative_reliability_fuzzy,11011,train,2144,,,2144,18,-1.9400000000000015,160,0.0,2144,103,0.0015852181062725932,0.01762315444648266,0,0,3,4.151653600005375,4.151653600005375,0.0,4.151653600005375,0.0,d1991e82fa1ea0337d3d6296e2c904f22359ea22,1.8.0,7cc5bc598cfd6850415c80c2a5f22423f37a7ce8561077a69366f06d0ab14b1d,True,3.14.3,2.11.0+cpu,2.4.3,1.3.0,3.1.0,not-installed,not-installed,0.1800424917736763,0.0,0.00011905131,0.0009109538652598937,385.0,1.0,0.0,0.0,0.0,0.0,0.0,0.18249635510333378,0.8175036448966662,0.0,0.18249635510333378,0.3040736325183346,0.20210535480607947,0.7036815925328875,1.0,1.0,1.0,0.0,0.0,0.0,exact,88.82,27.95,neural,385.0,1540.0,15400.0,nan,0.0,0.0,nan,,,,,,,,,,,,,,,
reviewer1_observation_shift_smoke,reviewer1_observation_shift_smoke,configs/reviewer1_remaining/smoke/observation_shift.yaml,Reviewer1-observation-shift-smoke,Reviewer1ObservationShift-v0,Reviewer1ObservationShift-v0,native_gymnasium_observation,relative_reliability_fuzzy,11011,train,2252,,,2252,19,-0.2900000000000009,108,1.0,2252,109,0.0014999269532957468,0.01762315444648266,0,0,3,4.300416800004314,4.300416800004314,0.0,4.300416800004314,0.0,d1991e82fa1ea0337d3d6296e2c904f22359ea22,1.8.0,7cc5bc598cfd6850415c80c2a5f22423f37a7ce8561077a69366f06d0ab14b1d,True,3.14.3,2.11.0+cpu,2.4.3,1.3.0,3.1.0,not-installed,not-installed,0.1764178950866946,0.0,0.050139256,0.04034767641483289,409.0,0.0,0.0,0.0,0.0,1.0,0.07407407407407407,0.18091212905248286,0.8190878709475171,0.0,0.18091212905248286,0.15654904534093333,0.20019654815671192,0.7371243671322416,0.9259259259259259,0.9259259259259259,0.9259259259259259,0.07407407407407407,8.0,0.07407407407407407,exact,135.2537037037037,24.049999999999997,neural,409.0,1636.0,16360.0,nan,0.0,0.0,nan,,,,,,,,,,,,,,,
reviewer1_observation_shift_smoke,reviewer1_observation_shift_smoke,configs/reviewer1_remaining/smoke/observation_shift.yaml,Reviewer1-observation-shift-smoke,Reviewer1ObservationShift-v0,Reviewer1ObservationShift-v0,native_gymnasium_observation,relative_reliability_fuzzy,11011,train,2412,,,2412,20,-2.0300000000000007,160,0.0,2412,119,0.0014810836151244212,0.01762315444648266,0,0,3,4.676544000001741,4.676544000001741,0.0,4.676544000001741,0.0,d1991e82fa1ea0337d3d6296e2c904f22359ea22,1.8.0,7cc5bc598cfd6850415c80c2a5f22423f37a7ce8561077a69366f06d0ab14b1d,True,3.14.3,2.11.0+cpu,2.4.3,1.3.0,3.1.0,not-installed,not-installed,0.16800613225250624,0.0,0.00011247536,0.0006788945625018893,438.0,1.0,0.0,0.0,0.0,0.0,0.3,0.12080873718627252,0.8791912628137275,0.0,0.12080873718627252,0.19905367457798157,0.13409289870428528,0.6052834144175592,0.7,0.7,0.7,0.3,48.0,0.3,exact,133.476875,28.55,neural,438.0,1752.0,17520.0,nan,0.0,0.0,nan,,,,,,,,,,,,,,,
reviewer1_observation_shift_smoke,reviewer1_observation_shift_smoke,configs/reviewer1_remaining/smoke/observation_shift.yaml,Reviewer1-observation-shift-smoke,Reviewer1ObservationShift-v0,Reviewer1ObservationShift-v0,native_gymnasium_observation,relative_reliability_fuzzy,11011,train,2572,,,2572,21,-2.11,160,0.0,2572,129,0.0013724144415997823,0.01762315444648266,0,0,3,4.933754500001669,4.933754500001669,0.0,4.933754500001669,0.0,d1991e82fa1ea0337d3d6296e2c904f22359ea22,1.8.0,7cc5bc598cfd6850415c80c2a5f22423f37a7ce8561077a69366f06d0ab14b1d,True,3.14.3,2.11.0+cpu,2.4.3,1.3.0,3.1.0,not-installed,not-installed,0.17868000515163796,0.0,0.00013000093,0.0007942812406621909,457.0,1.0,0.0,0.0,0.0,0.0,0.16875,0.2235835839011555,0.7764164160988444,0.0,0.2235835839011555,0.2553718889234097,0.24982091687632746,0.7215009915145967,0.83125,0.83125,0.83125,0.16875,27.0,0.16875,exact,105.04749999999999,24.700000000000003,neural,457.0,1828.0,18280.0,nan,0.0,0.0,nan,,,,,,,,,,,,,,,
reviewer1_observation_shift_smoke,reviewer1_observation_shift_smoke,configs/reviewer1_remaining/smoke/observation_shift.yaml,Reviewer1-observation-shift-smoke,Reviewer1ObservationShift-v0,Reviewer1ObservationShift-v0,native_gymnasium_observation,relative_reliability_fuzzy,11011,train,2608,,,2608,22,0.5399999999999998,36,1.0,2608,132,0.0013420068115589277,0.01762315444648266,0,0,3,4.979967500003113,4.979967500003113,0.0,4.979967500003113,0.0,d1991e82fa1ea0337d3d6296e2c904f22359ea22,1.8.0,7cc5bc598cfd6850415c80c2a5f22423f37a7ce8561077a69366f06d0ab14b1d,True,3.14.3,2.11.0+cpu,2.4.3,1.3.0,3.1.0,not-installed,not-installed,0.17679338703498462,0.0,0.05011377,0.04030460628538823,468.0,0.0,0.0,0.0,0.0,1.0,0.0,0.1984192683384044,0.8015807316615958,0.0,0.1984192683384044,0.30398095366777156,0.21877118513926344,0.7418785950035933,1.0,1.0,1.0,0.0,0.0,0.0,exact,107.95555555555556,21.45,neural,468.0,1872.0,18720.0,nan,0.0,0.0,nan,,,,,,,,,,,,,,,
reviewer1_observation_shift_smoke,reviewer1_observation_shift_smoke,configs/reviewer1_remaining/smoke/observation_shift.yaml,Reviewer1-observation-shift-smoke,Reviewer1ObservationShift-v0,Reviewer1ObservationShift-v0,native_gymnasium_observation,relative_reliability_fuzzy,11011,train,2768,,,2768,23,-1.9300000000000015,160,0.0,2768,142,0.0013425878423603676,0.01762315444648266,0,0,3,5.32229450000159,5.32229450000159,0.0,5.32229450000159,0.0,d1991e82fa1ea0337d3d6296e2c904f22359ea22,1.8.0,7cc5bc598cfd6850415c80c2a5f22423f37a7ce8561077a69366f06d0ab14b1d,True,3.14.3,2.11.0+cpu,2.4.3,1.3.0,3.1.0,not-installed,not-installed,0.17763691572764537,0.0,0.00011707422,0.001197364711632256,495.0,1.0,0.0,0.0,0.0,0.0,0.28125,0.1541146730813086,0.8458853269186914,0.0,0.1541146730813086,0.2332702053129246,0.17071417254400612,0.5313823995102351,0.71875,0.71875,0.71875,0.28125,45.0,0.28125,exact,135.0,26.200000000000003,neural,495.0,1980.0,19800.0,nan,0.0,0.0,nan,,,,,,,,,,,,,,,
reviewer1_observation_shift_smoke,reviewer1_observation_shift_smoke,configs/reviewer1_remaining/smoke/observation_shift.yaml,Reviewer1-observation-shift-smoke,Reviewer1ObservationShift-v0,Reviewer1ObservationShift-v0,native_gymnasium_observation,relative_reliability_fuzzy,11011,train,2928,,,2928,24,-2.020000000000001,160,0.0,2928,152,0.0012590361227706268,0.01762315444648266,0,0,3,5.72492840000632,5.72492840000632,0.0,5.72492840000632,0.0,d1991e82fa1ea0337d3d6296e2c904f22359ea22,1.8.0,7cc5bc598cfd6850415c80c2a5f22423f37a7ce8561077a69366f06d0ab14b1d,True,3.14.3,2.11.0+cpu,2.4.3,1.3.0,3.1.0,not-installed,not-installed,0.17989341760636485,0.0,8.78416e-05,0.000530646091738951,528.0,1.0,0.0,0.0,0.0,0.0,0.2625,0.166122501400191,0.833877498599809,0.0,0.166122501400191,0.2967020521932109,0.18883559467967131,0.6733376562013433,0.7375,0.7375,0.7375,0.2625,42.0,0.2625,exact,126.581875,27.25,neural,528.0,2112.0,21120.0,nan,0.0,0.0,nan,,,,,,,,,,,,,,,
reviewer1_observation_shift_smoke,reviewer1_observation_shift_smoke,configs/reviewer1_remaining/smoke/observation_shift.yaml,Reviewer1-observation-shift-smoke,Reviewer1ObservationShift-v0,Reviewer1ObservationShift-v0,native_gymnasium_observation,relative_reliability_fuzzy,11011,train,3088,,,3088,25,-1.8200000000000014,160,0.0,3088,162,0.001185324421856893,0.01762315444648266,0,0,3,6.042317400002503,6.042317400002503,0.0,6.042317400002503,0.0,d1991e82fa1ea0337d3d6296e2c904f22359ea22,1.8.0,7cc5bc598cfd6850415c80c2a5f22423f37a7ce8561077a69366f06d0ab14b1d,True,3.14.3,2.11.0+cpu,2.4.3,1.3.0,3.1.0,not-installed,not-installed,0.1793577014393036,0.0,0.00012349208,0.0008732331082639759,545.0,1.0,0.0,0.0,0.0,0.0,0.325,0.13955417556554292,0.860445824434457,0.0,0.13955417556554292,0.29671140847239086,0.15404335688947546,0.8097741917121286,0.675,0.675,0.675,0.325,52.0,0.325,exact,116.37,26.05,neural,545.0,2180.0,21800.0,nan,0.0,0.0,nan,,,,,,,,,,,,,,,
reviewer1_observation_shift_smoke,reviewer1_observation_shift_smoke,configs/reviewer1_remaining/smoke/observation_shift.yaml,Reviewer1-observation-shift-smoke,Reviewer1ObservationShift-v0,Reviewer1ObservationShift-v0,native_gymnasium_observation,relative_reliability_fuzzy,11011,train,3099,,,3099,26,0.88,11,1.0,3099,162,0.001185324421856893,0.01762315444648266,0,0,3,6.053301500003727,6.053301500003727,0.0,6.053301500003727,0.0,d1991e82fa1ea0337d3d6296e2c904f22359ea22,1.8.0,7cc5bc598cfd6850415c80c2a5f22423f37a7ce8561077a69366f06d0ab14b1d,True,3.14.3,2.11.0+cpu,2.4.3,1.3.0,3.1.0,not-installed,not-installed,0.17851564650296883,0.0,0.050127797,0.043412308989422964,552.0,0.0,0.0,0.0,0.0,1.0,0.6363636363636364,0.05932422888993328,0.9406757711100667,0.0,0.05932422888993328,0.16314162944731653,0.06591608978982479,0.6478102766954369,0.36363636363636365,0.36363636363636365,0.36363636363636365,0.6363636363636364,7.0,0.6363636363636364,support-boundary collapse,92.45454545454545,19.3,neural,552.0,2208.0,22080.0,nan,0.0,0.0,nan,,,,,,,,,,,,,,,
reviewer1_observation_shift_smoke,reviewer1_observation_shift_smoke,configs/reviewer1_remaining/smoke/observation_shift.yaml,Reviewer1-observation-shift-smoke,Reviewer1ObservationShift-v0,Reviewer1ObservationShift-v0,native_gymnasium_observation,relative_reliability_fuzzy,11011,train,3259,,,3259,27,-1.9300000000000015,160,0.0,3259,172,0.0011181244314346175,0.01762315444648266,0,0,3,6.421138100005919,6.421138100005919,0.0,6.421138100005919,0.0,d1991e82fa1ea0337d3d6296e2c904f22359ea22,1.8.0,7cc5bc598cfd6850415c80c2a5f22423f37a7ce8561077a69366f06d0ab14b1d,True,3.14.3,2.11.0+cpu,2.4.3,1.3.0,3.1.0,not-installed,not-installed,0.18341143314304345,0.0,0.00015489811,0.0005364079454883296,567.0,1.0,0.0,0.0,0.0,0.0,0.0125,0.23202083174763527,0.7679791682523647,0.0,0.23202083174763527,0.2553755047363813,0.2595301445879087,0.6592216063053712,0.9875,0.9875,0.9875,0.0125,2.0,0.0125,exact,133.16125000000002,25.85,neural,567.0,2268.0,22680.0,nan,0.0,0.0,nan,,,,,,,,,,,,,,,
reviewer1_observation_shift_smoke,reviewer1_observation_shift_smoke,configs/reviewer1_remaining/smoke/observation_shift.yaml,Reviewer1-observation-shift-smoke,Reviewer1ObservationShift-v0,Reviewer1ObservationShift-v0,native_gymnasium_observation,relative_reliability_fuzzy,11011,train,3419,,,3419,28,-1.9900000000000015,160,0.0,3419,182,0.0011297185396020662,0.01762315444648266,0,0,3,6.700927000005322,6.700927000005322,0.0,6.700927000005322,0.0,d1991e82fa1ea0337d3d6296e2c904f22359ea22,1.8.0,7cc5bc598cfd6850415c80c2a5f22423f37a7ce8561077a69366f06d0ab14b1d,True,3.14.3,2.11.0+cpu,2.4.3,1.3.0,3.1.0,not-installed,not-installed,0.1866780948525294,0.0,0.00011122926,0.0007264771590208951,584.0,1.0,0.0,0.0,0.0,0.0,0.025,0.24405581800605886,0.755944181993941,0.0,0.24405581800605886,0.20043830625397668,0.2707767809500311,0.475785417555857,0.975,0.975,0.975,0.025,4.0,0.025,exact,157.58687500000002,26.75,neural,584.0,2336.0,23360.0,nan,0.0,0.0,nan,,,,,,,,,,,,,,,
reviewer1_observation_shift_smoke,reviewer1_observation_shift_smoke,configs/reviewer1_remaining/smoke/observation_shift.yaml,Reviewer1-observation-shift-smoke,Reviewer1ObservationShift-v0,Reviewer1ObservationShift-v0,native_gymnasium_observation,relative_reliability_fuzzy,11011,train,3579,,,3579,29,-1.9400000000000015,160,0.0,3579,192,0.0011380448877294687,0.01762315444648266,0,0,3,7.020417100000486,7.020417100000486,0.0,7.020417100000486,0.0,d1991e82fa1ea0337d3d6296e2c904f22359ea22,1.8.0,7cc5bc598cfd6850415c80c2a5f22423f37a7ce8561077a69366f06d0ab14b1d,True,3.14.3,2.11.0+cpu,2.4.3,1.3.0,3.1.0,not-installed,not-installed,0.18767269113628202,0.0,0.0001073422,0.0008297968264668138,608.0,1.0,0.0,0.0,0.0,0.0,0.08125,0.21181024504678608,0.788189754953214,0.0,0.21181024504678608,0.24047204148487566,0.2361642181921341,0.681925380502775,0.91875,0.91875,0.91875,0.08125,13.0,0.08125,exact,255.99375,30.15,neural,608.0,2432.0,24320.0,nan,0.0,0.0,nan,,,,,,,,,,,,,,,
reviewer1_observation_shift_smoke,reviewer1_observation_shift_smoke,configs/reviewer1_remaining/smoke/observation_shift.yaml,Reviewer1-observation-shift-smoke,Reviewer1ObservationShift-v0,Reviewer1ObservationShift-v0,native_gymnasium_observation,relative_reliability_fuzzy,11011,train,3591,,,3591,30,0.87,12,1.0,3591,193,0.0011333905362702484,0.01762315444648266,0,0,3,7.040750600004685,7.040750600004685,0.0,7.040750600004685,0.0,d1991e82fa1ea0337d3d6296e2c904f22359ea22,1.8.0,7cc5bc598cfd6850415c80c2a5f22423f37a7ce8561077a69366f06d0ab14b1d,True,3.14.3,2.11.0+cpu,2.4.3,1.3.0,3.1.0,not-installed,not-installed,0.187326954619217,0.0,0.033827536,0.04239507199951578,612.0,0.0,0.0,0.0,0.0,1.0,0.0,0.13732861872749047,0.8626713812725096,0.0,0.13732861872749047,0.07747230018807888,0.15256702526935895,0.6046698120626727,1.0,1.0,1.0,0.0,0.0,0.0,exact,83.72500000000001,22.55,neural,612.0,2448.0,24480.0,nan,0.0,0.0,nan,,,,,,,,,,,,,,,
reviewer1_observation_shift_smoke,reviewer1_observation_shift_smoke,configs/reviewer1_remaining/smoke/observation_shift.yaml,Reviewer1-observation-shift-smoke,Reviewer1ObservationShift-v0,Reviewer1ObservationShift-v0,native_gymnasium_observation,relative_reliability_fuzzy,11011,train,3751,,,3751,31,-2.0600000000000005,160,0.0,3751,203,0.0011444434762846768,0.01762315444648266,0,0,3,7.374838900002942,7.374838900002942,0.0,7.374838900002942,0.0,d1991e82fa1ea0337d3d6296e2c904f22359ea22,1.8.0,7cc5bc598cfd6850415c80c2a5f22423f37a7ce8561077a69366f06d0ab14b1d,True,3.14.3,2.11.0+cpu,2.4.3,1.3.0,3.1.0,not-installed,not-installed,0.19385321521174845,0.0,0.00012463737,0.0005213063874991894,630.0,1.0,0.0,0.0,0.0,0.0,0.05,0.22157490019583242,0.7784250998041676,0.0,0.22157490019583242,0.2404557252134458,0.25110863869201466,0.5346840662103068,0.95,0.95,0.95,0.05,8.0,0.05,exact,175.45875,27.7,neural,630.0,2520.0,25200.0,nan,0.0,0.0,nan,,,,,,,,,,,,,,,
reviewer1_observation_shift_smoke,reviewer1_observation_shift_smoke,configs/reviewer1_remaining/smoke/observation_shift.yaml,Reviewer1-observation-shift-smoke,Reviewer1ObservationShift-v0,Reviewer1ObservationShift-v0,native_gymnasium_observation,relative_reliability_fuzzy,11011,train,3911,,,3911,32,-2.08,160,0.0,3911,213,0.0011489065300722846,0.01762315444648266,0,0,3,7.712585400004173,7.712585400004173,0.0,7.712585400004173,0.0,d1991e82fa1ea0337d3d6296e2c904f22359ea22,1.8.0,7cc5bc598cfd6850415c80c2a5f22423f37a7ce8561077a69366f06d0ab14b1d,True,3.14.3,2.11.0+cpu,2.4.3,1.3.0,3.1.0,not-installed,not-installed,0.1994497128874748,0.0,9.02844e-05,0.0009357050768040646,635.0,1.0,0.0,0.0,0.0,0.0,0.08125,0.24428330798593373,0.7557166920140663,0.0,0.24428330798593373,0.12717223061234928,0.27766447621207613,0.6688672853258814,0.91875,0.91875,0.91875,0.08125,13.0,0.08125,exact,173.521875,28.299999999999997,neural,635.0,2540.0,25400.0,nan,0.0,0.0,nan,,,,,,,,,,,,,,,
reviewer1_observation_shift_smoke,reviewer1_observation_shift_smoke,configs/reviewer1_remaining/smoke/observation_shift.yaml,Reviewer1-observation-shift-smoke,Reviewer1ObservationShift-v0,Reviewer1ObservationShift-v0,native_gymnasium_observation,relative_reliability_fuzzy,11011,train,4071,,,4071,33,-1.9500000000000015,160,0.0,4071,223,0.0011019355904439755,0.01762315444648266,0,0,3,8.135687400004826,8.135687400004826,0.0,8.135687400004826,0.0,d1991e82fa1ea0337d3d6296e2c904f22359ea22,1.8.0,7cc5bc598cfd6850415c80c2a5f22423f37a7ce8561077a69366f06d0ab14b1d,True,3.14.3,2.11.0+cpu,2.4.3,1.3.0,3.1.0,not-installed,not-installed,0.192285242428745,0.0,0.00010666384,0.0006728687285991971,666.0,1.0,0.0,0.0,0.0,0.0,0.33125,0.09690151258329227,0.9030984874167076,0.0,0.09690151258329227,0.16313658409869292,0.107541583944929,0.8066915555241166,0.66875,0.66875,0.66875,0.33125,53.0,0.33125,exact,234.33687500000002,32.2,neural,666.0,2664.0,26640.0,nan,0.0,0.0,nan,,,,,,,,,,,,,,,
reviewer1_observation_shift_smoke,reviewer1_observation_shift_smoke,configs/reviewer1_remaining/smoke/observation_shift.yaml,Reviewer1-observation-shift-smoke,Reviewer1ObservationShift-v0,Reviewer1ObservationShift-v0,native_gymnasium_observation,relative_reliability_fuzzy,11011,train,4231,,,4231,34,-2.0500000000000003,160,0.0,4231,233,0.0011170109264327633,0.01762315444648266,0,0,3,8.414491100003943,8.414491100003943,0.0,8.414491100003943,0.0,d1991e82fa1ea0337d3d6296e2c904f22359ea22,1.8.0,7cc5bc598cfd6850415c80c2a5f22423f37a7ce8561077a69366f06d0ab14b1d,True,3.14.3,2.11.0+cpu,2.4.3,1.3.0,3.1.0,not-installed,not-installed,0.1930925302682026,0.0,9.714003e-05,0.0006078493001500513,690.0,1.0,0.0,0.0,0.0,0.0,0.11875,0.2078286820501009,0.7921713179498991,0.0,0.2078286820501009,0.24675445560722847,0.23400934683124325,0.5451658731269486,0.88125,0.88125,0.88125,0.11875,19.0,0.11875,exact,212.72437499999995,29.9,neural,690.0,2760.0,27600.0,nan,0.0,0.0,nan,,,,,,,,,,,,,,,
reviewer1_observation_shift_smoke,reviewer1_observation_shift_smoke,configs/reviewer1_remaining/smoke/observation_shift.yaml,Reviewer1-observation-shift-smoke,Reviewer1ObservationShift-v0,Reviewer1ObservationShift-v0,native_gymnasium_observation,relative_reliability_fuzzy,11011,train,4391,,,4391,35,-1.9300000000000015,160,0.0,4391,243,0.0011850660029877674,0.02705274149775505,0,0,3,8.789280200006033,8.789280200006033,0.0,8.789280200006033,0.0,d1991e82fa1ea0337d3d6296e2c904f22359ea22,1.8.0,7cc5bc598cfd6850415c80c2a5f22423f37a7ce8561077a69366f06d0ab14b1d,True,3.14.3,2.11.0+cpu,2.4.3,1.3.0,3.1.0,not-installed,not-installed,0.1870423000685652,0.0,0.00010073806,0.0008926874384505233,725.0,1.0,0.0,0.0,0.0,0.0,0.3375,0.11328724394635388,0.8867127560536462,0.0,0.11328724394635388,0.19907966197372928,0.12472296831588396,0.6765642307201026,0.6625,0.6625,0.6625,0.3375,54.0,0.3375,exact,230.53187500000004,31.299999999999997,neural,725.0,2900.0,29000.0,nan,0.0,0.0,nan,,,,,,,,,,,,,,,
reviewer1_observation_shift_smoke,reviewer1_observation_shift_smoke,configs/reviewer1_remaining/smoke/observation_shift.yaml,Reviewer1-observation-shift-smoke,Reviewer1ObservationShift-v0,Reviewer1ObservationShift-v0,native_gymnasium_observation,relative_reliability_fuzzy,11011,train,4551,,,4551,36,-1.9000000000000015,160,0.0,4551,253,0.0011423916233110028,0.02705274149775505,0,0,3,9.14799750000384,9.14799750000384,0.0,9.14799750000384,0.0,d1991e82fa1ea0337d3d6296e2c904f22359ea22,1.8.0,7cc5bc598cfd6850415c80c2a5f22423f37a7ce8561077a69366f06d0ab14b1d,True,3.14.3,2.11.0+cpu,2.4.3,1.3.0,3.1.0,not-installed,not-installed,0.18821504296946834,0.0,9.826192e-05,0.0003334415909573432,733.0,1.0,0.0,0.0,0.0,0.0,0.01875,0.22735804863054404,0.772641951369456,0.0,0.22735804863054404,0.20074415614017418,0.2591532264536246,0.7504372770854707,0.98125,0.98125,0.98125,0.01875,3.0,0.01875,exact,217.25124999999997,31.75,neural,733.0,2932.0,29320.0,nan,0.0,0.0,nan,,,,,,,,,,,,,,,
reviewer1_observation_shift_smoke,reviewer1_observation_shift_smoke,configs/reviewer1_remaining/smoke/observation_shift.yaml,Reviewer1-observation-shift-smoke,Reviewer1ObservationShift-v0,Reviewer1ObservationShift-v0,native_gymnasium_observation,relative_reliability_fuzzy,11011,train,4705,,,4705,37,-0.9800000000000013,154,1.0,4705,263,0.0011495026051393377,0.02705274149775505,0,0,3,9.43023300000641,9.43023300000641,0.0,9.43023300000641,0.0,d1991e82fa1ea0337d3d6296e2c904f22359ea22,1.8.0,7cc5bc598cfd6850415c80c2a5f22423f37a7ce8561077a69366f06d0ab14b1d,True,3.14.3,2.11.0+cpu,2.4.3,1.3.0,3.1.0,not-installed,not-installed,0.18581590606694168,0.0,0.050116085,0.03951494401070022,754.0,0.0,0.0,0.0,0.0,1.0,0.24675324675324675,0.14032213590406664,0.8596778640959333,0.0,0.14032213590406664,0.14907590983898494,0.1584185507539182,0.6677415282031999,0.7532467532467533,0.7532467532467533,0.7532467532467533,0.24675324675324675,38.0,0.24675324675324675,exact,189.9077922077922,26.75,neural,754.0,3016.0,30160.0,nan,0.0,0.0,nan,,,,,,,,,,,,,,,
reviewer1_observation_shift_smoke,reviewer1_observation_shift_smoke,configs/reviewer1_remaining/smoke/observation_shift.yaml,Reviewer1-observation-shift-smoke,Reviewer1ObservationShift-v0,Reviewer1ObservationShift-v0,native_gymnasium_observation,relative_reliability_fuzzy,11011,train,4772,,,4772,38,0.22999999999999954,67,1.0,4772,267,0.001134326837852862,0.02705274149775505,0,0,3,9.530748400000448,9.530748400000448,0.0,9.530748400000448,0.0,d1991e82fa1ea0337d3d6296e2c904f22359ea22,1.8.0,7cc5bc598cfd6850415c80c2a5f22423f37a7ce8561077a69366f06d0ab14b1d,True,3.14.3,2.11.0+cpu,2.4.3,1.3.0,3.1.0,not-installed,not-installed,0.18385515464949398,0.0,0.051740713,0.04347354179503865,770.0,0.0,0.0,0.0,0.0,1.0,0.16417910447761194,0.12484744674125077,0.8751525532587492,0.0,0.12484744674125077,0.1128439501610174,0.13816498569733007,0.7600994984714007,0.835820895522388,0.835820895522388,0.835820895522388,0.16417910447761194,11.0,0.16417910447761194,exact,145.67014925373135,22.7,neural,770.0,3080.0,30800.0,nan,0.0,0.0,nan,,,,,,,,,,,,,,,
reviewer1_observation_shift_smoke,reviewer1_observation_shift_smoke,configs/reviewer1_remaining/smoke/observation_shift.yaml,Reviewer1-observation-shift-smoke,Reviewer1ObservationShift-v0,Reviewer1ObservationShift-v0,native_gymnasium_observation,relative_reliability_fuzzy,11011,train,4932,,,4932,39,-2.2599999999999985,160,0.0,4932,277,0.0010967232818744799,0.02705274149775505,0,0,3,9.962843700006488,9.962843700006488,0.0,9.962843700006488,0.0,d1991e82fa1ea0337d3d6296e2c904f22359ea22,1.8.0,7cc5bc598cfd6850415c80c2a5f22423f37a7ce8561077a69366f06d0ab14b1d,True,3.14.3,2.11.0+cpu,2.4.3,1.3.0,3.1.0,not-installed,not-installed,0.18437219247494646,0.0,0.00015948381,0.00048095315156435986,793.0,1.0,0.0,0.0,0.0,0.0,0.075,0.18804612324513487,0.8119538767548651,0.0,0.18804612324513487,0.21108562517977977,0.2096625982118085,0.5485399912677762,0.925,0.925,0.925,0.075,12.0,0.075,exact,324.34,31.8,neural,793.0,3172.0,31720.0,nan,0.0,0.0,nan,,,,,,,,,,,,,,,
reviewer1_observation_shift_smoke,reviewer1_observation_shift_smoke,configs/reviewer1_remaining/smoke/observation_shift.yaml,Reviewer1-observation-shift-smoke,Reviewer1ObservationShift-v0,Reviewer1ObservationShift-v0,native_gymnasium_observation,relative_reliability_fuzzy,11011,train,5092,,,5092,40,-1.8000000000000014,160,0.0,5092,287,0.0010601309519498922,0.02705274149775505,0,0,3,10.256321300003037,10.256321300003037,0.0,10.256321300003037,0.0,d1991e82fa1ea0337d3d6296e2c904f22359ea22,1.8.0,7cc5bc598cfd6850415c80c2a5f22423f37a7ce8561077a69366f06d0ab14b1d,True,3.14.3,2.11.0+cpu,2.4.3,1.3.0,3.1.0,not-installed,not-installed,0.18544869241591666,0.0,0.00011677829,0.0003463667073594721,812.0,1.0,0.0,0.0,0.0,0.0,0.025,0.22163442213599333,0.7783655778640066,0.0,0.22163442213599333,0.20076470469045735,0.24609464946655057,0.7948791906847216,0.975,0.975,0.975,0.025,4.0,0.025,exact,187.83875,26.35,neural,812.0,3248.0,32480.0,nan,0.0,0.0,nan,,,,,,,,,,,,,,,
reviewer1_observation_shift_smoke,reviewer1_observation_shift_smoke,configs/reviewer1_remaining/smoke/observation_shift.yaml,Reviewer1-observation-shift-smoke,Reviewer1ObservationShift-v0,Reviewer1ObservationShift-v0,native_gymnasium_observation,relative_reliability_fuzzy,11011,train,5252,,,5252,41,-1.9400000000000015,160,0.0,5252,297,0.0010270483040334425,0.02705274149775505,0,0,3,10.541315599999507,10.541315599999507,0.0,10.541315599999507,0.0,d1991e82fa1ea0337d3d6296e2c904f22359ea22,1.8.0,7cc5bc598cfd6850415c80c2a5f22423f37a7ce8561077a69366f06d0ab14b1d,True,3.14.3,2.11.0+cpu,2.4.3,1.3.0,3.1.0,not-installed,not-installed,0.19202136349365953,0.0,0.0001136345,0.0006442137539799478,815.0,1.0,0.0,0.0,0.0,0.0,0.0125,0.2919166895600018,0.7080833104399982,0.0,0.2919166895600018,0.15507343204985266,0.3256264694672836,0.6921749625099018,0.9875,0.9875,0.9875,0.0125,2.0,0.0125,exact,261.60062500000004,26.75,neural,815.0,3260.0,32600.0,nan,0.0,0.0,nan,,,,,,,,,,,,,,,
reviewer1_observation_shift_smoke,reviewer1_observation_shift_smoke,configs/reviewer1_remaining/smoke/observation_shift.yaml,Reviewer1-observation-shift-smoke,Reviewer1ObservationShift-v0,Reviewer1ObservationShift-v0,native_gymnasium_observation,relative_reliability_fuzzy,11011,train,5412,,,5412,42,-1.9700000000000015,160,0.0,5412,307,0.0011244681285022958,0.02705274149775505,0,0,3,10.944045000003825,10.944045000003825,0.0,10.944045000003825,0.0,d1991e82fa1ea0337d3d6296e2c904f22359ea22,1.8.0,7cc5bc598cfd6850415c80c2a5f22423f37a7ce8561077a69366f06d0ab14b1d,True,3.14.3,2.11.0+cpu,2.4.3,1.3.0,3.1.0,not-installed,not-installed,0.1869266922820128,0.0,0.00012245156,0.0007935665010229116,857.0,1.0,0.0,0.0,0.0,0.0,0.1875,0.11436205773062265,0.8856379422693774,0.0,0.11436205773062265,0.11316008453550606,0.12544745861612386,0.7234817946881597,0.8125,0.8125,0.8125,0.1875,30.0,0.1875,exact,310.006875,35.1,neural,857.0,3428.0,34280.0,nan,0.0,0.0,nan,,,,,,,,,,,,,,,
reviewer1_observation_shift_smoke,reviewer1_observation_shift_smoke,configs/reviewer1_remaining/smoke/observation_shift.yaml,Reviewer1-observation-shift-smoke,Reviewer1ObservationShift-v0,Reviewer1ObservationShift-v0,native_gymnasium_observation,relative_reliability_fuzzy,11011,train,5501,,,5501,43,-0.11000000000000076,89,1.0,5501,312,0.0011091173301757897,0.02705274149775505,0,0,3,11.112327599999844,11.112327599999844,0.0,11.112327599999844,0.0,d1991e82fa1ea0337d3d6296e2c904f22359ea22,1.8.0,7cc5bc598cfd6850415c80c2a5f22423f37a7ce8561077a69366f06d0ab14b1d,True,3.14.3,2.11.0+cpu,2.4.3,1.3.0,3.1.0,not-installed,not-installed,0.18458635611770097,0.0,0.050103538,0.04193723489846471,877.0,0.0,0.0,0.0,0.0,1.0,0.12359550561797752,0.12174142821922657,0.8782585717807734,0.0,0.12174142821922657,0.1131849608477583,0.13425092965778265,0.706356230696477,0.8764044943820225,0.8764044943820225,0.8764044943820225,0.12359550561797752,11.0,0.12359550561797752,exact,271.3876404494382,30.2,neural,877.0,3508.0,35080.0,nan,0.0,0.0,nan,,,,,,,,,,,,,,,
reviewer1_observation_shift_smoke,reviewer1_observation_shift_smoke,configs/reviewer1_remaining/smoke/observation_shift.yaml,Reviewer1-observation-shift-smoke,Reviewer1ObservationShift-v0,Reviewer1ObservationShift-v0,native_gymnasium_observation,relative_reliability_fuzzy,11011,train,5661,,,5661,44,-1.9700000000000015,160,0.0,5661,322,0.0010789677203687212,0.02705274149775505,0,0,3,11.460265400004573,11.460265400004573,0.0,11.460265400004573,0.0,d1991e82fa1ea0337d3d6296e2c904f22359ea22,1.8.0,7cc5bc598cfd6850415c80c2a5f22423f37a7ce8561077a69366f06d0ab14b1d,True,3.14.3,2.11.0+cpu,2.4.3,1.3.0,3.1.0,not-installed,not-installed,0.18625950900449972,0.0,8.70442e-05,0.0005489066302464263,897.0,1.0,0.0,0.0,0.0,0.0,0.15625,0.225313510340004,0.7746864896599961,0.0,0.225313510340004,0.29519247912997915,0.262636301833423,0.7044984500145498,0.84375,0.84375,0.84375,0.15625,25.0,0.15625,exact,244.10437499999998,30.75,neural,897.0,3588.0,35880.0,nan,0.0,0.0,nan,,,,,,,,,,,,,,,
reviewer1_observation_shift_smoke,reviewer1_observation_shift_smoke,configs/reviewer1_remaining/smoke/observation_shift.yaml,Reviewer1-observation-shift-smoke,Reviewer1ObservationShift-v0,Reviewer1ObservationShift-v0,native_gymnasium_observation,relative_reliability_fuzzy,11011,train,5821,,,5821,45,-1.9100000000000015,160,0.0,5821,332,0.0010873682486181864,0.02705274149775505,0,0,3,11.77420720000373,11.77420720000373,0.0,11.77420720000373,0.0,d1991e82fa1ea0337d3d6296e2c904f22359ea22,1.8.0,7cc5bc598cfd6850415c80c2a5f22423f37a7ce8561077a69366f06d0ab14b1d,True,3.14.3,2.11.0+cpu,2.4.3,1.3.0,3.1.0,not-installed,not-installed,0.1869552092855672,0.0,0.000108036016,0.0008547437618961832,913.0,1.0,0.0,0.0,0.0,0.0,0.125,0.2094093969728817,0.7905906030271183,0.0,0.2094093969728817,0.24048781060344723,0.23489293801611177,0.6993075736671145,0.875,0.875,0.875,0.125,20.0,0.125,exact,302.7075,32.900000000000006,neural,913.0,3652.0,36520.0,nan,0.0,0.0,nan,,,,,,,,,,,,,,,
reviewer1_observation_shift_smoke,reviewer1_observation_shift_smoke,configs/reviewer1_remaining/smoke/observation_shift.yaml,Reviewer1-observation-shift-smoke,Reviewer1ObservationShift-v0,Reviewer1ObservationShift-v0,native_gymnasium_observation,relative_reliability_fuzzy,11011,train,5981,,,5981,46,-2.0900000000000003,160,0.0,5981,342,0.0011346342158365544,0.02705274149775505,0,0,3,12.17088870000589,12.17088870000589,0.0,12.17088870000589,0.0,d1991e82fa1ea0337d3d6296e2c904f22359ea22,1.8.0,7cc5bc598cfd6850415c80c2a5f22423f37a7ce8561077a69366f06d0ab14b1d,True,3.14.3,2.11.0+cpu,2.4.3,1.3.0,3.1.0,not-installed,not-installed,0.1840755497875315,0.0,0.00011905409,0.00038652470603953864,939.0,1.0,0.0,0.0,0.0,0.0,0.2125,0.1391717410066187,0.8608282589933811,0.0,0.1391717410066187,0.1490914856066421,0.15755452084980756,0.6286450500215987,0.7875,0.7875,0.7875,0.2125,34.0,0.2125,exact,257.49875000000003,33.0,neural,939.0,3756.0,37560.0,nan,0.0,0.0,nan,,,,,,,,,,,,,,,
reviewer1_observation_shift_smoke,reviewer1_observation_shift_smoke,configs/reviewer1_remaining/smoke/observation_shift.yaml,Reviewer1-observation-shift-smoke,Reviewer1ObservationShift-v0,Reviewer1ObservationShift-v0,native_gymnasium_observation,relative_reliability_fuzzy,11011,eval,6000,6000,-2.94,6000,1,-2.94,160,0.0,6000,344,0.0011302223673959986,0.02705274149775505,0,1,3,13.318406900005357,12.217559100005019,1.1008478000003379,12.217559100005019,1.1008478000003379,d1991e82fa1ea0337d3d6296e2c904f22359ea22,1.8.0,7cc5bc598cfd6850415c80c2a5f22423f37a7ce8561077a69366f06d0ab14b1d,True,3.14.3,2.11.0+cpu,2.4.3,1.3.0,3.1.0,not-installed,not-installed,0.18344515406908105,0.0,0.00015021066,0.0006414895896144301,949.0,1.0,0.0,0.0,0.0,0.0,1.0,0.0,1.0,0.0,0.0,0.0,0.0,0.42205220907352137,0.0,0.0,0.0,1.0,160.0,1.0,support-boundary collapse,822.9106250000001,770.0999999999999,neural,949.0,3796.0,37960.0,nan,0.0,0.0,nan,nan,nan,1,0,nan,nan,nan,unavailable,unavailable,unavailable,nan,nan,0.0,none,nan
reviewer1_observation_shift_smoke,reviewer1_observation_shift_smoke,configs/reviewer1_remaining/smoke/observation_shift.yaml,Reviewer1-observation-shift-smoke,Reviewer1ObservationShift-v0,Reviewer1ObservationShift-v0,native_gymnasium_observation,relative_reliability_fuzzy,11011,eval,6000,6000,-3.1000000000000014,6000,2,-3.1000000000000014,160,0.0,6000,344,0.0011302223673959986,0.02705274149775505,0,1,3,13.319020800001454,12.218173000001116,1.1008478000003379,12.218173000001116,1.1008478000003379,d1991e82fa1ea0337d3d6296e2c904f22359ea22,1.8.0,7cc5bc598cfd6850415c80c2a5f22423f37a7ce8561077a69366f06d0ab14b1d,True,3.14.3,2.11.0+cpu,2.4.3,1.3.0,3.1.0,not-installed,not-installed,0.18344515406908105,0.0,0.00015021066,0.0006414895896144301,949.0,1.0,0.0,0.0,0.0,0.0,0.0,0.07120912237558506,0.9287908776244149,0.0,0.07120912237558506,0.035678076855480745,0.07630168830739739,0.5763928714368627,1.0,1.0,1.0,0.0,0.0,0.0,exact,835.20625,806.9,neural,949.0,3796.0,37960.0,nan,0.0,0.0,nan,nan,nan,1,3,nan,nan,nan,unavailable,unavailable,unavailable,nan,nan,0.0,none,nan
reviewer1_observation_shift_smoke,reviewer1_observation_shift_smoke,configs/reviewer1_remaining/smoke/observation_shift.yaml,Reviewer1-observation-shift-smoke,Reviewer1ObservationShift-v0,Reviewer1ObservationShift-v0,native_gymnasium_observation,relative_reliability_fuzzy,11011,eval,6000,6000,-2.990000000000001,6000,3,-2.990000000000001,160,0.0,6000,344,0.0011302223673959986,0.02705274149775505,0,1,3,13.319438500002434,12.218590700002096,1.1008478000003379,12.218590700002096,1.1008478000003379,d1991e82fa1ea0337d3d6296e2c904f22359ea22,1.8.0,7cc5bc598cfd6850415c80c2a5f22423f37a7ce8561077a69366f06d0ab14b1d,True,3.14.3,2.11.0+cpu,2.4.3,1.3.0,3.1.0,not-installed,not-installed,0.18344515406908105,0.0,0.00015021066,0.0006414895896144301,949.0,1.0,0.0,0.0,0.0,0.0,0.025,0.40626361939841366,0.5937363806015863,0.0,0.40626361939841366,0.05535064189574784,0.4776170121494877,0.39248357598744954,0.975,0.975,0.975,0.025,4.0,0.025,exact,775.9100000000001,764.55,neural,949.0,3796.0,37960.0,nan,0.0,0.0,nan,nan,nan,1,0,nan,nan,nan,unavailable,unavailable,unavailable,nan,nan,0.0,none,nan
reviewer1_observation_shift_smoke,reviewer1_observation_shift_smoke,configs/reviewer1_remaining/smoke/observation_shift.yaml,Reviewer1-observation-shift-smoke,Reviewer1ObservationShift-v0,Reviewer1ObservationShift-v0,native_gymnasium_observation,relative_reliability_fuzzy,11011,eval,6000,6000,-3.000000000000001,6000,4,-3.000000000000001,160,0.0,6000,344,0.0011302223673959986,0.02705274149775505,0,1,3,13.319764600004419,12.21891680000408,1.1008478000003379,12.21891680000408,1.1008478000003379,d1991e82fa1ea0337d3d6296e2c904f22359ea22,1.8.0,7cc5bc598cfd6850415c80c2a5f22423f37a7ce8561077a69366f06d0ab14b1d,True,3.14.3,2.11.0+cpu,2.4.3,1.3.0,3.1.0,not-installed,not-installed,0.18344515406908105,0.0,0.00015021066,0.0006414895896144301,949.0,1.0,0.0,0.0,0.0,0.0,1.0,0.0,1.0,0.0,0.0,0.0,0.0,0.4714152047210276,0.0,0.0,0.0,1.0,160.0,1.0,support-boundary collapse,815.29375,806.0999999999999,neural,949.0,3796.0,37960.0,nan,0.0,0.0,nan,nan,nan,1,3,nan,nan,nan,unavailable,unavailable,unavailable,nan,nan,0.0,none,nan
reviewer1_observation_shift_smoke,reviewer1_observation_shift_smoke,configs/reviewer1_remaining/smoke/observation_shift.yaml,Reviewer1-observation-shift-smoke,Reviewer1ObservationShift-v0,Reviewer1ObservationShift-v0,native_gymnasium_observation,relative_reliability_fuzzy,11011,train,6125,,,6125,47,-0.8200000000000014,144,1.0,6125,351,0.001111521998464428,0.02705274149775505,0,1,3,13.574294500001997,12.47344670000166,1.1008478000003379,12.47344670000166,1.1008478000003379,d1991e82fa1ea0337d3d6296e2c904f22359ea22,1.8.0,7cc5bc598cfd6850415c80c2a5f22423f37a7ce8561077a69366f06d0ab14b1d,True,3.14.3,2.11.0+cpu,2.4.3,1.3.0,3.1.0,not-installed,not-installed,0.18425687602359475,0.0,0.05012651,0.03531668859390081,965.0,0.0,0.0,0.0,0.0,1.0,0.16666666666666666,0.18513731725160515,0.8148626827483949,0.0,0.18513731725160515,0.24061529288380737,0.21041619170159798,0.4885035403442155,0.8333333333333334,0.8333333333333334,0.8333333333333334,0.16666666666666666,24.0,0.16666666666666666,exact,253.8173611111111,30.15,neural,965.0,3860.0,38600.0,nan,0.0,0.0,nan,,,,,,,,,,,,,,,
reviewer1_observation_shift_smoke,reviewer1_observation_shift_smoke,configs/reviewer1_remaining/smoke/observation_shift.yaml,Reviewer1-observation-shift-smoke,Reviewer1ObservationShift-v0,Reviewer1ObservationShift-v0,native_gymnasium_observation,relative_reliability_fuzzy,11011,train,6285,,,6285,48,-2.060000000000001,160,0.0,6285,361,0.0010842270814837296,0.02705274149775505,0,1,3,13.983195400003751,12.882347600003413,1.1008478000003379,12.882347600003413,1.1008478000003379,d1991e82fa1ea0337d3d6296e2c904f22359ea22,1.8.0,7cc5bc598cfd6850415c80c2a5f22423f37a7ce8561077a69366f06d0ab14b1d,True,3.14.3,2.11.0+cpu,2.4.3,1.3.0,3.1.0,not-installed,not-installed,0.19044670071382458,0.0,0.000104451574,0.0009148827747447472,968.0,1.0,0.0,0.0,0.0,0.0,0.00625,0.29508993428254204,0.7049100657174581,0.0,0.29508993428254204,0.2909670151947537,0.3561600847519414,0.6117747450095176,0.99375,0.99375,0.99375,0.00625,1.0,0.00625,exact,265.475,31.25,neural,968.0,3872.0,38720.0,nan,0.0,0.0,nan,,,,,,,,,,,,,,,
reviewer1_observation_shift_smoke,reviewer1_observation_shift_smoke,configs/reviewer1_remaining/smoke/observation_shift.yaml,Reviewer1-observation-shift-smoke,Reviewer1ObservationShift-v0,Reviewer1ObservationShift-v0,native_gymnasium_observation,relative_reliability_fuzzy,11011,train,6349,,,6349,49,0.20999999999999952,64,1.0,6349,365,0.0010729239994673177,0.02705274149775505,0,1,3,14.072018500002741,12.971170700002403,1.1008478000003379,12.971170700002403,1.1008478000003379,d1991e82fa1ea0337d3d6296e2c904f22359ea22,1.8.0,7cc5bc598cfd6850415c80c2a5f22423f37a7ce8561077a69366f06d0ab14b1d,True,3.14.3,2.11.0+cpu,2.4.3,1.3.0,3.1.0,not-installed,not-installed,0.18962981009353802,0.0,0.05011869,0.04039328506139899,982.0,0.0,0.0,0.0,0.0,1.0,0.296875,0.12616828501161176,0.8738317149883884,0.0,0.12616828501161176,0.2414189309400547,0.1393289592740137,0.7472430133332675,0.703125,0.703125,0.703125,0.296875,19.0,0.296875,exact,243.296875,25.15,neural,982.0,3928.0,39280.0,nan,0.0,0.0,nan,,,,,,,,,,,,,,,
reviewer1_observation_shift_smoke,reviewer1_observation_shift_smoke,configs/reviewer1_remaining/smoke/observation_shift.yaml,Reviewer1-observation-shift-smoke,Reviewer1ObservationShift-v0,Reviewer1ObservationShift-v0,native_gymnasium_observation,relative_reliability_fuzzy,11011,train,6390,,,6390,50,0.5099999999999998,41,1.0,6390,368,0.001064745764838533,0.02705274149775505,0,1,3,14.151328100000683,13.050480300000345,1.1008478000003379,13.050480300000345,1.1008478000003379,d1991e82fa1ea0337d3d6296e2c904f22359ea22,1.8.0,7cc5bc598cfd6850415c80c2a5f22423f37a7ce8561077a69366f06d0ab14b1d,True,3.14.3,2.11.0+cpu,2.4.3,1.3.0,3.1.0,not-installed,not-installed,0.18802438915103867,0.0,0.056246568,0.04214714213650703,1002.0,0.0,0.0,0.0,0.0,1.0,0.6585365853658537,0.027968604620622065,0.972031395379378,0.0,0.027968604620622065,0.05,0.029270097104339782,0.8416885829720034,0.34146341463414637,0.34146341463414637,0.34146341463414637,0.6585365853658537,27.0,0.6585365853658537,support-boundary collapse,273.1756097560975,26.0,neural,1002.0,4008.0,40080.0,nan,0.0,0.0,nan,,,,,,,,,,,,,,,
reviewer1_observation_shift_smoke,reviewer1_observation_shift_smoke,configs/reviewer1_remaining/smoke/observation_shift.yaml,Reviewer1-observation-shift-smoke,Reviewer1ObservationShift-v0,Reviewer1ObservationShift-v0,native_gymnasium_observation,relative_reliability_fuzzy,11011,train,6423,,,6423,51,0.6099999999999999,33,1.0,6423,370,0.0010590907242510946,0.02705274149775505,0,1,3,14.215743900000234,13.114896099999896,1.1008478000003379,13.114896099999896,1.1008478000003379,d1991e82fa1ea0337d3d6296e2c904f22359ea22,1.8.0,7cc5bc598cfd6850415c80c2a5f22423f37a7ce8561077a69366f06d0ab14b1d,True,3.14.3,2.11.0+cpu,2.4.3,1.3.0,3.1.0,not-installed,not-installed,0.18661957295281875,0.0,0.060443304,0.04732515535916542,1015.0,0.0,0.0,0.0,0.0,1.0,0.36363636363636365,0.059096900884956054,0.940903099115044,0.0,0.059096900884956054,0.08527594874613004,0.06557424858149316,0.46960727121521206,0.6363636363636364,0.6363636363636364,0.6363636363636364,0.36363636363636365,12.0,0.36363636363636365,exact,255.65151515151516,29.9,neural,1015.0,4060.0,40600.0,nan,0.0,0.0,nan,,,,,,,,,,,,,,,
reviewer1_observation_shift_smoke,reviewer1_observation_shift_smoke,configs/reviewer1_remaining/smoke/observation_shift.yaml,Reviewer1-observation-shift-smoke,Reviewer1ObservationShift-v0,Reviewer1ObservationShift-v0,native_gymnasium_observation,relative_reliability_fuzzy,11011,train,6433,,,6433,52,0.91,10,1.0,6433,371,0.0010563359149511104,0.02705274149775505,0,1,3,14.23226070000237,13.131412900002033,1.1008478000003379,13.131412900002033,1.1008478000003379,d1991e82fa1ea0337d3d6296e2c904f22359ea22,1.8.0,7cc5bc598cfd6850415c80c2a5f22423f37a7ce8561077a69366f06d0ab14b1d,True,3.14.3,2.11.0+cpu,2.4.3,1.3.0,3.1.0,not-installed,not-installed,0.185929307054096,0.0,0.08622189,0.06924104852788121,1022.0,0.0,0.0,0.0,0.0,1.0,0.8,0.01,0.99,0.0,0.01,0.0,0.009754115099857196,0.7110764456840857,0.2,0.2,0.2,0.8,8.0,0.8,support-boundary collapse,335.71000000000004,24.950000000000003,neural,1022.0,4088.0,40880.0,nan,0.0,0.0,nan,,,,,,,,,,,,,,,
reviewer1_observation_shift_smoke,reviewer1_observation_shift_smoke,configs/reviewer1_remaining/smoke/observation_shift.yaml,Reviewer1-observation-shift-smoke,Reviewer1ObservationShift-v0,Reviewer1ObservationShift-v0,native_gymnasium_observation,relative_reliability_fuzzy,11011,train,6464,,,6464,53,0.5599999999999998,31,1.0,6464,373,0.0010513158100224705,0.02705274149775505,0,1,3,14.276058300005388,13.17521050000505,1.1008478000003379,13.17521050000505,1.1008478000003379,d1991e82fa1ea0337d3d6296e2c904f22359ea22,1.8.0,7cc5bc598cfd6850415c80c2a5f22423f37a7ce8561077a69366f06d0ab14b1d,True,3.14.3,2.11.0+cpu,2.4.3,1.3.0,3.1.0,not-installed,not-installed,0.18546520608352043,0.0,0.06768927,0.05309796688283007,1029.0,0.0,0.0,0.0,0.0,1.0,0.12903225806451613,0.13069433930557758,0.8693056606944223,0.0,0.13069433930557758,0.14877700129122978,0.14603269582210934,0.6833299018124249,0.8709677419354839,0.8709677419354839,0.8709677419354839,0.12903225806451613,4.0,0.12903225806451613,exact,292.64516129032256,23.6,neural,1029.0,4116.0,41160.0,nan,0.0,0.0,nan,,,,,,,,,,,,,,,
reviewer1_observation_shift_smoke,reviewer1_observation_shift_smoke,configs/reviewer1_remaining/smoke/observation_shift.yaml,Reviewer1-observation-shift-smoke,Reviewer1ObservationShift-v0,Reviewer1ObservationShift-v0,native_gymnasium_observation,relative_reliability_fuzzy,11011,train,6497,,,6497,54,0.6099999999999999,33,1.0,6497,375,0.001110751238426019,0.02705274149775505,0,1,3,14.315853899999638,13.2150060999993,1.1008478000003379,13.2150060999993,1.1008478000003379,d1991e82fa1ea0337d3d6296e2c904f22359ea22,1.8.0,7cc5bc598cfd6850415c80c2a5f22423f37a7ce8561077a69366f06d0ab14b1d,True,3.14.3,2.11.0+cpu,2.4.3,1.3.0,3.1.0,not-installed,not-installed,0.18501953322887024,0.0,0.047511414,0.04618836229810699,1039.0,0.0,0.0,0.0,0.0,1.0,0.0,0.18464088212077825,0.8153591178792218,0.0,0.18464088212077825,0.40377813389637174,0.2090702885081915,0.8826083751463786,1.0,1.0,1.0,0.0,0.0,0.0,exact,143.36363636363637,23.6,neural,1039.0,4156.0,41560.0,nan,0.0,0.0,nan,,,,,,,,,,,,,,,
reviewer1_observation_shift_smoke,reviewer1_observation_shift_smoke,configs/reviewer1_remaining/smoke/observation_shift.yaml,Reviewer1-observation-shift-smoke,Reviewer1ObservationShift-v0,Reviewer1ObservationShift-v0,native_gymnasium_observation,relative_reliability_fuzzy,11011,train,6657,,,6657,55,-2.0900000000000003,160,0.0,6657,385,0.0011481677270346047,0.02705274149775505,0,1,3,14.612054000004719,13.51120620000438,1.1008478000003379,13.51120620000438,1.1008478000003379,d1991e82fa1ea0337d3d6296e2c904f22359ea22,1.8.0,7cc5bc598cfd6850415c80c2a5f22423f37a7ce8561077a69366f06d0ab14b1d,True,3.14.3,2.11.0+cpu,2.4.3,1.3.0,3.1.0,not-installed,not-installed,0.18639487473164046,0.0,9.8256045e-05,0.0014689393798136394,1059.0,1.0,0.0,0.0,0.0,0.0,0.1125,0.20562396971190527,0.7943760302880947,0.0,0.20562396971190527,0.2185375592860791,0.2351802143851307,0.5892346701650081,0.8875,0.8875,0.8875,0.1125,18.0,0.1125,exact,293.94124999999997,28.75,neural,1059.0,4236.0,42360.0,nan,0.0,0.0,nan,,,,,,,,,,,,,,,
reviewer1_observation_shift_smoke,reviewer1_observation_shift_smoke,configs/reviewer1_remaining/smoke/observation_shift.yaml,Reviewer1-observation-shift-smoke,Reviewer1ObservationShift-v0,Reviewer1ObservationShift-v0,native_gymnasium_observation,relative_reliability_fuzzy,11011,train,6732,,,6732,56,0.12999999999999945,75,1.0,6732,389,0.0011674036400962271,0.02705274149775505,0,1,3,14.718348300004436,13.617500500004098,1.1008478000003379,13.617500500004098,1.1008478000003379,d1991e82fa1ea0337d3d6296e2c904f22359ea22,1.8.0,7cc5bc598cfd6850415c80c2a5f22423f37a7ce8561077a69366f06d0ab14b1d,True,3.14.3,2.11.0+cpu,2.4.3,1.3.0,3.1.0,not-installed,not-installed,0.1853471307573022,0.0,0.050350495,0.03892773012171405,1069.0,0.0,0.0,0.0,0.0,1.0,0.18666666666666668,0.15740197266099984,0.842598027339,0.0,0.15740197266099984,0.21581534825583537,0.174227793719693,0.7790609810539615,0.8133333333333334,0.8133333333333334,0.8133333333333334,0.18666666666666668,14.0,0.18666666666666668,exact,272.4666666666667,27.0,neural,1069.0,4276.0,42760.0,nan,0.0,0.0,nan,,,,,,,,,,,,,,,
reviewer1_observation_shift_smoke,reviewer1_observation_shift_smoke,configs/reviewer1_remaining/smoke/observation_shift.yaml,Reviewer1-observation-shift-smoke,Reviewer1ObservationShift-v0,Reviewer1ObservationShift-v0,native_gymnasium_observation,relative_reliability_fuzzy,11011,train,6892,,,6892,57,-2.140000000000001,160,0.0,6892,399,0.0012074940414961368,0.02705274149775505,0,1,3,14.952646700003243,13.851798900002905,1.1008478000003379,13.851798900002905,1.1008478000003379,d1991e82fa1ea0337d3d6296e2c904f22359ea22,1.8.0,7cc5bc598cfd6850415c80c2a5f22423f37a7ce8561077a69366f06d0ab14b1d,True,3.14.3,2.11.0+cpu,2.4.3,1.3.0,3.1.0,not-installed,not-installed,0.19000310173331686,0.0,0.000100853,0.0033333176219930527,1083.0,1.0,0.0,0.0,0.0,0.0,0.05625,0.2463293662271052,0.7536706337728949,0.0,0.2463293662271052,0.2909322024459357,0.28965776379480335,0.7247746662343111,0.94375,0.94375,0.94375,0.05625,9.0,0.05625,exact,247.54187499999998,26.6,neural,1083.0,4332.0,43320.0,nan,0.0,0.0,nan,,,,,,,,,,,,,,,
reviewer1_observation_shift_smoke,reviewer1_observation_shift_smoke,configs/reviewer1_remaining/smoke/observation_shift.yaml,Reviewer1-observation-shift-smoke,Reviewer1ObservationShift-v0,Reviewer1ObservationShift-v0,native_gymnasium_observation,relative_reliability_fuzzy,11011,train,7052,,,7052,58,-2.269999999999999,160,0.0,7052,409,0.0012091974032737555,0.02705274149775505,0,1,3,15.330983600004402,14.230135800004064,1.1008478000003379,14.230135800004064,1.1008478000003379,d1991e82fa1ea0337d3d6296e2c904f22359ea22,1.8.0,7cc5bc598cfd6850415c80c2a5f22423f37a7ce8561077a69366f06d0ab14b1d,True,3.14.3,2.11.0+cpu,2.4.3,1.3.0,3.1.0,not-installed,not-installed,0.18849651027547817,0.0,0.00013016207,0.0008839890307292026,1108.0,1.0,0.0,0.0,0.0,0.0,0.21875,0.16371448446078743,0.8362855155392126,0.0,0.16371448446078743,0.2761447373565116,0.1827481305727579,0.6806513126058257,0.78125,0.78125,0.78125,0.21875,35.0,0.21875,exact,301.79375,31.1,neural,1108.0,4432.0,44320.0,nan,0.0,0.0,nan,,,,,,,,,,,,,,,
reviewer1_observation_shift_smoke,reviewer1_observation_shift_smoke,configs/reviewer1_remaining/smoke/observation_shift.yaml,Reviewer1-observation-shift-smoke,Reviewer1ObservationShift-v0,Reviewer1ObservationShift-v0,native_gymnasium_observation,relative_reliability_fuzzy,11011,train,7212,,,7212,59,-2.09,160,0.0,7212,419,0.0011826410126296847,0.02705274149775505,0,1,3,15.729082400001062,14.628234600000724,1.1008478000003379,14.628234600000724,1.1008478000003379,d1991e82fa1ea0337d3d6296e2c904f22359ea22,1.8.0,7cc5bc598cfd6850415c80c2a5f22423f37a7ce8561077a69366f06d0ab14b1d,True,3.14.3,2.11.0+cpu,2.4.3,1.3.0,3.1.0,not-installed,not-installed,0.1949334241116831,0.0,9.8146375e-05,0.0005855258051005693,1111.0,1.0,0.0,0.0,0.0,0.0,0.01875,0.333737525420978,0.666262474579022,0.0,0.333737525420978,0.16441476602853972,0.38870551206287746,0.5292349051301133,0.98125,0.98125,0.98125,0.01875,3.0,0.01875,exact,297.813125,32.849999999999994,neural,1111.0,4444.0,44440.0,nan,0.0,0.0,nan,,,,,,,,,,,,,,,
reviewer1_observation_shift_smoke,reviewer1_observation_shift_smoke,configs/reviewer1_remaining/smoke/observation_shift.yaml,Reviewer1-observation-shift-smoke,Reviewer1ObservationShift-v0,Reviewer1ObservationShift-v0,native_gymnasium_observation,relative_reliability_fuzzy,11011,train,7355,,,7355,60,-0.6900000000000013,143,1.0,7355,428,0.0011857851457504958,0.02705274149775505,0,1,3,15.986706200004846,14.885858400004508,1.1008478000003379,14.885858400004508,1.1008478000003379,d1991e82fa1ea0337d3d6296e2c904f22359ea22,1.8.0,7cc5bc598cfd6850415c80c2a5f22423f37a7ce8561077a69366f06d0ab14b1d,True,3.14.3,2.11.0+cpu,2.4.3,1.3.0,3.1.0,not-installed,not-installed,0.19967842359700708,0.0,0.03524599,0.03873564539154877,1111.0,0.0,0.0,0.0,0.0,1.0,0.0,0.34890874404594036,0.6510912559540596,0.0,0.34890874404594036,0.18837668118939965,0.4098893880684119,0.6702329455482452,1.0,1.0,1.0,0.0,0.0,0.0,exact,249.38111888111888,28.9,neural,1111.0,4444.0,44440.0,nan,0.0,0.0,nan,,,,,,,,,,,,,,,
reviewer1_observation_shift_smoke,reviewer1_observation_shift_smoke,configs/reviewer1_remaining/smoke/observation_shift.yaml,Reviewer1-observation-shift-smoke,Reviewer1ObservationShift-v0,Reviewer1ObservationShift-v0,native_gymnasium_observation,relative_reliability_fuzzy,11011,train,7515,,,7515,61,-2.259999999999999,160,0.0,7515,438,0.0012682920702119693,0.02705274149775505,0,1,3,16.410533700000087,15.30968589999975,1.1008478000003379,15.30968589999975,1.1008478000003379,d1991e82fa1ea0337d3d6296e2c904f22359ea22,1.8.0,7cc5bc598cfd6850415c80c2a5f22423f37a7ce8561077a69366f06d0ab14b1d,True,3.14.3,2.11.0+cpu,2.4.3,1.3.0,3.1.0,not-installed,not-installed,0.19908121517949182,0.0,0.00013298109,0.0007034735072097922,1131.0,1.0,0.0,0.0,0.0,0.0,0.03125,0.1765690962814372,0.8234309037185629,0.0,0.1765690962814372,0.24673870994058755,0.1946407380386603,0.5308423115033198,0.96875,0.96875,0.96875,0.03125,5.0,0.03125,exact,284.105,31.5,neural,1131.0,4524.0,45240.0,nan,0.0,0.0,nan,,,,,,,,,,,,,,,
reviewer1_observation_shift_smoke,reviewer1_observation_shift_smoke,configs/reviewer1_remaining/smoke/observation_shift.yaml,Reviewer1-observation-shift-smoke,Reviewer1ObservationShift-v0,Reviewer1ObservationShift-v0,native_gymnasium_observation,relative_reliability_fuzzy,11011,train,7620,,,7620,62,-0.43000000000000105,105,1.0,7620,445,0.0012549920688440343,0.02705274149775505,0,1,3,16.554600600000413,15.453752800000075,1.1008478000003379,15.453752800000075,1.1008478000003379,d1991e82fa1ea0337d3d6296e2c904f22359ea22,1.8.0,7cc5bc598cfd6850415c80c2a5f22423f37a7ce8561077a69366f06d0ab14b1d,True,3.14.3,2.11.0+cpu,2.4.3,1.3.0,3.1.0,not-installed,not-installed,0.1990883712838988,0.0,0.05008504,0.036024642985746286,1144.0,0.0,0.0,0.0,0.0,1.0,0.2,0.21277083675078998,0.7872291632492099,0.0,0.21277083675078998,0.4045151181579098,0.26668814729765344,0.5175418343163117,0.8,0.8,0.8,0.2,21.0,0.2,exact,270.20190476190476,25.9,neural,1144.0,4576.0,45760.0,nan,0.0,0.0,nan,,,,,,,,,,,,,,,
reviewer1_observation_shift_smoke,reviewer1_observation_shift_smoke,configs/reviewer1_remaining/smoke/observation_shift.yaml,Reviewer1-observation-shift-smoke,Reviewer1ObservationShift-v0,Reviewer1ObservationShift-v0,native_gymnasium_observation,relative_reliability_fuzzy,11011,train,7780,,,7780,63,-2.0900000000000007,160,0.0,7780,455,0.0012548894415326335,0.02705274149775505,0,1,3,16.872543400000723,15.771695600000385,1.1008478000003379,15.771695600000385,1.1008478000003379,d1991e82fa1ea0337d3d6296e2c904f22359ea22,1.8.0,7cc5bc598cfd6850415c80c2a5f22423f37a7ce8561077a69366f06d0ab14b1d,True,3.14.3,2.11.0+cpu,2.4.3,1.3.0,3.1.0,not-installed,not-installed,0.20430216404895218,0.0,0.00015270173,0.001728583327010941,1151.0,1.0,0.0,0.0,0.0,0.0,0.01875,0.31511321637527956,0.6848867836247204,0.0,0.31511321637527956,0.2770617746482783,0.39831210180580584,0.5858932438212673,0.98125,0.98125,0.98125,0.01875,3.0,0.01875,exact,331.73249999999996,34.150000000000006,neural,1151.0,4604.0,46040.0,nan,0.0,0.0,nan,,,,,,,,,,,,,,,
reviewer1_observation_shift_smoke,reviewer1_observation_shift_smoke,configs/reviewer1_remaining/smoke/observation_shift.yaml,Reviewer1-observation-shift-smoke,Reviewer1ObservationShift-v0,Reviewer1ObservationShift-v0,native_gymnasium_observation,relative_reliability_fuzzy,11011,train,7940,,,7940,64,-2.1499999999999986,160,0.0,7940,465,0.0012562225197720552,0.02705274149775505,0,1,3,17.13401060000615,16.03316280000581,1.1008478000003379,16.03316280000581,1.1008478000003379,d1991e82fa1ea0337d3d6296e2c904f22359ea22,1.8.0,7cc5bc598cfd6850415c80c2a5f22423f37a7ce8561077a69366f06d0ab14b1d,True,3.14.3,2.11.0+cpu,2.4.3,1.3.0,3.1.0,not-installed,not-installed,0.2066523041596297,0.0,0.000106230356,0.002229162450547158,1168.0,1.0,0.0,0.0,0.0,0.0,0.20625,0.26153490244951927,0.7384650975504807,0.0,0.26153490244951927,0.37218623764699765,0.34673614399134506,0.6385747889451843,0.79375,0.79375,0.79375,0.20625,33.0,0.20625,exact,324.63374999999996,30.9,neural,1168.0,4672.0,46720.0,nan,0.0,0.0,nan,,,,,,,,,,,,,,,
reviewer1_observation_shift_smoke,reviewer1_observation_shift_smoke,configs/reviewer1_remaining/smoke/observation_shift.yaml,Reviewer1-observation-shift-smoke,Reviewer1ObservationShift-v0,Reviewer1ObservationShift-v0,native_gymnasium_observation,relative_reliability_fuzzy,11011,train,8009,,,8009,65,0.1899999999999995,69,1.0,8009,469,0.0012464058294104738,0.02705274149775505,0,1,3,17.25776770000084,16.156919900000503,1.1008478000003379,16.156919900000503,1.1008478000003379,d1991e82fa1ea0337d3d6296e2c904f22359ea22,1.8.0,7cc5bc598cfd6850415c80c2a5f22423f37a7ce8561077a69366f06d0ab14b1d,True,3.14.3,2.11.0+cpu,2.4.3,1.3.0,3.1.0,not-installed,not-installed,0.20492444228219506,0.0,0.0501127,0.04014447376857288,1189.0,0.0,0.0,0.0,0.0,1.0,0.2753623188405797,0.09503845116218772,0.9049615488378124,0.0,0.09503845116218772,0.1631568219590331,0.10312873129577182,0.642853963359003,0.7246376811594203,0.7246376811594203,0.7246376811594203,0.2753623188405797,19.0,0.2753623188405797,exact,271.8898550724637,28.0,neural,1189.0,4756.0,47560.0,nan,0.0,0.0,nan,,,,,,,,,,,,,,,
reviewer1_observation_shift_smoke,reviewer1_observation_shift_smoke,configs/reviewer1_remaining/smoke/observation_shift.yaml,Reviewer1-observation-shift-smoke,Reviewer1ObservationShift-v0,Reviewer1ObservationShift-v0,native_gymnasium_observation,relative_reliability_fuzzy,11011,train,8104,,,8104,66,-0.18000000000000083,95,1.0,8104,475,0.0012316341005824047,0.02705274149775505,0,1,3,17.41375600000174,16.312908200001402,1.1008478000003379,16.312908200001402,1.1008478000003379,d1991e82fa1ea0337d3d6296e2c904f22359ea22,1.8.0,7cc5bc598cfd6850415c80c2a5f22423f37a7ce8561077a69366f06d0ab14b1d,True,3.14.3,2.11.0+cpu,2.4.3,1.3.0,3.1.0,not-installed,not-installed,0.20399065698412877,0.0,0.050476182,0.04058373552652898,1208.0,0.0,0.0,0.0,0.0,1.0,0.12631578947368421,0.18067852648178256,0.8193214735182174,0.0,0.18067852648178256,0.1800730131549263,0.20267681908078358,0.7191720625517715,0.8736842105263158,0.8736842105263158,0.8736842105263158,0.12631578947368421,12.0,0.12631578947368421,exact,335.51263157894743,31.8,neural,1208.0,4832.0,48320.0,nan,0.0,0.0,nan,,,,,,,,,,,,,,,
reviewer1_observation_shift_smoke,reviewer1_observation_shift_smoke,configs/reviewer1_remaining/smoke/observation_shift.yaml,Reviewer1-observation-shift-smoke,Reviewer1ObservationShift-v0,Reviewer1ObservationShift-v0,native_gymnasium_observation,relative_reliability_fuzzy,11011,train,8264,,,8264,67,-1.9700000000000013,160,0.0,8264,485,0.0012809057168026614,0.02705274149775505,0,1,3,17.771804500000144,16.670956699999806,1.1008478000003379,16.670956699999806,1.1008478000003379,d1991e82fa1ea0337d3d6296e2c904f22359ea22,1.8.0,7cc5bc598cfd6850415c80c2a5f22423f37a7ce8561077a69366f06d0ab14b1d,True,3.14.3,2.11.0+cpu,2.4.3,1.3.0,3.1.0,not-installed,not-installed,0.20568784123126974,0.0,0.00011556819,0.0013237731825408575,1221.0,1.0,0.0,0.0,0.0,0.0,0.125,0.2668502727334577,0.7331497272665423,0.0,0.2668502727334577,0.3046609852522094,0.31414786707018366,0.6703729595735546,0.875,0.875,0.875,0.125,20.0,0.125,exact,310.085,30.9,neural,1221.0,4884.0,48840.0,nan,0.0,0.0,nan,,,,,,,,,,,,,,,
reviewer1_observation_shift_smoke,reviewer1_observation_shift_smoke,configs/reviewer1_remaining/smoke/observation_shift.yaml,Reviewer1-observation-shift-smoke,Reviewer1ObservationShift-v0,Reviewer1ObservationShift-v0,native_gymnasium_observation,relative_reliability_fuzzy,11011,train,8317,,,8317,68,0.2799999999999996,53,1.0,8317,488,0.0012737818234725517,0.02705274149775505,0,1,3,17.876996700004383,16.776148900004046,1.1008478000003379,16.776148900004046,1.1008478000003379,d1991e82fa1ea0337d3d6296e2c904f22359ea22,1.8.0,7cc5bc598cfd6850415c80c2a5f22423f37a7ce8561077a69366f06d0ab14b1d,True,3.14.3,2.11.0+cpu,2.4.3,1.3.0,3.1.0,not-installed,not-installed,0.20412485222668805,0.0,0.050133064,0.0355499141641259,1236.0,0.0,0.0,0.0,0.0,1.0,0.39622641509433965,0.07206193092426981,0.9279380690757302,0.0,0.07206193092426981,0.12537816706333668,0.07940865943934117,0.7652530514685411,0.6037735849056604,0.6037735849056604,0.6037735849056604,0.39622641509433965,21.0,0.39622641509433965,exact,329.49811320754725,30.6,neural,1236.0,4944.0,49440.0,nan,0.0,0.0,nan,,,,,,,,,,,,,,,
reviewer1_observation_shift_smoke,reviewer1_observation_shift_smoke,configs/reviewer1_remaining/smoke/observation_shift.yaml,Reviewer1-observation-shift-smoke,Reviewer1ObservationShift-v0,Reviewer1ObservationShift-v0,native_gymnasium_observation,relative_reliability_fuzzy,11011,train,8325,,,8325,69,0.9299999999999999,8,1.0,8325,489,0.0012714028518236674,0.02705274149775505,0,1,3,17.891553900000872,16.790706100000534,1.1008478000003379,16.790706100000534,1.1008478000003379,d1991e82fa1ea0337d3d6296e2c904f22359ea22,1.8.0,7cc5bc598cfd6850415c80c2a5f22423f37a7ce8561077a69366f06d0ab14b1d,True,3.14.3,2.11.0+cpu,2.4.3,1.3.0,3.1.0,not-installed,not-installed,0.20415464308396036,0.0,0.08327873,0.055837575510976824,1237.0,0.0,0.0,0.0,0.0,1.0,0.0,0.17890755162389937,0.8210924483761006,0.0,0.17890755162389937,0.0,0.199820585302311,0.5623340202541706,1.0,1.0,1.0,0.0,0.0,0.0,exact,199.85,24.5,neural,1237.0,4948.0,49480.0,nan,0.0,0.0,nan,,,,,,,,,,,,,,,
reviewer1_observation_shift_smoke,reviewer1_observation_shift_smoke,configs/reviewer1_remaining/smoke/observation_shift.yaml,Reviewer1-observation-shift-smoke,Reviewer1ObservationShift-v0,Reviewer1ObservationShift-v0,native_gymnasium_observation,relative_reliability_fuzzy,11011,train,8485,,,8485,70,-2.1399999999999992,160,0.0,8485,499,0.0013172073338514774,0.02705274149775505,0,1,3,18.269480800001475,17.168633000001137,1.1008478000003379,17.168633000001137,1.1008478000003379,d1991e82fa1ea0337d3d6296e2c904f22359ea22,1.8.0,7cc5bc598cfd6850415c80c2a5f22423f37a7ce8561077a69366f06d0ab14b1d,True,3.14.3,2.11.0+cpu,2.4.3,1.3.0,3.1.0,not-installed,not-installed,0.20444633323421993,0.0,0.00013516675,0.002252766508534159,1258.0,1.0,0.0,0.0,0.0,0.0,0.18125,0.19038607802562407,0.809613921974376,0.0,0.19038607802562407,0.2467122686475342,0.22753013304844433,0.5834046394426171,0.81875,0.81875,0.81875,0.18125,29.0,0.18125,exact,356.32937499999997,35.0,neural,1258.0,5032.0,50320.0,nan,0.0,0.0,nan,,,,,,,,,,,,,,,
reviewer1_observation_shift_smoke,reviewer1_observation_shift_smoke,configs/reviewer1_remaining/smoke/observation_shift.yaml,Reviewer1-observation-shift-smoke,Reviewer1ObservationShift-v0,Reviewer1ObservationShift-v0,native_gymnasium_observation,relative_reliability_fuzzy,11011,train,8645,,,8645,71,-2.1799999999999993,160,0.0,8645,509,0.0013385218209040555,0.02705274149775505,0,1,3,18.652478700001666,17.551630900001328,1.1008478000003379,17.551630900001328,1.1008478000003379,d1991e82fa1ea0337d3d6296e2c904f22359ea22,1.8.0,7cc5bc598cfd6850415c80c2a5f22423f37a7ce8561077a69366f06d0ab14b1d,True,3.14.3,2.11.0+cpu,2.4.3,1.3.0,3.1.0,not-installed,not-installed,0.20255946502680108,0.0,0.00014794798,0.0013201882640474698,1289.0,1.0,0.0,0.0,0.0,0.0,0.15,0.16565320200620168,0.8343467979937984,0.0,0.16565320200620168,0.18326326922132724,0.18359377103475802,0.5918271837932735,0.85,0.85,0.85,0.15,24.0,0.15,exact,301.458125,30.9,neural,1289.0,5156.0,51560.0,nan,0.0,0.0,nan,,,,,,,,,,,,,,,
reviewer1_observation_shift_smoke,reviewer1_observation_shift_smoke,configs/reviewer1_remaining/smoke/observation_shift.yaml,Reviewer1-observation-shift-smoke,Reviewer1ObservationShift-v0,Reviewer1ObservationShift-v0,native_gymnasium_observation,relative_reliability_fuzzy,11011,train,8805,,,8805,72,-2.229999999999998,160,0.0,8805,519,0.0013188439379694208,0.02705274149775505,0,1,3,19.062478300002113,17.961630500001775,1.1008478000003379,17.961630500001775,1.1008478000003379,d1991e82fa1ea0337d3d6296e2c904f22359ea22,1.8.0,7cc5bc598cfd6850415c80c2a5f22423f37a7ce8561077a69366f06d0ab14b1d,True,3.14.3,2.11.0+cpu,2.4.3,1.3.0,3.1.0,not-installed,not-installed,0.20538702944939427,0.0,5.8859405e-05,0.0025350015948513637,1307.0,1.0,0.0,0.0,0.0,0.0,0.0625,0.25338469066597125,0.7466153093340286,0.0,0.25338469066597125,0.37303550326643514,0.3213895892297144,0.4677351763993073,0.9375,0.9375,0.9375,0.0625,10.0,0.0625,exact,325.163125,35.05,neural,1307.0,5228.0,52280.0,nan,0.0,0.0,nan,,,,,,,,,,,,,,,
reviewer1_observation_shift_smoke,reviewer1_observation_shift_smoke,configs/reviewer1_remaining/smoke/observation_shift.yaml,Reviewer1-observation-shift-smoke,Reviewer1ObservationShift-v0,Reviewer1ObservationShift-v0,native_gymnasium_observation,relative_reliability_fuzzy,11011,train,8817,,,8817,73,0.88,12,1.0,8817,520,0.0013165009578345304,0.02705274149775505,0,1,3,19.086090000004333,17.985242200003995,1.1008478000003379,17.985242200003995,1.1008478000003379,d1991e82fa1ea0337d3d6296e2c904f22359ea22,1.8.0,7cc5bc598cfd6850415c80c2a5f22423f37a7ce8561077a69366f06d0ab14b1d,True,3.14.3,2.11.0+cpu,2.4.3,1.3.0,3.1.0,not-installed,not-installed,0.2047500024145363,0.0,0.050083246,0.03241826613784333,1317.0,0.0,0.0,0.0,0.0,1.0,0.9166666666666666,0.004166666666666667,0.9958333333333332,0.0,0.004166666666666667,0.0,0.004064214624940499,0.5043822487823449,0.08333333333333333,0.08333333333333333,0.08333333333333333,0.9166666666666666,11.0,0.9166666666666666,support-boundary collapse,406.2083333333333,354.09999999999997,neural,1317.0,5268.0,52680.0,nan,0.0,0.0,nan,,,,,,,,,,,,,,,
reviewer1_observation_shift_smoke,reviewer1_observation_shift_smoke,configs/reviewer1_remaining/smoke/observation_shift.yaml,Reviewer1-observation-shift-smoke,Reviewer1ObservationShift-v0,Reviewer1ObservationShift-v0,native_gymnasium_observation,relative_reliability_fuzzy,11011,train,8977,,,8977,74,-1.8200000000000014,160,0.0,8977,530,0.0013150308332818517,0.02705274149775505,0,1,3,19.423467300002812,18.322619500002475,1.1008478000003379,18.322619500002475,1.1008478000003379,d1991e82fa1ea0337d3d6296e2c904f22359ea22,1.8.0,7cc5bc598cfd6850415c80c2a5f22423f37a7ce8561077a69366f06d0ab14b1d,True,3.14.3,2.11.0+cpu,2.4.3,1.3.0,3.1.0,not-installed,not-installed,0.2053855761369559,0.0,7.8150006e-05,0.001748687815659843,1334.0,1.0,0.0,0.0,0.0,0.0,0.1875,0.1817161270097941,0.8182838729902059,0.0,0.1817161270097941,0.27611008997570374,0.20630060852861928,0.7177991506203423,0.8125,0.8125,0.8125,0.1875,30.0,0.1875,exact,303.010625,29.2,neural,1334.0,5336.0,53360.0,nan,0.0,0.0,nan,,,,,,,,,,,,,,,
reviewer1_observation_shift_smoke,reviewer1_observation_shift_smoke,configs/reviewer1_remaining/smoke/observation_shift.yaml,Reviewer1-observation-shift-smoke,Reviewer1ObservationShift-v0,Reviewer1ObservationShift-v0,native_gymnasium_observation,relative_reliability_fuzzy,11011,train,9137,,,9137,75,-2.08,160,0.0,9137,540,0.0013103957252682179,0.02705274149775505,0,1,3,19.705222500000673,18.604374700000335,1.1008478000003379,18.604374700000335,1.1008478000003379,d1991e82fa1ea0337d3d6296e2c904f22359ea22,1.8.0,7cc5bc598cfd6850415c80c2a5f22423f37a7ce8561077a69366f06d0ab14b1d,True,3.14.3,2.11.0+cpu,2.4.3,1.3.0,3.1.0,not-installed,not-installed,0.20719519139939083,0.0,5.4166252e-05,0.0028752209531416563,1352.0,1.0,0.0,0.0,0.0,0.0,0.20625,0.22849478562534736,0.7715052143746526,0.0,0.22849478562534736,0.3204296866240872,0.2861088880329822,0.6610840468344079,0.79375,0.79375,0.79375,0.20625,33.0,0.20625,exact,452.965625,684.05,neural,1352.0,5408.0,54080.0,nan,0.0,0.0,nan,,,,,,,,,,,,,,,
reviewer1_observation_shift_smoke,reviewer1_observation_shift_smoke,configs/reviewer1_remaining/smoke/observation_shift.yaml,Reviewer1-observation-shift-smoke,Reviewer1ObservationShift-v0,Reviewer1ObservationShift-v0,native_gymnasium_observation,relative_reliability_fuzzy,11011,train,9283,,,9283,76,-0.7700000000000014,146,1.0,9283,549,0.0013113557626277647,0.02705274149775505,0,1,3,19.984922400006326,18.884074600005988,1.1008478000003379,18.884074600005988,1.1008478000003379,d1991e82fa1ea0337d3d6296e2c904f22359ea22,1.8.0,7cc5bc598cfd6850415c80c2a5f22423f37a7ce8561077a69366f06d0ab14b1d,True,3.14.3,2.11.0+cpu,2.4.3,1.3.0,3.1.0,not-installed,not-installed,0.2100403880452451,0.0,0.050104316,0.03279202191648831,1357.0,0.0,0.0,0.0,0.0,1.0,0.02054794520547945,0.28391021672714295,0.7160897832728571,0.0,0.28391021672714295,0.2610407780222284,0.3321587376580823,0.7647569547686673,0.9794520547945206,0.9794520547945206,0.9794520547945206,0.02054794520547945,3.0,0.02054794520547945,exact,396.00616438356167,43.55,neural,1357.0,5428.0,54280.0,nan,0.0,0.0,nan,,,,,,,,,,,,,,,
reviewer1_observation_shift_smoke,reviewer1_observation_shift_smoke,configs/reviewer1_remaining/smoke/observation_shift.yaml,Reviewer1-observation-shift-smoke,Reviewer1ObservationShift-v0,Reviewer1ObservationShift-v0,native_gymnasium_observation,relative_reliability_fuzzy,11011,train,9418,,,9418,77,-0.7300000000000013,135,1.0,9418,557,0.0013291794001598846,0.02705274149775505,0,1,3,20.278209800002514,19.177362000002177,1.1008478000003379,19.177362000002177,1.1008478000003379,d1991e82fa1ea0337d3d6296e2c904f22359ea22,1.8.0,7cc5bc598cfd6850415c80c2a5f22423f37a7ce8561077a69366f06d0ab14b1d,True,3.14.3,2.11.0+cpu,2.4.3,1.3.0,3.1.0,not-installed,not-installed,0.2087118166313155,0.0,0.050352495,0.029811782181636496,1381.0,0.0,0.0,0.0,0.0,1.0,0.14814814814814814,0.16367378345030464,0.8363262165496952,0.0,0.16367378345030464,0.16597764964961326,0.18119802235129429,0.7430859741139695,0.8518518518518519,0.8518518518518519,0.8518518518518519,0.14814814814814814,20.0,0.14814814814814814,exact,383.2348148148148,36.1,neural,1381.0,5524.0,55240.0,nan,0.0,0.0,nan,,,,,,,,,,,,,,,
reviewer1_observation_shift_smoke,reviewer1_observation_shift_smoke,configs/reviewer1_remaining/smoke/observation_shift.yaml,Reviewer1-observation-shift-smoke,Reviewer1ObservationShift-v0,Reviewer1ObservationShift-v0,native_gymnasium_observation,relative_reliability_fuzzy,11011,train,9539,,,9539,78,-0.4900000000000011,121,1.0,9539,565,0.0013573570203503406,0.02705274149775505,0,1,3,20.54973090000567,19.448883100005332,1.1008478000003379,19.448883100005332,1.1008478000003379,d1991e82fa1ea0337d3d6296e2c904f22359ea22,1.8.0,7cc5bc598cfd6850415c80c2a5f22423f37a7ce8561077a69366f06d0ab14b1d,True,3.14.3,2.11.0+cpu,2.4.3,1.3.0,3.1.0,not-installed,not-installed,0.20874840271958706,0.0,0.050219495,0.030221274889853218,1394.0,0.0,0.0,0.0,0.0,1.0,0.05785123966942149,0.21503535215411626,0.7849646478458837,0.0,0.21503535215411626,0.24052063237612822,0.23808950916034877,0.5730851789222584,0.9421487603305785,0.9421487603305785,0.9421487603305785,0.05785123966942149,7.0,0.05785123966942149,exact,281.48016528925626,29.8,neural,1394.0,5576.0,55760.0,nan,0.0,0.0,nan,,,,,,,,,,,,,,,
reviewer1_observation_shift_smoke,reviewer1_observation_shift_smoke,configs/reviewer1_remaining/smoke/observation_shift.yaml,Reviewer1-observation-shift-smoke,Reviewer1ObservationShift-v0,Reviewer1ObservationShift-v0,native_gymnasium_observation,relative_reliability_fuzzy,11011,train,9612,,,9612,79,0.0799999999999994,73,1.0,9612,569,0.001365550620952928,0.02705274149775505,0,1,3,20.683923800002958,19.58307600000262,1.1008478000003379,19.58307600000262,1.1008478000003379,d1991e82fa1ea0337d3d6296e2c904f22359ea22,1.8.0,7cc5bc598cfd6850415c80c2a5f22423f37a7ce8561077a69366f06d0ab14b1d,True,3.14.3,2.11.0+cpu,2.4.3,1.3.0,3.1.0,not-installed,not-installed,0.2066071843773349,0.0,0.051309396,0.025633763528259863,1413.0,0.0,0.0,0.0,0.0,1.0,0.3287671232876712,0.08816870826545206,0.9118312917345479,0.0,0.08816870826545206,0.16248739503757997,0.09685159739625412,0.6824969461233581,0.6712328767123288,0.6712328767123288,0.6712328767123288,0.3287671232876712,24.0,0.3287671232876712,exact,442.55479452054794,633.9,neural,1413.0,5652.0,56520.0,nan,0.0,0.0,nan,,,,,,,,,,,,,,,
reviewer1_observation_shift_smoke,reviewer1_observation_shift_smoke,configs/reviewer1_remaining/smoke/observation_shift.yaml,Reviewer1-observation-shift-smoke,Reviewer1ObservationShift-v0,Reviewer1ObservationShift-v0,native_gymnasium_observation,relative_reliability_fuzzy,11011,train,9656,,,9656,80,0.35999999999999976,44,1.0,9656,572,0.0013601171011849694,0.02705274149775505,0,1,3,20.738254400006554,19.637406600006216,1.1008478000003379,19.637406600006216,1.1008478000003379,d1991e82fa1ea0337d3d6296e2c904f22359ea22,1.8.0,7cc5bc598cfd6850415c80c2a5f22423f37a7ce8561077a69366f06d0ab14b1d,True,3.14.3,2.11.0+cpu,2.4.3,1.3.0,3.1.0,not-installed,not-installed,0.2062099104586512,0.0,0.055480573,0.026154212335205505,1425.0,0.0,0.0,0.0,0.0,1.0,0.25,0.19931863454859036,0.8006813654514097,0.0,0.19931863454859036,0.29516673667926996,0.22183241627597478,0.7573306950275547,0.75,0.75,0.75,0.25,11.0,0.25,exact,291.25000000000006,33.6,neural,1425.0,5700.0,57000.0,nan,0.0,0.0,nan,,,,,,,,,,,,,,,
reviewer1_observation_shift_smoke,reviewer1_observation_shift_smoke,configs/reviewer1_remaining/smoke/observation_shift.yaml,Reviewer1-observation-shift-smoke,Reviewer1ObservationShift-v0,Reviewer1ObservationShift-v0,native_gymnasium_observation,relative_reliability_fuzzy,11011,train,9792,,,9792,81,-0.7300000000000011,136,1.0,9792,581,0.001346540614323358,0.02705274149775505,0,1,3,21.043720600006054,19.942872800005716,1.1008478000003379,19.942872800005716,1.1008478000003379,d1991e82fa1ea0337d3d6296e2c904f22359ea22,1.8.0,7cc5bc598cfd6850415c80c2a5f22423f37a7ce8561077a69366f06d0ab14b1d,True,3.14.3,2.11.0+cpu,2.4.3,1.3.0,3.1.0,not-installed,not-installed,0.2060724148468861,0.0,0.05018696,0.03680683089874505,1449.0,0.0,0.0,0.0,0.0,1.0,0.15441176470588236,0.19403343727952094,0.805966562720479,0.0,0.19403343727952094,0.24681398215652034,0.23176852634689826,0.8227075019355139,0.8455882352941176,0.8455882352941176,0.8455882352941176,0.15441176470588236,21.0,0.15441176470588236,exact,435.4485294117646,34.25,neural,1449.0,5796.0,57960.0,nan,0.0,0.0,nan,,,,,,,,,,,,,,,
reviewer1_observation_shift_smoke,reviewer1_observation_shift_smoke,configs/reviewer1_remaining/smoke/observation_shift.yaml,Reviewer1-observation-shift-smoke,Reviewer1ObservationShift-v0,Reviewer1ObservationShift-v0,native_gymnasium_observation,relative_reliability_fuzzy,11011,train,9810,,,9810,82,0.79,18,1.0,9810,582,0.0013444201361543214,0.02705274149775505,0,1,3,21.080539000002318,19.97969120000198,1.1008478000003379,19.97969120000198,1.1008478000003379,d1991e82fa1ea0337d3d6296e2c904f22359ea22,1.8.0,7cc5bc598cfd6850415c80c2a5f22423f37a7ce8561077a69366f06d0ab14b1d,True,3.14.3,2.11.0+cpu,2.4.3,1.3.0,3.1.0,not-installed,not-installed,0.20602495531408144,0.0,0.069987774,0.04147936794787803,1451.0,0.0,0.0,0.0,0.0,1.0,0.05555555555555555,0.23941657562173013,0.7605834243782699,0.0,0.23941657562173013,0.4225144036705746,0.3262676374575756,0.6398424194054276,0.9444444444444444,0.9444444444444444,0.9444444444444444,0.05555555555555555,1.0,0.05555555555555555,exact,383.7333333333333,76.6,neural,1451.0,5804.0,58040.0,nan,0.0,0.0,nan,,,,,,,,,,,,,,,
reviewer1_observation_shift_smoke,reviewer1_observation_shift_smoke,configs/reviewer1_remaining/smoke/observation_shift.yaml,Reviewer1-observation-shift-smoke,Reviewer1ObservationShift-v0,Reviewer1ObservationShift-v0,native_gymnasium_observation,relative_reliability_fuzzy,11011,train,9818,,,9818,83,0.92,8,1.0,9818,582,0.0013444201361543214,0.02705274149775505,0,1,3,21.094640100003744,19.993792300003406,1.1008478000003379,19.993792300003406,1.1008478000003379,d1991e82fa1ea0337d3d6296e2c904f22359ea22,1.8.0,7cc5bc598cfd6850415c80c2a5f22423f37a7ce8561077a69366f06d0ab14b1d,True,3.14.3,2.11.0+cpu,2.4.3,1.3.0,3.1.0,not-installed,not-installed,0.20622422764347426,0.0,0.08032356,0.057365392366057366,1451.0,0.0,0.0,0.0,0.0,1.0,0.0,0.23532987741999575,0.7646701225800043,0.0,0.23532987741999575,0.10881479826736973,0.2615328832996495,0.5487540266535135,1.0,1.0,1.0,0.0,0.0,0.0,exact,514.0375,727.95,neural,1451.0,5804.0,58040.0,nan,0.0,0.0,nan,,,,,,,,,,,,,,,
reviewer1_observation_shift_smoke,reviewer1_observation_shift_smoke,configs/reviewer1_remaining/smoke/observation_shift.yaml,Reviewer1-observation-shift-smoke,Reviewer1ObservationShift-v0,Reviewer1ObservationShift-v0,native_gymnasium_observation,relative_reliability_fuzzy,11011,train,9897,,,9897,84,0.03999999999999937,79,1.0,9897,587,0.0013508969312083171,0.02705274149775505,0,1,3,21.237984800005506,20.13713700000517,1.1008478000003379,20.13713700000517,1.1008478000003379,d1991e82fa1ea0337d3d6296e2c904f22359ea22,1.8.0,7cc5bc598cfd6850415c80c2a5f22423f37a7ce8561077a69366f06d0ab14b1d,True,3.14.3,2.11.0+cpu,2.4.3,1.3.0,3.1.0,not-installed,not-installed,0.2072650439220947,0.0,0.051474985,0.028384701022351435,1452.0,0.0,0.0,0.0,0.0,1.0,0.0,0.3062453980849124,0.6937546019150875,0.0,0.3062453980849124,0.23143833066630565,0.35020425784049825,0.5440722379792592,1.0,1.0,1.0,0.0,0.0,0.0,exact,271.6670886075949,33.9,neural,1452.0,5808.0,58080.0,nan,0.0,0.0,nan,,,,,,,,,,,,,,,
reviewer1_observation_shift_smoke,reviewer1_observation_shift_smoke,configs/reviewer1_remaining/smoke/observation_shift.yaml,Reviewer1-observation-shift-smoke,Reviewer1ObservationShift-v0,Reviewer1ObservationShift-v0,native_gymnasium_observation,relative_reliability_fuzzy,11011,train,10057,,,10057,85,-2.1599999999999984,160,0.0,10057,597,0.0013304477738125674,0.02705274149775505,0,1,3,21.514633000006143,20.413785200005805,1.1008478000003379,20.413785200005805,1.1008478000003379,d1991e82fa1ea0337d3d6296e2c904f22359ea22,1.8.0,7cc5bc598cfd6850415c80c2a5f22423f37a7ce8561077a69366f06d0ab14b1d,True,3.14.3,2.11.0+cpu,2.4.3,1.3.0,3.1.0,not-installed,not-installed,0.20959598688418538,0.0,6.860109e-05,0.0026078038671113,1466.0,1.0,0.0,0.0,0.0,0.0,0.10625,0.2653112701091308,0.7346887298908692,0.0,0.2653112701091308,0.3815535674213992,0.3553821458025888,0.580758988185494,0.89375,0.89375,0.89375,0.10625,17.0,0.10625,exact,422.846875,658.7,neural,1466.0,5864.0,58640.0,nan,0.0,0.0,nan,,,,,,,,,,,,,,,
reviewer1_observation_shift_smoke,reviewer1_observation_shift_smoke,configs/reviewer1_remaining/smoke/observation_shift.yaml,Reviewer1-observation-shift-smoke,Reviewer1ObservationShift-v0,Reviewer1ObservationShift-v0,native_gymnasium_observation,relative_reliability_fuzzy,11011,train,10177,,,10177,86,-0.610000000000001,120,1.0,10177,605,0.0013153308916545097,0.02705274149775505,0,1,3,21.7884836000012,20.687635800000862,1.1008478000003379,20.687635800000862,1.1008478000003379,d1991e82fa1ea0337d3d6296e2c904f22359ea22,1.8.0,7cc5bc598cfd6850415c80c2a5f22423f37a7ce8561077a69366f06d0ab14b1d,True,3.14.3,2.11.0+cpu,2.4.3,1.3.0,3.1.0,not-installed,not-installed,0.20997957677322568,0.0,0.050130114,0.03197434705078739,1479.0,0.0,0.0,0.0,0.0,1.0,0.06666666666666667,0.23069775646030113,0.7693022435396988,0.0,0.23069775646030113,0.2684730222805421,0.2819783183185161,0.64146589093672,0.9333333333333333,0.9333333333333333,0.9333333333333333,0.06666666666666667,8.0,0.06666666666666667,exact,455.7066666666667,39.2,neural,1479.0,5916.0,59160.0,nan,0.0,0.0,nan,,,,,,,,,,,,,,,
reviewer1_observation_shift_smoke,reviewer1_observation_shift_smoke,configs/reviewer1_remaining/smoke/observation_shift.yaml,Reviewer1-observation-shift-smoke,Reviewer1ObservationShift-v0,Reviewer1ObservationShift-v0,native_gymnasium_observation,relative_reliability_fuzzy,11011,train,10238,,,10238,87,0.21999999999999953,61,1.0,10238,608,0.0013091849332654778,0.02705274149775505,0,1,3,21.89376710000215,20.792919300001813,1.1008478000003379,20.792919300001813,1.1008478000003379,d1991e82fa1ea0337d3d6296e2c904f22359ea22,1.8.0,7cc5bc598cfd6850415c80c2a5f22423f37a7ce8561077a69366f06d0ab14b1d,True,3.14.3,2.11.0+cpu,2.4.3,1.3.0,3.1.0,not-installed,not-installed,0.2086504304996961,0.0,0.05232647,0.03271051994918139,1501.0,0.0,0.0,0.0,0.0,1.0,0.4426229508196721,0.06711752095787527,0.932882479042125,0.0,0.06711752095787527,0.08554764620800363,0.073799558804264,0.6926784924625459,0.5573770491803278,0.5573770491803278,0.5573770491803278,0.4426229508196721,27.0,0.4426229508196721,exact,334.58524590163927,44.3,neural,1501.0,6004.0,60040.0,nan,0.0,0.0,nan,,,,,,,,,,,,,,,
reviewer1_observation_shift_smoke,reviewer1_observation_shift_smoke,configs/reviewer1_remaining/smoke/observation_shift.yaml,Reviewer1-observation-shift-smoke,Reviewer1ObservationShift-v0,Reviewer1ObservationShift-v0,native_gymnasium_observation,relative_reliability_fuzzy,11011,train,10398,,,10398,88,-1.8500000000000014,160,0.0,10398,618,0.0013058372715566934,0.02705274149775505,0,1,3,22.2143514000054,21.11350360000506,1.1008478000003379,21.11350360000506,1.1008478000003379,d1991e82fa1ea0337d3d6296e2c904f22359ea22,1.8.0,7cc5bc598cfd6850415c80c2a5f22423f37a7ce8561077a69366f06d0ab14b1d,True,3.14.3,2.11.0+cpu,2.4.3,1.3.0,3.1.0,not-installed,not-installed,0.20841450985843504,0.0,0.00015853684,0.0019394252245615625,1518.0,1.0,0.0,0.0,0.0,0.0,0.1,0.20024352630297876,0.7997564736970213,0.0,0.20024352630297876,0.26913425869605456,0.22479217640017427,0.6684748301769702,0.9,0.9,0.9,0.1,16.0,0.1,exact,374.6975,34.7,neural,1518.0,6072.0,60720.0,nan,0.0,0.0,nan,,,,,,,,,,,,,,,
reviewer1_observation_shift_smoke,reviewer1_observation_shift_smoke,configs/reviewer1_remaining/smoke/observation_shift.yaml,Reviewer1-observation-shift-smoke,Reviewer1ObservationShift-v0,Reviewer1ObservationShift-v0,native_gymnasium_observation,relative_reliability_fuzzy,11011,train,10558,,,10558,89,-2.2199999999999984,160,0.0,10558,628,0.00133005518425921,0.02705274149775505,0,1,3,22.578124400002707,21.47727660000237,1.1008478000003379,21.47727660000237,1.1008478000003379,d1991e82fa1ea0337d3d6296e2c904f22359ea22,1.8.0,7cc5bc598cfd6850415c80c2a5f22423f37a7ce8561077a69366f06d0ab14b1d,True,3.14.3,2.11.0+cpu,2.4.3,1.3.0,3.1.0,not-installed,not-installed,0.20938406367514734,0.0,9.3256254e-05,0.002124191244328895,1536.0,1.0,0.0,0.0,0.0,0.0,0.15,0.23335668568860718,0.7666433143113929,0.0,0.23335668568860718,0.34455120178936366,0.29590885745107426,0.5729266005942645,0.85,0.85,0.85,0.15,24.0,0.15,exact,441.01000000000005,89.80000000000001,neural,1536.0,6144.0,61440.0,nan,0.0,0.0,nan,,,,,,,,,,,,,,,
reviewer1_observation_shift_smoke,reviewer1_observation_shift_smoke,configs/reviewer1_remaining/smoke/observation_shift.yaml,Reviewer1-observation-shift-smoke,Reviewer1ObservationShift-v0,Reviewer1ObservationShift-v0,native_gymnasium_observation,relative_reliability_fuzzy,11011,train,10718,,,10718,90,-1.8700000000000012,160,0.0,10718,638,0.0013124364185484031,0.02705274149775505,0,1,3,22.940773000002082,21.839925200001744,1.1008478000003379,21.839925200001744,1.1008478000003379,d1991e82fa1ea0337d3d6296e2c904f22359ea22,1.8.0,7cc5bc598cfd6850415c80c2a5f22423f37a7ce8561077a69366f06d0ab14b1d,True,3.14.3,2.11.0+cpu,2.4.3,1.3.0,3.1.0,not-installed,not-installed,0.20961316263731256,0.0,5.4280343e-05,0.0011923892981670074,1547.0,1.0,0.0,0.0,0.0,0.0,0.06875,0.23382028860489545,0.7661797113951045,0.0,0.23382028860489545,0.20080113008875328,0.2700349453666176,0.8121502852178187,0.93125,0.93125,0.93125,0.06875,11.0,0.06875,exact,379.45625,40.55,neural,1547.0,6188.0,61880.0,nan,0.0,0.0,nan,,,,,,,,,,,,,,,
reviewer1_observation_shift_smoke,reviewer1_observation_shift_smoke,configs/reviewer1_remaining/smoke/observation_shift.yaml,Reviewer1-observation-shift-smoke,Reviewer1ObservationShift-v0,Reviewer1ObservationShift-v0,native_gymnasium_observation,relative_reliability_fuzzy,11011,train,10863,,,10863,91,-0.7400000000000013,145,1.0,10863,647,0.001313799805706693,0.02705274149775505,0,1,3,23.29638160000468,22.19553380000434,1.1008478000003379,22.19553380000434,1.1008478000003379,d1991e82fa1ea0337d3d6296e2c904f22359ea22,1.8.0,7cc5bc598cfd6850415c80c2a5f22423f37a7ce8561077a69366f06d0ab14b1d,True,3.14.3,2.11.0+cpu,2.4.3,1.3.0,3.1.0,not-installed,not-installed,0.2085790309666344,0.0,0.050100163,0.022446916731698432,1567.0,0.0,0.0,0.0,0.0,1.0,0.1724137931034483,0.1942026441204127,0.8057973558795873,0.0,0.1942026441204127,0.24679147101273852,0.22483372408714997,0.8625922150117152,0.8275862068965517,0.8275862068965517,0.8275862068965517,0.1724137931034483,25.0,0.1724137931034483,exact,367.30551724137933,36.5,neural,1567.0,6268.0,62680.0,nan,0.0,0.0,nan,,,,,,,,,,,,,,,
reviewer1_observation_shift_smoke,reviewer1_observation_shift_smoke,configs/reviewer1_remaining/smoke/observation_shift.yaml,Reviewer1-observation-shift-smoke,Reviewer1ObservationShift-v0,Reviewer1ObservationShift-v0,native_gymnasium_observation,relative_reliability_fuzzy,11011,train,10888,,,10888,92,0.74,25,1.0,10888,649,0.0013112678419907157,0.02705274149775505,0,1,3,23.347669000002497,22.24682120000216,1.1008478000003379,22.24682120000216,1.1008478000003379,d1991e82fa1ea0337d3d6296e2c904f22359ea22,1.8.0,7cc5bc598cfd6850415c80c2a5f22423f37a7ce8561077a69366f06d0ab14b1d,True,3.14.3,2.11.0+cpu,2.4.3,1.3.0,3.1.0,not-installed,not-installed,0.2088619536235534,0.0,0.04789313,0.032511022918357134,1568.0,0.0,0.0,0.0,0.0,1.0,0.0,0.31666521255624663,0.6833347874437534,0.0,0.31666521255624663,0.21675609486999195,0.35425081284452353,0.6063636430597802,1.0,1.0,1.0,0.0,0.0,0.0,exact,404.07199999999995,35.8,neural,1568.0,6272.0,62720.0,nan,0.0,0.0,nan,,,,,,,,,,,,,,,
reviewer1_observation_shift_smoke,reviewer1_observation_shift_smoke,configs/reviewer1_remaining/smoke/observation_shift.yaml,Reviewer1-observation-shift-smoke,Reviewer1ObservationShift-v0,Reviewer1ObservationShift-v0,native_gymnasium_observation,relative_reliability_fuzzy,11011,train,11048,,,11048,93,-1.9600000000000015,160,0.0,11048,659,0.0013308591050685905,0.02705274149775505,0,1,3,23.731823600006464,22.630975800006127,1.1008478000003379,22.630975800006127,1.1008478000003379,d1991e82fa1ea0337d3d6296e2c904f22359ea22,1.8.0,7cc5bc598cfd6850415c80c2a5f22423f37a7ce8561077a69366f06d0ab14b1d,True,3.14.3,2.11.0+cpu,2.4.3,1.3.0,3.1.0,not-installed,not-installed,0.21534428853284174,0.0,9.3066e-05,0.0016988514457658252,1570.0,1.0,0.0,0.0,0.0,0.0,0.0125,0.4203964359315309,0.5796035640684691,0.0,0.4203964359315309,0.11088129877975988,0.5704913323172888,0.8318141683771099,0.9875,0.9875,0.9875,0.0125,2.0,0.0125,exact,512.83,697.5,neural,1570.0,6280.0,62800.0,nan,0.0,0.0,nan,,,,,,,,,,,,,,,
reviewer1_observation_shift_smoke,reviewer1_observation_shift_smoke,configs/reviewer1_remaining/smoke/observation_shift.yaml,Reviewer1-observation-shift-smoke,Reviewer1ObservationShift-v0,Reviewer1ObservationShift-v0,native_gymnasium_observation,relative_reliability_fuzzy,11011,train,11208,,,11208,94,-2.349999999999997,160,0.0,11208,669,0.0013160792520203822,0.02705274149775505,0,1,3,24.202641500000027,23.10179369999969,1.1008478000003379,23.10179369999969,1.1008478000003379,d1991e82fa1ea0337d3d6296e2c904f22359ea22,1.8.0,7cc5bc598cfd6850415c80c2a5f22423f37a7ce8561077a69366f06d0ab14b1d,True,3.14.3,2.11.0+cpu,2.4.3,1.3.0,3.1.0,not-installed,not-installed,0.22104853215327053,0.0,7.9808706e-05,0.0033739166006691245,1571.0,1.0,0.0,0.0,0.0,0.0,0.0125,0.40690578498732305,0.593094215012677,0.0,0.40690578498732305,0.14939021082576848,0.5951094048818885,0.5200573236025093,0.9875,0.9875,0.9875,0.0125,2.0,0.0125,exact,460.56437500000004,680.0,neural,1571.0,6284.0,62840.0,nan,0.0,0.0,nan,,,,,,,,,,,,,,,
reviewer1_observation_shift_smoke,reviewer1_observation_shift_smoke,configs/reviewer1_remaining/smoke/observation_shift.yaml,Reviewer1-observation-shift-smoke,Reviewer1ObservationShift-v0,Reviewer1ObservationShift-v0,native_gymnasium_observation,relative_reliability_fuzzy,11011,train,11339,,,11339,95,-0.7900000000000014,131,1.0,11339,677,0.0013028189856088411,0.02705274149775505,0,1,3,24.438130900001852,23.337283100001514,1.1008478000003379,23.337283100001514,1.1008478000003379,d1991e82fa1ea0337d3d6296e2c904f22359ea22,1.8.0,7cc5bc598cfd6850415c80c2a5f22423f37a7ce8561077a69366f06d0ab14b1d,True,3.14.3,2.11.0+cpu,2.4.3,1.3.0,3.1.0,not-installed,not-installed,0.2219426351676929,0.0,0.050108004,0.02604879368991087,1581.0,0.0,0.0,0.0,0.0,1.0,0.04580152671755725,0.28207196478702123,0.7179280352129789,0.0,0.28207196478702123,0.30470796275455064,0.3236715139262438,0.5225507856549675,0.9541984732824428,0.9541984732824428,0.9541984732824428,0.04580152671755725,6.0,0.04580152671755725,exact,410.79923664122134,623.6,neural,1581.0,6324.0,63240.0,nan,0.0,0.0,nan,,,,,,,,,,,,,,,
reviewer1_observation_shift_smoke,reviewer1_observation_shift_smoke,configs/reviewer1_remaining/smoke/observation_shift.yaml,Reviewer1-observation-shift-smoke,Reviewer1ObservationShift-v0,Reviewer1ObservationShift-v0,native_gymnasium_observation,relative_reliability_fuzzy,11011,train,11341,,,11341,96,0.99,2,1.0,11341,677,0.0013028189856088411,0.02705274149775505,0,1,3,24.4417512,23.34090339999966,1.1008478000003379,23.34090339999966,1.1008478000003379,d1991e82fa1ea0337d3d6296e2c904f22359ea22,1.8.0,7cc5bc598cfd6850415c80c2a5f22423f37a7ce8561077a69366f06d0ab14b1d,True,3.14.3,2.11.0+cpu,2.4.3,1.3.0,3.1.0,not-installed,not-installed,0.2219426351676929,0.0,0.09700282,0.04824596313528089,1581.0,0.0,0.0,0.0,0.0,1.0,0.0,0.05,0.95,0.0,0.05,0.0,0.048770575499285984,0.6221376019673945,1.0,1.0,1.0,0.0,0.0,0.0,exact,19.05,19.05,neural,1581.0,6324.0,63240.0,nan,0.0,0.0,nan,,,,,,,,,,,,,,,
reviewer1_observation_shift_smoke,reviewer1_observation_shift_smoke,configs/reviewer1_remaining/smoke/observation_shift.yaml,Reviewer1-observation-shift-smoke,Reviewer1ObservationShift-v0,Reviewer1ObservationShift-v0,native_gymnasium_observation,relative_reliability_fuzzy,11011,train,11501,,,11501,97,-2.130000000000001,160,0.0,11501,687,0.0013205826319074292,0.02705274149775505,0,1,3,24.773938400001498,23.67309060000116,1.1008478000003379,23.67309060000116,1.1008478000003379,d1991e82fa1ea0337d3d6296e2c904f22359ea22,1.8.0,7cc5bc598cfd6850415c80c2a5f22423f37a7ce8561077a69366f06d0ab14b1d,True,3.14.3,2.11.0+cpu,2.4.3,1.3.0,3.1.0,not-installed,not-installed,0.2251258029543212,0.0,8.4612446e-05,0.0029310378719209626,1589.0,1.0,0.0,0.0,0.0,0.0,0.04375,0.3448238027025342,0.6551761972974658,0.0,0.3448238027025342,0.24136915185920418,0.4451643877920726,0.701751516601477,0.95625,0.95625,0.95625,0.04375,7.0,0.04375,exact,458.71687499999996,646.75,neural,1589.0,6356.0,63560.0,nan,0.0,0.0,nan,,,,,,,,,,,,,,,
reviewer1_observation_shift_smoke,reviewer1_observation_shift_smoke,configs/reviewer1_remaining/smoke/observation_shift.yaml,Reviewer1-observation-shift-smoke,Reviewer1ObservationShift-v0,Reviewer1ObservationShift-v0,native_gymnasium_observation,relative_reliability_fuzzy,11011,train,11516,,,11516,98,0.86,15,1.0,11516,688,0.0013190111370479742,0.02705274149775505,0,1,3,24.802115200000117,23.70126739999978,1.1008478000003379,23.70126739999978,1.1008478000003379,d1991e82fa1ea0337d3d6296e2c904f22359ea22,1.8.0,7cc5bc598cfd6850415c80c2a5f22423f37a7ce8561077a69366f06d0ab14b1d,True,3.14.3,2.11.0+cpu,2.4.3,1.3.0,3.1.0,not-installed,not-installed,0.2247670436720579,0.0,0.050070595,0.022314168043529325,1594.0,0.0,0.0,0.0,0.0,1.0,0.2,0.12984135213465003,0.87015864786535,0.0,0.12984135213465003,0.1123595861751832,0.17901804816089803,0.7048796958254181,0.8,0.8,0.8,0.2,3.0,0.2,exact,362.49333333333345,41.7,neural,1594.0,6376.0,63760.0,nan,0.0,0.0,nan,,,,,,,,,,,,,,,
reviewer1_observation_shift_smoke,reviewer1_observation_shift_smoke,configs/reviewer1_remaining/smoke/observation_shift.yaml,Reviewer1-observation-shift-smoke,Reviewer1ObservationShift-v0,Reviewer1ObservationShift-v0,native_gymnasium_observation,relative_reliability_fuzzy,11011,train,11676,,,11676,99,-2.4099999999999984,160,0.0,11676,698,0.0013037551728141215,0.02705274149775505,0,1,3,25.18264280000585,24.081795000005513,1.1008478000003379,24.081795000005513,1.1008478000003379,d1991e82fa1ea0337d3d6296e2c904f22359ea22,1.8.0,7cc5bc598cfd6850415c80c2a5f22423f37a7ce8561077a69366f06d0ab14b1d,True,3.14.3,2.11.0+cpu,2.4.3,1.3.0,3.1.0,not-installed,not-installed,0.22352053002138814,0.0,0.00013066709,0.0064032589265440604,1624.0,1.0,0.0,0.0,0.0,0.0,0.175,0.17409331062682046,0.8259066893731795,0.0,0.17409331062682046,0.24668025984732556,0.19498674432350255,0.6756217111679519,0.825,0.825,0.825,0.175,28.0,0.175,exact,440.26437500000003,655.0999999999999,neural,1624.0,6496.0,64960.0,nan,0.0,0.0,nan,,,,,,,,,,,,,,,
reviewer1_observation_shift_smoke,reviewer1_observation_shift_smoke,configs/reviewer1_remaining/smoke/observation_shift.yaml,Reviewer1-observation-shift-smoke,Reviewer1ObservationShift-v0,Reviewer1ObservationShift-v0,native_gymnasium_observation,relative_reliability_fuzzy,11011,train,11809,,,11809,100,-0.5900000000000012,133,1.0,11809,707,0.0013262601000249693,0.02705274149775505,0,1,3,25.446572700006072,24.345724900005735,1.1008478000003379,24.345724900005735,1.1008478000003379,d1991e82fa1ea0337d3d6296e2c904f22359ea22,1.8.0,7cc5bc598cfd6850415c80c2a5f22423f37a7ce8561077a69366f06d0ab14b1d,True,3.14.3,2.11.0+cpu,2.4.3,1.3.0,3.1.0,not-installed,not-installed,0.2225630049997865,0.0,0.033756763,0.01933170853469969,1640.0,0.0,0.0,0.0,0.0,1.0,0.09022556390977443,0.1821197735093576,0.8178802264906423,0.0,0.1821197735093576,0.180434222171825,0.20373887108950006,0.8577940720650635,0.9097744360902256,0.9097744360902256,0.9097744360902256,0.09022556390977443,12.0,0.09022556390977443,exact,427.51729323308274,574.4,neural,1640.0,6560.0,65600.0,nan,0.0,0.0,nan,,,,,,,,,,,,,,,
reviewer1_observation_shift_smoke,reviewer1_observation_shift_smoke,configs/reviewer1_remaining/smoke/observation_shift.yaml,Reviewer1-observation-shift-smoke,Reviewer1ObservationShift-v0,Reviewer1ObservationShift-v0,native_gymnasium_observation,relative_reliability_fuzzy,11011,train,11969,,,11969,101,-2.3,160,0.0,11969,717,0.0013360935460671954,0.02705274149775505,0,1,3,25.858077500000945,24.757229700000607,1.1008478000003379,24.757229700000607,1.1008478000003379,d1991e82fa1ea0337d3d6296e2c904f22359ea22,1.8.0,7cc5bc598cfd6850415c80c2a5f22423f37a7ce8561077a69366f06d0ab14b1d,True,3.14.3,2.11.0+cpu,2.4.3,1.3.0,3.1.0,not-installed,not-installed,0.22164730952576917,0.0,0.00014073748,0.0054913335647997965,1666.0,1.0,0.0,0.0,0.0,0.0,0.15625,0.17332530655941034,0.8266746934405896,0.0,0.17332530655941034,0.21580937338674067,0.19340872540105308,0.6262971416514593,0.84375,0.84375,0.84375,0.15625,25.0,0.15625,exact,439.17125,663.1500000000001,neural,1666.0,6664.0,66640.0,nan,0.0,0.0,nan,,,,,,,,,,,,,,,
reviewer1_observation_shift_smoke,reviewer1_observation_shift_smoke,configs/reviewer1_remaining/smoke/observation_shift.yaml,Reviewer1-observation-shift-smoke,Reviewer1ObservationShift-v0,Reviewer1ObservationShift-v0,native_gymnasium_observation,relative_reliability_fuzzy,11011,eval,12000,12000,-1.6300000000000012,12000,1,-1.6300000000000012,160,0.0,12000,719,0.0013326188800356666,0.02705274149775505,0,2,3,27.191612200003874,24.83541270000569,2.3561994999981835,24.83541270000569,2.3561994999981835,d1991e82fa1ea0337d3d6296e2c904f22359ea22,1.8.0,7cc5bc598cfd6850415c80c2a5f22423f37a7ce8561077a69366f06d0ab14b1d,True,3.14.3,2.11.0+cpu,2.4.3,1.3.0,3.1.0,not-installed,not-installed,0.2211408405446673,0.0,9.634655e-05,0.001834007225244954,1674.0,1.0,0.0,0.0,0.0,0.0,1.0,0.0,1.0,0.0,0.0,0.0,0.0,0.7386925465965399,0.0,0.0,0.0,1.0,160.0,1.0,support-boundary collapse,814.7306249999999,767.3499999999999,neural,1674.0,6696.0,66960.0,nan,0.0,0.0,nan,nan,nan,1,1,nan,nan,nan,unavailable,unavailable,unavailable,nan,nan,1.0,all_observation_channels,79.5
reviewer1_observation_shift_smoke,reviewer1_observation_shift_smoke,configs/reviewer1_remaining/smoke/observation_shift.yaml,Reviewer1-observation-shift-smoke,Reviewer1ObservationShift-v0,Reviewer1ObservationShift-v0,native_gymnasium_observation,relative_reliability_fuzzy,11011,eval,12000,12000,-1.6100000000000012,12000,2,-1.6100000000000012,160,0.0,12000,719,0.0013326188800356666,0.02705274149775505,0,2,3,27.19256580000365,24.836366300005466,2.3561994999981835,24.836366300005466,2.3561994999981835,d1991e82fa1ea0337d3d6296e2c904f22359ea22,1.8.0,7cc5bc598cfd6850415c80c2a5f22423f37a7ce8561077a69366f06d0ab14b1d,True,3.14.3,2.11.0+cpu,2.4.3,1.3.0,3.1.0,not-installed,not-installed,0.2211408405446673,0.0,9.634655e-05,0.001834007225244954,1674.0,1.0,0.0,0.0,0.0,0.0,1.0,0.0,1.0,0.0,0.0,0.0,0.0,0.7762894652986039,0.0,0.0125,0.0,1.0,160.0,1.0,support-boundary collapse,878.21125,825.25,neural,1674.0,6696.0,66960.0,nan,0.0,0.0,nan,nan,nan,1,1,nan,nan,nan,unavailable,unavailable,unavailable,nan,nan,1.0,all_observation_channels,79.5
reviewer1_observation_shift_smoke,reviewer1_observation_shift_smoke,configs/reviewer1_remaining/smoke/observation_shift.yaml,Reviewer1-observation-shift-smoke,Reviewer1ObservationShift-v0,Reviewer1ObservationShift-v0,native_gymnasium_observation,relative_reliability_fuzzy,11011,eval,12000,12000,-3.0700000000000007,12000,3,-3.0700000000000007,160,0.0,12000,719,0.0013326188800356666,0.02705274149775505,0,2,3,27.193235900005675,24.83703640000749,2.3561994999981835,24.83703640000749,2.3561994999981835,d1991e82fa1ea0337d3d6296e2c904f22359ea22,1.8.0,7cc5bc598cfd6850415c80c2a5f22423f37a7ce8561077a69366f06d0ab14b1d,True,3.14.3,2.11.0+cpu,2.4.3,1.3.0,3.1.0,not-installed,not-installed,0.2211408405446673,0.0,9.634655e-05,0.001834007225244954,1674.0,1.0,0.0,0.0,0.0,0.0,1.0,0.0,1.0,0.0,0.0,0.0,0.0,0.7726113857466336,0.0,0.0,0.0,1.0,160.0,1.0,support-boundary collapse,923.264375,865.4000000000001,neural,1674.0,6696.0,66960.0,nan,0.0,0.0,nan,nan,nan,2,3,nan,nan,nan,unavailable,unavailable,unavailable,nan,nan,1.0,all_observation_channels,79.5
reviewer1_observation_shift_smoke,reviewer1_observation_shift_smoke,configs/reviewer1_remaining/smoke/observation_shift.yaml,Reviewer1-observation-shift-smoke,Reviewer1ObservationShift-v0,Reviewer1ObservationShift-v0,native_gymnasium_observation,relative_reliability_fuzzy,11011,eval,12000,12000,-1.6800000000000013,12000,4,-1.6800000000000013,160,0.0,12000,719,0.0013326188800356666,0.02705274149775505,0,2,3,27.193802400004643,24.83760290000646,2.3561994999981835,24.83760290000646,2.3561994999981835,d1991e82fa1ea0337d3d6296e2c904f22359ea22,1.8.0,7cc5bc598cfd6850415c80c2a5f22423f37a7ce8561077a69366f06d0ab14b1d,True,3.14.3,2.11.0+cpu,2.4.3,1.3.0,3.1.0,not-installed,not-installed,0.2211408405446673,0.0,9.634655e-05,0.001834007225244954,1674.0,1.0,0.0,0.0,0.0,0.0,1.0,0.0,1.0,0.0,0.0,0.0,0.0,0.7705410509102304,0.0,0.0,0.0,1.0,160.0,1.0,support-boundary collapse,1022.7425,970.9000000000001,neural,1674.0,6696.0,66960.0,nan,0.0,0.0,nan,nan,nan,3,1,nan,nan,nan,unavailable,unavailable,unavailable,nan,nan,1.0,all_observation_channels,79.5
reviewer1_observation_shift_smoke,reviewer1_observation_shift_smoke,configs/reviewer1_remaining/smoke/observation_shift.yaml,Reviewer1-observation-shift-smoke,Reviewer1ObservationShift-v0,Reviewer1ObservationShift-v0,native_gymnasium_observation,relative_reliability_fuzzy,11011,eval,12020,12020,-1.6000000000000012,12020,1,-1.6000000000000012,160,0.0,12020,720,0.0013308959486809928,0.02705274149775505,0,3,3,28.424454600004537,24.889061700007005,3.5353928999975324,24.889061700007005,3.5353928999975324,d1991e82fa1ea0337d3d6296e2c904f22359ea22,1.8.0,7cc5bc598cfd6850415c80c2a5f22423f37a7ce8561077a69366f06d0ab14b1d,True,3.14.3,2.11.0+cpu,2.4.3,1.3.0,3.1.0,not-installed,not-installed,0.22060076564929143,0.0,9.856923e-05,0.0009476801911735153,1680.0,1.0,0.0,0.0,0.0,0.0,1.0,0.0,1.0,0.0,0.0,0.0,0.0,0.8479326037913892,0.0,0.0,0.0,1.0,160.0,1.0,support-boundary collapse,1041.7675,971.3,neural,1680.0,6720.0,67200.0,nan,0.0,0.0,nan,nan,nan,3,2,nan,nan,nan,unavailable,unavailable,unavailable,nan,nan,1.0,all_observation_channels,99.5
reviewer1_observation_shift_smoke,reviewer1_observation_shift_smoke,configs/reviewer1_remaining/smoke/observation_shift.yaml,Reviewer1-observation-shift-smoke,Reviewer1ObservationShift-v0,Reviewer1ObservationShift-v0,native_gymnasium_observation,relative_reliability_fuzzy,11011,eval,12020,12020,-1.6500000000000012,12020,2,-1.6500000000000012,160,0.0,12020,720,0.0013308959486809928,0.02705274149775505,0,3,3,28.425423200002115,24.890030300004582,3.5353928999975324,24.890030300004582,3.5353928999975324,d1991e82fa1ea0337d3d6296e2c904f22359ea22,1.8.0,7cc5bc598cfd6850415c80c2a5f22423f37a7ce8561077a69366f06d0ab14b1d,True,3.14.3,2.11.0+cpu,2.4.3,1.3.0,3.1.0,not-installed,not-installed,0.22060076564929143,0.0,9.856923e-05,0.0009476801911735153,1680.0,1.0,0.0,0.0,0.0,0.0,1.0,0.0,1.0,0.0,0.0,0.0,0.0,0.7745440999592851,0.0,0.7625,0.0,1.0,160.0,1.0,support-boundary collapse,871.383125,827.15,neural,1680.0,6720.0,67200.0,nan,0.0,0.0,nan,nan,nan,0,2,nan,nan,nan,unavailable,unavailable,unavailable,nan,nan,1.0,all_observation_channels,99.5
reviewer1_observation_shift_smoke,reviewer1_observation_shift_smoke,configs/reviewer1_remaining/smoke/observation_shift.yaml,Reviewer1-observation-shift-smoke,Reviewer1ObservationShift-v0,Reviewer1ObservationShift-v0,native_gymnasium_observation,relative_reliability_fuzzy,11011,eval,12020,12020,-1.6400000000000012,12020,3,-1.6400000000000012,160,0.0,12020,720,0.0013308959486809928,0.02705274149775505,0,3,3,28.426051400005235,24.890658500007703,3.5353928999975324,24.890658500007703,3.5353928999975324,d1991e82fa1ea0337d3d6296e2c904f22359ea22,1.8.0,7cc5bc598cfd6850415c80c2a5f22423f37a7ce8561077a69366f06d0ab14b1d,True,3.14.3,2.11.0+cpu,2.4.3,1.3.0,3.1.0,not-installed,not-installed,0.22060076564929143,0.0,9.856923e-05,0.0009476801911735153,1680.0,1.0,0.0,0.0,0.0,0.0,1.0,0.0,1.0,0.0,0.0,0.0,0.0,0.7343961702366633,0.0,0.0,0.0,1.0,160.0,1.0,support-boundary collapse,984.9424999999999,898.0,neural,1680.0,6720.0,67200.0,nan,0.0,0.0,nan,nan,nan,1,3,nan,nan,nan,unavailable,unavailable,unavailable,nan,nan,1.0,all_observation_channels,99.5
reviewer1_observation_shift_smoke,reviewer1_observation_shift_smoke,configs/reviewer1_remaining/smoke/observation_shift.yaml,Reviewer1-observation-shift-smoke,Reviewer1ObservationShift-v0,Reviewer1ObservationShift-v0,native_gymnasium_observation,relative_reliability_fuzzy,11011,eval,12020,12020,-2.6799999999999935,12020,4,-2.6799999999999935,160,0.0,12020,720,0.0013308959486809928,0.02705274149775505,0,3,3,28.426587100002507,24.891194200004975,3.5353928999975324,24.891194200004975,3.5353928999975324,d1991e82fa1ea0337d3d6296e2c904f22359ea22,1.8.0,7cc5bc598cfd6850415c80c2a5f22423f37a7ce8561077a69366f06d0ab14b1d,True,3.14.3,2.11.0+cpu,2.4.3,1.3.0,3.1.0,not-installed,not-installed,0.22060076564929143,0.0,9.856923e-05,0.0009476801911735153,1680.0,1.0,0.0,0.0,0.0,0.0,1.0,0.0,1.0,0.0,0.0,0.0,0.0,0.7836622373658809,0.0,0.125,0.0,1.0,160.0,1.0,support-boundary collapse,1186.1162499999998,1126.15,neural,1680.0,6720.0,67200.0,nan,0.0,0.0,nan,nan,nan,3,2,nan,nan,nan,unavailable,unavailable,unavailable,nan,nan,1.0,all_observation_channels,99.5
reviewer1_observation_shift_smoke,reviewer1_observation_shift_smoke,configs/reviewer1_remaining/smoke/observation_shift.yaml,Reviewer1-observation-shift-smoke,Reviewer1ObservationShift-v0,Reviewer1ObservationShift-v0,native_gymnasium_observation,relative_reliability_fuzzy,11011,train,12020,,,12020,102,-0.5400000000000004,51,0.0,12020,720,0.0013308959486809928,0.02705274149775505,0,3,3,28.452250600006664,24.916857700009132,3.5353928999975324,24.916857700009132,3.5353928999975324,d1991e82fa1ea0337d3d6296e2c904f22359ea22,1.8.0,7cc5bc598cfd6850415c80c2a5f22423f37a7ce8561077a69366f06d0ab14b1d,True,3.14.3,2.11.0+cpu,2.4.3,1.3.0,3.1.0,not-installed,not-installed,0.22060076564929143,0.0,9.856923e-05,0.0009476801911735153,1680.0,1.0,0.0,0.0,0.0,0.0,0.23529411764705882,0.09641974014496728,0.9035802598550327,0.0,0.09641974014496728,0.07556585292049202,0.105316508657329,0.773053299987749,0.7647058823529411,0.8627450980392157,0.7647058823529411,0.23529411764705882,12.0,0.23529411764705882,exact,507.6686274509804,692.2,neural,1680.0,6720.0,67200.0,nan,0.0,0.0,nan,,,,,,,,,,,,,,,
reviewer1_observation_shift_smoke,reviewer1_observation_shift_smoke,configs/reviewer1_remaining/smoke/observation_shift.yaml,Reviewer1-observation-shift-smoke,Reviewer1ObservationShift-v0,Reviewer1ObservationShift-v0,native_gymnasium_observation,same_input_crisp,11010,train,160,,,160,1,-2.0500000000000003,160,0.0,160,0,nan,nan,0,0,3,0.40885919999709586,0.40885919999709586,0.0,0.40885919999709586,0.0,d1991e82fa1ea0337d3d6296e2c904f22359ea22,1.8.0,7cc5bc598cfd6850415c80c2a5f22423f37a7ce8561077a69366f06d0ab14b1d,True,3.14.3,2.11.0+cpu,2.4.3,1.3.0,3.1.0,not-installed,not-installed,0.0,0.0,0.00037089628,0.03006778555848466,16.0,1.0,0.0,0.0,0.0,0.0,1.0,0.0,0.0,0.0,nan,nan,0.0,nan,0.0,0.0,nan,0.0,nan,nan,unsupported,28.088125,24.35,none,16.0,64.0,640.0,nan,0.0,0.0,nan,,,,,,,,,,,,,,,
reviewer1_observation_shift_smoke,reviewer1_observation_shift_smoke,configs/reviewer1_remaining/smoke/observation_shift.yaml,Reviewer1-observation-shift-smoke,Reviewer1ObservationShift-v0,Reviewer1ObservationShift-v0,native_gymnasium_observation,same_input_crisp,11010,train,262,,,262,2,-0.390000000000001,102,1.0,262,0,nan,nan,0,0,3,0.5558826999986195,0.5558826999986195,0.0,0.5558826999986195,0.0,d1991e82fa1ea0337d3d6296e2c904f22359ea22,1.8.0,7cc5bc598cfd6850415c80c2a5f22423f37a7ce8561077a69366f06d0ab14b1d,True,3.14.3,2.11.0+cpu,2.4.3,1.3.0,3.1.0,not-installed,not-installed,0.0,0.0,0.050165355,0.09502095706410847,36.0,0.0,0.0,0.0,0.0,1.0,1.0,0.0,0.0,0.0,nan,nan,0.0,nan,0.0,0.0,nan,0.0,nan,nan,unsupported,23.50294117647059,21.95,none,36.0,144.0,1440.0,nan,0.0,0.0,nan,,,,,,,,,,,,,,,
reviewer1_observation_shift_smoke,reviewer1_observation_shift_smoke,configs/reviewer1_remaining/smoke/observation_shift.yaml,Reviewer1-observation-shift-smoke,Reviewer1ObservationShift-v0,Reviewer1ObservationShift-v0,native_gymnasium_observation,same_input_crisp,11010,train,326,,,326,3,0.2699999999999996,64,1.0,326,0,nan,nan,0,0,3,0.6465450000032433,0.6465450000032433,0.0,0.6465450000032433,0.0,d1991e82fa1ea0337d3d6296e2c904f22359ea22,1.8.0,7cc5bc598cfd6850415c80c2a5f22423f37a7ce8561077a69366f06d0ab14b1d,True,3.14.3,2.11.0+cpu,2.4.3,1.3.0,3.1.0,not-installed,not-installed,0.016666666666666666,0.0,0.051999483,0.08158623336263396,53.0,0.0,0.0,0.0,0.0,1.0,0.9375,0.003125,0.8875,0.0,0.0035087719298245615,0.0,0.00594766137275253,0.9075932210519283,0.0625,0.0625,0.07017543859649122,0.828125,53.0,0.9298245614035088,support-boundary collapse,57.2046875,21.2,neural,53.0,212.0,2120.0,nan,0.0,0.0,nan,,,,,,,,,,,,,,,
reviewer1_observation_shift_smoke,reviewer1_observation_shift_smoke,configs/reviewer1_remaining/smoke/observation_shift.yaml,Reviewer1-observation-shift-smoke,Reviewer1ObservationShift-v0,Reviewer1ObservationShift-v0,native_gymnasium_observation,same_input_crisp,11010,train,370,,,370,4,0.48999999999999977,44,1.0,370,0,nan,nan,0,0,3,0.7184950000009849,0.7184950000009849,0.0,0.7184950000009849,0.0,d1991e82fa1ea0337d3d6296e2c904f22359ea22,1.8.0,7cc5bc598cfd6850415c80c2a5f22423f37a7ce8561077a69366f06d0ab14b1d,True,3.14.3,2.11.0+cpu,2.4.3,1.3.0,3.1.0,not-installed,not-installed,0.0125,0.0,0.05574867,0.07048958587752001,71.0,0.0,0.0,0.0,0.0,1.0,0.6363636363636364,0.018181818181818184,0.9818181818181819,0.0,0.018181818181818184,0.05,0.034604575259651084,0.8228689604503842,0.36363636363636365,0.36363636363636365,0.36363636363636365,0.6363636363636364,28.0,0.6363636363636364,support-boundary collapse,39.30681818181818,22.5,neural,71.0,284.0,2840.0,nan,0.0,0.0,nan,,,,,,,,,,,,,,,
reviewer1_observation_shift_smoke,reviewer1_observation_shift_smoke,configs/reviewer1_remaining/smoke/observation_shift.yaml,Reviewer1-observation-shift-smoke,Reviewer1ObservationShift-v0,Reviewer1ObservationShift-v0,native_gymnasium_observation,same_input_crisp,11010,train,530,,,530,5,-1.8700000000000014,160,0.0,530,2,0.008387691574171185,0.009031332097947598,0,0,3,0.9731275000012829,0.9731275000012829,0.0,0.9731275000012829,0.0,d1991e82fa1ea0337d3d6296e2c904f22359ea22,1.8.0,7cc5bc598cfd6850415c80c2a5f22423f37a7ce8561077a69366f06d0ab14b1d,True,3.14.3,2.11.0+cpu,2.4.3,1.3.0,3.1.0,not-installed,not-installed,0.025000000000000005,0.0,0.0001251247,0.01244861717353868,102.0,1.0,0.0,0.0,0.0,0.0,0.04375,0.047812499999999994,0.9521875,0.0,0.047812499999999994,0.0,0.08112259110705404,0.7272407410317796,0.95625,0.95625,0.95625,0.04375,7.0,0.04375,exact,42.74875,21.85,neural,102.0,408.0,4080.0,nan,0.0,0.0,nan,,,,,,,,,,,,,,,
reviewer1_observation_shift_smoke,reviewer1_observation_shift_smoke,configs/reviewer1_remaining/smoke/observation_shift.yaml,Reviewer1-observation-shift-smoke,Reviewer1ObservationShift-v0,Reviewer1ObservationShift-v0,native_gymnasium_observation,same_input_crisp,11010,train,533,,,533,6,0.96,3,1.0,533,2,0.008387691574171185,0.009031332097947598,0,0,3,0.9770235000032699,0.9770235000032699,0.0,0.9770235000032699,0.0,d1991e82fa1ea0337d3d6296e2c904f22359ea22,1.8.0,7cc5bc598cfd6850415c80c2a5f22423f37a7ce8561077a69366f06d0ab14b1d,True,3.14.3,2.11.0+cpu,2.4.3,1.3.0,3.1.0,not-installed,not-installed,0.025000000000000005,0.0,0.05014433,0.05117740413290704,103.0,0.0,0.0,0.0,0.0,1.0,0.0,0.05000000000000001,0.9499999999999998,0.0,0.05000000000000001,0.0,0.22119921692859512,0.8018290763232634,1.0,1.0,1.0,0.0,0.0,0.0,exact,20.933333333333334,20.6,neural,103.0,412.0,4120.0,nan,0.0,0.0,nan,,,,,,,,,,,,,,,
reviewer1_observation_shift_smoke,reviewer1_observation_shift_smoke,configs/reviewer1_remaining/smoke/observation_shift.yaml,Reviewer1-observation-shift-smoke,Reviewer1ObservationShift-v0,Reviewer1ObservationShift-v0,native_gymnasium_observation,same_input_crisp,11010,train,693,,,693,7,-1.9800000000000015,160,0.0,693,12,0.00499369435904858,0.01368828397244215,0,0,3,1.2571708000032231,1.2571708000032231,0.0,1.2571708000032231,0.0,d1991e82fa1ea0337d3d6296e2c904f22359ea22,1.8.0,7cc5bc598cfd6850415c80c2a5f22423f37a7ce8561077a69366f06d0ab14b1d,True,3.14.3,2.11.0+cpu,2.4.3,1.3.0,3.1.0,not-installed,not-installed,0.03636363636363636,0.0,0.000114261005,0.0014473110627019946,131.0,1.0,0.0,0.0,0.0,0.0,0.0,0.049999999999999996,0.95,0.0,0.049999999999999996,0.0,0.17914468373730089,0.8872513320047173,1.0,1.0,1.0,0.0,0.0,0.0,exact,44.254999999999995,22.2,neural,131.0,524.0,5240.0,nan,0.0,0.0,nan,,,,,,,,,,,,,,,
reviewer1_observation_shift_smoke,reviewer1_observation_shift_smoke,configs/reviewer1_remaining/smoke/observation_shift.yaml,Reviewer1-observation-shift-smoke,Reviewer1ObservationShift-v0,Reviewer1ObservationShift-v0,native_gymnasium_observation,same_input_crisp,11010,train,853,,,853,8,-2.040000000000001,160,0.0,853,22,0.004158898714442991,0.01368828397244215,0,0,3,1.5086111999989953,1.5086111999989953,0.0,1.5086111999989953,0.0,d1991e82fa1ea0337d3d6296e2c904f22359ea22,1.8.0,7cc5bc598cfd6850415c80c2a5f22423f37a7ce8561077a69366f06d0ab14b1d,True,3.14.3,2.11.0+cpu,2.4.3,1.3.0,3.1.0,not-installed,not-installed,0.1,0.0,9.59663e-05,0.0019285408426227412,160.0,1.0,0.0,0.0,0.0,0.0,0.0,0.1625,0.8375,0.0,0.1625,0.0,0.27662187808793914,0.6400135535133835,1.0,1.0,1.0,0.0,0.0,0.0,exact,43.53875000000001,21.15,neural,160.0,640.0,6400.0,nan,0.0,0.0,nan,,,,,,,,,,,,,,,
reviewer1_observation_shift_smoke,reviewer1_observation_shift_smoke,configs/reviewer1_remaining/smoke/observation_shift.yaml,Reviewer1-observation-shift-smoke,Reviewer1ObservationShift-v0,Reviewer1ObservationShift-v0,native_gymnasium_observation,same_input_crisp,11010,train,863,,,863,9,0.9,10,1.0,863,22,0.004158898714442991,0.01368828397244215,0,0,3,1.5166908000028343,1.5166908000028343,0.0,1.5166908000028343,0.0,d1991e82fa1ea0337d3d6296e2c904f22359ea22,1.8.0,7cc5bc598cfd6850415c80c2a5f22423f37a7ce8561077a69366f06d0ab14b1d,True,3.14.3,2.11.0+cpu,2.4.3,1.3.0,3.1.0,not-installed,not-installed,0.1,0.0,0.05009665,0.04394795994626379,164.0,0.0,0.0,0.0,0.0,1.0,0.0,0.9499999999999998,0.050000000000000044,0.0,0.9499999999999998,0.0,0.7407597393541085,0.3784280192601443,1.0,1.0,1.0,0.0,0.0,0.0,exact,15.65,15.25,memory,164.0,656.0,6560.0,nan,0.0,0.0,nan,,,,,,,,,,,,,,,
reviewer1_observation_shift_smoke,reviewer1_observation_shift_smoke,configs/reviewer1_remaining/smoke/observation_shift.yaml,Reviewer1-observation-shift-smoke,Reviewer1ObservationShift-v0,Reviewer1ObservationShift-v0,native_gymnasium_observation,same_input_crisp,11010,train,1023,,,1023,10,-1.8900000000000015,160,0.0,1023,32,0.0034806880921678385,0.01376560889184475,0,0,3,1.8851427999979933,1.8851427999979933,0.0,1.8851427999979933,0.0,d1991e82fa1ea0337d3d6296e2c904f22359ea22,1.8.0,7cc5bc598cfd6850415c80c2a5f22423f37a7ce8561077a69366f06d0ab14b1d,True,3.14.3,2.11.0+cpu,2.4.3,1.3.0,3.1.0,not-installed,not-installed,0.07500000000000001,0.0,0.00011285092,0.0008980955850835345,195.0,1.0,0.0,0.0,0.0,0.0,0.20625,0.12406249999999996,0.8759375,0.0,0.12406249999999996,0.0,0.17377091276170886,0.536180873014913,0.79375,0.79375,0.79375,0.20625,33.0,0.20625,exact,74.196875,24.45,neural,195.0,780.0,7800.0,nan,0.0,0.0,nan,,,,,,,,,,,,,,,
reviewer1_observation_shift_smoke,reviewer1_observation_shift_smoke,configs/reviewer1_remaining/smoke/observation_shift.yaml,Reviewer1-observation-shift-smoke,Reviewer1ObservationShift-v0,Reviewer1ObservationShift-v0,native_gymnasium_observation,same_input_crisp,11010,train,1078,,,1078,11,0.2999999999999996,55,1.0,1078,36,0.0031343292834612336,0.01376560889184475,0,0,3,1.9590584000034141,1.9590584000034141,0.0,1.9590584000034141,0.0,d1991e82fa1ea0337d3d6296e2c904f22359ea22,1.8.0,7cc5bc598cfd6850415c80c2a5f22423f37a7ce8561077a69366f06d0ab14b1d,True,3.14.3,2.11.0+cpu,2.4.3,1.3.0,3.1.0,not-installed,not-installed,0.07500000000000001,0.0,0.05014128,0.04136565108657346,212.0,0.0,0.0,0.0,0.0,1.0,0.0,0.049999999999999975,0.9500000000000004,0.0,0.049999999999999975,0.0,0.25918177931828223,0.7395679436785678,1.0,1.0,1.0,0.0,0.0,0.0,exact,27.04,20.0,neural,212.0,848.0,8480.0,nan,0.0,0.0,nan,,,,,,,,,,,,,,,
reviewer1_observation_shift_smoke,reviewer1_observation_shift_smoke,configs/reviewer1_remaining/smoke/observation_shift.yaml,Reviewer1-observation-shift-smoke,Reviewer1ObservationShift-v0,Reviewer1ObservationShift-v0,native_gymnasium_observation,same_input_crisp,11010,train,1080,,,1080,12,0.99,2,1.0,1080,36,0.0031343292834612336,0.01376560889184475,0,0,3,1.9619452000042656,1.9619452000042656,0.0,1.9619452000042656,0.0,d1991e82fa1ea0337d3d6296e2c904f22359ea22,1.8.0,7cc5bc598cfd6850415c80c2a5f22423f37a7ce8561077a69366f06d0ab14b1d,True,3.14.3,2.11.0+cpu,2.4.3,1.3.0,3.1.0,not-installed,not-installed,0.07500000000000001,0.0,0.09525725,0.08158038872669664,214.0,0.0,0.0,0.0,0.0,1.0,0.0,0.05,0.95,0.0,0.05,0.0,0.2591817793182821,0.7395679436785682,1.0,1.0,1.0,0.0,0.0,0.0,exact,23.35,23.35,neural,214.0,856.0,8560.0,nan,0.0,0.0,nan,,,,,,,,,,,,,,,
reviewer1_observation_shift_smoke,reviewer1_observation_shift_smoke,configs/reviewer1_remaining/smoke/observation_shift.yaml,Reviewer1-observation-shift-smoke,Reviewer1ObservationShift-v0,Reviewer1ObservationShift-v0,native_gymnasium_observation,same_input_crisp,11010,train,1240,,,1240,13,-1.9500000000000015,160,0.0,1240,46,0.0030964787628086606,0.01376560889184475,0,0,3,2.2228197000004,2.2228197000004,0.0,2.2228197000004,0.0,d1991e82fa1ea0337d3d6296e2c904f22359ea22,1.8.0,7cc5bc598cfd6850415c80c2a5f22423f37a7ce8561077a69366f06d0ab14b1d,True,3.14.3,2.11.0+cpu,2.4.3,1.3.0,3.1.0,not-installed,not-installed,0.11911764705882352,0.0,0.001012197,0.0033707753291875413,231.0,1.0,0.0,0.0,0.0,0.0,0.05,0.23875000000000002,0.7612499999999999,0.0,0.23875000000000002,0.0,0.35201036406413716,0.7650555468173345,0.95,0.95,0.95,0.05,8.0,0.05,exact,53.21624999999999,20.8,neural,231.0,924.0,9240.0,nan,0.0,0.0,nan,,,,,,,,,,,,,,,
reviewer1_observation_shift_smoke,reviewer1_observation_shift_smoke,configs/reviewer1_remaining/smoke/observation_shift.yaml,Reviewer1-observation-shift-smoke,Reviewer1ObservationShift-v0,Reviewer1ObservationShift-v0,native_gymnasium_observation,same_input_crisp,11010,train,1243,,,1243,14,0.98,3,1.0,1243,46,0.0030964787628086606,0.01376560889184475,0,0,3,2.2261684000040987,2.2261684000040987,0.0,2.2261684000040987,0.0,d1991e82fa1ea0337d3d6296e2c904f22359ea22,1.8.0,7cc5bc598cfd6850415c80c2a5f22423f37a7ce8561077a69366f06d0ab14b1d,True,3.14.3,2.11.0+cpu,2.4.3,1.3.0,3.1.0,not-installed,not-installed,0.11911764705882352,0.0,0.050877094,0.038946120441458044,233.0,0.0,0.0,0.0,0.0,1.0,1.0,0.0,1.0,0.0,0.0,0.0,0.0,0.8578868316699015,0.0,0.0,0.0,1.0,3.0,1.0,support-boundary collapse,15.166666666666666,15.1,neural,233.0,932.0,9320.0,nan,0.0,0.0,nan,,,,,,,,,,,,,,,
reviewer1_observation_shift_smoke,reviewer1_observation_shift_smoke,configs/reviewer1_remaining/smoke/observation_shift.yaml,Reviewer1-observation-shift-smoke,Reviewer1ObservationShift-v0,Reviewer1ObservationShift-v0,native_gymnasium_observation,same_input_crisp,11010,train,1403,,,1403,15,-2.0500000000000003,160,0.0,1403,56,0.0028005353526948185,0.01376560889184475,0,0,3,2.4802667000039946,2.4802667000039946,0.0,2.4802667000039946,0.0,d1991e82fa1ea0337d3d6296e2c904f22359ea22,1.8.0,7cc5bc598cfd6850415c80c2a5f22423f37a7ce8561077a69366f06d0ab14b1d,True,3.14.3,2.11.0+cpu,2.4.3,1.3.0,3.1.0,not-installed,not-installed,0.09999999999999996,0.0,0.00012249047,0.0014003629879239276,260.0,1.0,0.0,0.0,0.0,0.0,0.25,0.0375,0.9625,0.0,0.0375,0.012499999999999997,0.12274988490353081,0.8820277317931465,0.75,0.75,0.75,0.25,40.0,0.25,exact,76.446875,20.85,neural,260.0,1040.0,10400.0,nan,0.0,0.0,nan,,,,,,,,,,,,,,,
reviewer1_observation_shift_smoke,reviewer1_observation_shift_smoke,configs/reviewer1_remaining/smoke/observation_shift.yaml,Reviewer1-observation-shift-smoke,Reviewer1ObservationShift-v0,Reviewer1ObservationShift-v0,native_gymnasium_observation,same_input_crisp,11010,train,1460,,,1460,16,0.2899999999999996,57,1.0,1460,60,0.002826908911932454,0.01376560889184475,0,0,3,2.578085100001772,2.578085100001772,0.0,2.578085100001772,0.0,d1991e82fa1ea0337d3d6296e2c904f22359ea22,1.8.0,7cc5bc598cfd6850415c80c2a5f22423f37a7ce8561077a69366f06d0ab14b1d,True,3.14.3,2.11.0+cpu,2.4.3,1.3.0,3.1.0,not-installed,not-installed,0.09399999999999994,0.0,0.05013041,0.04134462379264706,278.0,0.0,0.0,0.0,0.0,1.0,0.017543859649122806,0.04912280701754386,0.9508771929824562,0.0,0.04912280701754386,0.0,0.21920050935403193,0.5478606458082143,0.9824561403508771,0.9824561403508771,0.9824561403508771,0.017543859649122806,1.0,0.017543859649122806,exact,72.88947368421053,21.5,neural,278.0,1112.0,11120.0,nan,0.0,0.0,nan,,,,,,,,,,,,,,,
reviewer1_observation_shift_smoke,reviewer1_observation_shift_smoke,configs/reviewer1_remaining/smoke/observation_shift.yaml,Reviewer1-observation-shift-smoke,Reviewer1ObservationShift-v0,Reviewer1ObservationShift-v0,native_gymnasium_observation,same_input_crisp,11010,train,1620,,,1620,17,-2.020000000000001,160,0.0,1620,70,0.0028143557058813583,0.01376560889184475,0,0,3,2.9298096999991685,2.9298096999991685,0.0,2.9298096999991685,0.0,d1991e82fa1ea0337d3d6296e2c904f22359ea22,1.8.0,7cc5bc598cfd6850415c80c2a5f22423f37a7ce8561077a69366f06d0ab14b1d,True,3.14.3,2.11.0+cpu,2.4.3,1.3.0,3.1.0,not-installed,not-installed,0.09999999999999994,0.0,9.8099714e-05,0.0008844555008456903,309.0,1.0,0.0,0.0,0.0,0.0,0.01875,0.0996875,0.9003125000000001,0.0,0.0996875,0.0,0.18730326886563872,0.7366856789478525,0.98125,0.98125,0.98125,0.01875,3.0,0.01875,exact,73.988125,23.05,neural,309.0,1236.0,12360.0,nan,0.0,0.0,nan,,,,,,,,,,,,,,,
reviewer1_observation_shift_smoke,reviewer1_observation_shift_smoke,configs/reviewer1_remaining/smoke/observation_shift.yaml,Reviewer1-observation-shift-smoke,Reviewer1ObservationShift-v0,Reviewer1ObservationShift-v0,native_gymnasium_observation,same_input_crisp,11010,train,1762,,,1762,18,-0.8300000000000012,142,1.0,1762,79,0.00283032736994836,0.01376560889184475,0,0,3,3.135437800003274,3.135437800003274,0.0,3.135437800003274,0.0,d1991e82fa1ea0337d3d6296e2c904f22359ea22,1.8.0,7cc5bc598cfd6850415c80c2a5f22423f37a7ce8561077a69366f06d0ab14b1d,True,3.14.3,2.11.0+cpu,2.4.3,1.3.0,3.1.0,not-installed,not-installed,0.0897260273972602,0.0,0.050104164,0.03977541398365578,334.0,0.0,0.0,0.0,0.0,1.0,0.1267605633802817,0.06267605633802815,0.937323943661972,0.0,0.06267605633802815,0.0,0.14060645720624176,0.6323462300132345,0.8732394366197183,0.8732394366197183,0.8732394366197183,0.1267605633802817,18.0,0.1267605633802817,exact,80.64577464788732,21.9,neural,334.0,1336.0,13360.0,nan,0.0,0.0,nan,,,,,,,,,,,,,,,
reviewer1_observation_shift_smoke,reviewer1_observation_shift_smoke,configs/reviewer1_remaining/smoke/observation_shift.yaml,Reviewer1-observation-shift-smoke,Reviewer1ObservationShift-v0,Reviewer1ObservationShift-v0,native_gymnasium_observation,same_input_crisp,11010,train,1869,,,1869,19,-0.5400000000000011,107,1.0,1869,85,0.002768097406891791,0.01376560889184475,0,0,3,3.2862240000031306,3.2862240000031306,0.0,3.2862240000031306,0.0,d1991e82fa1ea0337d3d6296e2c904f22359ea22,1.8.0,7cc5bc598cfd6850415c80c2a5f22423f37a7ce8561077a69366f06d0ab14b1d,True,3.14.3,2.11.0+cpu,2.4.3,1.3.0,3.1.0,not-installed,not-installed,0.08499999999999992,0.0,0.050337926,0.03857546816814513,351.0,0.0,0.0,0.0,0.0,1.0,0.2803738317757009,0.03598130841121495,0.964018691588785,0.0,0.03598130841121495,0.05,0.053740098985322095,0.5674582134330033,0.719626168224299,0.719626168224299,0.719626168224299,0.2803738317757009,30.0,0.2803738317757009,exact,64.73084112149535,22.4,neural,351.0,1404.0,14040.0,nan,0.0,0.0,nan,,,,,,,,,,,,,,,
reviewer1_observation_shift_smoke,reviewer1_observation_shift_smoke,configs/reviewer1_remaining/smoke/observation_shift.yaml,Reviewer1-observation-shift-smoke,Reviewer1ObservationShift-v0,Reviewer1ObservationShift-v0,native_gymnasium_observation,same_input_crisp,11010,train,2029,,,2029,20,-2.010000000000001,160,0.0,2029,95,0.0027470168160921037,0.01376560889184475,0,0,3,3.6685467999996035,3.6685467999996035,0.0,3.6685467999996035,0.0,d1991e82fa1ea0337d3d6296e2c904f22359ea22,1.8.0,7cc5bc598cfd6850415c80c2a5f22423f37a7ce8561077a69366f06d0ab14b1d,True,3.14.3,2.11.0+cpu,2.4.3,1.3.0,3.1.0,not-installed,not-installed,0.07783505154639166,0.0,0.00011907885,0.0008469864932035705,376.0,1.0,0.0,0.0,0.0,0.0,0.225,0.03874999999999999,0.9612499999999999,0.0,0.03874999999999999,0.0,0.15575706838894923,0.4785337832114748,0.775,0.775,0.775,0.225,36.0,0.225,exact,105.67937500000001,26.35,neural,376.0,1504.0,15040.0,nan,0.0,0.0,nan,,,,,,,,,,,,,,,
reviewer1_observation_shift_smoke,reviewer1_observation_shift_smoke,configs/reviewer1_remaining/smoke/observation_shift.yaml,Reviewer1-observation-shift-smoke,Reviewer1ObservationShift-v0,Reviewer1ObservationShift-v0,native_gymnasium_observation,same_input_crisp,11010,train,2036,,,2036,21,0.92,7,1.0,2036,96,0.0028493178875805825,0.01376560889184475,0,0,3,3.6799032999988412,3.6799032999988412,0.0,3.6799032999988412,0.0,d1991e82fa1ea0337d3d6296e2c904f22359ea22,1.8.0,7cc5bc598cfd6850415c80c2a5f22423f37a7ce8561077a69366f06d0ab14b1d,True,3.14.3,2.11.0+cpu,2.4.3,1.3.0,3.1.0,not-installed,not-installed,0.07704081632653052,0.0,0.050133467,0.03642378637464062,380.0,0.0,0.0,0.0,0.0,1.0,0.42857142857142855,0.028571428571428574,0.9714285714285714,0.0,0.028571428571428574,0.05,0.1263995525306258,0.5458064842690862,0.5714285714285714,0.5714285714285714,0.5714285714285714,0.42857142857142855,3.0,0.42857142857142855,exact,103.04285714285713,18.1,neural,380.0,1520.0,15200.0,nan,0.0,0.0,nan,,,,,,,,,,,,,,,
reviewer1_observation_shift_smoke,reviewer1_observation_shift_smoke,configs/reviewer1_remaining/smoke/observation_shift.yaml,Reviewer1-observation-shift-smoke,Reviewer1ObservationShift-v0,Reviewer1ObservationShift-v0,native_gymnasium_observation,same_input_crisp,11010,train,2196,,,2196,22,-1.9600000000000015,160,0.0,2196,106,0.002592228014382615,0.01376560889184475,0,0,3,4.100510500000382,4.100510500000382,0.0,4.100510500000382,0.0,d1991e82fa1ea0337d3d6296e2c904f22359ea22,1.8.0,7cc5bc598cfd6850415c80c2a5f22423f37a7ce8561077a69366f06d0ab14b1d,True,3.14.3,2.11.0+cpu,2.4.3,1.3.0,3.1.0,not-installed,not-installed,0.08070175438596484,0.0,0.000109539375,0.0011311406590712168,402.0,1.0,0.0,0.0,0.0,0.0,0.04375,0.16593749999999993,0.8340624999999999,0.0,0.16593749999999993,0.0,0.22956283967200158,0.7143227765221921,0.95625,0.95625,0.95625,0.04375,7.0,0.04375,exact,98.46062500000001,26.15,neural,402.0,1608.0,16080.0,nan,0.0,0.0,nan,,,,,,,,,,,,,,,
reviewer1_observation_shift_smoke,reviewer1_observation_shift_smoke,configs/reviewer1_remaining/smoke/observation_shift.yaml,Reviewer1-observation-shift-smoke,Reviewer1ObservationShift-v0,Reviewer1ObservationShift-v0,native_gymnasium_observation,same_input_crisp,11010,train,2291,,,2291,23,-0.13000000000000056,95,1.0,2291,112,0.002567578346608051,0.01376560889184475,0,0,3,4.238219400001981,4.238219400001981,0.0,4.238219400001981,0.0,d1991e82fa1ea0337d3d6296e2c904f22359ea22,1.8.0,7cc5bc598cfd6850415c80c2a5f22423f37a7ce8561077a69366f06d0ab14b1d,True,3.14.3,2.11.0+cpu,2.4.3,1.3.0,3.1.0,not-installed,not-installed,0.07674418604651165,0.0,0.05008308,0.03732598302089516,418.0,0.0,0.0,0.0,0.0,1.0,0.010526315789473684,0.0494736842105263,0.9505263157894738,0.0,0.0494736842105263,0.0,0.1960209461410914,0.8864217852921265,0.9894736842105263,0.9894736842105263,0.9894736842105263,0.010526315789473684,1.0,0.010526315789473684,exact,131.62421052631578,21.8,neural,418.0,1672.0,16720.0,nan,0.0,0.0,nan,,,,,,,,,,,,,,,
reviewer1_observation_shift_smoke,reviewer1_observation_shift_smoke,configs/reviewer1_remaining/smoke/observation_shift.yaml,Reviewer1-observation-shift-smoke,Reviewer1ObservationShift-v0,Reviewer1ObservationShift-v0,native_gymnasium_observation,same_input_crisp,11010,train,2451,,,2451,24,-2.0700000000000003,160,0.0,2451,122,0.0027510776430152294,0.01376560889184475,0,0,3,4.525561200003722,4.525561200003722,0.0,4.525561200003722,0.0,d1991e82fa1ea0337d3d6296e2c904f22359ea22,1.8.0,7cc5bc598cfd6850415c80c2a5f22423f37a7ce8561077a69366f06d0ab14b1d,True,3.14.3,2.11.0+cpu,2.4.3,1.3.0,3.1.0,not-installed,not-installed,0.07748344370860936,0.0,0.00015978121,0.0012287210994176437,441.0,1.0,0.0,0.0,0.0,0.0,0.075,0.09687500000000002,0.903125,0.0,0.09687500000000002,0.0,0.23867654886870932,0.6922085671133709,0.925,0.925,0.925,0.075,12.0,0.075,exact,113.34750000000001,23.85,neural,441.0,1764.0,17640.0,nan,0.0,0.0,nan,,,,,,,,,,,,,,,
reviewer1_observation_shift_smoke,reviewer1_observation_shift_smoke,configs/reviewer1_remaining/smoke/observation_shift.yaml,Reviewer1-observation-shift-smoke,Reviewer1ObservationShift-v0,Reviewer1ObservationShift-v0,native_gymnasium_observation,same_input_crisp,11010,train,2611,,,2611,25,-2.11,160,0.0,2611,132,0.0029053788463319174,0.01376560889184475,0,0,3,4.827507200003311,4.827507200003311,0.0,4.827507200003311,0.0,d1991e82fa1ea0337d3d6296e2c904f22359ea22,1.8.0,7cc5bc598cfd6850415c80c2a5f22423f37a7ce8561077a69366f06d0ab14b1d,True,3.14.3,2.11.0+cpu,2.4.3,1.3.0,3.1.0,not-installed,not-installed,0.07118644067796626,0.0,0.0001485168,0.0010601141469055878,473.0,1.0,0.0,0.0,0.0,0.0,0.25,0.03749999999999999,0.9625,0.0,0.03749999999999999,0.012499999999999997,0.1617735935814651,0.5574283911292877,0.75,0.75,0.75,0.25,40.0,0.25,exact,140.84375,25.700000000000003,neural,473.0,1892.0,18920.0,nan,0.0,0.0,nan,,,,,,,,,,,,,,,
reviewer1_observation_shift_smoke,reviewer1_observation_shift_smoke,configs/reviewer1_remaining/smoke/observation_shift.yaml,Reviewer1-observation-shift-smoke,Reviewer1ObservationShift-v0,Reviewer1ObservationShift-v0,native_gymnasium_observation,same_input_crisp,11010,train,2771,,,2771,26,-2.0600000000000005,160,0.0,2771,142,0.002787860238525572,0.01376560889184475,0,0,3,5.177486400003545,5.177486400003545,0.0,5.177486400003545,0.0,d1991e82fa1ea0337d3d6296e2c904f22359ea22,1.8.0,7cc5bc598cfd6850415c80c2a5f22423f37a7ce8561077a69366f06d0ab14b1d,True,3.14.3,2.11.0+cpu,2.4.3,1.3.0,3.1.0,not-installed,not-installed,0.0684895833333335,0.0,0.00012342058,0.001386445697205107,505.0,1.0,0.0,0.0,0.0,0.0,0.35,0.032499999999999994,0.9675,0.0,0.032499999999999994,0.05,0.1619356164828613,0.7232601693180443,0.65,0.65,0.65,0.35,56.0,0.35,exact,98.45750000000001,24.35,neural,505.0,2020.0,20200.0,nan,0.0,0.0,nan,,,,,,,,,,,,,,,
reviewer1_observation_shift_smoke,reviewer1_observation_shift_smoke,configs/reviewer1_remaining/smoke/observation_shift.yaml,Reviewer1-observation-shift-smoke,Reviewer1ObservationShift-v0,Reviewer1ObservationShift-v0,native_gymnasium_observation,same_input_crisp,11010,train,2931,,,2931,27,-1.9600000000000015,160,0.0,2931,152,0.0029826636474162547,0.023250244557857513,0,0,3,5.517725800003973,5.517725800003973,0.0,5.517725800003973,0.0,d1991e82fa1ea0337d3d6296e2c904f22359ea22,1.8.0,7cc5bc598cfd6850415c80c2a5f22423f37a7ce8561077a69366f06d0ab14b1d,True,3.14.3,2.11.0+cpu,2.4.3,1.3.0,3.1.0,not-installed,not-installed,0.06504629629629652,0.0,0.00014409819,0.0020624917104552715,542.0,1.0,0.0,0.0,0.0,0.0,0.31875,0.034062499999999996,0.9659375000000001,0.0,0.034062499999999996,0.05,0.07649409782626854,0.798756707782871,0.68125,0.68125,0.68125,0.31875,51.0,0.31875,exact,132.04375,23.5,neural,542.0,2168.0,21680.0,nan,0.0,0.0,nan,,,,,,,,,,,,,,,
reviewer1_observation_shift_smoke,reviewer1_observation_shift_smoke,configs/reviewer1_remaining/smoke/observation_shift.yaml,Reviewer1-observation-shift-smoke,Reviewer1ObservationShift-v0,Reviewer1ObservationShift-v0,native_gymnasium_observation,same_input_crisp,11010,train,3091,,,3091,28,-1.9500000000000015,160,0.0,3091,162,0.002878633090886855,0.023250244557857513,0,0,3,5.792305000002671,5.792305000002671,0.0,5.792305000002671,0.0,d1991e82fa1ea0337d3d6296e2c904f22359ea22,1.8.0,7cc5bc598cfd6850415c80c2a5f22423f37a7ce8561077a69366f06d0ab14b1d,True,3.14.3,2.11.0+cpu,2.4.3,1.3.0,3.1.0,not-installed,not-installed,0.06316872427983566,0.0,0.0030989507,0.002184929300353994,565.0,1.0,0.0,0.0,0.0,0.0,0.05625,0.04718749999999999,0.9528125,0.0,0.04718749999999999,0.0,0.15314152592623947,0.7399397256794011,0.94375,0.94375,0.94375,0.05625,9.0,0.05625,exact,133.318125,22.799999999999997,neural,565.0,2260.0,22600.0,nan,0.0,0.0,nan,,,,,,,,,,,,,,,
reviewer1_observation_shift_smoke,reviewer1_observation_shift_smoke,configs/reviewer1_remaining/smoke/observation_shift.yaml,Reviewer1-observation-shift-smoke,Reviewer1ObservationShift-v0,Reviewer1ObservationShift-v0,native_gymnasium_observation,same_input_crisp,11010,train,3251,,,3251,29,-2.0400000000000005,160,0.0,3251,172,0.002779833103928933,0.023250244557857513,0,0,3,6.195791799997096,6.195791799997096,0.0,6.195791799997096,0.0,d1991e82fa1ea0337d3d6296e2c904f22359ea22,1.8.0,7cc5bc598cfd6850415c80c2a5f22423f37a7ce8561077a69366f06d0ab14b1d,True,3.14.3,2.11.0+cpu,2.4.3,1.3.0,3.1.0,not-installed,not-installed,0.06098901098901129,0.0,9.642672e-05,0.0024038202795086346,583.0,1.0,0.0,0.0,0.0,0.0,0.175,0.041249999999999995,0.9587499999999999,0.0,0.041249999999999995,0.0,0.18414010043278636,0.5868292613663899,0.825,0.825,0.825,0.175,28.0,0.175,exact,144.411875,26.25,neural,583.0,2332.0,23320.0,nan,0.0,0.0,nan,,,,,,,,,,,,,,,
reviewer1_observation_shift_smoke,reviewer1_observation_shift_smoke,configs/reviewer1_remaining/smoke/observation_shift.yaml,Reviewer1-observation-shift-smoke,Reviewer1ObservationShift-v0,Reviewer1ObservationShift-v0,native_gymnasium_observation,same_input_crisp,11010,train,3253,,,3253,30,0.99,2,1.0,3253,172,0.002779833103928933,0.023250244557857513,0,0,3,6.199377299999469,6.199377299999469,0.0,6.199377299999469,0.0,d1991e82fa1ea0337d3d6296e2c904f22359ea22,1.8.0,7cc5bc598cfd6850415c80c2a5f22423f37a7ce8561077a69366f06d0ab14b1d,True,3.14.3,2.11.0+cpu,2.4.3,1.3.0,3.1.0,not-installed,not-installed,0.06098901098901129,0.0,0.050091777,0.03828035332559282,585.0,0.0,0.0,0.0,0.0,1.0,1.0,0.0,1.0,0.0,0.0,0.0,0.0,0.45652537401966775,0.0,0.0,0.0,1.0,2.0,1.0,support-boundary collapse,27.3,27.3,neural,585.0,2340.0,23400.0,nan,0.0,0.0,nan,,,,,,,,,,,,,,,
reviewer1_observation_shift_smoke,reviewer1_observation_shift_smoke,configs/reviewer1_remaining/smoke/observation_shift.yaml,Reviewer1-observation-shift-smoke,Reviewer1ObservationShift-v0,Reviewer1ObservationShift-v0,native_gymnasium_observation,same_input_crisp,11010,train,3273,,,3273,31,0.7,20,1.0,3273,173,0.0027643656922324974,0.023250244557857513,0,0,3,6.226145799999358,6.226145799999358,0.0,6.226145799999358,0.0,d1991e82fa1ea0337d3d6296e2c904f22359ea22,1.8.0,7cc5bc598cfd6850415c80c2a5f22423f37a7ce8561077a69366f06d0ab14b1d,True,3.14.3,2.11.0+cpu,2.4.3,1.3.0,3.1.0,not-installed,not-installed,0.06090909090909122,0.0,0.06808305,0.05109768347850122,590.0,0.0,0.0,0.0,0.0,1.0,0.5,0.025,0.9749999999999999,0.0,0.025,0.05,0.045261690658782515,0.5373134028767683,0.5,0.5,0.5,0.5,10.0,0.5,exact,92.47999999999999,19.9,neural,590.0,2360.0,23600.0,nan,0.0,0.0,nan,,,,,,,,,,,,,,,
reviewer1_observation_shift_smoke,reviewer1_observation_shift_smoke,configs/reviewer1_remaining/smoke/observation_shift.yaml,Reviewer1-observation-shift-smoke,Reviewer1ObservationShift-v0,Reviewer1ObservationShift-v0,native_gymnasium_observation,same_input_crisp,11010,train,3431,,,3431,32,-0.9600000000000015,158,1.0,3431,183,0.0027314720935693337,0.023250244557857513,0,0,3,6.535538000003726,6.535538000003726,0.0,6.535538000003726,0.0,d1991e82fa1ea0337d3d6296e2c904f22359ea22,1.8.0,7cc5bc598cfd6850415c80c2a5f22423f37a7ce8561077a69366f06d0ab14b1d,True,3.14.3,2.11.0+cpu,2.4.3,1.3.0,3.1.0,not-installed,not-installed,0.05877483443708642,0.0,0.05016039,0.03377013278035167,624.0,0.0,0.0,0.0,0.0,1.0,0.15822784810126583,0.042088607594936704,0.9579113924050633,0.0,0.042088607594936704,0.0,0.0892593742578332,0.6790774867091317,0.8417721518987342,0.8417721518987342,0.8417721518987342,0.15822784810126583,25.0,0.15822784810126583,exact,140.3120253164557,23.0,neural,624.0,2496.0,24960.0,nan,0.0,0.0,nan,,,,,,,,,,,,,,,
reviewer1_observation_shift_smoke,reviewer1_observation_shift_smoke,configs/reviewer1_remaining/smoke/observation_shift.yaml,Reviewer1-observation-shift-smoke,Reviewer1ObservationShift-v0,Reviewer1ObservationShift-v0,native_gymnasium_observation,same_input_crisp,11010,train,3510,,,3510,33,-0.0400000000000007,79,1.0,3510,188,0.0027181106613189763,0.023250244557857513,0,0,3,6.641983900000923,6.641983900000923,0.0,6.641983900000923,0.0,d1991e82fa1ea0337d3d6296e2c904f22359ea22,1.8.0,7cc5bc598cfd6850415c80c2a5f22423f37a7ce8561077a69366f06d0ab14b1d,True,3.14.3,2.11.0+cpu,2.4.3,1.3.0,3.1.0,not-installed,not-installed,0.058121019108280596,0.0,0.051000133,0.035696852957291504,638.0,0.0,0.0,0.0,0.0,1.0,0.26582278481012656,0.03670886075949365,0.9632911392405068,0.0,0.03670886075949365,0.05,0.17751727836811476,0.38063285620932275,0.7341772151898734,0.7341772151898734,0.7341772151898734,0.26582278481012656,21.0,0.26582278481012656,exact,119.17974683544303,20.8,neural,638.0,2552.0,25520.0,nan,0.0,0.0,nan,,,,,,,,,,,,,,,
reviewer1_observation_shift_smoke,reviewer1_observation_shift_smoke,configs/reviewer1_remaining/smoke/observation_shift.yaml,Reviewer1-observation-shift-smoke,Reviewer1ObservationShift-v0,Reviewer1ObservationShift-v0,native_gymnasium_observation,same_input_crisp,11010,train,3642,,,3642,34,-0.6800000000000013,132,1.0,3642,196,0.0026727310815862883,0.023250244557857513,0,0,3,6.886859300000651,6.886859300000651,0.0,6.886859300000651,0.0,d1991e82fa1ea0337d3d6296e2c904f22359ea22,1.8.0,7cc5bc598cfd6850415c80c2a5f22423f37a7ce8561077a69366f06d0ab14b1d,True,3.14.3,2.11.0+cpu,2.4.3,1.3.0,3.1.0,not-installed,not-installed,0.06279411764705918,0.0,0.050203737,0.031188434564125702,643.0,0.0,0.0,0.0,0.0,1.0,0.0,0.17272727272727273,0.8272727272727274,0.0,0.17272727272727273,0.0,0.34646478529870467,0.5831522125045754,1.0,1.0,1.0,0.0,0.0,0.0,exact,170.74545454545455,24.6,neural,643.0,2572.0,25720.0,nan,0.0,0.0,nan,,,,,,,,,,,,,,,
reviewer1_observation_shift_smoke,reviewer1_observation_shift_smoke,configs/reviewer1_remaining/smoke/observation_shift.yaml,Reviewer1-observation-shift-smoke,Reviewer1ObservationShift-v0,Reviewer1ObservationShift-v0,native_gymnasium_observation,same_input_crisp,11010,train,3697,,,3697,35,0.35999999999999965,55,1.0,3697,200,0.002669815052358899,0.023250244557857513,0,0,3,6.989229600003455,6.989229600003455,0.0,6.989229600003455,0.0,d1991e82fa1ea0337d3d6296e2c904f22359ea22,1.8.0,7cc5bc598cfd6850415c80c2a5f22423f37a7ce8561077a69366f06d0ab14b1d,True,3.14.3,2.11.0+cpu,2.4.3,1.3.0,3.1.0,not-installed,not-installed,0.06225071225071262,0.0,0.053098284,0.035018318031557874,653.0,0.0,0.0,0.0,0.0,1.0,0.05454545454545454,0.04727272727272725,0.9527272727272731,0.0,0.04727272727272725,0.0,0.14459282063454584,0.4130207052595142,0.9454545454545454,0.9454545454545454,0.9454545454545454,0.05454545454545454,3.0,0.05454545454545454,exact,151.62727272727273,28.0,neural,653.0,2612.0,26120.0,nan,0.0,0.0,nan,,,,,,,,,,,,,,,
reviewer1_observation_shift_smoke,reviewer1_observation_shift_smoke,configs/reviewer1_remaining/smoke/observation_shift.yaml,Reviewer1-observation-shift-smoke,Reviewer1ObservationShift-v0,Reviewer1ObservationShift-v0,native_gymnasium_observation,same_input_crisp,11010,train,3757,,,3757,36,0.2699999999999996,60,1.0,3757,203,0.002680382510607608,0.023250244557857513,0,0,3,7.055647000001045,7.055647000001045,0.0,7.055647000001045,0.0,d1991e82fa1ea0337d3d6296e2c904f22359ea22,1.8.0,7cc5bc598cfd6850415c80c2a5f22423f37a7ce8561077a69366f06d0ab14b1d,True,3.14.3,2.11.0+cpu,2.4.3,1.3.0,3.1.0,not-installed,not-installed,0.061731843575419366,0.0,0.05254289,0.031911218983607374,666.0,0.0,0.0,0.0,0.0,1.0,0.16666666666666666,0.04166666666666665,0.9583333333333336,0.0,0.04166666666666665,0.0,0.14323475363571875,0.6001388771813333,0.8333333333333334,0.8333333333333334,0.8333333333333334,0.16666666666666666,10.0,0.16666666666666666,exact,111.5333333333333,19.2,neural,666.0,2664.0,26640.0,nan,0.0,0.0,nan,,,,,,,,,,,,,,,
reviewer1_observation_shift_smoke,reviewer1_observation_shift_smoke,configs/reviewer1_remaining/smoke/observation_shift.yaml,Reviewer1-observation-shift-smoke,Reviewer1ObservationShift-v0,Reviewer1ObservationShift-v0,native_gymnasium_observation,same_input_crisp,11010,train,3917,,,3917,37,-2.0600000000000005,160,0.0,3917,213,0.002604594509610021,0.023250244557857513,0,0,3,7.3325476000027265,7.3325476000027265,0.0,7.3325476000027265,0.0,d1991e82fa1ea0337d3d6296e2c904f22359ea22,1.8.0,7cc5bc598cfd6850415c80c2a5f22423f37a7ce8561077a69366f06d0ab14b1d,True,3.14.3,2.11.0+cpu,2.4.3,1.3.0,3.1.0,not-installed,not-installed,0.06683417085427175,0.0,0.000103355174,0.0013495601166639754,683.0,1.0,0.0,0.0,0.0,0.0,0.21875,0.0953125,0.9046875,0.0,0.0953125,0.0,0.22188060744302102,0.48298904781073543,0.78125,0.78125,0.78125,0.21875,35.0,0.21875,exact,186.660625,24.200000000000003,neural,683.0,2732.0,27320.0,nan,0.0,0.0,nan,,,,,,,,,,,,,,,
reviewer1_observation_shift_smoke,reviewer1_observation_shift_smoke,configs/reviewer1_remaining/smoke/observation_shift.yaml,Reviewer1-observation-shift-smoke,Reviewer1ObservationShift-v0,Reviewer1ObservationShift-v0,native_gymnasium_observation,same_input_crisp,11010,train,4077,,,4077,38,-2.0400000000000005,160,0.0,4077,223,0.002545182011253357,0.023250244557857513,0,0,3,7.782441199997265,7.782441199997265,0.0,7.782441199997265,0.0,d1991e82fa1ea0337d3d6296e2c904f22359ea22,1.8.0,7cc5bc598cfd6850415c80c2a5f22423f37a7ce8561077a69366f06d0ab14b1d,True,3.14.3,2.11.0+cpu,2.4.3,1.3.0,3.1.0,not-installed,not-installed,0.06533957845433296,0.0,9.925519e-05,0.003248967429251832,701.0,1.0,0.0,0.0,0.0,0.0,0.1875,0.040625,0.959375,0.0,0.040625,0.0,0.20438964394220557,0.6399606170580332,0.8125,0.8125,0.8125,0.1875,30.0,0.1875,exact,147.12374999999997,28.4,neural,701.0,2804.0,28040.0,nan,0.0,0.0,nan,,,,,,,,,,,,,,,
reviewer1_observation_shift_smoke,reviewer1_observation_shift_smoke,configs/reviewer1_remaining/smoke/observation_shift.yaml,Reviewer1-observation-shift-smoke,Reviewer1ObservationShift-v0,Reviewer1ObservationShift-v0,native_gymnasium_observation,same_input_crisp,11010,train,4237,,,4237,39,-1.9900000000000015,160,0.0,4237,233,0.0024405857201026354,0.023250244557857513,0,0,3,8.06058650000341,8.06058650000341,0.0,8.06058650000341,0.0,d1991e82fa1ea0337d3d6296e2c904f22359ea22,1.8.0,7cc5bc598cfd6850415c80c2a5f22423f37a7ce8561077a69366f06d0ab14b1d,True,3.14.3,2.11.0+cpu,2.4.3,1.3.0,3.1.0,not-installed,not-installed,0.06831140350877235,0.0,0.00012696393,0.002462758568244992,722.0,1.0,0.0,0.0,0.0,0.0,0.0,0.0725,0.9275,0.0,0.0725,0.0,0.26783644268234896,0.6646265897238823,1.0,1.0,1.0,0.0,0.0,0.0,exact,152.445,24.75,neural,722.0,2888.0,28880.0,nan,0.0,0.0,nan,,,,,,,,,,,,,,,
reviewer1_observation_shift_smoke,reviewer1_observation_shift_smoke,configs/reviewer1_remaining/smoke/observation_shift.yaml,Reviewer1-observation-shift-smoke,Reviewer1ObservationShift-v0,Reviewer1ObservationShift-v0,native_gymnasium_observation,same_input_crisp,11010,train,4397,,,4397,40,-1.9700000000000015,160,0.0,4397,243,0.00243303771292728,0.023250244557857513,0,0,3,8.500612700001511,8.500612700001511,0.0,8.500612700001511,0.0,d1991e82fa1ea0337d3d6296e2c904f22359ea22,1.8.0,7cc5bc598cfd6850415c80c2a5f22423f37a7ce8561077a69366f06d0ab14b1d,True,3.14.3,2.11.0+cpu,2.4.3,1.3.0,3.1.0,not-installed,not-installed,0.06876288659793851,0.0,0.0001558997,0.0014020060403495327,740.0,1.0,0.0,0.0,0.0,0.0,0.125,0.06625,0.9337500000000001,0.0,0.06625,0.0,0.22994970731205927,0.6303206599447384,0.875,0.875,0.875,0.125,20.0,0.125,exact,249.375,29.05,neural,740.0,2960.0,29600.0,nan,0.0,0.0,nan,,,,,,,,,,,,,,,
reviewer1_observation_shift_smoke,reviewer1_observation_shift_smoke,configs/reviewer1_remaining/smoke/observation_shift.yaml,Reviewer1-observation-shift-smoke,Reviewer1ObservationShift-v0,Reviewer1ObservationShift-v0,native_gymnasium_observation,same_input_crisp,11010,train,4557,,,4557,41,-1.9700000000000015,160,0.0,4557,253,0.002380965444942768,0.023250244557857513,0,0,3,8.819584099997883,8.819584099997883,0.0,8.819584099997883,0.0,d1991e82fa1ea0337d3d6296e2c904f22359ea22,1.8.0,7cc5bc598cfd6850415c80c2a5f22423f37a7ce8561077a69366f06d0ab14b1d,True,3.14.3,2.11.0+cpu,2.4.3,1.3.0,3.1.0,not-installed,not-installed,0.06958661417322859,0.0,0.00013213117,0.001756903294944056,756.0,1.0,0.0,0.0,0.0,0.0,0.075,0.08562500000000002,0.914375,0.0,0.08562500000000002,0.0,0.22002249347162195,0.6205742671727585,0.925,0.925,0.925,0.075,12.0,0.075,exact,128.964375,24.15,neural,756.0,3024.0,30240.0,nan,0.0,0.0,nan,,,,,,,,,,,,,,,
reviewer1_observation_shift_smoke,reviewer1_observation_shift_smoke,configs/reviewer1_remaining/smoke/observation_shift.yaml,Reviewer1-observation-shift-smoke,Reviewer1ObservationShift-v0,Reviewer1ObservationShift-v0,native_gymnasium_observation,same_input_crisp,11010,train,4717,,,4717,42,-2.0600000000000014,160,0.0,4717,263,0.002296611790965464,0.023250244557857513,0,0,3,9.164274599999771,9.164274599999771,0.0,9.164274599999771,0.0,d1991e82fa1ea0337d3d6296e2c904f22359ea22,1.8.0,7cc5bc598cfd6850415c80c2a5f22423f37a7ce8561077a69366f06d0ab14b1d,True,3.14.3,2.11.0+cpu,2.4.3,1.3.0,3.1.0,not-installed,not-installed,0.06730418943533703,0.0,6.853726e-05,0.0015475302227594679,780.0,1.0,0.0,0.0,0.0,0.0,0.2375,0.038125,0.9618749999999998,0.0,0.038125,0.0,0.21485837340471456,0.5911273710951235,0.7625,0.7625,0.7625,0.2375,38.0,0.2375,exact,215.695625,28.85,neural,780.0,3120.0,31200.0,nan,0.0,0.0,nan,,,,,,,,,,,,,,,
reviewer1_observation_shift_smoke,reviewer1_observation_shift_smoke,configs/reviewer1_remaining/smoke/observation_shift.yaml,Reviewer1-observation-shift-smoke,Reviewer1ObservationShift-v0,Reviewer1ObservationShift-v0,native_gymnasium_observation,same_input_crisp,11010,train,4762,,,4762,43,0.4999999999999998,45,1.0,4762,266,0.0023535830761310145,0.023250244557857513,0,0,3,9.231396900002437,9.231396900002437,0.0,9.231396900002437,0.0,d1991e82fa1ea0337d3d6296e2c904f22359ea22,1.8.0,7cc5bc598cfd6850415c80c2a5f22423f37a7ce8561077a69366f06d0ab14b1d,True,3.14.3,2.11.0+cpu,2.4.3,1.3.0,3.1.0,not-installed,not-installed,0.06657706093189968,0.0,0.05011497,0.03310146672089251,795.0,0.0,0.0,0.0,0.0,1.0,0.5777777777777777,0.02111111111111112,0.9788888888888893,0.0,0.02111111111111112,0.05,0.027808555105327003,0.6385180765451339,0.4222222222222222,0.4222222222222222,0.4222222222222222,0.5777777777777777,26.0,0.5777777777777777,support-boundary collapse,145.9466666666667,26.0,neural,795.0,3180.0,31800.0,nan,0.0,0.0,nan,,,,,,,,,,,,,,,
reviewer1_observation_shift_smoke,reviewer1_observation_shift_smoke,configs/reviewer1_remaining/smoke/observation_shift.yaml,Reviewer1-observation-shift-smoke,Reviewer1ObservationShift-v0,Reviewer1ObservationShift-v0,native_gymnasium_observation,same_input_crisp,11010,train,4813,,,4813,44,0.37999999999999967,51,1.0,4813,269,0.0024090623324289034,0.023250244557857513,0,0,3,9.309708200002206,9.309708200002206,0.0,9.309708200002206,0.0,d1991e82fa1ea0337d3d6296e2c904f22359ea22,1.8.0,7cc5bc598cfd6850415c80c2a5f22423f37a7ce8561077a69366f06d0ab14b1d,True,3.14.3,2.11.0+cpu,2.4.3,1.3.0,3.1.0,not-installed,not-installed,0.06590509666080843,0.0,0.053757876,0.03187786563301256,804.0,0.0,0.0,0.0,0.0,1.0,0.2549019607843137,0.03725490196078431,0.9627450980392158,0.0,0.03725490196078431,0.025,0.16178246893130263,0.7537700651456234,0.7450980392156863,0.7450980392156863,0.7450980392156863,0.2549019607843137,13.0,0.2549019607843137,exact,148.2,21.0,neural,804.0,3216.0,32160.0,nan,0.0,0.0,nan,,,,,,,,,,,,,,,
reviewer1_observation_shift_smoke,reviewer1_observation_shift_smoke,configs/reviewer1_remaining/smoke/observation_shift.yaml,Reviewer1-observation-shift-smoke,Reviewer1ObservationShift-v0,Reviewer1ObservationShift-v0,native_gymnasium_observation,same_input_crisp,11010,train,4973,,,4973,45,-2.0900000000000003,160,0.0,4973,279,0.002377022570557183,0.023250244557857513,0,0,3,9.672390200001246,9.672390200001246,0.0,9.672390200001246,0.0,d1991e82fa1ea0337d3d6296e2c904f22359ea22,1.8.0,7cc5bc598cfd6850415c80c2a5f22423f37a7ce8561077a69366f06d0ab14b1d,True,3.14.3,2.11.0+cpu,2.4.3,1.3.0,3.1.0,not-installed,not-installed,0.07182866556836892,0.0,0.00016467659,0.000968975790842761,824.0,1.0,0.0,0.0,0.0,0.0,0.13125,0.20656249999999998,0.7934374999999999,0.0,0.20656249999999998,0.0,0.2766274057180774,0.6606872794675221,0.86875,0.86875,0.86875,0.13125,21.0,0.13125,exact,169.77249999999998,26.8,neural,824.0,3296.0,32960.0,nan,0.0,0.0,nan,,,,,,,,,,,,,,,
reviewer1_observation_shift_smoke,reviewer1_observation_shift_smoke,configs/reviewer1_remaining/smoke/observation_shift.yaml,Reviewer1-observation-shift-smoke,Reviewer1ObservationShift-v0,Reviewer1ObservationShift-v0,native_gymnasium_observation,same_input_crisp,11010,train,5003,,,5003,46,0.69,30,1.0,5003,281,0.0023608973811776626,0.023250244557857513,0,0,3,9.721233700001903,9.721233700001903,0.0,9.721233700001903,0.0,d1991e82fa1ea0337d3d6296e2c904f22359ea22,1.8.0,7cc5bc598cfd6850415c80c2a5f22423f37a7ce8561077a69366f06d0ab14b1d,True,3.14.3,2.11.0+cpu,2.4.3,1.3.0,3.1.0,not-installed,not-installed,0.07455138662316466,0.0,0.03508286,0.03010465655197853,826.0,0.0,0.0,0.0,0.0,1.0,0.0,0.5300000000000001,0.46999999999999986,0.0,0.5300000000000001,0.8999999999999999,0.44443413280471816,0.5254834899704112,1.0,1.0,1.0,0.0,0.0,0.0,exact,157.18,24.6,memory,826.0,3304.0,33040.0,nan,0.0,0.0,nan,,,,,,,,,,,,,,,
reviewer1_observation_shift_smoke,reviewer1_observation_shift_smoke,configs/reviewer1_remaining/smoke/observation_shift.yaml,Reviewer1-observation-shift-smoke,Reviewer1ObservationShift-v0,Reviewer1ObservationShift-v0,native_gymnasium_observation,same_input_crisp,11010,train,5107,,,5107,47,-0.32000000000000095,104,1.0,5107,288,0.002381256493094952,0.023250244557857513,0,0,3,9.869850900002348,9.869850900002348,0.0,9.869850900002348,0.0,d1991e82fa1ea0337d3d6296e2c904f22359ea22,1.8.0,7cc5bc598cfd6850415c80c2a5f22423f37a7ce8561077a69366f06d0ab14b1d,True,3.14.3,2.11.0+cpu,2.4.3,1.3.0,3.1.0,not-installed,not-installed,0.07637795275590534,0.0,0.050246347,0.03491643325315816,835.0,0.0,0.0,0.0,0.0,1.0,0.038461538461538464,0.12596153846153843,0.8740384615384614,0.0,0.12596153846153843,0.0,0.2159165543074761,0.5378907879795463,0.9615384615384616,0.9615384615384616,0.9615384615384616,0.038461538461538464,4.0,0.038461538461538464,exact,158.2365384615385,21.8,neural,835.0,3340.0,33400.0,nan,0.0,0.0,nan,,,,,,,,,,,,,,,
reviewer1_observation_shift_smoke,reviewer1_observation_shift_smoke,configs/reviewer1_remaining/smoke/observation_shift.yaml,Reviewer1-observation-shift-smoke,Reviewer1ObservationShift-v0,Reviewer1ObservationShift-v0,native_gymnasium_observation,same_input_crisp,11010,train,5267,,,5267,48,-2.0700000000000007,160,0.0,5267,298,0.0023423583337131007,0.023250244557857513,0,0,3,10.163246199997957,10.163246199997957,0.0,10.163246199997957,0.0,d1991e82fa1ea0337d3d6296e2c904f22359ea22,1.8.0,7cc5bc598cfd6850415c80c2a5f22423f37a7ce8561077a69366f06d0ab14b1d,True,3.14.3,2.11.0+cpu,2.4.3,1.3.0,3.1.0,not-installed,not-installed,0.08387573964497015,0.0,0.00013644726,0.001095944512541547,850.0,1.0,0.0,0.0,0.0,0.0,0.09375,0.19156249999999997,0.8084374999999999,0.0,0.19156249999999997,0.0,0.2963858926398362,0.6994475799270502,0.90625,0.90625,0.90625,0.09375,15.0,0.09375,exact,185.81812499999998,24.9,neural,850.0,3400.0,34000.0,nan,0.0,0.0,nan,,,,,,,,,,,,,,,
reviewer1_observation_shift_smoke,reviewer1_observation_shift_smoke,configs/reviewer1_remaining/smoke/observation_shift.yaml,Reviewer1-observation-shift-smoke,Reviewer1ObservationShift-v0,Reviewer1ObservationShift-v0,native_gymnasium_observation,same_input_crisp,11010,train,5322,,,5322,49,0.3199999999999996,55,1.0,5322,301,0.0023857968560673497,0.023250244557857513,0,0,3,10.23542460000317,10.23542460000317,0.0,10.23542460000317,0.0,d1991e82fa1ea0337d3d6296e2c904f22359ea22,1.8.0,7cc5bc598cfd6850415c80c2a5f22423f37a7ce8561077a69366f06d0ab14b1d,True,3.14.3,2.11.0+cpu,2.4.3,1.3.0,3.1.0,not-installed,not-installed,0.08316326530612216,0.0,0.050135624,0.0316105653014196,869.0,0.0,0.0,0.0,0.0,1.0,0.509090909090909,0.02454545454545455,0.9754545454545458,0.0,0.02454545454545455,0.05,0.07329466776847443,0.6151147623314228,0.4909090909090909,0.4909090909090909,0.4909090909090909,0.509090909090909,28.0,0.509090909090909,support-boundary collapse,155.30545454545455,20.7,neural,869.0,3476.0,34760.0,nan,0.0,0.0,nan,,,,,,,,,,,,,,,
reviewer1_observation_shift_smoke,reviewer1_observation_shift_smoke,configs/reviewer1_remaining/smoke/observation_shift.yaml,Reviewer1-observation-shift-smoke,Reviewer1ObservationShift-v0,Reviewer1ObservationShift-v0,native_gymnasium_observation,same_input_crisp,11010,train,5482,,,5482,50,-1.8300000000000012,160,0.0,5482,311,0.0023127793040648935,0.023250244557857513,0,0,3,10.638414499997452,10.638414499997452,0.0,10.638414499997452,0.0,d1991e82fa1ea0337d3d6296e2c904f22359ea22,1.8.0,7cc5bc598cfd6850415c80c2a5f22423f37a7ce8561077a69366f06d0ab14b1d,True,3.14.3,2.11.0+cpu,2.4.3,1.3.0,3.1.0,not-installed,not-installed,0.08727770177838536,0.0,0.00010592931,0.0015260346463451754,871.0,1.0,0.0,0.0,0.0,0.0,0.0,0.213125,0.786875,0.0,0.213125,0.0,0.3244869957682607,0.7243005162958058,1.0,1.0,1.0,0.0,0.0,0.0,exact,224.04375,31.8,neural,871.0,3484.0,34840.0,nan,0.0,0.0,nan,,,,,,,,,,,,,,,
reviewer1_observation_shift_smoke,reviewer1_observation_shift_smoke,configs/reviewer1_remaining/smoke/observation_shift.yaml,Reviewer1-observation-shift-smoke,Reviewer1ObservationShift-v0,Reviewer1ObservationShift-v0,native_gymnasium_observation,same_input_crisp,11010,train,5642,,,5642,51,-2.2199999999999984,160,0.0,5642,321,0.0023971182261708786,0.023250244557857513,0,0,3,11.068222100002458,11.068222100002458,0.0,11.068222100002458,0.0,d1991e82fa1ea0337d3d6296e2c904f22359ea22,1.8.0,7cc5bc598cfd6850415c80c2a5f22423f37a7ce8561077a69366f06d0ab14b1d,True,3.14.3,2.11.0+cpu,2.4.3,1.3.0,3.1.0,not-installed,not-installed,0.08912483912483864,0.0,0.0001352031,0.002066384228594888,897.0,1.0,0.0,0.0,0.0,0.0,0.2,0.090625,0.9093750000000002,0.0,0.090625,0.0,0.19673486768644347,0.5911047966617236,0.8,0.8,0.8,0.2,32.0,0.2,exact,247.415625,28.95,neural,897.0,3588.0,35880.0,nan,0.0,0.0,nan,,,,,,,,,,,,,,,
reviewer1_observation_shift_smoke,reviewer1_observation_shift_smoke,configs/reviewer1_remaining/smoke/observation_shift.yaml,Reviewer1-observation-shift-smoke,Reviewer1ObservationShift-v0,Reviewer1ObservationShift-v0,native_gymnasium_observation,same_input_crisp,11010,train,5802,,,5802,52,-1.8500000000000014,160,0.0,5802,331,0.002331063268555232,0.023250244557857513,0,0,3,11.44979289999901,11.44979289999901,0.0,11.44979289999901,0.0,d1991e82fa1ea0337d3d6296e2c904f22359ea22,1.8.0,7cc5bc598cfd6850415c80c2a5f22423f37a7ce8561077a69366f06d0ab14b1d,True,3.14.3,2.11.0+cpu,2.4.3,1.3.0,3.1.0,not-installed,not-installed,0.08644688644688588,0.0,0.000112338086,0.0012461870175166814,928.0,1.0,0.0,0.0,0.0,0.0,0.23125,0.0384375,0.9615625,0.0,0.0384375,0.0,0.13075041548943112,0.7170275757295167,0.76875,0.76875,0.76875,0.23125,37.0,0.23125,exact,191.825,30.799999999999997,neural,928.0,3712.0,37120.0,nan,0.0,0.0,nan,,,,,,,,,,,,,,,
reviewer1_observation_shift_smoke,reviewer1_observation_shift_smoke,configs/reviewer1_remaining/smoke/observation_shift.yaml,Reviewer1-observation-shift-smoke,Reviewer1ObservationShift-v0,Reviewer1ObservationShift-v0,native_gymnasium_observation,same_input_crisp,11010,train,5962,,,5962,53,-1.9600000000000015,160,0.0,5962,341,0.002292329034176324,0.023250244557857513,0,0,3,11.730995199999597,11.730995199999597,0.0,11.730995199999597,0.0,d1991e82fa1ea0337d3d6296e2c904f22359ea22,1.8.0,7cc5bc598cfd6850415c80c2a5f22423f37a7ce8561077a69366f06d0ab14b1d,True,3.14.3,2.11.0+cpu,2.4.3,1.3.0,3.1.0,not-installed,not-installed,0.08698394495412777,0.0,9.8451266e-05,0.0007234545177130519,948.0,1.0,0.0,0.0,0.0,0.0,0.08125,0.1359375,0.8640625,0.0,0.1359375,0.0,0.2490340610561396,0.7805861612458107,0.91875,0.91875,0.91875,0.08125,13.0,0.08125,exact,249.16625000000005,26.0,neural,948.0,3792.0,37920.0,nan,0.0,0.0,nan,,,,,,,,,,,,,,,
reviewer1_observation_shift_smoke,reviewer1_observation_shift_smoke,configs/reviewer1_remaining/smoke/observation_shift.yaml,Reviewer1-observation-shift-smoke,Reviewer1ObservationShift-v0,Reviewer1ObservationShift-v0,native_gymnasium_observation,same_input_crisp,11010,eval,6000,6000,-3.0000000000000013,6000,1,-3.0000000000000013,160,0.0,6000,344,0.0023040612611619636,0.023250244557857513,0,1,3,12.642421099997591,11.836939799999527,0.8054812999980641,11.836939799999527,0.8054812999980641,d1991e82fa1ea0337d3d6296e2c904f22359ea22,1.8.0,7cc5bc598cfd6850415c80c2a5f22423f37a7ce8561077a69366f06d0ab14b1d,True,3.14.3,2.11.0+cpu,2.4.3,1.3.0,3.1.0,not-installed,not-installed,0.08632768361581851,0.0,9.3764356e-05,0.00032236587738393446,957.0,1.0,0.0,0.0,0.0,0.0,1.0,0.0,1.0,0.0,0.0,0.0,0.0,0.4382935595807657,0.0,0.0,0.0,1.0,160.0,1.0,support-boundary collapse,733.934375,655.3499999999999,neural,957.0,3828.0,38280.0,nan,0.0,0.0,nan,nan,nan,2,1,nan,nan,nan,unavailable,unavailable,unavailable,nan,nan,0.0,none,nan
reviewer1_observation_shift_smoke,reviewer1_observation_shift_smoke,configs/reviewer1_remaining/smoke/observation_shift.yaml,Reviewer1-observation-shift-smoke,Reviewer1ObservationShift-v0,Reviewer1ObservationShift-v0,native_gymnasium_observation,same_input_crisp,11010,eval,6000,6000,-1.6000000000000012,6000,2,-1.6000000000000012,160,0.0,6000,344,0.0023040612611619636,0.023250244557857513,0,1,3,12.642927499997313,11.837446199999249,0.8054812999980641,11.837446199999249,0.8054812999980641,d1991e82fa1ea0337d3d6296e2c904f22359ea22,1.8.0,7cc5bc598cfd6850415c80c2a5f22423f37a7ce8561077a69366f06d0ab14b1d,True,3.14.3,2.11.0+cpu,2.4.3,1.3.0,3.1.0,not-installed,not-installed,0.08632768361581851,0.0,9.3764356e-05,0.00032236587738393446,957.0,1.0,0.0,0.0,0.0,0.0,0.0,0.049999999999999996,0.95,0.0,0.049999999999999996,0.0,0.1397990012611629,0.8439736192131188,1.0,1.0,1.0,0.0,0.0,0.0,exact,727.536875,687.0,neural,957.0,3828.0,38280.0,nan,0.0,0.0,nan,nan,nan,2,0,nan,nan,nan,unavailable,unavailable,unavailable,nan,nan,0.0,none,nan
reviewer1_observation_shift_smoke,reviewer1_observation_shift_smoke,configs/reviewer1_remaining/smoke/observation_shift.yaml,Reviewer1-observation-shift-smoke,Reviewer1ObservationShift-v0,Reviewer1ObservationShift-v0,native_gymnasium_observation,same_input_crisp,11010,eval,6000,6000,-3.0000000000000013,6000,3,-3.0000000000000013,160,0.0,6000,344,0.0023040612611619636,0.023250244557857513,0,1,3,12.643210499998531,11.837729200000467,0.8054812999980641,11.837729200000467,0.8054812999980641,d1991e82fa1ea0337d3d6296e2c904f22359ea22,1.8.0,7cc5bc598cfd6850415c80c2a5f22423f37a7ce8561077a69366f06d0ab14b1d,True,3.14.3,2.11.0+cpu,2.4.3,1.3.0,3.1.0,not-installed,not-installed,0.08632768361581851,0.0,9.3764356e-05,0.00032236587738393446,957.0,1.0,0.0,0.0,0.0,0.0,1.0,0.0,1.0,0.0,0.0,0.0,0.0,0.4822431501734143,0.0,0.0,0.0,1.0,160.0,1.0,support-boundary collapse,663.9493749999999,627.35,neural,957.0,3828.0,38280.0,nan,0.0,0.0,nan,nan,nan,2,0,nan,nan,nan,unavailable,unavailable,unavailable,nan,nan,0.0,none,nan
reviewer1_observation_shift_smoke,reviewer1_observation_shift_smoke,configs/reviewer1_remaining/smoke/observation_shift.yaml,Reviewer1-observation-shift-smoke,Reviewer1ObservationShift-v0,Reviewer1ObservationShift-v0,native_gymnasium_observation,same_input_crisp,11010,eval,6000,6000,0.72,6000,4,0.72,17,1.0,6000,344,0.0023040612611619636,0.023250244557857513,0,1,3,12.643456400001014,11.83797510000295,0.8054812999980641,11.83797510000295,0.8054812999980641,d1991e82fa1ea0337d3d6296e2c904f22359ea22,1.8.0,7cc5bc598cfd6850415c80c2a5f22423f37a7ce8561077a69366f06d0ab14b1d,True,3.14.3,2.11.0+cpu,2.4.3,1.3.0,3.1.0,not-installed,not-installed,0.08632768361581851,0.0,9.3764356e-05,0.00032236587738393446,957.0,0.0,0.0,0.0,0.0,1.0,1.0,0.0,1.0,0.0,0.0,0.0,0.0,0.3340206056715175,0.0,0.0,0.0,1.0,17.0,1.0,support-boundary collapse,755.429411764706,579.3,neural,957.0,3828.0,38280.0,nan,0.0,0.0,nan,nan,nan,2,1,nan,nan,nan,unavailable,unavailable,unavailable,nan,nan,0.0,none,nan
reviewer1_observation_shift_smoke,reviewer1_observation_shift_smoke,configs/reviewer1_remaining/smoke/observation_shift.yaml,Reviewer1-observation-shift-smoke,Reviewer1ObservationShift-v0,Reviewer1ObservationShift-v0,native_gymnasium_observation,same_input_crisp,11010,train,6122,,,6122,54,-2.0500000000000003,160,0.0,6122,351,0.0022652036906812873,0.023250244557857513,0,1,3,12.949547399999574,12.14406610000151,0.8054812999980641,12.14406610000151,0.8054812999980641,d1991e82fa1ea0337d3d6296e2c904f22359ea22,1.8.0,7cc5bc598cfd6850415c80c2a5f22423f37a7ce8561077a69366f06d0ab14b1d,True,3.14.3,2.11.0+cpu,2.4.3,1.3.0,3.1.0,not-installed,not-installed,0.08605032822757036,0.0,0.00011074678,0.0022380989442190484,967.0,1.0,0.0,0.0,0.0,0.0,0.05625,0.07531249999999999,0.9246874999999999,0.0,0.07531249999999999,0.0,0.21375584353450555,0.667329948577191,0.94375,0.94375,0.94375,0.05625,9.0,0.05625,exact,212.85187499999998,26.35,neural,967.0,3868.0,38680.0,nan,0.0,0.0,nan,,,,,,,,,,,,,,,
reviewer1_observation_shift_smoke,reviewer1_observation_shift_smoke,configs/reviewer1_remaining/smoke/observation_shift.yaml,Reviewer1-observation-shift-smoke,Reviewer1ObservationShift-v0,Reviewer1ObservationShift-v0,native_gymnasium_observation,same_input_crisp,11010,train,6125,,,6125,55,0.98,3,1.0,6125,351,0.0022652036906812873,0.023250244557857513,0,1,3,12.954208299997845,12.14872699999978,0.8054812999980641,12.14872699999978,0.8054812999980641,d1991e82fa1ea0337d3d6296e2c904f22359ea22,1.8.0,7cc5bc598cfd6850415c80c2a5f22423f37a7ce8561077a69366f06d0ab14b1d,True,3.14.3,2.11.0+cpu,2.4.3,1.3.0,3.1.0,not-installed,not-installed,0.08601092896174788,0.0,0.050104216,0.028783306502155395,969.0,0.0,0.0,0.0,0.0,1.0,0.0,0.05000000000000001,0.9499999999999998,0.0,0.05000000000000001,0.0,0.23604349447600245,0.6941211796641081,1.0,1.0,1.0,0.0,0.0,0.0,exact,195.93333333333337,21.4,neural,969.0,3876.0,38760.0,nan,0.0,0.0,nan,,,,,,,,,,,,,,,
reviewer1_observation_shift_smoke,reviewer1_observation_shift_smoke,configs/reviewer1_remaining/smoke/observation_shift.yaml,Reviewer1-observation-shift-smoke,Reviewer1ObservationShift-v0,Reviewer1ObservationShift-v0,native_gymnasium_observation,same_input_crisp,11010,train,6285,,,6285,56,-2.1599999999999984,160,0.0,6285,361,0.002257220811304737,0.023250244557857513,0,1,3,13.33455099999992,12.529069700001855,0.8054812999980641,12.529069700001855,0.8054812999980641,d1991e82fa1ea0337d3d6296e2c904f22359ea22,1.8.0,7cc5bc598cfd6850415c80c2a5f22423f37a7ce8561077a69366f06d0ab14b1d,True,3.14.3,2.11.0+cpu,2.4.3,1.3.0,3.1.0,not-installed,not-installed,0.0883780991735529,0.0,0.0001011574,0.003527242435802352,987.0,1.0,0.0,0.0,0.0,0.0,0.10625,0.1853125,0.8146875,0.0,0.1853125,0.0,0.25778217768894934,0.6328855905837921,0.89375,0.89375,0.89375,0.10625,17.0,0.10625,exact,242.39125000000004,27.65,neural,987.0,3948.0,39480.0,nan,0.0,0.0,nan,,,,,,,,,,,,,,,
reviewer1_observation_shift_smoke,reviewer1_observation_shift_smoke,configs/reviewer1_remaining/smoke/observation_shift.yaml,Reviewer1-observation-shift-smoke,Reviewer1ObservationShift-v0,Reviewer1ObservationShift-v0,native_gymnasium_observation,same_input_crisp,11010,train,6365,,,6365,57,-0.05000000000000071,80,1.0,6365,366,0.002256241150084588,0.023250244557857513,0,1,3,13.517396600000211,12.711915300002147,0.8054812999980641,12.711915300002147,0.8054812999980641,d1991e82fa1ea0337d3d6296e2c904f22359ea22,1.8.0,7cc5bc598cfd6850415c80c2a5f22423f37a7ce8561077a69366f06d0ab14b1d,True,3.14.3,2.11.0+cpu,2.4.3,1.3.0,3.1.0,not-installed,not-installed,0.08797595190380675,0.0,0.050110675,0.027488958031458618,1007.0,0.0,0.0,0.0,0.0,1.0,0.0625,0.11437499999999998,0.8856250000000001,0.0,0.11437499999999998,0.0,0.2040893928857491,0.6977458351420939,0.9375,0.9375,0.9375,0.0625,5.0,0.0625,exact,260.8675,30.200000000000003,neural,1007.0,4028.0,40280.0,nan,0.0,0.0,nan,,,,,,,,,,,,,,,
reviewer1_observation_shift_smoke,reviewer1_observation_shift_smoke,configs/reviewer1_remaining/smoke/observation_shift.yaml,Reviewer1-observation-shift-smoke,Reviewer1ObservationShift-v0,Reviewer1ObservationShift-v0,native_gymnasium_observation,same_input_crisp,11010,train,6525,,,6525,58,-2.0000000000000013,160,0.0,6525,376,0.0022304598161641247,0.023250244557857513,0,1,3,13.858015099998738,13.052533800000674,0.8054812999980641,13.052533800000674,0.8054812999980641,d1991e82fa1ea0337d3d6296e2c904f22359ea22,1.8.0,7cc5bc598cfd6850415c80c2a5f22423f37a7ce8561077a69366f06d0ab14b1d,True,3.14.3,2.11.0+cpu,2.4.3,1.3.0,3.1.0,not-installed,not-installed,0.08871745419479177,0.0,8.256873e-05,0.0009950525823191128,1033.0,1.0,0.0,0.0,0.0,0.0,0.2,0.135625,0.8643750000000001,0.0,0.135625,0.0,0.21989950186849802,0.4525134285952559,0.8,0.8,0.8,0.2,32.0,0.2,exact,182.5975,25.45,neural,1033.0,4132.0,41320.0,nan,0.0,0.0,nan,,,,,,,,,,,,,,,
reviewer1_observation_shift_smoke,reviewer1_observation_shift_smoke,configs/reviewer1_remaining/smoke/observation_shift.yaml,Reviewer1-observation-shift-smoke,Reviewer1ObservationShift-v0,Reviewer1ObservationShift-v0,native_gymnasium_observation,same_input_crisp,11010,train,6685,,,6685,59,-2.0500000000000007,160,0.0,6685,386,0.0022085781461171536,0.023250244557857513,0,1,3,14.078670299997611,13.273188999999547,0.8054812999980641,13.273188999999547,0.8054812999980641,d1991e82fa1ea0337d3d6296e2c904f22359ea22,1.8.0,7cc5bc598cfd6850415c80c2a5f22423f37a7ce8561077a69366f06d0ab14b1d,True,3.14.3,2.11.0+cpu,2.4.3,1.3.0,3.1.0,not-installed,not-installed,0.09294871794871701,0.0,0.00012203606,0.003210580482325662,1053.0,1.0,0.0,0.0,0.0,0.0,0.15625,0.1828125,0.8171875,0.0,0.1828125,0.0,0.23178619863158806,0.6169438885705529,0.84375,0.84375,0.84375,0.15625,25.0,0.15625,exact,226.67312499999997,23.6,neural,1053.0,4212.0,42120.0,nan,0.0,0.0,nan,,,,,,,,,,,,,,,
reviewer1_observation_shift_smoke,reviewer1_observation_shift_smoke,configs/reviewer1_remaining/smoke/observation_shift.yaml,Reviewer1-observation-shift-smoke,Reviewer1ObservationShift-v0,Reviewer1ObservationShift-v0,native_gymnasium_observation,same_input_crisp,11010,train,6777,,,6777,60,-0.22000000000000086,92,1.0,6777,392,0.002199894883539614,0.023250244557857513,0,1,3,14.23834689999785,13.432865599999786,0.8054812999980641,13.432865599999786,0.8054812999980641,d1991e82fa1ea0337d3d6296e2c904f22359ea22,1.8.0,7cc5bc598cfd6850415c80c2a5f22423f37a7ce8561077a69366f06d0ab14b1d,True,3.14.3,2.11.0+cpu,2.4.3,1.3.0,3.1.0,not-installed,not-installed,0.09252461951656125,0.0,0.05026698,0.0386384638807546,1067.0,0.0,0.0,0.0,0.0,1.0,0.21739130434782608,0.08804347826086956,0.9119565217391302,0.0,0.08804347826086956,0.0,0.1490735508358775,0.7811488279297248,0.782608695652174,0.782608695652174,0.782608695652174,0.21739130434782608,20.0,0.21739130434782608,exact,205.45543478260868,25.75,neural,1067.0,4268.0,42680.0,nan,0.0,0.0,nan,,,,,,,,,,,,,,,
reviewer1_observation_shift_smoke,reviewer1_observation_shift_smoke,configs/reviewer1_remaining/smoke/observation_shift.yaml,Reviewer1-observation-shift-smoke,Reviewer1ObservationShift-v0,Reviewer1ObservationShift-v0,native_gymnasium_observation,same_input_crisp,11010,train,6937,,,6937,61,-2.1399999999999997,160,0.0,6937,402,0.0021978014361204385,0.023250244557857513,0,1,3,14.593800599999668,13.788319300001604,0.8054812999980641,13.788319300001604,0.8054812999980641,d1991e82fa1ea0337d3d6296e2c904f22359ea22,1.8.0,7cc5bc598cfd6850415c80c2a5f22423f37a7ce8561077a69366f06d0ab14b1d,True,3.14.3,2.11.0+cpu,2.4.3,1.3.0,3.1.0,not-installed,not-installed,0.09119415807560037,0.0,0.0001445179,0.00358698030296944,1093.0,1.0,0.0,0.0,0.0,0.0,0.14375,0.1046875,0.8953125,0.0,0.1046875,0.0,0.22937844589939677,0.6140566979349875,0.85625,0.85625,0.85625,0.14375,23.0,0.14375,exact,219.845625,26.95,neural,1093.0,4372.0,43720.0,nan,0.0,0.0,nan,,,,,,,,,,,,,,,
reviewer1_observation_shift_smoke,reviewer1_observation_shift_smoke,configs/reviewer1_remaining/smoke/observation_shift.yaml,Reviewer1-observation-shift-smoke,Reviewer1ObservationShift-v0,Reviewer1ObservationShift-v0,native_gymnasium_observation,same_input_crisp,11010,train,7097,,,7097,62,-2.030000000000001,160,0.0,7097,412,0.0021761366363808494,0.023250244557857513,0,1,3,14.851630800003477,14.046149500005413,0.8054812999980641,14.046149500005413,0.8054812999980641,d1991e82fa1ea0337d3d6296e2c904f22359ea22,1.8.0,7cc5bc598cfd6850415c80c2a5f22423f37a7ce8561077a69366f06d0ab14b1d,True,3.14.3,2.11.0+cpu,2.4.3,1.3.0,3.1.0,not-installed,not-installed,0.09893092105263056,0.0,9.1527145e-05,0.00427869757541961,1110.0,1.0,0.0,0.0,0.0,0.0,0.05625,0.3059375,0.6940624999999999,0.0,0.3059375,0.8999999999999999,0.3315620664730713,0.5508308588662261,0.94375,0.94375,0.94375,0.05625,9.0,0.05625,exact,228.60375,23.5,neural,1110.0,4440.0,44400.0,nan,0.0,0.0,nan,,,,,,,,,,,,,,,
reviewer1_observation_shift_smoke,reviewer1_observation_shift_smoke,configs/reviewer1_remaining/smoke/observation_shift.yaml,Reviewer1-observation-shift-smoke,Reviewer1ObservationShift-v0,Reviewer1ObservationShift-v0,native_gymnasium_observation,same_input_crisp,11010,train,7174,,,7174,63,0.009999999999999343,77,1.0,7174,417,0.002151223886303385,0.023250244557857513,0,1,3,14.95567409999785,14.150192799999786,0.8054812999980641,14.150192799999786,0.8054812999980641,d1991e82fa1ea0337d3d6296e2c904f22359ea22,1.8.0,7cc5bc598cfd6850415c80c2a5f22423f37a7ce8561077a69366f06d0ab14b1d,True,3.14.3,2.11.0+cpu,2.4.3,1.3.0,3.1.0,not-installed,not-installed,0.09838839645447116,0.0,0.050113168,0.029006722444662462,1125.0,0.0,0.0,0.0,0.0,1.0,0.18181818181818182,0.14610389610389612,0.8538961038961039,0.0,0.14610389610389612,0.0,0.21426501087952196,0.719740424089491,0.8181818181818182,0.8181818181818182,0.8181818181818182,0.18181818181818182,14.0,0.18181818181818182,exact,218.57792207792204,22.2,neural,1125.0,4500.0,45000.0,nan,0.0,0.0,nan,,,,,,,,,,,,,,,
reviewer1_observation_shift_smoke,reviewer1_observation_shift_smoke,configs/reviewer1_remaining/smoke/observation_shift.yaml,Reviewer1-observation-shift-smoke,Reviewer1ObservationShift-v0,Reviewer1ObservationShift-v0,native_gymnasium_observation,same_input_crisp,11010,train,7334,,,7334,64,-2.090000000000001,160,0.0,7334,427,0.002124423698717903,0.023250244557857513,0,1,3,15.252560100001574,14.44707880000351,0.8054812999980641,14.44707880000351,0.8054812999980641,d1991e82fa1ea0337d3d6296e2c904f22359ea22,1.8.0,7cc5bc598cfd6850415c80c2a5f22423f37a7ce8561077a69366f06d0ab14b1d,True,3.14.3,2.11.0+cpu,2.4.3,1.3.0,3.1.0,not-installed,not-installed,0.09591364687740832,0.0,0.00014486714,0.005317786212815303,1153.0,1.0,0.0,0.0,0.0,0.0,0.175,0.041249999999999995,0.9587499999999999,0.0,0.041249999999999995,0.0,0.1662138620431279,0.6857718765080273,0.825,0.825,0.825,0.175,28.0,0.175,exact,243.95,27.25,neural,1153.0,4612.0,46120.0,nan,0.0,0.0,nan,,,,,,,,,,,,,,,
reviewer1_observation_shift_smoke,reviewer1_observation_shift_smoke,configs/reviewer1_remaining/smoke/observation_shift.yaml,Reviewer1-observation-shift-smoke,Reviewer1ObservationShift-v0,Reviewer1ObservationShift-v0,native_gymnasium_observation,same_input_crisp,11010,train,7349,,,7349,65,0.8300000000000001,15,1.0,7349,428,0.0021196371298488697,0.023250244557857513,0,1,3,15.271262599999318,14.465781300001254,0.8054812999980641,14.465781300001254,0.8054812999980641,d1991e82fa1ea0337d3d6296e2c904f22359ea22,1.8.0,7cc5bc598cfd6850415c80c2a5f22423f37a7ce8561077a69366f06d0ab14b1d,True,3.14.3,2.11.0+cpu,2.4.3,1.3.0,3.1.0,not-installed,not-installed,0.09565718677939937,0.0,0.05014528,0.035466086397524764,1158.0,0.0,0.0,0.0,0.0,1.0,0.7333333333333333,0.013333333333333334,0.9866666666666665,0.0,0.013333333333333334,0.025,0.048338465845871516,0.5721788193976288,0.26666666666666666,0.26666666666666666,0.26666666666666666,0.7333333333333333,11.0,0.7333333333333333,support-boundary collapse,193.29333333333335,17.2,neural,1158.0,4632.0,46320.0,nan,0.0,0.0,nan,,,,,,,,,,,,,,,
reviewer1_observation_shift_smoke,reviewer1_observation_shift_smoke,configs/reviewer1_remaining/smoke/observation_shift.yaml,Reviewer1-observation-shift-smoke,Reviewer1ObservationShift-v0,Reviewer1ObservationShift-v0,native_gymnasium_observation,same_input_crisp,11010,train,7509,,,7509,66,-2.1400000000000006,160,0.0,7509,438,0.00209644993089847,0.023250244557857513,0,1,3,15.548360300002969,14.742879000004905,0.8054812999980641,14.742879000004905,0.8054812999980641,d1991e82fa1ea0337d3d6296e2c904f22359ea22,1.8.0,7cc5bc598cfd6850415c80c2a5f22423f37a7ce8561077a69366f06d0ab14b1d,True,3.14.3,2.11.0+cpu,2.4.3,1.3.0,3.1.0,not-installed,not-installed,0.09563286454478052,0.0,0.0001139776,0.003957863702285192,1192.0,1.0,0.0,0.0,0.0,0.0,0.3,0.10812499999999999,0.891875,0.0,0.10812499999999999,0.05,0.19911149779787735,0.5163332949558626,0.7,0.7,0.7,0.3,48.0,0.3,exact,222.29625000000004,26.700000000000003,neural,1192.0,4768.0,47680.0,nan,0.0,0.0,nan,,,,,,,,,,,,,,,
reviewer1_observation_shift_smoke,reviewer1_observation_shift_smoke,configs/reviewer1_remaining/smoke/observation_shift.yaml,Reviewer1-observation-shift-smoke,Reviewer1ObservationShift-v0,Reviewer1ObservationShift-v0,native_gymnasium_observation,same_input_crisp,11010,train,7663,,,7663,67,-0.9800000000000013,154,1.0,7663,447,0.0020723355630468303,0.023250244557857513,0,1,3,15.883291199999803,15.07780990000174,0.8054812999980641,15.07780990000174,0.8054812999980641,d1991e82fa1ea0337d3d6296e2c904f22359ea22,1.8.0,7cc5bc598cfd6850415c80c2a5f22423f37a7ce8561077a69366f06d0ab14b1d,True,3.14.3,2.11.0+cpu,2.4.3,1.3.0,3.1.0,not-installed,not-installed,0.09659332860184451,0.0,0.050103124,0.026493289937791882,1211.0,0.0,0.0,0.0,0.0,1.0,0.14935064935064934,0.10097402597402597,0.899025974025974,0.0,0.10097402597402597,0.0,0.2037744701943622,0.6409912227511132,0.8506493506493507,0.8506493506493507,0.8506493506493507,0.14935064935064934,23.0,0.14935064935064934,exact,265.8064935064935,29.35,neural,1211.0,4844.0,48440.0,nan,0.0,0.0,nan,,,,,,,,,,,,,,,
reviewer1_observation_shift_smoke,reviewer1_observation_shift_smoke,configs/reviewer1_remaining/smoke/observation_shift.yaml,Reviewer1-observation-shift-smoke,Reviewer1ObservationShift-v0,Reviewer1ObservationShift-v0,native_gymnasium_observation,same_input_crisp,11010,train,7687,,,7687,68,0.72,24,1.0,7687,449,0.0020840222715360103,0.023250244557857513,0,1,3,15.922535999998217,15.117054700000153,0.8054812999980641,15.117054700000153,0.8054812999980641,d1991e82fa1ea0337d3d6296e2c904f22359ea22,1.8.0,7cc5bc598cfd6850415c80c2a5f22423f37a7ce8561077a69366f06d0ab14b1d,True,3.14.3,2.11.0+cpu,2.4.3,1.3.0,3.1.0,not-installed,not-installed,0.09625970359915242,0.0,0.06471891,0.04000079303712223,1216.0,0.0,0.0,0.0,0.0,1.0,0.375,0.03125,0.96875,0.0,0.03125,0.05,0.06592511903135424,0.5192600305794193,0.625,0.625,0.625,0.375,9.0,0.375,exact,229.55416666666667,23.5,neural,1216.0,4864.0,48640.0,nan,0.0,0.0,nan,,,,,,,,,,,,,,,
reviewer1_observation_shift_smoke,reviewer1_observation_shift_smoke,configs/reviewer1_remaining/smoke/observation_shift.yaml,Reviewer1-observation-shift-smoke,Reviewer1ObservationShift-v0,Reviewer1ObservationShift-v0,native_gymnasium_observation,same_input_crisp,11010,train,7847,,,7847,69,-1.9700000000000013,160,0.0,7847,459,0.002042188387369412,0.023250244557857513,0,1,3,16.21122180000384,15.405740500005777,0.8054812999980641,15.405740500005777,0.8054812999980641,d1991e82fa1ea0337d3d6296e2c904f22359ea22,1.8.0,7cc5bc598cfd6850415c80c2a5f22423f37a7ce8561077a69366f06d0ab14b1d,True,3.14.3,2.11.0+cpu,2.4.3,1.3.0,3.1.0,not-installed,not-installed,0.09688135593220308,0.0,0.00013765728,0.0031155100296032003,1224.0,1.0,0.0,0.0,0.0,0.0,0.0,0.10625,0.89375,0.0,0.10625,0.0,0.30274520266075805,0.7199603228168989,1.0,1.0,1.0,0.0,0.0,0.0,exact,244.935625,29.799999999999997,neural,1224.0,4896.0,48960.0,nan,0.0,0.0,nan,,,,,,,,,,,,,,,
reviewer1_observation_shift_smoke,reviewer1_observation_shift_smoke,configs/reviewer1_remaining/smoke/observation_shift.yaml,Reviewer1-observation-shift-smoke,Reviewer1ObservationShift-v0,Reviewer1ObservationShift-v0,native_gymnasium_observation,same_input_crisp,11010,train,7901,,,7901,70,0.35999999999999976,54,1.0,7901,462,0.002029311932315402,0.023250244557857513,0,1,3,16.28365599999961,15.478174700001546,0.8054812999980641,15.478174700001546,0.8054812999980641,d1991e82fa1ea0337d3d6296e2c904f22359ea22,1.8.0,7cc5bc598cfd6850415c80c2a5f22423f37a7ce8561077a69366f06d0ab14b1d,True,3.14.3,2.11.0+cpu,2.4.3,1.3.0,3.1.0,not-installed,not-installed,0.10347826086956488,0.0,0.05009518,0.03879558832105386,1224.0,0.0,0.0,0.0,0.0,1.0,0.0,0.5333333333333334,0.46666666666666656,0.0,0.5333333333333334,0.8999999999999999,0.46100209322143804,0.7571976942488893,1.0,1.0,1.0,0.0,0.0,0.0,exact,230.29999999999998,23.75,memory,1224.0,4896.0,48960.0,nan,0.0,0.0,nan,,,,,,,,,,,,,,,
reviewer1_observation_shift_smoke,reviewer1_observation_shift_smoke,configs/reviewer1_remaining/smoke/observation_shift.yaml,Reviewer1-observation-shift-smoke,Reviewer1ObservationShift-v0,Reviewer1ObservationShift-v0,native_gymnasium_observation,same_input_crisp,11010,train,7920,,,7920,71,0.8099999999999999,19,1.0,7920,464,0.0020454095782058393,0.023250244557857513,0,1,3,16.31299360000412,15.507512300006056,0.8054812999980641,15.507512300006056,0.8054812999980641,d1991e82fa1ea0337d3d6296e2c904f22359ea22,1.8.0,7cc5bc598cfd6850415c80c2a5f22423f37a7ce8561077a69366f06d0ab14b1d,True,3.14.3,2.11.0+cpu,2.4.3,1.3.0,3.1.0,not-installed,not-installed,0.1032644903397732,0.0,0.053282548,0.05112214976606336,1224.0,0.0,0.0,0.0,0.0,1.0,0.0,0.05000000000000001,0.9499999999999998,0.0,0.05000000000000001,0.0,0.36817181639184904,0.869999038259662,1.0,1.0,1.0,0.0,0.0,0.0,exact,210.5894736842105,22.6,neural,1224.0,4896.0,48960.0,nan,0.0,0.0,nan,,,,,,,,,,,,,,,
reviewer1_observation_shift_smoke,reviewer1_observation_shift_smoke,configs/reviewer1_remaining/smoke/observation_shift.yaml,Reviewer1-observation-shift-smoke,Reviewer1ObservationShift-v0,Reviewer1ObservationShift-v0,native_gymnasium_observation,same_input_crisp,11010,train,8080,,,8080,72,-2.040000000000001,160,0.0,8080,474,0.0020514791010142665,0.023250244557857513,0,1,3,16.629377999997814,15.82389669999975,0.8054812999980641,15.82389669999975,0.8054812999980641,d1991e82fa1ea0337d3d6296e2c904f22359ea22,1.8.0,7cc5bc598cfd6850415c80c2a5f22423f37a7ce8561077a69366f06d0ab14b1d,True,3.14.3,2.11.0+cpu,2.4.3,1.3.0,3.1.0,not-installed,not-installed,0.10266025641025645,0.0,0.00017129412,0.002482742700363638,1256.0,1.0,0.0,0.0,0.0,0.0,0.225,0.061250000000000006,0.93875,0.0,0.061250000000000006,0.0,0.17458275469729345,0.6188268765311602,0.775,0.775,0.775,0.225,36.0,0.225,exact,245.268125,28.450000000000003,neural,1256.0,5024.0,50240.0,nan,0.0,0.0,nan,,,,,,,,,,,,,,,
reviewer1_observation_shift_smoke,reviewer1_observation_shift_smoke,configs/reviewer1_remaining/smoke/observation_shift.yaml,Reviewer1-observation-shift-smoke,Reviewer1ObservationShift-v0,Reviewer1ObservationShift-v0,native_gymnasium_observation,same_input_crisp,11010,train,8126,,,8126,73,0.33999999999999975,46,1.0,8126,476,0.0020432242110794453,0.023250244557857513,0,1,3,16.688275900000008,15.882794600001944,0.8054812999980641,15.882794600001944,0.8054812999980641,d1991e82fa1ea0337d3d6296e2c904f22359ea22,1.8.0,7cc5bc598cfd6850415c80c2a5f22423f37a7ce8561077a69366f06d0ab14b1d,True,3.14.3,2.11.0+cpu,2.4.3,1.3.0,3.1.0,not-installed,not-installed,0.10518003790271645,0.0,0.05010461,0.03850556456879097,1261.0,0.0,0.0,0.0,0.0,1.0,0.10869565217391304,0.2597826086956521,0.7402173913043477,0.0,0.2597826086956521,0.0,0.2625115120904559,0.6828654500962638,0.8913043478260869,0.8913043478260869,0.8913043478260869,0.10869565217391304,5.0,0.10869565217391304,exact,308.2934782608696,260.6,neural,1261.0,5044.0,50440.0,nan,0.0,0.0,nan,,,,,,,,,,,,,,,
reviewer1_observation_shift_smoke,reviewer1_observation_shift_smoke,configs/reviewer1_remaining/smoke/observation_shift.yaml,Reviewer1-observation-shift-smoke,Reviewer1ObservationShift-v0,Reviewer1ObservationShift-v0,native_gymnasium_observation,same_input_crisp,11010,train,8158,,,8158,74,0.6699999999999999,32,1.0,8158,478,0.0020356587539715584,0.023250244557857513,0,1,3,16.75491460000194,15.949433300003875,0.8054812999980641,15.949433300003875,0.8054812999980641,d1991e82fa1ea0337d3d6296e2c904f22359ea22,1.8.0,7cc5bc598cfd6850415c80c2a5f22423f37a7ce8561077a69366f06d0ab14b1d,True,3.14.3,2.11.0+cpu,2.4.3,1.3.0,3.1.0,not-installed,not-installed,0.10444027517198265,0.0,0.059786763,0.04185055286527187,1275.0,0.0,0.0,0.0,0.0,1.0,0.5,0.025,0.9750000000000001,0.0,0.025,0.05,0.06300468177535366,0.8354642999266795,0.5,0.5,0.5,0.5,16.0,0.5,exact,333.828125,288.2,neural,1275.0,5100.0,51000.0,nan,0.0,0.0,nan,,,,,,,,,,,,,,,
reviewer1_observation_shift_smoke,reviewer1_observation_shift_smoke,configs/reviewer1_remaining/smoke/observation_shift.yaml,Reviewer1-observation-shift-smoke,Reviewer1ObservationShift-v0,Reviewer1ObservationShift-v0,native_gymnasium_observation,same_input_crisp,11010,train,8318,,,8318,75,-2.0300000000000007,160,0.0,8318,488,0.0020424330252025668,0.023250244557857513,0,1,3,17.13396350000403,16.328482200005965,0.8054812999980641,16.328482200005965,0.8054812999980641,d1991e82fa1ea0337d3d6296e2c904f22359ea22,1.8.0,7cc5bc598cfd6850415c80c2a5f22423f37a7ce8561077a69366f06d0ab14b1d,True,3.14.3,2.11.0+cpu,2.4.3,1.3.0,3.1.0,not-installed,not-installed,0.10366586538461588,0.0,0.00011556696,0.0015333174842121447,1301.0,1.0,0.0,0.0,0.0,0.0,0.1,0.07874999999999999,0.9212499999999999,0.0,0.07874999999999999,0.0,0.21172714111930402,0.7436654370952942,0.9,0.9,0.9,0.1,16.0,0.1,exact,274.5225,31.35,neural,1301.0,5204.0,52040.0,nan,0.0,0.0,nan,,,,,,,,,,,,,,,
reviewer1_observation_shift_smoke,reviewer1_observation_shift_smoke,configs/reviewer1_remaining/smoke/observation_shift.yaml,Reviewer1-observation-shift-smoke,Reviewer1ObservationShift-v0,Reviewer1ObservationShift-v0,native_gymnasium_observation,same_input_crisp,11010,train,8478,,,8478,76,-1.9100000000000015,160,0.0,8478,498,0.0020239789189354014,0.023250244557857513,0,1,3,17.43961059999856,16.634129300000495,0.8054812999980641,16.634129300000495,0.8054812999980641,d1991e82fa1ea0337d3d6296e2c904f22359ea22,1.8.0,7cc5bc598cfd6850415c80c2a5f22423f37a7ce8561077a69366f06d0ab14b1d,True,3.14.3,2.11.0+cpu,2.4.3,1.3.0,3.1.0,not-installed,not-installed,0.10335648148148223,0.0,8.3082334e-05,0.0024956545550720633,1324.0,1.0,0.0,0.0,0.0,0.0,0.20625,0.06218749999999999,0.9378124999999999,0.0,0.06218749999999999,0.0,0.19565456485930116,0.6769071799227346,0.79375,0.79375,0.79375,0.20625,33.0,0.20625,exact,274.200625,26.8,neural,1324.0,5296.0,52960.0,nan,0.0,0.0,nan,,,,,,,,,,,,,,,
reviewer1_observation_shift_smoke,reviewer1_observation_shift_smoke,configs/reviewer1_remaining/smoke/observation_shift.yaml,Reviewer1-observation-shift-smoke,Reviewer1ObservationShift-v0,Reviewer1ObservationShift-v0,native_gymnasium_observation,same_input_crisp,11010,train,8638,,,8638,77,-2.1700000000000004,160,0.0,8638,508,0.0020189030593449953,0.023250244557857513,0,1,3,17.818194100000255,17.01271280000219,0.8054812999980641,17.01271280000219,0.8054812999980641,d1991e82fa1ea0337d3d6296e2c904f22359ea22,1.8.0,7cc5bc598cfd6850415c80c2a5f22423f37a7ce8561077a69366f06d0ab14b1d,True,3.14.3,2.11.0+cpu,2.4.3,1.3.0,3.1.0,not-installed,not-installed,0.10435385468663443,0.0,8.248386e-05,0.0023657566966495095,1339.0,1.0,0.0,0.0,0.0,0.0,0.14375,0.12156249999999998,0.8784375000000001,0.0,0.12156249999999998,0.0,0.26547886498426826,0.686565256499951,0.85625,0.85625,0.85625,0.14375,23.0,0.14375,exact,306.700625,34.55,neural,1339.0,5356.0,53560.0,nan,0.0,0.0,nan,,,,,,,,,,,,,,,
reviewer1_observation_shift_smoke,reviewer1_observation_shift_smoke,configs/reviewer1_remaining/smoke/observation_shift.yaml,Reviewer1-observation-shift-smoke,Reviewer1ObservationShift-v0,Reviewer1ObservationShift-v0,native_gymnasium_observation,same_input_crisp,11010,train,8798,,,8798,78,-2.030000000000001,160,0.0,8798,518,0.0020012275074534685,0.023250244557857513,0,1,3,18.17698570000357,17.371504400005506,0.8054812999980641,17.371504400005506,0.8054812999980641,d1991e82fa1ea0337d3d6296e2c904f22359ea22,1.8.0,7cc5bc598cfd6850415c80c2a5f22423f37a7ce8561077a69366f06d0ab14b1d,True,3.14.3,2.11.0+cpu,2.4.3,1.3.0,3.1.0,not-installed,not-installed,0.10289544235925067,0.0,0.00010327605,0.0042580352243157095,1355.0,1.0,0.0,0.0,0.0,0.0,0.06875,0.0690625,0.9309375,0.0,0.0690625,0.0,0.3082831307619543,0.6842865085571507,0.93125,0.93125,0.93125,0.06875,11.0,0.06875,exact,267.32437500000003,30.25,neural,1355.0,5420.0,54200.0,nan,0.0,0.0,nan,,,,,,,,,,,,,,,
reviewer1_observation_shift_smoke,reviewer1_observation_shift_smoke,configs/reviewer1_remaining/smoke/observation_shift.yaml,Reviewer1-observation-shift-smoke,Reviewer1ObservationShift-v0,Reviewer1ObservationShift-v0,native_gymnasium_observation,same_input_crisp,11010,train,8958,,,8958,79,-2.219999999999999,160,0.0,8958,528,0.0020149804083275462,0.023250244557857513,0,1,3,18.590333300002385,17.78485200000432,0.8054812999980641,17.78485200000432,0.8054812999980641,d1991e82fa1ea0337d3d6296e2c904f22359ea22,1.8.0,7cc5bc598cfd6850415c80c2a5f22423f37a7ce8561077a69366f06d0ab14b1d,True,3.14.3,2.11.0+cpu,2.4.3,1.3.0,3.1.0,not-installed,not-installed,0.10589147286821858,0.0,0.000120613026,0.0030536108303590467,1376.0,1.0,0.0,0.0,0.0,0.0,0.13125,0.16156249999999997,0.8384374999999998,0.0,0.16156249999999997,0.0,0.23766761941430908,0.7112263197072115,0.86875,0.86875,0.86875,0.13125,21.0,0.13125,exact,304.8825,32.85,neural,1376.0,5504.0,55040.0,nan,0.0,0.0,nan,,,,,,,,,,,,,,,
reviewer1_observation_shift_smoke,reviewer1_observation_shift_smoke,configs/reviewer1_remaining/smoke/observation_shift.yaml,Reviewer1-observation-shift-smoke,Reviewer1ObservationShift-v0,Reviewer1ObservationShift-v0,native_gymnasium_observation,same_input_crisp,11010,train,9117,,,9117,80,-0.9400000000000013,159,1.0,9117,538,0.0020025772929400834,0.023250244557857513,0,1,3,18.85679579999851,18.051314500000444,0.8054812999980641,18.051314500000444,0.8054812999980641,d1991e82fa1ea0337d3d6296e2c904f22359ea22,1.8.0,7cc5bc598cfd6850415c80c2a5f22423f37a7ce8561077a69366f06d0ab14b1d,True,3.14.3,2.11.0+cpu,2.4.3,1.3.0,3.1.0,not-installed,not-installed,0.10461346633416639,0.0,0.05007589,0.027915257679878194,1401.0,0.0,0.0,0.0,0.0,1.0,0.11320754716981132,0.07830188679245285,0.9216981132075472,0.0,0.07830188679245285,0.0,0.18523915470442362,0.8626832820820675,0.8867924528301887,0.8867924528301887,0.8867924528301887,0.11320754716981132,18.0,0.11320754716981132,exact,299.0660377358491,30.4,neural,1401.0,5604.0,56040.0,nan,0.0,0.0,nan,,,,,,,,,,,,,,,
reviewer1_observation_shift_smoke,reviewer1_observation_shift_smoke,configs/reviewer1_remaining/smoke/observation_shift.yaml,Reviewer1-observation-shift-smoke,Reviewer1ObservationShift-v0,Reviewer1ObservationShift-v0,native_gymnasium_observation,same_input_crisp,11010,train,9157,,,9157,81,0.5499999999999998,40,1.0,9157,541,0.0019920561654693763,0.023250244557857513,0,1,3,18.91963730000134,18.114156000003277,0.8054812999980641,18.114156000003277,0.8054812999980641,d1991e82fa1ea0337d3d6296e2c904f22359ea22,1.8.0,7cc5bc598cfd6850415c80c2a5f22423f37a7ce8561077a69366f06d0ab14b1d,True,3.14.3,2.11.0+cpu,2.4.3,1.3.0,3.1.0,not-installed,not-installed,0.10400000000000188,0.0,0.040766872,0.03121285769148883,1404.0,0.0,0.0,0.0,0.0,1.0,0.125,0.04375,0.95625,0.0,0.04375,0.0,0.24751379948812935,0.8469269765148715,0.875,0.875,0.875,0.125,5.0,0.125,exact,370.74249999999995,234.0,neural,1404.0,5616.0,56160.0,nan,0.0,0.0,nan,,,,,,,,,,,,,,,
reviewer1_observation_shift_smoke,reviewer1_observation_shift_smoke,configs/reviewer1_remaining/smoke/observation_shift.yaml,Reviewer1-observation-shift-smoke,Reviewer1ObservationShift-v0,Reviewer1ObservationShift-v0,native_gymnasium_observation,same_input_crisp,11010,train,9300,,,9300,82,-1.0100000000000011,143,1.0,9300,550,0.0019969313316555186,0.023250244557857513,0,1,3,19.12986159999855,18.324380300000485,0.8054812999980641,18.324380300000485,0.8054812999980641,d1991e82fa1ea0337d3d6296e2c904f22359ea22,1.8.0,7cc5bc598cfd6850415c80c2a5f22423f37a7ce8561077a69366f06d0ab14b1d,True,3.14.3,2.11.0+cpu,2.4.3,1.3.0,3.1.0,not-installed,not-installed,0.10436450839328741,0.0,0.050123986,0.034847267924897854,1425.0,0.0,0.0,0.0,0.0,1.0,0.21678321678321677,0.08951048951048951,0.9104895104895104,0.0,0.08951048951048951,0.0,0.20995331554616214,0.5507802773058326,0.7832167832167832,0.7832167832167832,0.7832167832167832,0.21678321678321677,31.0,0.21678321678321677,exact,277.88741258741254,27.7,neural,1425.0,5700.0,57000.0,nan,0.0,0.0,nan,,,,,,,,,,,,,,,
reviewer1_observation_shift_smoke,reviewer1_observation_shift_smoke,configs/reviewer1_remaining/smoke/observation_shift.yaml,Reviewer1-observation-shift-smoke,Reviewer1ObservationShift-v0,Reviewer1ObservationShift-v0,native_gymnasium_observation,same_input_crisp,11010,train,9460,,,9460,83,-2.0000000000000013,160,0.0,9460,560,0.001964719301180854,0.023250244557857513,0,1,3,19.600334800001292,18.794853500003228,0.8054812999980641,18.794853500003228,0.8054812999980641,d1991e82fa1ea0337d3d6296e2c904f22359ea22,1.8.0,7cc5bc598cfd6850415c80c2a5f22423f37a7ce8561077a69366f06d0ab14b1d,True,3.14.3,2.11.0+cpu,2.4.3,1.3.0,3.1.0,not-installed,not-installed,0.1108665430954609,0.0,0.00010104686,0.0018185005041025542,1427.0,1.0,0.0,0.0,0.0,0.0,0.0,0.30874999999999997,0.69125,0.0,0.30874999999999997,0.8999999999999999,0.48202146723985545,0.636845812763374,1.0,1.0,1.0,0.0,0.0,0.0,exact,334.4125,41.8,neural,1427.0,5708.0,57080.0,nan,0.0,0.0,nan,,,,,,,,,,,,,,,
reviewer1_observation_shift_smoke,reviewer1_observation_shift_smoke,configs/reviewer1_remaining/smoke/observation_shift.yaml,Reviewer1-observation-shift-smoke,Reviewer1ObservationShift-v0,Reviewer1ObservationShift-v0,native_gymnasium_observation,same_input_crisp,11010,train,9478,,,9478,84,0.82,18,1.0,9478,561,0.0019613769347055746,0.023250244557857513,0,1,3,19.629451599997992,18.823970299999928,0.8054812999980641,18.823970299999928,0.8054812999980641,d1991e82fa1ea0337d3d6296e2c904f22359ea22,1.8.0,7cc5bc598cfd6850415c80c2a5f22423f37a7ce8561077a69366f06d0ab14b1d,True,3.14.3,2.11.0+cpu,2.4.3,1.3.0,3.1.0,not-installed,not-installed,0.11141605166051877,0.0,0.026370186,0.028751500720623883,1427.0,0.0,0.0,0.0,0.0,1.0,0.0,0.15,0.8499999999999999,0.0,0.15,0.0,0.2201341190370441,0.5563311723353513,1.0,1.0,1.0,0.0,0.0,0.0,exact,354.0444444444444,530.05,neural,1427.0,5708.0,57080.0,nan,0.0,0.0,nan,,,,,,,,,,,,,,,
reviewer1_observation_shift_smoke,reviewer1_observation_shift_smoke,configs/reviewer1_remaining/smoke/observation_shift.yaml,Reviewer1-observation-shift-smoke,Reviewer1ObservationShift-v0,Reviewer1ObservationShift-v0,native_gymnasium_observation,same_input_crisp,11010,train,9506,,,9506,85,0.5299999999999998,28,1.0,9506,563,0.0019546815940304756,0.023250244557857513,0,1,3,19.669631999997364,18.8641506999993,0.8054812999980641,18.8641506999993,0.8054812999980641,d1991e82fa1ea0337d3d6296e2c904f22359ea22,1.8.0,7cc5bc598cfd6850415c80c2a5f22423f37a7ce8561077a69366f06d0ab14b1d,True,3.14.3,2.11.0+cpu,2.4.3,1.3.0,3.1.0,not-installed,not-installed,0.11102199816682166,0.0,0.043955706,0.03893066412728746,1427.0,0.0,0.0,0.0,0.0,1.0,0.0,0.05000000000000001,0.9499999999999998,0.0,0.05000000000000001,0.0,0.4891278658667718,0.5364534832598791,1.0,1.0,1.0,0.0,0.0,0.0,exact,346.7785714285715,276.5,neural,1427.0,5708.0,57080.0,nan,0.0,0.0,nan,,,,,,,,,,,,,,,
reviewer1_observation_shift_smoke,reviewer1_observation_shift_smoke,configs/reviewer1_remaining/smoke/observation_shift.yaml,Reviewer1-observation-shift-smoke,Reviewer1ObservationShift-v0,Reviewer1ObservationShift-v0,native_gymnasium_observation,same_input_crisp,11010,train,9666,,,9666,86,-1.9200000000000015,160,0.0,9666,573,0.001951951628784683,0.023250244557857513,0,1,3,20.090072200000577,19.284590900002513,0.8054812999980641,19.284590900002513,0.8054812999980641,d1991e82fa1ea0337d3d6296e2c904f22359ea22,1.8.0,7cc5bc598cfd6850415c80c2a5f22423f37a7ce8561077a69366f06d0ab14b1d,True,3.14.3,2.11.0+cpu,2.4.3,1.3.0,3.1.0,not-installed,not-installed,0.11072541165999351,0.0,0.00012129667,0.006600691630281881,1449.0,1.0,0.0,0.0,0.0,0.0,0.08125,0.1134375,0.8865624999999999,0.0,0.1134375,0.0,0.2181767346157705,0.7244991937219948,0.91875,0.91875,0.91875,0.08125,13.0,0.08125,exact,286.736875,31.950000000000003,neural,1449.0,5796.0,57960.0,nan,0.0,0.0,nan,,,,,,,,,,,,,,,
reviewer1_observation_shift_smoke,reviewer1_observation_shift_smoke,configs/reviewer1_remaining/smoke/observation_shift.yaml,Reviewer1-observation-shift-smoke,Reviewer1ObservationShift-v0,Reviewer1ObservationShift-v0,native_gymnasium_observation,same_input_crisp,11010,train,9704,,,9704,87,0.5099999999999997,38,1.0,9704,575,0.0019455500807215803,0.023250244557857513,0,1,3,20.16136430000188,19.355883000003814,0.8054812999980641,19.355883000003814,0.8054812999980641,d1991e82fa1ea0337d3d6296e2c904f22359ea22,1.8.0,7cc5bc598cfd6850415c80c2a5f22423f37a7ce8561077a69366f06d0ab14b1d,True,3.14.3,2.11.0+cpu,2.4.3,1.3.0,3.1.0,not-installed,not-installed,0.11014556682841008,0.0,0.033840556,0.025121690498346415,1454.0,0.0,0.0,0.0,0.0,1.0,0.07894736842105263,0.09342105263157893,0.9065789473684212,0.0,0.09342105263157893,0.0,0.1811310512089187,0.6761856656365206,0.9210526315789473,0.9210526315789473,0.9210526315789473,0.07894736842105263,3.0,0.07894736842105263,exact,351.8815789473685,517.8499999999999,neural,1454.0,5816.0,58160.0,nan,0.0,0.0,nan,,,,,,,,,,,,,,,
reviewer1_observation_shift_smoke,reviewer1_observation_shift_smoke,configs/reviewer1_remaining/smoke/observation_shift.yaml,Reviewer1-observation-shift-smoke,Reviewer1ObservationShift-v0,Reviewer1ObservationShift-v0,native_gymnasium_observation,same_input_crisp,11010,train,9864,,,9864,88,-2.16,160,0.0,9864,585,0.001946086302874998,0.023250244557857513,0,1,3,20.52152280000155,19.716041500003485,0.8054812999980641,19.716041500003485,0.8054812999980641,d1991e82fa1ea0337d3d6296e2c904f22359ea22,1.8.0,7cc5bc598cfd6850415c80c2a5f22423f37a7ce8561077a69366f06d0ab14b1d,True,3.14.3,2.11.0+cpu,2.4.3,1.3.0,3.1.0,not-installed,not-installed,0.1093187660668407,0.0,0.0001346201,0.005023180223344112,1481.0,1.0,0.0,0.0,0.0,0.0,0.175,0.103125,0.896875,0.0,0.103125,0.0,0.20155911011267796,0.6862914695658279,0.825,0.825,0.825,0.175,28.0,0.175,exact,279.025,29.15,neural,1481.0,5924.0,59240.0,nan,0.0,0.0,nan,,,,,,,,,,,,,,,
reviewer1_observation_shift_smoke,reviewer1_observation_shift_smoke,configs/reviewer1_remaining/smoke/observation_shift.yaml,Reviewer1-observation-shift-smoke,Reviewer1ObservationShift-v0,Reviewer1ObservationShift-v0,native_gymnasium_observation,same_input_crisp,11010,train,10024,,,10024,89,-2.16,160,0.0,10024,595,0.0019306655542569396,0.023250244557857513,0,1,3,20.90732659999776,20.101845299999695,0.8054812999980641,20.101845299999695,0.8054812999980641,d1991e82fa1ea0337d3d6296e2c904f22359ea22,1.8.0,7cc5bc598cfd6850415c80c2a5f22423f37a7ce8561077a69366f06d0ab14b1d,True,3.14.3,2.11.0+cpu,2.4.3,1.3.0,3.1.0,not-installed,not-installed,0.10819875776397801,0.0,0.0001026837,0.00310460241906548,1512.0,1.0,0.0,0.0,0.0,0.0,0.1125,0.061250000000000006,0.93875,0.0,0.061250000000000006,0.0,0.17729462789025713,0.7897864304861242,0.8875,0.8875,0.8875,0.1125,18.0,0.1125,exact,334.598125,510.5,neural,1512.0,6048.0,60480.0,nan,0.0,0.0,nan,,,,,,,,,,,,,,,
reviewer1_observation_shift_smoke,reviewer1_observation_shift_smoke,configs/reviewer1_remaining/smoke/observation_shift.yaml,Reviewer1-observation-shift-smoke,Reviewer1ObservationShift-v0,Reviewer1ObservationShift-v0,native_gymnasium_observation,same_input_crisp,11010,train,10061,,,10061,90,0.5399999999999998,37,1.0,10061,597,0.0019245537661732712,0.023250244557857513,0,1,3,20.975262899999507,20.169781600001443,0.8054812999980641,20.169781600001443,0.8054812999980641,d1991e82fa1ea0337d3d6296e2c904f22359ea22,1.8.0,7cc5bc598cfd6850415c80c2a5f22423f37a7ce8561077a69366f06d0ab14b1d,True,3.14.3,2.11.0+cpu,2.4.3,1.3.0,3.1.0,not-installed,not-installed,0.10782537067545593,0.0,0.050123975,0.02630530230442531,1523.0,0.0,0.0,0.0,0.0,1.0,0.1891891891891892,0.04054054054054055,0.9594594594594594,0.0,0.04054054054054055,0.0,0.12624358339625819,0.6477471001210993,0.8108108108108109,0.8108108108108109,0.8108108108108109,0.1891891891891892,7.0,0.1891891891891892,exact,335.8459459459459,24.2,neural,1523.0,6092.0,60920.0,nan,0.0,0.0,nan,,,,,,,,,,,,,,,
reviewer1_observation_shift_smoke,reviewer1_observation_shift_smoke,configs/reviewer1_remaining/smoke/observation_shift.yaml,Reviewer1-observation-shift-smoke,Reviewer1ObservationShift-v0,Reviewer1ObservationShift-v0,native_gymnasium_observation,same_input_crisp,11010,train,10186,,,10186,91,-0.6100000000000012,125,1.0,10186,605,0.001901235681984233,0.023250244557857513,0,1,3,21.239643799999612,20.43416250000155,0.8054812999980641,20.43416250000155,0.8054812999980641,d1991e82fa1ea0337d3d6296e2c904f22359ea22,1.8.0,7cc5bc598cfd6850415c80c2a5f22423f37a7ce8561077a69366f06d0ab14b1d,True,3.14.3,2.11.0+cpu,2.4.3,1.3.0,3.1.0,not-installed,not-installed,0.10612695861792187,0.0,0.050209347,0.02396738661124261,1548.0,0.0,0.0,0.0,0.0,1.0,0.176,0.041199999999999994,0.9587999999999999,0.0,0.041199999999999994,0.0,0.1486361334465938,0.5464062564474392,0.824,0.824,0.824,0.176,22.0,0.176,exact,382.77039999999994,40.7,neural,1548.0,6192.0,61920.0,nan,0.0,0.0,nan,,,,,,,,,,,,,,,
reviewer1_observation_shift_smoke,reviewer1_observation_shift_smoke,configs/reviewer1_remaining/smoke/observation_shift.yaml,Reviewer1-observation-shift-smoke,Reviewer1ObservationShift-v0,Reviewer1ObservationShift-v0,native_gymnasium_observation,same_input_crisp,11010,train,10187,,,10187,92,1.0,1,1.0,10187,605,0.001901235681984233,0.023250244557857513,0,1,3,21.24379040000349,20.438309100005426,0.8054812999980641,20.438309100005426,0.8054812999980641,d1991e82fa1ea0337d3d6296e2c904f22359ea22,1.8.0,7cc5bc598cfd6850415c80c2a5f22423f37a7ce8561077a69366f06d0ab14b1d,True,3.14.3,2.11.0+cpu,2.4.3,1.3.0,3.1.0,not-installed,not-installed,0.10608433734940062,0.0,0.09769888,0.05716104697181472,1549.0,0.0,0.0,0.0,0.0,1.0,1.0,0.0,1.0,0.0,0.0,0.0,0.0,0.5402149347047116,0.0,0.0,0.0,1.0,1.0,1.0,support-boundary collapse,1088.7,1088.7,neural,1549.0,6196.0,61960.0,nan,0.0,0.0,nan,,,,,,,,,,,,,,,
reviewer1_observation_shift_smoke,reviewer1_observation_shift_smoke,configs/reviewer1_remaining/smoke/observation_shift.yaml,Reviewer1-observation-shift-smoke,Reviewer1ObservationShift-v0,Reviewer1ObservationShift-v0,native_gymnasium_observation,same_input_crisp,11010,train,10315,,,10315,93,-0.7400000000000011,128,1.0,10315,613,0.0018899715021445866,0.023250244557857513,0,1,3,21.463745900000504,20.65826460000244,0.8054812999980641,20.65826460000244,0.8054812999980641,d1991e82fa1ea0337d3d6296e2c904f22359ea22,1.8.0,7cc5bc598cfd6850415c80c2a5f22423f37a7ce8561077a69366f06d0ab14b1d,True,3.14.3,2.11.0+cpu,2.4.3,1.3.0,3.1.0,not-installed,not-installed,0.10876712328767434,0.0,0.050193712,0.03317997310706735,1563.0,0.0,0.0,0.0,0.0,1.0,0.1015625,0.178515625,0.8214843749999998,0.0,0.178515625,0.0,0.28749896081938986,0.39455177447506595,0.8984375,0.8984375,0.8984375,0.1015625,13.0,0.1015625,exact,357.1328125,514.45,neural,1563.0,6252.0,62520.0,nan,0.0,0.0,nan,,,,,,,,,,,,,,,
reviewer1_observation_shift_smoke,reviewer1_observation_shift_smoke,configs/reviewer1_remaining/smoke/observation_shift.yaml,Reviewer1-observation-shift-smoke,Reviewer1ObservationShift-v0,Reviewer1ObservationShift-v0,native_gymnasium_observation,same_input_crisp,11010,train,10475,,,10475,94,-2.0999999999999996,160,0.0,10475,623,0.0018964579968338004,0.023250244557857513,0,1,3,21.872519000004104,21.06703770000604,0.8054812999980641,21.06703770000604,0.8054812999980641,d1991e82fa1ea0337d3d6296e2c904f22359ea22,1.8.0,7cc5bc598cfd6850415c80c2a5f22423f37a7ce8561077a69366f06d0ab14b1d,True,3.14.3,2.11.0+cpu,2.4.3,1.3.0,3.1.0,not-installed,not-installed,0.11496018202503155,0.0,9.968173e-05,0.0007704820849870199,1580.0,1.0,0.0,0.0,0.0,0.0,0.11875,0.38156249999999997,0.6184375,0.0,0.38156249999999997,0.8999999999999999,0.38148862707403136,0.6707026464978421,0.88125,0.88125,0.88125,0.11875,19.0,0.11875,exact,392.4475,565.05,neural,1580.0,6320.0,63200.0,nan,0.0,0.0,nan,,,,,,,,,,,,,,,
reviewer1_observation_shift_smoke,reviewer1_observation_shift_smoke,configs/reviewer1_remaining/smoke/observation_shift.yaml,Reviewer1-observation-shift-smoke,Reviewer1ObservationShift-v0,Reviewer1ObservationShift-v0,native_gymnasium_observation,same_input_crisp,11010,train,10635,,,10635,95,-2.0200000000000014,160,0.0,10635,633,0.0018915244216814058,0.023250244557857513,0,1,3,22.27334620000329,21.467864900005225,0.8054812999980641,21.467864900005225,0.8054812999980641,d1991e82fa1ea0337d3d6296e2c904f22359ea22,1.8.0,7cc5bc598cfd6850415c80c2a5f22423f37a7ce8561077a69366f06d0ab14b1d,True,3.14.3,2.11.0+cpu,2.4.3,1.3.0,3.1.0,not-installed,not-installed,0.11826215022091631,0.0,0.00012381973,0.005737790999429791,1593.0,1.0,0.0,0.0,0.0,0.0,0.1375,0.18937500000000002,0.8106249999999999,0.0,0.18937500000000002,0.0,0.27632479155066714,0.700624184573628,0.8625,0.8625,0.8625,0.1375,22.0,0.1375,exact,369.41875,98.05000000000001,neural,1593.0,6372.0,63720.0,nan,0.0,0.0,nan,,,,,,,,,,,,,,,
reviewer1_observation_shift_smoke,reviewer1_observation_shift_smoke,configs/reviewer1_remaining/smoke/observation_shift.yaml,Reviewer1-observation-shift-smoke,Reviewer1ObservationShift-v0,Reviewer1ObservationShift-v0,native_gymnasium_observation,same_input_crisp,11010,train,10753,,,10753,96,-0.620000000000001,118,1.0,10753,641,0.0018988258316128114,0.023250244557857513,0,1,3,22.496169199999713,21.69068790000165,0.8054812999980641,21.69068790000165,0.8054812999980641,d1991e82fa1ea0337d3d6296e2c904f22359ea22,1.8.0,7cc5bc598cfd6850415c80c2a5f22423f37a7ce8561077a69366f06d0ab14b1d,True,3.14.3,2.11.0+cpu,2.4.3,1.3.0,3.1.0,not-installed,not-installed,0.12035112862773524,0.0,0.05010048,0.03009529030423673,1615.0,0.0,0.0,0.0,0.0,1.0,0.2457627118644068,0.175,0.825,0.0,0.175,0.0,0.21996292961466066,0.6633143004773406,0.7542372881355932,0.7542372881355932,0.7542372881355932,0.2457627118644068,29.0,0.2457627118644068,exact,467.3296610169492,553.65,neural,1615.0,6460.0,64600.0,nan,0.0,0.0,nan,,,,,,,,,,,,,,,
reviewer1_observation_shift_smoke,reviewer1_observation_shift_smoke,configs/reviewer1_remaining/smoke/observation_shift.yaml,Reviewer1-observation-shift-smoke,Reviewer1ObservationShift-v0,Reviewer1ObservationShift-v0,native_gymnasium_observation,same_input_crisp,11010,train,10913,,,10913,97,-1.9600000000000015,160,0.0,10913,651,0.0019028246666597326,0.023250244557857513,0,1,3,22.918412300001364,22.1129310000033,0.8054812999980641,22.1129310000033,0.8054812999980641,d1991e82fa1ea0337d3d6296e2c904f22359ea22,1.8.0,7cc5bc598cfd6850415c80c2a5f22423f37a7ce8561077a69366f06d0ab14b1d,True,3.14.3,2.11.0+cpu,2.4.3,1.3.0,3.1.0,not-installed,not-installed,0.11853207810321122,0.0,9.515204e-05,0.0013315408595823018,1646.0,1.0,0.0,0.0,0.0,0.0,0.1625,0.053125,0.946875,0.0,0.053125,0.0,0.18471666835530673,0.8630438735592684,0.8375,0.8375,0.8375,0.1625,26.0,0.1625,exact,327.90625,55.8,neural,1646.0,6584.0,65840.0,nan,0.0,0.0,nan,,,,,,,,,,,,,,,
reviewer1_observation_shift_smoke,reviewer1_observation_shift_smoke,configs/reviewer1_remaining/smoke/observation_shift.yaml,Reviewer1-observation-shift-smoke,Reviewer1ObservationShift-v0,Reviewer1ObservationShift-v0,native_gymnasium_observation,same_input_crisp,11010,train,11073,,,11073,98,-2.0799999999999996,160,0.0,11073,661,0.001889890441706458,0.023250244557857513,0,1,3,23.294792400003644,22.48931110000558,0.8054812999980641,22.48931110000558,0.8054812999980641,d1991e82fa1ea0337d3d6296e2c904f22359ea22,1.8.0,7cc5bc598cfd6850415c80c2a5f22423f37a7ce8561077a69366f06d0ab14b1d,True,3.14.3,2.11.0+cpu,2.4.3,1.3.0,3.1.0,not-installed,not-installed,0.12009186798231039,0.0,7.726303e-05,0.0018863624792537954,1672.0,1.0,0.0,0.0,0.0,0.0,0.2,0.1525,0.8474999999999999,0.0,0.1525,0.0,0.22143322637757384,0.8048635200108738,0.8,0.8,0.8,0.2,32.0,0.2,exact,321.4325,37.95,neural,1672.0,6688.0,66880.0,nan,0.0,0.0,nan,,,,,,,,,,,,,,,
reviewer1_observation_shift_smoke,reviewer1_observation_shift_smoke,configs/reviewer1_remaining/smoke/observation_shift.yaml,Reviewer1-observation-shift-smoke,Reviewer1ObservationShift-v0,Reviewer1ObservationShift-v0,native_gymnasium_observation,same_input_crisp,11010,train,11211,,,11211,99,-0.9600000000000015,138,1.0,11211,669,0.001906273678157956,0.023250244557857513,0,1,3,23.539101800000935,22.73362050000287,0.8054812999980641,22.73362050000287,0.8054812999980641,d1991e82fa1ea0337d3d6296e2c904f22359ea22,1.8.0,7cc5bc598cfd6850415c80c2a5f22423f37a7ce8561077a69366f06d0ab14b1d,True,3.14.3,2.11.0+cpu,2.4.3,1.3.0,3.1.0,not-installed,not-installed,0.1205677290836689,0.0,0.040291637,0.026854694813997212,1690.0,0.0,0.0,0.0,0.0,1.0,0.16666666666666666,0.11992753623188408,0.8800724637681161,0.0,0.11992753623188408,0.0,0.2355369976591355,0.8091239017191402,0.8333333333333334,0.8333333333333334,0.8333333333333334,0.16666666666666666,23.0,0.16666666666666666,exact,374.81594202898555,533.3499999999999,neural,1690.0,6760.0,67600.0,nan,0.0,0.0,nan,,,,,,,,,,,,,,,
reviewer1_observation_shift_smoke,reviewer1_observation_shift_smoke,configs/reviewer1_remaining/smoke/observation_shift.yaml,Reviewer1-observation-shift-smoke,Reviewer1ObservationShift-v0,Reviewer1ObservationShift-v0,native_gymnasium_observation,same_input_crisp,11010,train,11371,,,11371,100,-2.060000000000001,160,0.0,11371,679,0.0019050016647341231,0.023250244557857513,0,1,3,23.937523100001272,23.132041800003208,0.8054812999980641,23.132041800003208,0.8054812999980641,d1991e82fa1ea0337d3d6296e2c904f22359ea22,1.8.0,7cc5bc598cfd6850415c80c2a5f22423f37a7ce8561077a69366f06d0ab14b1d,True,3.14.3,2.11.0+cpu,2.4.3,1.3.0,3.1.0,not-installed,not-installed,0.12637096774193907,0.0,0.0001535975,0.0019120821250246385,1696.0,1.0,0.0,0.0,0.0,0.0,0.01875,0.31906249999999997,0.6809375,0.0,0.31906249999999997,0.8999999999999999,0.43047461382186275,0.4987212434069882,0.98125,0.98125,0.98125,0.01875,3.0,0.01875,exact,412.4862499999999,563.3,neural,1696.0,6784.0,67840.0,nan,0.0,0.0,nan,,,,,,,,,,,,,,,
reviewer1_observation_shift_smoke,reviewer1_observation_shift_smoke,configs/reviewer1_remaining/smoke/observation_shift.yaml,Reviewer1-observation-shift-smoke,Reviewer1ObservationShift-v0,Reviewer1ObservationShift-v0,native_gymnasium_observation,same_input_crisp,11010,train,11531,,,11531,101,-2.369999999999998,160,0.0,11531,689,0.0019224712147657235,0.023250244557857513,0,1,3,24.352340600002208,23.546859300004144,0.8054812999980641,23.546859300004144,0.8054812999980641,d1991e82fa1ea0337d3d6296e2c904f22359ea22,1.8.0,7cc5bc598cfd6850415c80c2a5f22423f37a7ce8561077a69366f06d0ab14b1d,True,3.14.3,2.11.0+cpu,2.4.3,1.3.0,3.1.0,not-installed,not-installed,0.12664050235479174,0.0,0.00012318994,0.00394492099153051,1721.0,1.0,0.0,0.0,0.0,0.0,0.1375,0.166875,0.8331250000000001,0.0,0.166875,0.0,0.2545834344201119,0.74114911327797,0.8625,0.8625,0.8625,0.1375,22.0,0.1375,exact,367.60249999999996,531.6,neural,1721.0,6884.0,68840.0,nan,0.0,0.0,nan,,,,,,,,,,,,,,,
reviewer1_observation_shift_smoke,reviewer1_observation_shift_smoke,configs/reviewer1_remaining/smoke/observation_shift.yaml,Reviewer1-observation-shift-smoke,Reviewer1ObservationShift-v0,Reviewer1ObservationShift-v0,native_gymnasium_observation,same_input_crisp,11010,train,11691,,,11691,102,-2.0000000000000013,160,0.0,11691,699,0.0019116884331703214,0.023250244557857513,0,1,3,24.681405399998766,23.875924100000702,0.8054812999980641,23.875924100000702,0.8054812999980641,d1991e82fa1ea0337d3d6296e2c904f22359ea22,1.8.0,7cc5bc598cfd6850415c80c2a5f22423f37a7ce8561077a69366f06d0ab14b1d,True,3.14.3,2.11.0+cpu,2.4.3,1.3.0,3.1.0,not-installed,not-installed,0.1284289659404763,0.0,9.1806156e-05,0.002586018167698803,1729.0,1.0,0.0,0.0,0.0,0.0,0.025,0.30749999999999994,0.6925,0.0,0.30749999999999994,0.8999999999999999,0.34698754078762056,0.7609641888485321,0.975,0.975,0.975,0.025,4.0,0.025,exact,310.13812500000006,37.8,neural,1729.0,6916.0,69160.0,nan,0.0,0.0,nan,,,,,,,,,,,,,,,
reviewer1_observation_shift_smoke,reviewer1_observation_shift_smoke,configs/reviewer1_remaining/smoke/observation_shift.yaml,Reviewer1-observation-shift-smoke,Reviewer1ObservationShift-v0,Reviewer1ObservationShift-v0,native_gymnasium_observation,same_input_crisp,11010,train,11699,,,11699,103,0.91,8,1.0,11699,700,0.0019091089404537343,0.023250244557857513,0,1,3,24.69918190000317,23.893700600005104,0.8054812999980641,23.893700600005104,0.8054812999980641,d1991e82fa1ea0337d3d6296e2c904f22359ea22,1.8.0,7cc5bc598cfd6850415c80c2a5f22423f37a7ce8561077a69366f06d0ab14b1d,True,3.14.3,2.11.0+cpu,2.4.3,1.3.0,3.1.0,not-installed,not-installed,0.12826286764706257,0.0,0.050106626,0.03351126633212121,1734.0,0.0,0.0,0.0,0.0,1.0,0.375,0.03125,0.96875,0.0,0.03125,0.05,0.07289727815099244,0.7627292154910188,0.625,0.625,0.625,0.375,3.0,0.375,exact,403.4375,548.3,neural,1734.0,6936.0,69360.0,nan,0.0,0.0,nan,,,,,,,,,,,,,,,
reviewer1_observation_shift_smoke,reviewer1_observation_shift_smoke,configs/reviewer1_remaining/smoke/observation_shift.yaml,Reviewer1-observation-shift-smoke,Reviewer1ObservationShift-v0,Reviewer1ObservationShift-v0,native_gymnasium_observation,same_input_crisp,11010,train,11784,,,11784,104,0.0799999999999994,85,1.0,11784,705,0.0018977977946633474,0.023250244557857513,0,1,3,24.889522999998007,24.084041699999943,0.8054812999980641,24.084041699999943,0.8054812999980641,d1991e82fa1ea0337d3d6296e2c904f22359ea22,1.8.0,7cc5bc598cfd6850415c80c2a5f22423f37a7ce8561077a69366f06d0ab14b1d,True,3.14.3,2.11.0+cpu,2.4.3,1.3.0,3.1.0,not-installed,not-installed,0.12700090607067732,0.0,0.034444876,0.035255580663494254,1754.0,0.0,0.0,0.0,0.0,1.0,0.27058823529411763,0.0364705882352941,0.9635294117647061,0.0,0.0364705882352941,0.05,0.09620372187219416,0.902854840971647,0.7294117647058823,0.7294117647058823,0.7294117647058823,0.27058823529411763,23.0,0.27058823529411763,exact,364.4411764705882,527.4,neural,1754.0,7016.0,70160.0,nan,0.0,0.0,nan,,,,,,,,,,,,,,,
reviewer1_observation_shift_smoke,reviewer1_observation_shift_smoke,configs/reviewer1_remaining/smoke/observation_shift.yaml,Reviewer1-observation-shift-smoke,Reviewer1ObservationShift-v0,Reviewer1ObservationShift-v0,native_gymnasium_observation,same_input_crisp,11010,train,11944,,,11944,105,-2.209999999999998,160,0.0,11944,715,0.001911159936596934,0.023250244557857513,0,1,3,25.27477920000092,24.469297900002857,0.8054812999980641,24.469297900002857,0.8054812999980641,d1991e82fa1ea0337d3d6296e2c904f22359ea22,1.8.0,7cc5bc598cfd6850415c80c2a5f22423f37a7ce8561077a69366f06d0ab14b1d,True,3.14.3,2.11.0+cpu,2.4.3,1.3.0,3.1.0,not-installed,not-installed,0.12744493392070877,0.0,0.00010516349,0.002450482935004949,1760.0,1.0,0.0,0.0,0.0,0.0,0.075,0.19249999999999998,0.8075000000000001,0.0,0.19249999999999998,0.0,0.3473226027430967,0.5072150965722662,0.925,0.925,0.925,0.075,12.0,0.075,exact,401.74375,557.3499999999999,neural,1760.0,7040.0,70400.0,nan,0.0,0.0,nan,,,,,,,,,,,,,,,
reviewer1_observation_shift_smoke,reviewer1_observation_shift_smoke,configs/reviewer1_remaining/smoke/observation_shift.yaml,Reviewer1-observation-shift-smoke,Reviewer1ObservationShift-v0,Reviewer1ObservationShift-v0,native_gymnasium_observation,same_input_crisp,11010,eval,12000,12000,-3.0700000000000003,12000,1,-3.0700000000000003,160,0.0,12000,719,0.0019015629149432038,0.023250244557857513,0,2,3,26.20908359999885,24.617878799996106,1.5912048000027426,24.617878799996106,1.5912048000027426,d1991e82fa1ea0337d3d6296e2c904f22359ea22,1.8.0,7cc5bc598cfd6850415c80c2a5f22423f37a7ce8561077a69366f06d0ab14b1d,True,3.14.3,2.11.0+cpu,2.4.3,1.3.0,3.1.0,not-installed,not-installed,0.12651162790698073,0.0,8.7046195e-05,0.0007121242101479513,1773.0,1.0,0.0,0.0,0.0,0.0,1.0,0.0,1.0,0.0,0.0,0.0,0.0,0.44547472385611203,0.0,0.0,0.0,1.0,160.0,1.0,support-boundary collapse,727.295,703.45,neural,1773.0,7092.0,70920.0,nan,0.0,0.0,nan,nan,nan,2,3,nan,nan,nan,unavailable,unavailable,unavailable,nan,nan,1.0,all_observation_channels,79.5
reviewer1_observation_shift_smoke,reviewer1_observation_shift_smoke,configs/reviewer1_remaining/smoke/observation_shift.yaml,Reviewer1-observation-shift-smoke,Reviewer1ObservationShift-v0,Reviewer1ObservationShift-v0,native_gymnasium_observation,same_input_crisp,11010,eval,12000,12000,-0.8900000000000015,12000,2,-0.8900000000000015,128,1.0,12000,719,0.0019015629149432038,0.023250244557857513,0,2,3,26.21015669999906,24.61895189999632,1.5912048000027426,24.61895189999632,1.5912048000027426,d1991e82fa1ea0337d3d6296e2c904f22359ea22,1.8.0,7cc5bc598cfd6850415c80c2a5f22423f37a7ce8561077a69366f06d0ab14b1d,True,3.14.3,2.11.0+cpu,2.4.3,1.3.0,3.1.0,not-installed,not-installed,0.12651162790698073,0.0,8.7046195e-05,0.0007121242101479513,1773.0,0.0,0.0,0.0,0.0,1.0,1.0,0.0,1.0,0.0,0.0,0.0,0.0,0.8802679880952753,0.0,0.0,0.0,1.0,128.0,1.0,support-boundary collapse,568.91015625,553.5,neural,1773.0,7092.0,70920.0,nan,0.0,0.0,nan,nan,nan,2,1,nan,nan,nan,unavailable,unavailable,unavailable,nan,nan,1.0,all_observation_channels,63.5
reviewer1_observation_shift_smoke,reviewer1_observation_shift_smoke,configs/reviewer1_remaining/smoke/observation_shift.yaml,Reviewer1-observation-shift-smoke,Reviewer1ObservationShift-v0,Reviewer1ObservationShift-v0,native_gymnasium_observation,same_input_crisp,11010,eval,12000,12000,-2.9700000000000006,12000,3,-2.9700000000000006,160,0.0,12000,719,0.0019015629149432038,0.023250244557857513,0,2,3,26.21103530000255,24.619830499999807,1.5912048000027426,24.619830499999807,1.5912048000027426,d1991e82fa1ea0337d3d6296e2c904f22359ea22,1.8.0,7cc5bc598cfd6850415c80c2a5f22423f37a7ce8561077a69366f06d0ab14b1d,True,3.14.3,2.11.0+cpu,2.4.3,1.3.0,3.1.0,not-installed,not-installed,0.12651162790698073,0.0,8.7046195e-05,0.0007121242101479513,1773.0,1.0,0.0,0.0,0.0,0.0,1.0,0.0,1.0,0.0,0.0,0.0,0.0,0.7004328837002243,0.0,0.93125,0.0,1.0,160.0,1.0,support-boundary collapse,664.9424999999999,583.1500000000001,neural,1773.0,7092.0,70920.0,nan,0.0,0.0,nan,nan,nan,2,1,nan,nan,nan,unavailable,unavailable,unavailable,nan,nan,1.0,all_observation_channels,79.5
reviewer1_observation_shift_smoke,reviewer1_observation_shift_smoke,configs/reviewer1_remaining/smoke/observation_shift.yaml,Reviewer1-observation-shift-smoke,Reviewer1ObservationShift-v0,Reviewer1ObservationShift-v0,native_gymnasium_observation,same_input_crisp,11010,eval,12000,12000,-1.6000000000000012,12000,4,-1.6000000000000012,160,0.0,12000,719,0.0019015629149432038,0.023250244557857513,0,2,3,26.212824100002763,24.62161930000002,1.5912048000027426,24.62161930000002,1.5912048000027426,d1991e82fa1ea0337d3d6296e2c904f22359ea22,1.8.0,7cc5bc598cfd6850415c80c2a5f22423f37a7ce8561077a69366f06d0ab14b1d,True,3.14.3,2.11.0+cpu,2.4.3,1.3.0,3.1.0,not-installed,not-installed,0.12651162790698073,0.0,8.7046195e-05,0.0007121242101479513,1773.0,1.0,0.0,0.0,0.0,0.0,1.0,0.0,1.0,0.0,0.0,0.0,0.0,0.7926336508845188,0.0,0.0,0.0,1.0,160.0,1.0,support-boundary collapse,713.173125,667.2,neural,1773.0,7092.0,70920.0,nan,0.0,0.0,nan,nan,nan,2,3,nan,nan,nan,unavailable,unavailable,unavailable,nan,nan,1.0,all_observation_channels,79.5
reviewer1_observation_shift_smoke,reviewer1_observation_shift_smoke,configs/reviewer1_remaining/smoke/observation_shift.yaml,Reviewer1-observation-shift-smoke,Reviewer1ObservationShift-v0,Reviewer1ObservationShift-v0,native_gymnasium_observation,same_input_crisp,11010,eval,12020,12020,-3.040000000000002,12020,1,-3.040000000000002,160,0.0,12020,720,0.0019019748830487516,0.023250244557857513,0,3,3,27.211944399998174,24.66738759999862,2.5445567999995546,24.66738759999862,2.5445567999995546,d1991e82fa1ea0337d3d6296e2c904f22359ea22,1.8.0,7cc5bc598cfd6850415c80c2a5f22423f37a7ce8561077a69366f06d0ab14b1d,True,3.14.3,2.11.0+cpu,2.4.3,1.3.0,3.1.0,not-installed,not-installed,0.12618081715445198,0.0,0.00011871141,0.0004220679425595618,1779.0,1.0,0.0,0.0,0.0,0.0,1.0,0.0,1.0,0.0,0.0,0.0,0.0,0.9241525606171128,0.0,0.0,0.0,1.0,160.0,1.0,support-boundary collapse,652.080625,613.05,neural,1779.0,7116.0,71160.0,nan,0.0,0.0,nan,nan,nan,2,0,nan,nan,nan,unavailable,unavailable,unavailable,nan,nan,1.0,all_observation_channels,99.5
reviewer1_observation_shift_smoke,reviewer1_observation_shift_smoke,configs/reviewer1_remaining/smoke/observation_shift.yaml,Reviewer1-observation-shift-smoke,Reviewer1ObservationShift-v0,Reviewer1ObservationShift-v0,native_gymnasium_observation,same_input_crisp,11010,eval,12020,12020,-3.080000000000001,12020,2,-3.080000000000001,160,0.0,12020,720,0.0019019748830487516,0.023250244557857513,0,3,3,27.213605500000995,24.66904870000144,2.5445567999995546,24.66904870000144,2.5445567999995546,d1991e82fa1ea0337d3d6296e2c904f22359ea22,1.8.0,7cc5bc598cfd6850415c80c2a5f22423f37a7ce8561077a69366f06d0ab14b1d,True,3.14.3,2.11.0+cpu,2.4.3,1.3.0,3.1.0,not-installed,not-installed,0.12618081715445198,0.0,0.00011871141,0.0004220679425595618,1779.0,1.0,0.0,0.0,0.0,0.0,1.0,0.0,1.0,0.0,0.0,0.0,0.0,0.44353651619194245,0.0,0.41875,0.0,1.0,160.0,1.0,support-boundary collapse,750.8043749999999,690.25,neural,1779.0,7116.0,71160.0,nan,0.0,0.0,nan,nan,nan,0,1,nan,nan,nan,unavailable,unavailable,unavailable,nan,nan,1.0,all_observation_channels,99.5
reviewer1_observation_shift_smoke,reviewer1_observation_shift_smoke,configs/reviewer1_remaining/smoke/observation_shift.yaml,Reviewer1-observation-shift-smoke,Reviewer1ObservationShift-v0,Reviewer1ObservationShift-v0,native_gymnasium_observation,same_input_crisp,11010,eval,12020,12020,-2.819999999999996,12020,3,-2.819999999999996,160,0.0,12020,720,0.0019019748830487516,0.023250244557857513,0,3,3,27.215006799997354,24.6704499999978,2.5445567999995546,24.6704499999978,2.5445567999995546,d1991e82fa1ea0337d3d6296e2c904f22359ea22,1.8.0,7cc5bc598cfd6850415c80c2a5f22423f37a7ce8561077a69366f06d0ab14b1d,True,3.14.3,2.11.0+cpu,2.4.3,1.3.0,3.1.0,not-installed,not-installed,0.12618081715445198,0.0,0.00011871141,0.0004220679425595618,1779.0,1.0,0.0,0.0,0.0,0.0,1.0,0.0,1.0,0.0,0.0,0.0,0.0,0.8035672367921206,0.0,0.0,0.0,1.0,160.0,1.0,support-boundary collapse,766.395625,701.9000000000001,neural,1779.0,7116.0,71160.0,nan,0.0,0.0,nan,nan,nan,2,1,nan,nan,nan,unavailable,unavailable,unavailable,nan,nan,1.0,all_observation_channels,99.5
reviewer1_observation_shift_smoke,reviewer1_observation_shift_smoke,configs/reviewer1_remaining/smoke/observation_shift.yaml,Reviewer1-observation-shift-smoke,Reviewer1ObservationShift-v0,Reviewer1ObservationShift-v0,native_gymnasium_observation,same_input_crisp,11010,eval,12020,12020,-1.9000000000000015,12020,4,-1.9000000000000015,160,0.0,12020,720,0.0019019748830487516,0.023250244557857513,0,3,3,27.21635519999836,24.671798399998806,2.5445567999995546,24.671798399998806,2.5445567999995546,d1991e82fa1ea0337d3d6296e2c904f22359ea22,1.8.0,7cc5bc598cfd6850415c80c2a5f22423f37a7ce8561077a69366f06d0ab14b1d,True,3.14.3,2.11.0+cpu,2.4.3,1.3.0,3.1.0,not-installed,not-installed,0.12618081715445198,0.0,0.00011871141,0.0004220679425595618,1779.0,1.0,0.0,0.0,0.0,0.0,1.0,0.0,1.0,0.0,0.0,0.0,0.0,0.796603877108314,0.0,0.0,0.0,1.0,160.0,1.0,support-boundary collapse,784.13375,731.6500000000001,neural,1779.0,7116.0,71160.0,nan,0.0,0.0,nan,nan,nan,0,2,nan,nan,nan,unavailable,unavailable,unavailable,nan,nan,1.0,all_observation_channels,99.5
reviewer1_observation_shift_smoke,reviewer1_observation_shift_smoke,configs/reviewer1_remaining/smoke/observation_shift.yaml,Reviewer1-observation-shift-smoke,Reviewer1ObservationShift-v0,Reviewer1ObservationShift-v0,native_gymnasium_observation,same_input_crisp,11010,train,12020,,,12020,106,-0.9000000000000007,76,0.0,12020,720,0.0019019748830487516,0.023250244557857513,0,3,3,27.21973699999944,24.675180199999886,2.5445567999995546,24.675180199999886,2.5445567999995546,d1991e82fa1ea0337d3d6296e2c904f22359ea22,1.8.0,7cc5bc598cfd6850415c80c2a5f22423f37a7ce8561077a69366f06d0ab14b1d,True,3.14.3,2.11.0+cpu,2.4.3,1.3.0,3.1.0,not-installed,not-installed,0.12618081715445198,0.0,0.00011871141,0.0004220679425595618,1779.0,1.0,0.0,0.0,0.0,0.0,0.35526315789473684,0.032236842105263154,0.967763157894737,0.0,0.032236842105263154,0.05,0.08828674761420825,0.7410810305470935,0.6447368421052632,0.6710526315789473,0.6447368421052632,0.35526315789473684,27.0,0.35526315789473684,exact,419.51052631578955,562.65,neural,1779.0,7116.0,71160.0,nan,0.0,0.0,nan,,,,,,,,,,,,,,,
reviewer1_observation_shift_smoke,reviewer1_observation_shift_smoke,configs/reviewer1_remaining/smoke/observation_shift.yaml,Reviewer1-observation-shift-smoke,Reviewer1ObservationShift-v0,Reviewer1ObservationShift-v0,native_gymnasium_observation,same_input_crisp,11011,train,16,,,16,1,0.84,16,1.0,16,0,nan,nan,0,0,3,0.039458599996578414,0.039458599996578414,0.0,0.039458599996578414,0.0,d1991e82fa1ea0337d3d6296e2c904f22359ea22,1.8.0,7cc5bc598cfd6850415c80c2a5f22423f37a7ce8561077a69366f06d0ab14b1d,True,3.14.3,2.11.0+cpu,2.4.3,1.3.0,3.1.0,not-installed,not-installed,0.0,0.0,0.49018872,0.5095072781321199,11.0,0.0,0.0,0.0,0.0,1.0,1.0,0.0,0.0,0.0,nan,nan,0.0,nan,0.0,0.0,nan,0.0,nan,nan,unsupported,34.15625,25.15,none,11.0,44.0,440.0,nan,0.0,0.0,nan,,,,,,,,,,,,,,,
reviewer1_observation_shift_smoke,reviewer1_observation_shift_smoke,configs/reviewer1_remaining/smoke/observation_shift.yaml,Reviewer1-observation-shift-smoke,Reviewer1ObservationShift-v0,Reviewer1ObservationShift-v0,native_gymnasium_observation,same_input_crisp,11011,train,176,,,176,2,-1.9600000000000015,160,0.0,176,0,nan,nan,0,0,3,0.2726550000006682,0.2726550000006682,0.0,0.2726550000006682,0.0,d1991e82fa1ea0337d3d6296e2c904f22359ea22,1.8.0,7cc5bc598cfd6850415c80c2a5f22423f37a7ce8561077a69366f06d0ab14b1d,True,3.14.3,2.11.0+cpu,2.4.3,1.3.0,3.1.0,not-installed,not-installed,0.0,0.0,0.00025660885,0.029361247780731105,37.0,1.0,0.0,0.0,0.0,0.0,1.0,0.0,0.0,0.0,nan,nan,0.0,nan,0.0,0.0,nan,0.0,nan,nan,unsupported,25.494375,23.25,none,37.0,148.0,1480.0,nan,0.0,0.0,nan,,,,,,,,,,,,,,,
reviewer1_observation_shift_smoke,reviewer1_observation_shift_smoke,configs/reviewer1_remaining/smoke/observation_shift.yaml,Reviewer1-observation-shift-smoke,Reviewer1ObservationShift-v0,Reviewer1ObservationShift-v0,native_gymnasium_observation,same_input_crisp,11011,train,177,,,177,3,1.0,1,1.0,177,0,nan,nan,0,0,3,0.27427349999925354,0.27427349999925354,0.0,0.27427349999925354,0.0,d1991e82fa1ea0337d3d6296e2c904f22359ea22,1.8.0,7cc5bc598cfd6850415c80c2a5f22423f37a7ce8561077a69366f06d0ab14b1d,True,3.14.3,2.11.0+cpu,2.4.3,1.3.0,3.1.0,not-installed,not-installed,0.0,0.0,0.05024378,0.07068366578425084,38.0,0.0,0.0,0.0,0.0,1.0,1.0,0.0,0.0,0.0,nan,nan,0.0,nan,0.0,0.0,nan,0.0,nan,nan,unsupported,16.3,16.3,none,38.0,152.0,1520.0,nan,0.0,0.0,nan,,,,,,,,,,,,,,,
reviewer1_observation_shift_smoke,reviewer1_observation_shift_smoke,configs/reviewer1_remaining/smoke/observation_shift.yaml,Reviewer1-observation-shift-smoke,Reviewer1ObservationShift-v0,Reviewer1ObservationShift-v0,native_gymnasium_observation,same_input_crisp,11011,train,337,,,337,4,-1.9900000000000015,160,0.0,337,0,nan,nan,0,0,3,0.5722366999980295,0.5722366999980295,0.0,0.5722366999980295,0.0,d1991e82fa1ea0337d3d6296e2c904f22359ea22,1.8.0,7cc5bc598cfd6850415c80c2a5f22423f37a7ce8561077a69366f06d0ab14b1d,True,3.14.3,2.11.0+cpu,2.4.3,1.3.0,3.1.0,not-installed,not-installed,0.037500000000000006,0.0,0.00015333448,0.01928783133921979,64.0,1.0,0.0,0.0,0.0,0.0,0.525,0.02375,0.7575000000000001,0.0,0.0304,0.05,0.16536092783832163,0.464847163731824,0.475,0.475,0.608,0.30625,49.0,0.392,exact,44.938125,23.95,neural,64.0,256.0,2560.0,nan,0.0,0.0,nan,,,,,,,,,,,,,,,
reviewer1_observation_shift_smoke,reviewer1_observation_shift_smoke,configs/reviewer1_remaining/smoke/observation_shift.yaml,Reviewer1-observation-shift-smoke,Reviewer1ObservationShift-v0,Reviewer1ObservationShift-v0,native_gymnasium_observation,same_input_crisp,11011,train,497,,,497,5,-1.9900000000000015,160,0.0,497,0,nan,nan,0,0,3,0.7944162999992841,0.7944162999992841,0.0,0.7944162999992841,0.0,d1991e82fa1ea0337d3d6296e2c904f22359ea22,1.8.0,7cc5bc598cfd6850415c80c2a5f22423f37a7ce8561077a69366f06d0ab14b1d,True,3.14.3,2.11.0+cpu,2.4.3,1.3.0,3.1.0,not-installed,not-installed,0.1642857142857143,0.0,9.731281e-05,0.011929951616585641,81.0,1.0,0.0,0.0,0.0,0.0,0.80625,0.06593750000000001,0.9340624999999999,0.0,0.06593750000000001,0.0,0.04218770478748587,0.521959080903675,0.19375,0.19375,0.19375,0.80625,129.0,0.80625,support-boundary collapse,35.578125,22.4,neural,81.0,324.0,3240.0,nan,0.0,0.0,nan,,,,,,,,,,,,,,,
reviewer1_observation_shift_smoke,reviewer1_observation_shift_smoke,configs/reviewer1_remaining/smoke/observation_shift.yaml,Reviewer1-observation-shift-smoke,Reviewer1ObservationShift-v0,Reviewer1ObservationShift-v0,native_gymnasium_observation,same_input_crisp,11011,train,624,,,624,6,-0.6100000000000012,127,1.0,624,8,0.007213399410829879,0.017612546682357788,0,0,3,1.0630113000006531,1.0630113000006531,0.0,1.0630113000006531,0.0,d1991e82fa1ea0337d3d6296e2c904f22359ea22,1.8.0,7cc5bc598cfd6850415c80c2a5f22423f37a7ce8561077a69366f06d0ab14b1d,True,3.14.3,2.11.0+cpu,2.4.3,1.3.0,3.1.0,not-installed,not-installed,0.12000000000000002,0.0,0.050143972,0.043143718589857015,116.0,0.0,0.0,0.0,0.0,1.0,0.11023622047244094,0.044488188976377956,0.9555118110236219,0.0,0.044488188976377956,0.0,0.043394291585978864,0.6094980537133639,0.889763779527559,0.889763779527559,0.889763779527559,0.11023622047244094,14.0,0.11023622047244094,exact,42.60000000000001,24.2,neural,116.0,464.0,4640.0,nan,0.0,0.0,nan,,,,,,,,,,,,,,,
reviewer1_observation_shift_smoke,reviewer1_observation_shift_smoke,configs/reviewer1_remaining/smoke/observation_shift.yaml,Reviewer1-observation-shift-smoke,Reviewer1ObservationShift-v0,Reviewer1ObservationShift-v0,native_gymnasium_observation,same_input_crisp,11011,train,626,,,626,7,0.99,2,1.0,626,8,0.007213399410829879,0.017612546682357788,0,0,3,1.0658467999965069,1.0658467999965069,0.0,1.0658467999965069,0.0,d1991e82fa1ea0337d3d6296e2c904f22359ea22,1.8.0,7cc5bc598cfd6850415c80c2a5f22423f37a7ce8561077a69366f06d0ab14b1d,True,3.14.3,2.11.0+cpu,2.4.3,1.3.0,3.1.0,not-installed,not-installed,0.12000000000000002,0.0,0.09525968,0.07150147037457731,118.0,0.0,0.0,0.0,0.0,1.0,1.0,0.0,1.0,0.0,0.0,0.0,0.0,0.6255806638498944,0.0,0.0,0.0,1.0,2.0,1.0,support-boundary collapse,19.1,19.1,neural,118.0,472.0,4720.0,nan,0.0,0.0,nan,,,,,,,,,,,,,,,
reviewer1_observation_shift_smoke,reviewer1_observation_shift_smoke,configs/reviewer1_remaining/smoke/observation_shift.yaml,Reviewer1-observation-shift-smoke,Reviewer1ObservationShift-v0,Reviewer1ObservationShift-v0,native_gymnasium_observation,same_input_crisp,11011,train,786,,,786,8,-1.9700000000000015,160,0.0,786,18,0.004327312529009457,0.017612546682357788,0,0,3,1.3646258000007947,1.3646258000007947,0.0,1.3646258000007947,0.0,d1991e82fa1ea0337d3d6296e2c904f22359ea22,1.8.0,7cc5bc598cfd6850415c80c2a5f22423f37a7ce8561077a69366f06d0ab14b1d,True,3.14.3,2.11.0+cpu,2.4.3,1.3.0,3.1.0,not-installed,not-installed,0.10416666666666669,0.0,0.00015400138,0.0027805653279509624,158.0,1.0,0.0,0.0,0.0,0.0,0.76875,0.0115625,0.9884374999999999,0.0,0.0115625,0.0,0.03221128045170538,0.777665314305294,0.23125,0.23125,0.23125,0.76875,123.0,0.76875,support-boundary collapse,33.315,22.5,neural,158.0,632.0,6320.0,nan,0.0,0.0,nan,,,,,,,,,,,,,,,
reviewer1_observation_shift_smoke,reviewer1_observation_shift_smoke,configs/reviewer1_remaining/smoke/observation_shift.yaml,Reviewer1-observation-shift-smoke,Reviewer1ObservationShift-v0,Reviewer1ObservationShift-v0,native_gymnasium_observation,same_input_crisp,11011,train,946,,,946,9,-2.1,160,0.0,946,28,0.0037958129053419854,0.017612546682357788,0,0,3,1.6794439000004786,1.6794439000004786,0.0,1.6794439000004786,0.0,d1991e82fa1ea0337d3d6296e2c904f22359ea22,1.8.0,7cc5bc598cfd6850415c80c2a5f22423f37a7ce8561077a69366f06d0ab14b1d,True,3.14.3,2.11.0+cpu,2.4.3,1.3.0,3.1.0,not-installed,not-installed,0.08157894736842108,0.0,0.00012316031,0.001183075366510372,184.0,1.0,0.0,0.0,0.0,0.0,0.04375,0.047812499999999994,0.9521875,0.0,0.047812499999999994,0.0,0.16715199708394474,0.8083375880226548,0.95625,0.95625,0.95625,0.04375,7.0,0.04375,exact,55.986875,24.799999999999997,neural,184.0,736.0,7360.0,nan,0.0,0.0,nan,,,,,,,,,,,,,,,
reviewer1_observation_shift_smoke,reviewer1_observation_shift_smoke,configs/reviewer1_remaining/smoke/observation_shift.yaml,Reviewer1-observation-shift-smoke,Reviewer1ObservationShift-v0,Reviewer1ObservationShift-v0,native_gymnasium_observation,same_input_crisp,11011,train,1106,,,1106,10,-1.9700000000000015,160,0.0,1106,38,0.003174891079987375,0.017612546682357788,0,0,3,1.9804065999996965,1.9804065999996965,0.0,1.9804065999996965,0.0,d1991e82fa1ea0337d3d6296e2c904f22359ea22,1.8.0,7cc5bc598cfd6850415c80c2a5f22423f37a7ce8561077a69366f06d0ab14b1d,True,3.14.3,2.11.0+cpu,2.4.3,1.3.0,3.1.0,not-installed,not-installed,0.07400000000000002,0.0,0.00010540408,0.0009571227764512843,201.0,1.0,0.0,0.0,0.0,0.0,0.0,0.049999999999999996,0.95,0.0,0.049999999999999996,0.0,0.30317836619437893,0.4997153972784544,1.0,1.0,1.0,0.0,0.0,0.0,exact,56.66437499999999,24.6,neural,201.0,804.0,8040.0,nan,0.0,0.0,nan,,,,,,,,,,,,,,,
reviewer1_observation_shift_smoke,reviewer1_observation_shift_smoke,configs/reviewer1_remaining/smoke/observation_shift.yaml,Reviewer1-observation-shift-smoke,Reviewer1ObservationShift-v0,Reviewer1ObservationShift-v0,native_gymnasium_observation,same_input_crisp,11011,train,1266,,,1266,11,-1.9400000000000013,160,0.0,1266,48,0.0027669383772869574,0.017612546682357788,0,0,3,2.2930515999978525,2.2930515999978525,0.0,2.2930515999978525,0.0,d1991e82fa1ea0337d3d6296e2c904f22359ea22,1.8.0,7cc5bc598cfd6850415c80c2a5f22423f37a7ce8561077a69366f06d0ab14b1d,True,3.14.3,2.11.0+cpu,2.4.3,1.3.0,3.1.0,not-installed,not-installed,0.0635135135135135,0.0,0.00010299143,0.0017569123263243406,242.0,1.0,0.0,0.0,0.0,0.0,0.09375,0.0453125,0.9546875,0.0,0.0453125,0.0,0.11710697887152655,0.6380940941918299,0.90625,0.90625,0.90625,0.09375,15.0,0.09375,exact,69.988125,23.25,neural,242.0,968.0,9680.0,nan,0.0,0.0,nan,,,,,,,,,,,,,,,
reviewer1_observation_shift_smoke,reviewer1_observation_shift_smoke,configs/reviewer1_remaining/smoke/observation_shift.yaml,Reviewer1-observation-shift-smoke,Reviewer1ObservationShift-v0,Reviewer1ObservationShift-v0,native_gymnasium_observation,same_input_crisp,11011,train,1426,,,1426,12,-2.1499999999999995,160,0.0,1426,58,0.0025369737865323008,0.017612546682357788,0,0,3,2.674798299995018,2.674798299995018,0.0,2.674798299995018,0.0,d1991e82fa1ea0337d3d6296e2c904f22359ea22,1.8.0,7cc5bc598cfd6850415c80c2a5f22423f37a7ce8561077a69366f06d0ab14b1d,True,3.14.3,2.11.0+cpu,2.4.3,1.3.0,3.1.0,not-installed,not-installed,0.06020408163265301,0.0,8.32887e-05,0.0011976094185134599,259.0,1.0,0.0,0.0,0.0,0.0,0.0,0.049999999999999996,0.95,0.0,0.049999999999999996,0.0,0.2903922062039074,0.5347396956726261,1.0,1.0,1.0,0.0,0.0,0.0,exact,78.395625,26.4,neural,259.0,1036.0,10360.0,nan,0.0,0.0,nan,,,,,,,,,,,,,,,
reviewer1_observation_shift_smoke,reviewer1_observation_shift_smoke,configs/reviewer1_remaining/smoke/observation_shift.yaml,Reviewer1-observation-shift-smoke,Reviewer1ObservationShift-v0,Reviewer1ObservationShift-v0,native_gymnasium_observation,same_input_crisp,11011,train,1586,,,1586,13,-2.020000000000001,160,0.0,1586,68,0.0021727026022317123,0.017612546682357788,0,0,3,2.9730418999970425,2.9730418999970425,0.0,2.9730418999970425,0.0,d1991e82fa1ea0337d3d6296e2c904f22359ea22,1.8.0,7cc5bc598cfd6850415c80c2a5f22423f37a7ce8561077a69366f06d0ab14b1d,True,3.14.3,2.11.0+cpu,2.4.3,1.3.0,3.1.0,not-installed,not-installed,0.0728070175438596,0.0,0.0001396244,0.0006974644627959081,288.0,1.0,0.0,0.0,0.0,0.0,0.1,0.27562499999999995,0.724375,0.0,0.27562499999999995,0.8999999999999999,0.2946934237655875,0.7647608730977641,0.9,0.9,0.9,0.1,16.0,0.1,exact,58.23125,24.15,neural,288.0,1152.0,11520.0,nan,0.0,0.0,nan,,,,,,,,,,,,,,,
reviewer1_observation_shift_smoke,reviewer1_observation_shift_smoke,configs/reviewer1_remaining/smoke/observation_shift.yaml,Reviewer1-observation-shift-smoke,Reviewer1ObservationShift-v0,Reviewer1ObservationShift-v0,native_gymnasium_observation,same_input_crisp,11011,train,1634,,,1634,14,0.46999999999999975,48,1.0,1634,71,0.002086568547460508,0.017612546682357788,0,0,3,3.030804000001808,3.030804000001808,0.0,3.030804000001808,0.0,d1991e82fa1ea0337d3d6296e2c904f22359ea22,1.8.0,7cc5bc598cfd6850415c80c2a5f22423f37a7ce8561077a69366f06d0ab14b1d,True,3.14.3,2.11.0+cpu,2.4.3,1.3.0,3.1.0,not-installed,not-installed,0.07155172413793098,0.0,0.05012884,0.03870687679209583,306.0,0.0,0.0,0.0,0.0,1.0,0.3333333333333333,0.03333333333333333,0.9666666666666667,0.0,0.03333333333333333,0.05,0.06344172130936032,0.6322069874602604,0.6666666666666666,0.6666666666666666,0.6666666666666666,0.3333333333333333,16.0,0.3333333333333333,exact,36.25416666666666,20.4,neural,306.0,1224.0,12240.0,nan,0.0,0.0,nan,,,,,,,,,,,,,,,
reviewer1_observation_shift_smoke,reviewer1_observation_shift_smoke,configs/reviewer1_remaining/smoke/observation_shift.yaml,Reviewer1-observation-shift-smoke,Reviewer1ObservationShift-v0,Reviewer1ObservationShift-v0,native_gymnasium_observation,same_input_crisp,11011,train,1794,,,1794,15,-1.8800000000000014,160,0.0,1794,81,0.0019859730241197538,0.017612546682357788,0,0,3,3.3474170999979833,3.3474170999979833,0.0,3.3474170999979833,0.0,d1991e82fa1ea0337d3d6296e2c904f22359ea22,1.8.0,7cc5bc598cfd6850415c80c2a5f22423f37a7ce8561077a69366f06d0ab14b1d,True,3.14.3,2.11.0+cpu,2.4.3,1.3.0,3.1.0,not-installed,not-installed,0.06736111111111104,0.0,8.840996e-05,0.0011663216772857937,323.0,1.0,0.0,0.0,0.0,0.0,0.0875,0.04562499999999999,0.954375,0.0,0.04562499999999999,0.0,0.2063013794124992,0.6321731112541343,0.9125,0.9125,0.9125,0.0875,14.0,0.0875,exact,83.86999999999999,27.200000000000003,neural,323.0,1292.0,12920.0,nan,0.0,0.0,nan,,,,,,,,,,,,,,,
reviewer1_observation_shift_smoke,reviewer1_observation_shift_smoke,configs/reviewer1_remaining/smoke/observation_shift.yaml,Reviewer1-observation-shift-smoke,Reviewer1ObservationShift-v0,Reviewer1ObservationShift-v0,native_gymnasium_observation,same_input_crisp,11011,train,1954,,,1954,16,-1.9400000000000015,160,0.0,1954,91,0.0017782939458201937,0.017612546682357788,0,0,3,3.657543199995416,3.657543199995416,0.0,3.657543199995416,0.0,d1991e82fa1ea0337d3d6296e2c904f22359ea22,1.8.0,7cc5bc598cfd6850415c80c2a5f22423f37a7ce8561077a69366f06d0ab14b1d,True,3.14.3,2.11.0+cpu,2.4.3,1.3.0,3.1.0,not-installed,not-installed,0.06264367816091945,0.0,0.00014489857,0.0011186516434759579,352.0,1.0,0.0,0.0,0.0,0.0,0.33125,0.033437499999999995,0.9665625,0.0,0.033437499999999995,0.05,0.17297929585486357,0.8856679286828731,0.66875,0.66875,0.66875,0.33125,53.0,0.33125,exact,88.830625,26.299999999999997,neural,352.0,1408.0,14080.0,nan,0.0,0.0,nan,,,,,,,,,,,,,,,
reviewer1_observation_shift_smoke,reviewer1_observation_shift_smoke,configs/reviewer1_remaining/smoke/observation_shift.yaml,Reviewer1-observation-shift-smoke,Reviewer1ObservationShift-v0,Reviewer1ObservationShift-v0,native_gymnasium_observation,same_input_crisp,11011,train,1984,,,1984,17,0.6099999999999999,30,1.0,1984,93,0.0017448501314129806,0.017612546682357788,0,0,3,3.7016771999988123,3.7016771999988123,0.0,3.7016771999988123,0.0,d1991e82fa1ea0337d3d6296e2c904f22359ea22,1.8.0,7cc5bc598cfd6850415c80c2a5f22423f37a7ce8561077a69366f06d0ab14b1d,True,3.14.3,2.11.0+cpu,2.4.3,1.3.0,3.1.0,not-installed,not-installed,0.062359550561797664,0.0,0.050128,0.03756104853689603,359.0,0.0,0.0,0.0,0.0,1.0,0.1,0.04500000000000001,0.9549999999999998,0.0,0.04500000000000001,0.0,0.35204924013135386,0.40112924429969765,0.9,0.9,0.9,0.1,3.0,0.1,exact,74.59333333333333,23.4,neural,359.0,1436.0,14360.0,nan,0.0,0.0,nan,,,,,,,,,,,,,,,
reviewer1_observation_shift_smoke,reviewer1_observation_shift_smoke,configs/reviewer1_remaining/smoke/observation_shift.yaml,Reviewer1-observation-shift-smoke,Reviewer1ObservationShift-v0,Reviewer1ObservationShift-v0,native_gymnasium_observation,same_input_crisp,11011,train,2144,,,2144,18,-2.0300000000000007,160,0.0,2144,103,0.0015863103689854733,0.017612546682357788,0,0,3,4.044331500001135,4.044331500001135,0.0,4.044331500001135,0.0,d1991e82fa1ea0337d3d6296e2c904f22359ea22,1.8.0,7cc5bc598cfd6850415c80c2a5f22423f37a7ce8561077a69366f06d0ab14b1d,True,3.14.3,2.11.0+cpu,2.4.3,1.3.0,3.1.0,not-installed,not-installed,0.0609999999999999,0.0,0.00012643336,0.0009009815975448978,381.0,1.0,0.0,0.0,0.0,0.0,0.0,0.049999999999999996,0.95,0.0,0.049999999999999996,0.0,0.23743714497250776,0.5707183186168153,1.0,1.0,1.0,0.0,0.0,0.0,exact,71.28812500000001,27.45,neural,381.0,1524.0,15240.0,nan,0.0,0.0,nan,,,,,,,,,,,,,,,
reviewer1_observation_shift_smoke,reviewer1_observation_shift_smoke,configs/reviewer1_remaining/smoke/observation_shift.yaml,Reviewer1-observation-shift-smoke,Reviewer1ObservationShift-v0,Reviewer1ObservationShift-v0,native_gymnasium_observation,same_input_crisp,11011,train,2252,,,2252,19,-0.370000000000001,108,1.0,2252,109,0.001501051763341887,0.017612546682357788,0,0,3,4.200669099998777,4.200669099998777,0.0,4.200669099998777,0.0,d1991e82fa1ea0337d3d6296e2c904f22359ea22,1.8.0,7cc5bc598cfd6850415c80c2a5f22423f37a7ce8561077a69366f06d0ab14b1d,True,3.14.3,2.11.0+cpu,2.4.3,1.3.0,3.1.0,not-installed,not-installed,0.059210526315789366,0.0,0.05014653,0.040247522457604296,405.0,0.0,0.0,0.0,0.0,1.0,0.046296296296296294,0.04768518518518517,0.9523148148148147,0.0,0.04768518518518517,0.0,0.23034228378825536,0.8236604778782803,0.9537037037037037,0.9537037037037037,0.9537037037037037,0.046296296296296294,5.0,0.046296296296296294,exact,110.84351851851851,23.65,neural,405.0,1620.0,16200.0,nan,0.0,0.0,nan,,,,,,,,,,,,,,,
reviewer1_observation_shift_smoke,reviewer1_observation_shift_smoke,configs/reviewer1_remaining/smoke/observation_shift.yaml,Reviewer1-observation-shift-smoke,Reviewer1ObservationShift-v0,Reviewer1ObservationShift-v0,native_gymnasium_observation,same_input_crisp,11011,train,2412,,,2412,20,-2.0300000000000007,160,0.0,2412,119,0.001482086105842878,0.017612546682357788,0,0,3,4.558960299997125,4.558960299997125,0.0,4.558960299997125,0.0,d1991e82fa1ea0337d3d6296e2c904f22359ea22,1.8.0,7cc5bc598cfd6850415c80c2a5f22423f37a7ce8561077a69366f06d0ab14b1d,True,3.14.3,2.11.0+cpu,2.4.3,1.3.0,3.1.0,not-installed,not-installed,0.056296296296296185,0.0,0.000112477384,0.0006827428851258882,434.0,1.0,0.0,0.0,0.0,0.0,0.3,0.034999999999999996,0.9649999999999999,0.0,0.034999999999999996,0.05,0.13673658025351326,0.6115590412313909,0.7,0.7,0.7,0.3,48.0,0.3,exact,117.57874999999999,27.45,neural,434.0,1736.0,17360.0,nan,0.0,0.0,nan,,,,,,,,,,,,,,,
reviewer1_observation_shift_smoke,reviewer1_observation_shift_smoke,configs/reviewer1_remaining/smoke/observation_shift.yaml,Reviewer1-observation-shift-smoke,Reviewer1ObservationShift-v0,Reviewer1ObservationShift-v0,native_gymnasium_observation,same_input_crisp,11011,train,2572,,,2572,21,-2.0999999999999996,160,0.0,2572,129,0.00137338451041128,0.017612546682357788,0,0,3,4.8242182999965735,4.8242182999965735,0.0,4.8242182999965735,0.0,d1991e82fa1ea0337d3d6296e2c904f22359ea22,1.8.0,7cc5bc598cfd6850415c80c2a5f22423f37a7ce8561077a69366f06d0ab14b1d,True,3.14.3,2.11.0+cpu,2.4.3,1.3.0,3.1.0,not-installed,not-installed,0.0549999999999999,0.0,0.00012825105,0.0005398163856472699,456.0,1.0,0.0,0.0,0.0,0.0,0.16875,0.04156249999999999,0.9584374999999999,0.0,0.04156249999999999,0.0,0.19623252837897523,0.7476562446670574,0.83125,0.83125,0.83125,0.16875,27.0,0.16875,exact,90.25625000000001,23.25,neural,456.0,1824.0,18240.0,nan,0.0,0.0,nan,,,,,,,,,,,,,,,
reviewer1_observation_shift_smoke,reviewer1_observation_shift_smoke,configs/reviewer1_remaining/smoke/observation_shift.yaml,Reviewer1-observation-shift-smoke,Reviewer1ObservationShift-v0,Reviewer1ObservationShift-v0,native_gymnasium_observation,same_input_crisp,11011,train,2608,,,2608,22,0.5399999999999998,36,1.0,2608,132,0.001342931046110607,0.017612546682357788,0,0,3,4.8695745000004536,4.8695745000004536,0.0,4.8695745000004536,0.0,d1991e82fa1ea0337d3d6296e2c904f22359ea22,1.8.0,7cc5bc598cfd6850415c80c2a5f22423f37a7ce8561077a69366f06d0ab14b1d,True,3.14.3,2.11.0+cpu,2.4.3,1.3.0,3.1.0,not-installed,not-installed,0.0548701298701298,0.0,0.05011349,0.04028575242702375,467.0,0.0,0.0,0.0,0.0,1.0,0.0,0.05000000000000001,0.9500000000000001,0.0,0.05000000000000001,0.0,0.14588055611198744,0.7558784649170711,1.0,1.0,1.0,0.0,0.0,0.0,exact,90.86388888888888,20.55,neural,467.0,1868.0,18680.0,nan,0.0,0.0,nan,,,,,,,,,,,,,,,
reviewer1_observation_shift_smoke,reviewer1_observation_shift_smoke,configs/reviewer1_remaining/smoke/observation_shift.yaml,Reviewer1-observation-shift-smoke,Reviewer1ObservationShift-v0,Reviewer1ObservationShift-v0,native_gymnasium_observation,same_input_crisp,11011,train,2768,,,2768,23,-1.9100000000000015,160,0.0,2768,142,0.0013431539169098063,0.017612546682357788,0,0,3,5.205648299997847,5.205648299997847,0.0,5.205648299997847,0.0,d1991e82fa1ea0337d3d6296e2c904f22359ea22,1.8.0,7cc5bc598cfd6850415c80c2a5f22423f37a7ce8561077a69366f06d0ab14b1d,True,3.14.3,2.11.0+cpu,2.4.3,1.3.0,3.1.0,not-installed,not-installed,0.05823863636363636,0.0,0.00010083541,0.001089493138480151,494.0,1.0,0.0,0.0,0.0,0.0,0.28125,0.0471875,0.9528125,0.0,0.0471875,0.05,0.17071417254400612,0.5248863306859418,0.71875,0.71875,0.71875,0.28125,45.0,0.28125,exact,122.74749999999999,25.5,neural,494.0,1976.0,19760.0,nan,0.0,0.0,nan,,,,,,,,,,,,,,,
reviewer1_observation_shift_smoke,reviewer1_observation_shift_smoke,configs/reviewer1_remaining/smoke/observation_shift.yaml,Reviewer1-observation-shift-smoke,Reviewer1ObservationShift-v0,Reviewer1ObservationShift-v0,native_gymnasium_observation,same_input_crisp,11011,train,2928,,,2928,24,-2.0400000000000005,160,0.0,2928,152,0.0012595482368229377,0.017612546682357788,0,0,3,5.605344600000535,5.605344600000535,0.0,5.605344600000535,0.0,d1991e82fa1ea0337d3d6296e2c904f22359ea22,1.8.0,7cc5bc598cfd6850415c80c2a5f22423f37a7ce8561077a69366f06d0ab14b1d,True,3.14.3,2.11.0+cpu,2.4.3,1.3.0,3.1.0,not-installed,not-installed,0.056666666666666726,0.0,8.540994e-05,0.0005279958334997613,524.0,1.0,0.0,0.0,0.0,0.0,0.2625,0.036875000000000005,0.9631250000000001,0.0,0.036875000000000005,0.05,0.17150654609471938,0.6676616805650533,0.7375,0.7375,0.7375,0.2625,42.0,0.2625,exact,111.52874999999999,27.05,neural,524.0,2096.0,20960.0,nan,0.0,0.0,nan,,,,,,,,,,,,,,,
reviewer1_observation_shift_smoke,reviewer1_observation_shift_smoke,configs/reviewer1_remaining/smoke/observation_shift.yaml,Reviewer1-observation-shift-smoke,Reviewer1ObservationShift-v0,Reviewer1ObservationShift-v0,native_gymnasium_observation,same_input_crisp,11011,train,3088,,,3088,25,-1.8200000000000014,160,0.0,3088,162,0.001185714276457643,0.017612546682357788,0,0,3,5.942622599999595,5.942622599999595,0.0,5.942622599999595,0.0,d1991e82fa1ea0337d3d6296e2c904f22359ea22,1.8.0,7cc5bc598cfd6850415c80c2a5f22423f37a7ce8561077a69366f06d0ab14b1d,True,3.14.3,2.11.0+cpu,2.4.3,1.3.0,3.1.0,not-installed,not-installed,0.055896226415094445,0.0,0.000108527034,0.0008513748410694239,539.0,1.0,0.0,0.0,0.0,0.0,0.04375,0.047812499999999994,0.9521875,0.0,0.047812499999999994,0.0,0.30426834088691346,0.7682372521577913,0.95625,0.95625,0.95625,0.04375,7.0,0.04375,exact,103.7725,25.8,neural,539.0,2156.0,21560.0,nan,0.0,0.0,nan,,,,,,,,,,,,,,,
reviewer1_observation_shift_smoke,reviewer1_observation_shift_smoke,configs/reviewer1_remaining/smoke/observation_shift.yaml,Reviewer1-observation-shift-smoke,Reviewer1ObservationShift-v0,Reviewer1ObservationShift-v0,native_gymnasium_observation,same_input_crisp,11011,train,3099,,,3099,26,0.88,11,1.0,3099,162,0.001185714276457643,0.017612546682357788,0,0,3,5.9537912999949185,5.9537912999949185,0.0,5.9537912999949185,0.0,d1991e82fa1ea0337d3d6296e2c904f22359ea22,1.8.0,7cc5bc598cfd6850415c80c2a5f22423f37a7ce8561077a69366f06d0ab14b1d,True,3.14.3,2.11.0+cpu,2.4.3,1.3.0,3.1.0,not-installed,not-installed,0.055633802816901515,0.0,0.050119285,0.043047401325558364,546.0,0.0,0.0,0.0,0.0,1.0,0.6363636363636364,0.018181818181818184,0.9818181818181819,0.0,0.018181818181818184,0.05,0.14307976010449694,0.3997655663376791,0.36363636363636365,0.36363636363636365,0.36363636363636365,0.6363636363636364,7.0,0.6363636363636364,support-boundary collapse,87.01818181818183,22.3,neural,546.0,2184.0,21840.0,nan,0.0,0.0,nan,,,,,,,,,,,,,,,
reviewer1_observation_shift_smoke,reviewer1_observation_shift_smoke,configs/reviewer1_remaining/smoke/observation_shift.yaml,Reviewer1-observation-shift-smoke,Reviewer1ObservationShift-v0,Reviewer1ObservationShift-v0,native_gymnasium_observation,same_input_crisp,11011,train,3259,,,3259,27,-1.9000000000000015,160,0.0,3259,172,0.0011185531530869877,0.017612546682357788,0,0,3,6.298204300001089,6.298204300001089,0.0,6.298204300001089,0.0,d1991e82fa1ea0337d3d6296e2c904f22359ea22,1.8.0,7cc5bc598cfd6850415c80c2a5f22423f37a7ce8561077a69366f06d0ab14b1d,True,3.14.3,2.11.0+cpu,2.4.3,1.3.0,3.1.0,not-installed,not-installed,0.05858369098712461,0.0,0.00015067571,0.0005883750021866932,567.0,1.0,0.0,0.0,0.0,0.0,0.0875,0.07375000000000001,0.9262499999999999,0.0,0.07375000000000001,0.0,0.1688906783485735,0.5999058593691782,0.9125,0.9125,0.9125,0.0875,14.0,0.0875,exact,115.82562499999999,25.3,neural,567.0,2268.0,22680.0,nan,0.0,0.0,nan,,,,,,,,,,,,,,,
reviewer1_observation_shift_smoke,reviewer1_observation_shift_smoke,configs/reviewer1_remaining/smoke/observation_shift.yaml,Reviewer1-observation-shift-smoke,Reviewer1ObservationShift-v0,Reviewer1ObservationShift-v0,native_gymnasium_observation,same_input_crisp,11011,train,3419,,,3419,28,-1.9900000000000015,160,0.0,3419,182,0.0011297827127486676,0.017612546682357788,0,0,3,6.567156500001147,6.567156500001147,0.0,6.567156500001147,0.0,d1991e82fa1ea0337d3d6296e2c904f22359ea22,1.8.0,7cc5bc598cfd6850415c80c2a5f22423f37a7ce8561077a69366f06d0ab14b1d,True,3.14.3,2.11.0+cpu,2.4.3,1.3.0,3.1.0,not-installed,not-installed,0.06089494163424143,0.0,0.00011124593,0.0007530506898177847,584.0,1.0,0.0,0.0,0.0,0.0,0.025,0.05437499999999999,0.9456249999999999,0.0,0.05437499999999999,0.0,0.2785776208162597,0.45021035210120675,0.975,0.975,0.975,0.025,4.0,0.025,exact,119.9,23.2,neural,584.0,2336.0,23360.0,nan,0.0,0.0,nan,,,,,,,,,,,,,,,
reviewer1_observation_shift_smoke,reviewer1_observation_shift_smoke,configs/reviewer1_remaining/smoke/observation_shift.yaml,Reviewer1-observation-shift-smoke,Reviewer1ObservationShift-v0,Reviewer1ObservationShift-v0,native_gymnasium_observation,same_input_crisp,11011,train,3579,,,3579,29,-1.9400000000000015,160,0.0,3579,192,0.001137464611190353,0.017612546682357788,0,0,3,6.89005019999604,6.89005019999604,0.0,6.89005019999604,0.0,d1991e82fa1ea0337d3d6296e2c904f22359ea22,1.8.0,7cc5bc598cfd6850415c80c2a5f22423f37a7ce8561077a69366f06d0ab14b1d,True,3.14.3,2.11.0+cpu,2.4.3,1.3.0,3.1.0,not-installed,not-installed,0.06496598639455806,0.0,0.0001257486,0.0008615100722644388,607.0,1.0,0.0,0.0,0.0,0.0,0.075,0.07437500000000001,0.9256249999999999,0.0,0.07437500000000001,0.0,0.24165955918198626,0.6393932794281187,0.925,0.925,0.925,0.075,12.0,0.075,exact,188.944375,29.7,neural,607.0,2428.0,24280.0,nan,0.0,0.0,nan,,,,,,,,,,,,,,,
reviewer1_observation_shift_smoke,reviewer1_observation_shift_smoke,configs/reviewer1_remaining/smoke/observation_shift.yaml,Reviewer1-observation-shift-smoke,Reviewer1ObservationShift-v0,Reviewer1ObservationShift-v0,native_gymnasium_observation,same_input_crisp,11011,train,3591,,,3591,30,0.87,12,1.0,3591,193,0.0011326906781462974,0.017612546682357788,0,0,3,6.9063353999954415,6.9063353999954415,0.0,6.9063353999954415,0.0,d1991e82fa1ea0337d3d6296e2c904f22359ea22,1.8.0,7cc5bc598cfd6850415c80c2a5f22423f37a7ce8561077a69366f06d0ab14b1d,True,3.14.3,2.11.0+cpu,2.4.3,1.3.0,3.1.0,not-installed,not-installed,0.06491525423728838,0.0,0.033837482,0.042503806541038726,611.0,0.0,0.0,0.0,0.0,1.0,0.0,0.05000000000000001,0.9499999999999997,0.0,0.05000000000000001,0.0,0.09516258196404048,0.6021839048998775,1.0,1.0,1.0,0.0,0.0,0.0,exact,96.31666666666666,22.45,neural,611.0,2444.0,24440.0,nan,0.0,0.0,nan,,,,,,,,,,,,,,,
reviewer1_observation_shift_smoke,reviewer1_observation_shift_smoke,configs/reviewer1_remaining/smoke/observation_shift.yaml,Reviewer1-observation-shift-smoke,Reviewer1ObservationShift-v0,Reviewer1ObservationShift-v0,native_gymnasium_observation,same_input_crisp,11011,train,3751,,,3751,31,-2.040000000000001,160,0.0,3751,203,0.0011435664058396286,0.017612546682357788,0,0,3,7.233945799998764,7.233945799998764,0.0,7.233945799998764,0.0,d1991e82fa1ea0337d3d6296e2c904f22359ea22,1.8.0,7cc5bc598cfd6850415c80c2a5f22423f37a7ce8561077a69366f06d0ab14b1d,True,3.14.3,2.11.0+cpu,2.4.3,1.3.0,3.1.0,not-installed,not-installed,0.07169230769230796,0.0,0.0001308033,0.0005003147053163821,632.0,1.0,0.0,0.0,0.0,0.0,0.05,0.08687500000000001,0.9131249999999997,0.0,0.08687500000000001,0.0,0.2002218404874104,0.5235104466364628,0.95,0.95,0.95,0.05,8.0,0.05,exact,148.37,28.35,neural,632.0,2528.0,25280.0,nan,0.0,0.0,nan,,,,,,,,,,,,,,,
reviewer1_observation_shift_smoke,reviewer1_observation_shift_smoke,configs/reviewer1_remaining/smoke/observation_shift.yaml,Reviewer1-observation-shift-smoke,Reviewer1ObservationShift-v0,Reviewer1ObservationShift-v0,native_gymnasium_observation,same_input_crisp,11011,train,3877,,,3877,32,-0.6000000000000012,126,1.0,3877,211,0.001156946410908048,0.017612546682357788,0,0,3,7.4743258000016795,7.4743258000016795,0.0,7.4743258000016795,0.0,d1991e82fa1ea0337d3d6296e2c904f22359ea22,1.8.0,7cc5bc598cfd6850415c80c2a5f22423f37a7ce8561077a69366f06d0ab14b1d,True,3.14.3,2.11.0+cpu,2.4.3,1.3.0,3.1.0,not-installed,not-installed,0.0779710144927539,0.0,0.0501204,0.040813741432553466,645.0,0.0,0.0,0.0,0.0,1.0,0.10317460317460317,0.0805555555555556,0.9194444444444444,0.0,0.0805555555555556,0.0,0.19668407543695673,0.7224244249885138,0.8968253968253969,0.8968253968253969,0.8968253968253969,0.10317460317460317,13.0,0.10317460317460317,exact,141.47063492063498,24.9,neural,645.0,2580.0,25800.0,nan,0.0,0.0,nan,,,,,,,,,,,,,,,
reviewer1_observation_shift_smoke,reviewer1_observation_shift_smoke,configs/reviewer1_remaining/smoke/observation_shift.yaml,Reviewer1-observation-shift-smoke,Reviewer1ObservationShift-v0,Reviewer1ObservationShift-v0,native_gymnasium_observation,same_input_crisp,11011,train,4037,,,4037,33,-2.06,160,0.0,4037,221,0.0011104227471224885,0.017612546682357788,0,0,3,7.831763999995019,7.831763999995019,0.0,7.831763999995019,0.0,d1991e82fa1ea0337d3d6296e2c904f22359ea22,1.8.0,7cc5bc598cfd6850415c80c2a5f22423f37a7ce8561077a69366f06d0ab14b1d,True,3.14.3,2.11.0+cpu,2.4.3,1.3.0,3.1.0,not-installed,not-installed,0.07493368700265282,0.0,0.00013705049,0.0007018255125275713,678.0,1.0,0.0,0.0,0.0,0.0,0.175,0.041249999999999995,0.95875,0.0,0.041249999999999995,0.0,0.1600328516455345,0.834840601116098,0.825,0.825,0.825,0.175,28.0,0.175,exact,191.955625,30.25,neural,678.0,2712.0,27120.0,nan,0.0,0.0,nan,,,,,,,,,,,,,,,
reviewer1_observation_shift_smoke,reviewer1_observation_shift_smoke,configs/reviewer1_remaining/smoke/observation_shift.yaml,Reviewer1-observation-shift-smoke,Reviewer1ObservationShift-v0,Reviewer1ObservationShift-v0,native_gymnasium_observation,same_input_crisp,11011,train,4054,,,4054,34,0.78,17,1.0,4054,222,0.0011056871825129346,0.017612546682357788,0,0,3,7.853820099997392,7.853820099997392,0.0,7.853820099997392,0.0,d1991e82fa1ea0337d3d6296e2c904f22359ea22,1.8.0,7cc5bc598cfd6850415c80c2a5f22423f37a7ce8561077a69366f06d0ab14b1d,True,3.14.3,2.11.0+cpu,2.4.3,1.3.0,3.1.0,not-installed,not-installed,0.07454068241469847,0.0,0.050137375,0.03847333201372732,684.0,0.0,0.0,0.0,0.0,1.0,0.23529411764705882,0.03823529411764706,0.9617647058823531,0.0,0.03823529411764706,0.0,0.13751529618539793,0.6621606779959857,0.7647058823529411,0.7647058823529411,0.7647058823529411,0.23529411764705882,4.0,0.23529411764705882,exact,165.03529411764708,21.3,neural,684.0,2736.0,27360.0,nan,0.0,0.0,nan,,,,,,,,,,,,,,,
reviewer1_observation_shift_smoke,reviewer1_observation_shift_smoke,configs/reviewer1_remaining/smoke/observation_shift.yaml,Reviewer1-observation-shift-smoke,Reviewer1ObservationShift-v0,Reviewer1ObservationShift-v0,native_gymnasium_observation,same_input_crisp,11011,train,4214,,,4214,35,-1.9700000000000015,160,0.0,4214,232,0.0011210107166271914,0.017612546682357788,0,0,3,8.192484699997294,8.192484699997294,0.0,8.192484699997294,0.0,d1991e82fa1ea0337d3d6296e2c904f22359ea22,1.8.0,7cc5bc598cfd6850415c80c2a5f22423f37a7ce8561077a69366f06d0ab14b1d,True,3.14.3,2.11.0+cpu,2.4.3,1.3.0,3.1.0,not-installed,not-installed,0.07110311750599553,0.0,0.00013435521,0.0007095552345655956,716.0,1.0,0.0,0.0,0.0,0.0,0.26875,0.0365625,0.9634375000000001,0.0,0.0365625,0.05,0.1345929911297437,0.7464635398310605,0.73125,0.73125,0.73125,0.26875,43.0,0.26875,exact,179.49937500000001,29.6,neural,716.0,2864.0,28640.0,nan,0.0,0.0,nan,,,,,,,,,,,,,,,
reviewer1_observation_shift_smoke,reviewer1_observation_shift_smoke,configs/reviewer1_remaining/smoke/observation_shift.yaml,Reviewer1-observation-shift-smoke,Reviewer1ObservationShift-v0,Reviewer1ObservationShift-v0,native_gymnasium_observation,same_input_crisp,11011,train,4374,,,4374,36,-1.8800000000000014,160,0.0,4374,242,0.0011888090780040096,0.027024663984775543,0,0,3,8.552980599997682,8.552980599997682,0.0,8.552980599997682,0.0,d1991e82fa1ea0337d3d6296e2c904f22359ea22,1.8.0,7cc5bc598cfd6850415c80c2a5f22423f37a7ce8561077a69366f06d0ab14b1d,True,3.14.3,2.11.0+cpu,2.4.3,1.3.0,3.1.0,not-installed,not-installed,0.06901098901098936,0.0,9.999649e-05,0.0007511594146982143,726.0,1.0,0.0,0.0,0.0,0.0,0.16875,0.041562499999999995,0.9584374999999999,0.0,0.041562499999999995,0.0,0.16771776507035302,0.6509158830635474,0.83125,0.83125,0.83125,0.16875,27.0,0.16875,exact,212.248125,32.95,neural,726.0,2904.0,29040.0,nan,0.0,0.0,nan,,,,,,,,,,,,,,,
reviewer1_observation_shift_smoke,reviewer1_observation_shift_smoke,configs/reviewer1_remaining/smoke/observation_shift.yaml,Reviewer1-observation-shift-smoke,Reviewer1ObservationShift-v0,Reviewer1ObservationShift-v0,native_gymnasium_observation,same_input_crisp,11011,train,4398,,,4398,37,0.7,24,1.0,4398,243,0.0011841334014614912,0.027024663984775543,0,0,3,8.589055099997495,8.589055099997495,0.0,8.589055099997495,0.0,d1991e82fa1ea0337d3d6296e2c904f22359ea22,1.8.0,7cc5bc598cfd6850415c80c2a5f22423f37a7ce8561077a69366f06d0ab14b1d,True,3.14.3,2.11.0+cpu,2.4.3,1.3.0,3.1.0,not-installed,not-installed,0.06835853131749495,0.0,0.050142966,0.037887488267268024,735.0,0.0,0.0,0.0,0.0,1.0,0.5,0.025000000000000005,0.975,0.0,0.025000000000000005,0.05,0.05413260359838205,0.6436091113520462,0.5,0.5,0.5,0.5,12.0,0.5,exact,242.4625,33.2,neural,735.0,2940.0,29400.0,nan,0.0,0.0,nan,,,,,,,,,,,,,,,
reviewer1_observation_shift_smoke,reviewer1_observation_shift_smoke,configs/reviewer1_remaining/smoke/observation_shift.yaml,Reviewer1-observation-shift-smoke,Reviewer1ObservationShift-v0,Reviewer1ObservationShift-v0,native_gymnasium_observation,same_input_crisp,11011,train,4558,,,4558,38,-2.0100000000000016,160,0.0,4558,253,0.0011423219116637024,0.027024663984775543,0,0,3,8.858274899997923,8.858274899997923,0.0,8.858274899997923,0.0,d1991e82fa1ea0337d3d6296e2c904f22359ea22,1.8.0,7cc5bc598cfd6850415c80c2a5f22423f37a7ce8561077a69366f06d0ab14b1d,True,3.14.3,2.11.0+cpu,2.4.3,1.3.0,3.1.0,not-installed,not-installed,0.06633064516129054,0.0,0.0001152316,0.0006091085914295745,757.0,1.0,0.0,0.0,0.0,0.0,0.275,0.03624999999999999,0.9637499999999999,0.0,0.03624999999999999,0.05,0.16073703162946545,0.8094637017020659,0.725,0.725,0.725,0.275,44.0,0.275,exact,168.13,24.7,neural,757.0,3028.0,30280.0,nan,0.0,0.0,nan,,,,,,,,,,,,,,,
reviewer1_observation_shift_smoke,reviewer1_observation_shift_smoke,configs/reviewer1_remaining/smoke/observation_shift.yaml,Reviewer1-observation-shift-smoke,Reviewer1ObservationShift-v0,Reviewer1ObservationShift-v0,native_gymnasium_observation,same_input_crisp,11011,train,4718,,,4718,39,-2.1400000000000006,160,0.0,4718,263,0.0011948057960888402,0.027024663984775543,0,0,3,9.272265399995376,9.272265399995376,0.0,9.272265399995376,0.0,d1991e82fa1ea0337d3d6296e2c904f22359ea22,1.8.0,7cc5bc598cfd6850415c80c2a5f22423f37a7ce8561077a69366f06d0ab14b1d,True,3.14.3,2.11.0+cpu,2.4.3,1.3.0,3.1.0,not-installed,not-installed,0.06635338345864668,0.0,0.00015443827,0.000816389002996861,781.0,1.0,0.0,0.0,0.0,0.0,0.125,0.049374999999999995,0.9506249999999999,0.0,0.049374999999999995,0.0,0.15305273747751028,0.5130624310531554,0.875,0.875,0.875,0.125,20.0,0.125,exact,180.391875,33.55,neural,781.0,3124.0,31240.0,nan,0.0,0.0,nan,,,,,,,,,,,,,,,
reviewer1_observation_shift_smoke,reviewer1_observation_shift_smoke,configs/reviewer1_remaining/smoke/observation_shift.yaml,Reviewer1-observation-shift-smoke,Reviewer1ObservationShift-v0,Reviewer1ObservationShift-v0,native_gymnasium_observation,same_input_crisp,11011,train,4878,,,4878,40,-2.0000000000000013,160,0.0,4878,273,0.0011562306261531864,0.027024663984775543,0,0,3,9.599825500001316,9.599825500001316,0.0,9.599825500001316,0.0,d1991e82fa1ea0337d3d6296e2c904f22359ea22,1.8.0,7cc5bc598cfd6850415c80c2a5f22423f37a7ce8561077a69366f06d0ab14b1d,True,3.14.3,2.11.0+cpu,2.4.3,1.3.0,3.1.0,not-installed,not-installed,0.06369982547993013,0.0,0.00012187344,0.001222818503972463,823.0,1.0,0.0,0.0,0.0,0.0,0.45,0.027500000000000004,0.9724999999999998,0.0,0.027500000000000004,0.05,0.09998983372206681,0.6874252859349644,0.55,0.55,0.55,0.45,72.0,0.45,exact,185.00875000000002,28.299999999999997,neural,823.0,3292.0,32920.0,nan,0.0,0.0,nan,,,,,,,,,,,,,,,
reviewer1_observation_shift_smoke,reviewer1_observation_shift_smoke,configs/reviewer1_remaining/smoke/observation_shift.yaml,Reviewer1-observation-shift-smoke,Reviewer1ObservationShift-v0,Reviewer1ObservationShift-v0,native_gymnasium_observation,same_input_crisp,11011,train,4884,,,4884,41,0.95,6,1.0,4884,274,0.001152166361105522,0.027024663984775543,0,0,3,9.610568099997181,9.610568099997181,0.0,9.610568099997181,0.0,d1991e82fa1ea0337d3d6296e2c904f22359ea22,1.8.0,7cc5bc598cfd6850415c80c2a5f22423f37a7ce8561077a69366f06d0ab14b1d,True,3.14.3,2.11.0+cpu,2.4.3,1.3.0,3.1.0,not-installed,not-installed,0.06367595818815325,0.0,0.050108794,0.03848683480223675,826.0,0.0,0.0,0.0,0.0,1.0,0.0,0.049999999999999996,0.9500000000000001,0.0,0.049999999999999996,0.0,0.1095136927903701,0.4490901239507538,1.0,1.0,1.0,0.0,0.0,0.0,exact,117.23333333333333,26.8,neural,826.0,3304.0,33040.0,nan,0.0,0.0,nan,,,,,,,,,,,,,,,
reviewer1_observation_shift_smoke,reviewer1_observation_shift_smoke,configs/reviewer1_remaining/smoke/observation_shift.yaml,Reviewer1-observation-shift-smoke,Reviewer1ObservationShift-v0,Reviewer1ObservationShift-v0,native_gymnasium_observation,same_input_crisp,11011,train,4961,,,4961,42,0.0799999999999994,77,1.0,4961,279,0.0011331269115772461,0.027024663984775543,0,0,3,9.723479299995233,9.723479299995233,0.0,9.723479299995233,0.0,d1991e82fa1ea0337d3d6296e2c904f22359ea22,1.8.0,7cc5bc598cfd6850415c80c2a5f22423f37a7ce8561077a69366f06d0ab14b1d,True,3.14.3,2.11.0+cpu,2.4.3,1.3.0,3.1.0,not-installed,not-installed,0.06252100840336122,0.0,0.051051028,0.042040426084875904,846.0,0.0,0.0,0.0,0.0,1.0,0.3116883116883117,0.034415584415584406,0.9655844155844157,0.0,0.034415584415584406,0.05,0.1175830222292412,0.6189357725171906,0.6883116883116883,0.6883116883116883,0.6883116883116883,0.3116883116883117,24.0,0.3116883116883117,exact,223.6038961038961,22.9,neural,846.0,3384.0,33840.0,nan,0.0,0.0,nan,,,,,,,,,,,,,,,
reviewer1_observation_shift_smoke,reviewer1_observation_shift_smoke,configs/reviewer1_remaining/smoke/observation_shift.yaml,Reviewer1-observation-shift-smoke,Reviewer1ObservationShift-v0,Reviewer1ObservationShift-v0,native_gymnasium_observation,same_input_crisp,11011,train,5121,,,5121,43,-1.9700000000000015,160,0.0,5121,289,0.0010964129331265293,0.027024663984775543,0,0,3,10.096908200001053,10.096908200001053,0.0,10.096908200001053,0.0,d1991e82fa1ea0337d3d6296e2c904f22359ea22,1.8.0,7cc5bc598cfd6850415c80c2a5f22423f37a7ce8561077a69366f06d0ab14b1d,True,3.14.3,2.11.0+cpu,2.4.3,1.3.0,3.1.0,not-installed,not-installed,0.06156893819334363,0.0,0.0001484006,0.0004629261501994029,874.0,1.0,0.0,0.0,0.0,0.0,0.1,0.045,0.9550000000000001,0.0,0.045,0.0,0.16564627774278767,0.670335638818339,0.9,0.9,0.9,0.1,16.0,0.1,exact,174.02,27.700000000000003,neural,874.0,3496.0,34960.0,nan,0.0,0.0,nan,,,,,,,,,,,,,,,
reviewer1_observation_shift_smoke,reviewer1_observation_shift_smoke,configs/reviewer1_remaining/smoke/observation_shift.yaml,Reviewer1-observation-shift-smoke,Reviewer1ObservationShift-v0,Reviewer1ObservationShift-v0,native_gymnasium_observation,same_input_crisp,11011,train,5169,,,5169,44,0.4199999999999997,48,1.0,5169,292,0.0010855837896424293,0.027024663984775543,0,0,3,10.194033699997817,10.194033699997817,0.0,10.194033699997817,0.0,d1991e82fa1ea0337d3d6296e2c904f22359ea22,1.8.0,7cc5bc598cfd6850415c80c2a5f22423f37a7ce8561077a69366f06d0ab14b1d,True,3.14.3,2.11.0+cpu,2.4.3,1.3.0,3.1.0,not-installed,not-installed,0.061041990668739984,0.0,0.050123055,0.043305677538510085,892.0,0.0,0.0,0.0,0.0,1.0,0.25,0.0375,0.9625,0.0,0.0375,0.012499999999999997,0.12981842079615372,0.4551389796435048,0.75,0.75,0.75,0.25,12.0,0.25,exact,190.76666666666668,25.45,neural,892.0,3568.0,35680.0,nan,0.0,0.0,nan,,,,,,,,,,,,,,,
reviewer1_observation_shift_smoke,reviewer1_observation_shift_smoke,configs/reviewer1_remaining/smoke/observation_shift.yaml,Reviewer1-observation-shift-smoke,Reviewer1ObservationShift-v0,Reviewer1ObservationShift-v0,native_gymnasium_observation,same_input_crisp,11011,train,5278,,,5278,45,-0.30000000000000093,109,1.0,5278,298,0.0011578020221166896,0.027024663984775543,0,0,3,10.387564899996505,10.387564899996505,0.0,10.387564899996505,0.0,d1991e82fa1ea0337d3d6296e2c904f22359ea22,1.8.0,7cc5bc598cfd6850415c80c2a5f22423f37a7ce8561077a69366f06d0ab14b1d,True,3.14.3,2.11.0+cpu,2.4.3,1.3.0,3.1.0,not-installed,not-installed,0.06011816838995528,0.0,0.050313365,0.041422883700395416,910.0,0.0,0.0,0.0,0.0,1.0,0.1651376146788991,0.04174311926605503,0.958256880733945,0.0,0.04174311926605503,0.0,0.15953685345266522,0.713403953646488,0.8348623853211009,0.8348623853211009,0.8348623853211009,0.1651376146788991,18.0,0.1651376146788991,exact,212.1697247706422,24.1,neural,910.0,3640.0,36400.0,nan,0.0,0.0,nan,,,,,,,,,,,,,,,
reviewer1_observation_shift_smoke,reviewer1_observation_shift_smoke,configs/reviewer1_remaining/smoke/observation_shift.yaml,Reviewer1-observation-shift-smoke,Reviewer1ObservationShift-v0,Reviewer1ObservationShift-v0,native_gymnasium_observation,same_input_crisp,11011,train,5438,,,5438,46,-2.0700000000000003,160,0.0,5438,308,0.0012058939852811984,0.027024663984775543,0,0,3,10.730288099999598,10.730288099999598,0.0,10.730288099999598,0.0,d1991e82fa1ea0337d3d6296e2c904f22359ea22,1.8.0,7cc5bc598cfd6850415c80c2a5f22423f37a7ce8561077a69366f06d0ab14b1d,True,3.14.3,2.11.0+cpu,2.4.3,1.3.0,3.1.0,not-installed,not-installed,0.0679611650485432,0.0,0.00010659719,0.0012106424817067717,927.0,1.0,0.0,0.0,0.0,0.0,0.0375,0.17187499999999997,0.828125,0.0,0.17187499999999997,0.0,0.2773051611132476,0.4477619448618165,0.9625,0.9625,0.9625,0.0375,6.0,0.0375,exact,218.429375,30.549999999999997,neural,927.0,3708.0,37080.0,nan,0.0,0.0,nan,,,,,,,,,,,,,,,
reviewer1_observation_shift_smoke,reviewer1_observation_shift_smoke,configs/reviewer1_remaining/smoke/observation_shift.yaml,Reviewer1-observation-shift-smoke,Reviewer1ObservationShift-v0,Reviewer1ObservationShift-v0,native_gymnasium_observation,same_input_crisp,11011,train,5598,,,5598,47,-1.9900000000000013,160,0.0,5598,318,0.0012218417892174056,0.027024663984775543,0,0,3,11.098129300000437,11.098129300000437,0.0,11.098129300000437,0.0,d1991e82fa1ea0337d3d6296e2c904f22359ea22,1.8.0,7cc5bc598cfd6850415c80c2a5f22423f37a7ce8561077a69366f06d0ab14b1d,True,3.14.3,2.11.0+cpu,2.4.3,1.3.0,3.1.0,not-installed,not-installed,0.07148488830486147,0.0,8.227993e-05,0.0011944193047102236,943.0,1.0,0.0,0.0,0.0,0.0,0.05,0.0925,0.9075,0.0,0.0925,0.0,0.22714082371608954,0.5607950394179448,0.95,0.95,0.95,0.05,8.0,0.05,exact,204.765625,31.75,neural,943.0,3772.0,37720.0,nan,0.0,0.0,nan,,,,,,,,,,,,,,,
reviewer1_observation_shift_smoke,reviewer1_observation_shift_smoke,configs/reviewer1_remaining/smoke/observation_shift.yaml,Reviewer1-observation-shift-smoke,Reviewer1ObservationShift-v0,Reviewer1ObservationShift-v0,native_gymnasium_observation,same_input_crisp,11011,train,5758,,,5758,48,-2.0200000000000014,160,0.0,5758,328,0.0011911226623818416,0.027024663984775543,0,0,3,11.528205900001922,11.528205900001922,0.0,11.528205900001922,0.0,d1991e82fa1ea0337d3d6296e2c904f22359ea22,1.8.0,7cc5bc598cfd6850415c80c2a5f22423f37a7ce8561077a69366f06d0ab14b1d,True,3.14.3,2.11.0+cpu,2.4.3,1.3.0,3.1.0,not-installed,not-installed,0.0900369003690031,0.0,0.00010647486,0.00126618807485024,946.0,1.0,0.0,0.0,0.0,0.0,0.0,0.38749999999999996,0.6125,0.0,0.38749999999999996,0.8999999999999999,0.36476788744206745,0.5800661976633246,1.0,1.0,1.0,0.0,0.0,0.0,exact,240.23499999999999,32.05,neural,946.0,3784.0,37840.0,nan,0.0,0.0,nan,,,,,,,,,,,,,,,
reviewer1_observation_shift_smoke,reviewer1_observation_shift_smoke,configs/reviewer1_remaining/smoke/observation_shift.yaml,Reviewer1-observation-shift-smoke,Reviewer1ObservationShift-v0,Reviewer1ObservationShift-v0,native_gymnasium_observation,same_input_crisp,11011,train,5774,,,5774,49,0.83,16,1.0,5774,329,0.0011877089721960739,0.027024663984775543,0,0,3,11.554744900000514,11.554744900000514,0.0,11.554744900000514,0.0,d1991e82fa1ea0337d3d6296e2c904f22359ea22,1.8.0,7cc5bc598cfd6850415c80c2a5f22423f37a7ce8561077a69366f06d0ab14b1d,True,3.14.3,2.11.0+cpu,2.4.3,1.3.0,3.1.0,not-installed,not-installed,0.08959608323133356,0.0,0.050111763,0.03849988498450878,957.0,0.0,0.0,0.0,0.0,1.0,0.875,0.11875,0.88125,0.0,0.11875,0.0,0.07157313350640916,0.79175820645686,0.125,0.125,0.125,0.875,14.0,0.875,support-boundary collapse,189.78750000000002,37.35,neural,957.0,3828.0,38280.0,nan,0.0,0.0,nan,,,,,,,,,,,,,,,
reviewer1_observation_shift_smoke,reviewer1_observation_shift_smoke,configs/reviewer1_remaining/smoke/observation_shift.yaml,Reviewer1-observation-shift-smoke,Reviewer1ObservationShift-v0,Reviewer1ObservationShift-v0,native_gymnasium_observation,same_input_crisp,11011,train,5934,,,5934,50,-2.1699999999999986,160,0.0,5934,339,0.0012279971878849684,0.027024663984775543,0,0,3,11.943025199994736,11.943025199994736,0.0,11.943025199994736,0.0,d1991e82fa1ea0337d3d6296e2c904f22359ea22,1.8.0,7cc5bc598cfd6850415c80c2a5f22423f37a7ce8561077a69366f06d0ab14b1d,True,3.14.3,2.11.0+cpu,2.4.3,1.3.0,3.1.0,not-installed,not-installed,0.08700696055684387,0.0,9.9934536e-05,0.0017093433144063956,985.0,1.0,0.0,0.0,0.0,0.0,0.175,0.041249999999999995,0.9587499999999999,0.0,0.041249999999999995,0.0,0.191058454694842,0.5519883807708587,0.825,0.825,0.825,0.175,28.0,0.175,exact,231.278125,33.25,neural,985.0,3940.0,39400.0,nan,0.0,0.0,nan,,,,,,,,,,,,,,,
reviewer1_observation_shift_smoke,reviewer1_observation_shift_smoke,configs/reviewer1_remaining/smoke/observation_shift.yaml,Reviewer1-observation-shift-smoke,Reviewer1ObservationShift-v0,Reviewer1ObservationShift-v0,native_gymnasium_observation,same_input_crisp,11011,train,5988,,,5988,51,0.34999999999999964,54,1.0,5988,343,0.001216306959956373,0.027024663984775543,0,0,3,12.047514199999569,12.047514199999569,0.0,12.047514199999569,0.0,d1991e82fa1ea0337d3d6296e2c904f22359ea22,1.8.0,7cc5bc598cfd6850415c80c2a5f22423f37a7ce8561077a69366f06d0ab14b1d,True,3.14.3,2.11.0+cpu,2.4.3,1.3.0,3.1.0,not-installed,not-installed,0.08618721461187145,0.0,0.050138727,0.03981934061783572,1005.0,0.0,0.0,0.0,0.0,1.0,0.25925925925925924,0.03703703703703704,0.9629629629629634,0.0,0.03703703703703704,0.037500000000000006,0.08450467403264017,0.6919186795784216,0.7407407407407407,0.7407407407407407,0.7407407407407407,0.25925925925925924,14.0,0.25925925925925924,exact,182.8444444444444,26.85,neural,1005.0,4020.0,40200.0,nan,0.0,0.0,nan,,,,,,,,,,,,,,,
reviewer1_observation_shift_smoke,reviewer1_observation_shift_smoke,configs/reviewer1_remaining/smoke/observation_shift.yaml,Reviewer1-observation-shift-smoke,Reviewer1ObservationShift-v0,Reviewer1ObservationShift-v0,native_gymnasium_observation,same_input_crisp,11011,train,5996,,,5996,52,0.91,8,1.0,5996,343,0.001216306959956373,0.027024663984775543,0,0,3,12.056573099995148,12.056573099995148,0.0,12.056573099995148,0.0,d1991e82fa1ea0337d3d6296e2c904f22359ea22,1.8.0,7cc5bc598cfd6850415c80c2a5f22423f37a7ce8561077a69366f06d0ab14b1d,True,3.14.3,2.11.0+cpu,2.4.3,1.3.0,3.1.0,not-installed,not-installed,0.08614595210946338,0.0,0.08331379,0.06784610424373919,1010.0,0.0,0.0,0.0,0.0,1.0,0.0,0.05,0.95,0.0,0.05,0.0,0.11666166155602814,0.7952744319405786,1.0,1.0,1.0,0.0,0.0,0.0,exact,95.3125,21.75,neural,1010.0,4040.0,40400.0,nan,0.0,0.0,nan,,,,,,,,,,,,,,,
reviewer1_observation_shift_smoke,reviewer1_observation_shift_smoke,configs/reviewer1_remaining/smoke/observation_shift.yaml,Reviewer1-observation-shift-smoke,Reviewer1ObservationShift-v0,Reviewer1ObservationShift-v0,native_gymnasium_observation,same_input_crisp,11011,eval,6000,6000,-1.5,6000,1,-1.5,138,1.0,6000,344,0.0012134231821333784,0.027024663984775543,0,1,3,12.812046200000623,12.065953099998296,0.7460931000023265,12.065953099998296,0.7460931000023265,d1991e82fa1ea0337d3d6296e2c904f22359ea22,1.8.0,7cc5bc598cfd6850415c80c2a5f22423f37a7ce8561077a69366f06d0ab14b1d,True,3.14.3,2.11.0+cpu,2.4.3,1.3.0,3.1.0,not-installed,not-installed,0.08614595210946338,0.0,0.06789143,0.05532235386846188,1012.0,0.0,0.0,0.0,0.0,1.0,0.9927536231884058,0.00036231884057971015,0.9996376811594202,0.0,0.00036231884057971015,0.0,0.0003534099673861303,0.38660977490388737,0.007246376811594203,0.007246376811594203,0.007246376811594203,0.9927536231884058,137.0,0.9927536231884058,support-boundary collapse,720.973188405797,651.5,neural,1012.0,4048.0,40480.0,nan,0.0,0.0,nan,nan,nan,1,0,nan,nan,nan,unavailable,unavailable,unavailable,nan,nan,0.0,none,nan
reviewer1_observation_shift_smoke,reviewer1_observation_shift_smoke,configs/reviewer1_remaining/smoke/observation_shift.yaml,Reviewer1-observation-shift-smoke,Reviewer1ObservationShift-v0,Reviewer1ObservationShift-v0,native_gymnasium_observation,same_input_crisp,11011,eval,6000,6000,-0.7800000000000011,6000,2,-0.7800000000000011,98,1.0,6000,344,0.0012134231821333784,0.027024663984775543,0,1,3,12.812572299997555,12.066479199995229,0.7460931000023265,12.066479199995229,0.7460931000023265,d1991e82fa1ea0337d3d6296e2c904f22359ea22,1.8.0,7cc5bc598cfd6850415c80c2a5f22423f37a7ce8561077a69366f06d0ab14b1d,True,3.14.3,2.11.0+cpu,2.4.3,1.3.0,3.1.0,not-installed,not-installed,0.08614595210946338,0.0,0.06789143,0.05532235386846188,1012.0,0.0,0.0,0.0,0.0,1.0,0.9693877551020408,0.0015306122448979593,0.998469387755102,0.0,0.0015306122448979593,0.0,0.0024397524431363973,0.6848069452020165,0.030612244897959183,0.030612244897959183,0.030612244897959183,0.9693877551020408,95.0,0.9693877551020408,support-boundary collapse,618.1295918367348,543.7,neural,1012.0,4048.0,40480.0,nan,0.0,0.0,nan,nan,nan,3,2,nan,nan,nan,unavailable,unavailable,unavailable,nan,nan,0.0,none,nan
reviewer1_observation_shift_smoke,reviewer1_observation_shift_smoke,configs/reviewer1_remaining/smoke/observation_shift.yaml,Reviewer1-observation-shift-smoke,Reviewer1ObservationShift-v0,Reviewer1ObservationShift-v0,native_gymnasium_observation,same_input_crisp,11011,eval,6000,6000,-2.419999999999998,6000,3,-2.419999999999998,160,0.0,6000,344,0.0012134231821333784,0.027024663984775543,0,1,3,12.812959299997601,12.066866199995275,0.7460931000023265,12.066866199995275,0.7460931000023265,d1991e82fa1ea0337d3d6296e2c904f22359ea22,1.8.0,7cc5bc598cfd6850415c80c2a5f22423f37a7ce8561077a69366f06d0ab14b1d,True,3.14.3,2.11.0+cpu,2.4.3,1.3.0,3.1.0,not-installed,not-installed,0.08614595210946338,0.0,0.06789143,0.05532235386846188,1012.0,1.0,0.0,0.0,0.0,0.0,0.08125,0.0459375,0.9540624999999998,0.0,0.0459375,0.0,0.14507264908041473,0.9509460762881062,0.91875,0.91875,0.91875,0.08125,13.0,0.08125,exact,648.30625,625.05,neural,1012.0,4048.0,40480.0,nan,0.0,0.0,nan,nan,nan,3,2,nan,nan,nan,unavailable,unavailable,unavailable,nan,nan,0.0,none,nan
reviewer1_observation_shift_smoke,reviewer1_observation_shift_smoke,configs/reviewer1_remaining/smoke/observation_shift.yaml,Reviewer1-observation-shift-smoke,Reviewer1ObservationShift-v0,Reviewer1ObservationShift-v0,native_gymnasium_observation,same_input_crisp,11011,eval,6000,6000,-3.000000000000001,6000,4,-3.000000000000001,160,0.0,6000,344,0.0012134231821333784,0.027024663984775543,0,1,3,12.813251599996875,12.067158499994548,0.7460931000023265,12.067158499994548,0.7460931000023265,d1991e82fa1ea0337d3d6296e2c904f22359ea22,1.8.0,7cc5bc598cfd6850415c80c2a5f22423f37a7ce8561077a69366f06d0ab14b1d,True,3.14.3,2.11.0+cpu,2.4.3,1.3.0,3.1.0,not-installed,not-installed,0.08614595210946338,0.0,0.06789143,0.05532235386846188,1012.0,1.0,0.0,0.0,0.0,0.0,1.0,0.0,1.0,0.0,0.0,0.0,0.0,0.9006145055749023,0.0,0.0,0.0,1.0,160.0,1.0,support-boundary collapse,690.003125,654.05,neural,1012.0,4048.0,40480.0,nan,0.0,0.0,nan,nan,nan,1,3,nan,nan,nan,unavailable,unavailable,unavailable,nan,nan,0.0,none,nan
reviewer1_observation_shift_smoke,reviewer1_observation_shift_smoke,configs/reviewer1_remaining/smoke/observation_shift.yaml,Reviewer1-observation-shift-smoke,Reviewer1ObservationShift-v0,Reviewer1ObservationShift-v0,native_gymnasium_observation,same_input_crisp,11011,train,6005,,,6005,53,0.9,9,1.0,6005,344,0.0012134231821333784,0.027024663984775543,0,1,3,12.824304499998107,12.07821139999578,0.7460931000023265,12.07821139999578,0.7460931000023265,d1991e82fa1ea0337d3d6296e2c904f22359ea22,1.8.0,7cc5bc598cfd6850415c80c2a5f22423f37a7ce8561077a69366f06d0ab14b1d,True,3.14.3,2.11.0+cpu,2.4.3,1.3.0,3.1.0,not-installed,not-installed,0.08610478359908813,0.0,0.102561384,0.08108905468031369,1014.0,0.0,0.0,0.0,0.0,1.0,0.0,0.05,0.9499999999999998,0.0,0.05,0.0,0.0745439124241496,0.671689638908454,1.0,1.0,1.0,0.0,0.0,0.0,exact,111.91111111111113,20.2,neural,1014.0,4056.0,40560.0,nan,0.0,0.0,nan,,,,,,,,,,,,,,,
reviewer1_observation_shift_smoke,reviewer1_observation_shift_smoke,configs/reviewer1_remaining/smoke/observation_shift.yaml,Reviewer1-observation-shift-smoke,Reviewer1ObservationShift-v0,Reviewer1ObservationShift-v0,native_gymnasium_observation,same_input_crisp,11011,train,6026,,,6026,54,0.71,21,1.0,6026,345,0.0012105014671470744,0.027024663984775543,0,1,3,12.854747999997926,12.1086548999956,0.7460931000023265,12.1086548999956,0.7460931000023265,d1991e82fa1ea0337d3d6296e2c904f22359ea22,1.8.0,7cc5bc598cfd6850415c80c2a5f22423f37a7ce8561077a69366f06d0ab14b1d,True,3.14.3,2.11.0+cpu,2.4.3,1.3.0,3.1.0,not-installed,not-installed,0.08562570462232172,0.0,0.08502382,0.0640044888681147,1019.0,0.0,0.0,0.0,0.0,1.0,0.09523809523809523,0.04523809523809525,0.9547619047619046,0.0,0.04523809523809525,0.0,0.12536384149212537,0.8793063387913684,0.9047619047619048,0.9047619047619048,0.9047619047619048,0.09523809523809523,2.0,0.09523809523809523,exact,277.87619047619046,33.1,neural,1019.0,4076.0,40760.0,nan,0.0,0.0,nan,,,,,,,,,,,,,,,
reviewer1_observation_shift_smoke,reviewer1_observation_shift_smoke,configs/reviewer1_remaining/smoke/observation_shift.yaml,Reviewer1-observation-shift-smoke,Reviewer1ObservationShift-v0,Reviewer1ObservationShift-v0,native_gymnasium_observation,same_input_crisp,11011,train,6027,,,6027,55,1.0,1,1.0,6027,345,0.0012105014671470744,0.027024663984775543,0,1,3,12.857131500000833,12.111038399998506,0.7460931000023265,12.111038399998506,0.7460931000023265,d1991e82fa1ea0337d3d6296e2c904f22359ea22,1.8.0,7cc5bc598cfd6850415c80c2a5f22423f37a7ce8561077a69366f06d0ab14b1d,True,3.14.3,2.11.0+cpu,2.4.3,1.3.0,3.1.0,not-installed,not-installed,0.08562570462232172,0.0,0.13077264,0.10143891562854485,1020.0,0.0,0.0,0.0,0.0,1.0,0.0,0.05,0.95,0.0,0.05,0.0,0.22119921692859512,0.8460326946965118,1.0,1.0,1.0,0.0,0.0,0.0,exact,14.3,14.3,neural,1020.0,4080.0,40800.0,nan,0.0,0.0,nan,,,,,,,,,,,,,,,
reviewer1_observation_shift_smoke,reviewer1_observation_shift_smoke,configs/reviewer1_remaining/smoke/observation_shift.yaml,Reviewer1-observation-shift-smoke,Reviewer1ObservationShift-v0,Reviewer1ObservationShift-v0,native_gymnasium_observation,same_input_crisp,11011,train,6061,,,6061,56,0.5499999999999998,34,1.0,6061,347,0.0012043907348196488,0.027024663984775543,0,1,3,12.89670639999531,12.150613299992983,0.7460931000023265,12.150613299992983,0.7460931000023265,d1991e82fa1ea0337d3d6296e2c904f22359ea22,1.8.0,7cc5bc598cfd6850415c80c2a5f22423f37a7ce8561077a69366f06d0ab14b1d,True,3.14.3,2.11.0+cpu,2.4.3,1.3.0,3.1.0,not-installed,not-installed,0.08533034714445616,0.0,0.07298832,0.05471010000999371,1032.0,0.0,0.0,0.0,0.0,1.0,0.058823529411764705,0.047058823529411764,0.9529411764705882,0.0,0.047058823529411764,0.0,0.09028858344891336,0.851791707184096,0.9411764705882353,0.9411764705882353,0.9411764705882353,0.058823529411764705,2.0,0.058823529411764705,exact,117.3235294117647,20.05,neural,1032.0,4128.0,41280.0,nan,0.0,0.0,nan,,,,,,,,,,,,,,,
reviewer1_observation_shift_smoke,reviewer1_observation_shift_smoke,configs/reviewer1_remaining/smoke/observation_shift.yaml,Reviewer1-observation-shift-smoke,Reviewer1ObservationShift-v0,Reviewer1ObservationShift-v0,native_gymnasium_observation,same_input_crisp,11011,train,6133,,,6133,57,0.009999999999999343,72,1.0,6133,352,0.0011889083474701774,0.027024663984775543,0,1,3,13.000522299997101,12.254429199994775,0.7460931000023265,12.254429199994775,0.7460931000023265,d1991e82fa1ea0337d3d6296e2c904f22359ea22,1.8.0,7cc5bc598cfd6850415c80c2a5f22423f37a7ce8561077a69366f06d0ab14b1d,True,3.14.3,2.11.0+cpu,2.4.3,1.3.0,3.1.0,not-installed,not-installed,0.08415032679738485,0.0,0.051941916,0.036766649582173204,1046.0,0.0,0.0,0.0,0.0,1.0,0.1388888888888889,0.04305555555555555,0.9569444444444445,0.0,0.04305555555555555,0.0,0.2160901940412924,0.7326339622324637,0.8611111111111112,0.8611111111111112,0.8611111111111112,0.1388888888888889,10.0,0.1388888888888889,exact,231.72083333333336,27.299999999999997,neural,1046.0,4184.0,41840.0,nan,0.0,0.0,nan,,,,,,,,,,,,,,,
reviewer1_observation_shift_smoke,reviewer1_observation_shift_smoke,configs/reviewer1_remaining/smoke/observation_shift.yaml,Reviewer1-observation-shift-smoke,Reviewer1ObservationShift-v0,Reviewer1ObservationShift-v0,native_gymnasium_observation,same_input_crisp,11011,train,6248,,,6248,58,-0.45000000000000107,115,1.0,6248,359,0.0012030105938119807,0.027024663984775543,0,1,3,13.171758399999817,12.42566529999749,0.7460931000023265,12.42566529999749,0.7460931000023265,d1991e82fa1ea0337d3d6296e2c904f22359ea22,1.8.0,7cc5bc598cfd6850415c80c2a5f22423f37a7ce8561077a69366f06d0ab14b1d,True,3.14.3,2.11.0+cpu,2.4.3,1.3.0,3.1.0,not-installed,not-installed,0.08240837696334996,0.0,0.05027603,0.037621870913017975,1067.0,0.0,0.0,0.0,0.0,1.0,0.13043478260869565,0.043478260869565216,0.9565217391304346,0.0,0.043478260869565216,0.0,0.16642698965449348,0.8263600924576593,0.8695652173913043,0.8695652173913043,0.8695652173913043,0.13043478260869565,15.0,0.13043478260869565,exact,211.71043478260867,25.1,neural,1067.0,4268.0,42680.0,nan,0.0,0.0,nan,,,,,,,,,,,,,,,
reviewer1_observation_shift_smoke,reviewer1_observation_shift_smoke,configs/reviewer1_remaining/smoke/observation_shift.yaml,Reviewer1-observation-shift-smoke,Reviewer1ObservationShift-v0,Reviewer1ObservationShift-v0,native_gymnasium_observation,same_input_crisp,11011,train,6408,,,6408,59,-1.8900000000000015,160,0.0,6408,369,0.0011729656620850114,0.027024663984775543,0,1,3,13.489341599997715,12.743248499995389,0.7460931000023265,12.743248499995389,0.7460931000023265,d1991e82fa1ea0337d3d6296e2c904f22359ea22,1.8.0,7cc5bc598cfd6850415c80c2a5f22423f37a7ce8561077a69366f06d0ab14b1d,True,3.14.3,2.11.0+cpu,2.4.3,1.3.0,3.1.0,not-installed,not-installed,0.08991008991008904,0.0,0.00010233544,0.0009585240981558114,1067.0,1.0,0.0,0.0,0.0,0.0,0.00625,0.23531249999999995,0.7646875,0.0,0.23531249999999995,0.0,0.39114258480054265,0.6771342374114531,0.99375,0.99375,0.99375,0.00625,1.0,0.00625,exact,206.87875,29.2,neural,1067.0,4268.0,42680.0,nan,0.0,0.0,nan,,,,,,,,,,,,,,,
reviewer1_observation_shift_smoke,reviewer1_observation_shift_smoke,configs/reviewer1_remaining/smoke/observation_shift.yaml,Reviewer1-observation-shift-smoke,Reviewer1ObservationShift-v0,Reviewer1ObservationShift-v0,native_gymnasium_observation,same_input_crisp,11011,train,6439,,,6439,60,0.6099999999999999,31,1.0,6439,371,0.0011674973523212726,0.027024663984775543,0,1,3,13.545480699998734,12.799387599996408,0.7460931000023265,12.799387599996408,0.7460931000023265,d1991e82fa1ea0337d3d6296e2c904f22359ea22,1.8.0,7cc5bc598cfd6850415c80c2a5f22423f37a7ce8561077a69366f06d0ab14b1d,True,3.14.3,2.11.0+cpu,2.4.3,1.3.0,3.1.0,not-installed,not-installed,0.08933859822309882,0.0,0.03381976,0.03695403151154637,1072.0,0.0,0.0,0.0,0.0,1.0,0.3225806451612903,0.033870967741935494,0.9661290322580643,0.0,0.033870967741935494,0.05,0.09673486165248,0.9246821171596822,0.6774193548387096,0.6774193548387096,0.6774193548387096,0.3225806451612903,10.0,0.3225806451612903,exact,281.03548387096777,29.0,neural,1072.0,4288.0,42880.0,nan,0.0,0.0,nan,,,,,,,,,,,,,,,
reviewer1_observation_shift_smoke,reviewer1_observation_shift_smoke,configs/reviewer1_remaining/smoke/observation_shift.yaml,Reviewer1-observation-shift-smoke,Reviewer1ObservationShift-v0,Reviewer1ObservationShift-v0,native_gymnasium_observation,same_input_crisp,11011,train,6599,,,6599,61,-1.9900000000000015,160,0.0,6599,381,0.0012604079699946452,0.027024663984775543,0,1,3,13.88505289999739,13.138959799995064,0.7460931000023265,13.138959799995064,0.7460931000023265,d1991e82fa1ea0337d3d6296e2c904f22359ea22,1.8.0,7cc5bc598cfd6850415c80c2a5f22423f37a7ce8561077a69366f06d0ab14b1d,True,3.14.3,2.11.0+cpu,2.4.3,1.3.0,3.1.0,not-installed,not-installed,0.08992431409649859,0.0,0.00010166799,0.0018602717091097238,1091.0,1.0,0.0,0.0,0.0,0.0,0.13125,0.17843749999999997,0.8215625000000001,0.0,0.17843749999999997,0.0,0.2239680901620666,0.5880171607111382,0.86875,0.86875,0.86875,0.13125,21.0,0.13125,exact,199.14625,26.85,neural,1091.0,4364.0,43640.0,nan,0.0,0.0,nan,,,,,,,,,,,,,,,
reviewer1_observation_shift_smoke,reviewer1_observation_shift_smoke,configs/reviewer1_remaining/smoke/observation_shift.yaml,Reviewer1-observation-shift-smoke,Reviewer1ObservationShift-v0,Reviewer1ObservationShift-v0,native_gymnasium_observation,same_input_crisp,11011,train,6759,,,6759,62,-2.0900000000000007,160,0.0,6759,391,0.0012894698073934166,0.027024663984775543,0,1,3,14.105392699995718,13.359299599993392,0.7460931000023265,13.359299599993392,0.7460931000023265,d1991e82fa1ea0337d3d6296e2c904f22359ea22,1.8.0,7cc5bc598cfd6850415c80c2a5f22423f37a7ce8561077a69366f06d0ab14b1d,True,3.14.3,2.11.0+cpu,2.4.3,1.3.0,3.1.0,not-installed,not-installed,0.09569506726457302,0.0,0.00011049146,0.002251480677169642,1107.0,1.0,0.0,0.0,0.0,0.0,0.05,0.165625,0.834375,0.0,0.165625,0.0,0.24733075582991776,0.6590819787880264,0.95,0.95,0.95,0.05,8.0,0.05,exact,249.24312500000002,26.65,neural,1107.0,4428.0,44280.0,nan,0.0,0.0,nan,,,,,,,,,,,,,,,
reviewer1_observation_shift_smoke,reviewer1_observation_shift_smoke,configs/reviewer1_remaining/smoke/observation_shift.yaml,Reviewer1-observation-shift-smoke,Reviewer1ObservationShift-v0,Reviewer1ObservationShift-v0,native_gymnasium_observation,same_input_crisp,11011,train,6919,,,6919,63,-2.0700000000000003,160,0.0,6919,401,0.001261582884791933,0.027024663984775543,0,1,3,14.372453199997835,13.626360099995509,0.7460931000023265,13.626360099995509,0.7460931000023265,d1991e82fa1ea0337d3d6296e2c904f22359ea22,1.8.0,7cc5bc598cfd6850415c80c2a5f22423f37a7ce8561077a69366f06d0ab14b1d,True,3.14.3,2.11.0+cpu,2.4.3,1.3.0,3.1.0,not-installed,not-installed,0.09871685201026419,0.0,0.0001080379,0.001985666151349778,1121.0,1.0,0.0,0.0,0.0,0.0,0.0875,0.18624999999999997,0.8137500000000001,0.0,0.18624999999999997,0.0,0.2935996490711982,0.7265010207691232,0.9125,0.9125,0.9125,0.0875,14.0,0.0875,exact,235.279375,28.049999999999997,neural,1121.0,4484.0,44840.0,nan,0.0,0.0,nan,,,,,,,,,,,,,,,
reviewer1_observation_shift_smoke,reviewer1_observation_shift_smoke,configs/reviewer1_remaining/smoke/observation_shift.yaml,Reviewer1-observation-shift-smoke,Reviewer1ObservationShift-v0,Reviewer1ObservationShift-v0,native_gymnasium_observation,same_input_crisp,11011,train,6926,,,6926,64,0.94,7,1.0,6926,401,0.001261582884791933,0.027024663984775543,0,1,3,14.381255899999815,13.635162799997488,0.7460931000023265,13.635162799997488,0.7460931000023265,d1991e82fa1ea0337d3d6296e2c904f22359ea22,1.8.0,7cc5bc598cfd6850415c80c2a5f22423f37a7ce8561077a69366f06d0ab14b1d,True,3.14.3,2.11.0+cpu,2.4.3,1.3.0,3.1.0,not-installed,not-installed,0.09859094790777014,0.0,0.05009915,0.03554614349469994,1126.0,0.0,0.0,0.0,0.0,1.0,0.42857142857142855,0.028571428571428574,0.9714285714285715,0.0,0.028571428571428574,0.05,0.027868900285306277,0.44200700178486063,0.5714285714285714,0.5714285714285714,0.5714285714285714,0.42857142857142855,3.0,0.42857142857142855,exact,194.30000000000004,18.8,neural,1126.0,4504.0,45040.0,nan,0.0,0.0,nan,,,,,,,,,,,,,,,
reviewer1_observation_shift_smoke,reviewer1_observation_shift_smoke,configs/reviewer1_remaining/smoke/observation_shift.yaml,Reviewer1-observation-shift-smoke,Reviewer1ObservationShift-v0,Reviewer1ObservationShift-v0,native_gymnasium_observation,same_input_crisp,11011,train,7086,,,7086,65,-2.319999999999997,160,0.0,7086,411,0.0012640175222759242,0.027024663984775543,0,1,3,14.757654499997443,14.011561399995117,0.7460931000023265,14.011561399995117,0.7460931000023265,d1991e82fa1ea0337d3d6296e2c904f22359ea22,1.8.0,7cc5bc598cfd6850415c80c2a5f22423f37a7ce8561077a69366f06d0ab14b1d,True,3.14.3,2.11.0+cpu,2.4.3,1.3.0,3.1.0,not-installed,not-installed,0.09759380097879176,0.0,0.00012933399,0.0006316577914549066,1154.0,1.0,0.0,0.0,0.0,0.0,0.10625,0.07843750000000001,0.9215625,0.0,0.07843750000000001,0.0,0.21882416538973443,0.6191450388251768,0.89375,0.89375,0.89375,0.10625,17.0,0.10625,exact,239.63562499999998,29.15,neural,1154.0,4616.0,46160.0,nan,0.0,0.0,nan,,,,,,,,,,,,,,,
reviewer1_observation_shift_smoke,reviewer1_observation_shift_smoke,configs/reviewer1_remaining/smoke/observation_shift.yaml,Reviewer1-observation-shift-smoke,Reviewer1ObservationShift-v0,Reviewer1ObservationShift-v0,native_gymnasium_observation,same_input_crisp,11011,train,7091,,,7091,66,0.96,5,1.0,7091,412,0.0012619688950773035,0.027024663984775543,0,1,3,14.770616599998903,14.024523499996576,0.7460931000023265,14.024523499996576,0.7460931000023265,d1991e82fa1ea0337d3d6296e2c904f22359ea22,1.8.0,7cc5bc598cfd6850415c80c2a5f22423f37a7ce8561077a69366f06d0ab14b1d,True,3.14.3,2.11.0+cpu,2.4.3,1.3.0,3.1.0,not-installed,not-installed,0.09743485342019438,0.0,0.050117698,0.041958945761775654,1159.0,0.0,0.0,0.0,0.0,1.0,1.0,0.0,1.0,0.0,0.0,0.0,0.0,0.4487769264941542,0.0,0.0,0.0,1.0,5.0,1.0,support-boundary collapse,384.7,37.3,neural,1159.0,4636.0,46360.0,nan,0.0,0.0,nan,,,,,,,,,,,,,,,
reviewer1_observation_shift_smoke,reviewer1_observation_shift_smoke,configs/reviewer1_remaining/smoke/observation_shift.yaml,Reviewer1-observation-shift-smoke,Reviewer1ObservationShift-v0,Reviewer1ObservationShift-v0,native_gymnasium_observation,same_input_crisp,11011,train,7182,,,7182,67,-0.18000000000000083,91,1.0,7182,417,0.0012482180395538387,0.027024663984775543,0,1,3,14.918897799994738,14.172804699992412,0.7460931000023265,14.172804699992412,0.7460931000023265,d1991e82fa1ea0337d3d6296e2c904f22359ea22,1.8.0,7cc5bc598cfd6850415c80c2a5f22423f37a7ce8561077a69366f06d0ab14b1d,True,3.14.3,2.11.0+cpu,2.4.3,1.3.0,3.1.0,not-installed,not-installed,0.09768740031897818,0.0,0.035881944,0.03908957920399414,1177.0,0.0,0.0,0.0,0.0,1.0,0.27472527472527475,0.07582417582417582,0.9241758241758242,0.0,0.07582417582417582,0.05,0.15154247666167053,0.4694113435560501,0.7252747252747253,0.7252747252747253,0.7252747252747253,0.27472527472527475,25.0,0.27472527472527475,exact,199.5923076923077,25.7,neural,1177.0,4708.0,47080.0,nan,0.0,0.0,nan,,,,,,,,,,,,,,,
reviewer1_observation_shift_smoke,reviewer1_observation_shift_smoke,configs/reviewer1_remaining/smoke/observation_shift.yaml,Reviewer1-observation-shift-smoke,Reviewer1ObservationShift-v0,Reviewer1ObservationShift-v0,native_gymnasium_observation,same_input_crisp,11011,train,7342,,,7342,68,-2.16,160,0.0,7342,427,0.0012747604667085175,0.027024663984775543,0,1,3,15.323038099995756,14.57694499999343,0.7460931000023265,14.57694499999343,0.7460931000023265,d1991e82fa1ea0337d3d6296e2c904f22359ea22,1.8.0,7cc5bc598cfd6850415c80c2a5f22423f37a7ce8561077a69366f06d0ab14b1d,True,3.14.3,2.11.0+cpu,2.4.3,1.3.0,3.1.0,not-installed,not-installed,0.09631901840490685,0.0,0.000105306055,0.0010656627107702124,1195.0,1.0,0.0,0.0,0.0,0.0,0.1125,0.055625,0.944375,0.0,0.055625,0.0,0.2609495404134751,0.7598792190399504,0.8875,0.8875,0.8875,0.1125,18.0,0.1125,exact,228.03000000000003,31.8,neural,1195.0,4780.0,47800.0,nan,0.0,0.0,nan,,,,,,,,,,,,,,,
reviewer1_observation_shift_smoke,reviewer1_observation_shift_smoke,configs/reviewer1_remaining/smoke/observation_shift.yaml,Reviewer1-observation-shift-smoke,Reviewer1ObservationShift-v0,Reviewer1ObservationShift-v0,native_gymnasium_observation,same_input_crisp,11011,train,7348,,,7348,69,0.9299999999999999,6,1.0,7348,428,0.0012962287366938986,0.027024663984775543,0,1,3,15.33685880000121,14.590765699998883,0.7460931000023265,14.590765699998883,0.7460931000023265,d1991e82fa1ea0337d3d6296e2c904f22359ea22,1.8.0,7cc5bc598cfd6850415c80c2a5f22423f37a7ce8561077a69366f06d0ab14b1d,True,3.14.3,2.11.0+cpu,2.4.3,1.3.0,3.1.0,not-installed,not-installed,0.09624808575803868,0.0,0.033774894,0.03608636276331266,1195.0,0.0,0.0,0.0,0.0,1.0,0.0,0.049999999999999996,0.9500000000000001,0.0,0.049999999999999996,0.0,0.31531430456168286,0.45194328529034683,1.0,1.0,1.0,0.0,0.0,0.0,exact,230.10000000000002,28.35,neural,1195.0,4780.0,47800.0,nan,0.0,0.0,nan,,,,,,,,,,,,,,,
reviewer1_observation_shift_smoke,reviewer1_observation_shift_smoke,configs/reviewer1_remaining/smoke/observation_shift.yaml,Reviewer1-observation-shift-smoke,Reviewer1ObservationShift-v0,Reviewer1ObservationShift-v0,native_gymnasium_observation,same_input_crisp,11011,train,7508,,,7508,70,-2.249999999999999,160,0.0,7508,438,0.0013825378251260281,0.03552854433655739,0,1,3,15.666740799999388,14.920647699997062,0.7460931000023265,14.920647699997062,0.7460931000023265,d1991e82fa1ea0337d3d6296e2c904f22359ea22,1.8.0,7cc5bc598cfd6850415c80c2a5f22423f37a7ce8561077a69366f06d0ab14b1d,True,3.14.3,2.11.0+cpu,2.4.3,1.3.0,3.1.0,not-installed,not-installed,0.09480471628592367,0.0,0.00011204319,0.002202682803465224,1230.0,1.0,0.0,0.0,0.0,0.0,0.13125,0.0659375,0.9340624999999999,0.0,0.0659375,0.0,0.15872597475336822,0.48200846336687714,0.86875,0.86875,0.86875,0.13125,21.0,0.13125,exact,234.99124999999998,29.799999999999997,neural,1230.0,4920.0,49200.0,nan,0.0,0.0,nan,,,,,,,,,,,,,,,
reviewer1_observation_shift_smoke,reviewer1_observation_shift_smoke,configs/reviewer1_remaining/smoke/observation_shift.yaml,Reviewer1-observation-shift-smoke,Reviewer1ObservationShift-v0,Reviewer1ObservationShift-v0,native_gymnasium_observation,same_input_crisp,11011,train,7668,,,7668,71,-1.9800000000000015,160,0.0,7668,448,0.0013858939124783579,0.03552854433655739,0,1,3,16.059397699995316,15.313304599992989,0.7460931000023265,15.313304599992989,0.7460931000023265,d1991e82fa1ea0337d3d6296e2c904f22359ea22,1.8.0,7cc5bc598cfd6850415c80c2a5f22423f37a7ce8561077a69366f06d0ab14b1d,True,3.14.3,2.11.0+cpu,2.4.3,1.3.0,3.1.0,not-installed,not-installed,0.09256373937676975,0.0,9.0908026e-05,0.0011166844468043057,1255.0,1.0,0.0,0.0,0.0,0.0,0.225,0.03874999999999999,0.96125,0.0,0.03874999999999999,0.0,0.16888421383439742,0.757803988144917,0.775,0.775,0.775,0.225,36.0,0.225,exact,258.108125,31.2,neural,1255.0,5020.0,50200.0,nan,0.0,0.0,nan,,,,,,,,,,,,,,,
reviewer1_observation_shift_smoke,reviewer1_observation_shift_smoke,configs/reviewer1_remaining/smoke/observation_shift.yaml,Reviewer1-observation-shift-smoke,Reviewer1ObservationShift-v0,Reviewer1ObservationShift-v0,native_gymnasium_observation,same_input_crisp,11011,train,7828,,,7828,72,-2.09,160,0.0,7828,458,0.0014122316651237548,0.03552854433655739,0,1,3,16.343918999999005,15.597825899996678,0.7460931000023265,15.597825899996678,0.7460931000023265,d1991e82fa1ea0337d3d6296e2c904f22359ea22,1.8.0,7cc5bc598cfd6850415c80c2a5f22423f37a7ce8561077a69366f06d0ab14b1d,True,3.14.3,2.11.0+cpu,2.4.3,1.3.0,3.1.0,not-installed,not-installed,0.09064189189189151,0.0,0.00010847226,0.0024931165751902636,1290.0,1.0,0.0,0.0,0.0,0.0,0.2125,0.06749999999999999,0.9325000000000001,0.0,0.06749999999999999,0.0,0.12771381299301593,0.6578413941659024,0.7875,0.7875,0.7875,0.2125,34.0,0.2125,exact,292.92312499999997,31.8,neural,1290.0,5160.0,51600.0,nan,0.0,0.0,nan,,,,,,,,,,,,,,,
reviewer1_observation_shift_smoke,reviewer1_observation_shift_smoke,configs/reviewer1_remaining/smoke/observation_shift.yaml,Reviewer1-observation-shift-smoke,Reviewer1ObservationShift-v0,Reviewer1ObservationShift-v0,native_gymnasium_observation,same_input_crisp,11011,train,7988,,,7988,73,-2.1200000000000014,160,0.0,7988,468,0.0014342793944092398,0.03552854433655739,0,1,3,16.68695740000112,15.940864299998793,0.7460931000023265,15.940864299998793,0.7460931000023265,d1991e82fa1ea0337d3d6296e2c904f22359ea22,1.8.0,7cc5bc598cfd6850415c80c2a5f22423f37a7ce8561077a69366f06d0ab14b1d,True,3.14.3,2.11.0+cpu,2.4.3,1.3.0,3.1.0,not-installed,not-installed,0.09103313840155938,0.0,0.0001284299,0.002160991327499538,1327.0,1.0,0.0,0.0,0.0,0.0,0.25,0.076875,0.923125,0.0,0.076875,0.012499999999999997,0.13664042134993437,0.682736452336117,0.75,0.75,0.75,0.25,40.0,0.25,exact,261.405,32.55,neural,1327.0,5308.0,53080.0,nan,0.0,0.0,nan,,,,,,,,,,,,,,,
reviewer1_observation_shift_smoke,reviewer1_observation_shift_smoke,configs/reviewer1_remaining/smoke/observation_shift.yaml,Reviewer1-observation-shift-smoke,Reviewer1ObservationShift-v0,Reviewer1ObservationShift-v0,native_gymnasium_observation,same_input_crisp,11011,train,8148,,,8148,74,-2.030000000000001,160,0.0,8148,478,0.001429725824492079,0.03552854433655739,0,1,3,17.054131299999426,16.3080381999971,0.7460931000023265,16.3080381999971,0.7460931000023265,d1991e82fa1ea0337d3d6296e2c904f22359ea22,1.8.0,7cc5bc598cfd6850415c80c2a5f22423f37a7ce8561077a69366f06d0ab14b1d,True,3.14.3,2.11.0+cpu,2.4.3,1.3.0,3.1.0,not-installed,not-installed,0.09875466998754684,0.0,0.00011717531,0.0023251414580389993,1331.0,1.0,0.0,0.0,0.0,0.0,0.05,0.3175,0.6825,0.0,0.3175,0.8999999999999999,0.35492975021149054,0.7153294811333508,0.95,0.95,0.95,0.05,8.0,0.05,exact,288.201875,31.6,neural,1331.0,5324.0,53240.0,nan,0.0,0.0,nan,,,,,,,,,,,,,,,
reviewer1_observation_shift_smoke,reviewer1_observation_shift_smoke,configs/reviewer1_remaining/smoke/observation_shift.yaml,Reviewer1-observation-shift-smoke,Reviewer1ObservationShift-v0,Reviewer1ObservationShift-v0,native_gymnasium_observation,same_input_crisp,11011,train,8237,,,8237,75,-0.07000000000000073,89,1.0,8237,483,0.001438084805228395,0.03552854433655739,0,1,3,17.16696509999747,16.420871999995143,0.7460931000023265,16.420871999995143,0.7460931000023265,d1991e82fa1ea0337d3d6296e2c904f22359ea22,1.8.0,7cc5bc598cfd6850415c80c2a5f22423f37a7ce8561077a69366f06d0ab14b1d,True,3.14.3,2.11.0+cpu,2.4.3,1.3.0,3.1.0,not-installed,not-installed,0.09773284313725517,0.0,0.050113957,0.03378191214311305,1356.0,0.0,0.0,0.0,0.0,1.0,0.42696629213483145,0.028651685393258425,0.9713483146067416,0.0,0.028651685393258425,0.05,0.09388870971940068,0.7721097208651304,0.5730337078651685,0.5730337078651685,0.5730337078651685,0.42696629213483145,38.0,0.42696629213483145,exact,229.4370786516854,21.4,neural,1356.0,5424.0,54240.0,nan,0.0,0.0,nan,,,,,,,,,,,,,,,
reviewer1_observation_shift_smoke,reviewer1_observation_shift_smoke,configs/reviewer1_remaining/smoke/observation_shift.yaml,Reviewer1-observation-shift-smoke,Reviewer1ObservationShift-v0,Reviewer1ObservationShift-v0,native_gymnasium_observation,same_input_crisp,11011,train,8397,,,8397,76,-1.9600000000000015,160,0.0,8397,493,0.0014115202409085042,0.03552854433655739,0,1,3,17.486513099996955,16.74041999999463,0.7460931000023265,16.74041999999463,0.7460931000023265,d1991e82fa1ea0337d3d6296e2c904f22359ea22,1.8.0,7cc5bc598cfd6850415c80c2a5f22423f37a7ce8561077a69366f06d0ab14b1d,True,3.14.3,2.11.0+cpu,2.4.3,1.3.0,3.1.0,not-installed,not-installed,0.10117855038302942,0.0,8.62944e-05,0.0012167123775749737,1360.0,1.0,0.0,0.0,0.0,0.0,0.01875,0.18406249999999996,0.8159375000000001,0.0,0.18406249999999996,0.0,0.36039456413426707,0.7422210089714735,0.98125,0.98125,0.98125,0.01875,3.0,0.01875,exact,281.85687500000006,30.799999999999997,neural,1360.0,5440.0,54400.0,nan,0.0,0.0,nan,,,,,,,,,,,,,,,
reviewer1_observation_shift_smoke,reviewer1_observation_shift_smoke,configs/reviewer1_remaining/smoke/observation_shift.yaml,Reviewer1-observation-shift-smoke,Reviewer1ObservationShift-v0,Reviewer1ObservationShift-v0,native_gymnasium_observation,same_input_crisp,11011,train,8557,,,8557,77,-2.0600000000000005,160,0.0,8557,503,0.0014083840006220763,0.03552854433655739,0,1,3,17.80747110000084,17.061377999998513,0.7460931000023265,17.061377999998513,0.7460931000023265,d1991e82fa1ea0337d3d6296e2c904f22359ea22,1.8.0,7cc5bc598cfd6850415c80c2a5f22423f37a7ce8561077a69366f06d0ab14b1d,True,3.14.3,2.11.0+cpu,2.4.3,1.3.0,3.1.0,not-installed,not-installed,0.10116543490619752,0.0,9.815455e-05,0.0026135555232083643,1385.0,1.0,0.0,0.0,0.0,0.0,0.23125,0.0946875,0.9053125000000002,0.0,0.0946875,0.0,0.22368580981361105,0.8613493443273186,0.76875,0.76875,0.76875,0.23125,37.0,0.23125,exact,259.728125,30.5,neural,1385.0,5540.0,55400.0,nan,0.0,0.0,nan,,,,,,,,,,,,,,,
reviewer1_observation_shift_smoke,reviewer1_observation_shift_smoke,configs/reviewer1_remaining/smoke/observation_shift.yaml,Reviewer1-observation-shift-smoke,Reviewer1ObservationShift-v0,Reviewer1ObservationShift-v0,native_gymnasium_observation,same_input_crisp,11011,train,8717,,,8717,78,-1.9600000000000015,160,0.0,8717,513,0.001382478790047495,0.03552854433655739,0,1,3,18.18253929999628,17.436446199993952,0.7460931000023265,17.436446199993952,0.7460931000023265,d1991e82fa1ea0337d3d6296e2c904f22359ea22,1.8.0,7cc5bc598cfd6850415c80c2a5f22423f37a7ce8561077a69366f06d0ab14b1d,True,3.14.3,2.11.0+cpu,2.4.3,1.3.0,3.1.0,not-installed,not-installed,0.10090959206174306,0.0,9.351204e-05,0.0013992744135366672,1395.0,1.0,0.0,0.0,0.0,0.0,0.1125,0.095,0.905,0.0,0.095,0.0,0.23174555073579822,0.8151286619487828,0.8875,0.8875,0.8875,0.1125,18.0,0.1125,exact,230.90375000000003,29.799999999999997,neural,1395.0,5580.0,55800.0,nan,0.0,0.0,nan,,,,,,,,,,,,,,,
reviewer1_observation_shift_smoke,reviewer1_observation_shift_smoke,configs/reviewer1_remaining/smoke/observation_shift.yaml,Reviewer1-observation-shift-smoke,Reviewer1ObservationShift-v0,Reviewer1ObservationShift-v0,native_gymnasium_observation,same_input_crisp,11011,train,8877,,,8877,79,-2.0600000000000005,160,0.0,8877,523,0.001380857509600059,0.03552854433655739,0,1,3,18.497316900000442,17.751223799998115,0.7460931000023265,17.751223799998115,0.7460931000023265,d1991e82fa1ea0337d3d6296e2c904f22359ea22,1.8.0,7cc5bc598cfd6850415c80c2a5f22423f37a7ce8561077a69366f06d0ab14b1d,True,3.14.3,2.11.0+cpu,2.4.3,1.3.0,3.1.0,not-installed,not-installed,0.10426212040490265,0.0,8.188285e-05,0.00237566304235642,1411.0,1.0,0.0,0.0,0.0,0.0,0.1875,0.164375,0.835625,0.0,0.164375,0.0,0.2597480346344502,0.70042110603899,0.8125,0.8125,0.8125,0.1875,30.0,0.1875,exact,267.47375,29.0,neural,1411.0,5644.0,56440.0,nan,0.0,0.0,nan,,,,,,,,,,,,,,,
reviewer1_observation_shift_smoke,reviewer1_observation_shift_smoke,configs/reviewer1_remaining/smoke/observation_shift.yaml,Reviewer1-observation-shift-smoke,Reviewer1ObservationShift-v0,Reviewer1ObservationShift-v0,native_gymnasium_observation,same_input_crisp,11011,train,8912,,,8912,80,0.5399999999999998,35,1.0,8912,526,0.0013733644405224522,0.03552854433655739,0,1,3,18.541679999994813,17.795586899992486,0.7460931000023265,17.795586899992486,0.7460931000023265,d1991e82fa1ea0337d3d6296e2c904f22359ea22,1.8.0,7cc5bc598cfd6850415c80c2a5f22423f37a7ce8561077a69366f06d0ab14b1d,True,3.14.3,2.11.0+cpu,2.4.3,1.3.0,3.1.0,not-installed,not-installed,0.10538176033934374,0.0,0.05010151,0.03261192727083507,1418.0,0.0,0.0,0.0,0.0,1.0,0.22857142857142856,0.29571428571428565,0.7042857142857143,0.0,0.29571428571428565,0.8999999999999999,0.2714735929441958,0.8071157956590116,0.7714285714285715,0.7714285714285715,0.7714285714285715,0.22857142857142856,8.0,0.22857142857142856,exact,165.74571428571429,22.0,neural,1418.0,5672.0,56720.0,nan,0.0,0.0,nan,,,,,,,,,,,,,,,
reviewer1_observation_shift_smoke,reviewer1_observation_shift_smoke,configs/reviewer1_remaining/smoke/observation_shift.yaml,Reviewer1-observation-shift-smoke,Reviewer1ObservationShift-v0,Reviewer1ObservationShift-v0,native_gymnasium_observation,same_input_crisp,11011,train,9072,,,9072,81,-2.1399999999999983,160,0.0,9072,536,0.0013513235453841057,0.03552854433655739,0,1,3,18.920723299997917,18.17463019999559,0.7460931000023265,18.17463019999559,0.7460931000023265,d1991e82fa1ea0337d3d6296e2c904f22359ea22,1.8.0,7cc5bc598cfd6850415c80c2a5f22423f37a7ce8561077a69366f06d0ab14b1d,True,3.14.3,2.11.0+cpu,2.4.3,1.3.0,3.1.0,not-installed,not-installed,0.1051197147223652,0.0,8.9320936e-05,0.0004632036347484289,1450.0,1.0,0.0,0.0,0.0,0.0,0.21875,0.10656249999999996,0.8934375000000001,0.0,0.10656249999999996,0.0,0.20606660927714912,0.6192699641077991,0.78125,0.78125,0.78125,0.21875,35.0,0.21875,exact,320.551875,42.55,neural,1450.0,5800.0,58000.0,nan,0.0,0.0,nan,,,,,,,,,,,,,,,
reviewer1_observation_shift_smoke,reviewer1_observation_shift_smoke,configs/reviewer1_remaining/smoke/observation_shift.yaml,Reviewer1-observation-shift-smoke,Reviewer1ObservationShift-v0,Reviewer1ObservationShift-v0,native_gymnasium_observation,same_input_crisp,11011,train,9088,,,9088,82,0.83,16,1.0,9088,537,0.0013488916471165113,0.03552854433655739,0,1,3,18.948937100001785,18.20284399999946,0.7460931000023265,18.20284399999946,0.7460931000023265,d1991e82fa1ea0337d3d6296e2c904f22359ea22,1.8.0,7cc5bc598cfd6850415c80c2a5f22423f37a7ce8561077a69366f06d0ab14b1d,True,3.14.3,2.11.0+cpu,2.4.3,1.3.0,3.1.0,not-installed,not-installed,0.10487062404870776,0.0,0.033806622,0.030778297470633768,1452.0,0.0,0.0,0.0,0.0,1.0,0.1875,0.040625,0.959375,0.0,0.040625,0.0,0.13900379678043814,0.6981436217703568,0.8125,0.8125,0.8125,0.1875,3.0,0.1875,exact,362.40625,304.45000000000005,neural,1452.0,5808.0,58080.0,nan,0.0,0.0,nan,,,,,,,,,,,,,,,
reviewer1_observation_shift_smoke,reviewer1_observation_shift_smoke,configs/reviewer1_remaining/smoke/observation_shift.yaml,Reviewer1-observation-shift-smoke,Reviewer1ObservationShift-v0,Reviewer1ObservationShift-v0,native_gymnasium_observation,same_input_crisp,11011,train,9248,,,9248,83,-2.0500000000000007,160,0.0,9248,547,0.0013256561600415238,0.03552854433655739,0,1,3,19.215011100000993,18.468917999998666,0.7460931000023265,18.468917999998666,0.7460931000023265,d1991e82fa1ea0337d3d6296e2c904f22359ea22,1.8.0,7cc5bc598cfd6850415c80c2a5f22423f37a7ce8561077a69366f06d0ab14b1d,True,3.14.3,2.11.0+cpu,2.4.3,1.3.0,3.1.0,not-installed,not-installed,0.10515564202334814,0.0,0.0005095143,0.0026682826187833103,1458.0,1.0,0.0,0.0,0.0,0.0,0.0375,0.115625,0.884375,0.0,0.115625,0.0,0.45672533348139055,0.8305036919457833,0.9625,0.9625,0.9625,0.0375,6.0,0.0375,exact,349.5225,517.8,neural,1458.0,5832.0,58320.0,nan,0.0,0.0,nan,,,,,,,,,,,,,,,
reviewer1_observation_shift_smoke,reviewer1_observation_shift_smoke,configs/reviewer1_remaining/smoke/observation_shift.yaml,Reviewer1-observation-shift-smoke,Reviewer1ObservationShift-v0,Reviewer1ObservationShift-v0,native_gymnasium_observation,same_input_crisp,11011,train,9408,,,9408,84,-2.1999999999999993,160,0.0,9408,557,0.0013216373400206569,0.03552854433655739,0,1,3,19.541389300000446,18.79529619999812,0.7460931000023265,18.79529619999812,0.7460931000023265,d1991e82fa1ea0337d3d6296e2c904f22359ea22,1.8.0,7cc5bc598cfd6850415c80c2a5f22423f37a7ce8561077a69366f06d0ab14b1d,True,3.14.3,2.11.0+cpu,2.4.3,1.3.0,3.1.0,not-installed,not-installed,0.10859962406015235,0.0,9.9241304e-05,0.001689932001716557,1477.0,1.0,0.0,0.0,0.0,0.0,0.09375,0.22531249999999997,0.7746875,0.0,0.22531249999999997,0.0,0.279997881074938,0.5153716098111595,0.90625,0.90625,0.90625,0.09375,15.0,0.09375,exact,315.440625,38.2,neural,1477.0,5908.0,59080.0,nan,0.0,0.0,nan,,,,,,,,,,,,,,,
reviewer1_observation_shift_smoke,reviewer1_observation_shift_smoke,configs/reviewer1_remaining/smoke/observation_shift.yaml,Reviewer1-observation-shift-smoke,Reviewer1ObservationShift-v0,Reviewer1ObservationShift-v0,native_gymnasium_observation,same_input_crisp,11011,train,9502,,,9502,85,-0.10000000000000075,94,1.0,9502,562,0.0013119783991369267,0.03552854433655739,0,1,3,19.71916169999895,18.973068599996623,0.7460931000023265,18.973068599996623,0.7460931000023265,d1991e82fa1ea0337d3d6296e2c904f22359ea22,1.8.0,7cc5bc598cfd6850415c80c2a5f22423f37a7ce8561077a69366f06d0ab14b1d,True,3.14.3,2.11.0+cpu,2.4.3,1.3.0,3.1.0,not-installed,not-installed,0.1076353540027786,0.0,0.050103676,0.03421450406206357,1494.0,0.0,0.0,0.0,0.0,1.0,0.1702127659574468,0.05106382978723403,0.948936170212766,0.0,0.05106382978723403,0.0,0.13540848556825832,0.7428838063251976,0.8297872340425532,0.8297872340425532,0.8297872340425532,0.1702127659574468,16.0,0.1702127659574468,exact,259.15531914893614,33.099999999999994,neural,1494.0,5976.0,59760.0,nan,0.0,0.0,nan,,,,,,,,,,,,,,,
reviewer1_observation_shift_smoke,reviewer1_observation_shift_smoke,configs/reviewer1_remaining/smoke/observation_shift.yaml,Reviewer1-observation-shift-smoke,Reviewer1ObservationShift-v0,Reviewer1ObservationShift-v0,native_gymnasium_observation,same_input_crisp,11011,train,9662,,,9662,86,-2.0000000000000013,160,0.0,9662,572,0.001311424171595158,0.03552854433655739,0,1,3,19.975675699999556,19.22958259999723,0.7460931000023265,19.22958259999723,0.7460931000023265,d1991e82fa1ea0337d3d6296e2c904f22359ea22,1.8.0,7cc5bc598cfd6850415c80c2a5f22423f37a7ce8561077a69366f06d0ab14b1d,True,3.14.3,2.11.0+cpu,2.4.3,1.3.0,3.1.0,not-installed,not-installed,0.10690273419991268,0.0,0.00012494715,0.0011755152415973099,1511.0,1.0,0.0,0.0,0.0,0.0,0.1,0.09562499999999999,0.9043749999999999,0.0,0.09562499999999999,0.0,0.2175506134134449,0.7877731750322294,0.9,0.9,0.9,0.1,16.0,0.1,exact,310.83374999999995,34.0,neural,1511.0,6044.0,60440.0,nan,0.0,0.0,nan,,,,,,,,,,,,,,,
reviewer1_observation_shift_smoke,reviewer1_observation_shift_smoke,configs/reviewer1_remaining/smoke/observation_shift.yaml,Reviewer1-observation-shift-smoke,Reviewer1ObservationShift-v0,Reviewer1ObservationShift-v0,native_gymnasium_observation,same_input_crisp,11011,train,9686,,,9686,87,0.74,24,1.0,9686,574,0.0013081290986386791,0.03552854433655739,0,1,3,20.02821050000057,19.282117399998242,0.7460931000023265,19.282117399998242,0.7460931000023265,d1991e82fa1ea0337d3d6296e2c904f22359ea22,1.8.0,7cc5bc598cfd6850415c80c2a5f22423f37a7ce8561077a69366f06d0ab14b1d,True,3.14.3,2.11.0+cpu,2.4.3,1.3.0,3.1.0,not-installed,not-installed,0.10649553571428805,0.0,0.050122134,0.036370252773260066,1527.0,0.0,0.0,0.0,0.0,1.0,0.7083333333333334,0.014583333333333335,0.9854166666666666,0.0,0.014583333333333335,0.05,0.08603699385147519,0.6525639134524418,0.2916666666666667,0.2916666666666667,0.2916666666666667,0.7083333333333334,17.0,0.7083333333333334,support-boundary collapse,255.83749999999998,31.7,neural,1527.0,6108.0,61080.0,nan,0.0,0.0,nan,,,,,,,,,,,,,,,
reviewer1_observation_shift_smoke,reviewer1_observation_shift_smoke,configs/reviewer1_remaining/smoke/observation_shift.yaml,Reviewer1-observation-shift-smoke,Reviewer1ObservationShift-v0,Reviewer1ObservationShift-v0,native_gymnasium_observation,same_input_crisp,11011,train,9846,,,9846,88,-2.130000000000001,160,0.0,9846,584,0.001304996372653801,0.03552854433655739,0,1,3,20.28544949999923,19.539356399996905,0.7460931000023265,19.539356399996905,0.7460931000023265,d1991e82fa1ea0337d3d6296e2c904f22359ea22,1.8.0,7cc5bc598cfd6850415c80c2a5f22423f37a7ce8561077a69366f06d0ab14b1d,True,3.14.3,2.11.0+cpu,2.4.3,1.3.0,3.1.0,not-installed,not-installed,0.10479184735472936,0.0,9.6437536e-05,0.0011187980277566072,1543.0,1.0,0.0,0.0,0.0,0.0,0.0625,0.04687499999999999,0.953125,0.0,0.04687499999999999,0.0,0.26440565557535534,0.6278030528742382,0.9375,0.9375,0.9375,0.0625,10.0,0.0625,exact,271.16625000000005,29.0,neural,1543.0,6172.0,61720.0,nan,0.0,0.0,nan,,,,,,,,,,,,,,,
reviewer1_observation_shift_smoke,reviewer1_observation_shift_smoke,configs/reviewer1_remaining/smoke/observation_shift.yaml,Reviewer1-observation-shift-smoke,Reviewer1ObservationShift-v0,Reviewer1ObservationShift-v0,native_gymnasium_observation,same_input_crisp,11011,train,9923,,,9923,89,-0.07000000000000073,77,1.0,9923,589,0.0012945968032901428,0.03552854433655739,0,1,3,20.432609099996625,19.6865159999943,0.7460931000023265,19.6865159999943,0.7460931000023265,d1991e82fa1ea0337d3d6296e2c904f22359ea22,1.8.0,7cc5bc598cfd6850415c80c2a5f22423f37a7ce8561077a69366f06d0ab14b1d,True,3.14.3,2.11.0+cpu,2.4.3,1.3.0,3.1.0,not-installed,not-installed,0.10547710740265559,0.0,0.050154746,0.041149064522464716,1552.0,0.0,0.0,0.0,0.0,1.0,0.2077922077922078,0.14480519480519483,0.8551948051948053,0.0,0.14480519480519483,0.0,0.21103938375544207,0.5000666070795255,0.7922077922077922,0.7922077922077922,0.7922077922077922,0.2077922077922078,16.0,0.2077922077922078,exact,276.80649350649344,30.6,neural,1552.0,6208.0,62080.0,nan,0.0,0.0,nan,,,,,,,,,,,,,,,
reviewer1_observation_shift_smoke,reviewer1_observation_shift_smoke,configs/reviewer1_remaining/smoke/observation_shift.yaml,Reviewer1-observation-shift-smoke,Reviewer1ObservationShift-v0,Reviewer1ObservationShift-v0,native_gymnasium_observation,same_input_crisp,11011,train,10083,,,10083,90,-1.9200000000000013,160,0.0,10083,599,0.0012737606568061315,0.03552854433655739,0,1,3,20.79255120000016,20.046458099997835,0.7460931000023265,20.046458099997835,0.7460931000023265,d1991e82fa1ea0337d3d6296e2c904f22359ea22,1.8.0,7cc5bc598cfd6850415c80c2a5f22423f37a7ce8561077a69366f06d0ab14b1d,True,3.14.3,2.11.0+cpu,2.4.3,1.3.0,3.1.0,not-installed,not-installed,0.10840579710145204,0.0,0.000101913385,0.00060666388987733,1560.0,1.0,0.0,0.0,0.0,0.0,0.0625,0.23812499999999998,0.761875,0.0,0.23812499999999998,0.0,0.3784690662336895,0.6386365342097373,0.9375,0.9375,0.9375,0.0625,10.0,0.0625,exact,319.81062499999996,59.65,neural,1560.0,6240.0,62400.0,nan,0.0,0.0,nan,,,,,,,,,,,,,,,
reviewer1_observation_shift_smoke,reviewer1_observation_shift_smoke,configs/reviewer1_remaining/smoke/observation_shift.yaml,Reviewer1-observation-shift-smoke,Reviewer1ObservationShift-v0,Reviewer1ObservationShift-v0,native_gymnasium_observation,same_input_crisp,11011,train,10192,,,10192,91,-0.46000000000000085,109,1.0,10192,606,0.001260205444238393,0.03552854433655739,0,1,3,21.01518099999521,20.269087899992883,0.7460931000023265,20.269087899992883,0.7460931000023265,d1991e82fa1ea0337d3d6296e2c904f22359ea22,1.8.0,7cc5bc598cfd6850415c80c2a5f22423f37a7ce8561077a69366f06d0ab14b1d,True,3.14.3,2.11.0+cpu,2.4.3,1.3.0,3.1.0,not-installed,not-installed,0.10777507105156599,0.0,0.050103825,0.041729743786935856,1581.0,0.0,0.0,0.0,0.0,1.0,0.12844036697247707,0.10137614678899086,0.8986238532110092,0.0,0.10137614678899086,0.0,0.18832886880979455,0.85647738087898,0.8715596330275229,0.8715596330275229,0.8715596330275229,0.12844036697247707,14.0,0.12844036697247707,exact,372.58348623853203,34.3,neural,1581.0,6324.0,63240.0,nan,0.0,0.0,nan,,,,,,,,,,,,,,,
reviewer1_observation_shift_smoke,reviewer1_observation_shift_smoke,configs/reviewer1_remaining/smoke/observation_shift.yaml,Reviewer1-observation-shift-smoke,Reviewer1ObservationShift-v0,Reviewer1ObservationShift-v0,native_gymnasium_observation,same_input_crisp,11011,train,10217,,,10217,92,0.6799999999999999,25,1.0,10217,607,0.0012582839020172899,0.03552854433655739,0,1,3,21.063769100001082,20.317675999998755,0.7460931000023265,20.317675999998755,0.7460931000023265,d1991e82fa1ea0337d3d6296e2c904f22359ea22,1.8.0,7cc5bc598cfd6850415c80c2a5f22423f37a7ce8561077a69366f06d0ab14b1d,True,3.14.3,2.11.0+cpu,2.4.3,1.3.0,3.1.0,not-installed,not-installed,0.10822554567502309,0.0,0.046790995,0.04082475894189308,1582.0,0.0,0.0,0.0,0.0,1.0,0.08,0.19,0.81,0.0,0.19,0.0,0.4310388881147352,0.4570733494026537,0.92,0.92,0.92,0.08,2.0,0.08,exact,335.848,34.8,neural,1582.0,6328.0,63280.0,nan,0.0,0.0,nan,,,,,,,,,,,,,,,
reviewer1_observation_shift_smoke,reviewer1_observation_shift_smoke,configs/reviewer1_remaining/smoke/observation_shift.yaml,Reviewer1-observation-shift-smoke,Reviewer1ObservationShift-v0,Reviewer1ObservationShift-v0,native_gymnasium_observation,same_input_crisp,11011,train,10377,,,10377,93,-1.8400000000000014,160,0.0,10377,617,0.0012551628584934647,0.03552854433655739,0,1,3,21.43738740000117,20.691294299998845,0.7460931000023265,20.691294299998845,0.7460931000023265,d1991e82fa1ea0337d3d6296e2c904f22359ea22,1.8.0,7cc5bc598cfd6850415c80c2a5f22423f37a7ce8561077a69366f06d0ab14b1d,True,3.14.3,2.11.0+cpu,2.4.3,1.3.0,3.1.0,not-installed,not-installed,0.1147915027537401,0.0,9.2836184e-05,0.0005148751440200469,1583.0,1.0,0.0,0.0,0.0,0.0,0.025,0.32437499999999997,0.6756249999999999,0.0,0.32437499999999997,0.8999999999999999,0.47802943221866523,0.6859868505271663,0.975,0.975,0.975,0.025,4.0,0.025,exact,332.62375000000003,40.55,neural,1583.0,6332.0,63320.0,nan,0.0,0.0,nan,,,,,,,,,,,,,,,
reviewer1_observation_shift_smoke,reviewer1_observation_shift_smoke,configs/reviewer1_remaining/smoke/observation_shift.yaml,Reviewer1-observation-shift-smoke,Reviewer1ObservationShift-v0,Reviewer1ObservationShift-v0,native_gymnasium_observation,same_input_crisp,11011,train,10537,,,10537,94,-1.9400000000000013,160,0.0,10537,627,0.0012559902550251761,0.03552854433655739,0,1,3,21.880435200000647,21.13434209999832,0.7460931000023265,21.13434209999832,0.7460931000023265,d1991e82fa1ea0337d3d6296e2c904f22359ea22,1.8.0,7cc5bc598cfd6850415c80c2a5f22423f37a7ce8561077a69366f06d0ab14b1d,True,3.14.3,2.11.0+cpu,2.4.3,1.3.0,3.1.0,not-installed,not-installed,0.12076012223071339,0.0,8.2541876e-05,0.0016249927720076488,1590.0,1.0,0.0,0.0,0.0,0.0,0.05625,0.3171875,0.6828125,0.0,0.3171875,0.8999999999999999,0.35929154164071336,0.6607833090949811,0.94375,0.94375,0.94375,0.05625,9.0,0.05625,exact,344.538125,49.599999999999994,neural,1590.0,6360.0,63600.0,nan,0.0,0.0,nan,,,,,,,,,,,,,,,
reviewer1_observation_shift_smoke,reviewer1_observation_shift_smoke,configs/reviewer1_remaining/smoke/observation_shift.yaml,Reviewer1-observation-shift-smoke,Reviewer1ObservationShift-v0,Reviewer1ObservationShift-v0,native_gymnasium_observation,same_input_crisp,11011,train,10697,,,10697,95,-2.0300000000000007,160,0.0,10697,637,0.0012370161727132763,0.03552854433655739,0,1,3,22.229184899995744,21.483091799993417,0.7460931000023265,21.483091799993417,0.7460931000023265,d1991e82fa1ea0337d3d6296e2c904f22359ea22,1.8.0,7cc5bc598cfd6850415c80c2a5f22423f37a7ce8561077a69366f06d0ab14b1d,True,3.14.3,2.11.0+cpu,2.4.3,1.3.0,3.1.0,not-installed,not-installed,0.12080237741456476,0.0,0.00010216465,0.0016501499438432805,1596.0,1.0,0.0,0.0,0.0,0.0,0.0125,0.11125,0.8887499999999999,0.0,0.11125,0.0,0.29384635134349396,0.7544540158593779,0.9875,0.9875,0.9875,0.0125,2.0,0.0125,exact,372.49625000000003,50.95,neural,1596.0,6384.0,63840.0,nan,0.0,0.0,nan,,,,,,,,,,,,,,,
reviewer1_observation_shift_smoke,reviewer1_observation_shift_smoke,configs/reviewer1_remaining/smoke/observation_shift.yaml,Reviewer1-observation-shift-smoke,Reviewer1ObservationShift-v0,Reviewer1ObservationShift-v0,native_gymnasium_observation,same_input_crisp,11011,train,10803,,,10803,96,-0.41000000000000103,106,1.0,10803,644,0.0012242303412462183,0.03552854433655739,0,1,3,22.4004477999988,21.654354699996475,0.7460931000023265,21.654354699996475,0.7460931000023265,d1991e82fa1ea0337d3d6296e2c904f22359ea22,1.8.0,7cc5bc598cfd6850415c80c2a5f22423f37a7ce8561077a69366f06d0ab14b1d,True,3.14.3,2.11.0+cpu,2.4.3,1.3.0,3.1.0,not-installed,not-installed,0.12161667885881808,0.0,0.050077513,0.03558258367489207,1605.0,0.0,0.0,0.0,0.0,1.0,0.07547169811320754,0.19056603773584904,0.8094339622641509,0.0,0.19056603773584904,0.0,0.29039028511854437,0.5043764259485343,0.9245283018867925,0.9245283018867925,0.9245283018867925,0.07547169811320754,8.0,0.07547169811320754,exact,352.6528301886792,38.95,neural,1605.0,6420.0,64200.0,nan,0.0,0.0,nan,,,,,,,,,,,,,,,
reviewer1_observation_shift_smoke,reviewer1_observation_shift_smoke,configs/reviewer1_remaining/smoke/observation_shift.yaml,Reviewer1-observation-shift-smoke,Reviewer1ObservationShift-v0,Reviewer1ObservationShift-v0,native_gymnasium_observation,same_input_crisp,11011,train,10825,,,10825,97,0.6799999999999999,22,1.0,10825,645,0.001238832267313404,0.03552854433655739,0,1,3,22.440840399998706,21.69474729999638,0.7460931000023265,21.69474729999638,0.7460931000023265,d1991e82fa1ea0337d3d6296e2c904f22359ea22,1.8.0,7cc5bc598cfd6850415c80c2a5f22423f37a7ce8561077a69366f06d0ab14b1d,True,3.14.3,2.11.0+cpu,2.4.3,1.3.0,3.1.0,not-installed,not-installed,0.12129326047359153,0.0,0.066303045,0.051684084199441586,1608.0,0.0,0.0,0.0,0.0,1.0,0.2727272727272727,0.036363636363636376,0.9636363636363634,0.0,0.036363636363636376,0.037500000000000006,0.10028538420029114,0.5326431750047077,0.7272727272727273,0.7272727272727273,0.7272727272727273,0.2727272727272727,6.0,0.2727272727272727,exact,412.99999999999994,366.55,neural,1608.0,6432.0,64320.0,nan,0.0,0.0,nan,,,,,,,,,,,,,,,
reviewer1_observation_shift_smoke,reviewer1_observation_shift_smoke,configs/reviewer1_remaining/smoke/observation_shift.yaml,Reviewer1-observation-shift-smoke,Reviewer1ObservationShift-v0,Reviewer1ObservationShift-v0,native_gymnasium_observation,same_input_crisp,11011,train,10985,,,10985,98,-2.0000000000000013,160,0.0,10985,655,0.0012590474016289715,0.03552854433655739,0,1,3,22.820165299999644,22.074072199997318,0.7460931000023265,22.074072199997318,0.7460931000023265,d1991e82fa1ea0337d3d6296e2c904f22359ea22,1.8.0,7cc5bc598cfd6850415c80c2a5f22423f37a7ce8561077a69366f06d0ab14b1d,True,3.14.3,2.11.0+cpu,2.4.3,1.3.0,3.1.0,not-installed,not-installed,0.12476106194690587,0.0,0.00014252152,0.0008566842624728256,1638.0,1.0,0.0,0.0,0.0,0.0,0.175,0.26062499999999994,0.7393750000000001,0.0,0.26062499999999994,0.0,0.30510933959141384,0.6356064920007054,0.825,0.825,0.825,0.175,28.0,0.175,exact,337.49437500000005,265.3,neural,1638.0,6552.0,65520.0,nan,0.0,0.0,nan,,,,,,,,,,,,,,,
reviewer1_observation_shift_smoke,reviewer1_observation_shift_smoke,configs/reviewer1_remaining/smoke/observation_shift.yaml,Reviewer1-observation-shift-smoke,Reviewer1ObservationShift-v0,Reviewer1ObservationShift-v0,native_gymnasium_observation,same_input_crisp,11011,train,11071,,,11071,99,-0.22000000000000086,86,1.0,11071,660,0.0012501043416787896,0.03552854433655739,0,1,3,22.994023300001572,22.247930199999246,0.7460931000023265,22.247930199999246,0.7460931000023265,d1991e82fa1ea0337d3d6296e2c904f22359ea22,1.8.0,7cc5bc598cfd6850415c80c2a5f22423f37a7ce8561077a69366f06d0ab14b1d,True,3.14.3,2.11.0+cpu,2.4.3,1.3.0,3.1.0,not-installed,not-installed,0.12329387186629856,0.0,0.05013334,0.03622923851926765,1664.0,0.0,0.0,0.0,0.0,1.0,0.3372093023255814,0.03313953488372093,0.9668604651162791,0.0,0.03313953488372093,0.05,0.10970103018972692,0.7250268028006535,0.6627906976744186,0.6627906976744186,0.6627906976744186,0.3372093023255814,29.0,0.3372093023255814,exact,381.52906976744185,514.7,neural,1664.0,6656.0,66560.0,nan,0.0,0.0,nan,,,,,,,,,,,,,,,
reviewer1_observation_shift_smoke,reviewer1_observation_shift_smoke,configs/reviewer1_remaining/smoke/observation_shift.yaml,Reviewer1-observation-shift-smoke,Reviewer1ObservationShift-v0,Reviewer1ObservationShift-v0,native_gymnasium_observation,same_input_crisp,11011,train,11231,,,11231,100,-2.219999999999997,160,0.0,11231,670,0.0012481678396357187,0.03552854433655739,0,1,3,23.345413499999268,22.59932039999694,0.7460931000023265,22.59932039999694,0.7460931000023265,d1991e82fa1ea0337d3d6296e2c904f22359ea22,1.8.0,7cc5bc598cfd6850415c80c2a5f22423f37a7ce8561077a69366f06d0ab14b1d,True,3.14.3,2.11.0+cpu,2.4.3,1.3.0,3.1.0,not-installed,not-installed,0.12653026716266821,0.0,8.864795e-05,0.0027345934444108597,1678.0,1.0,0.0,0.0,0.0,0.0,0.08125,0.25406249999999997,0.7459374999999999,0.0,0.25406249999999997,0.0,0.35974205587487634,0.5594035034417485,0.91875,0.91875,0.91875,0.08125,13.0,0.08125,exact,368.546875,529.6,neural,1678.0,6712.0,67120.0,nan,0.0,0.0,nan,,,,,,,,,,,,,,,
reviewer1_observation_shift_smoke,reviewer1_observation_shift_smoke,configs/reviewer1_remaining/smoke/observation_shift.yaml,Reviewer1-observation-shift-smoke,Reviewer1ObservationShift-v0,Reviewer1ObservationShift-v0,native_gymnasium_observation,same_input_crisp,11011,train,11391,,,11391,101,-2.269999999999999,160,0.0,11391,680,0.0012312957972827623,0.03552854433655739,0,1,3,23.752640200000315,23.006547099997988,0.7460931000023265,23.006547099997988,0.7460931000023265,d1991e82fa1ea0337d3d6296e2c904f22359ea22,1.8.0,7cc5bc598cfd6850415c80c2a5f22423f37a7ce8561077a69366f06d0ab14b1d,True,3.14.3,2.11.0+cpu,2.4.3,1.3.0,3.1.0,not-installed,not-installed,0.12467980295566855,0.0,9.737154e-05,0.0007693592558922109,1704.0,1.0,0.0,0.0,0.0,0.0,0.1125,0.06124999999999999,0.93875,0.0,0.06124999999999999,0.0,0.19596032787538267,0.7941473569668371,0.8875,0.8875,0.8875,0.1125,18.0,0.1125,exact,405.725625,560.1,neural,1704.0,6816.0,68160.0,nan,0.0,0.0,nan,,,,,,,,,,,,,,,
reviewer1_observation_shift_smoke,reviewer1_observation_shift_smoke,configs/reviewer1_remaining/smoke/observation_shift.yaml,Reviewer1-observation-shift-smoke,Reviewer1ObservationShift-v0,Reviewer1ObservationShift-v0,native_gymnasium_observation,same_input_crisp,11011,train,11412,,,11412,102,0.73,21,1.0,11412,682,0.0012460711368502712,0.03552854433655739,0,1,3,23.79372219999641,23.047629099994083,0.7460931000023265,23.047629099994083,0.7460931000023265,d1991e82fa1ea0337d3d6296e2c904f22359ea22,1.8.0,7cc5bc598cfd6850415c80c2a5f22423f37a7ce8561077a69366f06d0ab14b1d,True,3.14.3,2.11.0+cpu,2.4.3,1.3.0,3.1.0,not-installed,not-installed,0.12436191099476794,0.0,0.051733047,0.04241607706426501,1711.0,0.0,0.0,0.0,0.0,1.0,0.2857142857142857,0.035714285714285726,0.9642857142857141,0.0,0.035714285714285726,0.05,0.10516069711851983,0.9273893204154814,0.7142857142857143,0.7142857142857143,0.7142857142857143,0.2857142857142857,6.0,0.2857142857142857,exact,437.8238095238096,558.3,neural,1711.0,6844.0,68440.0,nan,0.0,0.0,nan,,,,,,,,,,,,,,,
reviewer1_observation_shift_smoke,reviewer1_observation_shift_smoke,configs/reviewer1_remaining/smoke/observation_shift.yaml,Reviewer1-observation-shift-smoke,Reviewer1ObservationShift-v0,Reviewer1ObservationShift-v0,native_gymnasium_observation,same_input_crisp,11011,train,11572,,,11572,103,-2.149999999999999,160,0.0,11572,692,0.0012598947179126273,0.03552854433655739,0,1,3,24.13852300000144,23.392429899999115,0.7460931000023265,23.392429899999115,0.7460931000023265,d1991e82fa1ea0337d3d6296e2c904f22359ea22,1.8.0,7cc5bc598cfd6850415c80c2a5f22423f37a7ce8561077a69366f06d0ab14b1d,True,3.14.3,2.11.0+cpu,2.4.3,1.3.0,3.1.0,not-installed,not-installed,0.12767345639720282,0.0,0.00011035913,0.0012607244733638416,1725.0,1.0,0.0,0.0,0.0,0.0,0.08125,0.20906249999999998,0.7909375000000001,0.0,0.20906249999999998,0.0,0.295780133953592,0.6276006371948977,0.91875,0.91875,0.91875,0.08125,13.0,0.08125,exact,387.460625,534.3,neural,1725.0,6900.0,69000.0,nan,0.0,0.0,nan,,,,,,,,,,,,,,,
reviewer1_observation_shift_smoke,reviewer1_observation_shift_smoke,configs/reviewer1_remaining/smoke/observation_shift.yaml,Reviewer1-observation-shift-smoke,Reviewer1ObservationShift-v0,Reviewer1ObservationShift-v0,native_gymnasium_observation,same_input_crisp,11011,train,11587,,,11587,104,0.79,15,1.0,11587,693,0.0012582067971736702,0.03552854433655739,0,1,3,24.164693400001852,23.418600299999525,0.7460931000023265,23.418600299999525,0.7460931000023265,d1991e82fa1ea0337d3d6296e2c904f22359ea22,1.8.0,7cc5bc598cfd6850415c80c2a5f22423f37a7ce8561077a69366f06d0ab14b1d,True,3.14.3,2.11.0+cpu,2.4.3,1.3.0,3.1.0,not-installed,not-installed,0.12742857142857503,0.0,0.050118368,0.0315357514552812,1729.0,0.0,0.0,0.0,0.0,1.0,0.26666666666666666,0.03666666666666666,0.963333333333333,0.0,0.03666666666666666,0.025,0.09718835136198493,0.8002402325816809,0.7333333333333333,0.7333333333333333,0.7333333333333333,0.26666666666666666,4.0,0.26666666666666666,exact,378.18666666666667,507.7,neural,1729.0,6916.0,69160.0,nan,0.0,0.0,nan,,,,,,,,,,,,,,,
reviewer1_observation_shift_smoke,reviewer1_observation_shift_smoke,configs/reviewer1_remaining/smoke/observation_shift.yaml,Reviewer1-observation-shift-smoke,Reviewer1ObservationShift-v0,Reviewer1ObservationShift-v0,native_gymnasium_observation,same_input_crisp,11011,train,11630,,,11630,105,0.3899999999999998,43,1.0,11630,695,0.0012550319329126304,0.03552854433655739,0,1,3,24.238305899998522,23.492212799996196,0.7460931000023265,23.492212799996196,0.7460931000023265,d1991e82fa1ea0337d3d6296e2c904f22359ea22,1.8.0,7cc5bc598cfd6850415c80c2a5f22423f37a7ce8561077a69366f06d0ab14b1d,True,3.14.3,2.11.0+cpu,2.4.3,1.3.0,3.1.0,not-installed,not-installed,0.12686119873817397,0.0,0.05731151,0.03855033213997779,1737.0,0.0,0.0,0.0,0.0,1.0,0.23255813953488372,0.03837209302325582,0.9616279069767444,0.0,0.03837209302325582,0.0,0.14264755462867365,0.7128348502933989,0.7674418604651163,0.7674418604651163,0.7674418604651163,0.23255813953488372,10.0,0.23255813953488372,exact,307.38604651162797,48.5,neural,1737.0,6948.0,69480.0,nan,0.0,0.0,nan,,,,,,,,,,,,,,,
reviewer1_observation_shift_smoke,reviewer1_observation_shift_smoke,configs/reviewer1_remaining/smoke/observation_shift.yaml,Reviewer1-observation-shift-smoke,Reviewer1ObservationShift-v0,Reviewer1ObservationShift-v0,native_gymnasium_observation,same_input_crisp,11011,train,11641,,,11641,106,0.89,11,1.0,11641,696,0.0012534761628437824,0.03552854433655739,0,1,3,24.259059399999387,23.51296629999706,0.7460931000023265,23.51296629999706,0.7460931000023265,d1991e82fa1ea0337d3d6296e2c904f22359ea22,1.8.0,7cc5bc598cfd6850415c80c2a5f22423f37a7ce8561077a69366f06d0ab14b1d,True,3.14.3,2.11.0+cpu,2.4.3,1.3.0,3.1.0,not-installed,not-installed,0.12668450881612456,0.0,0.083212785,0.05542675844515783,1741.0,0.0,0.0,0.0,0.0,1.0,0.45454545454545453,0.02727272727272727,0.9727272727272726,0.0,0.02727272727272727,0.05,0.12506705885418531,0.6030533833914365,0.5454545454545454,0.5454545454545454,0.5454545454545454,0.45454545454545453,5.0,0.45454545454545453,exact,347.8090909090909,520.8,neural,1741.0,6964.0,69640.0,nan,0.0,0.0,nan,,,,,,,,,,,,,,,
reviewer1_observation_shift_smoke,reviewer1_observation_shift_smoke,configs/reviewer1_remaining/smoke/observation_shift.yaml,Reviewer1-observation-shift-smoke,Reviewer1ObservationShift-v0,Reviewer1ObservationShift-v0,native_gymnasium_observation,same_input_crisp,11011,train,11650,,,11650,107,0.92,9,1.0,11650,697,0.0012520094570812412,0.03552854433655739,0,1,3,24.27937219999876,23.533279099996435,0.7460931000023265,23.533279099996435,0.7460931000023265,d1991e82fa1ea0337d3d6296e2c904f22359ea22,1.8.0,7cc5bc598cfd6850415c80c2a5f22423f37a7ce8561077a69366f06d0ab14b1d,True,3.14.3,2.11.0+cpu,2.4.3,1.3.0,3.1.0,not-installed,not-installed,0.12645303173107497,0.0,0.10247376,0.07070610459143867,1746.0,0.0,0.0,0.0,0.0,1.0,0.5555555555555556,0.022222222222222223,0.9777777777777779,0.0,0.022222222222222223,0.05,0.04204308477803435,0.9244245741227011,0.4444444444444444,0.4444444444444444,0.4444444444444444,0.5555555555555556,5.0,0.5555555555555556,support-boundary collapse,669.8666666666667,599.5,neural,1746.0,6984.0,69840.0,nan,0.0,0.0,nan,,,,,,,,,,,,,,,
reviewer1_observation_shift_smoke,reviewer1_observation_shift_smoke,configs/reviewer1_remaining/smoke/observation_shift.yaml,Reviewer1-observation-shift-smoke,Reviewer1ObservationShift-v0,Reviewer1ObservationShift-v0,native_gymnasium_observation,same_input_crisp,11011,train,11810,,,11810,108,-2.1599999999999993,160,0.0,11810,707,0.001282574127126513,0.03552854433655739,0,1,3,24.702418000000762,23.956324899998435,0.7460931000023265,23.956324899998435,0.7460931000023265,d1991e82fa1ea0337d3d6296e2c904f22359ea22,1.8.0,7cc5bc598cfd6850415c80c2a5f22423f37a7ce8561077a69366f06d0ab14b1d,True,3.14.3,2.11.0+cpu,2.4.3,1.3.0,3.1.0,not-installed,not-installed,0.12724211815121284,0.0,0.0001279078,0.0015330236664607548,1747.0,1.0,0.0,0.0,0.0,0.0,0.0,0.17375000000000002,0.8262499999999999,0.0,0.17375000000000002,0.0,0.41119977528581486,0.7851906954249432,1.0,1.0,1.0,0.0,0.0,0.0,exact,374.591875,518.0,neural,1747.0,6988.0,69880.0,nan,0.0,0.0,nan,,,,,,,,,,,,,,,
reviewer1_observation_shift_smoke,reviewer1_observation_shift_smoke,configs/reviewer1_remaining/smoke/observation_shift.yaml,Reviewer1-observation-shift-smoke,Reviewer1ObservationShift-v0,Reviewer1ObservationShift-v0,native_gymnasium_observation,same_input_crisp,11011,train,11970,,,11970,109,-1.9500000000000015,160,0.0,11970,717,0.0012814311720776483,0.03552854433655739,0,1,3,25.010534499997448,24.26444139999512,0.7460931000023265,24.26444139999512,0.7460931000023265,d1991e82fa1ea0337d3d6296e2c904f22359ea22,1.8.0,7cc5bc598cfd6850415c80c2a5f22423f37a7ce8561077a69366f06d0ab14b1d,True,3.14.3,2.11.0+cpu,2.4.3,1.3.0,3.1.0,not-installed,not-installed,0.12900626678603788,0.0,7.4624e-05,0.0010459603282117554,1758.0,1.0,0.0,0.0,0.0,0.0,0.09375,0.1915625,0.8084375000000001,0.0,0.1915625,0.0,0.28286817754889326,0.7113326769397563,0.90625,0.90625,0.90625,0.09375,15.0,0.09375,exact,358.25187500000004,520.3499999999999,neural,1758.0,7032.0,70320.0,nan,0.0,0.0,nan,,,,,,,,,,,,,,,
reviewer1_observation_shift_smoke,reviewer1_observation_shift_smoke,configs/reviewer1_remaining/smoke/observation_shift.yaml,Reviewer1-observation-shift-smoke,Reviewer1ObservationShift-v0,Reviewer1ObservationShift-v0,native_gymnasium_observation,same_input_crisp,11011,eval,12000,12000,-2.9400000000000004,12000,1,-2.9400000000000004,160,0.0,12000,719,0.001278188289978514,0.03552854433655739,0,2,3,25.86221239999577,24.31839019999461,1.5438222000011592,24.31839019999461,1.5438222000011592,d1991e82fa1ea0337d3d6296e2c904f22359ea22,1.8.0,7cc5bc598cfd6850415c80c2a5f22423f37a7ce8561077a69366f06d0ab14b1d,True,3.14.3,2.11.0+cpu,2.4.3,1.3.0,3.1.0,not-installed,not-installed,0.128815320665087,0.0,0.00012876575,0.0005685196132077405,1764.0,1.0,0.0,0.0,0.0,0.0,1.0,0.0,1.0,0.0,0.0,0.0,0.0,0.5978063086665333,0.0,0.5625,0.0,1.0,160.0,1.0,support-boundary collapse,720.078125,644.0,neural,1764.0,7056.0,70560.0,nan,0.0,0.0,nan,nan,nan,1,2,nan,nan,nan,unavailable,unavailable,unavailable,nan,nan,1.0,all_observation_channels,79.5
reviewer1_observation_shift_smoke,reviewer1_observation_shift_smoke,configs/reviewer1_remaining/smoke/observation_shift.yaml,Reviewer1-observation-shift-smoke,Reviewer1ObservationShift-v0,Reviewer1ObservationShift-v0,native_gymnasium_observation,same_input_crisp,11011,eval,12000,12000,-2.94,12000,2,-2.94,160,0.0,12000,719,0.001278188289978514,0.03552854433655739,0,2,3,25.863320899996324,24.319498699995165,1.5438222000011592,24.319498699995165,1.5438222000011592,d1991e82fa1ea0337d3d6296e2c904f22359ea22,1.8.0,7cc5bc598cfd6850415c80c2a5f22423f37a7ce8561077a69366f06d0ab14b1d,True,3.14.3,2.11.0+cpu,2.4.3,1.3.0,3.1.0,not-installed,not-installed,0.128815320665087,0.0,0.00012876575,0.0005685196132077405,1764.0,1.0,0.0,0.0,0.0,0.0,1.0,0.0,1.0,0.0,0.0,0.0,0.0,0.8343926627203964,0.0,0.05,0.0,1.0,160.0,1.0,support-boundary collapse,611.5125,570.5,neural,1764.0,7056.0,70560.0,nan,0.0,0.0,nan,nan,nan,1,1,nan,nan,nan,unavailable,unavailable,unavailable,nan,nan,1.0,all_observation_channels,79.5
reviewer1_observation_shift_smoke,reviewer1_observation_shift_smoke,configs/reviewer1_remaining/smoke/observation_shift.yaml,Reviewer1-observation-shift-smoke,Reviewer1ObservationShift-v0,Reviewer1ObservationShift-v0,native_gymnasium_observation,same_input_crisp,11011,eval,12000,12000,-3.060000000000001,12000,3,-3.060000000000001,160,0.0,12000,719,0.001278188289978514,0.03552854433655739,0,2,3,25.863996599997336,24.320174399996176,1.5438222000011592,24.320174399996176,1.5438222000011592,d1991e82fa1ea0337d3d6296e2c904f22359ea22,1.8.0,7cc5bc598cfd6850415c80c2a5f22423f37a7ce8561077a69366f06d0ab14b1d,True,3.14.3,2.11.0+cpu,2.4.3,1.3.0,3.1.0,not-installed,not-installed,0.128815320665087,0.0,0.00012876575,0.0005685196132077405,1764.0,1.0,0.0,0.0,0.0,0.0,1.0,0.0,1.0,0.0,0.0,0.0,0.0,0.5526972232723848,0.0,0.0,0.0,1.0,160.0,1.0,support-boundary collapse,764.83125,711.15,neural,1764.0,7056.0,70560.0,nan,0.0,0.0,nan,nan,nan,1,3,nan,nan,nan,unavailable,unavailable,unavailable,nan,nan,1.0,all_observation_channels,79.5
reviewer1_observation_shift_smoke,reviewer1_observation_shift_smoke,configs/reviewer1_remaining/smoke/observation_shift.yaml,Reviewer1-observation-shift-smoke,Reviewer1ObservationShift-v0,Reviewer1ObservationShift-v0,native_gymnasium_observation,same_input_crisp,11011,eval,12000,12000,-1.0300000000000007,12000,4,-1.0300000000000007,109,1.0,12000,719,0.001278188289978514,0.03552854433655739,0,2,3,25.86444620000111,24.320623999999953,1.5438222000011592,24.320623999999953,1.5438222000011592,d1991e82fa1ea0337d3d6296e2c904f22359ea22,1.8.0,7cc5bc598cfd6850415c80c2a5f22423f37a7ce8561077a69366f06d0ab14b1d,True,3.14.3,2.11.0+cpu,2.4.3,1.3.0,3.1.0,not-installed,not-installed,0.128815320665087,0.0,0.00012876575,0.0005685196132077405,1764.0,0.0,0.0,0.0,0.0,1.0,1.0,0.0,1.0,0.0,0.0,0.0,0.0,0.7710156004225073,0.0,0.3394495412844037,0.0,1.0,109.0,1.0,support-boundary collapse,586.7568807339449,558.5,neural,1764.0,7056.0,70560.0,nan,0.0,0.0,nan,nan,nan,1,2,nan,nan,nan,unavailable,unavailable,unavailable,nan,nan,1.0,all_observation_channels,54.0
reviewer1_observation_shift_smoke,reviewer1_observation_shift_smoke,configs/reviewer1_remaining/smoke/observation_shift.yaml,Reviewer1-observation-shift-smoke,Reviewer1ObservationShift-v0,Reviewer1ObservationShift-v0,native_gymnasium_observation,same_input_crisp,11011,train,12010,,,12010,110,0.4299999999999998,40,1.0,12010,719,0.001278188289978514,0.03552854433655739,0,2,3,25.87999370000034,24.336171499999182,1.5438222000011592,24.336171499999182,1.5438222000011592,d1991e82fa1ea0337d3d6296e2c904f22359ea22,1.8.0,7cc5bc598cfd6850415c80c2a5f22423f37a7ce8561077a69366f06d0ab14b1d,True,3.14.3,2.11.0+cpu,2.4.3,1.3.0,3.1.0,not-installed,not-installed,0.1286010669828136,0.0,0.05031129,0.032291829334679965,1771.0,0.0,0.0,0.0,0.0,1.0,0.425,0.051250000000000004,0.9487500000000001,0.0,0.051250000000000004,0.05,0.13431039894101876,0.6018338236057704,0.575,0.575,0.575,0.425,17.0,0.425,exact,367.0375,529.4,neural,1771.0,7084.0,70840.0,nan,0.0,0.0,nan,,,,,,,,,,,,,,,
reviewer1_observation_shift_smoke,reviewer1_observation_shift_smoke,configs/reviewer1_remaining/smoke/observation_shift.yaml,Reviewer1-observation-shift-smoke,Reviewer1ObservationShift-v0,Reviewer1ObservationShift-v0,native_gymnasium_observation,same_input_crisp,11011,eval,12020,12020,-3.0300000000000016,12020,1,-3.0300000000000016,160,0.0,12020,720,0.0012764707518802727,0.03552854433655739,0,3,3,26.812711099999433,24.358939399993687,2.4537717000057455,24.358939399993687,2.4537717000057455,d1991e82fa1ea0337d3d6296e2c904f22359ea22,1.8.0,7cc5bc598cfd6850415c80c2a5f22423f37a7ce8561077a69366f06d0ab14b1d,True,3.14.3,2.11.0+cpu,2.4.3,1.3.0,3.1.0,not-installed,not-installed,0.12844036697248093,0.0,0.030177088,0.019398866382755637,1778.0,1.0,0.0,0.0,0.0,0.0,1.0,0.0,1.0,0.0,0.0,0.0,0.0,0.7563122881321055,0.0,0.0,0.0,1.0,160.0,1.0,support-boundary collapse,700.1956250000001,645.05,neural,1778.0,7112.0,71120.0,nan,0.0,0.0,nan,nan,nan,3,1,nan,nan,nan,unavailable,unavailable,unavailable,nan,nan,1.0,all_observation_channels,99.5
reviewer1_observation_shift_smoke,reviewer1_observation_shift_smoke,configs/reviewer1_remaining/smoke/observation_shift.yaml,Reviewer1-observation-shift-smoke,Reviewer1ObservationShift-v0,Reviewer1ObservationShift-v0,native_gymnasium_observation,same_input_crisp,11011,eval,12020,12020,0.6099999999999999,12020,2,0.6099999999999999,40,1.0,12020,720,0.0012764707518802727,0.03552854433655739,0,3,3,26.813819199996942,24.360047499991197,2.4537717000057455,24.360047499991197,2.4537717000057455,d1991e82fa1ea0337d3d6296e2c904f22359ea22,1.8.0,7cc5bc598cfd6850415c80c2a5f22423f37a7ce8561077a69366f06d0ab14b1d,True,3.14.3,2.11.0+cpu,2.4.3,1.3.0,3.1.0,not-installed,not-installed,0.12844036697248093,0.0,0.030177088,0.019398866382755637,1778.0,0.0,0.0,0.0,0.0,1.0,1.0,0.0,1.0,0.0,0.0,0.0,0.0,0.8985741541665293,0.0,0.425,0.0,1.0,40.0,1.0,support-boundary collapse,566.75,535.1,neural,1778.0,7112.0,71120.0,nan,0.0,0.0,nan,nan,nan,2,1,nan,nan,nan,unavailable,unavailable,unavailable,nan,nan,1.0,all_observation_channels,39.5
reviewer1_observation_shift_smoke,reviewer1_observation_shift_smoke,configs/reviewer1_remaining/smoke/observation_shift.yaml,Reviewer1-observation-shift-smoke,Reviewer1ObservationShift-v0,Reviewer1ObservationShift-v0,native_gymnasium_observation,same_input_crisp,11011,eval,12020,12020,-1.6000000000000012,12020,3,-1.6000000000000012,160,0.0,12020,720,0.0012764707518802727,0.03552854433655739,0,3,3,26.814599199999066,24.36082749999332,2.4537717000057455,24.36082749999332,2.4537717000057455,d1991e82fa1ea0337d3d6296e2c904f22359ea22,1.8.0,7cc5bc598cfd6850415c80c2a5f22423f37a7ce8561077a69366f06d0ab14b1d,True,3.14.3,2.11.0+cpu,2.4.3,1.3.0,3.1.0,not-installed,not-installed,0.12844036697248093,0.0,0.030177088,0.019398866382755637,1778.0,1.0,0.0,0.0,0.0,0.0,1.0,0.0,1.0,0.0,0.0,0.0,0.0,0.8535008942394722,0.0,0.0,0.0,1.0,160.0,1.0,support-boundary collapse,731.6650000000001,694.3,neural,1778.0,7112.0,71120.0,nan,0.0,0.0,nan,nan,nan,3,3,nan,nan,nan,unavailable,unavailable,unavailable,nan,nan,1.0,all_observation_channels,99.5
reviewer1_observation_shift_smoke,reviewer1_observation_shift_smoke,configs/reviewer1_remaining/smoke/observation_shift.yaml,Reviewer1-observation-shift-smoke,Reviewer1ObservationShift-v0,Reviewer1ObservationShift-v0,native_gymnasium_observation,same_input_crisp,11011,eval,12020,12020,-2.6799999999999935,12020,4,-2.6799999999999935,160,0.0,12020,720,0.0012764707518802727,0.03552854433655739,0,3,3,26.81527020000067,24.361498499994923,2.4537717000057455,24.361498499994923,2.4537717000057455,d1991e82fa1ea0337d3d6296e2c904f22359ea22,1.8.0,7cc5bc598cfd6850415c80c2a5f22423f37a7ce8561077a69366f06d0ab14b1d,True,3.14.3,2.11.0+cpu,2.4.3,1.3.0,3.1.0,not-installed,not-installed,0.12844036697248093,0.0,0.030177088,0.019398866382755637,1778.0,1.0,0.0,0.0,0.0,0.0,1.0,0.0,1.0,0.0,0.0,0.0,0.0,0.6248031266005526,0.0,0.51875,0.0,1.0,160.0,1.0,support-boundary collapse,765.0375,710.05,neural,1778.0,7112.0,71120.0,nan,0.0,0.0,nan,nan,nan,3,2,nan,nan,nan,unavailable,unavailable,unavailable,nan,nan,1.0,all_observation_channels,99.5
reviewer1_observation_shift_smoke,reviewer1_observation_shift_smoke,configs/reviewer1_remaining/smoke/observation_shift.yaml,Reviewer1-observation-shift-smoke,Reviewer1ObservationShift-v0,Reviewer1ObservationShift-v0,native_gymnasium_observation,same_input_crisp,11011,train,12020,,,12020,111,-0.11,10,0.0,12020,720,0.0012764707518802727,0.03552854433655739,0,3,3,26.81759040000179,24.363818699996045,2.4537717000057455,24.363818699996045,2.4537717000057455,d1991e82fa1ea0337d3d6296e2c904f22359ea22,1.8.0,7cc5bc598cfd6850415c80c2a5f22423f37a7ce8561077a69366f06d0ab14b1d,True,3.14.3,2.11.0+cpu,2.4.3,1.3.0,3.1.0,not-installed,not-installed,0.12844036697248093,0.0,0.030177088,0.019398866382755637,1778.0,1.0,0.0,0.0,0.0,0.0,0.7,0.015000000000000003,0.985,0.0,0.015000000000000003,0.037500000000000006,0.014631172649785796,0.4509798327841888,0.3,0.3,0.3,0.7,7.0,0.7,support-boundary collapse,427.37,204.75,neural,1778.0,7112.0,71120.0,nan,0.0,0.0,nan,,,,,,,,,,,,,,,
