environment,agent,beta,lambda,epsilon,scope,target_type,target_definition,positive_class,score_definition,aggregation_level,n_rows,n_seeds,n_positive,n_negative,auroc,auroc_ci_low,auroc_ci_high,auroc_available_seed_count,average_precision,average_precision_ci_low,average_precision_ci_high,average_precision_available_seed_count,balanced_accuracy_0_5,balanced_accuracy_0_5_ci_low,balanced_accuracy_0_5_ci_high,balanced_accuracy_0_5_available_seed_count,brier_score,brier_score_ci_low,brier_score_ci_high,brier_score_available_seed_count,auroc_availability,source_file
ReliabilityShift-boundary-020-calibration-development,rel_b002_l10_e1e4,0.02,10.0,0.0001,pre_shift_all,action_correctness,Evaluation rows where exactly one branch greedy action equals the analytic optimal action; target=1 means tabular is correct and neural is incorrect. Ties are excluded.,tabular_better,neural residual error divided by tabular plus neural residual error plus epsilon; higher predicts tabular,mean_of_seed_metrics,512,5,512,0,,,,0,1.0,1.0,1.0,5,,,,0,0.22081258193652403,0.21732171858015933,0.22417900088083176,5,not_available_single_class,results/reviewer1_remaining/reliability_calibration/development/raw_parts/ReliabilityShift-boundary-020-calibration-development__rel_b002_l10_e1e4.csv.gz
ReliabilityShift-boundary-020-calibration-development,rel_b002_l10_e1e8,0.02,10.0,1e-08,pre_shift_all,action_correctness,Evaluation rows where exactly one branch greedy action equals the analytic optimal action; target=1 means tabular is correct and neural is incorrect. Ties are excluded.,tabular_better,neural residual error divided by tabular plus neural residual error plus epsilon; higher predicts tabular,mean_of_seed_metrics,512,5,512,0,,,,0,1.0,1.0,1.0,5,,,,0,0.2207852725121778,0.21729439717977472,0.22417535595456778,5,not_available_single_class,results/reviewer1_remaining/reliability_calibration/development/raw_parts/ReliabilityShift-boundary-020-calibration-development__rel_b002_l10_e1e8.csv.gz
ReliabilityShift-boundary-020-calibration-development,rel_b002_l1_e1e4,0.02,1.0,0.0001,pre_shift_all,action_correctness,Evaluation rows where exactly one branch greedy action equals the analytic optimal action; target=1 means tabular is correct and neural is incorrect. Ties are excluded.,tabular_better,neural residual error divided by tabular plus neural residual error plus epsilon; higher predicts tabular,mean_of_seed_metrics,512,5,512,0,,,,0,1.0,1.0,1.0,5,,,,0,0.22798617242614622,0.22579704413574123,0.23012960689537554,5,not_available_single_class,results/reviewer1_remaining/reliability_calibration/development/raw_parts/ReliabilityShift-boundary-020-calibration-development__rel_b002_l1_e1e4.csv.gz
ReliabilityShift-boundary-020-calibration-development,rel_b002_l1_e1e8,0.02,1.0,1e-08,pre_shift_all,action_correctness,Evaluation rows where exactly one branch greedy action equals the analytic optimal action; target=1 means tabular is correct and neural is incorrect. Ties are excluded.,tabular_better,neural residual error divided by tabular plus neural residual error plus epsilon; higher predicts tabular,mean_of_seed_metrics,512,5,512,0,,,,0,1.0,1.0,1.0,5,,,,0,0.22796026839696143,0.22577119664466694,0.23005997068751055,5,not_available_single_class,results/reviewer1_remaining/reliability_calibration/development/raw_parts/ReliabilityShift-boundary-020-calibration-development__rel_b002_l1_e1e8.csv.gz
ReliabilityShift-boundary-020-calibration-development,rel_b002_l20_e1e6,0.02,20.0,1e-06,pre_shift_all,action_correctness,Evaluation rows where exactly one branch greedy action equals the analytic optimal action; target=1 means tabular is correct and neural is incorrect. Ties are excluded.,tabular_better,neural residual error divided by tabular plus neural residual error plus epsilon; higher predicts tabular,mean_of_seed_metrics,512,5,512,0,,,,0,1.0,1.0,1.0,5,,,,0,0.21818528229495637,0.21401849088133953,0.22205645917141256,5,not_available_single_class,results/reviewer1_remaining/reliability_calibration/development/raw_parts/ReliabilityShift-boundary-020-calibration-development__rel_b002_l20_e1e6.csv.gz
ReliabilityShift-boundary-020-calibration-development,rel_b002_l5_e1e6,0.02,5.0,1e-06,pre_shift_all,action_correctness,Evaluation rows where exactly one branch greedy action equals the analytic optimal action; target=1 means tabular is correct and neural is incorrect. Ties are excluded.,tabular_better,neural residual error divided by tabular plus neural residual error plus epsilon; higher predicts tabular,mean_of_seed_metrics,512,5,512,0,,,,0,1.0,1.0,1.0,5,,,,0,0.22349906851233592,0.22051579675459862,0.2265252003819528,5,not_available_single_class,results/reviewer1_remaining/reliability_calibration/development/raw_parts/ReliabilityShift-boundary-020-calibration-development__rel_b002_l5_e1e6.csv.gz
ReliabilityShift-boundary-020-calibration-development,rel_b005_l10_e1e6,0.05,10.0,1e-06,pre_shift_all,action_correctness,Evaluation rows where exactly one branch greedy action equals the analytic optimal action; target=1 means tabular is correct and neural is incorrect. Ties are excluded.,tabular_better,neural residual error divided by tabular plus neural residual error plus epsilon; higher predicts tabular,mean_of_seed_metrics,512,5,512,0,,,,0,1.0,1.0,1.0,5,,,,0,0.20440287834160492,0.19909572241529036,0.20856415038954798,5,not_available_single_class,results/reviewer1_remaining/reliability_calibration/development/raw_parts/ReliabilityShift-boundary-020-calibration-development__rel_b005_l10_e1e6.csv.gz
ReliabilityShift-boundary-020-calibration-development,rel_b005_l1_e1e6,0.05,1.0,1e-06,pre_shift_all,action_correctness,Evaluation rows where exactly one branch greedy action equals the analytic optimal action; target=1 means tabular is correct and neural is incorrect. Ties are excluded.,tabular_better,neural residual error divided by tabular plus neural residual error plus epsilon; higher predicts tabular,mean_of_seed_metrics,512,5,512,0,,,,0,1.0,1.0,1.0,5,,,,0,0.20772870795430545,0.20402609593515372,0.21128727883455353,5,not_available_single_class,results/reviewer1_remaining/reliability_calibration/development/raw_parts/ReliabilityShift-boundary-020-calibration-development__rel_b005_l1_e1e6.csv.gz
ReliabilityShift-boundary-020-calibration-development,rel_b005_l20_e1e4,0.05,20.0,0.0001,pre_shift_all,action_correctness,Evaluation rows where exactly one branch greedy action equals the analytic optimal action; target=1 means tabular is correct and neural is incorrect. Ties are excluded.,tabular_better,neural residual error divided by tabular plus neural residual error plus epsilon; higher predicts tabular,mean_of_seed_metrics,512,5,512,0,,,,0,1.0,1.0,1.0,5,,,,0,0.20419939172309878,0.19877562471783713,0.2090694383995372,5,not_available_single_class,results/reviewer1_remaining/reliability_calibration/development/raw_parts/ReliabilityShift-boundary-020-calibration-development__rel_b005_l20_e1e4.csv.gz
ReliabilityShift-boundary-020-calibration-development,rel_b005_l20_e1e8,0.05,20.0,1e-08,pre_shift_all,action_correctness,Evaluation rows where exactly one branch greedy action equals the analytic optimal action; target=1 means tabular is correct and neural is incorrect. Ties are excluded.,tabular_better,neural residual error divided by tabular plus neural residual error plus epsilon; higher predicts tabular,mean_of_seed_metrics,512,5,512,0,,,,0,1.0,1.0,1.0,5,,,,0,0.20417047553438014,0.19848786732827098,0.20904027691401125,5,not_available_single_class,results/reviewer1_remaining/reliability_calibration/development/raw_parts/ReliabilityShift-boundary-020-calibration-development__rel_b005_l20_e1e8.csv.gz
ReliabilityShift-boundary-020-calibration-development,rel_b005_l5_e1e4,0.05,5.0,0.0001,pre_shift_all,action_correctness,Evaluation rows where exactly one branch greedy action equals the analytic optimal action; target=1 means tabular is correct and neural is incorrect. Ties are excluded.,tabular_better,neural residual error divided by tabular plus neural residual error plus epsilon; higher predicts tabular,mean_of_seed_metrics,512,5,512,0,,,,0,1.0,1.0,1.0,5,,,,0,0.20538237474781157,0.20115903261982723,0.20956387528630965,5,not_available_single_class,results/reviewer1_remaining/reliability_calibration/development/raw_parts/ReliabilityShift-boundary-020-calibration-development__rel_b005_l5_e1e4.csv.gz
ReliabilityShift-boundary-020-calibration-development,rel_b005_l5_e1e8,0.05,5.0,1e-08,pre_shift_all,action_correctness,Evaluation rows where exactly one branch greedy action equals the analytic optimal action; target=1 means tabular is correct and neural is incorrect. Ties are excluded.,tabular_better,neural residual error divided by tabular plus neural residual error plus epsilon; higher predicts tabular,mean_of_seed_metrics,512,5,512,0,,,,0,1.0,1.0,1.0,5,,,,0,0.2053552439904089,0.20070999270857753,0.20930948482128492,5,not_available_single_class,results/reviewer1_remaining/reliability_calibration/development/raw_parts/ReliabilityShift-boundary-020-calibration-development__rel_b005_l5_e1e8.csv.gz
ReliabilityShift-boundary-020-calibration-development,rel_b010_l10_e1e4,0.1,10.0,0.0001,pre_shift_all,action_correctness,Evaluation rows where exactly one branch greedy action equals the analytic optimal action; target=1 means tabular is correct and neural is incorrect. Ties are excluded.,tabular_better,neural residual error divided by tabular plus neural residual error plus epsilon; higher predicts tabular,mean_of_seed_metrics,512,5,512,0,,,,0,1.0,1.0,1.0,5,,,,0,0.1901212429474791,0.18437373202763213,0.19501537321125767,5,not_available_single_class,results/reviewer1_remaining/reliability_calibration/development/raw_parts/ReliabilityShift-boundary-020-calibration-development__rel_b010_l10_e1e4.csv.gz
ReliabilityShift-boundary-020-calibration-development,rel_b010_l10_e1e8,0.1,10.0,1e-08,pre_shift_all,action_correctness,Evaluation rows where exactly one branch greedy action equals the analytic optimal action; target=1 means tabular is correct and neural is incorrect. Ties are excluded.,tabular_better,neural residual error divided by tabular plus neural residual error plus epsilon; higher predicts tabular,mean_of_seed_metrics,512,5,512,0,,,,0,1.0,1.0,1.0,5,,,,0,0.19009318448790755,0.18434553274550444,0.19498749862070747,5,not_available_single_class,results/reviewer1_remaining/reliability_calibration/development/raw_parts/ReliabilityShift-boundary-020-calibration-development__rel_b010_l10_e1e8.csv.gz
ReliabilityShift-boundary-020-calibration-development,rel_b010_l1_e1e4,0.1,1.0,0.0001,pre_shift_all,action_correctness,Evaluation rows where exactly one branch greedy action equals the analytic optimal action; target=1 means tabular is correct and neural is incorrect. Ties are excluded.,tabular_better,neural residual error divided by tabular plus neural residual error plus epsilon; higher predicts tabular,mean_of_seed_metrics,512,5,512,0,,,,0,1.0,1.0,1.0,5,,,,0,0.18867178705448712,0.1830512698231718,0.19429230428580238,5,not_available_single_class,results/reviewer1_remaining/reliability_calibration/development/raw_parts/ReliabilityShift-boundary-020-calibration-development__rel_b010_l1_e1e4.csv.gz
ReliabilityShift-boundary-020-calibration-development,rel_b010_l1_e1e8,0.1,1.0,1e-08,pre_shift_all,action_correctness,Evaluation rows where exactly one branch greedy action equals the analytic optimal action; target=1 means tabular is correct and neural is incorrect. Ties are excluded.,tabular_better,neural residual error divided by tabular plus neural residual error plus epsilon; higher predicts tabular,mean_of_seed_metrics,512,5,512,0,,,,0,1.0,1.0,1.0,5,,,,0,0.18864542388344482,0.18302492393362088,0.19426592383326874,5,not_available_single_class,results/reviewer1_remaining/reliability_calibration/development/raw_parts/ReliabilityShift-boundary-020-calibration-development__rel_b010_l1_e1e8.csv.gz
ReliabilityShift-boundary-020-calibration-development,rel_b010_l20_e1e6,0.1,20.0,1e-06,pre_shift_all,action_correctness,Evaluation rows where exactly one branch greedy action equals the analytic optimal action; target=1 means tabular is correct and neural is incorrect. Ties are excluded.,tabular_better,neural residual error divided by tabular plus neural residual error plus epsilon; higher predicts tabular,mean_of_seed_metrics,512,5,512,0,,,,0,1.0,1.0,1.0,5,,,,0,0.19247805900705622,0.18632359686485717,0.19730055164053462,5,not_available_single_class,results/reviewer1_remaining/reliability_calibration/development/raw_parts/ReliabilityShift-boundary-020-calibration-development__rel_b010_l20_e1e6.csv.gz
ReliabilityShift-boundary-020-calibration-development,rel_b010_l5_e1e6,0.1,5.0,1e-06,pre_shift_all,action_correctness,Evaluation rows where exactly one branch greedy action equals the analytic optimal action; target=1 means tabular is correct and neural is incorrect. Ties are excluded.,tabular_better,neural residual error divided by tabular plus neural residual error plus epsilon; higher predicts tabular,mean_of_seed_metrics,512,5,512,0,,,,0,1.0,1.0,1.0,5,,,,0,0.18894381331763624,0.18330591261689563,0.19393147650606493,5,not_available_single_class,results/reviewer1_remaining/reliability_calibration/development/raw_parts/ReliabilityShift-boundary-020-calibration-development__rel_b010_l5_e1e6.csv.gz
ReliabilityShift-boundary-020-calibration-development,rel_b020_l10_e1e6,0.2,10.0,1e-06,pre_shift_all,action_correctness,Evaluation rows where exactly one branch greedy action equals the analytic optimal action; target=1 means tabular is correct and neural is incorrect. Ties are excluded.,tabular_better,neural residual error divided by tabular plus neural residual error plus epsilon; higher predicts tabular,mean_of_seed_metrics,512,5,512,0,,,,0,1.0,1.0,1.0,5,,,,0,0.17877037554796643,0.17306101756888032,0.18447973352705255,5,not_available_single_class,results/reviewer1_remaining/reliability_calibration/development/raw_parts/ReliabilityShift-boundary-020-calibration-development__rel_b020_l10_e1e6.csv.gz
ReliabilityShift-boundary-020-calibration-development,rel_b020_l1_e1e6,0.2,1.0,1e-06,pre_shift_all,action_correctness,Evaluation rows where exactly one branch greedy action equals the analytic optimal action; target=1 means tabular is correct and neural is incorrect. Ties are excluded.,tabular_better,neural residual error divided by tabular plus neural residual error plus epsilon; higher predicts tabular,mean_of_seed_metrics,512,5,512,0,,,,0,1.0,1.0,1.0,5,,,,0,0.17252820429970042,0.16518194047300758,0.17987446812639327,5,not_available_single_class,results/reviewer1_remaining/reliability_calibration/development/raw_parts/ReliabilityShift-boundary-020-calibration-development__rel_b020_l1_e1e6.csv.gz
ReliabilityShift-boundary-020-calibration-development,rel_b020_l20_e1e4,0.2,20.0,0.0001,pre_shift_all,action_correctness,Evaluation rows where exactly one branch greedy action equals the analytic optimal action; target=1 means tabular is correct and neural is incorrect. Ties are excluded.,tabular_better,neural residual error divided by tabular plus neural residual error plus epsilon; higher predicts tabular,mean_of_seed_metrics,512,5,512,0,,,,0,1.0,1.0,1.0,5,,,,0,0.18369609571204876,0.17675903192958256,0.19011661193640664,5,not_available_single_class,results/reviewer1_remaining/reliability_calibration/development/raw_parts/ReliabilityShift-boundary-020-calibration-development__rel_b020_l20_e1e4.csv.gz
ReliabilityShift-boundary-020-calibration-development,rel_b020_l20_e1e8,0.2,20.0,1e-08,pre_shift_all,action_correctness,Evaluation rows where exactly one branch greedy action equals the analytic optimal action; target=1 means tabular is correct and neural is incorrect. Ties are excluded.,tabular_better,neural residual error divided by tabular plus neural residual error plus epsilon; higher predicts tabular,mean_of_seed_metrics,512,5,512,0,,,,0,1.0,1.0,1.0,5,,,,0,0.1836667484020648,0.17673003703930876,0.1903302894293335,5,not_available_single_class,results/reviewer1_remaining/reliability_calibration/development/raw_parts/ReliabilityShift-boundary-020-calibration-development__rel_b020_l20_e1e8.csv.gz
ReliabilityShift-boundary-020-calibration-development,rel_b020_l5_e1e4,0.2,5.0,0.0001,pre_shift_all,action_correctness,Evaluation rows where exactly one branch greedy action equals the analytic optimal action; target=1 means tabular is correct and neural is incorrect. Ties are excluded.,tabular_better,neural residual error divided by tabular plus neural residual error plus epsilon; higher predicts tabular,mean_of_seed_metrics,512,5,512,0,,,,0,1.0,1.0,1.0,5,,,,0,0.17554297548312625,0.1689547035880577,0.18147278871343472,5,not_available_single_class,results/reviewer1_remaining/reliability_calibration/development/raw_parts/ReliabilityShift-boundary-020-calibration-development__rel_b020_l5_e1e4.csv.gz
ReliabilityShift-boundary-020-calibration-development,rel_b020_l5_e1e8,0.2,5.0,1e-08,pre_shift_all,action_correctness,Evaluation rows where exactly one branch greedy action equals the analytic optimal action; target=1 means tabular is correct and neural is incorrect. Ties are excluded.,tabular_better,neural residual error divided by tabular plus neural residual error plus epsilon; higher predicts tabular,mean_of_seed_metrics,512,5,512,0,,,,0,1.0,1.0,1.0,5,,,,0,0.17551569233483016,0.16890780625630883,0.18144553611490216,5,not_available_single_class,results/reviewer1_remaining/reliability_calibration/development/raw_parts/ReliabilityShift-boundary-020-calibration-development__rel_b020_l5_e1e8.csv.gz
ReliabilityShift-boundary-030-calibration-development,rel_b002_l10_e1e4,0.02,10.0,0.0001,pre_shift_all,action_correctness,Evaluation rows where exactly one branch greedy action equals the analytic optimal action; target=1 means tabular is correct and neural is incorrect. Ties are excluded.,tabular_better,neural residual error divided by tabular plus neural residual error plus epsilon; higher predicts tabular,mean_of_seed_metrics,512,5,512,0,,,,0,1.0,1.0,1.0,5,,,,0,0.22081258193652403,0.21718220014527093,0.2239259577724227,5,not_available_single_class,results/reviewer1_remaining/reliability_calibration/development/raw_parts/ReliabilityShift-boundary-030-calibration-development__rel_b002_l10_e1e4.csv.gz
ReliabilityShift-boundary-030-calibration-development,rel_b002_l10_e1e8,0.02,10.0,1e-08,pre_shift_all,action_correctness,Evaluation rows where exactly one branch greedy action equals the analytic optimal action; target=1 means tabular is correct and neural is incorrect. Ties are excluded.,tabular_better,neural residual error divided by tabular plus neural residual error plus epsilon; higher predicts tabular,mean_of_seed_metrics,512,5,512,0,,,,0,1.0,1.0,1.0,5,,,,0,0.2207852725121778,0.21753455308865194,0.2242910794447126,5,not_available_single_class,results/reviewer1_remaining/reliability_calibration/development/raw_parts/ReliabilityShift-boundary-030-calibration-development__rel_b002_l10_e1e8.csv.gz
ReliabilityShift-boundary-030-calibration-development,rel_b002_l1_e1e4,0.02,1.0,0.0001,pre_shift_all,action_correctness,Evaluation rows where exactly one branch greedy action equals the analytic optimal action; target=1 means tabular is correct and neural is incorrect. Ties are excluded.,tabular_better,neural residual error divided by tabular plus neural residual error plus epsilon; higher predicts tabular,mean_of_seed_metrics,512,5,512,0,,,,0,1.0,1.0,1.0,5,,,,0,0.22798617242614622,0.2256762766523726,0.2300857918468083,5,not_available_single_class,results/reviewer1_remaining/reliability_calibration/development/raw_parts/ReliabilityShift-boundary-030-calibration-development__rel_b002_l1_e1e4.csv.gz
ReliabilityShift-boundary-030-calibration-development,rel_b002_l1_e1e8,0.02,1.0,1e-08,pre_shift_all,action_correctness,Evaluation rows where exactly one branch greedy action equals the analytic optimal action; target=1 means tabular is correct and neural is incorrect. Ties are excluded.,tabular_better,neural residual error divided by tabular plus neural residual error plus epsilon; higher predicts tabular,mean_of_seed_metrics,512,5,512,0,,,,0,1.0,1.0,1.0,5,,,,0,0.22796026839696143,0.22577119664466694,0.22995002055173436,5,not_available_single_class,results/reviewer1_remaining/reliability_calibration/development/raw_parts/ReliabilityShift-boundary-030-calibration-development__rel_b002_l1_e1e8.csv.gz
ReliabilityShift-boundary-030-calibration-development,rel_b002_l20_e1e6,0.02,20.0,1e-06,pre_shift_all,action_correctness,Evaluation rows where exactly one branch greedy action equals the analytic optimal action; target=1 means tabular is correct and neural is incorrect. Ties are excluded.,tabular_better,neural residual error divided by tabular plus neural residual error plus epsilon; higher predicts tabular,mean_of_seed_metrics,512,5,512,0,,,,0,1.0,1.0,1.0,5,,,,0,0.21818528229495637,0.21453567242832672,0.22205645917141262,5,not_available_single_class,results/reviewer1_remaining/reliability_calibration/development/raw_parts/ReliabilityShift-boundary-030-calibration-development__rel_b002_l20_e1e6.csv.gz
ReliabilityShift-boundary-030-calibration-development,rel_b002_l5_e1e6,0.02,5.0,1e-06,pre_shift_all,action_correctness,Evaluation rows where exactly one branch greedy action equals the analytic optimal action; target=1 means tabular is correct and neural is incorrect. Ties are excluded.,tabular_better,neural residual error divided by tabular plus neural residual error plus epsilon; higher predicts tabular,mean_of_seed_metrics,512,5,512,0,,,,0,1.0,1.0,1.0,5,,,,0,0.22349906851233592,0.22051579675459868,0.22622614139950054,5,not_available_single_class,results/reviewer1_remaining/reliability_calibration/development/raw_parts/ReliabilityShift-boundary-030-calibration-development__rel_b002_l5_e1e6.csv.gz
ReliabilityShift-boundary-030-calibration-development,rel_b005_l10_e1e6,0.05,10.0,1e-06,pre_shift_all,action_correctness,Evaluation rows where exactly one branch greedy action equals the analytic optimal action; target=1 means tabular is correct and neural is incorrect. Ties are excluded.,tabular_better,neural residual error divided by tabular plus neural residual error plus epsilon; higher predicts tabular,mean_of_seed_metrics,512,5,512,0,,,,0,1.0,1.0,1.0,5,,,,0,0.20440287834160492,0.19909605371266104,0.2088918667983143,5,not_available_single_class,results/reviewer1_remaining/reliability_calibration/development/raw_parts/ReliabilityShift-boundary-030-calibration-development__rel_b005_l10_e1e6.csv.gz
ReliabilityShift-boundary-030-calibration-development,rel_b005_l1_e1e6,0.05,1.0,1e-06,pre_shift_all,action_correctness,Evaluation rows where exactly one branch greedy action equals the analytic optimal action; target=1 means tabular is correct and neural is incorrect. Ties are excluded.,tabular_better,neural residual error divided by tabular plus neural residual error plus epsilon; higher predicts tabular,mean_of_seed_metrics,512,5,512,0,,,,0,1.0,1.0,1.0,5,,,,0,0.20772870795430545,0.20353231526908502,0.21143131997345713,5,not_available_single_class,results/reviewer1_remaining/reliability_calibration/development/raw_parts/ReliabilityShift-boundary-030-calibration-development__rel_b005_l1_e1e6.csv.gz
ReliabilityShift-boundary-030-calibration-development,rel_b005_l20_e1e4,0.05,20.0,0.0001,pre_shift_all,action_correctness,Evaluation rows where exactly one branch greedy action equals the analytic optimal action; target=1 means tabular is correct and neural is incorrect. Ties are excluded.,tabular_better,neural residual error divided by tabular plus neural residual error plus epsilon; higher predicts tabular,mean_of_seed_metrics,512,5,512,0,,,,0,1.0,1.0,1.0,5,,,,0,0.20419939172309878,0.1982246164167792,0.20906943839953723,5,not_available_single_class,results/reviewer1_remaining/reliability_calibration/development/raw_parts/ReliabilityShift-boundary-030-calibration-development__rel_b005_l20_e1e4.csv.gz
ReliabilityShift-boundary-030-calibration-development,rel_b005_l20_e1e8,0.05,20.0,1e-08,pre_shift_all,action_correctness,Evaluation rows where exactly one branch greedy action equals the analytic optimal action; target=1 means tabular is correct and neural is incorrect. Ties are excluded.,tabular_better,neural residual error divided by tabular plus neural residual error plus epsilon; higher predicts tabular,mean_of_seed_metrics,512,5,512,0,,,,0,1.0,1.0,1.0,5,,,,0,0.20417047553438014,0.19874706258426683,0.20904027691401125,5,not_available_single_class,results/reviewer1_remaining/reliability_calibration/development/raw_parts/ReliabilityShift-boundary-030-calibration-development__rel_b005_l20_e1e8.csv.gz
ReliabilityShift-boundary-030-calibration-development,rel_b005_l5_e1e4,0.05,5.0,0.0001,pre_shift_all,action_correctness,Evaluation rows where exactly one branch greedy action equals the analytic optimal action; target=1 means tabular is correct and neural is incorrect. Ties are excluded.,tabular_better,neural residual error divided by tabular plus neural residual error plus epsilon; higher predicts tabular,mean_of_seed_metrics,512,5,512,0,,,,0,1.0,1.0,1.0,5,,,,0,0.20538237474781157,0.20056938155433576,0.20956387528630968,5,not_available_single_class,results/reviewer1_remaining/reliability_calibration/development/raw_parts/ReliabilityShift-boundary-030-calibration-development__rel_b005_l5_e1e4.csv.gz
ReliabilityShift-boundary-030-calibration-development,rel_b005_l5_e1e8,0.05,5.0,1e-08,pre_shift_all,action_correctness,Evaluation rows where exactly one branch greedy action equals the analytic optimal action; target=1 means tabular is correct and neural is incorrect. Ties are excluded.,tabular_better,neural residual error divided by tabular plus neural residual error plus epsilon; higher predicts tabular,mean_of_seed_metrics,512,5,512,0,,,,0,1.0,1.0,1.0,5,,,,0,0.2053552439904089,0.20070999270857753,0.20936905887858243,5,not_available_single_class,results/reviewer1_remaining/reliability_calibration/development/raw_parts/ReliabilityShift-boundary-030-calibration-development__rel_b005_l5_e1e8.csv.gz
ReliabilityShift-boundary-030-calibration-development,rel_b010_l10_e1e4,0.1,10.0,0.0001,pre_shift_all,action_correctness,Evaluation rows where exactly one branch greedy action equals the analytic optimal action; target=1 means tabular is correct and neural is incorrect. Ties are excluded.,tabular_better,neural residual error divided by tabular plus neural residual error plus epsilon; higher predicts tabular,mean_of_seed_metrics,512,5,512,0,,,,0,1.0,1.0,1.0,5,,,,0,0.1901212429474791,0.1843105200518568,0.1949521612354823,5,not_available_single_class,results/reviewer1_remaining/reliability_calibration/development/raw_parts/ReliabilityShift-boundary-030-calibration-development__rel_b010_l10_e1e4.csv.gz
ReliabilityShift-boundary-030-calibration-development,rel_b010_l10_e1e8,0.1,10.0,1e-08,pre_shift_all,action_correctness,Evaluation rows where exactly one branch greedy action equals the analytic optimal action; target=1 means tabular is correct and neural is incorrect. Ties are excluded.,tabular_better,neural residual error divided by tabular plus neural residual error plus epsilon; higher predicts tabular,mean_of_seed_metrics,512,5,512,0,,,,0,1.0,1.0,1.0,5,,,,0,0.19009318448790755,0.18428250066890084,0.19498749862070747,5,not_available_single_class,results/reviewer1_remaining/reliability_calibration/development/raw_parts/ReliabilityShift-boundary-030-calibration-development__rel_b010_l10_e1e8.csv.gz
ReliabilityShift-boundary-030-calibration-development,rel_b010_l1_e1e4,0.1,1.0,0.0001,pre_shift_all,action_correctness,Evaluation rows where exactly one branch greedy action equals the analytic optimal action; target=1 means tabular is correct and neural is incorrect. Ties are excluded.,tabular_better,neural residual error divided by tabular plus neural residual error plus epsilon; higher predicts tabular,mean_of_seed_metrics,512,5,512,0,,,,0,1.0,1.0,1.0,5,,,,0,0.18867178705448712,0.1830512698231718,0.1942923042858024,5,not_available_single_class,results/reviewer1_remaining/reliability_calibration/development/raw_parts/ReliabilityShift-boundary-030-calibration-development__rel_b010_l1_e1e4.csv.gz
ReliabilityShift-boundary-030-calibration-development,rel_b010_l1_e1e8,0.1,1.0,1e-08,pre_shift_all,action_correctness,Evaluation rows where exactly one branch greedy action equals the analytic optimal action; target=1 means tabular is correct and neural is incorrect. Ties are excluded.,tabular_better,neural residual error divided by tabular plus neural residual error plus epsilon; higher predicts tabular,mean_of_seed_metrics,512,5,512,0,,,,0,1.0,1.0,1.0,5,,,,0,0.18864542388344482,0.18302492393362088,0.19390997044607158,5,not_available_single_class,results/reviewer1_remaining/reliability_calibration/development/raw_parts/ReliabilityShift-boundary-030-calibration-development__rel_b010_l1_e1e8.csv.gz
ReliabilityShift-boundary-030-calibration-development,rel_b010_l20_e1e6,0.1,20.0,1e-06,pre_shift_all,action_correctness,Evaluation rows where exactly one branch greedy action equals the analytic optimal action; target=1 means tabular is correct and neural is incorrect. Ties are excluded.,tabular_better,neural residual error divided by tabular plus neural residual error plus epsilon; higher predicts tabular,mean_of_seed_metrics,512,5,512,0,,,,0,1.0,1.0,1.0,5,,,,0,0.19247805900705622,0.18632359686485717,0.19730055164053462,5,not_available_single_class,results/reviewer1_remaining/reliability_calibration/development/raw_parts/ReliabilityShift-boundary-030-calibration-development__rel_b010_l20_e1e6.csv.gz
ReliabilityShift-boundary-030-calibration-development,rel_b010_l5_e1e6,0.1,5.0,1e-06,pre_shift_all,action_correctness,Evaluation rows where exactly one branch greedy action equals the analytic optimal action; target=1 means tabular is correct and neural is incorrect. Ties are excluded.,tabular_better,neural residual error divided by tabular plus neural residual error plus epsilon; higher predicts tabular,mean_of_seed_metrics,512,5,512,0,,,,0,1.0,1.0,1.0,5,,,,0,0.18894381331763624,0.18330591261689563,0.19393147650606496,5,not_available_single_class,results/reviewer1_remaining/reliability_calibration/development/raw_parts/ReliabilityShift-boundary-030-calibration-development__rel_b010_l5_e1e6.csv.gz
ReliabilityShift-boundary-030-calibration-development,rel_b020_l10_e1e6,0.2,10.0,1e-06,pre_shift_all,action_correctness,Evaluation rows where exactly one branch greedy action equals the analytic optimal action; target=1 means tabular is correct and neural is incorrect. Ties are excluded.,tabular_better,neural residual error divided by tabular plus neural residual error plus epsilon; higher predicts tabular,mean_of_seed_metrics,512,5,512,0,,,,0,1.0,1.0,1.0,5,,,,0,0.17877037554796643,0.17306101756888032,0.18447973352705255,5,not_available_single_class,results/reviewer1_remaining/reliability_calibration/development/raw_parts/ReliabilityShift-boundary-030-calibration-development__rel_b020_l10_e1e6.csv.gz
ReliabilityShift-boundary-030-calibration-development,rel_b020_l1_e1e6,0.2,1.0,1e-06,pre_shift_all,action_correctness,Evaluation rows where exactly one branch greedy action equals the analytic optimal action; target=1 means tabular is correct and neural is incorrect. Ties are excluded.,tabular_better,neural residual error divided by tabular plus neural residual error plus epsilon; higher predicts tabular,mean_of_seed_metrics,512,5,512,0,,,,0,1.0,1.0,1.0,5,,,,0,0.17252820429970042,0.16518194047300758,0.17987446812639327,5,not_available_single_class,results/reviewer1_remaining/reliability_calibration/development/raw_parts/ReliabilityShift-boundary-030-calibration-development__rel_b020_l1_e1e6.csv.gz
ReliabilityShift-boundary-030-calibration-development,rel_b020_l20_e1e4,0.2,20.0,0.0001,pre_shift_all,action_correctness,Evaluation rows where exactly one branch greedy action equals the analytic optimal action; target=1 means tabular is correct and neural is incorrect. Ties are excluded.,tabular_better,neural residual error divided by tabular plus neural residual error plus epsilon; higher predicts tabular,mean_of_seed_metrics,512,5,512,0,,,,0,1.0,1.0,1.0,5,,,,0,0.18369609571204876,0.17675903192958256,0.1901166119364066,5,not_available_single_class,results/reviewer1_remaining/reliability_calibration/development/raw_parts/ReliabilityShift-boundary-030-calibration-development__rel_b020_l20_e1e4.csv.gz
ReliabilityShift-boundary-030-calibration-development,rel_b020_l20_e1e8,0.2,20.0,1e-08,pre_shift_all,action_correctness,Evaluation rows where exactly one branch greedy action equals the analytic optimal action; target=1 means tabular is correct and neural is incorrect. Ties are excluded.,tabular_better,neural residual error divided by tabular plus neural residual error plus epsilon; higher predicts tabular,mean_of_seed_metrics,512,5,512,0,,,,0,1.0,1.0,1.0,5,,,,0,0.1836667484020648,0.1763775089981757,0.1903302894293335,5,not_available_single_class,results/reviewer1_remaining/reliability_calibration/development/raw_parts/ReliabilityShift-boundary-030-calibration-development__rel_b020_l20_e1e8.csv.gz
ReliabilityShift-boundary-030-calibration-development,rel_b020_l5_e1e4,0.2,5.0,0.0001,pre_shift_all,action_correctness,Evaluation rows where exactly one branch greedy action equals the analytic optimal action; target=1 means tabular is correct and neural is incorrect. Ties are excluded.,tabular_better,neural residual error divided by tabular plus neural residual error plus epsilon; higher predicts tabular,mean_of_seed_metrics,512,5,512,0,,,,0,1.0,1.0,1.0,5,,,,0,0.17554297548312625,0.1689547035880577,0.18147278871343472,5,not_available_single_class,results/reviewer1_remaining/reliability_calibration/development/raw_parts/ReliabilityShift-boundary-030-calibration-development__rel_b020_l5_e1e4.csv.gz
ReliabilityShift-boundary-030-calibration-development,rel_b020_l5_e1e8,0.2,5.0,1e-08,pre_shift_all,action_correctness,Evaluation rows where exactly one branch greedy action equals the analytic optimal action; target=1 means tabular is correct and neural is incorrect. Ties are excluded.,tabular_better,neural residual error divided by tabular plus neural residual error plus epsilon; higher predicts tabular,mean_of_seed_metrics,512,5,512,0,,,,0,1.0,1.0,1.0,5,,,,0,0.17551569233483016,0.16892730411207402,0.1814455361149021,5,not_available_single_class,results/reviewer1_remaining/reliability_calibration/development/raw_parts/ReliabilityShift-boundary-030-calibration-development__rel_b020_l5_e1e8.csv.gz
ReliabilityShift-boundary-020-calibration-development,rel_b002_l10_e1e4,0.02,10.0,0.0001,pre_shift_all,value_error,Evaluation rows with analytic full-action Q*: target=1 means the tabular Q-vector RMSE is lower than the neural Q-vector RMSE. Numerical ties are excluded.,tabular_better,neural residual error divided by tabular plus neural residual error plus epsilon; higher predicts tabular,mean_of_seed_metrics,3690,5,2523,1167,0.8293618893401984,0.7691720471156478,0.8895715784289088,5,0.8988954724746163,0.8693472761314768,0.9357304324393688,5,0.6770950333672572,0.611278595494118,0.7429114712403965,5,0.23205825484786707,0.23007782207254293,0.23410941257427736,5,available,results/reviewer1_remaining/reliability_calibration/development/raw_parts/ReliabilityShift-boundary-020-calibration-development__rel_b002_l10_e1e4.csv.gz
ReliabilityShift-boundary-020-calibration-development,rel_b002_l10_e1e8,0.02,10.0,1e-08,pre_shift_all,value_error,Evaluation rows with analytic full-action Q*: target=1 means the tabular Q-vector RMSE is lower than the neural Q-vector RMSE. Numerical ties are excluded.,tabular_better,neural residual error divided by tabular plus neural residual error plus epsilon; higher predicts tabular,mean_of_seed_metrics,3690,5,2523,1167,0.8293659218068626,0.7691676180031696,0.8895642256105555,5,0.8988951143418319,0.8711232831782759,0.9378051005085528,5,0.6770950333672572,0.611278595494118,0.7429114712403965,5,0.23204863238267176,0.23007920184271147,0.23398869288117186,5,available,results/reviewer1_remaining/reliability_calibration/development/raw_parts/ReliabilityShift-boundary-020-calibration-development__rel_b002_l10_e1e8.csv.gz
ReliabilityShift-boundary-020-calibration-development,rel_b002_l1_e1e4,0.02,1.0,0.0001,pre_shift_all,value_error,Evaluation rows with analytic full-action Q*: target=1 means the tabular Q-vector RMSE is lower than the neural Q-vector RMSE. Numerical ties are excluded.,tabular_better,neural residual error divided by tabular plus neural residual error plus epsilon; higher predicts tabular,mean_of_seed_metrics,3690,5,2523,1167,0.8170502294441133,0.7786982984427788,0.8565056970552399,5,0.8932214505941982,0.8581622556651924,0.9338430252122736,5,0.6944569834602625,0.6495440910848915,0.743647089309926,5,0.23477623688222762,0.23339434553034416,0.23628813029081783,5,available,results/reviewer1_remaining/reliability_calibration/development/raw_parts/ReliabilityShift-boundary-020-calibration-development__rel_b002_l1_e1e4.csv.gz
ReliabilityShift-boundary-020-calibration-development,rel_b002_l1_e1e8,0.02,1.0,1e-08,pre_shift_all,value_error,Evaluation rows with analytic full-action Q*: target=1 means the tabular Q-vector RMSE is lower than the neural Q-vector RMSE. Numerical ties are excluded.,tabular_better,neural residual error divided by tabular plus neural residual error plus epsilon; higher predicts tabular,mean_of_seed_metrics,3690,5,2523,1167,0.8170056774995246,0.7775355307789913,0.8564758242200575,5,0.8931853736112094,0.8567504205328078,0.9338480890999797,5,0.6944569834602625,0.6495440910848915,0.7435426829996874,5,0.2347669953897764,0.23337960092635038,0.23641274496149275,5,available,results/reviewer1_remaining/reliability_calibration/development/raw_parts/ReliabilityShift-boundary-020-calibration-development__rel_b002_l1_e1e8.csv.gz
ReliabilityShift-boundary-020-calibration-development,rel_b002_l20_e1e6,0.02,20.0,1e-06,pre_shift_all,value_error,Evaluation rows with analytic full-action Q*: target=1 means the tabular Q-vector RMSE is lower than the neural Q-vector RMSE. Numerical ties are excluded.,tabular_better,neural residual error divided by tabular plus neural residual error plus epsilon; higher predicts tabular,mean_of_seed_metrics,3690,5,2523,1167,0.819548437680137,0.7635470201419706,0.8740647941257956,5,0.8897607687774606,0.8595427679605349,0.9286692169235514,5,0.6769922305003486,0.6075183133628187,0.7536043626553444,5,0.23063836989458766,0.22833196659099206,0.23301400858402968,5,available,results/reviewer1_remaining/reliability_calibration/development/raw_parts/ReliabilityShift-boundary-020-calibration-development__rel_b002_l20_e1e6.csv.gz
ReliabilityShift-boundary-020-calibration-development,rel_b002_l5_e1e6,0.02,5.0,1e-06,pre_shift_all,value_error,Evaluation rows with analytic full-action Q*: target=1 means the tabular Q-vector RMSE is lower than the neural Q-vector RMSE. Numerical ties are excluded.,tabular_better,neural residual error divided by tabular plus neural residual error plus epsilon; higher predicts tabular,mean_of_seed_metrics,3690,5,2523,1167,0.8279313069615079,0.771544139057442,0.8845028201118247,5,0.9000343555223047,0.8682002506373945,0.9402754181138782,5,0.6817731801320137,0.6251537222985948,0.7383926379654325,5,0.23326380786112919,0.23158615637941674,0.23483304752058629,5,available,results/reviewer1_remaining/reliability_calibration/development/raw_parts/ReliabilityShift-boundary-020-calibration-development__rel_b002_l5_e1e6.csv.gz
ReliabilityShift-boundary-020-calibration-development,rel_b005_l10_e1e6,0.05,10.0,1e-06,pre_shift_all,value_error,Evaluation rows with analytic full-action Q*: target=1 means the tabular Q-vector RMSE is lower than the neural Q-vector RMSE. Numerical ties are excluded.,tabular_better,neural residual error divided by tabular plus neural residual error plus epsilon; higher predicts tabular,mean_of_seed_metrics,3690,5,2523,1167,0.8648024327461592,0.8183603238759429,0.9103380083366608,5,0.9248436049265327,0.8964211480597724,0.9524152871820224,5,0.7291397521445047,0.6668982153097839,0.789136933071345,5,0.2175774768396043,0.21585873864040525,0.21962794936680002,5,available,results/reviewer1_remaining/reliability_calibration/development/raw_parts/ReliabilityShift-boundary-020-calibration-development__rel_b005_l10_e1e6.csv.gz
ReliabilityShift-boundary-020-calibration-development,rel_b005_l1_e1e6,0.05,1.0,1e-06,pre_shift_all,value_error,Evaluation rows with analytic full-action Q*: target=1 means the tabular Q-vector RMSE is lower than the neural Q-vector RMSE. Numerical ties are excluded.,tabular_better,neural residual error divided by tabular plus neural residual error plus epsilon; higher predicts tabular,mean_of_seed_metrics,3690,5,2523,1167,0.8605831595724707,0.8236452197816027,0.8975210993633386,5,0.9198901251280412,0.8903189715144079,0.9540037451492498,5,0.7720811456895021,0.7300604935075544,0.81410179787145,5,0.21792469738755843,0.21659413072409336,0.21983460589740692,5,available,results/reviewer1_remaining/reliability_calibration/development/raw_parts/ReliabilityShift-boundary-020-calibration-development__rel_b005_l1_e1e6.csv.gz
ReliabilityShift-boundary-020-calibration-development,rel_b005_l20_e1e4,0.05,20.0,0.0001,pre_shift_all,value_error,Evaluation rows with analytic full-action Q*: target=1 means the tabular Q-vector RMSE is lower than the neural Q-vector RMSE. Numerical ties are excluded.,tabular_better,neural residual error divided by tabular plus neural residual error plus epsilon; higher predicts tabular,mean_of_seed_metrics,3690,5,2523,1167,0.8629177555365878,0.8199992633506954,0.9058362477224803,5,0.9219382440754824,0.8930566557056505,0.9511064395493758,5,0.7201462262400113,0.64966977294562,0.7926946505107594,5,0.21792201813312784,0.21576790891043623,0.22011522195859584,5,available,results/reviewer1_remaining/reliability_calibration/development/raw_parts/ReliabilityShift-boundary-020-calibration-development__rel_b005_l20_e1e4.csv.gz
ReliabilityShift-boundary-020-calibration-development,rel_b005_l20_e1e8,0.05,20.0,1e-08,pre_shift_all,value_error,Evaluation rows with analytic full-action Q*: target=1 means the tabular Q-vector RMSE is lower than the neural Q-vector RMSE. Numerical ties are excluded.,tabular_better,neural residual error divided by tabular plus neural residual error plus epsilon; higher predicts tabular,mean_of_seed_metrics,3690,5,2523,1167,0.8629212072574779,0.819974099358064,0.9058683151568916,5,0.9219339497684539,0.8930464002977182,0.9532842195081447,5,0.7201462262400113,0.6439685703190487,0.7913975343409662,5,0.21791161451445817,0.2158920659379409,0.22018036529270096,5,available,results/reviewer1_remaining/reliability_calibration/development/raw_parts/ReliabilityShift-boundary-020-calibration-development__rel_b005_l20_e1e8.csv.gz
ReliabilityShift-boundary-020-calibration-development,rel_b005_l5_e1e4,0.05,5.0,0.0001,pre_shift_all,value_error,Evaluation rows with analytic full-action Q*: target=1 means the tabular Q-vector RMSE is lower than the neural Q-vector RMSE. Numerical ties are excluded.,tabular_better,neural residual error divided by tabular plus neural residual error plus epsilon; higher predicts tabular,mean_of_seed_metrics,3690,5,2523,1167,0.8634092142858953,0.8200244239979583,0.9067940045738323,5,0.9232857348618444,0.8963360921627528,0.9558393775579423,5,0.7423123443503459,0.6923529867275852,0.7956976308004597,5,0.21764447375911528,0.21612738015738803,0.21956375962810126,5,available,results/reviewer1_remaining/reliability_calibration/development/raw_parts/ReliabilityShift-boundary-020-calibration-development__rel_b005_l5_e1e4.csv.gz
ReliabilityShift-boundary-020-calibration-development,rel_b005_l5_e1e8,0.05,5.0,1e-08,pre_shift_all,value_error,Evaluation rows with analytic full-action Q*: target=1 means the tabular Q-vector RMSE is lower than the neural Q-vector RMSE. Numerical ties are excluded.,tabular_better,neural residual error divided by tabular plus neural residual error plus epsilon; higher predicts tabular,mean_of_seed_metrics,3690,5,2523,1167,0.8634003902729368,0.8200888034718586,0.9061931900378307,5,0.9232595840105103,0.8966257579947643,0.9568826264711859,5,0.7423123443503459,0.6894233264023869,0.7956976308004599,5,0.21763458562879784,0.2161159719937496,0.2195505345608665,5,available,results/reviewer1_remaining/reliability_calibration/development/raw_parts/ReliabilityShift-boundary-020-calibration-development__rel_b005_l5_e1e8.csv.gz
ReliabilityShift-boundary-020-calibration-development,rel_b010_l10_e1e4,0.1,10.0,0.0001,pre_shift_all,value_error,Evaluation rows with analytic full-action Q*: target=1 means the tabular Q-vector RMSE is lower than the neural Q-vector RMSE. Numerical ties are excluded.,tabular_better,neural residual error divided by tabular plus neural residual error plus epsilon; higher predicts tabular,mean_of_seed_metrics,3690,5,2523,1167,0.9091436638411963,0.8795620690679808,0.9374578015415065,5,0.9515167946699036,0.9312386219485186,0.9723958057664934,5,0.7863528432371859,0.7454259694331202,0.8273488626494963,5,0.20316368960452347,0.19919460392235355,0.20623883199231824,5,available,results/reviewer1_remaining/reliability_calibration/development/raw_parts/ReliabilityShift-boundary-020-calibration-development__rel_b010_l10_e1e4.csv.gz
ReliabilityShift-boundary-020-calibration-development,rel_b010_l10_e1e8,0.1,10.0,1e-08,pre_shift_all,value_error,Evaluation rows with analytic full-action Q*: target=1 means the tabular Q-vector RMSE is lower than the neural Q-vector RMSE. Numerical ties are excluded.,tabular_better,neural residual error divided by tabular plus neural residual error plus epsilon; higher predicts tabular,mean_of_seed_metrics,3690,5,2523,1167,0.9091346987582185,0.8788757179677434,0.937432937761203,5,0.9515068326458362,0.9327564246157949,0.9702197532762808,5,0.7863528432371859,0.7454259694331202,0.8300455413710562,5,0.20315194034495637,0.19934885552369647,0.2061474833309806,5,available,results/reviewer1_remaining/reliability_calibration/development/raw_parts/ReliabilityShift-boundary-020-calibration-development__rel_b010_l10_e1e8.csv.gz
ReliabilityShift-boundary-020-calibration-development,rel_b010_l1_e1e4,0.1,1.0,0.0001,pre_shift_all,value_error,Evaluation rows with analytic full-action Q*: target=1 means the tabular Q-vector RMSE is lower than the neural Q-vector RMSE. Numerical ties are excluded.,tabular_better,neural residual error divided by tabular plus neural residual error plus epsilon; higher predicts tabular,mean_of_seed_metrics,3690,5,2523,1167,0.9054712684534316,0.8790260430611639,0.9316011273078167,5,0.9478412189584985,0.926889740498722,0.9712475580281354,5,0.8208017618130222,0.7869960690912217,0.8520185819462481,5,0.2004284605323698,0.1959974444864823,0.20366870945068344,5,available,results/reviewer1_remaining/reliability_calibration/development/raw_parts/ReliabilityShift-boundary-020-calibration-development__rel_b010_l1_e1e4.csv.gz
ReliabilityShift-boundary-020-calibration-development,rel_b010_l1_e1e8,0.1,1.0,1e-08,pre_shift_all,value_error,Evaluation rows with analytic full-action Q*: target=1 means the tabular Q-vector RMSE is lower than the neural Q-vector RMSE. Numerical ties are excluded.,tabular_better,neural residual error divided by tabular plus neural residual error plus epsilon; higher predicts tabular,mean_of_seed_metrics,3690,5,2523,1167,0.9054330926724583,0.876858458229249,0.9318365974978627,5,0.9478026567065456,0.9268212090601553,0.9707041204896256,5,0.8208017618130222,0.789320304975041,0.8520185819462481,5,0.20041687982749745,0.19599449227316662,0.20365319308894744,5,available,results/reviewer1_remaining/reliability_calibration/development/raw_parts/ReliabilityShift-boundary-020-calibration-development__rel_b010_l1_e1e8.csv.gz
ReliabilityShift-boundary-020-calibration-development,rel_b010_l20_e1e6,0.1,20.0,1e-06,pre_shift_all,value_error,Evaluation rows with analytic full-action Q*: target=1 means the tabular Q-vector RMSE is lower than the neural Q-vector RMSE. Numerical ties are excluded.,tabular_better,neural residual error divided by tabular plus neural residual error plus epsilon; higher predicts tabular,mean_of_seed_metrics,3690,5,2523,1167,0.9054440303270391,0.8776795095954443,0.928531191764704,5,0.9492862609586779,0.9308528938528623,0.9680597154553696,5,0.7699049104408286,0.7253404686034924,0.8150398997827958,5,0.20570555358913353,0.20222070039298723,0.20891278078873765,5,available,results/reviewer1_remaining/reliability_calibration/development/raw_parts/ReliabilityShift-boundary-020-calibration-development__rel_b010_l20_e1e6.csv.gz
ReliabilityShift-boundary-020-calibration-development,rel_b010_l5_e1e6,0.1,5.0,1e-06,pre_shift_all,value_error,Evaluation rows with analytic full-action Q*: target=1 means the tabular Q-vector RMSE is lower than the neural Q-vector RMSE. Numerical ties are excluded.,tabular_better,neural residual error divided by tabular plus neural residual error plus epsilon; higher predicts tabular,mean_of_seed_metrics,3690,5,2523,1167,0.9077272640711692,0.8787098280137269,0.9367447001286117,5,0.950275461636428,0.930769577921564,0.9697813453512921,5,0.7977309303637418,0.7614097196825498,0.8352682415083059,5,0.2016902527725068,0.19790849838531457,0.20472481633861409,5,available,results/reviewer1_remaining/reliability_calibration/development/raw_parts/ReliabilityShift-boundary-020-calibration-development__rel_b010_l5_e1e6.csv.gz
ReliabilityShift-boundary-020-calibration-development,rel_b020_l10_e1e6,0.2,10.0,1e-06,pre_shift_all,value_error,Evaluation rows with analytic full-action Q*: target=1 means the tabular Q-vector RMSE is lower than the neural Q-vector RMSE. Numerical ties are excluded.,tabular_better,neural residual error divided by tabular plus neural residual error plus epsilon; higher predicts tabular,mean_of_seed_metrics,3690,5,2523,1167,0.9418310499892172,0.9310747423983703,0.952587357580064,5,0.9701596006976209,0.9598400387876269,0.9815955504744501,5,0.8448621779947819,0.8187900949984007,0.8709342609911636,5,0.19189625445624842,0.1854443323708502,0.19724498420345365,5,available,results/reviewer1_remaining/reliability_calibration/development/raw_parts/ReliabilityShift-boundary-020-calibration-development__rel_b020_l10_e1e6.csv.gz
ReliabilityShift-boundary-020-calibration-development,rel_b020_l1_e1e6,0.2,1.0,1e-06,pre_shift_all,value_error,Evaluation rows with analytic full-action Q*: target=1 means the tabular Q-vector RMSE is lower than the neural Q-vector RMSE. Numerical ties are excluded.,tabular_better,neural residual error divided by tabular plus neural residual error plus epsilon; higher predicts tabular,mean_of_seed_metrics,3690,5,2524,1166,0.9418776880066367,0.92982218969622,0.9546081089333945,5,0.9694096465130266,0.9573319830012522,0.9814873100248012,5,0.8583610798141619,0.8355148127041666,0.8778454289736274,5,0.18632573394853688,0.1791500745772606,0.1926921513255242,5,available,results/reviewer1_remaining/reliability_calibration/development/raw_parts/ReliabilityShift-boundary-020-calibration-development__rel_b020_l1_e1e6.csv.gz
ReliabilityShift-boundary-020-calibration-development,rel_b020_l20_e1e4,0.2,20.0,0.0001,pre_shift_all,value_error,Evaluation rows with analytic full-action Q*: target=1 means the tabular Q-vector RMSE is lower than the neural Q-vector RMSE. Numerical ties are excluded.,tabular_better,neural residual error divided by tabular plus neural residual error plus epsilon; higher predicts tabular,mean_of_seed_metrics,3690,5,2523,1167,0.9354043084125353,0.9255445099020075,0.9449851931646217,5,0.9670795848798315,0.9553677713212206,0.9787913984384424,5,0.8275755602672792,0.7900851191026697,0.8599804411090839,5,0.19652462275237814,0.1910779436716999,0.20135589261471223,5,available,results/reviewer1_remaining/reliability_calibration/development/raw_parts/ReliabilityShift-boundary-020-calibration-development__rel_b020_l20_e1e4.csv.gz
ReliabilityShift-boundary-020-calibration-development,rel_b020_l20_e1e8,0.2,20.0,1e-08,pre_shift_all,value_error,Evaluation rows with analytic full-action Q*: target=1 means the tabular Q-vector RMSE is lower than the neural Q-vector RMSE. Numerical ties are excluded.,tabular_better,neural residual error divided by tabular plus neural residual error plus epsilon; higher predicts tabular,mean_of_seed_metrics,3690,5,2523,1167,0.9354226758787434,0.9255996123006316,0.9450677229030362,5,0.96708811879298,0.9553848391475175,0.9787913984384424,5,0.8275755602672792,0.7900851191026697,0.8599804411090839,5,0.19651074375076052,0.19107125697079302,0.20133414197700866,5,available,results/reviewer1_remaining/reliability_calibration/development/raw_parts/ReliabilityShift-boundary-020-calibration-development__rel_b020_l20_e1e8.csv.gz
ReliabilityShift-boundary-020-calibration-development,rel_b020_l5_e1e4,0.2,5.0,0.0001,pre_shift_all,value_error,Evaluation rows with analytic full-action Q*: target=1 means the tabular Q-vector RMSE is lower than the neural Q-vector RMSE. Numerical ties are excluded.,tabular_better,neural residual error divided by tabular plus neural residual error plus epsilon; higher predicts tabular,mean_of_seed_metrics,3690,5,2523,1167,0.9429686590604403,0.9314242371022485,0.954513081018632,5,0.9704233986218295,0.9599951565977894,0.9826187136763217,5,0.8522852304371826,0.8260943450612602,0.8706401843764281,5,0.18903036602990458,0.1824494517556565,0.19503786702919837,5,available,results/reviewer1_remaining/reliability_calibration/development/raw_parts/ReliabilityShift-boundary-020-calibration-development__rel_b020_l5_e1e4.csv.gz
ReliabilityShift-boundary-020-calibration-development,rel_b020_l5_e1e8,0.2,5.0,1e-08,pre_shift_all,value_error,Evaluation rows with analytic full-action Q*: target=1 means the tabular Q-vector RMSE is lower than the neural Q-vector RMSE. Numerical ties are excluded.,tabular_better,neural residual error divided by tabular plus neural residual error plus epsilon; higher predicts tabular,mean_of_seed_metrics,3690,5,2523,1167,0.9429541487813019,0.9314139576126813,0.9544943399499226,5,0.9704114955501609,0.9595556150803288,0.982619905883144,5,0.8531566901321718,0.825781248061032,0.8715116440714172,5,0.189015975641305,0.1822938457822326,0.19501606030925714,5,available,results/reviewer1_remaining/reliability_calibration/development/raw_parts/ReliabilityShift-boundary-020-calibration-development__rel_b020_l5_e1e8.csv.gz
ReliabilityShift-boundary-030-calibration-development,rel_b002_l10_e1e4,0.02,10.0,0.0001,pre_shift_all,value_error,Evaluation rows with analytic full-action Q*: target=1 means the tabular Q-vector RMSE is lower than the neural Q-vector RMSE. Numerical ties are excluded.,tabular_better,neural residual error divided by tabular plus neural residual error plus epsilon; higher predicts tabular,mean_of_seed_metrics,3690,5,2523,1167,0.8293618893401984,0.7691720471156478,0.8895517315647492,5,0.8988954724746163,0.8711294093619557,0.9378051005085528,5,0.6770950333672572,0.611278595494118,0.7429114712403965,5,0.23205825484786707,0.23009667824898655,0.23410941257427736,5,available,results/reviewer1_remaining/reliability_calibration/development/raw_parts/ReliabilityShift-boundary-030-calibration-development__rel_b002_l10_e1e4.csv.gz
ReliabilityShift-boundary-030-calibration-development,rel_b002_l10_e1e8,0.02,10.0,1e-08,pre_shift_all,value_error,Evaluation rows with analytic full-action Q*: target=1 means the tabular Q-vector RMSE is lower than the neural Q-vector RMSE. Numerical ties are excluded.,tabular_better,neural residual error divided by tabular plus neural residual error plus epsilon; higher predicts tabular,mean_of_seed_metrics,3690,5,2523,1167,0.8293659218068626,0.7691676180031696,0.8887703510441682,5,0.8988951143418319,0.8690543831599872,0.9357362004902642,5,0.6770950333672572,0.6148939239850386,0.7429114712403965,5,0.23204863238267176,0.23024849308465653,0.2340563671186823,5,available,results/reviewer1_remaining/reliability_calibration/development/raw_parts/ReliabilityShift-boundary-030-calibration-development__rel_b002_l10_e1e8.csv.gz
ReliabilityShift-boundary-030-calibration-development,rel_b002_l1_e1e4,0.02,1.0,0.0001,pre_shift_all,value_error,Evaluation rows with analytic full-action Q*: target=1 means the tabular Q-vector RMSE is lower than the neural Q-vector RMSE. Numerical ties are excluded.,tabular_better,neural residual error divided by tabular plus neural residual error plus epsilon; higher predicts tabular,mean_of_seed_metrics,3690,5,2523,1167,0.8170502294441133,0.7775947618329867,0.8558449424240095,5,0.8932214505941982,0.8568044495926141,0.9330607948270287,5,0.6944569834602625,0.6495440910848915,0.7477189354092512,5,0.23477623688222762,0.23339434553034422,0.2362848333343084,5,available,results/reviewer1_remaining/reliability_calibration/development/raw_parts/ReliabilityShift-boundary-030-calibration-development__rel_b002_l1_e1e4.csv.gz
ReliabilityShift-boundary-030-calibration-development,rel_b002_l1_e1e8,0.02,1.0,1e-08,pre_shift_all,value_error,Evaluation rows with analytic full-action Q*: target=1 means the tabular Q-vector RMSE is lower than the neural Q-vector RMSE. Numerical ties are excluded.,tabular_better,neural residual error divided by tabular plus neural residual error plus epsilon; higher predicts tabular,mean_of_seed_metrics,3690,5,2523,1167,0.8170056774995246,0.7775355307789913,0.8564758242200575,5,0.8931853736112094,0.8567504205328078,0.9330350511097155,5,0.6944569834602625,0.6495440910848915,0.7477189354092512,5,0.2347669953897764,0.23337960092635032,0.23627824365425498,5,available,results/reviewer1_remaining/reliability_calibration/development/raw_parts/ReliabilityShift-boundary-030-calibration-development__rel_b002_l1_e1e8.csv.gz
ReliabilityShift-boundary-030-calibration-development,rel_b002_l20_e1e6,0.02,20.0,1e-06,pre_shift_all,value_error,Evaluation rows with analytic full-action Q*: target=1 means the tabular Q-vector RMSE is lower than the neural Q-vector RMSE. Numerical ties are excluded.,tabular_better,neural residual error divided by tabular plus neural residual error plus epsilon; higher predicts tabular,mean_of_seed_metrics,3690,5,2523,1167,0.819548437680137,0.7635470201419707,0.8740647941257956,5,0.8897607687774606,0.8603914021818433,0.9258660363954277,5,0.6769922305003486,0.6075183133628187,0.7464661476378786,5,0.23063836989458766,0.22824122040945274,0.23282920418105943,5,available,results/reviewer1_remaining/reliability_calibration/development/raw_parts/ReliabilityShift-boundary-030-calibration-development__rel_b002_l20_e1e6.csv.gz
ReliabilityShift-boundary-030-calibration-development,rel_b002_l5_e1e6,0.02,5.0,1e-06,pre_shift_all,value_error,Evaluation rows with analytic full-action Q*: target=1 means the tabular Q-vector RMSE is lower than the neural Q-vector RMSE. Numerical ties are excluded.,tabular_better,neural residual error divided by tabular plus neural residual error plus epsilon; higher predicts tabular,mean_of_seed_metrics,3690,5,2523,1167,0.8279313069615079,0.7738001129610044,0.8845028201118247,5,0.9000343555223047,0.8692771649370721,0.9391985038142007,5,0.6817731801320137,0.6268057734028734,0.7383926379654326,5,0.23326380786112919,0.23158615637941674,0.23487194418200347,5,available,results/reviewer1_remaining/reliability_calibration/development/raw_parts/ReliabilityShift-boundary-030-calibration-development__rel_b002_l5_e1e6.csv.gz
ReliabilityShift-boundary-030-calibration-development,rel_b005_l10_e1e6,0.05,10.0,1e-06,pre_shift_all,value_error,Evaluation rows with analytic full-action Q*: target=1 means the tabular Q-vector RMSE is lower than the neural Q-vector RMSE. Numerical ties are excluded.,tabular_better,neural residual error divided by tabular plus neural residual error plus epsilon; higher predicts tabular,mean_of_seed_metrics,3690,5,2523,1167,0.8648024327461592,0.8183603238759429,0.9103380083366608,5,0.9248436049265327,0.8964211480597724,0.9566957591444009,5,0.7291397521445047,0.666898215309784,0.7909287108050782,5,0.2175774768396043,0.21585873864040525,0.21962794936680002,5,available,results/reviewer1_remaining/reliability_calibration/development/raw_parts/ReliabilityShift-boundary-030-calibration-development__rel_b005_l10_e1e6.csv.gz
ReliabilityShift-boundary-030-calibration-development,rel_b005_l1_e1e6,0.05,1.0,1e-06,pre_shift_all,value_error,Evaluation rows with analytic full-action Q*: target=1 means the tabular Q-vector RMSE is lower than the neural Q-vector RMSE. Numerical ties are excluded.,tabular_better,neural residual error divided by tabular plus neural residual error plus epsilon; higher predicts tabular,mean_of_seed_metrics,3690,5,2523,1167,0.8605831595724707,0.8236452197816027,0.8975210993633386,5,0.9198901251280412,0.8903189715144079,0.949986403974578,5,0.7720811456895021,0.7297730351125168,0.8129576548580115,5,0.21792469738755843,0.21659413072409336,0.21983460589740692,5,available,results/reviewer1_remaining/reliability_calibration/development/raw_parts/ReliabilityShift-boundary-030-calibration-development__rel_b005_l1_e1e6.csv.gz
ReliabilityShift-boundary-030-calibration-development,rel_b005_l20_e1e4,0.05,20.0,0.0001,pre_shift_all,value_error,Evaluation rows with analytic full-action Q*: target=1 means the tabular Q-vector RMSE is lower than the neural Q-vector RMSE. Numerical ties are excluded.,tabular_better,neural residual error divided by tabular plus neural residual error plus epsilon; higher predicts tabular,mean_of_seed_metrics,3690,5,2523,1167,0.8629177555365878,0.8199992633506954,0.9058362477224803,5,0.9219382440754824,0.8946320121588162,0.9532789513668201,5,0.7201462262400113,0.6439685703190487,0.7926946505107594,5,0.21792201813312784,0.2159012685225398,0.22018715200173697,5,available,results/reviewer1_remaining/reliability_calibration/development/raw_parts/ReliabilityShift-boundary-030-calibration-development__rel_b005_l20_e1e4.csv.gz
ReliabilityShift-boundary-030-calibration-development,rel_b005_l20_e1e8,0.05,20.0,1e-08,pre_shift_all,value_error,Evaluation rows with analytic full-action Q*: target=1 means the tabular Q-vector RMSE is lower than the neural Q-vector RMSE. Numerical ties are excluded.,tabular_better,neural residual error divided by tabular plus neural residual error plus epsilon; higher predicts tabular,mean_of_seed_metrics,3690,5,2523,1167,0.8629212072574779,0.819974099358064,0.9050060328936211,5,0.9219339497684539,0.8930464002977182,0.9515061112884953,5,0.7201462262400113,0.6439685703190487,0.7926946505107594,5,0.21791161451445817,0.21582916704527885,0.22018036529270096,5,available,results/reviewer1_remaining/reliability_calibration/development/raw_parts/ReliabilityShift-boundary-030-calibration-development__rel_b005_l20_e1e8.csv.gz
ReliabilityShift-boundary-030-calibration-development,rel_b005_l5_e1e4,0.05,5.0,0.0001,pre_shift_all,value_error,Evaluation rows with analytic full-action Q*: target=1 means the tabular Q-vector RMSE is lower than the neural Q-vector RMSE. Numerical ties are excluded.,tabular_better,neural residual error divided by tabular plus neural residual error plus epsilon; higher predicts tabular,mean_of_seed_metrics,3690,5,2523,1167,0.8634092142858953,0.8200244239979583,0.9062391688737765,5,0.9232857348618444,0.896415356734451,0.9558393775579423,5,0.7423123443503459,0.6894233264023871,0.7956976308004599,5,0.21764447375911528,0.21612738015738803,0.21956114036939894,5,available,results/reviewer1_remaining/reliability_calibration/development/raw_parts/ReliabilityShift-boundary-030-calibration-development__rel_b005_l5_e1e4.csv.gz
ReliabilityShift-boundary-030-calibration-development,rel_b005_l5_e1e8,0.05,5.0,1e-08,pre_shift_all,value_error,Evaluation rows with analytic full-action Q*: target=1 means the tabular Q-vector RMSE is lower than the neural Q-vector RMSE. Numerical ties are excluded.,tabular_better,neural residual error divided by tabular plus neural residual error plus epsilon; higher predicts tabular,mean_of_seed_metrics,3690,5,2523,1167,0.8634003902729368,0.8200293748537076,0.9067714056921661,5,0.9232595840105103,0.8964402491716836,0.9568826264711859,5,0.7423123443503459,0.6894233264023869,0.7952013622983045,5,0.21763458562879784,0.21612280207935886,0.21955736464647577,5,available,results/reviewer1_remaining/reliability_calibration/development/raw_parts/ReliabilityShift-boundary-030-calibration-development__rel_b005_l5_e1e8.csv.gz
ReliabilityShift-boundary-030-calibration-development,rel_b010_l10_e1e4,0.1,10.0,0.0001,pre_shift_all,value_error,Evaluation rows with analytic full-action Q*: target=1 means the tabular Q-vector RMSE is lower than the neural Q-vector RMSE. Numerical ties are excluded.,tabular_better,neural residual error divided by tabular plus neural residual error plus epsilon; higher predicts tabular,mean_of_seed_metrics,3690,5,2523,1167,0.9091436638411963,0.8795620690679808,0.9381429717537693,5,0.9515167946699036,0.9341333415895982,0.9702275077282169,5,0.7863528432371859,0.7454259694331203,0.8300455413710562,5,0.20316368960452347,0.1996772749890784,0.2062388319923183,5,available,results/reviewer1_remaining/reliability_calibration/development/raw_parts/ReliabilityShift-boundary-030-calibration-development__rel_b010_l10_e1e4.csv.gz
ReliabilityShift-boundary-030-calibration-development,rel_b010_l10_e1e8,0.1,10.0,1e-08,pre_shift_all,value_error,Evaluation rows with analytic full-action Q*: target=1 means the tabular Q-vector RMSE is lower than the neural Q-vector RMSE. Numerical ties are excluded.,tabular_better,neural residual error divided by tabular plus neural residual error plus epsilon; higher predicts tabular,mean_of_seed_metrics,3690,5,2523,1167,0.9091346987582185,0.8750088390964091,0.9381268193713987,5,0.9515068326458362,0.9327939120153914,0.9723941907435814,5,0.7863528432371859,0.7461414002509635,0.830051679771983,5,0.20315194034495637,0.19919201031718656,0.2061474833309806,5,available,results/reviewer1_remaining/reliability_calibration/development/raw_parts/ReliabilityShift-boundary-030-calibration-development__rel_b010_l10_e1e8.csv.gz
ReliabilityShift-boundary-030-calibration-development,rel_b010_l1_e1e4,0.1,1.0,0.0001,pre_shift_all,value_error,Evaluation rows with analytic full-action Q*: target=1 means the tabular Q-vector RMSE is lower than the neural Q-vector RMSE. Numerical ties are excluded.,tabular_better,neural residual error divided by tabular plus neural residual error plus epsilon; higher predicts tabular,mean_of_seed_metrics,3690,5,2523,1167,0.9054712684534316,0.8790805946088611,0.9318619422980021,5,0.9478412189584985,0.928514530904457,0.9707210979249175,5,0.8208017618130222,0.7895849416797962,0.8520185819462481,5,0.2004284605323698,0.19626314114033333,0.2036687094506835,5,available,results/reviewer1_remaining/reliability_calibration/development/raw_parts/ReliabilityShift-boundary-030-calibration-development__rel_b010_l1_e1e4.csv.gz
ReliabilityShift-boundary-030-calibration-development,rel_b010_l1_e1e8,0.1,1.0,1e-08,pre_shift_all,value_error,Evaluation rows with analytic full-action Q*: target=1 means the tabular Q-vector RMSE is lower than the neural Q-vector RMSE. Numerical ties are excluded.,tabular_better,neural residual error divided by tabular plus neural residual error plus epsilon; higher predicts tabular,mean_of_seed_metrics,3690,5,2523,1167,0.9054330926724583,0.8790295878470541,0.9309035013421644,5,0.9478026567065456,0.9268212090601555,0.9688321047563531,5,0.8208017618130222,0.7893203049750409,0.852018581946248,5,0.20041687982749745,0.1962574081566975,0.20365319308894744,5,available,results/reviewer1_remaining/reliability_calibration/development/raw_parts/ReliabilityShift-boundary-030-calibration-development__rel_b010_l1_e1e8.csv.gz
ReliabilityShift-boundary-030-calibration-development,rel_b010_l20_e1e6,0.1,20.0,1e-06,pre_shift_all,value_error,Evaluation rows with analytic full-action Q*: target=1 means the tabular Q-vector RMSE is lower than the neural Q-vector RMSE. Numerical ties are excluded.,tabular_better,neural residual error divided by tabular plus neural residual error plus epsilon; higher predicts tabular,mean_of_seed_metrics,3690,5,2523,1167,0.9054440303270391,0.8789930391338391,0.930138621976818,5,0.9492862609586779,0.9308528938528623,0.9706403908959175,5,0.7699049104408286,0.7264780787535017,0.8150398997827958,5,0.20570555358913353,0.20222070039298723,0.2089141438888529,5,available,results/reviewer1_remaining/reliability_calibration/development/raw_parts/ReliabilityShift-boundary-030-calibration-development__rel_b010_l20_e1e6.csv.gz
ReliabilityShift-boundary-030-calibration-development,rel_b010_l5_e1e6,0.1,5.0,1e-06,pre_shift_all,value_error,Evaluation rows with analytic full-action Q*: target=1 means the tabular Q-vector RMSE is lower than the neural Q-vector RMSE. Numerical ties are excluded.,tabular_better,neural residual error divided by tabular plus neural residual error plus epsilon; higher predicts tabular,mean_of_seed_metrics,3690,5,2523,1167,0.9077272640711692,0.8787098280137269,0.9367447001286117,5,0.950275461636428,0.930769577921564,0.9697813453512921,5,0.7977309303637418,0.7561576538362053,0.8340825435565181,5,0.2016902527725068,0.19744594581971792,0.20478964508852746,5,available,results/reviewer1_remaining/reliability_calibration/development/raw_parts/ReliabilityShift-boundary-030-calibration-development__rel_b010_l5_e1e6.csv.gz
ReliabilityShift-boundary-030-calibration-development,rel_b020_l10_e1e6,0.2,10.0,1e-06,pre_shift_all,value_error,Evaluation rows with analytic full-action Q*: target=1 means the tabular Q-vector RMSE is lower than the neural Q-vector RMSE. Numerical ties are excluded.,tabular_better,neural residual error divided by tabular plus neural residual error plus epsilon; higher predicts tabular,mean_of_seed_metrics,3690,5,2523,1167,0.9418310499892172,0.93057911285873,0.952587357580064,5,0.9701596006976209,0.959949431256544,0.9813472256742595,5,0.8448621779947819,0.8187900949984005,0.8709342609911636,5,0.19189625445624842,0.18577786235378133,0.19743423164287668,5,available,results/reviewer1_remaining/reliability_calibration/development/raw_parts/ReliabilityShift-boundary-030-calibration-development__rel_b020_l10_e1e6.csv.gz
ReliabilityShift-boundary-030-calibration-development,rel_b020_l1_e1e6,0.2,1.0,1e-06,pre_shift_all,value_error,Evaluation rows with analytic full-action Q*: target=1 means the tabular Q-vector RMSE is lower than the neural Q-vector RMSE. Numerical ties are excluded.,tabular_better,neural residual error divided by tabular plus neural residual error plus epsilon; higher predicts tabular,mean_of_seed_metrics,3690,5,2524,1166,0.9418776880066367,0.9295624485582532,0.9543483677954278,5,0.9694096465130266,0.9573319830012522,0.9829517469034104,5,0.8583610798141619,0.8368401719413135,0.8778454289736274,5,0.18632573394853688,0.17925806120649426,0.1926921513255242,5,available,results/reviewer1_remaining/reliability_calibration/development/raw_parts/ReliabilityShift-boundary-030-calibration-development__rel_b020_l1_e1e6.csv.gz
ReliabilityShift-boundary-030-calibration-development,rel_b020_l20_e1e4,0.2,20.0,0.0001,pre_shift_all,value_error,Evaluation rows with analytic full-action Q*: target=1 means the tabular Q-vector RMSE is lower than the neural Q-vector RMSE. Numerical ties are excluded.,tabular_better,neural residual error divided by tabular plus neural residual error plus epsilon; higher predicts tabular,mean_of_seed_metrics,3690,5,2523,1167,0.9354043084125353,0.9256270396404218,0.9450677229030362,5,0.9670795848798315,0.9553677713212206,0.9782639103131252,5,0.8275755602672792,0.7900851191026694,0.8599804411090839,5,0.19652462275237814,0.1910779436716999,0.20135589261471223,5,available,results/reviewer1_remaining/reliability_calibration/development/raw_parts/ReliabilityShift-boundary-030-calibration-development__rel_b020_l20_e1e4.csv.gz
ReliabilityShift-boundary-030-calibration-development,rel_b020_l20_e1e8,0.2,20.0,1e-08,pre_shift_all,value_error,Evaluation rows with analytic full-action Q*: target=1 means the tabular Q-vector RMSE is lower than the neural Q-vector RMSE. Numerical ties are excluded.,tabular_better,neural residual error divided by tabular plus neural residual error plus epsilon; higher predicts tabular,mean_of_seed_metrics,3690,5,2523,1167,0.9354226758787434,0.9255996123006316,0.9450677229030362,5,0.96708811879298,0.9546518578509675,0.9787913984384424,5,0.8275755602672792,0.7900851191026697,0.8599804411090839,5,0.19651074375076052,0.19107125697079302,0.2012851028188302,5,available,results/reviewer1_remaining/reliability_calibration/development/raw_parts/ReliabilityShift-boundary-030-calibration-development__rel_b020_l20_e1e8.csv.gz
ReliabilityShift-boundary-030-calibration-development,rel_b020_l5_e1e4,0.2,5.0,0.0001,pre_shift_all,value_error,Evaluation rows with analytic full-action Q*: target=1 means the tabular Q-vector RMSE is lower than the neural Q-vector RMSE. Numerical ties are excluded.,tabular_better,neural residual error divided by tabular plus neural residual error plus epsilon; higher predicts tabular,mean_of_seed_metrics,3690,5,2523,1167,0.9429686590604403,0.9318631339573746,0.954513081018632,5,0.9704233986218295,0.9595818056373104,0.9826187136763215,5,0.8522852304371826,0.8260943450612602,0.8706401843764281,5,0.18903036602990458,0.1824090979566686,0.19489053748814372,5,available,results/reviewer1_remaining/reliability_calibration/development/raw_parts/ReliabilityShift-boundary-030-calibration-development__rel_b020_l5_e1e4.csv.gz
ReliabilityShift-boundary-030-calibration-development,rel_b020_l5_e1e8,0.2,5.0,1e-08,pre_shift_all,value_error,Evaluation rows with analytic full-action Q*: target=1 means the tabular Q-vector RMSE is lower than the neural Q-vector RMSE. Numerical ties are excluded.,tabular_better,neural residual error divided by tabular plus neural residual error plus epsilon; higher predicts tabular,mean_of_seed_metrics,3690,5,2523,1167,0.9429541487813019,0.9322410017904863,0.9544943399499226,5,0.9704114955501609,0.9595452813063169,0.982619905883144,5,0.8531566901321718,0.8257812480610323,0.8714608471673465,5,0.189015975641305,0.1824016891672184,0.19501606030925714,5,available,results/reviewer1_remaining/reliability_calibration/development/raw_parts/ReliabilityShift-boundary-030-calibration-development__rel_b020_l5_e1e8.csv.gz
ReliabilityShift-boundary-020-calibration-development,rel_b002_l10_e1e4,0.02,10.0,0.0001,post_shift_all,action_correctness,Evaluation rows where exactly one branch greedy action equals the analytic optimal action; target=1 means tabular is correct and neural is incorrect. Ties are excluded.,tabular_better,neural residual error divided by tabular plus neural residual error plus epsilon; higher predicts tabular,mean_of_seed_metrics,393,5,15,378,0.9037697881078429,0.8199363684720653,0.9865860167230031,5,0.44635281385281383,0.11603896103896102,0.7825,5,0.6928474069391658,0.6260709712822388,0.7597500319476008,5,0.2540982498633387,0.2437745415025345,0.2644163444140927,5,available,results/reviewer1_remaining/reliability_calibration/development/raw_parts/ReliabilityShift-boundary-020-calibration-development__rel_b002_l10_e1e4.csv.gz
ReliabilityShift-boundary-020-calibration-development,rel_b002_l10_e1e8,0.02,10.0,1e-08,post_shift_all,action_correctness,Evaluation rows where exactly one branch greedy action equals the analytic optimal action; target=1 means tabular is correct and neural is incorrect. Ties are excluded.,tabular_better,neural residual error divided by tabular plus neural residual error plus epsilon; higher predicts tabular,mean_of_seed_metrics,393,5,15,378,0.9037697881078429,0.8200349432015288,0.9865860167230028,5,0.44635281385281383,0.12135281385281385,0.7825,5,0.6928474069391658,0.6260709712822388,0.7576765700053371,5,0.25412200219073106,0.24380414232760605,0.26443986205385606,5,available,results/reviewer1_remaining/reliability_calibration/development/raw_parts/ReliabilityShift-boundary-020-calibration-development__rel_b002_l10_e1e8.csv.gz
ReliabilityShift-boundary-020-calibration-development,rel_b002_l1_e1e4,0.02,1.0,0.0001,post_shift_all,action_correctness,Evaluation rows where exactly one branch greedy action equals the analytic optimal action; target=1 means tabular is correct and neural is incorrect. Ties are excluded.,tabular_better,neural residual error divided by tabular plus neural residual error plus epsilon; higher predicts tabular,mean_of_seed_metrics,393,5,15,378,0.9230423436109131,0.8469088302016908,0.9920654687777976,5,0.5016666666666667,0.17666666666666667,0.8266666666666665,5,0.6901788426267659,0.6247722699835376,0.7543417416078038,5,0.2574305805631255,0.24743873324384064,0.2674224278824104,5,available,results/reviewer1_remaining/reliability_calibration/development/raw_parts/ReliabilityShift-boundary-020-calibration-development__rel_b002_l1_e1e4.csv.gz
ReliabilityShift-boundary-020-calibration-development,rel_b002_l1_e1e8,0.02,1.0,1e-08,post_shift_all,action_correctness,Evaluation rows where exactly one branch greedy action equals the analytic optimal action; target=1 means tabular is correct and neural is incorrect. Ties are excluded.,tabular_better,neural residual error divided by tabular plus neural residual error plus epsilon; higher predicts tabular,mean_of_seed_metrics,393,5,15,378,0.9230423436109131,0.8469088302016908,0.9920654687777976,5,0.5016666666666667,0.17666666666666667,0.8266666666666665,5,0.6901788426267659,0.6247722699835375,0.7543417416078038,5,0.2574532371899915,0.24746158549187652,0.2674448888881066,5,available,results/reviewer1_remaining/reliability_calibration/development/raw_parts/ReliabilityShift-boundary-020-calibration-development__rel_b002_l1_e1e8.csv.gz
ReliabilityShift-boundary-020-calibration-development,rel_b002_l20_e1e6,0.02,20.0,1e-06,post_shift_all,action_correctness,Evaluation rows where exactly one branch greedy action equals the analytic optimal action; target=1 means tabular is correct and neural is incorrect. Ties are excluded.,tabular_better,neural residual error divided by tabular plus neural residual error plus epsilon; higher predicts tabular,mean_of_seed_metrics,393,5,15,378,0.8757312339993785,0.7660313605772566,0.9743700853940579,5,0.40420224411603717,0.08713464696223316,0.7315476190476189,5,0.7037689511483813,0.6370859640602234,0.7718653139258965,5,0.2506700118545333,0.239669617668629,0.260778053734341,5,available,results/reviewer1_remaining/reliability_calibration/development/raw_parts/ReliabilityShift-boundary-020-calibration-development__rel_b002_l20_e1e6.csv.gz
ReliabilityShift-boundary-020-calibration-development,rel_b002_l5_e1e6,0.02,5.0,1e-06,post_shift_all,action_correctness,Evaluation rows where exactly one branch greedy action equals the analytic optimal action; target=1 means tabular is correct and neural is incorrect. Ties are excluded.,tabular_better,neural residual error divided by tabular plus neural residual error plus epsilon; higher predicts tabular,mean_of_seed_metrics,393,5,15,378,0.9129651904066935,0.8366893535674764,0.9839886141256005,5,0.44949346405228763,0.1223202614379085,0.7825,5,0.6901788426267659,0.6230049261083744,0.7543417416078038,5,0.2559300744317329,0.24564545977993957,0.26611438233197765,5,available,results/reviewer1_remaining/reliability_calibration/development/raw_parts/ReliabilityShift-boundary-020-calibration-development__rel_b002_l5_e1e6.csv.gz
ReliabilityShift-boundary-020-calibration-development,rel_b005_l10_e1e6,0.05,10.0,1e-06,post_shift_all,action_correctness,Evaluation rows where exactly one branch greedy action equals the analytic optimal action; target=1 means tabular is correct and neural is incorrect. Ties are excluded.,tabular_better,neural residual error divided by tabular plus neural residual error plus epsilon; higher predicts tabular,mean_of_seed_metrics,393,5,15,378,0.9971830985915492,0.991549295774648,1.0,5,0.9166666666666666,0.75,1.0,5,0.7960420944527474,0.7469672580940188,0.8322705849041947,5,0.2195609627124524,0.20587789472656795,0.23364735402107564,5,available,results/reviewer1_remaining/reliability_calibration/development/raw_parts/ReliabilityShift-boundary-020-calibration-development__rel_b005_l10_e1e6.csv.gz
ReliabilityShift-boundary-020-calibration-development,rel_b005_l1_e1e6,0.05,1.0,1e-06,post_shift_all,action_correctness,Evaluation rows where exactly one branch greedy action equals the analytic optimal action; target=1 means tabular is correct and neural is incorrect. Ties are excluded.,tabular_better,neural residual error divided by tabular plus neural residual error plus epsilon; higher predicts tabular,mean_of_seed_metrics,393,5,15,378,1.0,1.0,1.0,5,1.0,1.0,1.0,5,0.7885872504461793,0.7381206150171667,0.8319953703987715,5,0.22117455843048123,0.20842129732656295,0.23444475020588218,5,available,results/reviewer1_remaining/reliability_calibration/development/raw_parts/ReliabilityShift-boundary-020-calibration-development__rel_b005_l1_e1e6.csv.gz
ReliabilityShift-boundary-020-calibration-development,rel_b005_l20_e1e4,0.05,20.0,0.0001,post_shift_all,action_correctness,Evaluation rows where exactly one branch greedy action equals the analytic optimal action; target=1 means tabular is correct and neural is incorrect. Ties are excluded.,tabular_better,neural residual error divided by tabular plus neural residual error plus epsilon; higher predicts tabular,mean_of_seed_metrics,393,5,15,378,0.9902865468674115,0.977756192326372,1.0,5,0.7816666666666666,0.5116666666666667,1.0,5,0.7986394970501498,0.7495646606914214,0.8368599279794366,5,0.21776814177287207,0.20356305978232486,0.23217129906905676,5,available,results/reviewer1_remaining/reliability_calibration/development/raw_parts/ReliabilityShift-boundary-020-calibration-development__rel_b005_l20_e1e4.csv.gz
ReliabilityShift-boundary-020-calibration-development,rel_b005_l20_e1e8,0.05,20.0,1e-08,post_shift_all,action_correctness,Evaluation rows where exactly one branch greedy action equals the analytic optimal action; target=1 means tabular is correct and neural is incorrect. Ties are excluded.,tabular_better,neural residual error divided by tabular plus neural residual error plus epsilon; higher predicts tabular,mean_of_seed_metrics,393,5,15,378,0.9902865468674115,0.9764934434191355,1.0,5,0.7816666666666666,0.5116666666666667,1.0,5,0.7986394970501498,0.7495646606914214,0.8368599279794366,5,0.21778700406948853,0.2045460077025744,0.23219033993760135,5,available,results/reviewer1_remaining/reliability_calibration/development/raw_parts/ReliabilityShift-boundary-020-calibration-development__rel_b005_l20_e1e8.csv.gz
ReliabilityShift-boundary-020-calibration-development,rel_b005_l5_e1e4,0.05,5.0,0.0001,post_shift_all,action_correctness,Evaluation rows where exactly one branch greedy action equals the analytic optimal action; target=1 means tabular is correct and neural is incorrect. Ties are excluded.,tabular_better,neural residual error divided by tabular plus neural residual error plus epsilon; higher predicts tabular,mean_of_seed_metrics,393,5,15,378,0.9971830985915492,0.991549295774648,1.0,5,0.9166666666666666,0.75,1.0,5,0.7914443933033221,0.7466920435885953,0.8319953703987715,5,0.22035704294717634,0.20760854019132186,0.2336065944451174,5,available,results/reviewer1_remaining/reliability_calibration/development/raw_parts/ReliabilityShift-boundary-020-calibration-development__rel_b005_l5_e1e4.csv.gz
ReliabilityShift-boundary-020-calibration-development,rel_b005_l5_e1e8,0.05,5.0,1e-08,post_shift_all,action_correctness,Evaluation rows where exactly one branch greedy action equals the analytic optimal action; target=1 means tabular is correct and neural is incorrect. Ties are excluded.,tabular_better,neural residual error divided by tabular plus neural residual error plus epsilon; higher predicts tabular,mean_of_seed_metrics,393,5,15,378,0.9971830985915492,0.991549295774648,1.0,5,0.9166666666666666,0.75,1.0,5,0.7914443933033221,0.7466920435885953,0.8319953703987715,5,0.22037439373569145,0.20672394371612737,0.23423084002777322,5,available,results/reviewer1_remaining/reliability_calibration/development/raw_parts/ReliabilityShift-boundary-020-calibration-development__rel_b005_l5_e1e8.csv.gz
ReliabilityShift-boundary-020-calibration-development,rel_b010_l10_e1e4,0.1,10.0,0.0001,post_shift_all,action_correctness,Evaluation rows where exactly one branch greedy action equals the analytic optimal action; target=1 means tabular is correct and neural is incorrect. Ties are excluded.,tabular_better,neural residual error divided by tabular plus neural residual error plus epsilon; higher predicts tabular,mean_of_seed_metrics,394,5,15,379,1.0,1.0,1.0,5,1.0,1.0,1.0,5,0.8851020410597643,0.8492610837438423,0.9125617723220463,5,0.17534410745394655,0.1612757832254496,0.19042976682512175,5,available,results/reviewer1_remaining/reliability_calibration/development/raw_parts/ReliabilityShift-boundary-020-calibration-development__rel_b010_l10_e1e4.csv.gz
ReliabilityShift-boundary-020-calibration-development,rel_b010_l10_e1e8,0.1,10.0,1e-08,post_shift_all,action_correctness,Evaluation rows where exactly one branch greedy action equals the analytic optimal action; target=1 means tabular is correct and neural is incorrect. Ties are excluded.,tabular_better,neural residual error divided by tabular plus neural residual error plus epsilon; higher predicts tabular,mean_of_seed_metrics,394,5,15,379,1.0,1.0,1.0,5,1.0,1.0,1.0,5,0.8851020410597643,0.8495372443648306,0.9125617723220463,5,0.1753578120077467,0.16279174018446754,0.19050849497563946,5,available,results/reviewer1_remaining/reliability_calibration/development/raw_parts/ReliabilityShift-boundary-020-calibration-development__rel_b010_l10_e1e8.csv.gz
ReliabilityShift-boundary-020-calibration-development,rel_b010_l1_e1e4,0.1,1.0,0.0001,post_shift_all,action_correctness,Evaluation rows where exactly one branch greedy action equals the analytic optimal action; target=1 means tabular is correct and neural is incorrect. Ties are excluded.,tabular_better,neural residual error divided by tabular plus neural residual error plus epsilon; higher predicts tabular,mean_of_seed_metrics,394,5,15,379,1.0,1.0,1.0,5,1.0,1.0,1.0,5,0.8789140391702981,0.8449165298303228,0.9084022712447369,5,0.1755700929805048,0.1629464359479182,0.19107768054847962,5,available,results/reviewer1_remaining/reliability_calibration/development/raw_parts/ReliabilityShift-boundary-020-calibration-development__rel_b010_l1_e1e4.csv.gz
ReliabilityShift-boundary-020-calibration-development,rel_b010_l1_e1e8,0.1,1.0,1e-08,post_shift_all,action_correctness,Evaluation rows where exactly one branch greedy action equals the analytic optimal action; target=1 means tabular is correct and neural is incorrect. Ties are excluded.,tabular_better,neural residual error divided by tabular plus neural residual error plus epsilon; higher predicts tabular,mean_of_seed_metrics,394,5,15,379,1.0,1.0,1.0,5,1.0,1.0,1.0,5,0.8789140391702981,0.844916529830323,0.9095747099171756,5,0.1755830232793528,0.161662304837682,0.19109161877050237,5,available,results/reviewer1_remaining/reliability_calibration/development/raw_parts/ReliabilityShift-boundary-020-calibration-development__rel_b010_l1_e1e8.csv.gz
ReliabilityShift-boundary-020-calibration-development,rel_b010_l20_e1e6,0.1,20.0,1e-06,post_shift_all,action_correctness,Evaluation rows where exactly one branch greedy action equals the analytic optimal action; target=1 means tabular is correct and neural is incorrect. Ties are excluded.,tabular_better,neural residual error divided by tabular plus neural residual error plus epsilon; higher predicts tabular,mean_of_seed_metrics,394,5,15,379,1.0,1.0,1.0,5,1.0,1.0,1.0,5,0.8904197638030892,0.8567870076703331,0.9180412243768409,5,0.17508144207239773,0.16145676153909766,0.19016140218195626,5,available,results/reviewer1_remaining/reliability_calibration/development/raw_parts/ReliabilityShift-boundary-020-calibration-development__rel_b010_l20_e1e6.csv.gz
ReliabilityShift-boundary-020-calibration-development,rel_b010_l5_e1e6,0.1,5.0,1e-06,post_shift_all,action_correctness,Evaluation rows where exactly one branch greedy action equals the analytic optimal action; target=1 means tabular is correct and neural is incorrect. Ties are excluded.,tabular_better,neural residual error divided by tabular plus neural residual error plus epsilon; higher predicts tabular,mean_of_seed_metrics,394,5,15,379,1.0,1.0,1.0,5,1.0,1.0,1.0,5,0.8851020410597643,0.8495372443648306,0.912314435944573,5,0.17559238348022624,0.161509292393902,0.19103900482446728,5,available,results/reviewer1_remaining/reliability_calibration/development/raw_parts/ReliabilityShift-boundary-020-calibration-development__rel_b010_l5_e1e6.csv.gz
ReliabilityShift-boundary-020-calibration-development,rel_b020_l10_e1e6,0.2,10.0,1e-06,post_shift_all,action_correctness,Evaluation rows where exactly one branch greedy action equals the analytic optimal action; target=1 means tabular is correct and neural is incorrect. Ties are excluded.,tabular_better,neural residual error divided by tabular plus neural residual error plus epsilon; higher predicts tabular,mean_of_seed_metrics,394,5,15,379,1.0,1.0,1.0,5,1.0,1.0,1.0,5,0.930468658513061,0.9033880678708265,0.9510822510822511,5,0.1291874942642812,0.1166486444511878,0.1454026297230663,5,available,results/reviewer1_remaining/reliability_calibration/development/raw_parts/ReliabilityShift-boundary-020-calibration-development__rel_b020_l10_e1e6.csv.gz
ReliabilityShift-boundary-020-calibration-development,rel_b020_l1_e1e6,0.2,1.0,1e-06,post_shift_all,action_correctness,Evaluation rows where exactly one branch greedy action equals the analytic optimal action; target=1 means tabular is correct and neural is incorrect. Ties are excluded.,tabular_better,neural residual error divided by tabular plus neural residual error plus epsilon; higher predicts tabular,mean_of_seed_metrics,394,5,15,379,1.0,1.0,1.0,5,1.0,1.0,1.0,5,0.930468658513061,0.9023331158947597,0.9510822510822511,5,0.12778704935598628,0.11513953386538826,0.1440804208336353,5,available,results/reviewer1_remaining/reliability_calibration/development/raw_parts/ReliabilityShift-boundary-020-calibration-development__rel_b020_l1_e1e6.csv.gz
ReliabilityShift-boundary-020-calibration-development,rel_b020_l20_e1e4,0.2,20.0,0.0001,post_shift_all,action_correctness,Evaluation rows where exactly one branch greedy action equals the analytic optimal action; target=1 means tabular is correct and neural is incorrect. Ties are excluded.,tabular_better,neural residual error divided by tabular plus neural residual error plus epsilon; higher predicts tabular,mean_of_seed_metrics,394,5,15,379,1.0,1.0,1.0,5,1.0,1.0,1.0,5,0.9346162993045374,0.9064807566862362,0.95542015062563,5,0.13081662258702462,0.11618013959273424,0.14693745881390366,5,available,results/reviewer1_remaining/reliability_calibration/development/raw_parts/ReliabilityShift-boundary-020-calibration-development__rel_b020_l20_e1e4.csv.gz
ReliabilityShift-boundary-020-calibration-development,rel_b020_l20_e1e8,0.2,20.0,1e-08,post_shift_all,action_correctness,Evaluation rows where exactly one branch greedy action equals the analytic optimal action; target=1 means tabular is correct and neural is incorrect. Ties are excluded.,tabular_better,neural residual error divided by tabular plus neural residual error plus epsilon; higher predicts tabular,mean_of_seed_metrics,394,5,15,379,1.0,1.0,1.0,5,1.0,1.0,1.0,5,0.9346162993045374,0.9061658456486044,0.95542015062563,5,0.13082801794221324,0.1161908972552074,0.14691949962211867,5,available,results/reviewer1_remaining/reliability_calibration/development/raw_parts/ReliabilityShift-boundary-020-calibration-development__rel_b020_l20_e1e8.csv.gz
ReliabilityShift-boundary-020-calibration-development,rel_b020_l5_e1e4,0.2,5.0,0.0001,post_shift_all,action_correctness,Evaluation rows where exactly one branch greedy action equals the analytic optimal action; target=1 means tabular is correct and neural is incorrect. Ties are excluded.,tabular_better,neural residual error divided by tabular plus neural residual error plus epsilon; higher predicts tabular,mean_of_seed_metrics,394,5,15,379,1.0,1.0,1.0,5,1.0,1.0,1.0,5,0.930468658513061,0.9033880678708265,0.9513360203015375,5,0.12845003386534803,0.11500872885496669,0.1445789405805248,5,available,results/reviewer1_remaining/reliability_calibration/development/raw_parts/ReliabilityShift-boundary-020-calibration-development__rel_b020_l5_e1e4.csv.gz
ReliabilityShift-boundary-020-calibration-development,rel_b020_l5_e1e8,0.2,5.0,1e-08,post_shift_all,action_correctness,Evaluation rows where exactly one branch greedy action equals the analytic optimal action; target=1 means tabular is correct and neural is incorrect. Ties are excluded.,tabular_better,neural residual error divided by tabular plus neural residual error plus epsilon; higher predicts tabular,mean_of_seed_metrics,394,5,15,379,1.0,1.0,1.0,5,1.0,1.0,1.0,5,0.930468658513061,0.9023331158947597,0.9510822510822511,5,0.12846029106479306,0.11576597241381567,0.14459071223857584,5,available,results/reviewer1_remaining/reliability_calibration/development/raw_parts/ReliabilityShift-boundary-020-calibration-development__rel_b020_l5_e1e8.csv.gz
ReliabilityShift-boundary-030-calibration-development,rel_b002_l10_e1e4,0.02,10.0,0.0001,post_shift_all,action_correctness,Evaluation rows where exactly one branch greedy action equals the analytic optimal action; target=1 means tabular is correct and neural is incorrect. Ties are excluded.,tabular_better,neural residual error divided by tabular plus neural residual error plus epsilon; higher predicts tabular,mean_of_seed_metrics,273,5,16,257,0.9117647058823529,0.7352941176470588,1.0,4,0.7690789473684211,0.3072368421052631,1.0,4,0.6694105691056911,0.5957317073170731,0.7291666666666666,4,0.2567765050746645,0.2435161123436847,0.2700368978056442,5,available,results/reviewer1_remaining/reliability_calibration/development/raw_parts/ReliabilityShift-boundary-030-calibration-development__rel_b002_l10_e1e4.csv.gz
ReliabilityShift-boundary-030-calibration-development,rel_b002_l10_e1e8,0.02,10.0,1e-08,post_shift_all,action_correctness,Evaluation rows where exactly one branch greedy action equals the analytic optimal action; target=1 means tabular is correct and neural is incorrect. Ties are excluded.,tabular_better,neural residual error divided by tabular plus neural residual error plus epsilon; higher predicts tabular,mean_of_seed_metrics,273,5,16,257,0.9117647058823529,0.7352941176470588,1.0,4,0.7690789473684211,0.3072368421052631,1.0,4,0.6694105691056911,0.5957317073170731,0.7291666666666666,4,0.25679977981337776,0.24353917659308916,0.26968743220270397,5,available,results/reviewer1_remaining/reliability_calibration/development/raw_parts/ReliabilityShift-boundary-030-calibration-development__rel_b002_l10_e1e8.csv.gz
ReliabilityShift-boundary-030-calibration-development,rel_b002_l1_e1e4,0.02,1.0,0.0001,post_shift_all,action_correctness,Evaluation rows where exactly one branch greedy action equals the analytic optimal action; target=1 means tabular is correct and neural is incorrect. Ties are excluded.,tabular_better,neural residual error divided by tabular plus neural residual error plus epsilon; higher predicts tabular,mean_of_seed_metrics,273,5,16,257,0.9264705882352942,0.7794117647058825,1.0,4,0.7725183823529411,0.31755514705882354,1.0,4,0.6475061803909575,0.5889135254988914,0.6839080459770115,4,0.2589246368395229,0.24572501691383147,0.2726146884360701,5,available,results/reviewer1_remaining/reliability_calibration/development/raw_parts/ReliabilityShift-boundary-030-calibration-development__rel_b002_l1_e1e4.csv.gz
ReliabilityShift-boundary-030-calibration-development,rel_b002_l1_e1e8,0.02,1.0,1e-08,post_shift_all,action_correctness,Evaluation rows where exactly one branch greedy action equals the analytic optimal action; target=1 means tabular is correct and neural is incorrect. Ties are excluded.,tabular_better,neural residual error divided by tabular plus neural residual error plus epsilon; higher predicts tabular,mean_of_seed_metrics,273,5,16,257,0.9264705882352942,0.7794117647058825,1.0,4,0.7725183823529411,0.31755514705882354,1.0,4,0.6475061803909575,0.5889135254988914,0.6839080459770115,4,0.2589464714535368,0.24588959077092615,0.2721463305652319,5,available,results/reviewer1_remaining/reliability_calibration/development/raw_parts/ReliabilityShift-boundary-030-calibration-development__rel_b002_l1_e1e8.csv.gz
ReliabilityShift-boundary-030-calibration-development,rel_b002_l20_e1e6,0.02,20.0,1e-06,post_shift_all,action_correctness,Evaluation rows where exactly one branch greedy action equals the analytic optimal action; target=1 means tabular is correct and neural is incorrect. Ties are excluded.,tabular_better,neural residual error divided by tabular plus neural residual error plus epsilon; higher predicts tabular,mean_of_seed_metrics,273,5,16,257,0.9081283422459893,0.7352941176470588,1.0,4,0.7381265664160401,0.3072368421052631,1.0,4,0.6716832963784183,0.5980044345898005,0.7295454545454545,4,0.25441718695600124,0.24112194622474584,0.2675946402361038,5,available,results/reviewer1_remaining/reliability_calibration/development/raw_parts/ReliabilityShift-boundary-030-calibration-development__rel_b002_l20_e1e6.csv.gz
ReliabilityShift-boundary-030-calibration-development,rel_b002_l5_e1e6,0.02,5.0,1e-06,post_shift_all,action_correctness,Evaluation rows where exactly one branch greedy action equals the analytic optimal action; target=1 means tabular is correct and neural is incorrect. Ties are excluded.,tabular_better,neural residual error divided by tabular plus neural residual error plus epsilon; higher predicts tabular,mean_of_seed_metrics,273,5,16,257,0.9117647058823529,0.7352941176470588,1.0,4,0.7690789473684211,0.30723684210526314,1.0,4,0.6629450518643117,0.5957317073170731,0.7120689655172414,4,0.2579704224054765,0.2447313156316629,0.2712095291792902,5,available,results/reviewer1_remaining/reliability_calibration/development/raw_parts/ReliabilityShift-boundary-030-calibration-development__rel_b002_l5_e1e6.csv.gz
ReliabilityShift-boundary-030-calibration-development,rel_b005_l10_e1e6,0.05,10.0,1e-06,post_shift_all,action_correctness,Evaluation rows where exactly one branch greedy action equals the analytic optimal action; target=1 means tabular is correct and neural is incorrect. Ties are excluded.,tabular_better,neural residual error divided by tabular plus neural residual error plus epsilon; higher predicts tabular,mean_of_seed_metrics,273,5,16,257,1.0,1.0,1.0,4,1.0,1.0,1.0,4,0.7479344039014796,0.6851871320437342,0.8099529780564263,4,0.22387644831952375,0.20565611400294723,0.2423379977644679,5,available,results/reviewer1_remaining/reliability_calibration/development/raw_parts/ReliabilityShift-boundary-030-calibration-development__rel_b005_l10_e1e6.csv.gz
ReliabilityShift-boundary-030-calibration-development,rel_b005_l1_e1e6,0.05,1.0,1e-06,post_shift_all,action_correctness,Evaluation rows where exactly one branch greedy action equals the analytic optimal action; target=1 means tabular is correct and neural is incorrect. Ties are excluded.,tabular_better,neural residual error divided by tabular plus neural residual error plus epsilon; higher predicts tabular,mean_of_seed_metrics,273,5,16,257,1.0,1.0,1.0,4,1.0,1.0,1.0,4,0.7479344039014796,0.6851871320437342,0.8099529780564263,4,0.22483646076679564,0.20719535726891586,0.2430182726050044,5,available,results/reviewer1_remaining/reliability_calibration/development/raw_parts/ReliabilityShift-boundary-030-calibration-development__rel_b005_l1_e1e6.csv.gz
ReliabilityShift-boundary-030-calibration-development,rel_b005_l20_e1e4,0.05,20.0,0.0001,post_shift_all,action_correctness,Evaluation rows where exactly one branch greedy action equals the analytic optimal action; target=1 means tabular is correct and neural is incorrect. Ties are excluded.,tabular_better,neural residual error divided by tabular plus neural residual error plus epsilon; higher predicts tabular,mean_of_seed_metrics,273,5,16,257,1.0,1.0,1.0,4,1.0,1.0,1.0,4,0.7479344039014796,0.6851871320437343,0.8099529780564263,4,0.22296326129914007,0.20491512217794877,0.24121273793152462,5,available,results/reviewer1_remaining/reliability_calibration/development/raw_parts/ReliabilityShift-boundary-030-calibration-development__rel_b005_l20_e1e4.csv.gz
ReliabilityShift-boundary-030-calibration-development,rel_b005_l20_e1e8,0.05,20.0,1e-08,post_shift_all,action_correctness,Evaluation rows where exactly one branch greedy action equals the analytic optimal action; target=1 means tabular is correct and neural is incorrect. Ties are excluded.,tabular_better,neural residual error divided by tabular plus neural residual error plus epsilon; higher predicts tabular,mean_of_seed_metrics,273,5,16,257,1.0,1.0,1.0,4,1.0,1.0,1.0,4,0.7479344039014796,0.6851871320437342,0.8099529780564263,4,0.2229818495042573,0.2049327862139946,0.24109100451871956,5,available,results/reviewer1_remaining/reliability_calibration/development/raw_parts/ReliabilityShift-boundary-030-calibration-development__rel_b005_l20_e1e8.csv.gz
ReliabilityShift-boundary-030-calibration-development,rel_b005_l5_e1e4,0.05,5.0,0.0001,post_shift_all,action_correctness,Evaluation rows where exactly one branch greedy action equals the analytic optimal action; target=1 means tabular is correct and neural is incorrect. Ties are excluded.,tabular_better,neural residual error divided by tabular plus neural residual error plus epsilon; higher predicts tabular,mean_of_seed_metrics,273,5,16,257,1.0,1.0,1.0,4,1.0,1.0,1.0,4,0.7479344039014796,0.6851871320437343,0.8099529780564263,4,0.22447132212247561,0.20638456459726767,0.2430454502660786,5,available,results/reviewer1_remaining/reliability_calibration/development/raw_parts/ReliabilityShift-boundary-030-calibration-development__rel_b005_l5_e1e4.csv.gz
ReliabilityShift-boundary-030-calibration-development,rel_b005_l5_e1e8,0.05,5.0,1e-08,post_shift_all,action_correctness,Evaluation rows where exactly one branch greedy action equals the analytic optimal action; target=1 means tabular is correct and neural is incorrect. Ties are excluded.,tabular_better,neural residual error divided by tabular plus neural residual error plus epsilon; higher predicts tabular,mean_of_seed_metrics,273,5,16,257,1.0,1.0,1.0,4,1.0,1.0,1.0,4,0.7479344039014796,0.6851871320437343,0.8099529780564263,4,0.22448804379081516,0.20640036700202788,0.24266052837336494,5,available,results/reviewer1_remaining/reliability_calibration/development/raw_parts/ReliabilityShift-boundary-030-calibration-development__rel_b005_l5_e1e8.csv.gz
ReliabilityShift-boundary-030-calibration-development,rel_b010_l10_e1e4,0.1,10.0,0.0001,post_shift_all,action_correctness,Evaluation rows where exactly one branch greedy action equals the analytic optimal action; target=1 means tabular is correct and neural is incorrect. Ties are excluded.,tabular_better,neural residual error divided by tabular plus neural residual error plus epsilon; higher predicts tabular,mean_of_seed_metrics,273,5,16,257,1.0,1.0,1.0,4,1.0,1.0,1.0,4,0.8596503487854352,0.8103658536585365,0.9025862068965518,4,0.18658300996215155,0.16743323036643898,0.20810892963040545,5,available,results/reviewer1_remaining/reliability_calibration/development/raw_parts/ReliabilityShift-boundary-030-calibration-development__rel_b010_l10_e1e4.csv.gz
ReliabilityShift-boundary-030-calibration-development,rel_b010_l10_e1e8,0.1,10.0,1e-08,post_shift_all,action_correctness,Evaluation rows where exactly one branch greedy action equals the analytic optimal action; target=1 means tabular is correct and neural is incorrect. Ties are excluded.,tabular_better,neural residual error divided by tabular plus neural residual error plus epsilon; higher predicts tabular,mean_of_seed_metrics,273,5,16,257,1.0,1.0,1.0,4,1.0,1.0,1.0,4,0.8596503487854352,0.8100717360114777,0.9025862068965518,4,0.18659653453476202,0.1674454499423952,0.20812459060878682,5,available,results/reviewer1_remaining/reliability_calibration/development/raw_parts/ReliabilityShift-boundary-030-calibration-development__rel_b010_l10_e1e8.csv.gz
ReliabilityShift-boundary-030-calibration-development,rel_b010_l1_e1e4,0.1,1.0,0.0001,post_shift_all,action_correctness,Evaluation rows where exactly one branch greedy action equals the analytic optimal action; target=1 means tabular is correct and neural is incorrect. Ties are excluded.,tabular_better,neural residual error divided by tabular plus neural residual error plus epsilon; higher predicts tabular,mean_of_seed_metrics,273,5,16,257,1.0,1.0,1.0,4,1.0,1.0,1.0,4,0.865747909761045,0.8286585365853659,0.9038793103448275,4,0.18640354441395826,0.16724185716074916,0.20815791533564848,5,available,results/reviewer1_remaining/reliability_calibration/development/raw_parts/ReliabilityShift-boundary-030-calibration-development__rel_b010_l1_e1e4.csv.gz
ReliabilityShift-boundary-030-calibration-development,rel_b010_l1_e1e8,0.1,1.0,1e-08,post_shift_all,action_correctness,Evaluation rows where exactly one branch greedy action equals the analytic optimal action; target=1 means tabular is correct and neural is incorrect. Ties are excluded.,tabular_better,neural residual error divided by tabular plus neural residual error plus epsilon; higher predicts tabular,mean_of_seed_metrics,273,5,16,257,1.0,1.0,1.0,4,1.0,1.0,1.0,4,0.865747909761045,0.8286585365853658,0.9025862068965518,4,0.1864161473353584,0.1672532149107701,0.20802656248533405,5,available,results/reviewer1_remaining/reliability_calibration/development/raw_parts/ReliabilityShift-boundary-030-calibration-development__rel_b010_l1_e1e8.csv.gz
ReliabilityShift-boundary-030-calibration-development,rel_b010_l20_e1e6,0.1,20.0,1e-06,post_shift_all,action_correctness,Evaluation rows where exactly one branch greedy action equals the analytic optimal action; target=1 means tabular is correct and neural is incorrect. Ties are excluded.,tabular_better,neural residual error divided by tabular plus neural residual error plus epsilon; higher predicts tabular,mean_of_seed_metrics,273,5,16,257,1.0,1.0,1.0,4,1.0,1.0,1.0,4,0.8596503487854352,0.8103658536585365,0.9025862068965518,4,0.18683663911678733,0.16773269295635612,0.20829543615573326,5,available,results/reviewer1_remaining/reliability_calibration/development/raw_parts/ReliabilityShift-boundary-030-calibration-development__rel_b010_l20_e1e6.csv.gz
ReliabilityShift-boundary-030-calibration-development,rel_b010_l5_e1e6,0.1,5.0,1e-06,post_shift_all,action_correctness,Evaluation rows where exactly one branch greedy action equals the analytic optimal action; target=1 means tabular is correct and neural is incorrect. Ties are excluded.,tabular_better,neural residual error divided by tabular plus neural residual error plus epsilon; higher predicts tabular,mean_of_seed_metrics,273,5,16,257,1.0,1.0,1.0,4,1.0,1.0,1.0,4,0.865747909761045,0.8286585365853658,0.9025862068965518,4,0.18650367356302872,0.16735442595364078,0.20807507647136125,5,available,results/reviewer1_remaining/reliability_calibration/development/raw_parts/ReliabilityShift-boundary-030-calibration-development__rel_b010_l5_e1e6.csv.gz
ReliabilityShift-boundary-030-calibration-development,rel_b020_l10_e1e6,0.2,10.0,1e-06,post_shift_all,action_correctness,Evaluation rows where exactly one branch greedy action equals the analytic optimal action; target=1 means tabular is correct and neural is incorrect. Ties are excluded.,tabular_better,neural residual error divided by tabular plus neural residual error plus epsilon; higher predicts tabular,mean_of_seed_metrics,266,5,16,250,1.0,1.0,1.0,4,1.0,1.0,1.0,4,0.9046046036479174,0.8537694013303769,0.9352969348659005,4,0.1460658657195737,0.13052949774649042,0.16697202834216446,5,available,results/reviewer1_remaining/reliability_calibration/development/raw_parts/ReliabilityShift-boundary-030-calibration-development__rel_b020_l10_e1e6.csv.gz
ReliabilityShift-boundary-030-calibration-development,rel_b020_l1_e1e6,0.2,1.0,1e-06,post_shift_all,action_correctness,Evaluation rows where exactly one branch greedy action equals the analytic optimal action; target=1 means tabular is correct and neural is incorrect. Ties are excluded.,tabular_better,neural residual error divided by tabular plus neural residual error plus epsilon; higher predicts tabular,mean_of_seed_metrics,266,5,16,250,1.0,1.0,1.0,4,1.0,1.0,1.0,4,0.9046046036479174,0.8537694013303769,0.9352969348659005,4,0.1451859052677847,0.12953312964899993,0.16634889703872563,5,available,results/reviewer1_remaining/reliability_calibration/development/raw_parts/ReliabilityShift-boundary-030-calibration-development__rel_b020_l1_e1e6.csv.gz
ReliabilityShift-boundary-030-calibration-development,rel_b020_l20_e1e4,0.2,20.0,0.0001,post_shift_all,action_correctness,Evaluation rows where exactly one branch greedy action equals the analytic optimal action; target=1 means tabular is correct and neural is incorrect. Ties are excluded.,tabular_better,neural residual error divided by tabular plus neural residual error plus epsilon; higher predicts tabular,mean_of_seed_metrics,266,5,16,250,1.0,1.0,1.0,4,1.0,1.0,1.0,4,0.8985070426723076,0.8354767184035476,0.9352969348659005,4,0.14718212650281678,0.13163342334808031,0.16813006642530423,5,available,results/reviewer1_remaining/reliability_calibration/development/raw_parts/ReliabilityShift-boundary-030-calibration-development__rel_b020_l20_e1e4.csv.gz
ReliabilityShift-boundary-030-calibration-development,rel_b020_l20_e1e8,0.2,20.0,1e-08,post_shift_all,action_correctness,Evaluation rows where exactly one branch greedy action equals the analytic optimal action; target=1 means tabular is correct and neural is incorrect. Ties are excluded.,tabular_better,neural residual error divided by tabular plus neural residual error plus epsilon; higher predicts tabular,mean_of_seed_metrics,266,5,16,250,1.0,1.0,1.0,4,1.0,1.0,1.0,4,0.8985070426723076,0.8354767184035476,0.9352969348659005,4,0.14719405629560037,0.1322176252295054,0.16814317734922202,5,available,results/reviewer1_remaining/reliability_calibration/development/raw_parts/ReliabilityShift-boundary-030-calibration-development__rel_b020_l20_e1e8.csv.gz
ReliabilityShift-boundary-030-calibration-development,rel_b020_l5_e1e4,0.2,5.0,0.0001,post_shift_all,action_correctness,Evaluation rows where exactly one branch greedy action equals the analytic optimal action; target=1 means tabular is correct and neural is incorrect. Ties are excluded.,tabular_better,neural residual error divided by tabular plus neural residual error plus epsilon; higher predicts tabular,mean_of_seed_metrics,266,5,16,250,1.0,1.0,1.0,4,1.0,1.0,1.0,4,0.9046046036479174,0.8537694013303769,0.9352969348659005,4,0.1455642723747467,0.1299651658922571,0.1648877958186817,5,available,results/reviewer1_remaining/reliability_calibration/development/raw_parts/ReliabilityShift-boundary-030-calibration-development__rel_b020_l5_e1e4.csv.gz
ReliabilityShift-boundary-030-calibration-development,rel_b020_l5_e1e8,0.2,5.0,1e-08,post_shift_all,action_correctness,Evaluation rows where exactly one branch greedy action equals the analytic optimal action; target=1 means tabular is correct and neural is incorrect. Ties are excluded.,tabular_better,neural residual error divided by tabular plus neural residual error plus epsilon; higher predicts tabular,mean_of_seed_metrics,266,5,16,250,1.0,1.0,1.0,4,1.0,1.0,1.0,4,0.9046046036479174,0.853769401330377,0.9352969348659005,4,0.14557486508177828,0.12997416779590634,0.16661722897354414,5,available,results/reviewer1_remaining/reliability_calibration/development/raw_parts/ReliabilityShift-boundary-030-calibration-development__rel_b020_l5_e1e8.csv.gz
ReliabilityShift-boundary-020-calibration-development,rel_b002_l10_e1e4,0.02,10.0,0.0001,post_shift_all,value_error,Evaluation rows with analytic full-action Q*: target=1 means the tabular Q-vector RMSE is lower than the neural Q-vector RMSE. Numerical ties are excluded.,tabular_better,neural residual error divided by tabular plus neural residual error plus epsilon; higher predicts tabular,mean_of_seed_metrics,2870,5,804,2066,0.6529290591417535,0.5832897165572826,0.7253992545143448,5,0.4327274532424868,0.39271110508969814,0.4814114432406872,5,0.6260579658662714,0.580765988679268,0.6732581811997521,5,0.24159604859560493,0.23525040318673313,0.24623355495284982,5,available,results/reviewer1_remaining/reliability_calibration/development/raw_parts/ReliabilityShift-boundary-020-calibration-development__rel_b002_l10_e1e4.csv.gz
ReliabilityShift-boundary-020-calibration-development,rel_b002_l10_e1e8,0.02,10.0,1e-08,post_shift_all,value_error,Evaluation rows with analytic full-action Q*: target=1 means the tabular Q-vector RMSE is lower than the neural Q-vector RMSE. Numerical ties are excluded.,tabular_better,neural residual error divided by tabular plus neural residual error plus epsilon; higher predicts tabular,mean_of_seed_metrics,2870,5,804,2066,0.6530245976516824,0.5833285149166663,0.7255467132618089,5,0.43275383430485037,0.3928940590163823,0.4856067524754626,5,0.6260579658662714,0.5807659886792678,0.6732581811997521,5,0.24161382445848728,0.23527195176162458,0.24619656822638142,5,available,results/reviewer1_remaining/reliability_calibration/development/raw_parts/ReliabilityShift-boundary-020-calibration-development__rel_b002_l10_e1e8.csv.gz
ReliabilityShift-boundary-020-calibration-development,rel_b002_l1_e1e4,0.02,1.0,0.0001,post_shift_all,value_error,Evaluation rows with analytic full-action Q*: target=1 means the tabular Q-vector RMSE is lower than the neural Q-vector RMSE. Numerical ties are excluded.,tabular_better,neural residual error divided by tabular plus neural residual error plus epsilon; higher predicts tabular,mean_of_seed_metrics,2870,5,804,2066,0.6656881422552018,0.5987367228092958,0.7342118375967686,5,0.4305492658721478,0.3882289495400467,0.4849450683301132,5,0.6385944277671912,0.5874306881005367,0.6923730653578177,5,0.24167363702299793,0.2359465977435613,0.24595161649790662,5,available,results/reviewer1_remaining/reliability_calibration/development/raw_parts/ReliabilityShift-boundary-020-calibration-development__rel_b002_l1_e1e4.csv.gz
ReliabilityShift-boundary-020-calibration-development,rel_b002_l1_e1e8,0.02,1.0,1e-08,post_shift_all,value_error,Evaluation rows with analytic full-action Q*: target=1 means the tabular Q-vector RMSE is lower than the neural Q-vector RMSE. Numerical ties are excluded.,tabular_better,neural residual error divided by tabular plus neural residual error plus epsilon; higher predicts tabular,mean_of_seed_metrics,2870,5,804,2066,0.6657398042629696,0.5987786497725258,0.7327009587534135,5,0.43056620630042464,0.38827334139504915,0.4820857863040356,5,0.6385944277671912,0.5848157901765646,0.6916944216786503,5,0.24169129337954365,0.23532856880221073,0.2459661274521941,5,available,results/reviewer1_remaining/reliability_calibration/development/raw_parts/ReliabilityShift-boundary-020-calibration-development__rel_b002_l1_e1e8.csv.gz
ReliabilityShift-boundary-020-calibration-development,rel_b002_l20_e1e6,0.02,20.0,1e-06,post_shift_all,value_error,Evaluation rows with analytic full-action Q*: target=1 means the tabular Q-vector RMSE is lower than the neural Q-vector RMSE. Numerical ties are excluded.,tabular_better,neural residual error divided by tabular plus neural residual error plus epsilon; higher predicts tabular,mean_of_seed_metrics,2870,5,804,2066,0.6396109113218641,0.5693107518987053,0.7137319339369582,5,0.43226781155790467,0.39445047381092324,0.4859908195624964,5,0.616352447843897,0.5711581521809072,0.6674349768795149,5,0.24137035709498456,0.23445640969585285,0.24660177994546104,5,available,results/reviewer1_remaining/reliability_calibration/development/raw_parts/ReliabilityShift-boundary-020-calibration-development__rel_b002_l20_e1e6.csv.gz
ReliabilityShift-boundary-020-calibration-development,rel_b002_l5_e1e6,0.02,5.0,1e-06,post_shift_all,value_error,Evaluation rows with analytic full-action Q*: target=1 means the tabular Q-vector RMSE is lower than the neural Q-vector RMSE. Numerical ties are excluded.,tabular_better,neural residual error divided by tabular plus neural residual error plus epsilon; higher predicts tabular,mean_of_seed_metrics,2870,5,804,2066,0.6598834049256943,0.5911934799536304,0.7311131438395864,5,0.4306224813152685,0.3895028839294608,0.4806983452710001,5,0.6292404333928077,0.5816133633255431,0.6826448340306068,5,0.2416787146051306,0.23566174464756515,0.2461746282449698,5,available,results/reviewer1_remaining/reliability_calibration/development/raw_parts/ReliabilityShift-boundary-020-calibration-development__rel_b002_l5_e1e6.csv.gz
ReliabilityShift-boundary-020-calibration-development,rel_b005_l10_e1e6,0.05,10.0,1e-06,post_shift_all,value_error,Evaluation rows with analytic full-action Q*: target=1 means the tabular Q-vector RMSE is lower than the neural Q-vector RMSE. Numerical ties are excluded.,tabular_better,neural residual error divided by tabular plus neural residual error plus epsilon; higher predicts tabular,mean_of_seed_metrics,2870,5,804,2066,0.7364735262003901,0.6653532965561999,0.811458803431897,5,0.5733273504323491,0.5126357476058473,0.6423125261223835,5,0.6743056810878858,0.6334478414636932,0.7157270781010088,5,0.21239428294461687,0.19911309123460827,0.22297983985401518,5,available,results/reviewer1_remaining/reliability_calibration/development/raw_parts/ReliabilityShift-boundary-020-calibration-development__rel_b005_l10_e1e6.csv.gz
ReliabilityShift-boundary-020-calibration-development,rel_b005_l1_e1e6,0.05,1.0,1e-06,post_shift_all,value_error,Evaluation rows with analytic full-action Q*: target=1 means the tabular Q-vector RMSE is lower than the neural Q-vector RMSE. Numerical ties are excluded.,tabular_better,neural residual error divided by tabular plus neural residual error plus epsilon; higher predicts tabular,mean_of_seed_metrics,2870,5,804,2066,0.7479139455722497,0.6802994462790869,0.8175994311950913,5,0.5798757249599542,0.5214016578865011,0.6447145408856306,5,0.6816325400748824,0.6362514073377311,0.726360837007619,5,0.2084804200038537,0.1947447988893633,0.2188788366774484,5,available,results/reviewer1_remaining/reliability_calibration/development/raw_parts/ReliabilityShift-boundary-020-calibration-development__rel_b005_l1_e1e6.csv.gz
ReliabilityShift-boundary-020-calibration-development,rel_b005_l20_e1e4,0.05,20.0,0.0001,post_shift_all,value_error,Evaluation rows with analytic full-action Q*: target=1 means the tabular Q-vector RMSE is lower than the neural Q-vector RMSE. Numerical ties are excluded.,tabular_better,neural residual error divided by tabular plus neural residual error plus epsilon; higher predicts tabular,mean_of_seed_metrics,2870,5,804,2066,0.7226683931212029,0.6479453493853095,0.802912216626505,5,0.5626136402291569,0.5007119358516081,0.6317058900845314,5,0.6658156627562045,0.6271018495684993,0.7147175113012458,5,0.21527434434213194,0.20050108641845305,0.2263940607538797,5,available,results/reviewer1_remaining/reliability_calibration/development/raw_parts/ReliabilityShift-boundary-020-calibration-development__rel_b005_l20_e1e4.csv.gz
ReliabilityShift-boundary-020-calibration-development,rel_b005_l20_e1e8,0.05,20.0,1e-08,post_shift_all,value_error,Evaluation rows with analytic full-action Q*: target=1 means the tabular Q-vector RMSE is lower than the neural Q-vector RMSE. Numerical ties are excluded.,tabular_better,neural residual error divided by tabular plus neural residual error plus epsilon; higher predicts tabular,mean_of_seed_metrics,2870,5,804,2066,0.7227198961424306,0.6479557668249705,0.8028944432828256,5,0.5626579922854263,0.5007524132724819,0.6317597305826149,5,0.6658156627562045,0.6271018495684993,0.7067276578256296,5,0.21529524308056658,0.20120793314630006,0.22640978786009822,5,available,results/reviewer1_remaining/reliability_calibration/development/raw_parts/ReliabilityShift-boundary-020-calibration-development__rel_b005_l20_e1e8.csv.gz
ReliabilityShift-boundary-020-calibration-development,rel_b005_l5_e1e4,0.05,5.0,0.0001,post_shift_all,value_error,Evaluation rows with analytic full-action Q*: target=1 means the tabular Q-vector RMSE is lower than the neural Q-vector RMSE. Numerical ties are excluded.,tabular_better,neural residual error divided by tabular plus neural residual error plus epsilon; higher predicts tabular,mean_of_seed_metrics,2870,5,804,2066,0.7429184569649789,0.6743760615131199,0.8150924332136977,5,0.577266692376756,0.5158285703377953,0.645573263320925,5,0.676118448245103,0.6318656717412805,0.7206817035252858,5,0.21038807460847542,0.19661125973500793,0.2208746465770972,5,available,results/reviewer1_remaining/reliability_calibration/development/raw_parts/ReliabilityShift-boundary-020-calibration-development__rel_b005_l5_e1e4.csv.gz
ReliabilityShift-boundary-020-calibration-development,rel_b005_l5_e1e8,0.05,5.0,1e-08,post_shift_all,value_error,Evaluation rows with analytic full-action Q*: target=1 means the tabular Q-vector RMSE is lower than the neural Q-vector RMSE. Numerical ties are excluded.,tabular_better,neural residual error divided by tabular plus neural residual error plus epsilon; higher predicts tabular,mean_of_seed_metrics,2870,5,804,2066,0.7431038535742169,0.6747477345387549,0.8151903118073449,5,0.577489385728794,0.5181554884180067,0.6438056534345142,5,0.676118448245103,0.6328089824508837,0.7226435292845494,5,0.21041003587426949,0.1966411451927469,0.220889673629351,5,available,results/reviewer1_remaining/reliability_calibration/development/raw_parts/ReliabilityShift-boundary-020-calibration-development__rel_b005_l5_e1e8.csv.gz
ReliabilityShift-boundary-020-calibration-development,rel_b010_l10_e1e4,0.1,10.0,0.0001,post_shift_all,value_error,Evaluation rows with analytic full-action Q*: target=1 means the tabular Q-vector RMSE is lower than the neural Q-vector RMSE. Numerical ties are excluded.,tabular_better,neural residual error divided by tabular plus neural residual error plus epsilon; higher predicts tabular,mean_of_seed_metrics,2870,5,802,2068,0.8028175427605218,0.7370003623102492,0.8686347232107943,5,0.6675006991461742,0.6125402757281899,0.7275246443207983,5,0.73227840362791,0.6856819731649437,0.7805666544272702,5,0.18114649583613174,0.16350170402658204,0.19738175085982618,5,available,results/reviewer1_remaining/reliability_calibration/development/raw_parts/ReliabilityShift-boundary-020-calibration-development__rel_b010_l10_e1e4.csv.gz
ReliabilityShift-boundary-020-calibration-development,rel_b010_l10_e1e8,0.1,10.0,1e-08,post_shift_all,value_error,Evaluation rows with analytic full-action Q*: target=1 means the tabular Q-vector RMSE is lower than the neural Q-vector RMSE. Numerical ties are excluded.,tabular_better,neural residual error divided by tabular plus neural residual error plus epsilon; higher predicts tabular,mean_of_seed_metrics,2870,5,802,2068,0.8029252547172063,0.7370933521570119,0.8659350764401269,5,0.6675442740071552,0.6146720787593992,0.7211311571726945,5,0.73227840362791,0.685681973164944,0.7775175495485083,5,0.1811682423279321,0.1624644605070729,0.19739607280256583,5,available,results/reviewer1_remaining/reliability_calibration/development/raw_parts/ReliabilityShift-boundary-020-calibration-development__rel_b010_l10_e1e8.csv.gz
ReliabilityShift-boundary-020-calibration-development,rel_b010_l1_e1e4,0.1,1.0,0.0001,post_shift_all,value_error,Evaluation rows with analytic full-action Q*: target=1 means the tabular Q-vector RMSE is lower than the neural Q-vector RMSE. Numerical ties are excluded.,tabular_better,neural residual error divided by tabular plus neural residual error plus epsilon; higher predicts tabular,mean_of_seed_metrics,2870,5,802,2068,0.8115086812537877,0.7439777557382252,0.873516754067226,5,0.6766027227389217,0.6158921674715917,0.7296120247545316,5,0.7301761107806289,0.6812220650194,0.7791301565418578,5,0.17111796724985986,0.1528186647990088,0.18774548983146072,5,available,results/reviewer1_remaining/reliability_calibration/development/raw_parts/ReliabilityShift-boundary-020-calibration-development__rel_b010_l1_e1e4.csv.gz
ReliabilityShift-boundary-020-calibration-development,rel_b010_l1_e1e8,0.1,1.0,1e-08,post_shift_all,value_error,Evaluation rows with analytic full-action Q*: target=1 means the tabular Q-vector RMSE is lower than the neural Q-vector RMSE. Numerical ties are excluded.,tabular_better,neural residual error divided by tabular plus neural residual error plus epsilon; higher predicts tabular,mean_of_seed_metrics,2870,5,802,2068,0.8115807025808209,0.7494565006557604,0.8736135282607744,5,0.6767992240116675,0.6241479962713593,0.732612462756638,5,0.7301761107806289,0.6823193996058865,0.7770731485266711,5,0.17113778887512784,0.15284722964361447,0.18779703399638556,5,available,results/reviewer1_remaining/reliability_calibration/development/raw_parts/ReliabilityShift-boundary-020-calibration-development__rel_b010_l1_e1e8.csv.gz
ReliabilityShift-boundary-020-calibration-development,rel_b010_l20_e1e6,0.1,20.0,1e-06,post_shift_all,value_error,Evaluation rows with analytic full-action Q*: target=1 means the tabular Q-vector RMSE is lower than the neural Q-vector RMSE. Numerical ties are excluded.,tabular_better,neural residual error divided by tabular plus neural residual error plus epsilon; higher predicts tabular,mean_of_seed_metrics,2870,5,802,2068,0.7890698489868943,0.7210599790398718,0.863581536998398,5,0.6558038396981888,0.6000335323540009,0.7155943221130756,5,0.7321617603043844,0.6814699848711145,0.7789991126468354,5,0.18858282301884724,0.16972469364515824,0.2039784065139838,5,available,results/reviewer1_remaining/reliability_calibration/development/raw_parts/ReliabilityShift-boundary-020-calibration-development__rel_b010_l20_e1e6.csv.gz
ReliabilityShift-boundary-020-calibration-development,rel_b010_l5_e1e6,0.1,5.0,1e-06,post_shift_all,value_error,Evaluation rows with analytic full-action Q*: target=1 means the tabular Q-vector RMSE is lower than the neural Q-vector RMSE. Numerical ties are excluded.,tabular_better,neural residual error divided by tabular plus neural residual error plus epsilon; higher predicts tabular,mean_of_seed_metrics,2870,5,802,2068,0.8080496136973554,0.7439361988710493,0.8721630285236619,5,0.6727412349621271,0.6191175531670405,0.7261849064364985,5,0.7320239892448456,0.6865044330544692,0.777543545435222,5,0.176078347226802,0.15754794542321934,0.19247508965419596,5,available,results/reviewer1_remaining/reliability_calibration/development/raw_parts/ReliabilityShift-boundary-020-calibration-development__rel_b010_l5_e1e6.csv.gz
ReliabilityShift-boundary-020-calibration-development,rel_b020_l10_e1e6,0.2,10.0,1e-06,post_shift_all,value_error,Evaluation rows with analytic full-action Q*: target=1 means the tabular Q-vector RMSE is lower than the neural Q-vector RMSE. Numerical ties are excluded.,tabular_better,neural residual error divided by tabular plus neural residual error plus epsilon; higher predicts tabular,mean_of_seed_metrics,2870,5,799,2071,0.8401883901769235,0.7805558151435139,0.8998209652103333,5,0.7318595033046137,0.6692557731296375,0.786266818856999,5,0.7527603168419861,0.7048375633261317,0.8012970663294148,5,0.16210427880787606,0.14284220130082415,0.18136635631492795,5,available,results/reviewer1_remaining/reliability_calibration/development/raw_parts/ReliabilityShift-boundary-020-calibration-development__rel_b020_l10_e1e6.csv.gz
ReliabilityShift-boundary-020-calibration-development,rel_b020_l1_e1e6,0.2,1.0,1e-06,post_shift_all,value_error,Evaluation rows with analytic full-action Q*: target=1 means the tabular Q-vector RMSE is lower than the neural Q-vector RMSE. Numerical ties are excluded.,tabular_better,neural residual error divided by tabular plus neural residual error plus epsilon; higher predicts tabular,mean_of_seed_metrics,2870,5,801,2069,0.8533960611660791,0.7997676189643906,0.9047869932074661,5,0.7414821464455645,0.6789319800424768,0.7916703393407507,5,0.7603817197264696,0.7176274540827136,0.8031359853702256,5,0.14670542334755457,0.1289078768602121,0.16383124975505028,5,available,results/reviewer1_remaining/reliability_calibration/development/raw_parts/ReliabilityShift-boundary-020-calibration-development__rel_b020_l1_e1e6.csv.gz
ReliabilityShift-boundary-020-calibration-development,rel_b020_l20_e1e4,0.2,20.0,0.0001,post_shift_all,value_error,Evaluation rows with analytic full-action Q*: target=1 means the tabular Q-vector RMSE is lower than the neural Q-vector RMSE. Numerical ties are excluded.,tabular_better,neural residual error divided by tabular plus neural residual error plus epsilon; higher predicts tabular,mean_of_seed_metrics,2870,5,801,2069,0.8228509134886961,0.7602423151159836,0.8900992861843914,5,0.7169970205474595,0.6536521813374124,0.7770757705935664,5,0.7470933706963848,0.686556811042096,0.8091927140674204,5,0.17267597970730103,0.15286169638562075,0.1924902630289813,5,available,results/reviewer1_remaining/reliability_calibration/development/raw_parts/ReliabilityShift-boundary-020-calibration-development__rel_b020_l20_e1e4.csv.gz
ReliabilityShift-boundary-020-calibration-development,rel_b020_l20_e1e8,0.2,20.0,1e-08,post_shift_all,value_error,Evaluation rows with analytic full-action Q*: target=1 means the tabular Q-vector RMSE is lower than the neural Q-vector RMSE. Numerical ties are excluded.,tabular_better,neural residual error divided by tabular plus neural residual error plus epsilon; higher predicts tabular,mean_of_seed_metrics,2870,5,801,2069,0.8228900508437219,0.748381299294701,0.888535903148002,5,0.7170312213373871,0.6549305314592112,0.779496547826008,5,0.7470933706963848,0.6866249971973224,0.8091927140674204,5,0.17270057370157846,0.15076685020096042,0.1925068784292901,5,available,results/reviewer1_remaining/reliability_calibration/development/raw_parts/ReliabilityShift-boundary-020-calibration-development__rel_b020_l20_e1e8.csv.gz
ReliabilityShift-boundary-020-calibration-development,rel_b020_l5_e1e4,0.2,5.0,0.0001,post_shift_all,value_error,Evaluation rows with analytic full-action Q*: target=1 means the tabular Q-vector RMSE is lower than the neural Q-vector RMSE. Numerical ties are excluded.,tabular_better,neural residual error divided by tabular plus neural residual error plus epsilon; higher predicts tabular,mean_of_seed_metrics,2870,5,799,2071,0.848437168271644,0.7929074648348119,0.9012429425677364,5,0.7386701562079605,0.6756886607813272,0.7913332445445997,5,0.7637323185164522,0.7162977220188456,0.8111669150140586,5,0.15439232289713464,0.13577173914687496,0.17301290664739435,5,available,results/reviewer1_remaining/reliability_calibration/development/raw_parts/ReliabilityShift-boundary-020-calibration-development__rel_b020_l5_e1e4.csv.gz
ReliabilityShift-boundary-020-calibration-development,rel_b020_l5_e1e8,0.2,5.0,1e-08,post_shift_all,value_error,Evaluation rows with analytic full-action Q*: target=1 means the tabular Q-vector RMSE is lower than the neural Q-vector RMSE. Numerical ties are excluded.,tabular_better,neural residual error divided by tabular plus neural residual error plus epsilon; higher predicts tabular,mean_of_seed_metrics,2870,5,799,2071,0.848567954297808,0.7931382904474382,0.9039976181481778,5,0.7388043353143278,0.6759039674043326,0.7913739435408219,5,0.7637323185164522,0.7162977220188456,0.8092344026309591,5,0.154415191566222,0.13580397461282198,0.17302994675396643,5,available,results/reviewer1_remaining/reliability_calibration/development/raw_parts/ReliabilityShift-boundary-020-calibration-development__rel_b020_l5_e1e8.csv.gz
ReliabilityShift-boundary-030-calibration-development,rel_b002_l10_e1e4,0.02,10.0,0.0001,post_shift_all,value_error,Evaluation rows with analytic full-action Q*: target=1 means the tabular Q-vector RMSE is lower than the neural Q-vector RMSE. Numerical ties are excluded.,tabular_better,neural residual error divided by tabular plus neural residual error plus epsilon; higher predicts tabular,mean_of_seed_metrics,2870,5,724,2146,0.7301368251285615,0.6709992180719762,0.7862644855108164,5,0.4363295204790285,0.3517956660852019,0.5248791273315127,5,0.6993747983325376,0.6609970579283848,0.7434357623700616,5,0.23547439642187734,0.2293194294304261,0.2407378296640988,5,available,results/reviewer1_remaining/reliability_calibration/development/raw_parts/ReliabilityShift-boundary-030-calibration-development__rel_b002_l10_e1e4.csv.gz
ReliabilityShift-boundary-030-calibration-development,rel_b002_l10_e1e8,0.02,10.0,1e-08,post_shift_all,value_error,Evaluation rows with analytic full-action Q*: target=1 means the tabular Q-vector RMSE is lower than the neural Q-vector RMSE. Numerical ties are excluded.,tabular_better,neural residual error divided by tabular plus neural residual error plus epsilon; higher predicts tabular,mean_of_seed_metrics,2870,5,724,2146,0.7301527844759199,0.6710368228078667,0.7862243791491631,5,0.4363344721837155,0.3517655574624019,0.5248705391385386,5,0.6991209912259386,0.6607432508217859,0.7431819552634626,5,0.2354974490469967,0.229371145437289,0.24086049422167263,5,available,results/reviewer1_remaining/reliability_calibration/development/raw_parts/ReliabilityShift-boundary-030-calibration-development__rel_b002_l10_e1e8.csv.gz
ReliabilityShift-boundary-030-calibration-development,rel_b002_l1_e1e4,0.02,1.0,0.0001,post_shift_all,value_error,Evaluation rows with analytic full-action Q*: target=1 means the tabular Q-vector RMSE is lower than the neural Q-vector RMSE. Numerical ties are excluded.,tabular_better,neural residual error divided by tabular plus neural residual error plus epsilon; higher predicts tabular,mean_of_seed_metrics,2870,5,724,2146,0.7336316127486425,0.6768180491435439,0.7904451763537412,5,0.43979057222286133,0.3553235435592223,0.52605515690533,5,0.7031905207157876,0.664581503177363,0.7420887070550652,5,0.23619873481859122,0.2304272669199332,0.24113230111791029,5,available,results/reviewer1_remaining/reliability_calibration/development/raw_parts/ReliabilityShift-boundary-030-calibration-development__rel_b002_l1_e1e4.csv.gz
ReliabilityShift-boundary-030-calibration-development,rel_b002_l1_e1e8,0.02,1.0,1e-08,post_shift_all,value_error,Evaluation rows with analytic full-action Q*: target=1 means the tabular Q-vector RMSE is lower than the neural Q-vector RMSE. Numerical ties are excluded.,tabular_better,neural residual error divided by tabular plus neural residual error plus epsilon; higher predicts tabular,mean_of_seed_metrics,2870,5,724,2146,0.7336209014920075,0.676882379212312,0.7904184610652891,5,0.4396908012555267,0.35514023142215034,0.5259513938853505,5,0.7024290993959906,0.663820081857566,0.7420887070550654,5,0.23622123796781155,0.23132434599278154,0.24111844182639258,5,available,results/reviewer1_remaining/reliability_calibration/development/raw_parts/ReliabilityShift-boundary-030-calibration-development__rel_b002_l1_e1e8.csv.gz
ReliabilityShift-boundary-030-calibration-development,rel_b002_l20_e1e6,0.02,20.0,1e-06,post_shift_all,value_error,Evaluation rows with analytic full-action Q*: target=1 means the tabular Q-vector RMSE is lower than the neural Q-vector RMSE. Numerical ties are excluded.,tabular_better,neural residual error divided by tabular plus neural residual error plus epsilon; higher predicts tabular,mean_of_seed_metrics,2870,5,724,2146,0.7258509682939772,0.6656948229501374,0.783531164104241,5,0.43345051503757637,0.3474586984711808,0.528022631986467,5,0.692228995829441,0.6549741089631549,0.7349938248317613,5,0.23470264969065902,0.22818862551882862,0.24041195245533958,5,available,results/reviewer1_remaining/reliability_calibration/development/raw_parts/ReliabilityShift-boundary-030-calibration-development__rel_b002_l20_e1e6.csv.gz
ReliabilityShift-boundary-030-calibration-development,rel_b002_l5_e1e6,0.02,5.0,1e-06,post_shift_all,value_error,Evaluation rows with analytic full-action Q*: target=1 means the tabular Q-vector RMSE is lower than the neural Q-vector RMSE. Numerical ties are excluded.,tabular_better,neural residual error divided by tabular plus neural residual error plus epsilon; higher predicts tabular,mean_of_seed_metrics,2870,5,724,2146,0.7320548557549886,0.6738374091958366,0.7889908616520314,5,0.4395759426276551,0.3514207075448237,0.5249433311471021,5,0.6981541858545608,0.6621621130687533,0.733566960358379,5,0.23589125646411788,0.23051932893741212,0.2413534489863211,5,available,results/reviewer1_remaining/reliability_calibration/development/raw_parts/ReliabilityShift-boundary-030-calibration-development__rel_b002_l5_e1e6.csv.gz
ReliabilityShift-boundary-030-calibration-development,rel_b005_l10_e1e6,0.05,10.0,1e-06,post_shift_all,value_error,Evaluation rows with analytic full-action Q*: target=1 means the tabular Q-vector RMSE is lower than the neural Q-vector RMSE. Numerical ties are excluded.,tabular_better,neural residual error divided by tabular plus neural residual error plus epsilon; higher predicts tabular,mean_of_seed_metrics,2870,5,724,2146,0.7962874913135547,0.7582127948255233,0.8343621878015861,5,0.5703387877944615,0.5023170225755963,0.6476460109732057,5,0.7136757029919627,0.6702775506862804,0.747633323971721,5,0.19862694905552922,0.1881822643487954,0.2085309722099394,5,available,results/reviewer1_remaining/reliability_calibration/development/raw_parts/ReliabilityShift-boundary-030-calibration-development__rel_b005_l10_e1e6.csv.gz
ReliabilityShift-boundary-030-calibration-development,rel_b005_l1_e1e6,0.05,1.0,1e-06,post_shift_all,value_error,Evaluation rows with analytic full-action Q*: target=1 means the tabular Q-vector RMSE is lower than the neural Q-vector RMSE. Numerical ties are excluded.,tabular_better,neural residual error divided by tabular plus neural residual error plus epsilon; higher predicts tabular,mean_of_seed_metrics,2870,5,724,2146,0.7992079256110887,0.7628994412581583,0.8371362648097505,5,0.574856164716059,0.5079098153149024,0.6473751383543216,5,0.7180115912122818,0.6818630908624371,0.7447943304622884,5,0.19573271132729325,0.18503402995460655,0.2054446658047336,5,available,results/reviewer1_remaining/reliability_calibration/development/raw_parts/ReliabilityShift-boundary-030-calibration-development__rel_b005_l1_e1e6.csv.gz
ReliabilityShift-boundary-030-calibration-development,rel_b005_l20_e1e4,0.05,20.0,0.0001,post_shift_all,value_error,Evaluation rows with analytic full-action Q*: target=1 means the tabular Q-vector RMSE is lower than the neural Q-vector RMSE. Numerical ties are excluded.,tabular_better,neural residual error divided by tabular plus neural residual error plus epsilon; higher predicts tabular,mean_of_seed_metrics,2870,5,724,2146,0.7917199371364652,0.7545973924804267,0.82841014701782,5,0.5645397552551149,0.4934069217065975,0.649324683698454,5,0.7017351184908778,0.6526114364919969,0.7438067891424444,5,0.20105661975506955,0.19079712338268484,0.2111016393041048,5,available,results/reviewer1_remaining/reliability_calibration/development/raw_parts/ReliabilityShift-boundary-030-calibration-development__rel_b005_l20_e1e4.csv.gz
ReliabilityShift-boundary-030-calibration-development,rel_b005_l20_e1e8,0.05,20.0,1e-08,post_shift_all,value_error,Evaluation rows with analytic full-action Q*: target=1 means the tabular Q-vector RMSE is lower than the neural Q-vector RMSE. Numerical ties are excluded.,tabular_better,neural residual error divided by tabular plus neural residual error plus epsilon; higher predicts tabular,mean_of_seed_metrics,2870,5,724,2146,0.7917442085058164,0.755055565595162,0.8284225423456526,5,0.5645281002857981,0.4934676711046212,0.6419274573663059,5,0.7017351184908778,0.6526114364919969,0.7438067891424444,5,0.2010874382115623,0.19085248654295853,0.21113276862224245,5,available,results/reviewer1_remaining/reliability_calibration/development/raw_parts/ReliabilityShift-boundary-030-calibration-development__rel_b005_l20_e1e8.csv.gz
ReliabilityShift-boundary-030-calibration-development,rel_b005_l5_e1e4,0.05,5.0,0.0001,post_shift_all,value_error,Evaluation rows with analytic full-action Q*: target=1 means the tabular Q-vector RMSE is lower than the neural Q-vector RMSE. Numerical ties are excluded.,tabular_better,neural residual error divided by tabular plus neural residual error plus epsilon; higher predicts tabular,mean_of_seed_metrics,2870,5,724,2146,0.7977760657978407,0.7604435744558854,0.8367263797367404,5,0.5728193757758995,0.5054226016625881,0.649655086071413,5,0.718501816369854,0.6802607850296719,0.745732052202368,5,0.1971140122612161,0.18659441484125236,0.2068980960897115,5,available,results/reviewer1_remaining/reliability_calibration/development/raw_parts/ReliabilityShift-boundary-030-calibration-development__rel_b005_l5_e1e4.csv.gz
ReliabilityShift-boundary-030-calibration-development,rel_b005_l5_e1e8,0.05,5.0,1e-08,post_shift_all,value_error,Evaluation rows with analytic full-action Q*: target=1 means the tabular Q-vector RMSE is lower than the neural Q-vector RMSE. Numerical ties are excluded.,tabular_better,neural residual error divided by tabular plus neural residual error plus epsilon; higher predicts tabular,mean_of_seed_metrics,2870,5,724,2146,0.7977214244756852,0.7588554319969953,0.836587416954375,5,0.5724279271163532,0.5030515337600577,0.647918495711808,5,0.718501816369854,0.6802607850296718,0.7457320522023682,5,0.1971455280213777,0.18662920011599227,0.20693045658604575,5,available,results/reviewer1_remaining/reliability_calibration/development/raw_parts/ReliabilityShift-boundary-030-calibration-development__rel_b005_l5_e1e8.csv.gz
ReliabilityShift-boundary-030-calibration-development,rel_b010_l10_e1e4,0.1,10.0,0.0001,post_shift_all,value_error,Evaluation rows with analytic full-action Q*: target=1 means the tabular Q-vector RMSE is lower than the neural Q-vector RMSE. Numerical ties are excluded.,tabular_better,neural residual error divided by tabular plus neural residual error plus epsilon; higher predicts tabular,mean_of_seed_metrics,2870,5,724,2146,0.8488395380529766,0.8284164934594423,0.869848239505665,5,0.6728235707364012,0.6241086859885386,0.7300534169717985,5,0.7413136962304299,0.7149761860565154,0.7731812520720803,5,0.1651983104443935,0.15203263830490787,0.17870973638203605,5,available,results/reviewer1_remaining/reliability_calibration/development/raw_parts/ReliabilityShift-boundary-030-calibration-development__rel_b010_l10_e1e4.csv.gz
ReliabilityShift-boundary-030-calibration-development,rel_b010_l10_e1e8,0.1,10.0,1e-08,post_shift_all,value_error,Evaluation rows with analytic full-action Q*: target=1 means the tabular Q-vector RMSE is lower than the neural Q-vector RMSE. Numerical ties are excluded.,tabular_better,neural residual error divided by tabular plus neural residual error plus epsilon; higher predicts tabular,mean_of_seed_metrics,2870,5,724,2146,0.8488395611418929,0.8284849035394997,0.8712666938727273,5,0.672982694327719,0.626192052591489,0.7302331907245023,5,0.7413136962304299,0.7149761860565153,0.7731812520720803,5,0.1652319225188345,0.15206363925736052,0.17854740036632027,5,available,results/reviewer1_remaining/reliability_calibration/development/raw_parts/ReliabilityShift-boundary-030-calibration-development__rel_b010_l10_e1e8.csv.gz
ReliabilityShift-boundary-030-calibration-development,rel_b010_l1_e1e4,0.1,1.0,0.0001,post_shift_all,value_error,Evaluation rows with analytic full-action Q*: target=1 means the tabular Q-vector RMSE is lower than the neural Q-vector RMSE. Numerical ties are excluded.,tabular_better,neural residual error divided by tabular plus neural residual error plus epsilon; higher predicts tabular,mean_of_seed_metrics,2870,5,724,2146,0.8490490349425768,0.8276378405741187,0.870316489921998,5,0.6734283029101755,0.6298944446894722,0.736488996202439,5,0.7425185914597033,0.7143579142156724,0.7697480413737665,5,0.1564969126316864,0.14364946847230847,0.16913513676950198,5,available,results/reviewer1_remaining/reliability_calibration/development/raw_parts/ReliabilityShift-boundary-030-calibration-development__rel_b010_l1_e1e4.csv.gz
ReliabilityShift-boundary-030-calibration-development,rel_b010_l1_e1e8,0.1,1.0,1e-08,post_shift_all,value_error,Evaluation rows with analytic full-action Q*: target=1 means the tabular Q-vector RMSE is lower than the neural Q-vector RMSE. Numerical ties are excluded.,tabular_better,neural residual error divided by tabular plus neural residual error plus epsilon; higher predicts tabular,mean_of_seed_metrics,2870,5,724,2146,0.8491464858687424,0.8276896847898824,0.8706032869476024,5,0.6735255519499331,0.6301511143355534,0.7337444646795971,5,0.7418734301693807,0.7143579142156724,0.7684577187931213,5,0.156528803413888,0.143599830909507,0.1691714934064533,5,available,results/reviewer1_remaining/reliability_calibration/development/raw_parts/ReliabilityShift-boundary-030-calibration-development__rel_b010_l1_e1e8.csv.gz
ReliabilityShift-boundary-030-calibration-development,rel_b010_l20_e1e6,0.1,20.0,1e-06,post_shift_all,value_error,Evaluation rows with analytic full-action Q*: target=1 means the tabular Q-vector RMSE is lower than the neural Q-vector RMSE. Numerical ties are excluded.,tabular_better,neural residual error divided by tabular plus neural residual error plus epsilon; higher predicts tabular,mean_of_seed_metrics,2870,5,724,2146,0.8434444603356871,0.8252234796135653,0.8664150192085751,5,0.665220182892112,0.6144927576660522,0.7213965206345401,5,0.7500303429683597,0.7294966977125319,0.7724039593248455,5,0.1723527024167632,0.1591065621186603,0.18560879576122388,5,available,results/reviewer1_remaining/reliability_calibration/development/raw_parts/ReliabilityShift-boundary-030-calibration-development__rel_b010_l20_e1e6.csv.gz
ReliabilityShift-boundary-030-calibration-development,rel_b010_l5_e1e6,0.1,5.0,1e-06,post_shift_all,value_error,Evaluation rows with analytic full-action Q*: target=1 means the tabular Q-vector RMSE is lower than the neural Q-vector RMSE. Numerical ties are excluded.,tabular_better,neural residual error divided by tabular plus neural residual error plus epsilon; higher predicts tabular,mean_of_seed_metrics,2870,5,724,2146,0.8498802623665996,0.8288587986576447,0.8709017260755545,5,0.6749208782476968,0.6302669142904154,0.7328245204477344,5,0.7418477099821091,0.7159842479584143,0.7679121886127651,5,0.16070230930741156,0.14772402472137744,0.1736805938934457,5,available,results/reviewer1_remaining/reliability_calibration/development/raw_parts/ReliabilityShift-boundary-030-calibration-development__rel_b010_l5_e1e6.csv.gz
ReliabilityShift-boundary-030-calibration-development,rel_b020_l10_e1e6,0.2,10.0,1e-06,post_shift_all,value_error,Evaluation rows with analytic full-action Q*: target=1 means the tabular Q-vector RMSE is lower than the neural Q-vector RMSE. Numerical ties are excluded.,tabular_better,neural residual error divided by tabular plus neural residual error plus epsilon; higher predicts tabular,mean_of_seed_metrics,2870,5,724,2146,0.8740464266238991,0.8538620437515858,0.8899470309712804,5,0.7331725330610417,0.6900042137653802,0.782749883485586,5,0.7609982510504707,0.7268137737286974,0.789796361590706,5,0.14818278420568048,0.1336764915806386,0.16348807266556425,5,available,results/reviewer1_remaining/reliability_calibration/development/raw_parts/ReliabilityShift-boundary-030-calibration-development__rel_b020_l10_e1e6.csv.gz
ReliabilityShift-boundary-030-calibration-development,rel_b020_l1_e1e6,0.2,1.0,1e-06,post_shift_all,value_error,Evaluation rows with analytic full-action Q*: target=1 means the tabular Q-vector RMSE is lower than the neural Q-vector RMSE. Numerical ties are excluded.,tabular_better,neural residual error divided by tabular plus neural residual error plus epsilon; higher predicts tabular,mean_of_seed_metrics,2870,5,724,2146,0.8754662940287288,0.8510616466245013,0.8930681077348426,5,0.7334822506437666,0.693070236754421,0.7807014123195504,5,0.7680029202762733,0.7353042792231621,0.790163201251034,5,0.13655367632765214,0.12328614865456602,0.1500828937801359,5,available,results/reviewer1_remaining/reliability_calibration/development/raw_parts/ReliabilityShift-boundary-030-calibration-development__rel_b020_l1_e1e6.csv.gz
ReliabilityShift-boundary-030-calibration-development,rel_b020_l20_e1e4,0.2,20.0,0.0001,post_shift_all,value_error,Evaluation rows with analytic full-action Q*: target=1 means the tabular Q-vector RMSE is lower than the neural Q-vector RMSE. Numerical ties are excluded.,tabular_better,neural residual error divided by tabular plus neural residual error plus epsilon; higher predicts tabular,mean_of_seed_metrics,2870,5,724,2146,0.8663652554312898,0.8453848669171438,0.8850141851320663,5,0.7264475087327951,0.6773445387876057,0.7764210573261559,5,0.7683052831739577,0.7471164772146256,0.7820586694133718,5,0.1575837568748909,0.14245022233720572,0.17271729141257608,5,available,results/reviewer1_remaining/reliability_calibration/development/raw_parts/ReliabilityShift-boundary-030-calibration-development__rel_b020_l20_e1e4.csv.gz
ReliabilityShift-boundary-030-calibration-development,rel_b020_l20_e1e8,0.2,20.0,1e-08,post_shift_all,value_error,Evaluation rows with analytic full-action Q*: target=1 means the tabular Q-vector RMSE is lower than the neural Q-vector RMSE. Numerical ties are excluded.,tabular_better,neural residual error divided by tabular plus neural residual error plus epsilon; higher predicts tabular,mean_of_seed_metrics,2870,5,724,2146,0.8663833795993027,0.845108015128017,0.8851729080073694,5,0.7264389218458518,0.6772480346634617,0.7780546452187982,5,0.7683052831739577,0.7473888344571682,0.7820156244614559,5,0.15762417618275718,0.14192329587055494,0.17275880757886997,5,available,results/reviewer1_remaining/reliability_calibration/development/raw_parts/ReliabilityShift-boundary-030-calibration-development__rel_b020_l20_e1e8.csv.gz
ReliabilityShift-boundary-030-calibration-development,rel_b020_l5_e1e4,0.2,5.0,0.0001,post_shift_all,value_error,Evaluation rows with analytic full-action Q*: target=1 means the tabular Q-vector RMSE is lower than the neural Q-vector RMSE. Numerical ties are excluded.,tabular_better,neural residual error divided by tabular plus neural residual error plus epsilon; higher predicts tabular,mean_of_seed_metrics,2870,5,724,2146,0.876811821281305,0.8562224627233727,0.8931228510739343,5,0.7356683140932168,0.6925735778345398,0.781523888762553,5,0.7676194297244843,0.739270302387477,0.7932668547808351,5,0.14204349784936768,0.12808695854397945,0.15653730400828775,5,available,results/reviewer1_remaining/reliability_calibration/development/raw_parts/ReliabilityShift-boundary-030-calibration-development__rel_b020_l5_e1e4.csv.gz
ReliabilityShift-boundary-030-calibration-development,rel_b020_l5_e1e8,0.2,5.0,1e-08,post_shift_all,value_error,Evaluation rows with analytic full-action Q*: target=1 means the tabular Q-vector RMSE is lower than the neural Q-vector RMSE. Numerical ties are excluded.,tabular_better,neural residual error divided by tabular plus neural residual error plus epsilon; higher predicts tabular,mean_of_seed_metrics,2870,5,724,2146,0.876775303993289,0.853925741323472,0.8930973692238663,5,0.7355727348521042,0.6925126164956069,0.7857933176509289,5,0.7671280292330838,0.7382180381099328,0.7898803557520572,5,0.14208100240914895,0.12812059956041355,0.15657953101866892,5,available,results/reviewer1_remaining/reliability_calibration/development/raw_parts/ReliabilityShift-boundary-030-calibration-development__rel_b020_l5_e1e8.csv.gz
ReliabilityShift-boundary-020-calibration-development,rel_b002_l10_e1e4,0.02,10.0,0.0001,post_shift_changed_region,action_correctness,Evaluation rows where exactly one branch greedy action equals the analytic optimal action; target=1 means tabular is correct and neural is incorrect. Ties are excluded.,tabular_better,neural residual error divided by tabular plus neural residual error plus epsilon; higher predicts tabular,mean_of_seed_metrics,378,5,0,378,,,,0,,,,0,,,,0,0.25778072678069397,0.24532309952259243,0.26992243216759537,5,not_available_single_class,results/reviewer1_remaining/reliability_calibration/development/raw_parts/ReliabilityShift-boundary-020-calibration-development__rel_b002_l10_e1e4.csv.gz
ReliabilityShift-boundary-020-calibration-development,rel_b002_l10_e1e8,0.02,10.0,1e-08,post_shift_changed_region,action_correctness,Evaluation rows where exactly one branch greedy action equals the analytic optimal action; target=1 means tabular is correct and neural is incorrect. Ties are excluded.,tabular_better,neural residual error divided by tabular plus neural residual error plus epsilon; higher predicts tabular,mean_of_seed_metrics,378,5,0,378,,,,0,,,,0,,,,0,0.25780726125028136,0.24565706199515117,0.2702457733908017,5,not_available_single_class,results/reviewer1_remaining/reliability_calibration/development/raw_parts/ReliabilityShift-boundary-020-calibration-development__rel_b002_l10_e1e8.csv.gz
ReliabilityShift-boundary-020-calibration-development,rel_b002_l1_e1e4,0.02,1.0,0.0001,post_shift_changed_region,action_correctness,Evaluation rows where exactly one branch greedy action equals the analytic optimal action; target=1 means tabular is correct and neural is incorrect. Ties are excluded.,tabular_better,neural residual error divided by tabular plus neural residual error plus epsilon; higher predicts tabular,mean_of_seed_metrics,378,5,0,378,,,,0,,,,0,,,,0,0.26152964458047734,0.24915852720456835,0.27411278178006515,5,not_available_single_class,results/reviewer1_remaining/reliability_calibration/development/raw_parts/ReliabilityShift-boundary-020-calibration-development__rel_b002_l1_e1e4.csv.gz
ReliabilityShift-boundary-020-calibration-development,rel_b002_l1_e1e8,0.02,1.0,1e-08,post_shift_changed_region,action_correctness,Evaluation rows where exactly one branch greedy action equals the analytic optimal action; target=1 means tabular is correct and neural is incorrect. Ties are excluded.,tabular_better,neural residual error divided by tabular plus neural residual error plus epsilon; higher predicts tabular,mean_of_seed_metrics,378,5,0,378,,,,0,,,,0,,,,0,0.26155494752080355,0.2491832362238604,0.27413879395403473,5,not_available_single_class,results/reviewer1_remaining/reliability_calibration/development/raw_parts/ReliabilityShift-boundary-020-calibration-development__rel_b002_l1_e1e8.csv.gz
ReliabilityShift-boundary-020-calibration-development,rel_b002_l20_e1e6,0.02,20.0,1e-06,post_shift_changed_region,action_correctness,Evaluation rows where exactly one branch greedy action equals the analytic optimal action; target=1 means tabular is correct and neural is incorrect. Ties are excluded.,tabular_better,neural residual error divided by tabular plus neural residual error plus epsilon; higher predicts tabular,mean_of_seed_metrics,378,5,0,378,,,,0,,,,0,,,,0,0.2539405877077417,0.23939607454176087,0.26651799235523144,5,not_available_single_class,results/reviewer1_remaining/reliability_calibration/development/raw_parts/ReliabilityShift-boundary-020-calibration-development__rel_b002_l20_e1e6.csv.gz
ReliabilityShift-boundary-020-calibration-development,rel_b002_l5_e1e6,0.02,5.0,1e-06,post_shift_changed_region,action_correctness,Evaluation rows where exactly one branch greedy action equals the analytic optimal action; target=1 means tabular is correct and neural is incorrect. Ties are excluded.,tabular_better,neural residual error divided by tabular plus neural residual error plus epsilon; higher predicts tabular,mean_of_seed_metrics,378,5,0,378,,,,0,,,,0,,,,0,0.2598410147335234,0.24720733394305552,0.27236682041593346,5,not_available_single_class,results/reviewer1_remaining/reliability_calibration/development/raw_parts/ReliabilityShift-boundary-020-calibration-development__rel_b002_l5_e1e6.csv.gz
ReliabilityShift-boundary-020-calibration-development,rel_b005_l10_e1e6,0.05,10.0,1e-06,post_shift_changed_region,action_correctness,Evaluation rows where exactly one branch greedy action equals the analytic optimal action; target=1 means tabular is correct and neural is incorrect. Ties are excluded.,tabular_better,neural residual error divided by tabular plus neural residual error plus epsilon; higher predicts tabular,mean_of_seed_metrics,378,5,0,378,,,,0,,,,0,,,,0,0.22492365583580343,0.20906344838392238,0.2432030956457914,5,not_available_single_class,results/reviewer1_remaining/reliability_calibration/development/raw_parts/ReliabilityShift-boundary-020-calibration-development__rel_b005_l10_e1e6.csv.gz
ReliabilityShift-boundary-020-calibration-development,rel_b005_l1_e1e6,0.05,1.0,1e-06,post_shift_changed_region,action_correctness,Evaluation rows where exactly one branch greedy action equals the analytic optimal action; target=1 means tabular is correct and neural is incorrect. Ties are excluded.,tabular_better,neural residual error divided by tabular plus neural residual error plus epsilon; higher predicts tabular,mean_of_seed_metrics,378,5,0,378,,,,0,,,,0,,,,0,0.22704505335015185,0.2101411179692751,0.24663454141620336,5,not_available_single_class,results/reviewer1_remaining/reliability_calibration/development/raw_parts/ReliabilityShift-boundary-020-calibration-development__rel_b005_l1_e1e6.csv.gz
ReliabilityShift-boundary-020-calibration-development,rel_b005_l20_e1e4,0.05,20.0,0.0001,post_shift_changed_region,action_correctness,Evaluation rows where exactly one branch greedy action equals the analytic optimal action; target=1 means tabular is correct and neural is incorrect. Ties are excluded.,tabular_better,neural residual error divided by tabular plus neural residual error plus epsilon; higher predicts tabular,mean_of_seed_metrics,378,5,0,378,,,,0,,,,0,,,,0,0.2226100406674485,0.2066500541599237,0.2407316360534241,5,not_available_single_class,results/reviewer1_remaining/reliability_calibration/development/raw_parts/ReliabilityShift-boundary-020-calibration-development__rel_b005_l20_e1e4.csv.gz
ReliabilityShift-boundary-020-calibration-development,rel_b005_l20_e1e8,0.05,20.0,1e-08,post_shift_changed_region,action_correctness,Evaluation rows where exactly one branch greedy action equals the analytic optimal action; target=1 means tabular is correct and neural is incorrect. Ties are excluded.,tabular_better,neural residual error divided by tabular plus neural residual error plus epsilon; higher predicts tabular,mean_of_seed_metrics,378,5,0,378,,,,0,,,,0,,,,0,0.2226318427384663,0.20667077773258496,0.24193368641384333,5,not_available_single_class,results/reviewer1_remaining/reliability_calibration/development/raw_parts/ReliabilityShift-boundary-020-calibration-development__rel_b005_l20_e1e8.csv.gz
ReliabilityShift-boundary-020-calibration-development,rel_b005_l5_e1e4,0.05,5.0,0.0001,post_shift_changed_region,action_correctness,Evaluation rows where exactly one branch greedy action equals the analytic optimal action; target=1 means tabular is correct and neural is incorrect. Ties are excluded.,tabular_better,neural residual error divided by tabular plus neural residual error plus epsilon; higher predicts tabular,mean_of_seed_metrics,378,5,0,378,,,,0,,,,0,,,,0,0.22599361756271144,0.21057065320353302,0.24546104466492102,5,not_available_single_class,results/reviewer1_remaining/reliability_calibration/development/raw_parts/ReliabilityShift-boundary-020-calibration-development__rel_b005_l5_e1e4.csv.gz
ReliabilityShift-boundary-020-calibration-development,rel_b005_l5_e1e8,0.05,5.0,1e-08,post_shift_changed_region,action_correctness,Evaluation rows where exactly one branch greedy action equals the analytic optimal action; target=1 means tabular is correct and neural is incorrect. Ties are excluded.,tabular_better,neural residual error divided by tabular plus neural residual error plus epsilon; higher predicts tabular,mean_of_seed_metrics,378,5,0,378,,,,0,,,,0,,,,0,0.22601360917207797,0.20904087384860665,0.2466689627564369,5,not_available_single_class,results/reviewer1_remaining/reliability_calibration/development/raw_parts/ReliabilityShift-boundary-020-calibration-development__rel_b005_l5_e1e8.csv.gz
ReliabilityShift-boundary-020-calibration-development,rel_b010_l10_e1e4,0.1,10.0,0.0001,post_shift_changed_region,action_correctness,Evaluation rows where exactly one branch greedy action equals the analytic optimal action; target=1 means tabular is correct and neural is incorrect. Ties are excluded.,tabular_better,neural residual error divided by tabular plus neural residual error plus epsilon; higher predicts tabular,mean_of_seed_metrics,379,5,0,379,,,,0,,,,0,,,,0,0.18048481104112143,0.1635001750354519,0.2014650284441785,5,not_available_single_class,results/reviewer1_remaining/reliability_calibration/development/raw_parts/ReliabilityShift-boundary-020-calibration-development__rel_b010_l10_e1e4.csv.gz
ReliabilityShift-boundary-020-calibration-development,rel_b010_l10_e1e8,0.1,10.0,1e-08,post_shift_changed_region,action_correctness,Evaluation rows where exactly one branch greedy action equals the analytic optimal action; target=1 means tabular is correct and neural is incorrect. Ties are excluded.,tabular_better,neural residual error divided by tabular plus neural residual error plus epsilon; higher predicts tabular,mean_of_seed_metrics,379,5,0,379,,,,0,,,,0,,,,0,0.1805006384828254,0.164826174605632,0.2012632360937737,5,not_available_single_class,results/reviewer1_remaining/reliability_calibration/development/raw_parts/ReliabilityShift-boundary-020-calibration-development__rel_b010_l10_e1e8.csv.gz
ReliabilityShift-boundary-020-calibration-development,rel_b010_l1_e1e4,0.1,1.0,0.0001,post_shift_changed_region,action_correctness,Evaluation rows where exactly one branch greedy action equals the analytic optimal action; target=1 means tabular is correct and neural is incorrect. Ties are excluded.,tabular_better,neural residual error divided by tabular plus neural residual error plus epsilon; higher predicts tabular,mean_of_seed_metrics,379,5,0,379,,,,0,,,,0,,,,0,0.1811016650819814,0.1656834860202458,0.20263989078468764,5,not_available_single_class,results/reviewer1_remaining/reliability_calibration/development/raw_parts/ReliabilityShift-boundary-020-calibration-development__rel_b010_l1_e1e4.csv.gz
ReliabilityShift-boundary-020-calibration-development,rel_b010_l1_e1e8,0.1,1.0,1e-08,post_shift_changed_region,action_correctness,Evaluation rows where exactly one branch greedy action equals the analytic optimal action; target=1 means tabular is correct and neural is incorrect. Ties are excluded.,tabular_better,neural residual error divided by tabular plus neural residual error plus epsilon; higher predicts tabular,mean_of_seed_metrics,379,5,0,379,,,,0,,,,0,,,,0,0.18111646968173625,0.16556955080544614,0.20424326095744502,5,not_available_single_class,results/reviewer1_remaining/reliability_calibration/development/raw_parts/ReliabilityShift-boundary-020-calibration-development__rel_b010_l1_e1e8.csv.gz
ReliabilityShift-boundary-020-calibration-development,rel_b010_l20_e1e6,0.1,20.0,1e-06,post_shift_changed_region,action_correctness,Evaluation rows where exactly one branch greedy action equals the analytic optimal action; target=1 means tabular is correct and neural is incorrect. Ties are excluded.,tabular_better,neural residual error divided by tabular plus neural residual error plus epsilon; higher predicts tabular,mean_of_seed_metrics,379,5,0,379,,,,0,,,,0,,,,0,0.17980576230062817,0.1628302155360089,0.20062904676601864,5,not_available_single_class,results/reviewer1_remaining/reliability_calibration/development/raw_parts/ReliabilityShift-boundary-020-calibration-development__rel_b010_l20_e1e6.csv.gz
ReliabilityShift-boundary-020-calibration-development,rel_b010_l5_e1e6,0.1,5.0,1e-06,post_shift_changed_region,action_correctness,Evaluation rows where exactly one branch greedy action equals the analytic optimal action; target=1 means tabular is correct and neural is incorrect. Ties are excluded.,tabular_better,neural residual error divided by tabular plus neural residual error plus epsilon; higher predicts tabular,mean_of_seed_metrics,379,5,0,379,,,,0,,,,0,,,,0,0.18095802177086145,0.1655004389436308,0.20239133320446437,5,not_available_single_class,results/reviewer1_remaining/reliability_calibration/development/raw_parts/ReliabilityShift-boundary-020-calibration-development__rel_b010_l5_e1e6.csv.gz
ReliabilityShift-boundary-020-calibration-development,rel_b020_l10_e1e6,0.2,10.0,1e-06,post_shift_changed_region,action_correctness,Evaluation rows where exactly one branch greedy action equals the analytic optimal action; target=1 means tabular is correct and neural is incorrect. Ties are excluded.,tabular_better,neural residual error divided by tabular plus neural residual error plus epsilon; higher predicts tabular,mean_of_seed_metrics,379,5,0,379,,,,0,,,,0,,,,0,0.13312970361666868,0.11812646283013437,0.1530264144055452,5,not_available_single_class,results/reviewer1_remaining/reliability_calibration/development/raw_parts/ReliabilityShift-boundary-020-calibration-development__rel_b020_l10_e1e6.csv.gz
ReliabilityShift-boundary-020-calibration-development,rel_b020_l1_e1e6,0.2,1.0,1e-06,post_shift_changed_region,action_correctness,Evaluation rows where exactly one branch greedy action equals the analytic optimal action; target=1 means tabular is correct and neural is incorrect. Ties are excluded.,tabular_better,neural residual error divided by tabular plus neural residual error plus epsilon; higher predicts tabular,mean_of_seed_metrics,379,5,0,379,,,,0,,,,0,,,,0,0.13196616904981845,0.11690826358498016,0.15311076024317027,5,not_available_single_class,results/reviewer1_remaining/reliability_calibration/development/raw_parts/ReliabilityShift-boundary-020-calibration-development__rel_b020_l1_e1e6.csv.gz
ReliabilityShift-boundary-020-calibration-development,rel_b020_l20_e1e4,0.2,20.0,0.0001,post_shift_changed_region,action_correctness,Evaluation rows where exactly one branch greedy action equals the analytic optimal action; target=1 means tabular is correct and neural is incorrect. Ties are excluded.,tabular_better,neural residual error divided by tabular plus neural residual error plus epsilon; higher predicts tabular,mean_of_seed_metrics,379,5,0,379,,,,0,,,,0,,,,0,0.1345016780571573,0.11768090623427618,0.15544489210569937,5,not_available_single_class,results/reviewer1_remaining/reliability_calibration/development/raw_parts/ReliabilityShift-boundary-020-calibration-development__rel_b020_l20_e1e4.csv.gz
ReliabilityShift-boundary-020-calibration-development,rel_b020_l20_e1e8,0.2,20.0,1e-08,post_shift_changed_region,action_correctness,Evaluation rows where exactly one branch greedy action equals the analytic optimal action; target=1 means tabular is correct and neural is incorrect. Ties are excluded.,tabular_better,neural residual error divided by tabular plus neural residual error plus epsilon; higher predicts tabular,mean_of_seed_metrics,379,5,0,379,,,,0,,,,0,,,,0,0.13451493733017683,0.11769268759737994,0.15507163698877077,5,not_available_single_class,results/reviewer1_remaining/reliability_calibration/development/raw_parts/ReliabilityShift-boundary-020-calibration-development__rel_b020_l20_e1e8.csv.gz
ReliabilityShift-boundary-020-calibration-development,rel_b020_l5_e1e4,0.2,5.0,0.0001,post_shift_changed_region,action_correctness,Evaluation rows where exactly one branch greedy action equals the analytic optimal action; target=1 means tabular is correct and neural is incorrect. Ties are excluded.,tabular_better,neural residual error divided by tabular plus neural residual error plus epsilon; higher predicts tabular,mean_of_seed_metrics,379,5,0,379,,,,0,,,,0,,,,0,0.13252221191306465,0.11753341621285536,0.15350193316523458,5,not_available_single_class,results/reviewer1_remaining/reliability_calibration/development/raw_parts/ReliabilityShift-boundary-020-calibration-development__rel_b020_l5_e1e4.csv.gz
ReliabilityShift-boundary-020-calibration-development,rel_b020_l5_e1e8,0.2,5.0,1e-08,post_shift_changed_region,action_correctness,Evaluation rows where exactly one branch greedy action equals the analytic optimal action; target=1 means tabular is correct and neural is incorrect. Ties are excluded.,tabular_better,neural residual error divided by tabular plus neural residual error plus epsilon; higher predicts tabular,mean_of_seed_metrics,379,5,0,379,,,,0,,,,0,,,,0,0.1325339797997131,0.1175439551206791,0.15226937428641285,5,not_available_single_class,results/reviewer1_remaining/reliability_calibration/development/raw_parts/ReliabilityShift-boundary-020-calibration-development__rel_b020_l5_e1e8.csv.gz
ReliabilityShift-boundary-030-calibration-development,rel_b002_l10_e1e4,0.02,10.0,0.0001,post_shift_changed_region,action_correctness,Evaluation rows where exactly one branch greedy action equals the analytic optimal action; target=1 means tabular is correct and neural is incorrect. Ties are excluded.,tabular_better,neural residual error divided by tabular plus neural residual error plus epsilon; higher predicts tabular,mean_of_seed_metrics,257,5,0,257,,,,0,,,,0,,,,0,0.262708395803992,0.24779298277005762,0.27763624046046836,5,not_available_single_class,results/reviewer1_remaining/reliability_calibration/development/raw_parts/ReliabilityShift-boundary-030-calibration-development__rel_b002_l10_e1e4.csv.gz
ReliabilityShift-boundary-030-calibration-development,rel_b002_l10_e1e8,0.02,10.0,1e-08,post_shift_changed_region,action_correctness,Evaluation rows where exactly one branch greedy action equals the analytic optimal action; target=1 means tabular is correct and neural is incorrect. Ties are excluded.,tabular_better,neural residual error divided by tabular plus neural residual error plus epsilon; higher predicts tabular,mean_of_seed_metrics,257,5,0,257,,,,0,,,,0,,,,0,0.2627359511278128,0.2478197196441386,0.2781497162805775,5,not_available_single_class,results/reviewer1_remaining/reliability_calibration/development/raw_parts/ReliabilityShift-boundary-030-calibration-development__rel_b002_l10_e1e8.csv.gz
ReliabilityShift-boundary-030-calibration-development,rel_b002_l1_e1e4,0.02,1.0,0.0001,post_shift_changed_region,action_correctness,Evaluation rows where exactly one branch greedy action equals the analytic optimal action; target=1 means tabular is correct and neural is incorrect. Ties are excluded.,tabular_better,neural residual error divided by tabular plus neural residual error plus epsilon; higher predicts tabular,mean_of_seed_metrics,257,5,0,257,,,,0,,,,0,,,,0,0.2654066050607116,0.2505531959514228,0.28026001417000046,5,not_available_single_class,results/reviewer1_remaining/reliability_calibration/development/raw_parts/ReliabilityShift-boundary-030-calibration-development__rel_b002_l1_e1e4.csv.gz
ReliabilityShift-boundary-030-calibration-development,rel_b002_l1_e1e8,0.02,1.0,1e-08,post_shift_changed_region,action_correctness,Evaluation rows where exactly one branch greedy action equals the analytic optimal action; target=1 means tabular is correct and neural is incorrect. Ties are excluded.,tabular_better,neural residual error divided by tabular plus neural residual error plus epsilon; higher predicts tabular,mean_of_seed_metrics,257,5,0,257,,,,0,,,,0,,,,0,0.2654324558371967,0.25057824778436516,0.28028666389002843,5,not_available_single_class,results/reviewer1_remaining/reliability_calibration/development/raw_parts/ReliabilityShift-boundary-030-calibration-development__rel_b002_l1_e1e8.csv.gz
ReliabilityShift-boundary-030-calibration-development,rel_b002_l20_e1e6,0.02,20.0,1e-06,post_shift_changed_region,action_correctness,Evaluation rows where exactly one branch greedy action equals the analytic optimal action; target=1 means tabular is correct and neural is incorrect. Ties are excluded.,tabular_better,neural residual error divided by tabular plus neural residual error plus epsilon; higher predicts tabular,mean_of_seed_metrics,257,5,0,257,,,,0,,,,0,,,,0,0.25978659204510973,0.24484208040717167,0.27473110368304776,5,not_available_single_class,results/reviewer1_remaining/reliability_calibration/development/raw_parts/ReliabilityShift-boundary-030-calibration-development__rel_b002_l20_e1e6.csv.gz
ReliabilityShift-boundary-030-calibration-development,rel_b002_l5_e1e6,0.02,5.0,1e-06,post_shift_changed_region,action_correctness,Evaluation rows where exactly one branch greedy action equals the analytic optimal action; target=1 means tabular is correct and neural is incorrect. Ties are excluded.,tabular_better,neural residual error divided by tabular plus neural residual error plus epsilon; higher predicts tabular,mean_of_seed_metrics,257,5,0,257,,,,0,,,,0,,,,0,0.2642064897807308,0.2484470279023534,0.27910098326582033,5,not_available_single_class,results/reviewer1_remaining/reliability_calibration/development/raw_parts/ReliabilityShift-boundary-030-calibration-development__rel_b002_l5_e1e6.csv.gz
ReliabilityShift-boundary-030-calibration-development,rel_b005_l10_e1e6,0.05,10.0,1e-06,post_shift_changed_region,action_correctness,Evaluation rows where exactly one branch greedy action equals the analytic optimal action; target=1 means tabular is correct and neural is incorrect. Ties are excluded.,tabular_better,neural residual error divided by tabular plus neural residual error plus epsilon; higher predicts tabular,mean_of_seed_metrics,257,5,0,257,,,,0,,,,0,,,,0,0.23222249906295067,0.21164241725642188,0.25609458928970347,5,not_available_single_class,results/reviewer1_remaining/reliability_calibration/development/raw_parts/ReliabilityShift-boundary-030-calibration-development__rel_b005_l10_e1e6.csv.gz
ReliabilityShift-boundary-030-calibration-development,rel_b005_l1_e1e6,0.05,1.0,1e-06,post_shift_changed_region,action_correctness,Evaluation rows where exactly one branch greedy action equals the analytic optimal action; target=1 means tabular is correct and neural is incorrect. Ties are excluded.,tabular_better,neural residual error divided by tabular plus neural residual error plus epsilon; higher predicts tabular,mean_of_seed_metrics,257,5,0,257,,,,0,,,,0,,,,0,0.23387440729193654,0.2134003408103983,0.2543484737734748,5,not_available_single_class,results/reviewer1_remaining/reliability_calibration/development/raw_parts/ReliabilityShift-boundary-030-calibration-development__rel_b005_l1_e1e6.csv.gz
ReliabilityShift-boundary-030-calibration-development,rel_b005_l20_e1e4,0.05,20.0,0.0001,post_shift_changed_region,action_correctness,Evaluation rows where exactly one branch greedy action equals the analytic optimal action; target=1 means tabular is correct and neural is incorrect. Ties are excluded.,tabular_better,neural residual error divided by tabular plus neural residual error plus epsilon; higher predicts tabular,mean_of_seed_metrics,257,5,0,257,,,,0,,,,0,,,,0,0.2305767440224328,0.21014470803790591,0.25583334171644223,5,not_available_single_class,results/reviewer1_remaining/reliability_calibration/development/raw_parts/ReliabilityShift-boundary-030-calibration-development__rel_b005_l20_e1e4.csv.gz
ReliabilityShift-boundary-030-calibration-development,rel_b005_l20_e1e8,0.05,20.0,1e-08,post_shift_changed_region,action_correctness,Evaluation rows where exactly one branch greedy action equals the analytic optimal action; target=1 means tabular is correct and neural is incorrect. Ties are excluded.,tabular_better,neural residual error divided by tabular plus neural residual error plus epsilon; higher predicts tabular,mean_of_seed_metrics,257,5,0,257,,,,0,,,,0,,,,0,0.23060008758443243,0.21016664595121184,0.25230481808317196,5,not_available_single_class,results/reviewer1_remaining/reliability_calibration/development/raw_parts/ReliabilityShift-boundary-030-calibration-development__rel_b005_l20_e1e8.csv.gz
ReliabilityShift-boundary-030-calibration-development,rel_b005_l5_e1e4,0.05,5.0,0.0001,post_shift_changed_region,action_correctness,Evaluation rows where exactly one branch greedy action equals the analytic optimal action; target=1 means tabular is correct and neural is incorrect. Ties are excluded.,tabular_better,neural residual error divided by tabular plus neural residual error plus epsilon; higher predicts tabular,mean_of_seed_metrics,257,5,0,257,,,,0,,,,0,,,,0,0.23319246106674335,0.21301029014855483,0.25849707243047204,5,not_available_single_class,results/reviewer1_remaining/reliability_calibration/development/raw_parts/ReliabilityShift-boundary-030-calibration-development__rel_b005_l5_e1e4.csv.gz
ReliabilityShift-boundary-030-calibration-development,rel_b005_l5_e1e8,0.05,5.0,1e-08,post_shift_changed_region,action_correctness,Evaluation rows where exactly one branch greedy action equals the analytic optimal action; target=1 means tabular is correct and neural is incorrect. Ties are excluded.,tabular_better,neural residual error divided by tabular plus neural residual error plus epsilon; higher predicts tabular,mean_of_seed_metrics,257,5,0,257,,,,0,,,,0,,,,0,0.2332134052865043,0.21277963010691217,0.25699674838186937,5,not_available_single_class,results/reviewer1_remaining/reliability_calibration/development/raw_parts/ReliabilityShift-boundary-030-calibration-development__rel_b005_l5_e1e8.csv.gz
ReliabilityShift-boundary-030-calibration-development,rel_b010_l10_e1e4,0.1,10.0,0.0001,post_shift_changed_region,action_correctness,Evaluation rows where exactly one branch greedy action equals the analytic optimal action; target=1 means tabular is correct and neural is incorrect. Ties are excluded.,tabular_better,neural residual error divided by tabular plus neural residual error plus epsilon; higher predicts tabular,mean_of_seed_metrics,257,5,0,257,,,,0,,,,0,,,,0,0.19465883090408095,0.17385281985777976,0.22047342539145087,5,not_available_single_class,results/reviewer1_remaining/reliability_calibration/development/raw_parts/ReliabilityShift-boundary-030-calibration-development__rel_b010_l10_e1e4.csv.gz
ReliabilityShift-boundary-030-calibration-development,rel_b010_l10_e1e8,0.1,10.0,1e-08,post_shift_changed_region,action_correctness,Evaluation rows where exactly one branch greedy action equals the analytic optimal action; target=1 means tabular is correct and neural is incorrect. Ties are excluded.,tabular_better,neural residual error divided by tabular plus neural residual error plus epsilon; higher predicts tabular,mean_of_seed_metrics,257,5,0,257,,,,0,,,,0,,,,0,0.19467607374418322,0.17333790724175216,0.22182035639991032,5,not_available_single_class,results/reviewer1_remaining/reliability_calibration/development/raw_parts/ReliabilityShift-boundary-030-calibration-development__rel_b010_l10_e1e8.csv.gz
ReliabilityShift-boundary-030-calibration-development,rel_b010_l1_e1e4,0.1,1.0,0.0001,post_shift_changed_region,action_correctness,Evaluation rows where exactly one branch greedy action equals the analytic optimal action; target=1 means tabular is correct and neural is incorrect. Ties are excluded.,tabular_better,neural residual error divided by tabular plus neural residual error plus epsilon; higher predicts tabular,mean_of_seed_metrics,257,5,0,257,,,,0,,,,0,,,,0,0.19507744186973183,0.17372806351709102,0.22091448939885955,5,not_available_single_class,results/reviewer1_remaining/reliability_calibration/development/raw_parts/ReliabilityShift-boundary-030-calibration-development__rel_b010_l1_e1e4.csv.gz
ReliabilityShift-boundary-030-calibration-development,rel_b010_l1_e1e8,0.1,1.0,1e-08,post_shift_changed_region,action_correctness,Evaluation rows where exactly one branch greedy action equals the analytic optimal action; target=1 means tabular is correct and neural is incorrect. Ties are excluded.,tabular_better,neural residual error divided by tabular plus neural residual error plus epsilon; higher predicts tabular,mean_of_seed_metrics,257,5,0,257,,,,0,,,,0,,,,0,0.19509335608822717,0.1737423066788995,0.22093246368329283,5,not_available_single_class,results/reviewer1_remaining/reliability_calibration/development/raw_parts/ReliabilityShift-boundary-030-calibration-development__rel_b010_l1_e1e8.csv.gz
ReliabilityShift-boundary-030-calibration-development,rel_b010_l20_e1e6,0.1,20.0,1e-06,post_shift_changed_region,action_correctness,Evaluation rows where exactly one branch greedy action equals the analytic optimal action; target=1 means tabular is correct and neural is incorrect. Ties are excluded.,tabular_better,neural residual error divided by tabular plus neural residual error plus epsilon; higher predicts tabular,mean_of_seed_metrics,257,5,0,257,,,,0,,,,0,,,,0,0.1942751732537326,0.17296923007353354,0.21581792240370612,5,not_available_single_class,results/reviewer1_remaining/reliability_calibration/development/raw_parts/ReliabilityShift-boundary-030-calibration-development__rel_b010_l20_e1e6.csv.gz
ReliabilityShift-boundary-030-calibration-development,rel_b010_l5_e1e6,0.1,5.0,1e-06,post_shift_changed_region,action_correctness,Evaluation rows where exactly one branch greedy action equals the analytic optimal action; target=1 means tabular is correct and neural is incorrect. Ties are excluded.,tabular_better,neural residual error divided by tabular plus neural residual error plus epsilon; higher predicts tabular,mean_of_seed_metrics,257,5,0,257,,,,0,,,,0,,,,0,0.19491320970099718,0.17400012833728576,0.2199350497923227,5,not_available_single_class,results/reviewer1_remaining/reliability_calibration/development/raw_parts/ReliabilityShift-boundary-030-calibration-development__rel_b010_l5_e1e6.csv.gz
ReliabilityShift-boundary-030-calibration-development,rel_b020_l10_e1e6,0.2,10.0,1e-06,post_shift_changed_region,action_correctness,Evaluation rows where exactly one branch greedy action equals the analytic optimal action; target=1 means tabular is correct and neural is incorrect. Ties are excluded.,tabular_better,neural residual error divided by tabular plus neural residual error plus epsilon; higher predicts tabular,mean_of_seed_metrics,250,5,0,250,,,,0,,,,0,,,,0,0.15258880835496266,0.13617984474639058,0.17802455452230662,5,not_available_single_class,results/reviewer1_remaining/reliability_calibration/development/raw_parts/ReliabilityShift-boundary-030-calibration-development__rel_b020_l10_e1e6.csv.gz
ReliabilityShift-boundary-030-calibration-development,rel_b020_l1_e1e6,0.2,1.0,1e-06,post_shift_changed_region,action_correctness,Evaluation rows where exactly one branch greedy action equals the analytic optimal action; target=1 means tabular is correct and neural is incorrect. Ties are excluded.,tabular_better,neural residual error divided by tabular plus neural residual error plus epsilon; higher predicts tabular,mean_of_seed_metrics,250,5,0,250,,,,0,,,,0,,,,0,0.15221919133486297,0.13567773947900766,0.17532518037211275,5,not_available_single_class,results/reviewer1_remaining/reliability_calibration/development/raw_parts/ReliabilityShift-boundary-030-calibration-development__rel_b020_l1_e1e6.csv.gz
ReliabilityShift-boundary-030-calibration-development,rel_b020_l20_e1e4,0.2,20.0,0.0001,post_shift_changed_region,action_correctness,Evaluation rows where exactly one branch greedy action equals the analytic optimal action; target=1 means tabular is correct and neural is incorrect. Ties are excluded.,tabular_better,neural residual error divided by tabular plus neural residual error plus epsilon; higher predicts tabular,mean_of_seed_metrics,250,5,0,250,,,,0,,,,0,,,,0,0.1531629289670515,0.13674221905323516,0.17839202683287644,5,not_available_single_class,results/reviewer1_remaining/reliability_calibration/development/raw_parts/ReliabilityShift-boundary-030-calibration-development__rel_b020_l20_e1e4.csv.gz
ReliabilityShift-boundary-030-calibration-development,rel_b020_l20_e1e8,0.2,20.0,1e-08,post_shift_changed_region,action_correctness,Evaluation rows where exactly one branch greedy action equals the analytic optimal action; target=1 means tabular is correct and neural is incorrect. Ties are excluded.,tabular_better,neural residual error divided by tabular plus neural residual error plus epsilon; higher predicts tabular,mean_of_seed_metrics,250,5,0,250,,,,0,,,,0,,,,0,0.15317839184476972,0.13675630614323725,0.17841022528540323,5,not_available_single_class,results/reviewer1_remaining/reliability_calibration/development/raw_parts/ReliabilityShift-boundary-030-calibration-development__rel_b020_l20_e1e8.csv.gz
ReliabilityShift-boundary-030-calibration-development,rel_b020_l5_e1e4,0.2,5.0,0.0001,post_shift_changed_region,action_correctness,Evaluation rows where exactly one branch greedy action equals the analytic optimal action; target=1 means tabular is correct and neural is incorrect. Ties are excluded.,tabular_better,neural residual error divided by tabular plus neural residual error plus epsilon; higher predicts tabular,mean_of_seed_metrics,250,5,0,250,,,,0,,,,0,,,,0,0.15236868977932516,0.13603662297423147,0.17773932562821432,5,not_available_single_class,results/reviewer1_remaining/reliability_calibration/development/raw_parts/ReliabilityShift-boundary-030-calibration-development__rel_b020_l5_e1e4.csv.gz
ReliabilityShift-boundary-030-calibration-development,rel_b020_l5_e1e8,0.2,5.0,1e-08,post_shift_changed_region,action_correctness,Evaluation rows where exactly one branch greedy action equals the analytic optimal action; target=1 means tabular is correct and neural is incorrect. Ties are excluded.,tabular_better,neural residual error divided by tabular plus neural residual error plus epsilon; higher predicts tabular,mean_of_seed_metrics,250,5,0,250,,,,0,,,,0,,,,0,0.15238220270755182,0.1358990018334916,0.17524330445242847,5,not_available_single_class,results/reviewer1_remaining/reliability_calibration/development/raw_parts/ReliabilityShift-boundary-030-calibration-development__rel_b020_l5_e1e8.csv.gz
ReliabilityShift-boundary-020-calibration-development,rel_b002_l10_e1e4,0.02,10.0,0.0001,post_shift_changed_region,value_error,Evaluation rows with analytic full-action Q*: target=1 means the tabular Q-vector RMSE is lower than the neural Q-vector RMSE. Numerical ties are excluded.,tabular_better,neural residual error divided by tabular plus neural residual error plus epsilon; higher predicts tabular,mean_of_seed_metrics,818,5,183,635,0.676788104536846,0.6412138559336358,0.7034700010045591,5,0.3471251130699884,0.2924738904554841,0.4132939660244853,5,0.6066080814314411,0.5813845069659023,0.6269549465417386,5,0.2567800760970205,0.25000729234808383,0.2635528598459571,5,available,results/reviewer1_remaining/reliability_calibration/development/raw_parts/ReliabilityShift-boundary-020-calibration-development__rel_b002_l10_e1e4.csv.gz
ReliabilityShift-boundary-020-calibration-development,rel_b002_l10_e1e8,0.02,10.0,1e-08,post_shift_changed_region,value_error,Evaluation rows with analytic full-action Q*: target=1 means the tabular Q-vector RMSE is lower than the neural Q-vector RMSE. Numerical ties are excluded.,tabular_better,neural residual error divided by tabular plus neural residual error plus epsilon; higher predicts tabular,mean_of_seed_metrics,818,5,183,635,0.676788104536846,0.6402905277290701,0.7034700010045591,5,0.3471251130699884,0.2924738904554841,0.4132939660244853,5,0.6066080814314411,0.5819503778766008,0.6269549465417386,5,0.25679651692611444,0.2500221760040199,0.2635708578482089,5,available,results/reviewer1_remaining/reliability_calibration/development/raw_parts/ReliabilityShift-boundary-020-calibration-development__rel_b002_l10_e1e8.csv.gz
ReliabilityShift-boundary-020-calibration-development,rel_b002_l1_e1e4,0.02,1.0,0.0001,post_shift_changed_region,value_error,Evaluation rows with analytic full-action Q*: target=1 means the tabular Q-vector RMSE is lower than the neural Q-vector RMSE. Numerical ties are excluded.,tabular_better,neural residual error divided by tabular plus neural residual error plus epsilon; higher predicts tabular,mean_of_seed_metrics,818,5,183,635,0.6628994701722887,0.6280495217175235,0.6901789863827195,5,0.3300991510956244,0.27056524804036164,0.39704366171231076,5,0.6253243582456646,0.608966438505081,0.6392566556874757,5,0.25902632154653327,0.2525681471935083,0.26603815977029627,5,available,results/reviewer1_remaining/reliability_calibration/development/raw_parts/ReliabilityShift-boundary-020-calibration-development__rel_b002_l1_e1e4.csv.gz
ReliabilityShift-boundary-020-calibration-development,rel_b002_l1_e1e8,0.02,1.0,1e-08,post_shift_changed_region,value_error,Evaluation rows with analytic full-action Q*: target=1 means the tabular Q-vector RMSE is lower than the neural Q-vector RMSE. Numerical ties are excluded.,tabular_better,neural residual error divided by tabular plus neural residual error plus epsilon; higher predicts tabular,mean_of_seed_metrics,818,5,183,635,0.6628994701722887,0.6280495217175235,0.6901789863827194,5,0.3300991510956244,0.27056524804036164,0.3956363780620321,5,0.6253243582456646,0.6099874570764707,0.6387049315495446,5,0.2590420146455813,0.2524592969462178,0.26578163877201505,5,available,results/reviewer1_remaining/reliability_calibration/development/raw_parts/ReliabilityShift-boundary-020-calibration-development__rel_b002_l1_e1e8.csv.gz
ReliabilityShift-boundary-020-calibration-development,rel_b002_l20_e1e6,0.02,20.0,1e-06,post_shift_changed_region,value_error,Evaluation rows with analytic full-action Q*: target=1 means the tabular Q-vector RMSE is lower than the neural Q-vector RMSE. Numerical ties are excluded.,tabular_better,neural residual error divided by tabular plus neural residual error plus epsilon; higher predicts tabular,mean_of_seed_metrics,818,5,183,635,0.6833730776082889,0.6487695331310311,0.7105270022681693,5,0.36509283500839573,0.31458415662690625,0.42719765931015974,5,0.6091194778616884,0.573207322919359,0.6321525916216376,5,0.2544947518936248,0.24753701307938986,0.26145249070785975,5,available,results/reviewer1_remaining/reliability_calibration/development/raw_parts/ReliabilityShift-boundary-020-calibration-development__rel_b002_l20_e1e6.csv.gz
ReliabilityShift-boundary-020-calibration-development,rel_b002_l5_e1e6,0.02,5.0,1e-06,post_shift_changed_region,value_error,Evaluation rows with analytic full-action Q*: target=1 means the tabular Q-vector RMSE is lower than the neural Q-vector RMSE. Numerical ties are excluded.,tabular_better,neural residual error divided by tabular plus neural residual error plus epsilon; higher predicts tabular,mean_of_seed_metrics,818,5,183,635,0.6682122938952987,0.6366052281989696,0.695572227484873,5,0.3347803918023685,0.27648134766179217,0.4062475873232949,5,0.6049686270203681,0.5787764855729765,0.6261419384116572,5,0.2580165114126666,0.2513239364388841,0.2647645254805952,5,available,results/reviewer1_remaining/reliability_calibration/development/raw_parts/ReliabilityShift-boundary-020-calibration-development__rel_b002_l5_e1e6.csv.gz
ReliabilityShift-boundary-020-calibration-development,rel_b005_l10_e1e6,0.05,10.0,1e-06,post_shift_changed_region,value_error,Evaluation rows with analytic full-action Q*: target=1 means the tabular Q-vector RMSE is lower than the neural Q-vector RMSE. Numerical ties are excluded.,tabular_better,neural residual error divided by tabular plus neural residual error plus epsilon; higher predicts tabular,mean_of_seed_metrics,818,5,183,635,0.7493783464086274,0.7077616946985951,0.7862479690678098,5,0.3906325739797681,0.34909455796298017,0.42692372937290246,5,0.6611831834120592,0.6063731292112667,0.6980574148546826,5,0.24094235961261806,0.2329649753460318,0.24985685681955214,5,available,results/reviewer1_remaining/reliability_calibration/development/raw_parts/ReliabilityShift-boundary-020-calibration-development__rel_b005_l10_e1e6.csv.gz
ReliabilityShift-boundary-020-calibration-development,rel_b005_l1_e1e6,0.05,1.0,1e-06,post_shift_changed_region,value_error,Evaluation rows with analytic full-action Q*: target=1 means the tabular Q-vector RMSE is lower than the neural Q-vector RMSE. Numerical ties are excluded.,tabular_better,neural residual error divided by tabular plus neural residual error plus epsilon; higher predicts tabular,mean_of_seed_metrics,818,5,183,635,0.7455994712675608,0.6966791495114454,0.7855853807319766,5,0.3703287236811406,0.3188558224998051,0.4185964825288277,5,0.6568741751255047,0.6066140743756379,0.687990220024447,5,0.24250760172108404,0.23449251798592727,0.25161494063901313,5,available,results/reviewer1_remaining/reliability_calibration/development/raw_parts/ReliabilityShift-boundary-020-calibration-development__rel_b005_l1_e1e6.csv.gz
ReliabilityShift-boundary-020-calibration-development,rel_b005_l20_e1e4,0.05,20.0,0.0001,post_shift_changed_region,value_error,Evaluation rows with analytic full-action Q*: target=1 means the tabular Q-vector RMSE is lower than the neural Q-vector RMSE. Numerical ties are excluded.,tabular_better,neural residual error divided by tabular plus neural residual error plus epsilon; higher predicts tabular,mean_of_seed_metrics,818,5,183,635,0.7504750554685382,0.7021020995622891,0.7895230262030583,5,0.4027948344641062,0.35814583623263274,0.4553423183938272,5,0.6628091996722218,0.608164461972537,0.6979133299204057,5,0.23927350333288894,0.23132161329315615,0.24811268917437762,5,available,results/reviewer1_remaining/reliability_calibration/development/raw_parts/ReliabilityShift-boundary-020-calibration-development__rel_b005_l20_e1e4.csv.gz
ReliabilityShift-boundary-020-calibration-development,rel_b005_l20_e1e8,0.05,20.0,1e-08,post_shift_changed_region,value_error,Evaluation rows with analytic full-action Q*: target=1 means the tabular Q-vector RMSE is lower than the neural Q-vector RMSE. Numerical ties are excluded.,tabular_better,neural residual error divided by tabular plus neural residual error plus epsilon; higher predicts tabular,mean_of_seed_metrics,818,5,183,635,0.7504750554685382,0.7020896126850272,0.7880530952000038,5,0.4027948344641062,0.35814583623263274,0.455504584038896,5,0.6628091996722218,0.608164461972537,0.6979133299204057,5,0.23928873099697187,0.23131116550467956,0.24813185339502447,5,available,results/reviewer1_remaining/reliability_calibration/development/raw_parts/ReliabilityShift-boundary-020-calibration-development__rel_b005_l20_e1e8.csv.gz
ReliabilityShift-boundary-020-calibration-development,rel_b005_l5_e1e4,0.05,5.0,0.0001,post_shift_changed_region,value_error,Evaluation rows with analytic full-action Q*: target=1 means the tabular Q-vector RMSE is lower than the neural Q-vector RMSE. Numerical ties are excluded.,tabular_better,neural residual error divided by tabular plus neural residual error plus epsilon; higher predicts tabular,mean_of_seed_metrics,818,5,183,635,0.7480844702345426,0.7037051584705897,0.786857923264323,5,0.3878796281577163,0.35205194281187674,0.42189404897627547,5,0.658424562722404,0.608164461972537,0.6884572638706463,5,0.2417545053675852,0.23379981143392875,0.2508333839270406,5,available,results/reviewer1_remaining/reliability_calibration/development/raw_parts/ReliabilityShift-boundary-020-calibration-development__rel_b005_l5_e1e4.csv.gz
ReliabilityShift-boundary-020-calibration-development,rel_b005_l5_e1e8,0.05,5.0,1e-08,post_shift_changed_region,value_error,Evaluation rows with analytic full-action Q*: target=1 means the tabular Q-vector RMSE is lower than the neural Q-vector RMSE. Numerical ties are excluded.,tabular_better,neural residual error divided by tabular plus neural residual error plus epsilon; higher predicts tabular,mean_of_seed_metrics,818,5,183,635,0.7480844702345426,0.7006506852908788,0.7867180032960089,5,0.3878796281577163,0.34922938122111274,0.42309534359136486,5,0.658424562722404,0.608164461972537,0.6884650066141647,5,0.24176866932889912,0.23393308527755147,0.25085108313334337,5,available,results/reviewer1_remaining/reliability_calibration/development/raw_parts/ReliabilityShift-boundary-020-calibration-development__rel_b005_l5_e1e8.csv.gz
ReliabilityShift-boundary-020-calibration-development,rel_b010_l10_e1e4,0.1,10.0,0.0001,post_shift_changed_region,value_error,Evaluation rows with analytic full-action Q*: target=1 means the tabular Q-vector RMSE is lower than the neural Q-vector RMSE. Numerical ties are excluded.,tabular_better,neural residual error divided by tabular plus neural residual error plus epsilon; higher predicts tabular,mean_of_seed_metrics,818,5,181,637,0.7575275956721413,0.70729188838441,0.8051676243121075,5,0.3981824993908268,0.3488460318902008,0.44751896689145276,5,0.6962283627406969,0.6449168044077135,0.7418876773925964,5,0.21871049907877432,0.21385501331180762,0.22605276082394554,5,available,results/reviewer1_remaining/reliability_calibration/development/raw_parts/ReliabilityShift-boundary-020-calibration-development__rel_b010_l10_e1e4.csv.gz
ReliabilityShift-boundary-020-calibration-development,rel_b010_l10_e1e8,0.1,10.0,1e-08,post_shift_changed_region,value_error,Evaluation rows with analytic full-action Q*: target=1 means the tabular Q-vector RMSE is lower than the neural Q-vector RMSE. Numerical ties are excluded.,tabular_better,neural residual error divided by tabular plus neural residual error plus epsilon; higher predicts tabular,mean_of_seed_metrics,818,5,181,637,0.7575275956721413,0.7068071198868576,0.8051676243121078,5,0.3981824993908268,0.3488460318902008,0.44751896689145276,5,0.6962283627406969,0.6475686746365239,0.7414935357052046,5,0.21872312807050504,0.21356498739831922,0.22606342789959827,5,available,results/reviewer1_remaining/reliability_calibration/development/raw_parts/ReliabilityShift-boundary-020-calibration-development__rel_b010_l10_e1e8.csv.gz
ReliabilityShift-boundary-020-calibration-development,rel_b010_l1_e1e4,0.1,1.0,0.0001,post_shift_changed_region,value_error,Evaluation rows with analytic full-action Q*: target=1 means the tabular Q-vector RMSE is lower than the neural Q-vector RMSE. Numerical ties are excluded.,tabular_better,neural residual error divided by tabular plus neural residual error plus epsilon; higher predicts tabular,mean_of_seed_metrics,818,5,181,637,0.7537636777891368,0.7004684096372896,0.8016281460328637,5,0.38726124468234707,0.33603298516349256,0.4323301615201083,5,0.6925065046614721,0.6426099969505734,0.7398187118753551,5,0.21987267007554906,0.21516560284803798,0.22730705418466787,5,available,results/reviewer1_remaining/reliability_calibration/development/raw_parts/ReliabilityShift-boundary-020-calibration-development__rel_b010_l1_e1e4.csv.gz
ReliabilityShift-boundary-020-calibration-development,rel_b010_l1_e1e8,0.1,1.0,1e-08,post_shift_changed_region,value_error,Evaluation rows with analytic full-action Q*: target=1 means the tabular Q-vector RMSE is lower than the neural Q-vector RMSE. Numerical ties are excluded.,tabular_better,neural residual error divided by tabular plus neural residual error plus epsilon; higher predicts tabular,mean_of_seed_metrics,818,5,181,637,0.7537636777891368,0.7047510298060364,0.8016281460328637,5,0.38726124468234707,0.33603298516349256,0.4318863423231852,5,0.6925065046614721,0.6426099969505734,0.7398187118753551,5,0.2198847333276528,0.21483225190363595,0.22732209063284087,5,available,results/reviewer1_remaining/reliability_calibration/development/raw_parts/ReliabilityShift-boundary-020-calibration-development__rel_b010_l1_e1e8.csv.gz
ReliabilityShift-boundary-020-calibration-development,rel_b010_l20_e1e6,0.1,20.0,1e-06,post_shift_changed_region,value_error,Evaluation rows with analytic full-action Q*: target=1 means the tabular Q-vector RMSE is lower than the neural Q-vector RMSE. Numerical ties are excluded.,tabular_better,neural residual error divided by tabular plus neural residual error plus epsilon; higher predicts tabular,mean_of_seed_metrics,818,5,181,637,0.7599438313076929,0.714848740768515,0.8050389218468708,5,0.42025024441472364,0.3699390037217299,0.46829242066271587,5,0.6933623273653844,0.6526079812279371,0.7316130019112788,5,0.21757862617884519,0.2124925532105478,0.22487092660110766,5,available,results/reviewer1_remaining/reliability_calibration/development/raw_parts/ReliabilityShift-boundary-020-calibration-development__rel_b010_l20_e1e6.csv.gz
ReliabilityShift-boundary-020-calibration-development,rel_b010_l5_e1e6,0.1,5.0,1e-06,post_shift_changed_region,value_error,Evaluation rows with analytic full-action Q*: target=1 means the tabular Q-vector RMSE is lower than the neural Q-vector RMSE. Numerical ties are excluded.,tabular_better,neural residual error divided by tabular plus neural residual error plus epsilon; higher predicts tabular,mean_of_seed_metrics,818,5,181,637,0.7557207937745226,0.7076923076923076,0.8025651306725885,5,0.39164904774223036,0.3474364925026814,0.43347248907749253,5,0.6962283627406969,0.6475686746365239,0.7418876773925965,5,0.21940469130139553,0.21457987935891576,0.22686070949764886,5,available,results/reviewer1_remaining/reliability_calibration/development/raw_parts/ReliabilityShift-boundary-020-calibration-development__rel_b010_l5_e1e6.csv.gz
ReliabilityShift-boundary-020-calibration-development,rel_b020_l10_e1e6,0.2,10.0,1e-06,post_shift_changed_region,value_error,Evaluation rows with analytic full-action Q*: target=1 means the tabular Q-vector RMSE is lower than the neural Q-vector RMSE. Numerical ties are excluded.,tabular_better,neural residual error divided by tabular plus neural residual error plus epsilon; higher predicts tabular,mean_of_seed_metrics,818,5,181,637,0.7737909591062049,0.7258811588715265,0.8179640342575777,5,0.4494298921164373,0.38611280475017906,0.5127469794826957,5,0.6971884888924474,0.6628505413543468,0.7315264364305477,5,0.1953728192341871,0.19110535718510777,0.20067826708007294,5,available,results/reviewer1_remaining/reliability_calibration/development/raw_parts/ReliabilityShift-boundary-020-calibration-development__rel_b020_l10_e1e6.csv.gz
ReliabilityShift-boundary-020-calibration-development,rel_b020_l1_e1e6,0.2,1.0,1e-06,post_shift_changed_region,value_error,Evaluation rows with analytic full-action Q*: target=1 means the tabular Q-vector RMSE is lower than the neural Q-vector RMSE. Numerical ties are excluded.,tabular_better,neural residual error divided by tabular plus neural residual error plus epsilon; higher predicts tabular,mean_of_seed_metrics,818,5,181,637,0.7658100098227004,0.7195065672619392,0.8111102384726887,5,0.4246045240101582,0.3646217076667885,0.484587340353528,5,0.7101237859186534,0.670500924786982,0.7432785731826845,5,0.19646051437980522,0.1920569256021592,0.20120082841637119,5,available,results/reviewer1_remaining/reliability_calibration/development/raw_parts/ReliabilityShift-boundary-020-calibration-development__rel_b020_l1_e1e6.csv.gz
ReliabilityShift-boundary-020-calibration-development,rel_b020_l20_e1e4,0.2,20.0,0.0001,post_shift_changed_region,value_error,Evaluation rows with analytic full-action Q*: target=1 means the tabular Q-vector RMSE is lower than the neural Q-vector RMSE. Numerical ties are excluded.,tabular_better,neural residual error divided by tabular plus neural residual error plus epsilon; higher predicts tabular,mean_of_seed_metrics,818,5,181,637,0.777488672081506,0.7287344234373017,0.8198908524925113,5,0.4716191270999591,0.4041205842459992,0.5285999297797711,5,0.6950912688014969,0.6645034339163303,0.7266282601278299,5,0.19464504221505569,0.19066833711665493,0.19963571832216043,5,available,results/reviewer1_remaining/reliability_calibration/development/raw_parts/ReliabilityShift-boundary-020-calibration-development__rel_b020_l20_e1e4.csv.gz
ReliabilityShift-boundary-020-calibration-development,rel_b020_l20_e1e8,0.2,20.0,1e-08,post_shift_changed_region,value_error,Evaluation rows with analytic full-action Q*: target=1 means the tabular Q-vector RMSE is lower than the neural Q-vector RMSE. Numerical ties are excluded.,tabular_better,neural residual error divided by tabular plus neural residual error plus epsilon; higher predicts tabular,mean_of_seed_metrics,818,5,181,637,0.777488672081506,0.7287344234373018,0.820157370810646,5,0.4716191270999591,0.41374382921393443,0.5294944249859838,5,0.6950912688014969,0.6645034339163303,0.7256791036866633,5,0.1946566874896939,0.1906786191573579,0.1996517560250302,5,available,results/reviewer1_remaining/reliability_calibration/development/raw_parts/ReliabilityShift-boundary-020-calibration-development__rel_b020_l20_e1e8.csv.gz
ReliabilityShift-boundary-020-calibration-development,rel_b020_l5_e1e4,0.2,5.0,0.0001,post_shift_changed_region,value_error,Evaluation rows with analytic full-action Q*: target=1 means the tabular Q-vector RMSE is lower than the neural Q-vector RMSE. Numerical ties are excluded.,tabular_better,neural residual error divided by tabular plus neural residual error plus epsilon; higher predicts tabular,mean_of_seed_metrics,818,5,181,637,0.7701107429236915,0.7230460318820535,0.8123742385519281,5,0.4409360213158703,0.37735656765402714,0.5083536041590404,5,0.7100672767712353,0.669305995999566,0.7398597697638811,5,0.1959228475158169,0.1916144365349663,0.2005374529661108,5,available,results/reviewer1_remaining/reliability_calibration/development/raw_parts/ReliabilityShift-boundary-020-calibration-development__rel_b020_l5_e1e4.csv.gz
ReliabilityShift-boundary-020-calibration-development,rel_b020_l5_e1e8,0.2,5.0,1e-08,post_shift_changed_region,value_error,Evaluation rows with analytic full-action Q*: target=1 means the tabular Q-vector RMSE is lower than the neural Q-vector RMSE. Numerical ties are excluded.,tabular_better,neural residual error divided by tabular plus neural residual error plus epsilon; higher predicts tabular,mean_of_seed_metrics,818,5,181,637,0.7701107429236915,0.7203425863478141,0.8121066093333192,5,0.4409360213158703,0.3686842345691578,0.5083536041590404,5,0.7100672767712353,0.669305995999566,0.7398597697638811,5,0.1959339596767552,0.1916253945042507,0.2009235912529202,5,available,results/reviewer1_remaining/reliability_calibration/development/raw_parts/ReliabilityShift-boundary-020-calibration-development__rel_b020_l5_e1e8.csv.gz
ReliabilityShift-boundary-030-calibration-development,rel_b002_l10_e1e4,0.02,10.0,0.0001,post_shift_changed_region,value_error,Evaluation rows with analytic full-action Q*: target=1 means the tabular Q-vector RMSE is lower than the neural Q-vector RMSE. Numerical ties are excluded.,tabular_better,neural residual error divided by tabular plus neural residual error plus epsilon; higher predicts tabular,mean_of_seed_metrics,541,5,79,462,0.6148912682216936,0.5727456723303188,0.6580206095272425,5,0.18666056019414481,0.13014337543408566,0.24054117788710108,5,0.618322916571471,0.5944780384540533,0.6421677946888888,5,0.26724211251978003,0.25510111347932696,0.2801114523211237,5,available,results/reviewer1_remaining/reliability_calibration/development/raw_parts/ReliabilityShift-boundary-030-calibration-development__rel_b002_l10_e1e4.csv.gz
ReliabilityShift-boundary-030-calibration-development,rel_b002_l10_e1e8,0.02,10.0,1e-08,post_shift_changed_region,value_error,Evaluation rows with analytic full-action Q*: target=1 means the tabular Q-vector RMSE is lower than the neural Q-vector RMSE. Numerical ties are excluded.,tabular_better,neural residual error divided by tabular plus neural residual error plus epsilon; higher predicts tabular,mean_of_seed_metrics,541,5,79,462,0.6148912682216936,0.5726764396067415,0.6598061730561576,5,0.18666056019414481,0.13014337543408566,0.24054117788710108,5,0.618322916571471,0.5935117215249821,0.6422347685380612,5,0.267264473068357,0.255383222664534,0.2796151934236845,5,available,results/reviewer1_remaining/reliability_calibration/development/raw_parts/ReliabilityShift-boundary-030-calibration-development__rel_b002_l10_e1e8.csv.gz
ReliabilityShift-boundary-030-calibration-development,rel_b002_l1_e1e4,0.02,1.0,0.0001,post_shift_changed_region,value_error,Evaluation rows with analytic full-action Q*: target=1 means the tabular Q-vector RMSE is lower than the neural Q-vector RMSE. Numerical ties are excluded.,tabular_better,neural residual error divided by tabular plus neural residual error plus epsilon; higher predicts tabular,mean_of_seed_metrics,541,5,79,462,0.6190445068319079,0.5682223775324587,0.669866636131357,5,0.18797774350800983,0.12998352530498974,0.2432817780178016,5,0.6343528870231384,0.5955682219865677,0.6895802800846768,5,0.2695031970064083,0.25687362502397276,0.28262734889174396,5,available,results/reviewer1_remaining/reliability_calibration/development/raw_parts/ReliabilityShift-boundary-030-calibration-development__rel_b002_l1_e1e4.csv.gz
ReliabilityShift-boundary-030-calibration-development,rel_b002_l1_e1e8,0.02,1.0,1e-08,post_shift_changed_region,value_error,Evaluation rows with analytic full-action Q*: target=1 means the tabular Q-vector RMSE is lower than the neural Q-vector RMSE. Numerical ties are excluded.,tabular_better,neural residual error divided by tabular plus neural residual error plus epsilon; higher predicts tabular,mean_of_seed_metrics,541,5,79,462,0.6190445068319079,0.5682223775324587,0.669866636131357,5,0.18797774350800983,0.12402770208451144,0.2432817780178016,5,0.6343528870231384,0.5966749546136236,0.6881749754554379,5,0.26952425048324835,0.25746936105584467,0.28265109986268966,5,available,results/reviewer1_remaining/reliability_calibration/development/raw_parts/ReliabilityShift-boundary-030-calibration-development__rel_b002_l1_e1e8.csv.gz
ReliabilityShift-boundary-030-calibration-development,rel_b002_l20_e1e6,0.02,20.0,1e-06,post_shift_changed_region,value_error,Evaluation rows with analytic full-action Q*: target=1 means the tabular Q-vector RMSE is lower than the neural Q-vector RMSE. Numerical ties are excluded.,tabular_better,neural residual error divided by tabular plus neural residual error plus epsilon; higher predicts tabular,mean_of_seed_metrics,541,5,79,462,0.6159979843487505,0.577430627491004,0.656787739621439,5,0.18874113886262361,0.13498283814720755,0.24115563072270768,5,0.6165240318263949,0.5889770773013054,0.6440709863514844,5,0.2648603029329769,0.2528318729761064,0.2773403936967123,5,available,results/reviewer1_remaining/reliability_calibration/development/raw_parts/ReliabilityShift-boundary-030-calibration-development__rel_b002_l20_e1e6.csv.gz
ReliabilityShift-boundary-030-calibration-development,rel_b002_l5_e1e6,0.02,5.0,1e-06,post_shift_changed_region,value_error,Evaluation rows with analytic full-action Q*: target=1 means the tabular Q-vector RMSE is lower than the neural Q-vector RMSE. Numerical ties are excluded.,tabular_better,neural residual error divided by tabular plus neural residual error plus epsilon; higher predicts tabular,mean_of_seed_metrics,541,5,79,462,0.6167750000358404,0.5659611986706701,0.6675888014010105,5,0.18749189082266846,0.1319695209715933,0.2430142606737436,5,0.6154102952122477,0.593849416755037,0.6393221471788377,5,0.2684961789801223,0.25650802515053134,0.281508305590747,5,available,results/reviewer1_remaining/reliability_calibration/development/raw_parts/ReliabilityShift-boundary-030-calibration-development__rel_b002_l5_e1e6.csv.gz
ReliabilityShift-boundary-030-calibration-development,rel_b005_l10_e1e6,0.05,10.0,1e-06,post_shift_changed_region,value_error,Evaluation rows with analytic full-action Q*: target=1 means the tabular Q-vector RMSE is lower than the neural Q-vector RMSE. Numerical ties are excluded.,tabular_better,neural residual error divided by tabular plus neural residual error plus epsilon; higher predicts tabular,mean_of_seed_metrics,541,5,79,462,0.715217235815311,0.6555337711642262,0.7734195034071036,5,0.2369368823317044,0.1801800905745841,0.29428736535107713,5,0.6670239331507196,0.622105520273571,0.7156642197489936,5,0.25417232967144543,0.23817726279915513,0.2701673965437358,5,available,results/reviewer1_remaining/reliability_calibration/development/raw_parts/ReliabilityShift-boundary-030-calibration-development__rel_b005_l10_e1e6.csv.gz
ReliabilityShift-boundary-030-calibration-development,rel_b005_l1_e1e6,0.05,1.0,1e-06,post_shift_changed_region,value_error,Evaluation rows with analytic full-action Q*: target=1 means the tabular Q-vector RMSE is lower than the neural Q-vector RMSE. Numerical ties are excluded.,tabular_better,neural residual error divided by tabular plus neural residual error plus epsilon; higher predicts tabular,mean_of_seed_metrics,541,5,79,462,0.715808955569352,0.6508589243240859,0.7767039605224478,5,0.23510125836314896,0.17642594420929536,0.2937765725170025,5,0.6670239331507196,0.619743359954172,0.7156642197489936,5,0.25627354023728677,0.24012740750680828,0.27248714828246295,5,available,results/reviewer1_remaining/reliability_calibration/development/raw_parts/ReliabilityShift-boundary-030-calibration-development__rel_b005_l1_e1e6.csv.gz
ReliabilityShift-boundary-030-calibration-development,rel_b005_l20_e1e4,0.05,20.0,0.0001,post_shift_changed_region,value_error,Evaluation rows with analytic full-action Q*: target=1 means the tabular Q-vector RMSE is lower than the neural Q-vector RMSE. Numerical ties are excluded.,tabular_better,neural residual error divided by tabular plus neural residual error plus epsilon; higher predicts tabular,mean_of_seed_metrics,541,5,79,462,0.7102753960647386,0.6449499338143636,0.7693723303483487,5,0.23429153986724915,0.17774674139040186,0.29083633834409633,5,0.6670239331507196,0.620745806871845,0.7110032362459547,5,0.2520831845757022,0.2364426104493178,0.26772375870208664,5,available,results/reviewer1_remaining/reliability_calibration/development/raw_parts/ReliabilityShift-boundary-030-calibration-development__rel_b005_l20_e1e4.csv.gz
ReliabilityShift-boundary-030-calibration-development,rel_b005_l20_e1e8,0.05,20.0,1e-08,post_shift_changed_region,value_error,Evaluation rows with analytic full-action Q*: target=1 means the tabular Q-vector RMSE is lower than the neural Q-vector RMSE. Numerical ties are excluded.,tabular_better,neural residual error divided by tabular plus neural residual error plus epsilon; higher predicts tabular,mean_of_seed_metrics,541,5,79,462,0.7102753960647386,0.648657595887345,0.7675504250085428,5,0.23429153986724915,0.1777618094183562,0.2908363383440964,5,0.6670239331507196,0.619743359954172,0.7156642197489936,5,0.25210598254064354,0.23646138826242763,0.2677505768188595,5,available,results/reviewer1_remaining/reliability_calibration/development/raw_parts/ReliabilityShift-boundary-030-calibration-development__rel_b005_l20_e1e8.csv.gz
ReliabilityShift-boundary-030-calibration-development,rel_b005_l5_e1e4,0.05,5.0,0.0001,post_shift_changed_region,value_error,Evaluation rows with analytic full-action Q*: target=1 means the tabular Q-vector RMSE is lower than the neural Q-vector RMSE. Numerical ties are excluded.,tabular_better,neural residual error divided by tabular plus neural residual error plus epsilon; higher predicts tabular,mean_of_seed_metrics,541,5,79,462,0.7150123370320998,0.6564931495983777,0.7719605230758406,5,0.23384294574913259,0.17790880812172422,0.28977708337654096,5,0.6670239331507196,0.6230446300554846,0.7156642197489936,5,0.25533881378477363,0.23927462303784744,0.27140300453169985,5,available,results/reviewer1_remaining/reliability_calibration/development/raw_parts/ReliabilityShift-boundary-030-calibration-development__rel_b005_l5_e1e4.csv.gz
ReliabilityShift-boundary-030-calibration-development,rel_b005_l5_e1e8,0.05,5.0,1e-08,post_shift_changed_region,value_error,Evaluation rows with analytic full-action Q*: target=1 means the tabular Q-vector RMSE is lower than the neural Q-vector RMSE. Numerical ties are excluded.,tabular_better,neural residual error divided by tabular plus neural residual error plus epsilon; higher predicts tabular,mean_of_seed_metrics,541,5,79,462,0.7150123370320998,0.6564931495983777,0.7719605230758406,5,0.23384294574913259,0.17790880812172422,0.289777083376541,5,0.6670239331507196,0.6230446300554847,0.716504854368932,5,0.25535971865590723,0.23929189756836994,0.27142753974344447,5,available,results/reviewer1_remaining/reliability_calibration/development/raw_parts/ReliabilityShift-boundary-030-calibration-development__rel_b005_l5_e1e8.csv.gz
ReliabilityShift-boundary-030-calibration-development,rel_b010_l10_e1e4,0.1,10.0,0.0001,post_shift_changed_region,value_error,Evaluation rows with analytic full-action Q*: target=1 means the tabular Q-vector RMSE is lower than the neural Q-vector RMSE. Numerical ties are excluded.,tabular_better,neural residual error divided by tabular plus neural residual error plus epsilon; higher predicts tabular,mean_of_seed_metrics,541,5,79,462,0.7403448665806733,0.6793409748948491,0.8013487582664979,5,0.2600735896399645,0.19656332955601702,0.3235838497239121,5,0.689486598808507,0.6461160265695755,0.7361350774215211,5,0.2322579140348453,0.21684009411261718,0.24837842796092632,5,available,results/reviewer1_remaining/reliability_calibration/development/raw_parts/ReliabilityShift-boundary-030-calibration-development__rel_b010_l10_e1e4.csv.gz
ReliabilityShift-boundary-030-calibration-development,rel_b010_l10_e1e8,0.1,10.0,1e-08,post_shift_changed_region,value_error,Evaluation rows with analytic full-action Q*: target=1 means the tabular Q-vector RMSE is lower than the neural Q-vector RMSE. Numerical ties are excluded.,tabular_better,neural residual error divided by tabular plus neural residual error plus epsilon; higher predicts tabular,mean_of_seed_metrics,541,5,79,462,0.7403448665806733,0.6793409748948491,0.8013487582664979,5,0.2600735896399645,0.19747049992926735,0.3235838497239121,5,0.689486598808507,0.6461160265695755,0.7328571710474387,5,0.23227873979553734,0.21685661044418478,0.24840127712163945,5,available,results/reviewer1_remaining/reliability_calibration/development/raw_parts/ReliabilityShift-boundary-030-calibration-development__rel_b010_l10_e1e8.csv.gz
ReliabilityShift-boundary-030-calibration-development,rel_b010_l1_e1e4,0.1,1.0,0.0001,post_shift_changed_region,value_error,Evaluation rows with analytic full-action Q*: target=1 means the tabular Q-vector RMSE is lower than the neural Q-vector RMSE. Numerical ties are excluded.,tabular_better,neural residual error divided by tabular plus neural residual error plus epsilon; higher predicts tabular,mean_of_seed_metrics,541,5,79,462,0.7368282974282612,0.6787588079663335,0.7915482723270819,5,0.25653372897175925,0.1932206935344895,0.32545184741802036,5,0.691925623198751,0.6506817386509932,0.7361180858245471,5,0.23394615677395922,0.21827178570141664,0.2496205278465018,5,available,results/reviewer1_remaining/reliability_calibration/development/raw_parts/ReliabilityShift-boundary-030-calibration-development__rel_b010_l1_e1e4.csv.gz
ReliabilityShift-boundary-030-calibration-development,rel_b010_l1_e1e8,0.1,1.0,1e-08,post_shift_changed_region,value_error,Evaluation rows with analytic full-action Q*: target=1 means the tabular Q-vector RMSE is lower than the neural Q-vector RMSE. Numerical ties are excluded.,tabular_better,neural residual error divided by tabular plus neural residual error plus epsilon; higher predicts tabular,mean_of_seed_metrics,541,5,79,462,0.7368282974282612,0.6787588079663335,0.7948977868901886,5,0.25653372897175925,0.1932206935344895,0.319846764409029,5,0.688554836681897,0.6418134779261115,0.7353337342943281,5,0.2339660026482183,0.21828761489866869,0.2502982991369023,5,available,results/reviewer1_remaining/reliability_calibration/development/raw_parts/ReliabilityShift-boundary-030-calibration-development__rel_b010_l1_e1e8.csv.gz
ReliabilityShift-boundary-030-calibration-development,rel_b010_l20_e1e6,0.1,20.0,1e-06,post_shift_changed_region,value_error,Evaluation rows with analytic full-action Q*: target=1 means the tabular Q-vector RMSE is lower than the neural Q-vector RMSE. Numerical ties are excluded.,tabular_better,neural residual error divided by tabular plus neural residual error plus epsilon; higher predicts tabular,mean_of_seed_metrics,541,5,79,462,0.7453981748198855,0.6856616748001523,0.8067552300046232,5,0.2652690788713102,0.2018005157619823,0.32873764198063804,5,0.693980980830979,0.6552275046142707,0.7367977497035116,5,0.23066249615364173,0.21550384958930158,0.24587990198442006,5,available,results/reviewer1_remaining/reliability_calibration/development/raw_parts/ReliabilityShift-boundary-030-calibration-development__rel_b010_l20_e1e6.csv.gz
ReliabilityShift-boundary-030-calibration-development,rel_b010_l5_e1e6,0.1,5.0,1e-06,post_shift_changed_region,value_error,Evaluation rows with analytic full-action Q*: target=1 means the tabular Q-vector RMSE is lower than the neural Q-vector RMSE. Numerical ties are excluded.,tabular_better,neural residual error divided by tabular plus neural residual error plus epsilon; higher predicts tabular,mean_of_seed_metrics,541,5,79,462,0.7373539408995118,0.6787744962033331,0.7955339805825241,5,0.2569806925788891,0.19339088566120338,0.32057049949657496,5,0.691925623198751,0.6485550509598194,0.7367977497035116,5,0.23318878343073135,0.2176302426344709,0.24942190078250354,5,available,results/reviewer1_remaining/reliability_calibration/development/raw_parts/ReliabilityShift-boundary-030-calibration-development__rel_b010_l5_e1e6.csv.gz
ReliabilityShift-boundary-030-calibration-development,rel_b020_l10_e1e6,0.2,10.0,1e-06,post_shift_changed_region,value_error,Evaluation rows with analytic full-action Q*: target=1 means the tabular Q-vector RMSE is lower than the neural Q-vector RMSE. Numerical ties are excluded.,tabular_better,neural residual error divided by tabular plus neural residual error plus epsilon; higher predicts tabular,mean_of_seed_metrics,541,5,79,462,0.7633574826252618,0.7060371626816275,0.8206778025688959,5,0.29347925499938243,0.22610793846883065,0.3608505715299343,5,0.7022573622854749,0.6586649140097375,0.7494039436115367,5,0.2099205223325825,0.1929207173994758,0.22543782720230104,5,available,results/reviewer1_remaining/reliability_calibration/development/raw_parts/ReliabilityShift-boundary-030-calibration-development__rel_b020_l10_e1e6.csv.gz
ReliabilityShift-boundary-030-calibration-development,rel_b020_l1_e1e6,0.2,1.0,1e-06,post_shift_changed_region,value_error,Evaluation rows with analytic full-action Q*: target=1 means the tabular Q-vector RMSE is lower than the neural Q-vector RMSE. Numerical ties are excluded.,tabular_better,neural residual error divided by tabular plus neural residual error plus epsilon; higher predicts tabular,mean_of_seed_metrics,541,5,79,462,0.7608086083351772,0.703961095441787,0.8176561212285675,5,0.288730077023653,0.21909676093822572,0.3583633931090803,5,0.7095339807980485,0.6717234280131202,0.7503302845528455,5,0.21150232886209416,0.19547821109631086,0.22752644662787747,5,available,results/reviewer1_remaining/reliability_calibration/development/raw_parts/ReliabilityShift-boundary-030-calibration-development__rel_b020_l1_e1e6.csv.gz
ReliabilityShift-boundary-030-calibration-development,rel_b020_l20_e1e4,0.2,20.0,0.0001,post_shift_changed_region,value_error,Evaluation rows with analytic full-action Q*: target=1 means the tabular Q-vector RMSE is lower than the neural Q-vector RMSE. Numerical ties are excluded.,tabular_better,neural residual error divided by tabular plus neural residual error plus epsilon; higher predicts tabular,mean_of_seed_metrics,541,5,79,462,0.7667708697633,0.7107897055661183,0.8227520339604816,5,0.30043189592577707,0.23037522910946945,0.3709310191060907,5,0.696693337895231,0.6562258896194936,0.7382443365695792,5,0.20859321457557808,0.19346487450110728,0.22382486048072434,5,available,results/reviewer1_remaining/reliability_calibration/development/raw_parts/ReliabilityShift-boundary-030-calibration-development__rel_b020_l20_e1e4.csv.gz
ReliabilityShift-boundary-030-calibration-development,rel_b020_l20_e1e8,0.2,20.0,1e-08,post_shift_changed_region,value_error,Evaluation rows with analytic full-action Q*: target=1 means the tabular Q-vector RMSE is lower than the neural Q-vector RMSE. Numerical ties are excluded.,tabular_better,neural residual error divided by tabular plus neural residual error plus epsilon; higher predicts tabular,mean_of_seed_metrics,541,5,79,462,0.7667708697633,0.7105869216274687,0.8227520339604816,5,0.30043189592577707,0.22993277274546348,0.3709310191060907,5,0.696693337895231,0.6582045649649044,0.7400289436115365,5,0.20861461797813133,0.19385565809551203,0.22385096293857493,5,available,results/reviewer1_remaining/reliability_calibration/development/raw_parts/ReliabilityShift-boundary-030-calibration-development__rel_b020_l20_e1e8.csv.gz
ReliabilityShift-boundary-030-calibration-development,rel_b020_l5_e1e4,0.2,5.0,0.0001,post_shift_changed_region,value_error,Evaluation rows with analytic full-action Q*: target=1 means the tabular Q-vector RMSE is lower than the neural Q-vector RMSE. Numerical ties are excluded.,tabular_better,neural residual error divided by tabular plus neural residual error plus epsilon; higher predicts tabular,mean_of_seed_metrics,541,5,79,462,0.7616853632261907,0.701501826811041,0.8180766698828117,5,0.29092416711049013,0.2210981093418273,0.360750224879153,5,0.7117811718092846,0.6777125330573565,0.7494039436115367,5,0.2107279246975183,0.19586431788049846,0.2265059825603993,5,available,results/reviewer1_remaining/reliability_calibration/development/raw_parts/ReliabilityShift-boundary-030-calibration-development__rel_b020_l5_e1e4.csv.gz
ReliabilityShift-boundary-030-calibration-development,rel_b020_l5_e1e8,0.2,5.0,1e-08,post_shift_changed_region,value_error,Evaluation rows with analytic full-action Q*: target=1 means the tabular Q-vector RMSE is lower than the neural Q-vector RMSE. Numerical ties are excluded.,tabular_better,neural residual error divided by tabular plus neural residual error plus epsilon; higher predicts tabular,mean_of_seed_metrics,541,5,79,462,0.7616853632261907,0.701501826811041,0.8180766698828117,5,0.29092416711049013,0.22109810934182725,0.36075022487915287,5,0.7117811718092846,0.6777125330573565,0.752716229534764,5,0.2107482029453335,0.19585778309049698,0.2265292615232765,5,available,results/reviewer1_remaining/reliability_calibration/development/raw_parts/ReliabilityShift-boundary-030-calibration-development__rel_b020_l5_e1e8.csv.gz
