environment,agent,beta,lambda,epsilon,scope,target_type,target_definition,aggregation_level,requested_coverage,realized_coverage,retained_rows,total_informative_rows,selective_risk,selective_risk_ci_low,selective_risk_ci_high,bootstrap_available_seed_count,source_file
ReliabilityShift-boundary-020-calibration-development,rel_b002_l10_e1e4,0.02,10.0,0.0001,post_shift_changed_region,action_correctness,Evaluation rows where exactly one branch greedy action equals the analytic optimal action; target=1 means tabular is correct and neural is incorrect. Ties are excluded.,mean_seed_selective_error_rate,1.0,1.0,378,378,0.6143051861216684,0.48563944322092645,0.7478580574355222,5,results/reviewer1_remaining/reliability_calibration/development/raw_parts/ReliabilityShift-boundary-020-calibration-development__rel_b002_l10_e1e4.csv.gz
ReliabilityShift-boundary-020-calibration-development,rel_b002_l10_e1e4,0.02,10.0,0.0001,post_shift_changed_region,action_correctness,Evaluation rows where exactly one branch greedy action equals the analytic optimal action; target=1 means tabular is correct and neural is incorrect. Ties are excluded.,mean_seed_selective_error_rate,0.9,0.9047619047619048,342,378,0.5956665547883903,0.44200230149597247,0.7567209162145871,5,results/reviewer1_remaining/reliability_calibration/development/raw_parts/ReliabilityShift-boundary-020-calibration-development__rel_b002_l10_e1e4.csv.gz
ReliabilityShift-boundary-020-calibration-development,rel_b002_l10_e1e4,0.02,10.0,0.0001,post_shift_changed_region,action_correctness,Evaluation rows where exactly one branch greedy action equals the analytic optimal action; target=1 means tabular is correct and neural is incorrect. Ties are excluded.,mean_seed_selective_error_rate,0.8,0.8042328042328042,304,378,0.6055576406845435,0.43651405714943453,0.7682937181663837,5,results/reviewer1_remaining/reliability_calibration/development/raw_parts/ReliabilityShift-boundary-020-calibration-development__rel_b002_l10_e1e4.csv.gz
ReliabilityShift-boundary-020-calibration-development,rel_b002_l10_e1e4,0.02,10.0,0.0001,post_shift_changed_region,action_correctness,Evaluation rows where exactly one branch greedy action equals the analytic optimal action; target=1 means tabular is correct and neural is incorrect. Ties are excluded.,mean_seed_selective_error_rate,0.7,0.7037037037037037,266,378,0.6085376122706334,0.47402269861286256,0.7666443626630981,5,results/reviewer1_remaining/reliability_calibration/development/raw_parts/ReliabilityShift-boundary-020-calibration-development__rel_b002_l10_e1e4.csv.gz
ReliabilityShift-boundary-020-calibration-development,rel_b002_l10_e1e4,0.02,10.0,0.0001,post_shift_changed_region,action_correctness,Evaluation rows where exactly one branch greedy action equals the analytic optimal action; target=1 means tabular is correct and neural is incorrect. Ties are excluded.,mean_seed_selective_error_rate,0.6,0.6058201058201058,229,378,0.6118095717420728,0.4807160322615963,0.7498187858652974,5,results/reviewer1_remaining/reliability_calibration/development/raw_parts/ReliabilityShift-boundary-020-calibration-development__rel_b002_l10_e1e4.csv.gz
ReliabilityShift-boundary-020-calibration-development,rel_b002_l10_e1e4,0.02,10.0,0.0001,post_shift_changed_region,action_correctness,Evaluation rows where exactly one branch greedy action equals the analytic optimal action; target=1 means tabular is correct and neural is incorrect. Ties are excluded.,mean_seed_selective_error_rate,0.5,0.5052910052910053,191,378,0.5945434745434746,0.43025578025578026,0.7686080586080586,5,results/reviewer1_remaining/reliability_calibration/development/raw_parts/ReliabilityShift-boundary-020-calibration-development__rel_b002_l10_e1e4.csv.gz
ReliabilityShift-boundary-020-calibration-development,rel_b002_l10_e1e4,0.02,10.0,0.0001,post_shift_changed_region,action_correctness,Evaluation rows where exactly one branch greedy action equals the analytic optimal action; target=1 means tabular is correct and neural is incorrect. Ties are excluded.,mean_seed_selective_error_rate,0.3999999999999999,0.40476190476190477,153,378,0.5772223105037344,0.3776958525345622,0.7767487684729064,5,results/reviewer1_remaining/reliability_calibration/development/raw_parts/ReliabilityShift-boundary-020-calibration-development__rel_b002_l10_e1e4.csv.gz
ReliabilityShift-boundary-020-calibration-development,rel_b002_l10_e1e4,0.02,10.0,0.0001,post_shift_changed_region,action_correctness,Evaluation rows where exactly one branch greedy action equals the analytic optimal action; target=1 means tabular is correct and neural is incorrect. Ties are excluded.,mean_seed_selective_error_rate,0.29999999999999993,0.30687830687830686,116,378,0.5307599807599808,0.31969696969696965,0.7366041366041365,5,results/reviewer1_remaining/reliability_calibration/development/raw_parts/ReliabilityShift-boundary-020-calibration-development__rel_b002_l10_e1e4.csv.gz
ReliabilityShift-boundary-020-calibration-development,rel_b002_l10_e1e4,0.02,10.0,0.0001,post_shift_changed_region,action_correctness,Evaluation rows where exactly one branch greedy action equals the analytic optimal action; target=1 means tabular is correct and neural is incorrect. Ties are excluded.,mean_seed_selective_error_rate,0.19999999999999996,0.20634920634920634,78,378,0.4773015873015873,0.27285714285714285,0.6901587301587302,5,results/reviewer1_remaining/reliability_calibration/development/raw_parts/ReliabilityShift-boundary-020-calibration-development__rel_b002_l10_e1e4.csv.gz
ReliabilityShift-boundary-020-calibration-development,rel_b002_l10_e1e4,0.02,10.0,0.0001,post_shift_changed_region,action_correctness,Evaluation rows where exactly one branch greedy action equals the analytic optimal action; target=1 means tabular is correct and neural is incorrect. Ties are excluded.,mean_seed_selective_error_rate,0.1,0.10582010582010581,40,378,0.4325396825396826,0.16111111111111112,0.6753968253968254,5,results/reviewer1_remaining/reliability_calibration/development/raw_parts/ReliabilityShift-boundary-020-calibration-development__rel_b002_l10_e1e4.csv.gz
ReliabilityShift-boundary-020-calibration-development,rel_b002_l10_e1e8,0.02,10.0,1e-08,post_shift_changed_region,action_correctness,Evaluation rows where exactly one branch greedy action equals the analytic optimal action; target=1 means tabular is correct and neural is incorrect. Ties are excluded.,mean_seed_selective_error_rate,1.0,1.0,378,378,0.6143051861216684,0.48464685998932583,0.7478580574355222,5,results/reviewer1_remaining/reliability_calibration/development/raw_parts/ReliabilityShift-boundary-020-calibration-development__rel_b002_l10_e1e8.csv.gz
ReliabilityShift-boundary-020-calibration-development,rel_b002_l10_e1e8,0.02,10.0,1e-08,post_shift_changed_region,action_correctness,Evaluation rows where exactly one branch greedy action equals the analytic optimal action; target=1 means tabular is correct and neural is incorrect. Ties are excluded.,mean_seed_selective_error_rate,0.9,0.9047619047619048,342,378,0.5956665547883903,0.44400162337662347,0.7469120454088809,5,results/reviewer1_remaining/reliability_calibration/development/raw_parts/ReliabilityShift-boundary-020-calibration-development__rel_b002_l10_e1e8.csv.gz
ReliabilityShift-boundary-020-calibration-development,rel_b002_l10_e1e8,0.02,10.0,1e-08,post_shift_changed_region,action_correctness,Evaluation rows where exactly one branch greedy action equals the analytic optimal action; target=1 means tabular is correct and neural is incorrect. Ties are excluded.,mean_seed_selective_error_rate,0.8,0.8042328042328042,304,378,0.6055576406845435,0.4481683980317113,0.7682937181663837,5,results/reviewer1_remaining/reliability_calibration/development/raw_parts/ReliabilityShift-boundary-020-calibration-development__rel_b002_l10_e1e8.csv.gz
ReliabilityShift-boundary-020-calibration-development,rel_b002_l10_e1e8,0.02,10.0,1e-08,post_shift_changed_region,action_correctness,Evaluation rows where exactly one branch greedy action equals the analytic optimal action; target=1 means tabular is correct and neural is incorrect. Ties are excluded.,mean_seed_selective_error_rate,0.7,0.7037037037037037,266,378,0.6085376122706334,0.44723076923076927,0.7667755102040816,5,results/reviewer1_remaining/reliability_calibration/development/raw_parts/ReliabilityShift-boundary-020-calibration-development__rel_b002_l10_e1e8.csv.gz
ReliabilityShift-boundary-020-calibration-development,rel_b002_l10_e1e8,0.02,10.0,1e-08,post_shift_changed_region,action_correctness,Evaluation rows where exactly one branch greedy action equals the analytic optimal action; target=1 means tabular is correct and neural is incorrect. Ties are excluded.,mean_seed_selective_error_rate,0.6,0.6058201058201058,229,378,0.6118095717420728,0.48759165129773735,0.7570721707782568,5,results/reviewer1_remaining/reliability_calibration/development/raw_parts/ReliabilityShift-boundary-020-calibration-development__rel_b002_l10_e1e8.csv.gz
ReliabilityShift-boundary-020-calibration-development,rel_b002_l10_e1e8,0.02,10.0,1e-08,post_shift_changed_region,action_correctness,Evaluation rows where exactly one branch greedy action equals the analytic optimal action; target=1 means tabular is correct and neural is incorrect. Ties are excluded.,mean_seed_selective_error_rate,0.5,0.5052910052910053,191,378,0.5945434745434746,0.4361179361179362,0.7686080586080586,5,results/reviewer1_remaining/reliability_calibration/development/raw_parts/ReliabilityShift-boundary-020-calibration-development__rel_b002_l10_e1e8.csv.gz
ReliabilityShift-boundary-020-calibration-development,rel_b002_l10_e1e8,0.02,10.0,1e-08,post_shift_changed_region,action_correctness,Evaluation rows where exactly one branch greedy action equals the analytic optimal action; target=1 means tabular is correct and neural is incorrect. Ties are excluded.,mean_seed_selective_error_rate,0.3999999999999999,0.40476190476190477,153,378,0.5772223105037344,0.3776958525345622,0.7708374384236453,5,results/reviewer1_remaining/reliability_calibration/development/raw_parts/ReliabilityShift-boundary-020-calibration-development__rel_b002_l10_e1e8.csv.gz
ReliabilityShift-boundary-020-calibration-development,rel_b002_l10_e1e8,0.02,10.0,1e-08,post_shift_changed_region,action_correctness,Evaluation rows where exactly one branch greedy action equals the analytic optimal action; target=1 means tabular is correct and neural is incorrect. Ties are excluded.,mean_seed_selective_error_rate,0.29999999999999993,0.30687830687830686,116,378,0.5307599807599808,0.31969696969696965,0.7366041366041365,5,results/reviewer1_remaining/reliability_calibration/development/raw_parts/ReliabilityShift-boundary-020-calibration-development__rel_b002_l10_e1e8.csv.gz
ReliabilityShift-boundary-020-calibration-development,rel_b002_l10_e1e8,0.02,10.0,1e-08,post_shift_changed_region,action_correctness,Evaluation rows where exactly one branch greedy action equals the analytic optimal action; target=1 means tabular is correct and neural is incorrect. Ties are excluded.,mean_seed_selective_error_rate,0.19999999999999996,0.20634920634920634,78,378,0.4773015873015873,0.26416666666666666,0.6901587301587302,5,results/reviewer1_remaining/reliability_calibration/development/raw_parts/ReliabilityShift-boundary-020-calibration-development__rel_b002_l10_e1e8.csv.gz
ReliabilityShift-boundary-020-calibration-development,rel_b002_l10_e1e8,0.02,10.0,1e-08,post_shift_changed_region,action_correctness,Evaluation rows where exactly one branch greedy action equals the analytic optimal action; target=1 means tabular is correct and neural is incorrect. Ties are excluded.,mean_seed_selective_error_rate,0.1,0.10582010582010581,40,378,0.4325396825396826,0.16111111111111112,0.6753968253968254,5,results/reviewer1_remaining/reliability_calibration/development/raw_parts/ReliabilityShift-boundary-020-calibration-development__rel_b002_l10_e1e8.csv.gz
ReliabilityShift-boundary-020-calibration-development,rel_b002_l1_e1e4,0.02,1.0,0.0001,post_shift_changed_region,action_correctness,Evaluation rows where exactly one branch greedy action equals the analytic optimal action; target=1 means tabular is correct and neural is incorrect. Ties are excluded.,mean_seed_selective_error_rate,1.0,1.0,378,378,0.6196423147464682,0.49631370047052614,0.7539901477832512,5,results/reviewer1_remaining/reliability_calibration/development/raw_parts/ReliabilityShift-boundary-020-calibration-development__rel_b002_l1_e1e4.csv.gz
ReliabilityShift-boundary-020-calibration-development,rel_b002_l1_e1e4,0.02,1.0,0.0001,post_shift_changed_region,action_correctness,Evaluation rows where exactly one branch greedy action equals the analytic optimal action; target=1 means tabular is correct and neural is incorrect. Ties are excluded.,mean_seed_selective_error_rate,0.9,0.9047619047619048,342,378,0.6307315697663799,0.4915422077922078,0.7637492465340567,5,results/reviewer1_remaining/reliability_calibration/development/raw_parts/ReliabilityShift-boundary-020-calibration-development__rel_b002_l1_e1e4.csv.gz
ReliabilityShift-boundary-020-calibration-development,rel_b002_l1_e1e4,0.02,1.0,0.0001,post_shift_changed_region,action_correctness,Evaluation rows where exactly one branch greedy action equals the analytic optimal action; target=1 means tabular is correct and neural is incorrect. Ties are excluded.,mean_seed_selective_error_rate,0.8,0.8042328042328042,304,378,0.6257325996785292,0.4917441224712958,0.7707142857142857,5,results/reviewer1_remaining/reliability_calibration/development/raw_parts/ReliabilityShift-boundary-020-calibration-development__rel_b002_l1_e1e4.csv.gz
ReliabilityShift-boundary-020-calibration-development,rel_b002_l1_e1e4,0.02,1.0,0.0001,post_shift_changed_region,action_correctness,Evaluation rows where exactly one branch greedy action equals the analytic optimal action; target=1 means tabular is correct and neural is incorrect. Ties are excluded.,mean_seed_selective_error_rate,0.7,0.7037037037037037,266,378,0.6417308307097535,0.4956774555135211,0.788997732426304,5,results/reviewer1_remaining/reliability_calibration/development/raw_parts/ReliabilityShift-boundary-020-calibration-development__rel_b002_l1_e1e4.csv.gz
ReliabilityShift-boundary-020-calibration-development,rel_b002_l1_e1e4,0.02,1.0,0.0001,post_shift_changed_region,action_correctness,Evaluation rows where exactly one branch greedy action equals the analytic optimal action; target=1 means tabular is correct and neural is incorrect. Ties are excluded.,mean_seed_selective_error_rate,0.6,0.6058201058201058,229,378,0.65140571697899,0.5224258917727497,0.7944629014396456,5,results/reviewer1_remaining/reliability_calibration/development/raw_parts/ReliabilityShift-boundary-020-calibration-development__rel_b002_l1_e1e4.csv.gz
ReliabilityShift-boundary-020-calibration-development,rel_b002_l1_e1e4,0.02,1.0,0.0001,post_shift_changed_region,action_correctness,Evaluation rows where exactly one branch greedy action equals the analytic optimal action; target=1 means tabular is correct and neural is incorrect. Ties are excluded.,mean_seed_selective_error_rate,0.5,0.5052910052910053,191,378,0.6363954663954664,0.4937188937188937,0.795103785103785,5,results/reviewer1_remaining/reliability_calibration/development/raw_parts/ReliabilityShift-boundary-020-calibration-development__rel_b002_l1_e1e4.csv.gz
ReliabilityShift-boundary-020-calibration-development,rel_b002_l1_e1e4,0.02,1.0,0.0001,post_shift_changed_region,action_correctness,Evaluation rows where exactly one branch greedy action equals the analytic optimal action; target=1 means tabular is correct and neural is incorrect. Ties are excluded.,mean_seed_selective_error_rate,0.3999999999999999,0.40476190476190477,153,378,0.6091879866518354,0.42211981566820284,0.7943103448275861,5,results/reviewer1_remaining/reliability_calibration/development/raw_parts/ReliabilityShift-boundary-020-calibration-development__rel_b002_l1_e1e4.csv.gz
ReliabilityShift-boundary-020-calibration-development,rel_b002_l1_e1e4,0.02,1.0,0.0001,post_shift_changed_region,action_correctness,Evaluation rows where exactly one branch greedy action equals the analytic optimal action; target=1 means tabular is correct and neural is incorrect. Ties are excluded.,mean_seed_selective_error_rate,0.29999999999999993,0.30687830687830686,116,378,0.60012025012025,0.4306397306397306,0.7696007696007696,5,results/reviewer1_remaining/reliability_calibration/development/raw_parts/ReliabilityShift-boundary-020-calibration-development__rel_b002_l1_e1e4.csv.gz
ReliabilityShift-boundary-020-calibration-development,rel_b002_l1_e1e4,0.02,1.0,0.0001,post_shift_changed_region,action_correctness,Evaluation rows where exactly one branch greedy action equals the analytic optimal action; target=1 means tabular is correct and neural is incorrect. Ties are excluded.,mean_seed_selective_error_rate,0.19999999999999996,0.20634920634920634,78,378,0.5156349206349207,0.33785714285714286,0.6901587301587302,5,results/reviewer1_remaining/reliability_calibration/development/raw_parts/ReliabilityShift-boundary-020-calibration-development__rel_b002_l1_e1e4.csv.gz
ReliabilityShift-boundary-020-calibration-development,rel_b002_l1_e1e4,0.02,1.0,0.0001,post_shift_changed_region,action_correctness,Evaluation rows where exactly one branch greedy action equals the analytic optimal action; target=1 means tabular is correct and neural is incorrect. Ties are excluded.,mean_seed_selective_error_rate,0.1,0.10582010582010581,40,378,0.48611111111111105,0.25,0.7611111111111111,5,results/reviewer1_remaining/reliability_calibration/development/raw_parts/ReliabilityShift-boundary-020-calibration-development__rel_b002_l1_e1e4.csv.gz
ReliabilityShift-boundary-020-calibration-development,rel_b002_l1_e1e8,0.02,1.0,1e-08,post_shift_changed_region,action_correctness,Evaluation rows where exactly one branch greedy action equals the analytic optimal action; target=1 means tabular is correct and neural is incorrect. Ties are excluded.,mean_seed_selective_error_rate,1.0,1.0,378,378,0.6196423147464682,0.4913165167843925,0.7504554600329248,5,results/reviewer1_remaining/reliability_calibration/development/raw_parts/ReliabilityShift-boundary-020-calibration-development__rel_b002_l1_e1e8.csv.gz
ReliabilityShift-boundary-020-calibration-development,rel_b002_l1_e1e8,0.02,1.0,1e-08,post_shift_changed_region,action_correctness,Evaluation rows where exactly one branch greedy action equals the analytic optimal action; target=1 means tabular is correct and neural is incorrect. Ties are excluded.,mean_seed_selective_error_rate,0.9,0.9047619047619048,342,378,0.6307315697663799,0.4918614718614719,0.7885119047619047,5,results/reviewer1_remaining/reliability_calibration/development/raw_parts/ReliabilityShift-boundary-020-calibration-development__rel_b002_l1_e1e8.csv.gz
ReliabilityShift-boundary-020-calibration-development,rel_b002_l1_e1e8,0.02,1.0,1e-08,post_shift_changed_region,action_correctness,Evaluation rows where exactly one branch greedy action equals the analytic optimal action; target=1 means tabular is correct and neural is incorrect. Ties are excluded.,mean_seed_selective_error_rate,0.8,0.8042328042328042,304,378,0.6325122606954785,0.5109263042790136,0.7605263157894736,5,results/reviewer1_remaining/reliability_calibration/development/raw_parts/ReliabilityShift-boundary-020-calibration-development__rel_b002_l1_e1e8.csv.gz
ReliabilityShift-boundary-020-calibration-development,rel_b002_l1_e1e8,0.02,1.0,1e-08,post_shift_changed_region,action_correctness,Evaluation rows where exactly one branch greedy action equals the analytic optimal action; target=1 means tabular is correct and neural is incorrect. Ties are excluded.,mean_seed_selective_error_rate,0.7,0.7037037037037037,266,378,0.6417308307097535,0.5014552332912989,0.788997732426304,5,results/reviewer1_remaining/reliability_calibration/development/raw_parts/ReliabilityShift-boundary-020-calibration-development__rel_b002_l1_e1e8.csv.gz
ReliabilityShift-boundary-020-calibration-development,rel_b002_l1_e1e8,0.02,1.0,1e-08,post_shift_changed_region,action_correctness,Evaluation rows where exactly one branch greedy action equals the analytic optimal action; target=1 means tabular is correct and neural is incorrect. Ties are excluded.,mean_seed_selective_error_rate,0.6,0.6058201058201058,229,378,0.65140571697899,0.5224258917727497,0.7827607960084877,5,results/reviewer1_remaining/reliability_calibration/development/raw_parts/ReliabilityShift-boundary-020-calibration-development__rel_b002_l1_e1e8.csv.gz
ReliabilityShift-boundary-020-calibration-development,rel_b002_l1_e1e8,0.02,1.0,1e-08,post_shift_changed_region,action_correctness,Evaluation rows where exactly one branch greedy action equals the analytic optimal action; target=1 means tabular is correct and neural is incorrect. Ties are excluded.,mean_seed_selective_error_rate,0.5,0.5052910052910053,191,378,0.6363954663954664,0.48066528066528064,0.795103785103785,5,results/reviewer1_remaining/reliability_calibration/development/raw_parts/ReliabilityShift-boundary-020-calibration-development__rel_b002_l1_e1e8.csv.gz
ReliabilityShift-boundary-020-calibration-development,rel_b002_l1_e1e8,0.02,1.0,1e-08,post_shift_changed_region,action_correctness,Evaluation rows where exactly one branch greedy action equals the analytic optimal action; target=1 means tabular is correct and neural is incorrect. Ties are excluded.,mean_seed_selective_error_rate,0.3999999999999999,0.40476190476190477,153,378,0.6091879866518354,0.42211981566820284,0.7972413793103448,5,results/reviewer1_remaining/reliability_calibration/development/raw_parts/ReliabilityShift-boundary-020-calibration-development__rel_b002_l1_e1e8.csv.gz
ReliabilityShift-boundary-020-calibration-development,rel_b002_l1_e1e8,0.02,1.0,1e-08,post_shift_changed_region,action_correctness,Evaluation rows where exactly one branch greedy action equals the analytic optimal action; target=1 means tabular is correct and neural is incorrect. Ties are excluded.,mean_seed_selective_error_rate,0.29999999999999993,0.30687830687830686,116,378,0.60012025012025,0.4306397306397306,0.7678691678691679,5,results/reviewer1_remaining/reliability_calibration/development/raw_parts/ReliabilityShift-boundary-020-calibration-development__rel_b002_l1_e1e8.csv.gz
ReliabilityShift-boundary-020-calibration-development,rel_b002_l1_e1e8,0.02,1.0,1e-08,post_shift_changed_region,action_correctness,Evaluation rows where exactly one branch greedy action equals the analytic optimal action; target=1 means tabular is correct and neural is incorrect. Ties are excluded.,mean_seed_selective_error_rate,0.19999999999999996,0.20634920634920634,78,378,0.5156349206349207,0.3411111111111111,0.6901587301587302,5,results/reviewer1_remaining/reliability_calibration/development/raw_parts/ReliabilityShift-boundary-020-calibration-development__rel_b002_l1_e1e8.csv.gz
ReliabilityShift-boundary-020-calibration-development,rel_b002_l1_e1e8,0.02,1.0,1e-08,post_shift_changed_region,action_correctness,Evaluation rows where exactly one branch greedy action equals the analytic optimal action; target=1 means tabular is correct and neural is incorrect. Ties are excluded.,mean_seed_selective_error_rate,0.1,0.10582010582010581,40,378,0.48611111111111105,0.2361111111111111,0.7611111111111111,5,results/reviewer1_remaining/reliability_calibration/development/raw_parts/ReliabilityShift-boundary-020-calibration-development__rel_b002_l1_e1e8.csv.gz
ReliabilityShift-boundary-020-calibration-development,rel_b002_l20_e1e6,0.02,20.0,1e-06,post_shift_changed_region,action_correctness,Evaluation rows where exactly one branch greedy action equals the analytic optimal action; target=1 means tabular is correct and neural is incorrect. Ties are excluded.,mean_seed_selective_error_rate,1.0,1.0,378,378,0.5924620977032375,0.45626937214820684,0.7258280718795531,5,results/reviewer1_remaining/reliability_calibration/development/raw_parts/ReliabilityShift-boundary-020-calibration-development__rel_b002_l20_e1e6.csv.gz
ReliabilityShift-boundary-020-calibration-development,rel_b002_l20_e1e6,0.02,20.0,1e-06,post_shift_changed_region,action_correctness,Evaluation rows where exactly one branch greedy action equals the analytic optimal action; target=1 means tabular is correct and neural is incorrect. Ties are excluded.,mean_seed_selective_error_rate,0.9,0.9047619047619048,342,378,0.5831124422342777,0.4349107142857144,0.7301488095238093,5,results/reviewer1_remaining/reliability_calibration/development/raw_parts/ReliabilityShift-boundary-020-calibration-development__rel_b002_l20_e1e6.csv.gz
ReliabilityShift-boundary-020-calibration-development,rel_b002_l20_e1e6,0.02,20.0,1e-06,post_shift_changed_region,action_correctness,Evaluation rows where exactly one branch greedy action equals the analytic optimal action; target=1 means tabular is correct and neural is incorrect. Ties are excluded.,mean_seed_selective_error_rate,0.8,0.8042328042328042,304,378,0.5673429404566638,0.4014527845036319,0.75,5,results/reviewer1_remaining/reliability_calibration/development/raw_parts/ReliabilityShift-boundary-020-calibration-development__rel_b002_l20_e1e6.csv.gz
ReliabilityShift-boundary-020-calibration-development,rel_b002_l20_e1e6,0.02,20.0,1e-06,post_shift_changed_region,action_correctness,Evaluation rows where exactly one branch greedy action equals the analytic optimal action; target=1 means tabular is correct and neural is incorrect. Ties are excluded.,mean_seed_selective_error_rate,0.7,0.7037037037037037,266,378,0.5502202205808763,0.39010788846854416,0.7103325526932085,5,results/reviewer1_remaining/reliability_calibration/development/raw_parts/ReliabilityShift-boundary-020-calibration-development__rel_b002_l20_e1e6.csv.gz
ReliabilityShift-boundary-020-calibration-development,rel_b002_l20_e1e6,0.02,20.0,1e-06,post_shift_changed_region,action_correctness,Evaluation rows where exactly one branch greedy action equals the analytic optimal action; target=1 means tabular is correct and neural is incorrect. Ties are excluded.,mean_seed_selective_error_rate,0.6,0.6058201058201058,229,378,0.5351098162586965,0.3424108609174848,0.727808771599908,5,results/reviewer1_remaining/reliability_calibration/development/raw_parts/ReliabilityShift-boundary-020-calibration-development__rel_b002_l20_e1e6.csv.gz
ReliabilityShift-boundary-020-calibration-development,rel_b002_l20_e1e6,0.02,20.0,1e-06,post_shift_changed_region,action_correctness,Evaluation rows where exactly one branch greedy action equals the analytic optimal action; target=1 means tabular is correct and neural is incorrect. Ties are excluded.,mean_seed_selective_error_rate,0.5,0.5052910052910053,191,378,0.5303138603138603,0.3573521073521074,0.7185156585156586,5,results/reviewer1_remaining/reliability_calibration/development/raw_parts/ReliabilityShift-boundary-020-calibration-development__rel_b002_l20_e1e6.csv.gz
ReliabilityShift-boundary-020-calibration-development,rel_b002_l20_e1e6,0.02,20.0,1e-06,post_shift_changed_region,action_correctness,Evaluation rows where exactly one branch greedy action equals the analytic optimal action; target=1 means tabular is correct and neural is incorrect. Ties are excluded.,mean_seed_selective_error_rate,0.3999999999999999,0.40476190476190477,153,378,0.5496361036071826,0.37793103448275867,0.723152709359606,5,results/reviewer1_remaining/reliability_calibration/development/raw_parts/ReliabilityShift-boundary-020-calibration-development__rel_b002_l20_e1e6.csv.gz
ReliabilityShift-boundary-020-calibration-development,rel_b002_l20_e1e6,0.02,20.0,1e-06,post_shift_changed_region,action_correctness,Evaluation rows where exactly one branch greedy action equals the analytic optimal action; target=1 means tabular is correct and neural is incorrect. Ties are excluded.,mean_seed_selective_error_rate,0.29999999999999993,0.30687830687830686,116,378,0.42141654641654647,0.182996632996633,0.6598364598364598,5,results/reviewer1_remaining/reliability_calibration/development/raw_parts/ReliabilityShift-boundary-020-calibration-development__rel_b002_l20_e1e6.csv.gz
ReliabilityShift-boundary-020-calibration-development,rel_b002_l20_e1e6,0.02,20.0,1e-06,post_shift_changed_region,action_correctness,Evaluation rows where exactly one branch greedy action equals the analytic optimal action; target=1 means tabular is correct and neural is incorrect. Ties are excluded.,mean_seed_selective_error_rate,0.19999999999999996,0.20634920634920634,78,378,0.4056349206349206,0.15444444444444444,0.6568253968253969,5,results/reviewer1_remaining/reliability_calibration/development/raw_parts/ReliabilityShift-boundary-020-calibration-development__rel_b002_l20_e1e6.csv.gz
ReliabilityShift-boundary-020-calibration-development,rel_b002_l20_e1e6,0.02,20.0,1e-06,post_shift_changed_region,action_correctness,Evaluation rows where exactly one branch greedy action equals the analytic optimal action; target=1 means tabular is correct and neural is incorrect. Ties are excluded.,mean_seed_selective_error_rate,0.1,0.10582010582010581,40,378,0.35317460317460314,0.15,0.5174603174603174,5,results/reviewer1_remaining/reliability_calibration/development/raw_parts/ReliabilityShift-boundary-020-calibration-development__rel_b002_l20_e1e6.csv.gz
ReliabilityShift-boundary-020-calibration-development,rel_b002_l5_e1e6,0.02,5.0,1e-06,post_shift_changed_region,action_correctness,Evaluation rows where exactly one branch greedy action equals the analytic optimal action; target=1 means tabular is correct and neural is incorrect. Ties are excluded.,mean_seed_selective_error_rate,1.0,1.0,378,378,0.6196423147464682,0.4913165167843925,0.7504554600329248,5,results/reviewer1_remaining/reliability_calibration/development/raw_parts/ReliabilityShift-boundary-020-calibration-development__rel_b002_l5_e1e6.csv.gz
ReliabilityShift-boundary-020-calibration-development,rel_b002_l5_e1e6,0.02,5.0,1e-06,post_shift_changed_region,action_correctness,Evaluation rows where exactly one branch greedy action equals the analytic optimal action; target=1 means tabular is correct and neural is incorrect. Ties are excluded.,mean_seed_selective_error_rate,0.9,0.9047619047619048,342,378,0.6129745351343453,0.470156172940983,0.7557928973277075,5,results/reviewer1_remaining/reliability_calibration/development/raw_parts/ReliabilityShift-boundary-020-calibration-development__rel_b002_l5_e1e6.csv.gz
ReliabilityShift-boundary-020-calibration-development,rel_b002_l5_e1e6,0.02,5.0,1e-06,post_shift_changed_region,action_correctness,Evaluation rows where exactly one branch greedy action equals the analytic optimal action; target=1 means tabular is correct and neural is incorrect. Ties are excluded.,mean_seed_selective_error_rate,0.8,0.8042328042328042,304,378,0.6055576406845435,0.46457392798562835,0.7682937181663837,5,results/reviewer1_remaining/reliability_calibration/development/raw_parts/ReliabilityShift-boundary-020-calibration-development__rel_b002_l5_e1e6.csv.gz
ReliabilityShift-boundary-020-calibration-development,rel_b002_l5_e1e6,0.02,5.0,1e-06,post_shift_changed_region,action_correctness,Evaluation rows where exactly one branch greedy action equals the analytic optimal action; target=1 means tabular is correct and neural is incorrect. Ties are excluded.,mean_seed_selective_error_rate,0.7,0.7037037037037037,266,378,0.630334819313742,0.4752307692307693,0.7884415697062067,5,results/reviewer1_remaining/reliability_calibration/development/raw_parts/ReliabilityShift-boundary-020-calibration-development__rel_b002_l5_e1e6.csv.gz
ReliabilityShift-boundary-020-calibration-development,rel_b002_l5_e1e6,0.02,5.0,1e-06,post_shift_changed_region,action_correctness,Evaluation rows where exactly one branch greedy action equals the analytic optimal action; target=1 means tabular is correct and neural is incorrect. Ties are excluded.,mean_seed_selective_error_rate,0.6,0.6058201058201058,229,378,0.629226691979579,0.5062479471552133,0.7700808625336927,5,results/reviewer1_remaining/reliability_calibration/development/raw_parts/ReliabilityShift-boundary-020-calibration-development__rel_b002_l5_e1e6.csv.gz
ReliabilityShift-boundary-020-calibration-development,rel_b002_l5_e1e6,0.02,5.0,1e-06,post_shift_changed_region,action_correctness,Evaluation rows where exactly one branch greedy action equals the analytic optimal action; target=1 means tabular is correct and neural is incorrect. Ties are excluded.,mean_seed_selective_error_rate,0.5,0.5052910052910053,191,378,0.6208890508890509,0.4718358218358218,0.7895482295482295,5,results/reviewer1_remaining/reliability_calibration/development/raw_parts/ReliabilityShift-boundary-020-calibration-development__rel_b002_l5_e1e6.csv.gz
ReliabilityShift-boundary-020-calibration-development,rel_b002_l5_e1e6,0.02,5.0,1e-06,post_shift_changed_region,action_correctness,Evaluation rows where exactly one branch greedy action equals the analytic optimal action; target=1 means tabular is correct and neural is incorrect. Ties are excluded.,mean_seed_selective_error_rate,0.3999999999999999,0.40476190476190477,153,378,0.5829365962180201,0.383410138248848,0.7824630541871922,5,results/reviewer1_remaining/reliability_calibration/development/raw_parts/ReliabilityShift-boundary-020-calibration-development__rel_b002_l5_e1e6.csv.gz
ReliabilityShift-boundary-020-calibration-development,rel_b002_l5_e1e6,0.02,5.0,1e-06,post_shift_changed_region,action_correctness,Evaluation rows where exactly one branch greedy action equals the analytic optimal action; target=1 means tabular is correct and neural is incorrect. Ties are excluded.,mean_seed_selective_error_rate,0.29999999999999993,0.30687830687830686,116,378,0.5546657046657046,0.327056277056277,0.7696007696007696,5,results/reviewer1_remaining/reliability_calibration/development/raw_parts/ReliabilityShift-boundary-020-calibration-development__rel_b002_l5_e1e6.csv.gz
ReliabilityShift-boundary-020-calibration-development,rel_b002_l5_e1e6,0.02,5.0,1e-06,post_shift_changed_region,action_correctness,Evaluation rows where exactly one branch greedy action equals the analytic optimal action; target=1 means tabular is correct and neural is incorrect. Ties are excluded.,mean_seed_selective_error_rate,0.19999999999999996,0.20634920634920634,78,378,0.5156349206349207,0.33785714285714286,0.6901587301587302,5,results/reviewer1_remaining/reliability_calibration/development/raw_parts/ReliabilityShift-boundary-020-calibration-development__rel_b002_l5_e1e6.csv.gz
ReliabilityShift-boundary-020-calibration-development,rel_b002_l5_e1e6,0.02,5.0,1e-06,post_shift_changed_region,action_correctness,Evaluation rows where exactly one branch greedy action equals the analytic optimal action; target=1 means tabular is correct and neural is incorrect. Ties are excluded.,mean_seed_selective_error_rate,0.1,0.10582010582010581,40,378,0.4575396825396826,0.2361111111111111,0.6754166666666666,5,results/reviewer1_remaining/reliability_calibration/development/raw_parts/ReliabilityShift-boundary-020-calibration-development__rel_b002_l5_e1e6.csv.gz
ReliabilityShift-boundary-020-calibration-development,rel_b005_l10_e1e6,0.05,10.0,1e-06,post_shift_changed_region,action_correctness,Evaluation rows where exactly one branch greedy action equals the analytic optimal action; target=1 means tabular is correct and neural is incorrect. Ties are excluded.,mean_seed_selective_error_rate,1.0,1.0,378,378,0.40791581109450537,0.33666975443073693,0.49742051052395875,5,results/reviewer1_remaining/reliability_calibration/development/raw_parts/ReliabilityShift-boundary-020-calibration-development__rel_b005_l10_e1e6.csv.gz
ReliabilityShift-boundary-020-calibration-development,rel_b005_l10_e1e6,0.05,10.0,1e-06,post_shift_changed_region,action_correctness,Evaluation rows where exactly one branch greedy action equals the analytic optimal action; target=1 means tabular is correct and neural is incorrect. Ties are excluded.,mean_seed_selective_error_rate,0.9,0.9047619047619048,342,378,0.3886776216048368,0.29510438928160443,0.5033121421036767,5,results/reviewer1_remaining/reliability_calibration/development/raw_parts/ReliabilityShift-boundary-020-calibration-development__rel_b005_l10_e1e6.csv.gz
ReliabilityShift-boundary-020-calibration-development,rel_b005_l10_e1e6,0.05,10.0,1e-06,post_shift_changed_region,action_correctness,Evaluation rows where exactly one branch greedy action equals the analytic optimal action; target=1 means tabular is correct and neural is incorrect. Ties are excluded.,mean_seed_selective_error_rate,0.8,0.8042328042328042,304,378,0.37035578969293104,0.24670155432320548,0.4940100250626567,5,results/reviewer1_remaining/reliability_calibration/development/raw_parts/ReliabilityShift-boundary-020-calibration-development__rel_b005_l10_e1e6.csv.gz
ReliabilityShift-boundary-020-calibration-development,rel_b005_l10_e1e6,0.05,10.0,1e-06,post_shift_changed_region,action_correctness,Evaluation rows where exactly one branch greedy action equals the analytic optimal action; target=1 means tabular is correct and neural is incorrect. Ties are excluded.,mean_seed_selective_error_rate,0.7,0.7037037037037037,266,378,0.37518305010108294,0.23907804399607677,0.5508791208791208,5,results/reviewer1_remaining/reliability_calibration/development/raw_parts/ReliabilityShift-boundary-020-calibration-development__rel_b005_l10_e1e6.csv.gz
ReliabilityShift-boundary-020-calibration-development,rel_b005_l10_e1e6,0.05,10.0,1e-06,post_shift_changed_region,action_correctness,Evaluation rows where exactly one branch greedy action equals the analytic optimal action; target=1 means tabular is correct and neural is incorrect. Ties are excluded.,mean_seed_selective_error_rate,0.6,0.6058201058201058,229,378,0.34651555627440905,0.19027933966083396,0.5305385100648048,5,results/reviewer1_remaining/reliability_calibration/development/raw_parts/ReliabilityShift-boundary-020-calibration-development__rel_b005_l10_e1e6.csv.gz
ReliabilityShift-boundary-020-calibration-development,rel_b005_l10_e1e6,0.05,10.0,1e-06,post_shift_changed_region,action_correctness,Evaluation rows where exactly one branch greedy action equals the analytic optimal action; target=1 means tabular is correct and neural is incorrect. Ties are excluded.,mean_seed_selective_error_rate,0.5,0.5052910052910053,191,378,0.2737131637131637,0.12471702471702469,0.466057486057486,5,results/reviewer1_remaining/reliability_calibration/development/raw_parts/ReliabilityShift-boundary-020-calibration-development__rel_b005_l10_e1e6.csv.gz
ReliabilityShift-boundary-020-calibration-development,rel_b005_l10_e1e6,0.05,10.0,1e-06,post_shift_changed_region,action_correctness,Evaluation rows where exactly one branch greedy action equals the analytic optimal action; target=1 means tabular is correct and neural is incorrect. Ties are excluded.,mean_seed_selective_error_rate,0.3999999999999999,0.40476190476190477,153,378,0.23093278245669793,0.09437788018433182,0.400273319561416,5,results/reviewer1_remaining/reliability_calibration/development/raw_parts/ReliabilityShift-boundary-020-calibration-development__rel_b005_l10_e1e6.csv.gz
ReliabilityShift-boundary-020-calibration-development,rel_b005_l10_e1e6,0.05,10.0,1e-06,post_shift_changed_region,action_correctness,Evaluation rows where exactly one branch greedy action equals the analytic optimal action; target=1 means tabular is correct and neural is incorrect. Ties are excluded.,mean_seed_selective_error_rate,0.29999999999999993,0.30687830687830686,116,378,0.1778980278980279,0.06296296296296297,0.332010582010582,5,results/reviewer1_remaining/reliability_calibration/development/raw_parts/ReliabilityShift-boundary-020-calibration-development__rel_b005_l10_e1e6.csv.gz
ReliabilityShift-boundary-020-calibration-development,rel_b005_l10_e1e6,0.05,10.0,1e-06,post_shift_changed_region,action_correctness,Evaluation rows where exactly one branch greedy action equals the analytic optimal action; target=1 means tabular is correct and neural is incorrect. Ties are excluded.,mean_seed_selective_error_rate,0.19999999999999996,0.20634920634920634,78,378,0.1253968253968254,0.0,0.35396825396825393,5,results/reviewer1_remaining/reliability_calibration/development/raw_parts/ReliabilityShift-boundary-020-calibration-development__rel_b005_l10_e1e6.csv.gz
ReliabilityShift-boundary-020-calibration-development,rel_b005_l10_e1e6,0.05,10.0,1e-06,post_shift_changed_region,action_correctness,Evaluation rows where exactly one branch greedy action equals the analytic optimal action; target=1 means tabular is correct and neural is incorrect. Ties are excluded.,mean_seed_selective_error_rate,0.1,0.10582010582010581,40,378,0.05714285714285714,0.0,0.17142857142857143,5,results/reviewer1_remaining/reliability_calibration/development/raw_parts/ReliabilityShift-boundary-020-calibration-development__rel_b005_l10_e1e6.csv.gz
ReliabilityShift-boundary-020-calibration-development,rel_b005_l1_e1e6,0.05,1.0,1e-06,post_shift_changed_region,action_correctness,Evaluation rows where exactly one branch greedy action equals the analytic optimal action; target=1 means tabular is correct and neural is incorrect. Ties are excluded.,mean_seed_selective_error_rate,1.0,1.0,378,378,0.4228254991076416,0.33600925920245717,0.5237587699656665,5,results/reviewer1_remaining/reliability_calibration/development/raw_parts/ReliabilityShift-boundary-020-calibration-development__rel_b005_l1_e1e6.csv.gz
ReliabilityShift-boundary-020-calibration-development,rel_b005_l1_e1e6,0.05,1.0,1e-06,post_shift_changed_region,action_correctness,Evaluation rows where exactly one branch greedy action equals the analytic optimal action; target=1 means tabular is correct and neural is incorrect. Ties are excluded.,mean_seed_selective_error_rate,0.9,0.9047619047619048,342,378,0.4211002201033847,0.3318614718614718,0.5425919228450874,5,results/reviewer1_remaining/reliability_calibration/development/raw_parts/ReliabilityShift-boundary-020-calibration-development__rel_b005_l1_e1e6.csv.gz
ReliabilityShift-boundary-020-calibration-development,rel_b005_l1_e1e6,0.05,1.0,1e-06,post_shift_changed_region,action_correctness,Evaluation rows where exactly one branch greedy action equals the analytic optimal action; target=1 means tabular is correct and neural is incorrect. Ties are excluded.,mean_seed_selective_error_rate,0.8,0.8042328042328042,304,378,0.3842958818588297,0.25315316722643133,0.5355401214901662,5,results/reviewer1_remaining/reliability_calibration/development/raw_parts/ReliabilityShift-boundary-020-calibration-development__rel_b005_l1_e1e6.csv.gz
ReliabilityShift-boundary-020-calibration-development,rel_b005_l1_e1e6,0.05,1.0,1e-06,post_shift_changed_region,action_correctness,Evaluation rows where exactly one branch greedy action equals the analytic optimal action; target=1 means tabular is correct and neural is incorrect. Ties are excluded.,mean_seed_selective_error_rate,0.7,0.7037037037037037,266,378,0.3934441308539669,0.2530428284526645,0.5590251322751315,5,results/reviewer1_remaining/reliability_calibration/development/raw_parts/ReliabilityShift-boundary-020-calibration-development__rel_b005_l1_e1e6.csv.gz
ReliabilityShift-boundary-020-calibration-development,rel_b005_l1_e1e6,0.05,1.0,1e-06,post_shift_changed_region,action_correctness,Evaluation rows where exactly one branch greedy action equals the analytic optimal action; target=1 means tabular is correct and neural is incorrect. Ties are excluded.,mean_seed_selective_error_rate,0.6,0.6058201058201058,229,378,0.35560646536531815,0.20873690741213827,0.5370325864140807,5,results/reviewer1_remaining/reliability_calibration/development/raw_parts/ReliabilityShift-boundary-020-calibration-development__rel_b005_l1_e1e6.csv.gz
ReliabilityShift-boundary-020-calibration-development,rel_b005_l1_e1e6,0.05,1.0,1e-06,post_shift_changed_region,action_correctness,Evaluation rows where exactly one branch greedy action equals the analytic optimal action; target=1 means tabular is correct and neural is incorrect. Ties are excluded.,mean_seed_selective_error_rate,0.5,0.5052910052910053,191,378,0.2848242748242748,0.12775467775467772,0.48146520146520144,5,results/reviewer1_remaining/reliability_calibration/development/raw_parts/ReliabilityShift-boundary-020-calibration-development__rel_b005_l1_e1e6.csv.gz
ReliabilityShift-boundary-020-calibration-development,rel_b005_l1_e1e6,0.05,1.0,1e-06,post_shift_changed_region,action_correctness,Evaluation rows where exactly one branch greedy action equals the analytic optimal action; target=1 means tabular is correct and neural is incorrect. Ties are excluded.,mean_seed_selective_error_rate,0.3999999999999999,0.40476190476190477,153,378,0.24236135388526936,0.10580645161290322,0.41093278245669784,5,results/reviewer1_remaining/reliability_calibration/development/raw_parts/ReliabilityShift-boundary-020-calibration-development__rel_b005_l1_e1e6.csv.gz
ReliabilityShift-boundary-020-calibration-development,rel_b005_l1_e1e6,0.05,1.0,1e-06,post_shift_changed_region,action_correctness,Evaluation rows where exactly one branch greedy action equals the analytic optimal action; target=1 means tabular is correct and neural is incorrect. Ties are excluded.,mean_seed_selective_error_rate,0.29999999999999993,0.30687830687830686,116,378,0.18742183742183743,0.06296296296296297,0.36731601731601726,5,results/reviewer1_remaining/reliability_calibration/development/raw_parts/ReliabilityShift-boundary-020-calibration-development__rel_b005_l1_e1e6.csv.gz
ReliabilityShift-boundary-020-calibration-development,rel_b005_l1_e1e6,0.05,1.0,1e-06,post_shift_changed_region,action_correctness,Evaluation rows where exactly one branch greedy action equals the analytic optimal action; target=1 means tabular is correct and neural is incorrect. Ties are excluded.,mean_seed_selective_error_rate,0.19999999999999996,0.20634920634920634,78,378,0.1253968253968254,0.0,0.35396825396825393,5,results/reviewer1_remaining/reliability_calibration/development/raw_parts/ReliabilityShift-boundary-020-calibration-development__rel_b005_l1_e1e6.csv.gz
ReliabilityShift-boundary-020-calibration-development,rel_b005_l1_e1e6,0.05,1.0,1e-06,post_shift_changed_region,action_correctness,Evaluation rows where exactly one branch greedy action equals the analytic optimal action; target=1 means tabular is correct and neural is incorrect. Ties are excluded.,mean_seed_selective_error_rate,0.1,0.10582010582010581,40,378,0.05714285714285714,0.0,0.17142857142857143,5,results/reviewer1_remaining/reliability_calibration/development/raw_parts/ReliabilityShift-boundary-020-calibration-development__rel_b005_l1_e1e6.csv.gz
ReliabilityShift-boundary-020-calibration-development,rel_b005_l20_e1e4,0.05,20.0,0.0001,post_shift_changed_region,action_correctness,Evaluation rows where exactly one branch greedy action equals the analytic optimal action; target=1 means tabular is correct and neural is incorrect. Ties are excluded.,mean_seed_selective_error_rate,1.0,1.0,378,378,0.4027210058997001,0.3262801440411266,0.5008706786171574,5,results/reviewer1_remaining/reliability_calibration/development/raw_parts/ReliabilityShift-boundary-020-calibration-development__rel_b005_l20_e1e4.csv.gz
ReliabilityShift-boundary-020-calibration-development,rel_b005_l20_e1e4,0.05,20.0,0.0001,post_shift_changed_region,action_correctness,Evaluation rows where exactly one branch greedy action equals the analytic optimal action; target=1 means tabular is correct and neural is incorrect. Ties are excluded.,mean_seed_selective_error_rate,0.9,0.9047619047619048,342,378,0.3804316903209309,0.2811441722834128,0.500297619047619,5,results/reviewer1_remaining/reliability_calibration/development/raw_parts/ReliabilityShift-boundary-020-calibration-development__rel_b005_l20_e1e4.csv.gz
ReliabilityShift-boundary-020-calibration-development,rel_b005_l20_e1e4,0.05,20.0,0.0001,post_shift_changed_region,action_correctness,Evaluation rows where exactly one branch greedy action equals the analytic optimal action; target=1 means tabular is correct and neural is incorrect. Ties are excluded.,mean_seed_selective_error_rate,0.8,0.8042328042328042,304,378,0.36684701776310646,0.24670155432320548,0.49988849241748434,5,results/reviewer1_remaining/reliability_calibration/development/raw_parts/ReliabilityShift-boundary-020-calibration-development__rel_b005_l20_e1e4.csv.gz
ReliabilityShift-boundary-020-calibration-development,rel_b005_l20_e1e4,0.05,20.0,0.0001,post_shift_changed_region,action_correctness,Evaluation rows where exactly one branch greedy action equals the analytic optimal action; target=1 means tabular is correct and neural is incorrect. Ties are excluded.,mean_seed_selective_error_rate,0.7,0.7037037037037037,266,378,0.36392948884752163,0.21657092148895432,0.5456084656084657,5,results/reviewer1_remaining/reliability_calibration/development/raw_parts/ReliabilityShift-boundary-020-calibration-development__rel_b005_l20_e1e4.csv.gz
ReliabilityShift-boundary-020-calibration-development,rel_b005_l20_e1e4,0.05,20.0,0.0001,post_shift_changed_region,action_correctness,Evaluation rows where exactly one branch greedy action equals the analytic optimal action; target=1 means tabular is correct and neural is incorrect. Ties are excluded.,mean_seed_selective_error_rate,0.6,0.6058201058201058,229,378,0.3236455185107543,0.16386263275062957,0.49771176234444,5,results/reviewer1_remaining/reliability_calibration/development/raw_parts/ReliabilityShift-boundary-020-calibration-development__rel_b005_l20_e1e4.csv.gz
ReliabilityShift-boundary-020-calibration-development,rel_b005_l20_e1e4,0.05,20.0,0.0001,post_shift_changed_region,action_correctness,Evaluation rows where exactly one branch greedy action equals the analytic optimal action; target=1 means tabular is correct and neural is incorrect. Ties are excluded.,mean_seed_selective_error_rate,0.5,0.5052910052910053,191,378,0.26345675345675346,0.10254100254100255,0.4660574860574861,5,results/reviewer1_remaining/reliability_calibration/development/raw_parts/ReliabilityShift-boundary-020-calibration-development__rel_b005_l20_e1e4.csv.gz
ReliabilityShift-boundary-020-calibration-development,rel_b005_l20_e1e4,0.05,20.0,0.0001,post_shift_changed_region,action_correctness,Evaluation rows where exactly one branch greedy action equals the analytic optimal action; target=1 means tabular is correct and neural is incorrect. Ties are excluded.,mean_seed_selective_error_rate,0.3999999999999999,0.40476190476190477,153,378,0.2175994491233646,0.06771121351766515,0.404696223316913,5,results/reviewer1_remaining/reliability_calibration/development/raw_parts/ReliabilityShift-boundary-020-calibration-development__rel_b005_l20_e1e4.csv.gz
ReliabilityShift-boundary-020-calibration-development,rel_b005_l20_e1e4,0.05,20.0,0.0001,post_shift_changed_region,action_correctness,Evaluation rows where exactly one branch greedy action equals the analytic optimal action; target=1 means tabular is correct and neural is incorrect. Ties are excluded.,mean_seed_selective_error_rate,0.29999999999999993,0.30687830687830686,116,378,0.16837421837421837,0.059259259259259255,0.31017316017316016,5,results/reviewer1_remaining/reliability_calibration/development/raw_parts/ReliabilityShift-boundary-020-calibration-development__rel_b005_l20_e1e4.csv.gz
ReliabilityShift-boundary-020-calibration-development,rel_b005_l20_e1e4,0.05,20.0,0.0001,post_shift_changed_region,action_correctness,Evaluation rows where exactly one branch greedy action equals the analytic optimal action; target=1 means tabular is correct and neural is incorrect. Ties are excluded.,mean_seed_selective_error_rate,0.19999999999999996,0.20634920634920634,78,378,0.11111111111111112,0.0,0.3111111111111111,5,results/reviewer1_remaining/reliability_calibration/development/raw_parts/ReliabilityShift-boundary-020-calibration-development__rel_b005_l20_e1e4.csv.gz
ReliabilityShift-boundary-020-calibration-development,rel_b005_l20_e1e4,0.05,20.0,0.0001,post_shift_changed_region,action_correctness,Evaluation rows where exactly one branch greedy action equals the analytic optimal action; target=1 means tabular is correct and neural is incorrect. Ties are excluded.,mean_seed_selective_error_rate,0.1,0.10582010582010581,40,378,0.05714285714285714,0.0,0.17142857142857143,5,results/reviewer1_remaining/reliability_calibration/development/raw_parts/ReliabilityShift-boundary-020-calibration-development__rel_b005_l20_e1e4.csv.gz
ReliabilityShift-boundary-020-calibration-development,rel_b005_l20_e1e8,0.05,20.0,1e-08,post_shift_changed_region,action_correctness,Evaluation rows where exactly one branch greedy action equals the analytic optimal action; target=1 means tabular is correct and neural is incorrect. Ties are excluded.,mean_seed_selective_error_rate,1.0,1.0,378,378,0.4027210058997001,0.32628014404112654,0.49620958628483225,5,results/reviewer1_remaining/reliability_calibration/development/raw_parts/ReliabilityShift-boundary-020-calibration-development__rel_b005_l20_e1e8.csv.gz
ReliabilityShift-boundary-020-calibration-development,rel_b005_l20_e1e8,0.05,20.0,1e-08,post_shift_changed_region,action_correctness,Evaluation rows where exactly one branch greedy action equals the analytic optimal action; target=1 means tabular is correct and neural is incorrect. Ties are excluded.,mean_seed_selective_error_rate,0.9,0.9047619047619048,342,378,0.3804316903209309,0.27475649350649356,0.500297619047619,5,results/reviewer1_remaining/reliability_calibration/development/raw_parts/ReliabilityShift-boundary-020-calibration-development__rel_b005_l20_e1e8.csv.gz
ReliabilityShift-boundary-020-calibration-development,rel_b005_l20_e1e8,0.05,20.0,1e-08,post_shift_changed_region,action_correctness,Evaluation rows where exactly one branch greedy action equals the analytic optimal action; target=1 means tabular is correct and neural is incorrect. Ties are excluded.,mean_seed_selective_error_rate,0.8,0.8042328042328042,304,378,0.36684701776310646,0.24670155432320548,0.5026315789473684,5,results/reviewer1_remaining/reliability_calibration/development/raw_parts/ReliabilityShift-boundary-020-calibration-development__rel_b005_l20_e1e8.csv.gz
ReliabilityShift-boundary-020-calibration-development,rel_b005_l20_e1e8,0.05,20.0,1e-08,post_shift_changed_region,action_correctness,Evaluation rows where exactly one branch greedy action equals the analytic optimal action; target=1 means tabular is correct and neural is incorrect. Ties are excluded.,mean_seed_selective_error_rate,0.7,0.7037037037037037,266,378,0.36392948884752163,0.21657092148895432,0.547032967032967,5,results/reviewer1_remaining/reliability_calibration/development/raw_parts/ReliabilityShift-boundary-020-calibration-development__rel_b005_l20_e1e8.csv.gz
ReliabilityShift-boundary-020-calibration-development,rel_b005_l20_e1e8,0.05,20.0,1e-08,post_shift_changed_region,action_correctness,Evaluation rows where exactly one branch greedy action equals the analytic optimal action; target=1 means tabular is correct and neural is incorrect. Ties are excluded.,mean_seed_selective_error_rate,0.6,0.6058201058201058,229,378,0.3236455185107543,0.15858894133043863,0.49771176234444,5,results/reviewer1_remaining/reliability_calibration/development/raw_parts/ReliabilityShift-boundary-020-calibration-development__rel_b005_l20_e1e8.csv.gz
ReliabilityShift-boundary-020-calibration-development,rel_b005_l20_e1e8,0.05,20.0,1e-08,post_shift_changed_region,action_correctness,Evaluation rows where exactly one branch greedy action equals the analytic optimal action; target=1 means tabular is correct and neural is incorrect. Ties are excluded.,mean_seed_selective_error_rate,0.5,0.5052910052910053,191,378,0.26345675345675346,0.10254100254100255,0.466057486057486,5,results/reviewer1_remaining/reliability_calibration/development/raw_parts/ReliabilityShift-boundary-020-calibration-development__rel_b005_l20_e1e8.csv.gz
ReliabilityShift-boundary-020-calibration-development,rel_b005_l20_e1e8,0.05,20.0,1e-08,post_shift_changed_region,action_correctness,Evaluation rows where exactly one branch greedy action equals the analytic optimal action; target=1 means tabular is correct and neural is incorrect. Ties are excluded.,mean_seed_selective_error_rate,0.3999999999999999,0.40476190476190477,153,378,0.2175994491233646,0.06771121351766515,0.404696223316913,5,results/reviewer1_remaining/reliability_calibration/development/raw_parts/ReliabilityShift-boundary-020-calibration-development__rel_b005_l20_e1e8.csv.gz
ReliabilityShift-boundary-020-calibration-development,rel_b005_l20_e1e8,0.05,20.0,1e-08,post_shift_changed_region,action_correctness,Evaluation rows where exactly one branch greedy action equals the analytic optimal action; target=1 means tabular is correct and neural is incorrect. Ties are excluded.,mean_seed_selective_error_rate,0.29999999999999993,0.30687830687830686,116,378,0.16837421837421837,0.053030303030303025,0.30360750360750277,5,results/reviewer1_remaining/reliability_calibration/development/raw_parts/ReliabilityShift-boundary-020-calibration-development__rel_b005_l20_e1e8.csv.gz
ReliabilityShift-boundary-020-calibration-development,rel_b005_l20_e1e8,0.05,20.0,1e-08,post_shift_changed_region,action_correctness,Evaluation rows where exactly one branch greedy action equals the analytic optimal action; target=1 means tabular is correct and neural is incorrect. Ties are excluded.,mean_seed_selective_error_rate,0.19999999999999996,0.20634920634920634,78,378,0.11111111111111112,0.0,0.3111111111111111,5,results/reviewer1_remaining/reliability_calibration/development/raw_parts/ReliabilityShift-boundary-020-calibration-development__rel_b005_l20_e1e8.csv.gz
ReliabilityShift-boundary-020-calibration-development,rel_b005_l20_e1e8,0.05,20.0,1e-08,post_shift_changed_region,action_correctness,Evaluation rows where exactly one branch greedy action equals the analytic optimal action; target=1 means tabular is correct and neural is incorrect. Ties are excluded.,mean_seed_selective_error_rate,0.1,0.10582010582010581,40,378,0.05714285714285714,0.0,0.17142857142857143,5,results/reviewer1_remaining/reliability_calibration/development/raw_parts/ReliabilityShift-boundary-020-calibration-development__rel_b005_l20_e1e8.csv.gz
ReliabilityShift-boundary-020-calibration-development,rel_b005_l5_e1e4,0.05,5.0,0.0001,post_shift_changed_region,action_correctness,Evaluation rows where exactly one branch greedy action equals the analytic optimal action; target=1 means tabular is correct and neural is incorrect. Ties are excluded.,mean_seed_selective_error_rate,1.0,1.0,378,378,0.41711121339335583,0.34067384827422614,0.5066159128228093,5,results/reviewer1_remaining/reliability_calibration/development/raw_parts/ReliabilityShift-boundary-020-calibration-development__rel_b005_l5_e1e4.csv.gz
ReliabilityShift-boundary-020-calibration-development,rel_b005_l5_e1e4,0.05,5.0,0.0001,post_shift_changed_region,action_correctness,Evaluation rows where exactly one branch greedy action equals the analytic optimal action; target=1 means tabular is correct and neural is incorrect. Ties are excluded.,mean_seed_selective_error_rate,0.9,0.9047619047619048,342,378,0.41806991707308166,0.31575209600526055,0.5425919228450874,5,results/reviewer1_remaining/reliability_calibration/development/raw_parts/ReliabilityShift-boundary-020-calibration-development__rel_b005_l5_e1e4.csv.gz
ReliabilityShift-boundary-020-calibration-development,rel_b005_l5_e1e4,0.05,5.0,0.0001,post_shift_changed_region,action_correctness,Evaluation rows where exactly one branch greedy action equals the analytic optimal action; target=1 means tabular is correct and neural is incorrect. Ties are excluded.,mean_seed_selective_error_rate,0.8,0.8042328042328042,304,378,0.38072445328740107,0.2531531672264313,0.5335714285714286,5,results/reviewer1_remaining/reliability_calibration/development/raw_parts/ReliabilityShift-boundary-020-calibration-development__rel_b005_l5_e1e4.csv.gz
ReliabilityShift-boundary-020-calibration-development,rel_b005_l5_e1e4,0.05,5.0,0.0001,post_shift_changed_region,action_correctness,Evaluation rows where exactly one branch greedy action equals the analytic optimal action; target=1 means tabular is correct and neural is incorrect. Ties are excluded.,mean_seed_selective_error_rate,0.7,0.7037037037037037,266,378,0.37518305010108294,0.23907804399607677,0.5508791208791209,5,results/reviewer1_remaining/reliability_calibration/development/raw_parts/ReliabilityShift-boundary-020-calibration-development__rel_b005_l5_e1e4.csv.gz
ReliabilityShift-boundary-020-calibration-development,rel_b005_l5_e1e4,0.05,5.0,0.0001,post_shift_changed_region,action_correctness,Evaluation rows where exactly one branch greedy action equals the analytic optimal action; target=1 means tabular is correct and neural is incorrect. Ties are excluded.,mean_seed_selective_error_rate,0.6,0.6058201058201058,229,378,0.35560646536531815,0.20873690741213827,0.5393536695862278,5,results/reviewer1_remaining/reliability_calibration/development/raw_parts/ReliabilityShift-boundary-020-calibration-development__rel_b005_l5_e1e4.csv.gz
ReliabilityShift-boundary-020-calibration-development,rel_b005_l5_e1e4,0.05,5.0,0.0001,post_shift_changed_region,action_correctness,Evaluation rows where exactly one branch greedy action equals the analytic optimal action; target=1 means tabular is correct and neural is incorrect. Ties are excluded.,mean_seed_selective_error_rate,0.5,0.5052910052910053,191,378,0.2792687192687192,0.12345807345807343,0.4759096459096459,5,results/reviewer1_remaining/reliability_calibration/development/raw_parts/ReliabilityShift-boundary-020-calibration-development__rel_b005_l5_e1e4.csv.gz
ReliabilityShift-boundary-020-calibration-development,rel_b005_l5_e1e4,0.05,5.0,0.0001,post_shift_changed_region,action_correctness,Evaluation rows where exactly one branch greedy action equals the analytic optimal action; target=1 means tabular is correct and neural is incorrect. Ties are excluded.,mean_seed_selective_error_rate,0.3999999999999999,0.40476190476190477,153,378,0.23664706817098363,0.10009216589861751,0.41142857142857137,5,results/reviewer1_remaining/reliability_calibration/development/raw_parts/ReliabilityShift-boundary-020-calibration-development__rel_b005_l5_e1e4.csv.gz
ReliabilityShift-boundary-020-calibration-development,rel_b005_l5_e1e4,0.05,5.0,0.0001,post_shift_changed_region,action_correctness,Evaluation rows where exactly one branch greedy action equals the analytic optimal action; target=1 means tabular is correct and neural is incorrect. Ties are excluded.,mean_seed_selective_error_rate,0.29999999999999993,0.30687830687830686,116,378,0.1778980278980279,0.06296296296296297,0.3387445887445887,5,results/reviewer1_remaining/reliability_calibration/development/raw_parts/ReliabilityShift-boundary-020-calibration-development__rel_b005_l5_e1e4.csv.gz
ReliabilityShift-boundary-020-calibration-development,rel_b005_l5_e1e4,0.05,5.0,0.0001,post_shift_changed_region,action_correctness,Evaluation rows where exactly one branch greedy action equals the analytic optimal action; target=1 means tabular is correct and neural is incorrect. Ties are excluded.,mean_seed_selective_error_rate,0.19999999999999996,0.20634920634920634,78,378,0.1253968253968254,0.0,0.34285714285714286,5,results/reviewer1_remaining/reliability_calibration/development/raw_parts/ReliabilityShift-boundary-020-calibration-development__rel_b005_l5_e1e4.csv.gz
ReliabilityShift-boundary-020-calibration-development,rel_b005_l5_e1e4,0.05,5.0,0.0001,post_shift_changed_region,action_correctness,Evaluation rows where exactly one branch greedy action equals the analytic optimal action; target=1 means tabular is correct and neural is incorrect. Ties are excluded.,mean_seed_selective_error_rate,0.1,0.10582010582010581,40,378,0.05714285714285714,0.0,0.17142857142857143,5,results/reviewer1_remaining/reliability_calibration/development/raw_parts/ReliabilityShift-boundary-020-calibration-development__rel_b005_l5_e1e4.csv.gz
ReliabilityShift-boundary-020-calibration-development,rel_b005_l5_e1e8,0.05,5.0,1e-08,post_shift_changed_region,action_correctness,Evaluation rows where exactly one branch greedy action equals the analytic optimal action; target=1 means tabular is correct and neural is incorrect. Ties are excluded.,mean_seed_selective_error_rate,1.0,1.0,378,378,0.41711121339335583,0.3453147277187408,0.5066159128228094,5,results/reviewer1_remaining/reliability_calibration/development/raw_parts/ReliabilityShift-boundary-020-calibration-development__rel_b005_l5_e1e8.csv.gz
ReliabilityShift-boundary-020-calibration-development,rel_b005_l5_e1e8,0.05,5.0,1e-08,post_shift_changed_region,action_correctness,Evaluation rows where exactly one branch greedy action equals the analytic optimal action; target=1 means tabular is correct and neural is incorrect. Ties are excluded.,mean_seed_selective_error_rate,0.9,0.9047619047619048,342,378,0.41806991707308166,0.31575209600526055,0.5425919228450874,5,results/reviewer1_remaining/reliability_calibration/development/raw_parts/ReliabilityShift-boundary-020-calibration-development__rel_b005_l5_e1e8.csv.gz
ReliabilityShift-boundary-020-calibration-development,rel_b005_l5_e1e8,0.05,5.0,1e-08,post_shift_changed_region,action_correctness,Evaluation rows where exactly one branch greedy action equals the analytic optimal action; target=1 means tabular is correct and neural is incorrect. Ties are excluded.,mean_seed_selective_error_rate,0.8,0.8042328042328042,304,378,0.38072445328740107,0.25315316722643133,0.5357607728999919,5,results/reviewer1_remaining/reliability_calibration/development/raw_parts/ReliabilityShift-boundary-020-calibration-development__rel_b005_l5_e1e8.csv.gz
ReliabilityShift-boundary-020-calibration-development,rel_b005_l5_e1e8,0.05,5.0,1e-08,post_shift_changed_region,action_correctness,Evaluation rows where exactly one branch greedy action equals the analytic optimal action; target=1 means tabular is correct and neural is incorrect. Ties are excluded.,mean_seed_selective_error_rate,0.7,0.7037037037037037,266,378,0.37518305010108294,0.23907804399607677,0.5508791208791209,5,results/reviewer1_remaining/reliability_calibration/development/raw_parts/ReliabilityShift-boundary-020-calibration-development__rel_b005_l5_e1e8.csv.gz
ReliabilityShift-boundary-020-calibration-development,rel_b005_l5_e1e8,0.05,5.0,1e-08,post_shift_changed_region,action_correctness,Evaluation rows where exactly one branch greedy action equals the analytic optimal action; target=1 means tabular is correct and neural is incorrect. Ties are excluded.,mean_seed_selective_error_rate,0.6,0.6058201058201058,229,378,0.35560646536531815,0.21058881741712027,0.5370325864140807,5,results/reviewer1_remaining/reliability_calibration/development/raw_parts/ReliabilityShift-boundary-020-calibration-development__rel_b005_l5_e1e8.csv.gz
ReliabilityShift-boundary-020-calibration-development,rel_b005_l5_e1e8,0.05,5.0,1e-08,post_shift_changed_region,action_correctness,Evaluation rows where exactly one branch greedy action equals the analytic optimal action; target=1 means tabular is correct and neural is incorrect. Ties are excluded.,mean_seed_selective_error_rate,0.5,0.5052910052910053,191,378,0.2792687192687192,0.12345807345807343,0.4759096459096458,5,results/reviewer1_remaining/reliability_calibration/development/raw_parts/ReliabilityShift-boundary-020-calibration-development__rel_b005_l5_e1e8.csv.gz
ReliabilityShift-boundary-020-calibration-development,rel_b005_l5_e1e8,0.05,5.0,1e-08,post_shift_changed_region,action_correctness,Evaluation rows where exactly one branch greedy action equals the analytic optimal action; target=1 means tabular is correct and neural is incorrect. Ties are excluded.,mean_seed_selective_error_rate,0.3999999999999999,0.40476190476190477,153,378,0.23664706817098363,0.10009216589861751,0.41142857142857137,5,results/reviewer1_remaining/reliability_calibration/development/raw_parts/ReliabilityShift-boundary-020-calibration-development__rel_b005_l5_e1e8.csv.gz
ReliabilityShift-boundary-020-calibration-development,rel_b005_l5_e1e8,0.05,5.0,1e-08,post_shift_changed_region,action_correctness,Evaluation rows where exactly one branch greedy action equals the analytic optimal action; target=1 means tabular is correct and neural is incorrect. Ties are excluded.,mean_seed_selective_error_rate,0.29999999999999993,0.30687830687830686,116,378,0.1778980278980279,0.06296296296296297,0.3387445887445887,5,results/reviewer1_remaining/reliability_calibration/development/raw_parts/ReliabilityShift-boundary-020-calibration-development__rel_b005_l5_e1e8.csv.gz
ReliabilityShift-boundary-020-calibration-development,rel_b005_l5_e1e8,0.05,5.0,1e-08,post_shift_changed_region,action_correctness,Evaluation rows where exactly one branch greedy action equals the analytic optimal action; target=1 means tabular is correct and neural is incorrect. Ties are excluded.,mean_seed_selective_error_rate,0.19999999999999996,0.20634920634920634,78,378,0.1253968253968254,0.0,0.35396825396825393,5,results/reviewer1_remaining/reliability_calibration/development/raw_parts/ReliabilityShift-boundary-020-calibration-development__rel_b005_l5_e1e8.csv.gz
ReliabilityShift-boundary-020-calibration-development,rel_b005_l5_e1e8,0.05,5.0,1e-08,post_shift_changed_region,action_correctness,Evaluation rows where exactly one branch greedy action equals the analytic optimal action; target=1 means tabular is correct and neural is incorrect. Ties are excluded.,mean_seed_selective_error_rate,0.1,0.10582010582010581,40,378,0.05714285714285714,0.0,0.17142857142857143,5,results/reviewer1_remaining/reliability_calibration/development/raw_parts/ReliabilityShift-boundary-020-calibration-development__rel_b005_l5_e1e8.csv.gz
ReliabilityShift-boundary-020-calibration-development,rel_b010_l10_e1e4,0.1,10.0,0.0001,post_shift_changed_region,action_correctness,Evaluation rows where exactly one branch greedy action equals the analytic optimal action; target=1 means tabular is correct and neural is incorrect. Ties are excluded.,mean_seed_selective_error_rate,1.0,1.0,379,379,0.22979591788047146,0.1748764553559074,0.3014778325123153,5,results/reviewer1_remaining/reliability_calibration/development/raw_parts/ReliabilityShift-boundary-020-calibration-development__rel_b010_l10_e1e4.csv.gz
ReliabilityShift-boundary-020-calibration-development,rel_b010_l10_e1e4,0.1,10.0,0.0001,post_shift_changed_region,action_correctness,Evaluation rows where exactly one branch greedy action equals the analytic optimal action; target=1 means tabular is correct and neural is incorrect. Ties are excluded.,mean_seed_selective_error_rate,0.9,0.9050131926121372,343,379,0.21562072245616548,0.14979500246588856,0.29552304235848537,5,results/reviewer1_remaining/reliability_calibration/development/raw_parts/ReliabilityShift-boundary-020-calibration-development__rel_b010_l10_e1e4.csv.gz
ReliabilityShift-boundary-020-calibration-development,rel_b010_l10_e1e4,0.1,10.0,0.0001,post_shift_changed_region,action_correctness,Evaluation rows where exactly one branch greedy action equals the analytic optimal action; target=1 means tabular is correct and neural is incorrect. Ties are excluded.,mean_seed_selective_error_rate,0.8,0.8047493403693932,305,379,0.18752553954218704,0.11687373918289623,0.2696246973365618,5,results/reviewer1_remaining/reliability_calibration/development/raw_parts/ReliabilityShift-boundary-020-calibration-development__rel_b010_l10_e1e4.csv.gz
ReliabilityShift-boundary-020-calibration-development,rel_b010_l10_e1e4,0.1,10.0,0.0001,post_shift_changed_region,action_correctness,Evaluation rows where exactly one branch greedy action equals the analytic optimal action; target=1 means tabular is correct and neural is incorrect. Ties are excluded.,mean_seed_selective_error_rate,0.7,0.7044854881266491,267,379,0.15028226507080347,0.0686773153986269,0.2545684940642924,5,results/reviewer1_remaining/reliability_calibration/development/raw_parts/ReliabilityShift-boundary-020-calibration-development__rel_b010_l10_e1e4.csv.gz
ReliabilityShift-boundary-020-calibration-development,rel_b010_l10_e1e4,0.1,10.0,0.0001,post_shift_changed_region,action_correctness,Evaluation rows where exactly one branch greedy action equals the analytic optimal action; target=1 means tabular is correct and neural is incorrect. Ties are excluded.,mean_seed_selective_error_rate,0.6,0.6068601583113457,230,379,0.10369155800709393,0.030188679245283012,0.20931926363479958,5,results/reviewer1_remaining/reliability_calibration/development/raw_parts/ReliabilityShift-boundary-020-calibration-development__rel_b010_l10_e1e4.csv.gz
ReliabilityShift-boundary-020-calibration-development,rel_b010_l10_e1e4,0.1,10.0,0.0001,post_shift_changed_region,action_correctness,Evaluation rows where exactly one branch greedy action equals the analytic optimal action; target=1 means tabular is correct and neural is incorrect. Ties are excluded.,mean_seed_selective_error_rate,0.5,0.503957783641161,191,379,0.07516594516594517,0.005555555555555558,0.17246753246753246,5,results/reviewer1_remaining/reliability_calibration/development/raw_parts/ReliabilityShift-boundary-020-calibration-development__rel_b010_l10_e1e4.csv.gz
ReliabilityShift-boundary-020-calibration-development,rel_b010_l10_e1e4,0.1,10.0,0.0001,post_shift_changed_region,action_correctness,Evaluation rows where exactly one branch greedy action equals the analytic optimal action; target=1 means tabular is correct and neural is incorrect. Ties are excluded.,mean_seed_selective_error_rate,0.3999999999999999,0.40369393139841686,153,379,0.040000000000000015,0.0,0.09714285714285717,5,results/reviewer1_remaining/reliability_calibration/development/raw_parts/ReliabilityShift-boundary-020-calibration-development__rel_b010_l10_e1e4.csv.gz
ReliabilityShift-boundary-020-calibration-development,rel_b010_l10_e1e4,0.1,10.0,0.0001,post_shift_changed_region,action_correctness,Evaluation rows where exactly one branch greedy action equals the analytic optimal action; target=1 means tabular is correct and neural is incorrect. Ties are excluded.,mean_seed_selective_error_rate,0.29999999999999993,0.30606860158311344,116,379,0.019047619047619046,0.0,0.05714285714285714,5,results/reviewer1_remaining/reliability_calibration/development/raw_parts/ReliabilityShift-boundary-020-calibration-development__rel_b010_l10_e1e4.csv.gz
ReliabilityShift-boundary-020-calibration-development,rel_b010_l10_e1e4,0.1,10.0,0.0001,post_shift_changed_region,action_correctness,Evaluation rows where exactly one branch greedy action equals the analytic optimal action; target=1 means tabular is correct and neural is incorrect. Ties are excluded.,mean_seed_selective_error_rate,0.19999999999999996,0.20580474934036938,78,379,0.01428571428571428,0.0,0.04285714285714284,5,results/reviewer1_remaining/reliability_calibration/development/raw_parts/ReliabilityShift-boundary-020-calibration-development__rel_b010_l10_e1e4.csv.gz
ReliabilityShift-boundary-020-calibration-development,rel_b010_l10_e1e4,0.1,10.0,0.0001,post_shift_changed_region,action_correctness,Evaluation rows where exactly one branch greedy action equals the analytic optimal action; target=1 means tabular is correct and neural is incorrect. Ties are excluded.,mean_seed_selective_error_rate,0.1,0.10554089709762533,40,379,0.02857142857142858,0.0,0.08571428571428574,5,results/reviewer1_remaining/reliability_calibration/development/raw_parts/ReliabilityShift-boundary-020-calibration-development__rel_b010_l10_e1e4.csv.gz
ReliabilityShift-boundary-020-calibration-development,rel_b010_l10_e1e8,0.1,10.0,1e-08,post_shift_changed_region,action_correctness,Evaluation rows where exactly one branch greedy action equals the analytic optimal action; target=1 means tabular is correct and neural is incorrect. Ties are excluded.,mean_seed_selective_error_rate,1.0,1.0,379,379,0.22979591788047146,0.1748764553559074,0.30151027959601395,5,results/reviewer1_remaining/reliability_calibration/development/raw_parts/ReliabilityShift-boundary-020-calibration-development__rel_b010_l10_e1e8.csv.gz
ReliabilityShift-boundary-020-calibration-development,rel_b010_l10_e1e8,0.1,10.0,1e-08,post_shift_changed_region,action_correctness,Evaluation rows where exactly one branch greedy action equals the analytic optimal action; target=1 means tabular is correct and neural is incorrect. Ties are excluded.,mean_seed_selective_error_rate,0.9,0.9050131926121372,343,379,0.21562072245616548,0.14406926406926407,0.29552304235848537,5,results/reviewer1_remaining/reliability_calibration/development/raw_parts/ReliabilityShift-boundary-020-calibration-development__rel_b010_l10_e1e8.csv.gz
ReliabilityShift-boundary-020-calibration-development,rel_b010_l10_e1e8,0.1,10.0,1e-08,post_shift_changed_region,action_correctness,Evaluation rows where exactly one branch greedy action equals the analytic optimal action; target=1 means tabular is correct and neural is incorrect. Ties are excluded.,mean_seed_selective_error_rate,0.8,0.8047493403693932,305,379,0.18752553954218704,0.12135706340378198,0.2718663594470046,5,results/reviewer1_remaining/reliability_calibration/development/raw_parts/ReliabilityShift-boundary-020-calibration-development__rel_b010_l10_e1e8.csv.gz
ReliabilityShift-boundary-020-calibration-development,rel_b010_l10_e1e8,0.1,10.0,1e-08,post_shift_changed_region,action_correctness,Evaluation rows where exactly one branch greedy action equals the analytic optimal action; target=1 means tabular is correct and neural is incorrect. Ties are excluded.,mean_seed_selective_error_rate,0.7,0.7044854881266491,267,379,0.15028226507080347,0.06824996497127647,0.2549958444916428,5,results/reviewer1_remaining/reliability_calibration/development/raw_parts/ReliabilityShift-boundary-020-calibration-development__rel_b010_l10_e1e8.csv.gz
ReliabilityShift-boundary-020-calibration-development,rel_b010_l10_e1e8,0.1,10.0,1e-08,post_shift_changed_region,action_correctness,Evaluation rows where exactly one branch greedy action equals the analytic optimal action; target=1 means tabular is correct and neural is incorrect. Ties are excluded.,mean_seed_selective_error_rate,0.6,0.6068601583113457,230,379,0.10369155800709393,0.02669245647969052,0.20931926363479958,5,results/reviewer1_remaining/reliability_calibration/development/raw_parts/ReliabilityShift-boundary-020-calibration-development__rel_b010_l10_e1e8.csv.gz
ReliabilityShift-boundary-020-calibration-development,rel_b010_l10_e1e8,0.1,10.0,1e-08,post_shift_changed_region,action_correctness,Evaluation rows where exactly one branch greedy action equals the analytic optimal action; target=1 means tabular is correct and neural is incorrect. Ties are excluded.,mean_seed_selective_error_rate,0.5,0.503957783641161,191,379,0.07516594516594517,0.005555555555555558,0.17246753246753246,5,results/reviewer1_remaining/reliability_calibration/development/raw_parts/ReliabilityShift-boundary-020-calibration-development__rel_b010_l10_e1e8.csv.gz
ReliabilityShift-boundary-020-calibration-development,rel_b010_l10_e1e8,0.1,10.0,1e-08,post_shift_changed_region,action_correctness,Evaluation rows where exactly one branch greedy action equals the analytic optimal action; target=1 means tabular is correct and neural is incorrect. Ties are excluded.,mean_seed_selective_error_rate,0.3999999999999999,0.40369393139841686,153,379,0.040000000000000015,0.0,0.09714285714285717,5,results/reviewer1_remaining/reliability_calibration/development/raw_parts/ReliabilityShift-boundary-020-calibration-development__rel_b010_l10_e1e8.csv.gz
ReliabilityShift-boundary-020-calibration-development,rel_b010_l10_e1e8,0.1,10.0,1e-08,post_shift_changed_region,action_correctness,Evaluation rows where exactly one branch greedy action equals the analytic optimal action; target=1 means tabular is correct and neural is incorrect. Ties are excluded.,mean_seed_selective_error_rate,0.29999999999999993,0.30606860158311344,116,379,0.019047619047619046,0.0,0.05714285714285714,5,results/reviewer1_remaining/reliability_calibration/development/raw_parts/ReliabilityShift-boundary-020-calibration-development__rel_b010_l10_e1e8.csv.gz
ReliabilityShift-boundary-020-calibration-development,rel_b010_l10_e1e8,0.1,10.0,1e-08,post_shift_changed_region,action_correctness,Evaluation rows where exactly one branch greedy action equals the analytic optimal action; target=1 means tabular is correct and neural is incorrect. Ties are excluded.,mean_seed_selective_error_rate,0.19999999999999996,0.20580474934036938,78,379,0.01428571428571428,0.0,0.04285714285714284,5,results/reviewer1_remaining/reliability_calibration/development/raw_parts/ReliabilityShift-boundary-020-calibration-development__rel_b010_l10_e1e8.csv.gz
ReliabilityShift-boundary-020-calibration-development,rel_b010_l10_e1e8,0.1,10.0,1e-08,post_shift_changed_region,action_correctness,Evaluation rows where exactly one branch greedy action equals the analytic optimal action; target=1 means tabular is correct and neural is incorrect. Ties are excluded.,mean_seed_selective_error_rate,0.1,0.10554089709762533,40,379,0.02857142857142858,0.0,0.08571428571428574,5,results/reviewer1_remaining/reliability_calibration/development/raw_parts/ReliabilityShift-boundary-020-calibration-development__rel_b010_l10_e1e8.csv.gz
ReliabilityShift-boundary-020-calibration-development,rel_b010_l1_e1e4,0.1,1.0,0.0001,post_shift_changed_region,action_correctness,Evaluation rows where exactly one branch greedy action equals the analytic optimal action; target=1 means tabular is correct and neural is incorrect. Ties are excluded.,mean_seed_selective_error_rate,1.0,1.0,379,379,0.2421719216594039,0.18348310650536676,0.3151517196392019,5,results/reviewer1_remaining/reliability_calibration/development/raw_parts/ReliabilityShift-boundary-020-calibration-development__rel_b010_l1_e1e4.csv.gz
ReliabilityShift-boundary-020-calibration-development,rel_b010_l1_e1e4,0.1,1.0,0.0001,post_shift_changed_region,action_correctness,Evaluation rows where exactly one branch greedy action equals the analytic optimal action; target=1 means tabular is correct and neural is incorrect. Ties are excluded.,mean_seed_selective_error_rate,0.9,0.9050131926121372,343,379,0.23044367727912035,0.16346320346320345,0.30617239300783605,5,results/reviewer1_remaining/reliability_calibration/development/raw_parts/ReliabilityShift-boundary-020-calibration-development__rel_b010_l1_e1e4.csv.gz
ReliabilityShift-boundary-020-calibration-development,rel_b010_l1_e1e4,0.1,1.0,0.0001,post_shift_changed_region,action_correctness,Evaluation rows where exactly one branch greedy action equals the analytic optimal action; target=1 means tabular is correct and neural is incorrect. Ties are excluded.,mean_seed_selective_error_rate,0.8,0.8047493403693932,305,379,0.19442209126632498,0.12377029090703418,0.27302155172413706,5,results/reviewer1_remaining/reliability_calibration/development/raw_parts/ReliabilityShift-boundary-020-calibration-development__rel_b010_l1_e1e4.csv.gz
ReliabilityShift-boundary-020-calibration-development,rel_b010_l1_e1e4,0.1,1.0,0.0001,post_shift_changed_region,action_correctness,Evaluation rows where exactly one branch greedy action equals the analytic optimal action; target=1 means tabular is correct and neural is incorrect. Ties are excluded.,mean_seed_selective_error_rate,0.7,0.7044854881266491,267,379,0.17208180736214904,0.10346083788706742,0.2665343060301044,5,results/reviewer1_remaining/reliability_calibration/development/raw_parts/ReliabilityShift-boundary-020-calibration-development__rel_b010_l1_e1e4.csv.gz
ReliabilityShift-boundary-020-calibration-development,rel_b010_l1_e1e4,0.1,1.0,0.0001,post_shift_changed_region,action_correctness,Evaluation rows where exactly one branch greedy action equals the analytic optimal action; target=1 means tabular is correct and neural is incorrect. Ties are excluded.,mean_seed_selective_error_rate,0.6,0.6068601583113457,230,379,0.09914610346163939,0.027272727272727292,0.20931926363479958,5,results/reviewer1_remaining/reliability_calibration/development/raw_parts/ReliabilityShift-boundary-020-calibration-development__rel_b010_l1_e1e4.csv.gz
ReliabilityShift-boundary-020-calibration-development,rel_b010_l1_e1e4,0.1,1.0,0.0001,post_shift_changed_region,action_correctness,Evaluation rows where exactly one branch greedy action equals the analytic optimal action; target=1 means tabular is correct and neural is incorrect. Ties are excluded.,mean_seed_selective_error_rate,0.5,0.503957783641161,191,379,0.07516594516594517,0.005555555555555558,0.17246753246753246,5,results/reviewer1_remaining/reliability_calibration/development/raw_parts/ReliabilityShift-boundary-020-calibration-development__rel_b010_l1_e1e4.csv.gz
ReliabilityShift-boundary-020-calibration-development,rel_b010_l1_e1e4,0.1,1.0,0.0001,post_shift_changed_region,action_correctness,Evaluation rows where exactly one branch greedy action equals the analytic optimal action; target=1 means tabular is correct and neural is incorrect. Ties are excluded.,mean_seed_selective_error_rate,0.3999999999999999,0.40369393139841686,153,379,0.05428571428571429,0.0,0.14,5,results/reviewer1_remaining/reliability_calibration/development/raw_parts/ReliabilityShift-boundary-020-calibration-development__rel_b010_l1_e1e4.csv.gz
ReliabilityShift-boundary-020-calibration-development,rel_b010_l1_e1e4,0.1,1.0,0.0001,post_shift_changed_region,action_correctness,Evaluation rows where exactly one branch greedy action equals the analytic optimal action; target=1 means tabular is correct and neural is incorrect. Ties are excluded.,mean_seed_selective_error_rate,0.29999999999999993,0.30606860158311344,116,379,0.019047619047619046,0.0,0.05714285714285714,5,results/reviewer1_remaining/reliability_calibration/development/raw_parts/ReliabilityShift-boundary-020-calibration-development__rel_b010_l1_e1e4.csv.gz
ReliabilityShift-boundary-020-calibration-development,rel_b010_l1_e1e4,0.1,1.0,0.0001,post_shift_changed_region,action_correctness,Evaluation rows where exactly one branch greedy action equals the analytic optimal action; target=1 means tabular is correct and neural is incorrect. Ties are excluded.,mean_seed_selective_error_rate,0.19999999999999996,0.20580474934036938,78,379,0.02857142857142858,0.0,0.08571428571428574,5,results/reviewer1_remaining/reliability_calibration/development/raw_parts/ReliabilityShift-boundary-020-calibration-development__rel_b010_l1_e1e4.csv.gz
ReliabilityShift-boundary-020-calibration-development,rel_b010_l1_e1e4,0.1,1.0,0.0001,post_shift_changed_region,action_correctness,Evaluation rows where exactly one branch greedy action equals the analytic optimal action; target=1 means tabular is correct and neural is incorrect. Ties are excluded.,mean_seed_selective_error_rate,0.1,0.10554089709762533,40,379,0.02857142857142858,0.0,0.08571428571428574,5,results/reviewer1_remaining/reliability_calibration/development/raw_parts/ReliabilityShift-boundary-020-calibration-development__rel_b010_l1_e1e4.csv.gz
ReliabilityShift-boundary-020-calibration-development,rel_b010_l1_e1e8,0.1,1.0,1e-08,post_shift_changed_region,action_correctness,Evaluation rows where exactly one branch greedy action equals the analytic optimal action; target=1 means tabular is correct and neural is incorrect. Ties are excluded.,mean_seed_selective_error_rate,1.0,1.0,379,379,0.2421719216594039,0.18085058016564864,0.3101669403393541,5,results/reviewer1_remaining/reliability_calibration/development/raw_parts/ReliabilityShift-boundary-020-calibration-development__rel_b010_l1_e1e8.csv.gz
ReliabilityShift-boundary-020-calibration-development,rel_b010_l1_e1e8,0.1,1.0,1e-08,post_shift_changed_region,action_correctness,Evaluation rows where exactly one branch greedy action equals the analytic optimal action; target=1 means tabular is correct and neural is incorrect. Ties are excluded.,mean_seed_selective_error_rate,0.9,0.9050131926121372,343,379,0.23044367727912035,0.16346320346320345,0.30617239300783605,5,results/reviewer1_remaining/reliability_calibration/development/raw_parts/ReliabilityShift-boundary-020-calibration-development__rel_b010_l1_e1e8.csv.gz
ReliabilityShift-boundary-020-calibration-development,rel_b010_l1_e1e8,0.1,1.0,1e-08,post_shift_changed_region,action_correctness,Evaluation rows where exactly one branch greedy action equals the analytic optimal action; target=1 means tabular is correct and neural is incorrect. Ties are excluded.,mean_seed_selective_error_rate,0.8,0.8047493403693932,305,379,0.19442209126632498,0.12377029090703418,0.2718663594470046,5,results/reviewer1_remaining/reliability_calibration/development/raw_parts/ReliabilityShift-boundary-020-calibration-development__rel_b010_l1_e1e8.csv.gz
ReliabilityShift-boundary-020-calibration-development,rel_b010_l1_e1e8,0.1,1.0,1e-08,post_shift_changed_region,action_correctness,Evaluation rows where exactly one branch greedy action equals the analytic optimal action; target=1 means tabular is correct and neural is incorrect. Ties are excluded.,mean_seed_selective_error_rate,0.7,0.7044854881266491,267,379,0.17208180736214904,0.10529167250478728,0.2665343060301044,5,results/reviewer1_remaining/reliability_calibration/development/raw_parts/ReliabilityShift-boundary-020-calibration-development__rel_b010_l1_e1e8.csv.gz
ReliabilityShift-boundary-020-calibration-development,rel_b010_l1_e1e8,0.1,1.0,1e-08,post_shift_changed_region,action_correctness,Evaluation rows where exactly one branch greedy action equals the analytic optimal action; target=1 means tabular is correct and neural is incorrect. Ties are excluded.,mean_seed_selective_error_rate,0.6,0.6068601583113457,230,379,0.09914610346163939,0.028730703259005154,0.2078612876485217,5,results/reviewer1_remaining/reliability_calibration/development/raw_parts/ReliabilityShift-boundary-020-calibration-development__rel_b010_l1_e1e8.csv.gz
ReliabilityShift-boundary-020-calibration-development,rel_b010_l1_e1e8,0.1,1.0,1e-08,post_shift_changed_region,action_correctness,Evaluation rows where exactly one branch greedy action equals the analytic optimal action; target=1 means tabular is correct and neural is incorrect. Ties are excluded.,mean_seed_selective_error_rate,0.5,0.503957783641161,191,379,0.07516594516594517,0.005555555555555558,0.16539682539682538,5,results/reviewer1_remaining/reliability_calibration/development/raw_parts/ReliabilityShift-boundary-020-calibration-development__rel_b010_l1_e1e8.csv.gz
ReliabilityShift-boundary-020-calibration-development,rel_b010_l1_e1e8,0.1,1.0,1e-08,post_shift_changed_region,action_correctness,Evaluation rows where exactly one branch greedy action equals the analytic optimal action; target=1 means tabular is correct and neural is incorrect. Ties are excluded.,mean_seed_selective_error_rate,0.3999999999999999,0.40369393139841686,153,379,0.05428571428571429,0.0,0.14,5,results/reviewer1_remaining/reliability_calibration/development/raw_parts/ReliabilityShift-boundary-020-calibration-development__rel_b010_l1_e1e8.csv.gz
ReliabilityShift-boundary-020-calibration-development,rel_b010_l1_e1e8,0.1,1.0,1e-08,post_shift_changed_region,action_correctness,Evaluation rows where exactly one branch greedy action equals the analytic optimal action; target=1 means tabular is correct and neural is incorrect. Ties are excluded.,mean_seed_selective_error_rate,0.29999999999999993,0.30606860158311344,116,379,0.019047619047619046,0.0,0.05714285714285714,5,results/reviewer1_remaining/reliability_calibration/development/raw_parts/ReliabilityShift-boundary-020-calibration-development__rel_b010_l1_e1e8.csv.gz
ReliabilityShift-boundary-020-calibration-development,rel_b010_l1_e1e8,0.1,1.0,1e-08,post_shift_changed_region,action_correctness,Evaluation rows where exactly one branch greedy action equals the analytic optimal action; target=1 means tabular is correct and neural is incorrect. Ties are excluded.,mean_seed_selective_error_rate,0.19999999999999996,0.20580474934036938,78,379,0.02857142857142858,0.0,0.08571428571428574,5,results/reviewer1_remaining/reliability_calibration/development/raw_parts/ReliabilityShift-boundary-020-calibration-development__rel_b010_l1_e1e8.csv.gz
ReliabilityShift-boundary-020-calibration-development,rel_b010_l1_e1e8,0.1,1.0,1e-08,post_shift_changed_region,action_correctness,Evaluation rows where exactly one branch greedy action equals the analytic optimal action; target=1 means tabular is correct and neural is incorrect. Ties are excluded.,mean_seed_selective_error_rate,0.1,0.10554089709762533,40,379,0.02857142857142858,0.0,0.08571428571428574,5,results/reviewer1_remaining/reliability_calibration/development/raw_parts/ReliabilityShift-boundary-020-calibration-development__rel_b010_l1_e1e8.csv.gz
ReliabilityShift-boundary-020-calibration-development,rel_b010_l20_e1e6,0.1,20.0,1e-06,post_shift_changed_region,action_correctness,Evaluation rows where exactly one branch greedy action equals the analytic optimal action; target=1 means tabular is correct and neural is incorrect. Ties are excluded.,mean_seed_selective_error_rate,1.0,1.0,379,379,0.2191604723938215,0.16391755124631838,0.29005523212419765,5,results/reviewer1_remaining/reliability_calibration/development/raw_parts/ReliabilityShift-boundary-020-calibration-development__rel_b010_l20_e1e6.csv.gz
ReliabilityShift-boundary-020-calibration-development,rel_b010_l20_e1e6,0.1,20.0,1e-06,post_shift_changed_region,action_correctness,Evaluation rows where exactly one branch greedy action equals the analytic optimal action; target=1 means tabular is correct and neural is incorrect. Ties are excluded.,mean_seed_selective_error_rate,0.9,0.9050131926121372,343,379,0.21562072245616548,0.14404861804861804,0.29552304235848537,5,results/reviewer1_remaining/reliability_calibration/development/raw_parts/ReliabilityShift-boundary-020-calibration-development__rel_b010_l20_e1e6.csv.gz
ReliabilityShift-boundary-020-calibration-development,rel_b010_l20_e1e6,0.1,20.0,1e-06,post_shift_changed_region,action_correctness,Evaluation rows where exactly one branch greedy action equals the analytic optimal action; target=1 means tabular is correct and neural is incorrect. Ties are excluded.,mean_seed_selective_error_rate,0.8,0.8047493403693932,305,379,0.18395411097075845,0.11687373918289623,0.2611520737327188,5,results/reviewer1_remaining/reliability_calibration/development/raw_parts/ReliabilityShift-boundary-020-calibration-development__rel_b010_l20_e1e6.csv.gz
ReliabilityShift-boundary-020-calibration-development,rel_b010_l20_e1e6,0.1,20.0,1e-06,post_shift_changed_region,action_correctness,Evaluation rows where exactly one branch greedy action equals the analytic optimal action; target=1 means tabular is correct and neural is incorrect. Ties are excluded.,mean_seed_selective_error_rate,0.7,0.7044854881266491,267,379,0.12288908557678364,0.05357801240154185,0.22729091636654664,5,results/reviewer1_remaining/reliability_calibration/development/raw_parts/ReliabilityShift-boundary-020-calibration-development__rel_b010_l20_e1e6.csv.gz
ReliabilityShift-boundary-020-calibration-development,rel_b010_l20_e1e6,0.1,20.0,1e-06,post_shift_changed_region,action_correctness,Evaluation rows where exactly one branch greedy action equals the analytic optimal action; target=1 means tabular is correct and neural is incorrect. Ties are excluded.,mean_seed_selective_error_rate,0.6,0.6068601583113457,230,379,0.10369155800709393,0.03211561621838617,0.20389610389610394,5,results/reviewer1_remaining/reliability_calibration/development/raw_parts/ReliabilityShift-boundary-020-calibration-development__rel_b010_l20_e1e6.csv.gz
ReliabilityShift-boundary-020-calibration-development,rel_b010_l20_e1e6,0.1,20.0,1e-06,post_shift_changed_region,action_correctness,Evaluation rows where exactly one branch greedy action equals the analytic optimal action; target=1 means tabular is correct and neural is incorrect. Ties are excluded.,mean_seed_selective_error_rate,0.5,0.503957783641161,191,379,0.06945165945165946,0.005555555555555558,0.1553246753246753,5,results/reviewer1_remaining/reliability_calibration/development/raw_parts/ReliabilityShift-boundary-020-calibration-development__rel_b010_l20_e1e6.csv.gz
ReliabilityShift-boundary-020-calibration-development,rel_b010_l20_e1e6,0.1,20.0,1e-06,post_shift_changed_region,action_correctness,Evaluation rows where exactly one branch greedy action equals the analytic optimal action; target=1 means tabular is correct and neural is incorrect. Ties are excluded.,mean_seed_selective_error_rate,0.3999999999999999,0.40369393139841686,153,379,0.040000000000000015,0.0,0.09714285714285717,5,results/reviewer1_remaining/reliability_calibration/development/raw_parts/ReliabilityShift-boundary-020-calibration-development__rel_b010_l20_e1e6.csv.gz
ReliabilityShift-boundary-020-calibration-development,rel_b010_l20_e1e6,0.1,20.0,1e-06,post_shift_changed_region,action_correctness,Evaluation rows where exactly one branch greedy action equals the analytic optimal action; target=1 means tabular is correct and neural is incorrect. Ties are excluded.,mean_seed_selective_error_rate,0.29999999999999993,0.30606860158311344,116,379,0.019047619047619046,0.0,0.05714285714285714,5,results/reviewer1_remaining/reliability_calibration/development/raw_parts/ReliabilityShift-boundary-020-calibration-development__rel_b010_l20_e1e6.csv.gz
ReliabilityShift-boundary-020-calibration-development,rel_b010_l20_e1e6,0.1,20.0,1e-06,post_shift_changed_region,action_correctness,Evaluation rows where exactly one branch greedy action equals the analytic optimal action; target=1 means tabular is correct and neural is incorrect. Ties are excluded.,mean_seed_selective_error_rate,0.19999999999999996,0.20580474934036938,78,379,0.01428571428571428,0.0,0.04285714285714284,5,results/reviewer1_remaining/reliability_calibration/development/raw_parts/ReliabilityShift-boundary-020-calibration-development__rel_b010_l20_e1e6.csv.gz
ReliabilityShift-boundary-020-calibration-development,rel_b010_l20_e1e6,0.1,20.0,1e-06,post_shift_changed_region,action_correctness,Evaluation rows where exactly one branch greedy action equals the analytic optimal action; target=1 means tabular is correct and neural is incorrect. Ties are excluded.,mean_seed_selective_error_rate,0.1,0.10554089709762533,40,379,0.02857142857142858,0.0,0.08571428571428574,5,results/reviewer1_remaining/reliability_calibration/development/raw_parts/ReliabilityShift-boundary-020-calibration-development__rel_b010_l20_e1e6.csv.gz
ReliabilityShift-boundary-020-calibration-development,rel_b010_l5_e1e6,0.1,5.0,1e-06,post_shift_changed_region,action_correctness,Evaluation rows where exactly one branch greedy action equals the analytic optimal action; target=1 means tabular is correct and neural is incorrect. Ties are excluded.,mean_seed_selective_error_rate,1.0,1.0,379,379,0.22979591788047146,0.17537112811085415,0.3009393193013882,5,results/reviewer1_remaining/reliability_calibration/development/raw_parts/ReliabilityShift-boundary-020-calibration-development__rel_b010_l5_e1e6.csv.gz
ReliabilityShift-boundary-020-calibration-development,rel_b010_l5_e1e6,0.1,5.0,1e-06,post_shift_changed_region,action_correctness,Evaluation rows where exactly one branch greedy action equals the analytic optimal action; target=1 means tabular is correct and neural is incorrect. Ties are excluded.,mean_seed_selective_error_rate,0.9,0.9050131926121372,343,379,0.23085881769426075,0.1546719946719947,0.324094470929914,5,results/reviewer1_remaining/reliability_calibration/development/raw_parts/ReliabilityShift-boundary-020-calibration-development__rel_b010_l5_e1e6.csv.gz
ReliabilityShift-boundary-020-calibration-development,rel_b010_l5_e1e6,0.1,5.0,1e-06,post_shift_changed_region,action_correctness,Evaluation rows where exactly one branch greedy action equals the analytic optimal action; target=1 means tabular is correct and neural is incorrect. Ties are excluded.,mean_seed_selective_error_rate,0.8,0.8047493403693932,305,379,0.19442209126632498,0.12377029090703418,0.2718663594470046,5,results/reviewer1_remaining/reliability_calibration/development/raw_parts/ReliabilityShift-boundary-020-calibration-development__rel_b010_l5_e1e6.csv.gz
ReliabilityShift-boundary-020-calibration-development,rel_b010_l5_e1e6,0.1,5.0,1e-06,post_shift_changed_region,action_correctness,Evaluation rows where exactly one branch greedy action equals the analytic optimal action; target=1 means tabular is correct and neural is incorrect. Ties are excluded.,mean_seed_selective_error_rate,0.7,0.7044854881266491,267,379,0.1605433458236875,0.08221474942786419,0.25827219776799615,5,results/reviewer1_remaining/reliability_calibration/development/raw_parts/ReliabilityShift-boundary-020-calibration-development__rel_b010_l5_e1e6.csv.gz
ReliabilityShift-boundary-020-calibration-development,rel_b010_l5_e1e6,0.1,5.0,1e-06,post_shift_changed_region,action_correctness,Evaluation rows where exactly one branch greedy action equals the analytic optimal action; target=1 means tabular is correct and neural is incorrect. Ties are excluded.,mean_seed_selective_error_rate,0.6,0.6068601583113457,230,379,0.09914610346163939,0.027272727272727292,0.20931926363479958,5,results/reviewer1_remaining/reliability_calibration/development/raw_parts/ReliabilityShift-boundary-020-calibration-development__rel_b010_l5_e1e6.csv.gz
ReliabilityShift-boundary-020-calibration-development,rel_b010_l5_e1e6,0.1,5.0,1e-06,post_shift_changed_region,action_correctness,Evaluation rows where exactly one branch greedy action equals the analytic optimal action; target=1 means tabular is correct and neural is incorrect. Ties are excluded.,mean_seed_selective_error_rate,0.5,0.503957783641161,191,379,0.07516594516594517,0.005555555555555558,0.17246753246753246,5,results/reviewer1_remaining/reliability_calibration/development/raw_parts/ReliabilityShift-boundary-020-calibration-development__rel_b010_l5_e1e6.csv.gz
ReliabilityShift-boundary-020-calibration-development,rel_b010_l5_e1e6,0.1,5.0,1e-06,post_shift_changed_region,action_correctness,Evaluation rows where exactly one branch greedy action equals the analytic optimal action; target=1 means tabular is correct and neural is incorrect. Ties are excluded.,mean_seed_selective_error_rate,0.3999999999999999,0.40369393139841686,153,379,0.040000000000000015,0.0,0.09714285714285717,5,results/reviewer1_remaining/reliability_calibration/development/raw_parts/ReliabilityShift-boundary-020-calibration-development__rel_b010_l5_e1e6.csv.gz
ReliabilityShift-boundary-020-calibration-development,rel_b010_l5_e1e6,0.1,5.0,1e-06,post_shift_changed_region,action_correctness,Evaluation rows where exactly one branch greedy action equals the analytic optimal action; target=1 means tabular is correct and neural is incorrect. Ties are excluded.,mean_seed_selective_error_rate,0.29999999999999993,0.30606860158311344,116,379,0.019047619047619046,0.0,0.05714285714285714,5,results/reviewer1_remaining/reliability_calibration/development/raw_parts/ReliabilityShift-boundary-020-calibration-development__rel_b010_l5_e1e6.csv.gz
ReliabilityShift-boundary-020-calibration-development,rel_b010_l5_e1e6,0.1,5.0,1e-06,post_shift_changed_region,action_correctness,Evaluation rows where exactly one branch greedy action equals the analytic optimal action; target=1 means tabular is correct and neural is incorrect. Ties are excluded.,mean_seed_selective_error_rate,0.19999999999999996,0.20580474934036938,78,379,0.01428571428571428,0.0,0.04285714285714284,5,results/reviewer1_remaining/reliability_calibration/development/raw_parts/ReliabilityShift-boundary-020-calibration-development__rel_b010_l5_e1e6.csv.gz
ReliabilityShift-boundary-020-calibration-development,rel_b010_l5_e1e6,0.1,5.0,1e-06,post_shift_changed_region,action_correctness,Evaluation rows where exactly one branch greedy action equals the analytic optimal action; target=1 means tabular is correct and neural is incorrect. Ties are excluded.,mean_seed_selective_error_rate,0.1,0.10554089709762533,40,379,0.02857142857142858,0.0,0.08571428571428574,5,results/reviewer1_remaining/reliability_calibration/development/raw_parts/ReliabilityShift-boundary-020-calibration-development__rel_b010_l5_e1e6.csv.gz
ReliabilityShift-boundary-020-calibration-development,rel_b020_l10_e1e6,0.2,10.0,1e-06,post_shift_changed_region,action_correctness,Evaluation rows where exactly one branch greedy action equals the analytic optimal action; target=1 means tabular is correct and neural is incorrect. Ties are excluded.,mean_seed_selective_error_rate,1.0,1.0,379,379,0.13906268297387808,0.09782280937453355,0.1932766118571501,5,results/reviewer1_remaining/reliability_calibration/development/raw_parts/ReliabilityShift-boundary-020-calibration-development__rel_b020_l10_e1e6.csv.gz
ReliabilityShift-boundary-020-calibration-development,rel_b020_l10_e1e6,0.2,10.0,1e-06,post_shift_changed_region,action_correctness,Evaluation rows where exactly one branch greedy action equals the analytic optimal action; target=1 means tabular is correct and neural is incorrect. Ties are excluded.,mean_seed_selective_error_rate,0.9,0.9050131926121372,343,379,0.08881709008291286,0.053692973692973656,0.14412844539426817,5,results/reviewer1_remaining/reliability_calibration/development/raw_parts/ReliabilityShift-boundary-020-calibration-development__rel_b020_l10_e1e6.csv.gz
ReliabilityShift-boundary-020-calibration-development,rel_b020_l10_e1e6,0.2,10.0,1e-06,post_shift_changed_region,action_correctness,Evaluation rows where exactly one branch greedy action equals the analytic optimal action; target=1 means tabular is correct and neural is incorrect. Ties are excluded.,mean_seed_selective_error_rate,0.8,0.8047493403693932,305,379,0.04903940886699507,0.006896551724137922,0.09214285714285715,5,results/reviewer1_remaining/reliability_calibration/development/raw_parts/ReliabilityShift-boundary-020-calibration-development__rel_b020_l10_e1e6.csv.gz
ReliabilityShift-boundary-020-calibration-development,rel_b020_l10_e1e6,0.2,10.0,1e-06,post_shift_changed_region,action_correctness,Evaluation rows where exactly one branch greedy action equals the analytic optimal action; target=1 means tabular is correct and neural is incorrect. Ties are excluded.,mean_seed_selective_error_rate,0.7,0.7044854881266491,267,379,0.03680160588825694,0.0,0.07761793241886919,5,results/reviewer1_remaining/reliability_calibration/development/raw_parts/ReliabilityShift-boundary-020-calibration-development__rel_b020_l10_e1e6.csv.gz
ReliabilityShift-boundary-020-calibration-development,rel_b020_l10_e1e6,0.2,10.0,1e-06,post_shift_changed_region,action_correctness,Evaluation rows where exactly one branch greedy action equals the analytic optimal action; target=1 means tabular is correct and neural is incorrect. Ties are excluded.,mean_seed_selective_error_rate,0.6,0.6068601583113457,230,379,0.008535489667565144,0.0,0.018059299191374677,5,results/reviewer1_remaining/reliability_calibration/development/raw_parts/ReliabilityShift-boundary-020-calibration-development__rel_b020_l10_e1e6.csv.gz
ReliabilityShift-boundary-020-calibration-development,rel_b020_l10_e1e6,0.2,10.0,1e-06,post_shift_changed_region,action_correctness,Evaluation rows where exactly one branch greedy action equals the analytic optimal action; target=1 means tabular is correct and neural is incorrect. Ties are excluded.,mean_seed_selective_error_rate,0.5,0.503957783641161,191,379,0.005714285714285716,0.0,0.017142857142857147,5,results/reviewer1_remaining/reliability_calibration/development/raw_parts/ReliabilityShift-boundary-020-calibration-development__rel_b020_l10_e1e6.csv.gz
ReliabilityShift-boundary-020-calibration-development,rel_b020_l10_e1e6,0.2,10.0,1e-06,post_shift_changed_region,action_correctness,Evaluation rows where exactly one branch greedy action equals the analytic optimal action; target=1 means tabular is correct and neural is incorrect. Ties are excluded.,mean_seed_selective_error_rate,0.3999999999999999,0.40369393139841686,153,379,0.00714285714285714,0.0,0.02142857142857142,5,results/reviewer1_remaining/reliability_calibration/development/raw_parts/ReliabilityShift-boundary-020-calibration-development__rel_b020_l10_e1e6.csv.gz
ReliabilityShift-boundary-020-calibration-development,rel_b020_l10_e1e6,0.2,10.0,1e-06,post_shift_changed_region,action_correctness,Evaluation rows where exactly one branch greedy action equals the analytic optimal action; target=1 means tabular is correct and neural is incorrect. Ties are excluded.,mean_seed_selective_error_rate,0.29999999999999993,0.30606860158311344,116,379,0.009523809523809535,0.0,0.028571428571428602,5,results/reviewer1_remaining/reliability_calibration/development/raw_parts/ReliabilityShift-boundary-020-calibration-development__rel_b020_l10_e1e6.csv.gz
ReliabilityShift-boundary-020-calibration-development,rel_b020_l10_e1e6,0.2,10.0,1e-06,post_shift_changed_region,action_correctness,Evaluation rows where exactly one branch greedy action equals the analytic optimal action; target=1 means tabular is correct and neural is incorrect. Ties are excluded.,mean_seed_selective_error_rate,0.19999999999999996,0.20580474934036938,78,379,0.0,0.0,0.0,5,results/reviewer1_remaining/reliability_calibration/development/raw_parts/ReliabilityShift-boundary-020-calibration-development__rel_b020_l10_e1e6.csv.gz
ReliabilityShift-boundary-020-calibration-development,rel_b020_l10_e1e6,0.2,10.0,1e-06,post_shift_changed_region,action_correctness,Evaluation rows where exactly one branch greedy action equals the analytic optimal action; target=1 means tabular is correct and neural is incorrect. Ties are excluded.,mean_seed_selective_error_rate,0.1,0.10554089709762533,40,379,0.0,0.0,0.0,5,results/reviewer1_remaining/reliability_calibration/development/raw_parts/ReliabilityShift-boundary-020-calibration-development__rel_b020_l10_e1e6.csv.gz
ReliabilityShift-boundary-020-calibration-development,rel_b020_l1_e1e6,0.2,1.0,1e-06,post_shift_changed_region,action_correctness,Evaluation rows where exactly one branch greedy action equals the analytic optimal action; target=1 means tabular is correct and neural is incorrect. Ties are excluded.,mean_seed_selective_error_rate,1.0,1.0,379,379,0.13906268297387808,0.09730407864323784,0.19322386425834703,5,results/reviewer1_remaining/reliability_calibration/development/raw_parts/ReliabilityShift-boundary-020-calibration-development__rel_b020_l1_e1e6.csv.gz
ReliabilityShift-boundary-020-calibration-development,rel_b020_l1_e1e6,0.2,1.0,1e-06,post_shift_changed_region,action_correctness,Evaluation rows where exactly one branch greedy action equals the analytic optimal action; target=1 means tabular is correct and neural is incorrect. Ties are excluded.,mean_seed_selective_error_rate,0.9,0.9050131926121372,343,379,0.09782807909390187,0.06482108608690887,0.14417582417582417,5,results/reviewer1_remaining/reliability_calibration/development/raw_parts/ReliabilityShift-boundary-020-calibration-development__rel_b020_l1_e1e6.csv.gz
ReliabilityShift-boundary-020-calibration-development,rel_b020_l1_e1e6,0.2,1.0,1e-06,post_shift_changed_region,action_correctness,Evaluation rows where exactly one branch greedy action equals the analytic optimal action; target=1 means tabular is correct and neural is incorrect. Ties are excluded.,mean_seed_selective_error_rate,0.8,0.8047493403693932,305,379,0.04903940886699507,0.006896551724137922,0.09214285714285715,5,results/reviewer1_remaining/reliability_calibration/development/raw_parts/ReliabilityShift-boundary-020-calibration-development__rel_b020_l1_e1e6.csv.gz
ReliabilityShift-boundary-020-calibration-development,rel_b020_l1_e1e6,0.2,1.0,1e-06,post_shift_changed_region,action_correctness,Evaluation rows where exactly one branch greedy action equals the analytic optimal action; target=1 means tabular is correct and neural is incorrect. Ties are excluded.,mean_seed_selective_error_rate,0.7,0.7044854881266491,267,379,0.03680160588825694,0.0,0.07761793241886919,5,results/reviewer1_remaining/reliability_calibration/development/raw_parts/ReliabilityShift-boundary-020-calibration-development__rel_b020_l1_e1e6.csv.gz
ReliabilityShift-boundary-020-calibration-development,rel_b020_l1_e1e6,0.2,1.0,1e-06,post_shift_changed_region,action_correctness,Evaluation rows where exactly one branch greedy action equals the analytic optimal action; target=1 means tabular is correct and neural is incorrect. Ties are excluded.,mean_seed_selective_error_rate,0.6,0.6068601583113457,230,379,0.008535489667565144,0.0,0.018059299191374677,5,results/reviewer1_remaining/reliability_calibration/development/raw_parts/ReliabilityShift-boundary-020-calibration-development__rel_b020_l1_e1e6.csv.gz
ReliabilityShift-boundary-020-calibration-development,rel_b020_l1_e1e6,0.2,1.0,1e-06,post_shift_changed_region,action_correctness,Evaluation rows where exactly one branch greedy action equals the analytic optimal action; target=1 means tabular is correct and neural is incorrect. Ties are excluded.,mean_seed_selective_error_rate,0.5,0.503957783641161,191,379,0.005714285714285716,0.0,0.017142857142857147,5,results/reviewer1_remaining/reliability_calibration/development/raw_parts/ReliabilityShift-boundary-020-calibration-development__rel_b020_l1_e1e6.csv.gz
ReliabilityShift-boundary-020-calibration-development,rel_b020_l1_e1e6,0.2,1.0,1e-06,post_shift_changed_region,action_correctness,Evaluation rows where exactly one branch greedy action equals the analytic optimal action; target=1 means tabular is correct and neural is incorrect. Ties are excluded.,mean_seed_selective_error_rate,0.3999999999999999,0.40369393139841686,153,379,0.00714285714285714,0.0,0.02142857142857142,5,results/reviewer1_remaining/reliability_calibration/development/raw_parts/ReliabilityShift-boundary-020-calibration-development__rel_b020_l1_e1e6.csv.gz
ReliabilityShift-boundary-020-calibration-development,rel_b020_l1_e1e6,0.2,1.0,1e-06,post_shift_changed_region,action_correctness,Evaluation rows where exactly one branch greedy action equals the analytic optimal action; target=1 means tabular is correct and neural is incorrect. Ties are excluded.,mean_seed_selective_error_rate,0.29999999999999993,0.30606860158311344,116,379,0.009523809523809535,0.0,0.028571428571428602,5,results/reviewer1_remaining/reliability_calibration/development/raw_parts/ReliabilityShift-boundary-020-calibration-development__rel_b020_l1_e1e6.csv.gz
ReliabilityShift-boundary-020-calibration-development,rel_b020_l1_e1e6,0.2,1.0,1e-06,post_shift_changed_region,action_correctness,Evaluation rows where exactly one branch greedy action equals the analytic optimal action; target=1 means tabular is correct and neural is incorrect. Ties are excluded.,mean_seed_selective_error_rate,0.19999999999999996,0.20580474934036938,78,379,0.0,0.0,0.0,5,results/reviewer1_remaining/reliability_calibration/development/raw_parts/ReliabilityShift-boundary-020-calibration-development__rel_b020_l1_e1e6.csv.gz
ReliabilityShift-boundary-020-calibration-development,rel_b020_l1_e1e6,0.2,1.0,1e-06,post_shift_changed_region,action_correctness,Evaluation rows where exactly one branch greedy action equals the analytic optimal action; target=1 means tabular is correct and neural is incorrect. Ties are excluded.,mean_seed_selective_error_rate,0.1,0.10554089709762533,40,379,0.0,0.0,0.0,5,results/reviewer1_remaining/reliability_calibration/development/raw_parts/ReliabilityShift-boundary-020-calibration-development__rel_b020_l1_e1e6.csv.gz
ReliabilityShift-boundary-020-calibration-development,rel_b020_l20_e1e4,0.2,20.0,0.0001,post_shift_changed_region,action_correctness,Evaluation rows where exactly one branch greedy action equals the analytic optimal action; target=1 means tabular is correct and neural is incorrect. Ties are excluded.,mean_seed_selective_error_rate,1.0,1.0,379,379,0.13076740139092527,0.08870726974175251,0.19502935420743645,5,results/reviewer1_remaining/reliability_calibration/development/raw_parts/ReliabilityShift-boundary-020-calibration-development__rel_b020_l20_e1e4.csv.gz
ReliabilityShift-boundary-020-calibration-development,rel_b020_l20_e1e4,0.2,20.0,0.0001,post_shift_changed_region,action_correctness,Evaluation rows where exactly one branch greedy action equals the analytic optimal action; target=1 means tabular is correct and neural is incorrect. Ties are excluded.,mean_seed_selective_error_rate,0.9,0.9050131926121372,343,379,0.09167423294005572,0.0594072594072594,0.1387146187146187,5,results/reviewer1_remaining/reliability_calibration/development/raw_parts/ReliabilityShift-boundary-020-calibration-development__rel_b020_l20_e1e4.csv.gz
ReliabilityShift-boundary-020-calibration-development,rel_b020_l20_e1e4,0.2,20.0,0.0001,post_shift_changed_region,action_correctness,Evaluation rows where exactly one branch greedy action equals the analytic optimal action; target=1 means tabular is correct and neural is incorrect. Ties are excluded.,mean_seed_selective_error_rate,0.8,0.8047493403693932,305,379,0.04903940886699507,0.006896551724137922,0.09214285714285715,5,results/reviewer1_remaining/reliability_calibration/development/raw_parts/ReliabilityShift-boundary-020-calibration-development__rel_b020_l20_e1e4.csv.gz
ReliabilityShift-boundary-020-calibration-development,rel_b020_l20_e1e4,0.2,20.0,0.0001,post_shift_changed_region,action_correctness,Evaluation rows where exactly one branch greedy action equals the analytic optimal action; target=1 means tabular is correct and neural is incorrect. Ties are excluded.,mean_seed_selective_error_rate,0.7,0.7044854881266491,267,379,0.04072317451570793,0.003921568627450989,0.07761793241886919,5,results/reviewer1_remaining/reliability_calibration/development/raw_parts/ReliabilityShift-boundary-020-calibration-development__rel_b020_l20_e1e4.csv.gz
ReliabilityShift-boundary-020-calibration-development,rel_b020_l20_e1e4,0.2,20.0,0.0001,post_shift_changed_region,action_correctness,Evaluation rows where exactly one branch greedy action equals the analytic optimal action; target=1 means tabular is correct and neural is incorrect. Ties are excluded.,mean_seed_selective_error_rate,0.6,0.6068601583113457,230,379,0.008535489667565144,0.0,0.018059299191374677,5,results/reviewer1_remaining/reliability_calibration/development/raw_parts/ReliabilityShift-boundary-020-calibration-development__rel_b020_l20_e1e4.csv.gz
ReliabilityShift-boundary-020-calibration-development,rel_b020_l20_e1e4,0.2,20.0,0.0001,post_shift_changed_region,action_correctness,Evaluation rows where exactly one branch greedy action equals the analytic optimal action; target=1 means tabular is correct and neural is incorrect. Ties are excluded.,mean_seed_selective_error_rate,0.5,0.503957783641161,191,379,0.005714285714285716,0.0,0.017142857142857147,5,results/reviewer1_remaining/reliability_calibration/development/raw_parts/ReliabilityShift-boundary-020-calibration-development__rel_b020_l20_e1e4.csv.gz
ReliabilityShift-boundary-020-calibration-development,rel_b020_l20_e1e4,0.2,20.0,0.0001,post_shift_changed_region,action_correctness,Evaluation rows where exactly one branch greedy action equals the analytic optimal action; target=1 means tabular is correct and neural is incorrect. Ties are excluded.,mean_seed_selective_error_rate,0.3999999999999999,0.40369393139841686,153,379,0.00714285714285714,0.0,0.02142857142857142,5,results/reviewer1_remaining/reliability_calibration/development/raw_parts/ReliabilityShift-boundary-020-calibration-development__rel_b020_l20_e1e4.csv.gz
ReliabilityShift-boundary-020-calibration-development,rel_b020_l20_e1e4,0.2,20.0,0.0001,post_shift_changed_region,action_correctness,Evaluation rows where exactly one branch greedy action equals the analytic optimal action; target=1 means tabular is correct and neural is incorrect. Ties are excluded.,mean_seed_selective_error_rate,0.29999999999999993,0.30606860158311344,116,379,0.009523809523809535,0.0,0.028571428571428602,5,results/reviewer1_remaining/reliability_calibration/development/raw_parts/ReliabilityShift-boundary-020-calibration-development__rel_b020_l20_e1e4.csv.gz
ReliabilityShift-boundary-020-calibration-development,rel_b020_l20_e1e4,0.2,20.0,0.0001,post_shift_changed_region,action_correctness,Evaluation rows where exactly one branch greedy action equals the analytic optimal action; target=1 means tabular is correct and neural is incorrect. Ties are excluded.,mean_seed_selective_error_rate,0.19999999999999996,0.20580474934036938,78,379,0.0,0.0,0.0,5,results/reviewer1_remaining/reliability_calibration/development/raw_parts/ReliabilityShift-boundary-020-calibration-development__rel_b020_l20_e1e4.csv.gz
ReliabilityShift-boundary-020-calibration-development,rel_b020_l20_e1e4,0.2,20.0,0.0001,post_shift_changed_region,action_correctness,Evaluation rows where exactly one branch greedy action equals the analytic optimal action; target=1 means tabular is correct and neural is incorrect. Ties are excluded.,mean_seed_selective_error_rate,0.1,0.10554089709762533,40,379,0.0,0.0,0.0,5,results/reviewer1_remaining/reliability_calibration/development/raw_parts/ReliabilityShift-boundary-020-calibration-development__rel_b020_l20_e1e4.csv.gz
ReliabilityShift-boundary-020-calibration-development,rel_b020_l20_e1e8,0.2,20.0,1e-08,post_shift_changed_region,action_correctness,Evaluation rows where exactly one branch greedy action equals the analytic optimal action; target=1 means tabular is correct and neural is incorrect. Ties are excluded.,mean_seed_selective_error_rate,1.0,1.0,379,379,0.13076740139092527,0.08870726974175251,0.18703848662752776,5,results/reviewer1_remaining/reliability_calibration/development/raw_parts/ReliabilityShift-boundary-020-calibration-development__rel_b020_l20_e1e8.csv.gz
ReliabilityShift-boundary-020-calibration-development,rel_b020_l20_e1e8,0.2,20.0,1e-08,post_shift_changed_region,action_correctness,Evaluation rows where exactly one branch greedy action equals the analytic optimal action; target=1 means tabular is correct and neural is incorrect. Ties are excluded.,mean_seed_selective_error_rate,0.9,0.9050131926121372,343,379,0.09167423294005572,0.0594072594072594,0.14343580470162748,5,results/reviewer1_remaining/reliability_calibration/development/raw_parts/ReliabilityShift-boundary-020-calibration-development__rel_b020_l20_e1e8.csv.gz
ReliabilityShift-boundary-020-calibration-development,rel_b020_l20_e1e8,0.2,20.0,1e-08,post_shift_changed_region,action_correctness,Evaluation rows where exactly one branch greedy action equals the analytic optimal action; target=1 means tabular is correct and neural is incorrect. Ties are excluded.,mean_seed_selective_error_rate,0.8,0.8047493403693932,305,379,0.04903940886699507,0.006896551724137922,0.0935714285714286,5,results/reviewer1_remaining/reliability_calibration/development/raw_parts/ReliabilityShift-boundary-020-calibration-development__rel_b020_l20_e1e8.csv.gz
ReliabilityShift-boundary-020-calibration-development,rel_b020_l20_e1e8,0.2,20.0,1e-08,post_shift_changed_region,action_correctness,Evaluation rows where exactly one branch greedy action equals the analytic optimal action; target=1 means tabular is correct and neural is incorrect. Ties are excluded.,mean_seed_selective_error_rate,0.7,0.7044854881266491,267,379,0.04072317451570793,0.003921568627450989,0.07761793241886919,5,results/reviewer1_remaining/reliability_calibration/development/raw_parts/ReliabilityShift-boundary-020-calibration-development__rel_b020_l20_e1e8.csv.gz
ReliabilityShift-boundary-020-calibration-development,rel_b020_l20_e1e8,0.2,20.0,1e-08,post_shift_changed_region,action_correctness,Evaluation rows where exactly one branch greedy action equals the analytic optimal action; target=1 means tabular is correct and neural is incorrect. Ties are excluded.,mean_seed_selective_error_rate,0.6,0.6068601583113457,230,379,0.008535489667565144,0.0,0.018059299191374677,5,results/reviewer1_remaining/reliability_calibration/development/raw_parts/ReliabilityShift-boundary-020-calibration-development__rel_b020_l20_e1e8.csv.gz
ReliabilityShift-boundary-020-calibration-development,rel_b020_l20_e1e8,0.2,20.0,1e-08,post_shift_changed_region,action_correctness,Evaluation rows where exactly one branch greedy action equals the analytic optimal action; target=1 means tabular is correct and neural is incorrect. Ties are excluded.,mean_seed_selective_error_rate,0.5,0.503957783641161,191,379,0.005714285714285716,0.0,0.017142857142857147,5,results/reviewer1_remaining/reliability_calibration/development/raw_parts/ReliabilityShift-boundary-020-calibration-development__rel_b020_l20_e1e8.csv.gz
ReliabilityShift-boundary-020-calibration-development,rel_b020_l20_e1e8,0.2,20.0,1e-08,post_shift_changed_region,action_correctness,Evaluation rows where exactly one branch greedy action equals the analytic optimal action; target=1 means tabular is correct and neural is incorrect. Ties are excluded.,mean_seed_selective_error_rate,0.3999999999999999,0.40369393139841686,153,379,0.00714285714285714,0.0,0.02142857142857142,5,results/reviewer1_remaining/reliability_calibration/development/raw_parts/ReliabilityShift-boundary-020-calibration-development__rel_b020_l20_e1e8.csv.gz
ReliabilityShift-boundary-020-calibration-development,rel_b020_l20_e1e8,0.2,20.0,1e-08,post_shift_changed_region,action_correctness,Evaluation rows where exactly one branch greedy action equals the analytic optimal action; target=1 means tabular is correct and neural is incorrect. Ties are excluded.,mean_seed_selective_error_rate,0.29999999999999993,0.30606860158311344,116,379,0.009523809523809535,0.0,0.028571428571428602,5,results/reviewer1_remaining/reliability_calibration/development/raw_parts/ReliabilityShift-boundary-020-calibration-development__rel_b020_l20_e1e8.csv.gz
ReliabilityShift-boundary-020-calibration-development,rel_b020_l20_e1e8,0.2,20.0,1e-08,post_shift_changed_region,action_correctness,Evaluation rows where exactly one branch greedy action equals the analytic optimal action; target=1 means tabular is correct and neural is incorrect. Ties are excluded.,mean_seed_selective_error_rate,0.19999999999999996,0.20580474934036938,78,379,0.0,0.0,0.0,5,results/reviewer1_remaining/reliability_calibration/development/raw_parts/ReliabilityShift-boundary-020-calibration-development__rel_b020_l20_e1e8.csv.gz
ReliabilityShift-boundary-020-calibration-development,rel_b020_l20_e1e8,0.2,20.0,1e-08,post_shift_changed_region,action_correctness,Evaluation rows where exactly one branch greedy action equals the analytic optimal action; target=1 means tabular is correct and neural is incorrect. Ties are excluded.,mean_seed_selective_error_rate,0.1,0.10554089709762533,40,379,0.0,0.0,0.0,5,results/reviewer1_remaining/reliability_calibration/development/raw_parts/ReliabilityShift-boundary-020-calibration-development__rel_b020_l20_e1e8.csv.gz
ReliabilityShift-boundary-020-calibration-development,rel_b020_l5_e1e4,0.2,5.0,0.0001,post_shift_changed_region,action_correctness,Evaluation rows where exactly one branch greedy action equals the analytic optimal action; target=1 means tabular is correct and neural is incorrect. Ties are excluded.,mean_seed_selective_error_rate,1.0,1.0,379,379,0.13906268297387808,0.09783549783549787,0.19533376821048057,5,results/reviewer1_remaining/reliability_calibration/development/raw_parts/ReliabilityShift-boundary-020-calibration-development__rel_b020_l5_e1e4.csv.gz
ReliabilityShift-boundary-020-calibration-development,rel_b020_l5_e1e4,0.2,5.0,0.0001,post_shift_changed_region,action_correctness,Evaluation rows where exactly one branch greedy action equals the analytic optimal action; target=1 means tabular is correct and neural is incorrect. Ties are excluded.,mean_seed_selective_error_rate,0.9,0.9050131926121372,343,379,0.09167423294005572,0.0594072594072594,0.14343580470162748,5,results/reviewer1_remaining/reliability_calibration/development/raw_parts/ReliabilityShift-boundary-020-calibration-development__rel_b020_l5_e1e4.csv.gz
ReliabilityShift-boundary-020-calibration-development,rel_b020_l5_e1e4,0.2,5.0,0.0001,post_shift_changed_region,action_correctness,Evaluation rows where exactly one branch greedy action equals the analytic optimal action; target=1 means tabular is correct and neural is incorrect. Ties are excluded.,mean_seed_selective_error_rate,0.8,0.8047493403693932,305,379,0.04903940886699507,0.006896551724137922,0.0935714285714286,5,results/reviewer1_remaining/reliability_calibration/development/raw_parts/ReliabilityShift-boundary-020-calibration-development__rel_b020_l5_e1e4.csv.gz
ReliabilityShift-boundary-020-calibration-development,rel_b020_l5_e1e4,0.2,5.0,0.0001,post_shift_changed_region,action_correctness,Evaluation rows where exactly one branch greedy action equals the analytic optimal action; target=1 means tabular is correct and neural is incorrect. Ties are excluded.,mean_seed_selective_error_rate,0.7,0.7044854881266491,267,379,0.03680160588825694,0.0,0.07761793241886919,5,results/reviewer1_remaining/reliability_calibration/development/raw_parts/ReliabilityShift-boundary-020-calibration-development__rel_b020_l5_e1e4.csv.gz
ReliabilityShift-boundary-020-calibration-development,rel_b020_l5_e1e4,0.2,5.0,0.0001,post_shift_changed_region,action_correctness,Evaluation rows where exactly one branch greedy action equals the analytic optimal action; target=1 means tabular is correct and neural is incorrect. Ties are excluded.,mean_seed_selective_error_rate,0.6,0.6068601583113457,230,379,0.008535489667565144,0.0,0.018059299191374677,5,results/reviewer1_remaining/reliability_calibration/development/raw_parts/ReliabilityShift-boundary-020-calibration-development__rel_b020_l5_e1e4.csv.gz
ReliabilityShift-boundary-020-calibration-development,rel_b020_l5_e1e4,0.2,5.0,0.0001,post_shift_changed_region,action_correctness,Evaluation rows where exactly one branch greedy action equals the analytic optimal action; target=1 means tabular is correct and neural is incorrect. Ties are excluded.,mean_seed_selective_error_rate,0.5,0.503957783641161,191,379,0.005714285714285716,0.0,0.017142857142857147,5,results/reviewer1_remaining/reliability_calibration/development/raw_parts/ReliabilityShift-boundary-020-calibration-development__rel_b020_l5_e1e4.csv.gz
ReliabilityShift-boundary-020-calibration-development,rel_b020_l5_e1e4,0.2,5.0,0.0001,post_shift_changed_region,action_correctness,Evaluation rows where exactly one branch greedy action equals the analytic optimal action; target=1 means tabular is correct and neural is incorrect. Ties are excluded.,mean_seed_selective_error_rate,0.3999999999999999,0.40369393139841686,153,379,0.00714285714285714,0.0,0.02142857142857142,5,results/reviewer1_remaining/reliability_calibration/development/raw_parts/ReliabilityShift-boundary-020-calibration-development__rel_b020_l5_e1e4.csv.gz
ReliabilityShift-boundary-020-calibration-development,rel_b020_l5_e1e4,0.2,5.0,0.0001,post_shift_changed_region,action_correctness,Evaluation rows where exactly one branch greedy action equals the analytic optimal action; target=1 means tabular is correct and neural is incorrect. Ties are excluded.,mean_seed_selective_error_rate,0.29999999999999993,0.30606860158311344,116,379,0.009523809523809535,0.0,0.028571428571428602,5,results/reviewer1_remaining/reliability_calibration/development/raw_parts/ReliabilityShift-boundary-020-calibration-development__rel_b020_l5_e1e4.csv.gz
ReliabilityShift-boundary-020-calibration-development,rel_b020_l5_e1e4,0.2,5.0,0.0001,post_shift_changed_region,action_correctness,Evaluation rows where exactly one branch greedy action equals the analytic optimal action; target=1 means tabular is correct and neural is incorrect. Ties are excluded.,mean_seed_selective_error_rate,0.19999999999999996,0.20580474934036938,78,379,0.0,0.0,0.0,5,results/reviewer1_remaining/reliability_calibration/development/raw_parts/ReliabilityShift-boundary-020-calibration-development__rel_b020_l5_e1e4.csv.gz
ReliabilityShift-boundary-020-calibration-development,rel_b020_l5_e1e4,0.2,5.0,0.0001,post_shift_changed_region,action_correctness,Evaluation rows where exactly one branch greedy action equals the analytic optimal action; target=1 means tabular is correct and neural is incorrect. Ties are excluded.,mean_seed_selective_error_rate,0.1,0.10554089709762533,40,379,0.0,0.0,0.0,5,results/reviewer1_remaining/reliability_calibration/development/raw_parts/ReliabilityShift-boundary-020-calibration-development__rel_b020_l5_e1e4.csv.gz
ReliabilityShift-boundary-020-calibration-development,rel_b020_l5_e1e8,0.2,5.0,1e-08,post_shift_changed_region,action_correctness,Evaluation rows where exactly one branch greedy action equals the analytic optimal action; target=1 means tabular is correct and neural is incorrect. Ties are excluded.,mean_seed_selective_error_rate,1.0,1.0,379,379,0.13906268297387808,0.09939780421121942,0.19322386425834703,5,results/reviewer1_remaining/reliability_calibration/development/raw_parts/ReliabilityShift-boundary-020-calibration-development__rel_b020_l5_e1e8.csv.gz
ReliabilityShift-boundary-020-calibration-development,rel_b020_l5_e1e8,0.2,5.0,1e-08,post_shift_changed_region,action_correctness,Evaluation rows where exactly one branch greedy action equals the analytic optimal action; target=1 means tabular is correct and neural is incorrect. Ties are excluded.,mean_seed_selective_error_rate,0.9,0.9050131926121372,343,379,0.09167423294005572,0.0594072594072594,0.1387146187146187,5,results/reviewer1_remaining/reliability_calibration/development/raw_parts/ReliabilityShift-boundary-020-calibration-development__rel_b020_l5_e1e8.csv.gz
ReliabilityShift-boundary-020-calibration-development,rel_b020_l5_e1e8,0.2,5.0,1e-08,post_shift_changed_region,action_correctness,Evaluation rows where exactly one branch greedy action equals the analytic optimal action; target=1 means tabular is correct and neural is incorrect. Ties are excluded.,mean_seed_selective_error_rate,0.8,0.8047493403693932,305,379,0.04903940886699507,0.006896551724137922,0.09214285714285715,5,results/reviewer1_remaining/reliability_calibration/development/raw_parts/ReliabilityShift-boundary-020-calibration-development__rel_b020_l5_e1e8.csv.gz
ReliabilityShift-boundary-020-calibration-development,rel_b020_l5_e1e8,0.2,5.0,1e-08,post_shift_changed_region,action_correctness,Evaluation rows where exactly one branch greedy action equals the analytic optimal action; target=1 means tabular is correct and neural is incorrect. Ties are excluded.,mean_seed_selective_error_rate,0.7,0.7044854881266491,267,379,0.03680160588825694,0.0,0.07761793241886919,5,results/reviewer1_remaining/reliability_calibration/development/raw_parts/ReliabilityShift-boundary-020-calibration-development__rel_b020_l5_e1e8.csv.gz
ReliabilityShift-boundary-020-calibration-development,rel_b020_l5_e1e8,0.2,5.0,1e-08,post_shift_changed_region,action_correctness,Evaluation rows where exactly one branch greedy action equals the analytic optimal action; target=1 means tabular is correct and neural is incorrect. Ties are excluded.,mean_seed_selective_error_rate,0.6,0.6068601583113457,230,379,0.008535489667565144,0.0,0.018059299191374677,5,results/reviewer1_remaining/reliability_calibration/development/raw_parts/ReliabilityShift-boundary-020-calibration-development__rel_b020_l5_e1e8.csv.gz
ReliabilityShift-boundary-020-calibration-development,rel_b020_l5_e1e8,0.2,5.0,1e-08,post_shift_changed_region,action_correctness,Evaluation rows where exactly one branch greedy action equals the analytic optimal action; target=1 means tabular is correct and neural is incorrect. Ties are excluded.,mean_seed_selective_error_rate,0.5,0.503957783641161,191,379,0.005714285714285716,0.0,0.017142857142857147,5,results/reviewer1_remaining/reliability_calibration/development/raw_parts/ReliabilityShift-boundary-020-calibration-development__rel_b020_l5_e1e8.csv.gz
ReliabilityShift-boundary-020-calibration-development,rel_b020_l5_e1e8,0.2,5.0,1e-08,post_shift_changed_region,action_correctness,Evaluation rows where exactly one branch greedy action equals the analytic optimal action; target=1 means tabular is correct and neural is incorrect. Ties are excluded.,mean_seed_selective_error_rate,0.3999999999999999,0.40369393139841686,153,379,0.00714285714285714,0.0,0.02142857142857142,5,results/reviewer1_remaining/reliability_calibration/development/raw_parts/ReliabilityShift-boundary-020-calibration-development__rel_b020_l5_e1e8.csv.gz
ReliabilityShift-boundary-020-calibration-development,rel_b020_l5_e1e8,0.2,5.0,1e-08,post_shift_changed_region,action_correctness,Evaluation rows where exactly one branch greedy action equals the analytic optimal action; target=1 means tabular is correct and neural is incorrect. Ties are excluded.,mean_seed_selective_error_rate,0.29999999999999993,0.30606860158311344,116,379,0.009523809523809535,0.0,0.028571428571428602,5,results/reviewer1_remaining/reliability_calibration/development/raw_parts/ReliabilityShift-boundary-020-calibration-development__rel_b020_l5_e1e8.csv.gz
ReliabilityShift-boundary-020-calibration-development,rel_b020_l5_e1e8,0.2,5.0,1e-08,post_shift_changed_region,action_correctness,Evaluation rows where exactly one branch greedy action equals the analytic optimal action; target=1 means tabular is correct and neural is incorrect. Ties are excluded.,mean_seed_selective_error_rate,0.19999999999999996,0.20580474934036938,78,379,0.0,0.0,0.0,5,results/reviewer1_remaining/reliability_calibration/development/raw_parts/ReliabilityShift-boundary-020-calibration-development__rel_b020_l5_e1e8.csv.gz
ReliabilityShift-boundary-020-calibration-development,rel_b020_l5_e1e8,0.2,5.0,1e-08,post_shift_changed_region,action_correctness,Evaluation rows where exactly one branch greedy action equals the analytic optimal action; target=1 means tabular is correct and neural is incorrect. Ties are excluded.,mean_seed_selective_error_rate,0.1,0.10554089709762533,40,379,0.0,0.0,0.0,5,results/reviewer1_remaining/reliability_calibration/development/raw_parts/ReliabilityShift-boundary-020-calibration-development__rel_b020_l5_e1e8.csv.gz
ReliabilityShift-boundary-030-calibration-development,rel_b002_l10_e1e4,0.02,10.0,0.0001,post_shift_changed_region,action_correctness,Evaluation rows where exactly one branch greedy action equals the analytic optimal action; target=1 means tabular is correct and neural is incorrect. Ties are excluded.,mean_seed_selective_error_rate,1.0,1.0,257,257,0.6020200125078174,0.45256410256410257,0.7601626016260162,5,results/reviewer1_remaining/reliability_calibration/development/raw_parts/ReliabilityShift-boundary-030-calibration-development__rel_b002_l10_e1e4.csv.gz
ReliabilityShift-boundary-030-calibration-development,rel_b002_l10_e1e4,0.02,10.0,0.0001,post_shift_changed_region,action_correctness,Evaluation rows where exactly one branch greedy action equals the analytic optimal action; target=1 means tabular is correct and neural is incorrect. Ties are excluded.,mean_seed_selective_error_rate,0.9,0.9066147859922179,233,257,0.6179703024896679,0.4571675422826524,0.7763807285546417,5,results/reviewer1_remaining/reliability_calibration/development/raw_parts/ReliabilityShift-boundary-030-calibration-development__rel_b002_l10_e1e4.csv.gz
ReliabilityShift-boundary-030-calibration-development,rel_b002_l10_e1e4,0.02,10.0,0.0001,post_shift_changed_region,action_correctness,Evaluation rows where exactly one branch greedy action equals the analytic optimal action; target=1 means tabular is correct and neural is incorrect. Ties are excluded.,mean_seed_selective_error_rate,0.8,0.8054474708171206,207,257,0.6502119572176657,0.49706180344478224,0.7982639052696137,5,results/reviewer1_remaining/reliability_calibration/development/raw_parts/ReliabilityShift-boundary-030-calibration-development__rel_b002_l10_e1e4.csv.gz
ReliabilityShift-boundary-030-calibration-development,rel_b002_l10_e1e4,0.02,10.0,0.0001,post_shift_changed_region,action_correctness,Evaluation rows where exactly one branch greedy action equals the analytic optimal action; target=1 means tabular is correct and neural is incorrect. Ties are excluded.,mean_seed_selective_error_rate,0.7,0.708171206225681,182,257,0.6709683514141043,0.5116359420816948,0.8277335691128794,5,results/reviewer1_remaining/reliability_calibration/development/raw_parts/ReliabilityShift-boundary-030-calibration-development__rel_b002_l10_e1e4.csv.gz
ReliabilityShift-boundary-030-calibration-development,rel_b002_l10_e1e4,0.02,10.0,0.0001,post_shift_changed_region,action_correctness,Evaluation rows where exactly one branch greedy action equals the analytic optimal action; target=1 means tabular is correct and neural is incorrect. Ties are excluded.,mean_seed_selective_error_rate,0.6,0.6070038910505836,156,257,0.6590983102918587,0.5004761904761905,0.8177204301075269,5,results/reviewer1_remaining/reliability_calibration/development/raw_parts/ReliabilityShift-boundary-030-calibration-development__rel_b002_l10_e1e4.csv.gz
ReliabilityShift-boundary-030-calibration-development,rel_b002_l10_e1e4,0.02,10.0,0.0001,post_shift_changed_region,action_correctness,Evaluation rows where exactly one branch greedy action equals the analytic optimal action; target=1 means tabular is correct and neural is incorrect. Ties are excluded.,mean_seed_selective_error_rate,0.5,0.5058365758754864,130,257,0.6858658582796513,0.5109065934065934,0.8670329670329672,5,results/reviewer1_remaining/reliability_calibration/development/raw_parts/ReliabilityShift-boundary-030-calibration-development__rel_b002_l10_e1e4.csv.gz
ReliabilityShift-boundary-030-calibration-development,rel_b002_l10_e1e4,0.02,10.0,0.0001,post_shift_changed_region,action_correctness,Evaluation rows where exactly one branch greedy action equals the analytic optimal action; target=1 means tabular is correct and neural is incorrect. Ties are excluded.,mean_seed_selective_error_rate,0.3999999999999999,0.4085603112840467,105,257,0.620995670995671,0.39004329004329,0.8571428571428571,5,results/reviewer1_remaining/reliability_calibration/development/raw_parts/ReliabilityShift-boundary-030-calibration-development__rel_b002_l10_e1e4.csv.gz
ReliabilityShift-boundary-030-calibration-development,rel_b002_l10_e1e4,0.02,10.0,0.0001,post_shift_changed_region,action_correctness,Evaluation rows where exactly one branch greedy action equals the analytic optimal action; target=1 means tabular is correct and neural is incorrect. Ties are excluded.,mean_seed_selective_error_rate,0.29999999999999993,0.311284046692607,80,257,0.5740196078431372,0.29068627450980394,0.8542463235294114,5,results/reviewer1_remaining/reliability_calibration/development/raw_parts/ReliabilityShift-boundary-030-calibration-development__rel_b002_l10_e1e4.csv.gz
ReliabilityShift-boundary-030-calibration-development,rel_b002_l10_e1e4,0.02,10.0,0.0001,post_shift_changed_region,action_correctness,Evaluation rows where exactly one branch greedy action equals the analytic optimal action; target=1 means tabular is correct and neural is incorrect. Ties are excluded.,mean_seed_selective_error_rate,0.19999999999999996,0.21011673151750973,54,257,0.5742424242424242,0.2757575757575757,0.8833333333333332,5,results/reviewer1_remaining/reliability_calibration/development/raw_parts/ReliabilityShift-boundary-030-calibration-development__rel_b002_l10_e1e4.csv.gz
ReliabilityShift-boundary-030-calibration-development,rel_b002_l10_e1e4,0.02,10.0,0.0001,post_shift_changed_region,action_correctness,Evaluation rows where exactly one branch greedy action equals the analytic optimal action; target=1 means tabular is correct and neural is incorrect. Ties are excluded.,mean_seed_selective_error_rate,0.1,0.11284046692607004,29,257,0.5333333333333334,0.2,0.8666666666666668,5,results/reviewer1_remaining/reliability_calibration/development/raw_parts/ReliabilityShift-boundary-030-calibration-development__rel_b002_l10_e1e4.csv.gz
ReliabilityShift-boundary-030-calibration-development,rel_b002_l10_e1e8,0.02,10.0,1e-08,post_shift_changed_region,action_correctness,Evaluation rows where exactly one branch greedy action equals the analytic optimal action; target=1 means tabular is correct and neural is incorrect. Ties are excluded.,mean_seed_selective_error_rate,1.0,1.0,257,257,0.6020200125078174,0.4661538461538462,0.7601626016260162,5,results/reviewer1_remaining/reliability_calibration/development/raw_parts/ReliabilityShift-boundary-030-calibration-development__rel_b002_l10_e1e8.csv.gz
ReliabilityShift-boundary-030-calibration-development,rel_b002_l10_e1e8,0.02,10.0,1e-08,post_shift_changed_region,action_correctness,Evaluation rows where exactly one branch greedy action equals the analytic optimal action; target=1 means tabular is correct and neural is incorrect. Ties are excluded.,mean_seed_selective_error_rate,0.9,0.9066147859922179,233,257,0.6179703024896679,0.4571675422826524,0.766918918918919,5,results/reviewer1_remaining/reliability_calibration/development/raw_parts/ReliabilityShift-boundary-030-calibration-development__rel_b002_l10_e1e8.csv.gz
ReliabilityShift-boundary-030-calibration-development,rel_b002_l10_e1e8,0.02,10.0,1e-08,post_shift_changed_region,action_correctness,Evaluation rows where exactly one branch greedy action equals the analytic optimal action; target=1 means tabular is correct and neural is incorrect. Ties are excluded.,mean_seed_selective_error_rate,0.8,0.8054474708171206,207,257,0.6502119572176657,0.5094409136962328,0.7909830007390983,5,results/reviewer1_remaining/reliability_calibration/development/raw_parts/ReliabilityShift-boundary-030-calibration-development__rel_b002_l10_e1e8.csv.gz
ReliabilityShift-boundary-030-calibration-development,rel_b002_l10_e1e8,0.02,10.0,1e-08,post_shift_changed_region,action_correctness,Evaluation rows where exactly one branch greedy action equals the analytic optimal action; target=1 means tabular is correct and neural is incorrect. Ties are excluded.,mean_seed_selective_error_rate,0.7,0.708171206225681,182,257,0.6709683514141043,0.48793671720501,0.8277335691128794,5,results/reviewer1_remaining/reliability_calibration/development/raw_parts/ReliabilityShift-boundary-030-calibration-development__rel_b002_l10_e1e8.csv.gz
ReliabilityShift-boundary-030-calibration-development,rel_b002_l10_e1e8,0.02,10.0,1e-08,post_shift_changed_region,action_correctness,Evaluation rows where exactly one branch greedy action equals the analytic optimal action; target=1 means tabular is correct and neural is incorrect. Ties are excluded.,mean_seed_selective_error_rate,0.6,0.6070038910505836,156,257,0.6590983102918587,0.4916666666666667,0.8177204301075269,5,results/reviewer1_remaining/reliability_calibration/development/raw_parts/ReliabilityShift-boundary-030-calibration-development__rel_b002_l10_e1e8.csv.gz
ReliabilityShift-boundary-030-calibration-development,rel_b002_l10_e1e8,0.02,10.0,1e-08,post_shift_changed_region,action_correctness,Evaluation rows where exactly one branch greedy action equals the analytic optimal action; target=1 means tabular is correct and neural is incorrect. Ties are excluded.,mean_seed_selective_error_rate,0.5,0.5058365758754864,130,257,0.6858658582796513,0.510989010989011,0.8726790450928382,5,results/reviewer1_remaining/reliability_calibration/development/raw_parts/ReliabilityShift-boundary-030-calibration-development__rel_b002_l10_e1e8.csv.gz
ReliabilityShift-boundary-030-calibration-development,rel_b002_l10_e1e8,0.02,10.0,1e-08,post_shift_changed_region,action_correctness,Evaluation rows where exactly one branch greedy action equals the analytic optimal action; target=1 means tabular is correct and neural is incorrect. Ties are excluded.,mean_seed_selective_error_rate,0.3999999999999999,0.4085603112840467,105,257,0.620995670995671,0.39004329004329,0.8547619047619047,5,results/reviewer1_remaining/reliability_calibration/development/raw_parts/ReliabilityShift-boundary-030-calibration-development__rel_b002_l10_e1e8.csv.gz
ReliabilityShift-boundary-030-calibration-development,rel_b002_l10_e1e8,0.02,10.0,1e-08,post_shift_changed_region,action_correctness,Evaluation rows where exactly one branch greedy action equals the analytic optimal action; target=1 means tabular is correct and neural is incorrect. Ties are excluded.,mean_seed_selective_error_rate,0.29999999999999993,0.311284046692607,80,257,0.5740196078431372,0.29068627450980394,0.8573529411764707,5,results/reviewer1_remaining/reliability_calibration/development/raw_parts/ReliabilityShift-boundary-030-calibration-development__rel_b002_l10_e1e8.csv.gz
ReliabilityShift-boundary-030-calibration-development,rel_b002_l10_e1e8,0.02,10.0,1e-08,post_shift_changed_region,action_correctness,Evaluation rows where exactly one branch greedy action equals the analytic optimal action; target=1 means tabular is correct and neural is incorrect. Ties are excluded.,mean_seed_selective_error_rate,0.19999999999999996,0.21011673151750973,54,257,0.5742424242424242,0.2651515151515151,0.8833333333333332,5,results/reviewer1_remaining/reliability_calibration/development/raw_parts/ReliabilityShift-boundary-030-calibration-development__rel_b002_l10_e1e8.csv.gz
ReliabilityShift-boundary-030-calibration-development,rel_b002_l10_e1e8,0.02,10.0,1e-08,post_shift_changed_region,action_correctness,Evaluation rows where exactly one branch greedy action equals the analytic optimal action; target=1 means tabular is correct and neural is incorrect. Ties are excluded.,mean_seed_selective_error_rate,0.1,0.11284046692607004,29,257,0.5333333333333334,0.2,0.8666666666666668,5,results/reviewer1_remaining/reliability_calibration/development/raw_parts/ReliabilityShift-boundary-030-calibration-development__rel_b002_l10_e1e8.csv.gz
ReliabilityShift-boundary-030-calibration-development,rel_b002_l1_e1e4,0.02,1.0,0.0001,post_shift_changed_region,action_correctness,Evaluation rows where exactly one branch greedy action equals the analytic optimal action; target=1 means tabular is correct and neural is incorrect. Ties are excluded.,mean_seed_selective_error_rate,1.0,1.0,257,257,0.6370670344513911,0.4834731934731935,0.7755159474671669,5,results/reviewer1_remaining/reliability_calibration/development/raw_parts/ReliabilityShift-boundary-030-calibration-development__rel_b002_l1_e1e4.csv.gz
ReliabilityShift-boundary-030-calibration-development,rel_b002_l1_e1e4,0.02,1.0,0.0001,post_shift_changed_region,action_correctness,Evaluation rows where exactly one branch greedy action equals the analytic optimal action; target=1 means tabular is correct and neural is incorrect. Ties are excluded.,mean_seed_selective_error_rate,0.9,0.9066147859922179,233,257,0.6420570146534575,0.506786169340059,0.7637547679755222,5,results/reviewer1_remaining/reliability_calibration/development/raw_parts/ReliabilityShift-boundary-030-calibration-development__rel_b002_l1_e1e4.csv.gz
ReliabilityShift-boundary-030-calibration-development,rel_b002_l1_e1e4,0.02,1.0,0.0001,post_shift_changed_region,action_correctness,Evaluation rows where exactly one branch greedy action equals the analytic optimal action; target=1 means tabular is correct and neural is incorrect. Ties are excluded.,mean_seed_selective_error_rate,0.8,0.8054474708171206,207,257,0.6778863585817401,0.5550336188634061,0.8116525923479738,5,results/reviewer1_remaining/reliability_calibration/development/raw_parts/ReliabilityShift-boundary-030-calibration-development__rel_b002_l1_e1e4.csv.gz
ReliabilityShift-boundary-030-calibration-development,rel_b002_l1_e1e4,0.02,1.0,0.0001,post_shift_changed_region,action_correctness,Evaluation rows where exactly one branch greedy action equals the analytic optimal action; target=1 means tabular is correct and neural is incorrect. Ties are excluded.,mean_seed_selective_error_rate,0.7,0.708171206225681,182,257,0.681779162224915,0.5358247553369504,0.8277335691128794,5,results/reviewer1_remaining/reliability_calibration/development/raw_parts/ReliabilityShift-boundary-030-calibration-development__rel_b002_l1_e1e4.csv.gz
ReliabilityShift-boundary-030-calibration-development,rel_b002_l1_e1e4,0.02,1.0,0.0001,post_shift_changed_region,action_correctness,Evaluation rows where exactly one branch greedy action equals the analytic optimal action; target=1 means tabular is correct and neural is incorrect. Ties are excluded.,mean_seed_selective_error_rate,0.6,0.6070038910505836,156,257,0.6908374877810362,0.53975,0.839781036168133,5,results/reviewer1_remaining/reliability_calibration/development/raw_parts/ReliabilityShift-boundary-030-calibration-development__rel_b002_l1_e1e4.csv.gz
ReliabilityShift-boundary-030-calibration-development,rel_b002_l1_e1e4,0.02,1.0,0.0001,post_shift_changed_region,action_correctness,Evaluation rows where exactly one branch greedy action equals the analytic optimal action; target=1 means tabular is correct and neural is incorrect. Ties are excluded.,mean_seed_selective_error_rate,0.5,0.5058365758754864,130,257,0.6858658582796513,0.5046987495263358,0.8726790450928382,5,results/reviewer1_remaining/reliability_calibration/development/raw_parts/ReliabilityShift-boundary-030-calibration-development__rel_b002_l1_e1e4.csv.gz
ReliabilityShift-boundary-030-calibration-development,rel_b002_l1_e1e4,0.02,1.0,0.0001,post_shift_changed_region,action_correctness,Evaluation rows where exactly one branch greedy action equals the analytic optimal action; target=1 means tabular is correct and neural is incorrect. Ties are excluded.,mean_seed_selective_error_rate,0.3999999999999999,0.4085603112840467,105,257,0.6384199134199134,0.4158008658008658,0.8630952380952381,5,results/reviewer1_remaining/reliability_calibration/development/raw_parts/ReliabilityShift-boundary-030-calibration-development__rel_b002_l1_e1e4.csv.gz
ReliabilityShift-boundary-030-calibration-development,rel_b002_l1_e1e4,0.02,1.0,0.0001,post_shift_changed_region,action_correctness,Evaluation rows where exactly one branch greedy action equals the analytic optimal action; target=1 means tabular is correct and neural is incorrect. Ties are excluded.,mean_seed_selective_error_rate,0.29999999999999993,0.311284046692607,80,257,0.6898692810457516,0.4825163398692811,0.8972222222222221,5,results/reviewer1_remaining/reliability_calibration/development/raw_parts/ReliabilityShift-boundary-030-calibration-development__rel_b002_l1_e1e4.csv.gz
ReliabilityShift-boundary-030-calibration-development,rel_b002_l1_e1e4,0.02,1.0,0.0001,post_shift_changed_region,action_correctness,Evaluation rows where exactly one branch greedy action equals the analytic optimal action; target=1 means tabular is correct and neural is incorrect. Ties are excluded.,mean_seed_selective_error_rate,0.19999999999999996,0.21011673151750973,54,257,0.5924242424242424,0.30151515151515146,0.8833333333333332,5,results/reviewer1_remaining/reliability_calibration/development/raw_parts/ReliabilityShift-boundary-030-calibration-development__rel_b002_l1_e1e4.csv.gz
ReliabilityShift-boundary-030-calibration-development,rel_b002_l1_e1e4,0.02,1.0,0.0001,post_shift_changed_region,action_correctness,Evaluation rows where exactly one branch greedy action equals the analytic optimal action; target=1 means tabular is correct and neural is incorrect. Ties are excluded.,mean_seed_selective_error_rate,0.1,0.11284046692607004,29,257,0.5333333333333334,0.2,0.8666666666666668,5,results/reviewer1_remaining/reliability_calibration/development/raw_parts/ReliabilityShift-boundary-030-calibration-development__rel_b002_l1_e1e4.csv.gz
ReliabilityShift-boundary-030-calibration-development,rel_b002_l1_e1e8,0.02,1.0,1e-08,post_shift_changed_region,action_correctness,Evaluation rows where exactly one branch greedy action equals the analytic optimal action; target=1 means tabular is correct and neural is incorrect. Ties are excluded.,mean_seed_selective_error_rate,1.0,1.0,257,257,0.6370670344513911,0.4834731934731935,0.7818762902362566,5,results/reviewer1_remaining/reliability_calibration/development/raw_parts/ReliabilityShift-boundary-030-calibration-development__rel_b002_l1_e1e8.csv.gz
ReliabilityShift-boundary-030-calibration-development,rel_b002_l1_e1e8,0.02,1.0,1e-08,post_shift_changed_region,action_correctness,Evaluation rows where exactly one branch greedy action equals the analytic optimal action; target=1 means tabular is correct and neural is incorrect. Ties are excluded.,mean_seed_selective_error_rate,0.9,0.9066147859922179,233,257,0.6420570146534575,0.506786169340059,0.763673635900051,5,results/reviewer1_remaining/reliability_calibration/development/raw_parts/ReliabilityShift-boundary-030-calibration-development__rel_b002_l1_e1e8.csv.gz
ReliabilityShift-boundary-030-calibration-development,rel_b002_l1_e1e8,0.02,1.0,1e-08,post_shift_changed_region,action_correctness,Evaluation rows where exactly one branch greedy action equals the analytic optimal action; target=1 means tabular is correct and neural is incorrect. Ties are excluded.,mean_seed_selective_error_rate,0.8,0.8054474708171206,207,257,0.6778863585817401,0.5550336188634061,0.8008425720620838,5,results/reviewer1_remaining/reliability_calibration/development/raw_parts/ReliabilityShift-boundary-030-calibration-development__rel_b002_l1_e1e8.csv.gz
ReliabilityShift-boundary-030-calibration-development,rel_b002_l1_e1e8,0.02,1.0,1e-08,post_shift_changed_region,action_correctness,Evaluation rows where exactly one branch greedy action equals the analytic optimal action; target=1 means tabular is correct and neural is incorrect. Ties are excluded.,mean_seed_selective_error_rate,0.7,0.708171206225681,182,257,0.681779162224915,0.5358247553369504,0.8277335691128794,5,results/reviewer1_remaining/reliability_calibration/development/raw_parts/ReliabilityShift-boundary-030-calibration-development__rel_b002_l1_e1e8.csv.gz
ReliabilityShift-boundary-030-calibration-development,rel_b002_l1_e1e8,0.02,1.0,1e-08,post_shift_changed_region,action_correctness,Evaluation rows where exactly one branch greedy action equals the analytic optimal action; target=1 means tabular is correct and neural is incorrect. Ties are excluded.,mean_seed_selective_error_rate,0.6,0.6070038910505836,156,257,0.6908374877810362,0.5379435483870968,0.8379745845552297,5,results/reviewer1_remaining/reliability_calibration/development/raw_parts/ReliabilityShift-boundary-030-calibration-development__rel_b002_l1_e1e8.csv.gz
ReliabilityShift-boundary-030-calibration-development,rel_b002_l1_e1e8,0.02,1.0,1e-08,post_shift_changed_region,action_correctness,Evaluation rows where exactly one branch greedy action equals the analytic optimal action; target=1 means tabular is correct and neural is incorrect. Ties are excluded.,mean_seed_selective_error_rate,0.5,0.5058365758754864,130,257,0.6858658582796513,0.5076923076923077,0.8726790450928382,5,results/reviewer1_remaining/reliability_calibration/development/raw_parts/ReliabilityShift-boundary-030-calibration-development__rel_b002_l1_e1e8.csv.gz
ReliabilityShift-boundary-030-calibration-development,rel_b002_l1_e1e8,0.02,1.0,1e-08,post_shift_changed_region,action_correctness,Evaluation rows where exactly one branch greedy action equals the analytic optimal action; target=1 means tabular is correct and neural is incorrect. Ties are excluded.,mean_seed_selective_error_rate,0.3999999999999999,0.4085603112840467,105,257,0.6384199134199134,0.4158008658008658,0.8610903679653676,5,results/reviewer1_remaining/reliability_calibration/development/raw_parts/ReliabilityShift-boundary-030-calibration-development__rel_b002_l1_e1e8.csv.gz
ReliabilityShift-boundary-030-calibration-development,rel_b002_l1_e1e8,0.02,1.0,1e-08,post_shift_changed_region,action_correctness,Evaluation rows where exactly one branch greedy action equals the analytic optimal action; target=1 means tabular is correct and neural is incorrect. Ties are excluded.,mean_seed_selective_error_rate,0.29999999999999993,0.311284046692607,80,257,0.6898692810457516,0.482516339869281,0.9051470588235293,5,results/reviewer1_remaining/reliability_calibration/development/raw_parts/ReliabilityShift-boundary-030-calibration-development__rel_b002_l1_e1e8.csv.gz
ReliabilityShift-boundary-030-calibration-development,rel_b002_l1_e1e8,0.02,1.0,1e-08,post_shift_changed_region,action_correctness,Evaluation rows where exactly one branch greedy action equals the analytic optimal action; target=1 means tabular is correct and neural is incorrect. Ties are excluded.,mean_seed_selective_error_rate,0.19999999999999996,0.21011673151750973,54,257,0.5924242424242424,0.30151515151515146,0.8833333333333332,5,results/reviewer1_remaining/reliability_calibration/development/raw_parts/ReliabilityShift-boundary-030-calibration-development__rel_b002_l1_e1e8.csv.gz
ReliabilityShift-boundary-030-calibration-development,rel_b002_l1_e1e8,0.02,1.0,1e-08,post_shift_changed_region,action_correctness,Evaluation rows where exactly one branch greedy action equals the analytic optimal action; target=1 means tabular is correct and neural is incorrect. Ties are excluded.,mean_seed_selective_error_rate,0.1,0.11284046692607004,29,257,0.5333333333333334,0.2,0.8666666666666668,5,results/reviewer1_remaining/reliability_calibration/development/raw_parts/ReliabilityShift-boundary-030-calibration-development__rel_b002_l1_e1e8.csv.gz
ReliabilityShift-boundary-030-calibration-development,rel_b002_l20_e1e6,0.02,20.0,1e-06,post_shift_changed_region,action_correctness,Evaluation rows where exactly one branch greedy action equals the analytic optimal action; target=1 means tabular is correct and neural is incorrect. Ties are excluded.,mean_seed_selective_error_rate,1.0,1.0,257,257,0.5868451873329923,0.4230769230769231,0.7512195121951221,5,results/reviewer1_remaining/reliability_calibration/development/raw_parts/ReliabilityShift-boundary-030-calibration-development__rel_b002_l20_e1e6.csv.gz
ReliabilityShift-boundary-030-calibration-development,rel_b002_l20_e1e6,0.02,20.0,1e-06,post_shift_changed_region,action_correctness,Evaluation rows where exactly one branch greedy action equals the analytic optimal action; target=1 means tabular is correct and neural is incorrect. Ties are excluded.,mean_seed_selective_error_rate,0.9,0.9066147859922179,233,257,0.5936860792861351,0.4278620424833749,0.7680575571469748,5,results/reviewer1_remaining/reliability_calibration/development/raw_parts/ReliabilityShift-boundary-030-calibration-development__rel_b002_l20_e1e6.csv.gz
ReliabilityShift-boundary-030-calibration-development,rel_b002_l20_e1e6,0.02,20.0,1e-06,post_shift_changed_region,action_correctness,Evaluation rows where exactly one branch greedy action equals the analytic optimal action; target=1 means tabular is correct and neural is incorrect. Ties are excluded.,mean_seed_selective_error_rate,0.8,0.8054474708171206,207,257,0.6215714487899231,0.46248053969901404,0.7743163340724316,5,results/reviewer1_remaining/reliability_calibration/development/raw_parts/ReliabilityShift-boundary-030-calibration-development__rel_b002_l20_e1e6.csv.gz
ReliabilityShift-boundary-030-calibration-development,rel_b002_l20_e1e6,0.02,20.0,1e-06,post_shift_changed_region,action_correctness,Evaluation rows where exactly one branch greedy action equals the analytic optimal action; target=1 means tabular is correct and neural is incorrect. Ties are excluded.,mean_seed_selective_error_rate,0.7,0.708171206225681,182,257,0.6555837360294887,0.49881851833071356,0.8123489537282641,5,results/reviewer1_remaining/reliability_calibration/development/raw_parts/ReliabilityShift-boundary-030-calibration-development__rel_b002_l20_e1e6.csv.gz
ReliabilityShift-boundary-030-calibration-development,rel_b002_l20_e1e6,0.02,20.0,1e-06,post_shift_changed_region,action_correctness,Evaluation rows where exactly one branch greedy action equals the analytic optimal action; target=1 means tabular is correct and neural is incorrect. Ties are excluded.,mean_seed_selective_error_rate,0.6,0.6070038910505836,156,257,0.6467877042312526,0.4632142857142858,0.8116598240469208,5,results/reviewer1_remaining/reliability_calibration/development/raw_parts/ReliabilityShift-boundary-030-calibration-development__rel_b002_l20_e1e6.csv.gz
ReliabilityShift-boundary-030-calibration-development,rel_b002_l20_e1e6,0.02,20.0,1e-06,post_shift_changed_region,action_correctness,Evaluation rows where exactly one branch greedy action equals the analytic optimal action; target=1 means tabular is correct and neural is incorrect. Ties are excluded.,mean_seed_selective_error_rate,0.5,0.5058365758754864,130,257,0.649545282303903,0.43920045471769614,0.8598901098901098,5,results/reviewer1_remaining/reliability_calibration/development/raw_parts/ReliabilityShift-boundary-030-calibration-development__rel_b002_l20_e1e6.csv.gz
ReliabilityShift-boundary-030-calibration-development,rel_b002_l20_e1e6,0.02,20.0,1e-06,post_shift_changed_region,action_correctness,Evaluation rows where exactly one branch greedy action equals the analytic optimal action; target=1 means tabular is correct and neural is incorrect. Ties are excluded.,mean_seed_selective_error_rate,0.3999999999999999,0.4085603112840467,105,257,0.5948051948051948,0.3567099567099567,0.8329004329004329,5,results/reviewer1_remaining/reliability_calibration/development/raw_parts/ReliabilityShift-boundary-030-calibration-development__rel_b002_l20_e1e6.csv.gz
ReliabilityShift-boundary-030-calibration-development,rel_b002_l20_e1e6,0.02,20.0,1e-06,post_shift_changed_region,action_correctness,Evaluation rows where exactly one branch greedy action equals the analytic optimal action; target=1 means tabular is correct and neural is incorrect. Ties are excluded.,mean_seed_selective_error_rate,0.29999999999999993,0.311284046692607,80,257,0.526797385620915,0.19624183006535947,0.8573529411764707,5,results/reviewer1_remaining/reliability_calibration/development/raw_parts/ReliabilityShift-boundary-030-calibration-development__rel_b002_l20_e1e6.csv.gz
ReliabilityShift-boundary-030-calibration-development,rel_b002_l20_e1e6,0.02,20.0,1e-06,post_shift_changed_region,action_correctness,Evaluation rows where exactly one branch greedy action equals the analytic optimal action; target=1 means tabular is correct and neural is incorrect. Ties are excluded.,mean_seed_selective_error_rate,0.19999999999999996,0.21011673151750973,54,257,0.4696969696969697,0.103030303030303,0.8363636363636363,5,results/reviewer1_remaining/reliability_calibration/development/raw_parts/ReliabilityShift-boundary-030-calibration-development__rel_b002_l20_e1e6.csv.gz
ReliabilityShift-boundary-030-calibration-development,rel_b002_l20_e1e6,0.02,20.0,1e-06,post_shift_changed_region,action_correctness,Evaluation rows where exactly one branch greedy action equals the analytic optimal action; target=1 means tabular is correct and neural is incorrect. Ties are excluded.,mean_seed_selective_error_rate,0.1,0.11284046692607004,29,257,0.4666666666666667,0.06666666666666668,0.8666666666666668,5,results/reviewer1_remaining/reliability_calibration/development/raw_parts/ReliabilityShift-boundary-030-calibration-development__rel_b002_l20_e1e6.csv.gz
ReliabilityShift-boundary-030-calibration-development,rel_b002_l5_e1e6,0.02,5.0,1e-06,post_shift_changed_region,action_correctness,Evaluation rows where exactly one branch greedy action equals the analytic optimal action; target=1 means tabular is correct and neural is incorrect. Ties are excluded.,mean_seed_selective_error_rate,1.0,1.0,257,257,0.6123648400940243,0.4629089301503095,0.7705074292122231,5,results/reviewer1_remaining/reliability_calibration/development/raw_parts/ReliabilityShift-boundary-030-calibration-development__rel_b002_l5_e1e6.csv.gz
ReliabilityShift-boundary-030-calibration-development,rel_b002_l5_e1e6,0.02,5.0,1e-06,post_shift_changed_region,action_correctness,Evaluation rows where exactly one branch greedy action equals the analytic optimal action; target=1 means tabular is correct and neural is incorrect. Ties are excluded.,mean_seed_selective_error_rate,0.9,0.9066147859922179,233,257,0.6382834297477972,0.510031452358927,0.766918918918919,5,results/reviewer1_remaining/reliability_calibration/development/raw_parts/ReliabilityShift-boundary-030-calibration-development__rel_b002_l5_e1e6.csv.gz
ReliabilityShift-boundary-030-calibration-development,rel_b002_l5_e1e6,0.02,5.0,1e-06,post_shift_changed_region,action_correctness,Evaluation rows where exactly one branch greedy action equals the analytic optimal action; target=1 means tabular is correct and neural is incorrect. Ties are excluded.,mean_seed_selective_error_rate,0.8,0.8054474708171206,207,257,0.6593453251470895,0.508695974497739,0.8073972731990378,5,results/reviewer1_remaining/reliability_calibration/development/raw_parts/ReliabilityShift-boundary-030-calibration-development__rel_b002_l5_e1e6.csv.gz
ReliabilityShift-boundary-030-calibration-development,rel_b002_l5_e1e6,0.02,5.0,1e-06,post_shift_changed_region,action_correctness,Evaluation rows where exactly one branch greedy action equals the analytic optimal action; target=1 means tabular is correct and neural is incorrect. Ties are excluded.,mean_seed_selective_error_rate,0.7,0.708171206225681,182,257,0.681779162224915,0.5358247553369504,0.8277335691128794,5,results/reviewer1_remaining/reliability_calibration/development/raw_parts/ReliabilityShift-boundary-030-calibration-development__rel_b002_l5_e1e6.csv.gz
ReliabilityShift-boundary-030-calibration-development,rel_b002_l5_e1e6,0.02,5.0,1e-06,post_shift_changed_region,action_correctness,Evaluation rows where exactly one branch greedy action equals the analytic optimal action; target=1 means tabular is correct and neural is incorrect. Ties are excluded.,mean_seed_selective_error_rate,0.6,0.6070038910505836,156,257,0.6785268817204301,0.51,0.8337204301075269,5,results/reviewer1_remaining/reliability_calibration/development/raw_parts/ReliabilityShift-boundary-030-calibration-development__rel_b002_l5_e1e6.csv.gz
ReliabilityShift-boundary-030-calibration-development,rel_b002_l5_e1e6,0.02,5.0,1e-06,post_shift_changed_region,action_correctness,Evaluation rows where exactly one branch greedy action equals the analytic optimal action; target=1 means tabular is correct and neural is incorrect. Ties are excluded.,mean_seed_selective_error_rate,0.5,0.5058365758754864,130,257,0.6858658582796513,0.5076923076923077,0.8726790450928382,5,results/reviewer1_remaining/reliability_calibration/development/raw_parts/ReliabilityShift-boundary-030-calibration-development__rel_b002_l5_e1e6.csv.gz
ReliabilityShift-boundary-030-calibration-development,rel_b002_l5_e1e6,0.02,5.0,1e-06,post_shift_changed_region,action_correctness,Evaluation rows where exactly one branch greedy action equals the analytic optimal action; target=1 means tabular is correct and neural is incorrect. Ties are excluded.,mean_seed_selective_error_rate,0.3999999999999999,0.4085603112840467,105,257,0.6293290043290043,0.4067099567099567,0.851948051948052,5,results/reviewer1_remaining/reliability_calibration/development/raw_parts/ReliabilityShift-boundary-030-calibration-development__rel_b002_l5_e1e6.csv.gz
ReliabilityShift-boundary-030-calibration-development,rel_b002_l5_e1e6,0.02,5.0,1e-06,post_shift_changed_region,action_correctness,Evaluation rows where exactly one branch greedy action equals the analytic optimal action; target=1 means tabular is correct and neural is incorrect. Ties are excluded.,mean_seed_selective_error_rate,0.29999999999999993,0.311284046692607,80,257,0.6656045751633987,0.4339869281045751,0.8972222222222221,5,results/reviewer1_remaining/reliability_calibration/development/raw_parts/ReliabilityShift-boundary-030-calibration-development__rel_b002_l5_e1e6.csv.gz
ReliabilityShift-boundary-030-calibration-development,rel_b002_l5_e1e6,0.02,5.0,1e-06,post_shift_changed_region,action_correctness,Evaluation rows where exactly one branch greedy action equals the analytic optimal action; target=1 means tabular is correct and neural is incorrect. Ties are excluded.,mean_seed_selective_error_rate,0.19999999999999996,0.21011673151750973,54,257,0.5924242424242424,0.30151515151515146,0.8833333333333332,5,results/reviewer1_remaining/reliability_calibration/development/raw_parts/ReliabilityShift-boundary-030-calibration-development__rel_b002_l5_e1e6.csv.gz
ReliabilityShift-boundary-030-calibration-development,rel_b002_l5_e1e6,0.02,5.0,1e-06,post_shift_changed_region,action_correctness,Evaluation rows where exactly one branch greedy action equals the analytic optimal action; target=1 means tabular is correct and neural is incorrect. Ties are excluded.,mean_seed_selective_error_rate,0.1,0.11284046692607004,29,257,0.5333333333333334,0.2,0.8666666666666668,5,results/reviewer1_remaining/reliability_calibration/development/raw_parts/ReliabilityShift-boundary-030-calibration-development__rel_b002_l5_e1e6.csv.gz
ReliabilityShift-boundary-030-calibration-development,rel_b005_l10_e1e6,0.05,10.0,1e-06,post_shift_changed_region,action_correctness,Evaluation rows where exactly one branch greedy action equals the analytic optimal action; target=1 means tabular is correct and neural is incorrect. Ties are excluded.,mean_seed_selective_error_rate,1.0,1.0,257,257,0.46099726144994035,0.34014950566674707,0.5918864731633742,5,results/reviewer1_remaining/reliability_calibration/development/raw_parts/ReliabilityShift-boundary-030-calibration-development__rel_b005_l10_e1e6.csv.gz
ReliabilityShift-boundary-030-calibration-development,rel_b005_l10_e1e6,0.05,10.0,1e-06,post_shift_changed_region,action_correctness,Evaluation rows where exactly one branch greedy action equals the analytic optimal action; target=1 means tabular is correct and neural is incorrect. Ties are excluded.,mean_seed_selective_error_rate,0.9,0.9066147859922179,233,257,0.45045882214751015,0.3223691776883266,0.5763572267920095,5,results/reviewer1_remaining/reliability_calibration/development/raw_parts/ReliabilityShift-boundary-030-calibration-development__rel_b005_l10_e1e6.csv.gz
ReliabilityShift-boundary-030-calibration-development,rel_b005_l10_e1e6,0.05,10.0,1e-06,post_shift_changed_region,action_correctness,Evaluation rows where exactly one branch greedy action equals the analytic optimal action; target=1 means tabular is correct and neural is incorrect. Ties are excluded.,mean_seed_selective_error_rate,0.8,0.8054474708171206,207,257,0.4054196797839766,0.27802339504467166,0.5367543026079611,5,results/reviewer1_remaining/reliability_calibration/development/raw_parts/ReliabilityShift-boundary-030-calibration-development__rel_b005_l10_e1e6.csv.gz
ReliabilityShift-boundary-030-calibration-development,rel_b005_l10_e1e6,0.05,10.0,1e-06,post_shift_changed_region,action_correctness,Evaluation rows where exactly one branch greedy action equals the analytic optimal action; target=1 means tabular is correct and neural is incorrect. Ties are excluded.,mean_seed_selective_error_rate,0.7,0.708171206225681,182,257,0.398112578516279,0.2399033179520984,0.5832632464255676,5,results/reviewer1_remaining/reliability_calibration/development/raw_parts/ReliabilityShift-boundary-030-calibration-development__rel_b005_l10_e1e6.csv.gz
ReliabilityShift-boundary-030-calibration-development,rel_b005_l10_e1e6,0.05,10.0,1e-06,post_shift_changed_region,action_correctness,Evaluation rows where exactly one branch greedy action equals the analytic optimal action; target=1 means tabular is correct and neural is incorrect. Ties are excluded.,mean_seed_selective_error_rate,0.6,0.6070038910505836,156,257,0.3677717148442955,0.2024134199134199,0.5775725806451614,5,results/reviewer1_remaining/reliability_calibration/development/raw_parts/ReliabilityShift-boundary-030-calibration-development__rel_b005_l10_e1e6.csv.gz
ReliabilityShift-boundary-030-calibration-development,rel_b005_l10_e1e6,0.05,10.0,1e-06,post_shift_changed_region,action_correctness,Evaluation rows where exactly one branch greedy action equals the analytic optimal action; target=1 means tabular is correct and neural is incorrect. Ties are excluded.,mean_seed_selective_error_rate,0.5,0.5058365758754864,130,257,0.33027030440823546,0.15206517620310728,0.5586080586080586,5,results/reviewer1_remaining/reliability_calibration/development/raw_parts/ReliabilityShift-boundary-030-calibration-development__rel_b005_l10_e1e6.csv.gz
ReliabilityShift-boundary-030-calibration-development,rel_b005_l10_e1e6,0.05,10.0,1e-06,post_shift_changed_region,action_correctness,Evaluation rows where exactly one branch greedy action equals the analytic optimal action; target=1 means tabular is correct and neural is incorrect. Ties are excluded.,mean_seed_selective_error_rate,0.3999999999999999,0.4085603112840467,105,257,0.2617392411510059,0.05303030303030305,0.5259103641456583,5,results/reviewer1_remaining/reliability_calibration/development/raw_parts/ReliabilityShift-boundary-030-calibration-development__rel_b005_l10_e1e6.csv.gz
ReliabilityShift-boundary-030-calibration-development,rel_b005_l10_e1e6,0.05,10.0,1e-06,post_shift_changed_region,action_correctness,Evaluation rows where exactly one branch greedy action equals the analytic optimal action; target=1 means tabular is correct and neural is incorrect. Ties are excluded.,mean_seed_selective_error_rate,0.29999999999999993,0.311284046692607,80,257,0.19660633484162898,0.02352941176470589,0.41923076923076924,5,results/reviewer1_remaining/reliability_calibration/development/raw_parts/ReliabilityShift-boundary-030-calibration-development__rel_b005_l10_e1e6.csv.gz
ReliabilityShift-boundary-030-calibration-development,rel_b005_l10_e1e6,0.05,10.0,1e-06,post_shift_changed_region,action_correctness,Evaluation rows where exactly one branch greedy action equals the analytic optimal action; target=1 means tabular is correct and neural is incorrect. Ties are excluded.,mean_seed_selective_error_rate,0.19999999999999996,0.21011673151750973,54,257,0.10707070707070707,0.0,0.28484848484848485,5,results/reviewer1_remaining/reliability_calibration/development/raw_parts/ReliabilityShift-boundary-030-calibration-development__rel_b005_l10_e1e6.csv.gz
ReliabilityShift-boundary-030-calibration-development,rel_b005_l10_e1e6,0.05,10.0,1e-06,post_shift_changed_region,action_correctness,Evaluation rows where exactly one branch greedy action equals the analytic optimal action; target=1 means tabular is correct and neural is incorrect. Ties are excluded.,mean_seed_selective_error_rate,0.1,0.11284046692607004,29,257,0.039999999999999994,0.0,0.11999999999999997,5,results/reviewer1_remaining/reliability_calibration/development/raw_parts/ReliabilityShift-boundary-030-calibration-development__rel_b005_l10_e1e6.csv.gz
ReliabilityShift-boundary-030-calibration-development,rel_b005_l1_e1e6,0.05,1.0,1e-06,post_shift_changed_region,action_correctness,Evaluation rows where exactly one branch greedy action equals the analytic optimal action; target=1 means tabular is correct and neural is incorrect. Ties are excluded.,mean_seed_selective_error_rate,1.0,1.0,257,257,0.46099726144994035,0.34014950566674707,0.5918864731633742,5,results/reviewer1_remaining/reliability_calibration/development/raw_parts/ReliabilityShift-boundary-030-calibration-development__rel_b005_l1_e1e6.csv.gz
ReliabilityShift-boundary-030-calibration-development,rel_b005_l1_e1e6,0.05,1.0,1e-06,post_shift_changed_region,action_correctness,Evaluation rows where exactly one branch greedy action equals the analytic optimal action; target=1 means tabular is correct and neural is incorrect. Ties are excluded.,mean_seed_selective_error_rate,0.9,0.9066147859922179,233,257,0.45045882214751015,0.3245604175030109,0.5939205817794825,5,results/reviewer1_remaining/reliability_calibration/development/raw_parts/ReliabilityShift-boundary-030-calibration-development__rel_b005_l1_e1e6.csv.gz
ReliabilityShift-boundary-030-calibration-development,rel_b005_l1_e1e6,0.05,1.0,1e-06,post_shift_changed_region,action_correctness,Evaluation rows where exactly one branch greedy action equals the analytic optimal action; target=1 means tabular is correct and neural is incorrect. Ties are excluded.,mean_seed_selective_error_rate,0.8,0.8054474708171206,207,257,0.42908183323336413,0.30413558073132546,0.5549361207897794,5,results/reviewer1_remaining/reliability_calibration/development/raw_parts/ReliabilityShift-boundary-030-calibration-development__rel_b005_l1_e1e6.csv.gz
ReliabilityShift-boundary-030-calibration-development,rel_b005_l1_e1e6,0.05,1.0,1e-06,post_shift_changed_region,action_correctness,Evaluation rows where exactly one branch greedy action equals the analytic optimal action; target=1 means tabular is correct and neural is incorrect. Ties are excluded.,mean_seed_selective_error_rate,0.7,0.708171206225681,182,257,0.42094814617943294,0.26665314470192514,0.6038210624417519,5,results/reviewer1_remaining/reliability_calibration/development/raw_parts/ReliabilityShift-boundary-030-calibration-development__rel_b005_l1_e1e6.csv.gz
ReliabilityShift-boundary-030-calibration-development,rel_b005_l1_e1e6,0.05,1.0,1e-06,post_shift_changed_region,action_correctness,Evaluation rows where exactly one branch greedy action equals the analytic optimal action; target=1 means tabular is correct and neural is incorrect. Ties are excluded.,mean_seed_selective_error_rate,0.6,0.6070038910505836,156,257,0.3734860005585812,0.2108982683982684,0.574967741935484,5,results/reviewer1_remaining/reliability_calibration/development/raw_parts/ReliabilityShift-boundary-030-calibration-development__rel_b005_l1_e1e6.csv.gz
ReliabilityShift-boundary-030-calibration-development,rel_b005_l1_e1e6,0.05,1.0,1e-06,post_shift_changed_region,action_correctness,Evaluation rows where exactly one branch greedy action equals the analytic optimal action; target=1 means tabular is correct and neural is incorrect. Ties are excluded.,mean_seed_selective_error_rate,0.5,0.5058365758754864,130,257,0.3456549197928508,0.1508336491095112,0.5802197802197802,5,results/reviewer1_remaining/reliability_calibration/development/raw_parts/ReliabilityShift-boundary-030-calibration-development__rel_b005_l1_e1e6.csv.gz
ReliabilityShift-boundary-030-calibration-development,rel_b005_l1_e1e6,0.05,1.0,1e-06,post_shift_changed_region,action_correctness,Evaluation rows where exactly one branch greedy action equals the analytic optimal action; target=1 means tabular is correct and neural is incorrect. Ties are excluded.,mean_seed_selective_error_rate,0.3999999999999999,0.4085603112840467,105,257,0.289877769289534,0.0987012987012987,0.5282913165266105,5,results/reviewer1_remaining/reliability_calibration/development/raw_parts/ReliabilityShift-boundary-030-calibration-development__rel_b005_l1_e1e6.csv.gz
ReliabilityShift-boundary-030-calibration-development,rel_b005_l1_e1e6,0.05,1.0,1e-06,post_shift_changed_region,action_correctness,Evaluation rows where exactly one branch greedy action equals the analytic optimal action; target=1 means tabular is correct and neural is incorrect. Ties are excluded.,mean_seed_selective_error_rate,0.29999999999999993,0.311284046692607,80,257,0.2438285570638512,0.06797385620915035,0.46645299145299146,5,results/reviewer1_remaining/reliability_calibration/development/raw_parts/ReliabilityShift-boundary-030-calibration-development__rel_b005_l1_e1e6.csv.gz
ReliabilityShift-boundary-030-calibration-development,rel_b005_l1_e1e6,0.05,1.0,1e-06,post_shift_changed_region,action_correctness,Evaluation rows where exactly one branch greedy action equals the analytic optimal action; target=1 means tabular is correct and neural is incorrect. Ties are excluded.,mean_seed_selective_error_rate,0.19999999999999996,0.21011673151750973,54,257,0.1616161616161616,0.018181818181818188,0.32121212121212117,5,results/reviewer1_remaining/reliability_calibration/development/raw_parts/ReliabilityShift-boundary-030-calibration-development__rel_b005_l1_e1e6.csv.gz
ReliabilityShift-boundary-030-calibration-development,rel_b005_l1_e1e6,0.05,1.0,1e-06,post_shift_changed_region,action_correctness,Evaluation rows where exactly one branch greedy action equals the analytic optimal action; target=1 means tabular is correct and neural is incorrect. Ties are excluded.,mean_seed_selective_error_rate,0.1,0.11284046692607004,29,257,0.039999999999999994,0.0,0.11999999999999997,5,results/reviewer1_remaining/reliability_calibration/development/raw_parts/ReliabilityShift-boundary-030-calibration-development__rel_b005_l1_e1e6.csv.gz
ReliabilityShift-boundary-030-calibration-development,rel_b005_l20_e1e4,0.05,20.0,0.0001,post_shift_changed_region,action_correctness,Evaluation rows where exactly one branch greedy action equals the analytic optimal action; target=1 means tabular is correct and neural is incorrect. Ties are excluded.,mean_seed_selective_error_rate,1.0,1.0,257,257,0.46099726144994035,0.34014950566674707,0.6069214381983391,5,results/reviewer1_remaining/reliability_calibration/development/raw_parts/ReliabilityShift-boundary-030-calibration-development__rel_b005_l20_e1e4.csv.gz
ReliabilityShift-boundary-030-calibration-development,rel_b005_l20_e1e4,0.05,20.0,0.0001,post_shift_changed_region,action_correctness,Evaluation rows where exactly one branch greedy action equals the analytic optimal action; target=1 means tabular is correct and neural is incorrect. Ties are excluded.,mean_seed_selective_error_rate,0.9,0.9066147859922179,233,257,0.438203502998574,0.3045780810919309,0.5831991149336195,5,results/reviewer1_remaining/reliability_calibration/development/raw_parts/ReliabilityShift-boundary-030-calibration-development__rel_b005_l20_e1e4.csv.gz
ReliabilityShift-boundary-030-calibration-development,rel_b005_l20_e1e4,0.05,20.0,0.0001,post_shift_changed_region,action_correctness,Evaluation rows where exactly one branch greedy action equals the analytic optimal action; target=1 means tabular is correct and neural is incorrect. Ties are excluded.,mean_seed_selective_error_rate,0.8,0.8054474708171206,207,257,0.39577972624158403,0.26849958552086217,0.543831674293532,5,results/reviewer1_remaining/reliability_calibration/development/raw_parts/ReliabilityShift-boundary-030-calibration-development__rel_b005_l20_e1e4.csv.gz
ReliabilityShift-boundary-030-calibration-development,rel_b005_l20_e1e4,0.05,20.0,0.0001,post_shift_changed_region,action_correctness,Evaluation rows where exactly one branch greedy action equals the analytic optimal action; target=1 means tabular is correct and neural is incorrect. Ties are excluded.,mean_seed_selective_error_rate,0.7,0.708171206225681,182,257,0.37272170922297077,0.20963439987830226,0.5783851976450799,5,results/reviewer1_remaining/reliability_calibration/development/raw_parts/ReliabilityShift-boundary-030-calibration-development__rel_b005_l20_e1e4.csv.gz
ReliabilityShift-boundary-030-calibration-development,rel_b005_l20_e1e4,0.05,20.0,0.0001,post_shift_changed_region,action_correctness,Evaluation rows where exactly one branch greedy action equals the analytic optimal action; target=1 means tabular is correct and neural is incorrect. Ties are excluded.,mean_seed_selective_error_rate,0.6,0.6070038910505836,156,257,0.34155742913000975,0.16598484848484846,0.5623225806451613,5,results/reviewer1_remaining/reliability_calibration/development/raw_parts/ReliabilityShift-boundary-030-calibration-development__rel_b005_l20_e1e4.csv.gz
ReliabilityShift-boundary-030-calibration-development,rel_b005_l20_e1e4,0.05,20.0,0.0001,post_shift_changed_region,action_correctness,Evaluation rows where exactly one branch greedy action equals the analytic optimal action; target=1 means tabular is correct and neural is incorrect. Ties are excluded.,mean_seed_selective_error_rate,0.5,0.5058365758754864,130,257,0.30029682960717446,0.09088669950738919,0.5586080586080586,5,results/reviewer1_remaining/reliability_calibration/development/raw_parts/ReliabilityShift-boundary-030-calibration-development__rel_b005_l20_e1e4.csv.gz
ReliabilityShift-boundary-030-calibration-development,rel_b005_l20_e1e4,0.05,20.0,0.0001,post_shift_changed_region,action_correctness,Evaluation rows where exactly one branch greedy action equals the analytic optimal action; target=1 means tabular is correct and neural is incorrect. Ties are excluded.,mean_seed_selective_error_rate,0.3999999999999999,0.4085603112840467,105,257,0.22483447924624392,0.03484848484848484,0.4806722689075629,5,results/reviewer1_remaining/reliability_calibration/development/raw_parts/ReliabilityShift-boundary-030-calibration-development__rel_b005_l20_e1e4.csv.gz
ReliabilityShift-boundary-030-calibration-development,rel_b005_l20_e1e4,0.05,20.0,0.0001,post_shift_changed_region,action_correctness,Evaluation rows where exactly one branch greedy action equals the analytic optimal action; target=1 means tabular is correct and neural is incorrect. Ties are excluded.,mean_seed_selective_error_rate,0.29999999999999993,0.311284046692607,80,257,0.15910633484162898,0.0125,0.39276018099547516,5,results/reviewer1_remaining/reliability_calibration/development/raw_parts/ReliabilityShift-boundary-030-calibration-development__rel_b005_l20_e1e4.csv.gz
ReliabilityShift-boundary-030-calibration-development,rel_b005_l20_e1e4,0.05,20.0,0.0001,post_shift_changed_region,action_correctness,Evaluation rows where exactly one branch greedy action equals the analytic optimal action; target=1 means tabular is correct and neural is incorrect. Ties are excluded.,mean_seed_selective_error_rate,0.19999999999999996,0.21011673151750973,54,257,0.08888888888888888,0.0,0.26666666666666666,5,results/reviewer1_remaining/reliability_calibration/development/raw_parts/ReliabilityShift-boundary-030-calibration-development__rel_b005_l20_e1e4.csv.gz
ReliabilityShift-boundary-030-calibration-development,rel_b005_l20_e1e4,0.05,20.0,0.0001,post_shift_changed_region,action_correctness,Evaluation rows where exactly one branch greedy action equals the analytic optimal action; target=1 means tabular is correct and neural is incorrect. Ties are excluded.,mean_seed_selective_error_rate,0.1,0.11284046692607004,29,257,0.039999999999999994,0.0,0.11999999999999997,5,results/reviewer1_remaining/reliability_calibration/development/raw_parts/ReliabilityShift-boundary-030-calibration-development__rel_b005_l20_e1e4.csv.gz
ReliabilityShift-boundary-030-calibration-development,rel_b005_l20_e1e8,0.05,20.0,1e-08,post_shift_changed_region,action_correctness,Evaluation rows where exactly one branch greedy action equals the analytic optimal action; target=1 means tabular is correct and neural is incorrect. Ties are excluded.,mean_seed_selective_error_rate,1.0,1.0,257,257,0.46099726144994035,0.34014950566674707,0.6069214381983391,5,results/reviewer1_remaining/reliability_calibration/development/raw_parts/ReliabilityShift-boundary-030-calibration-development__rel_b005_l20_e1e8.csv.gz
ReliabilityShift-boundary-030-calibration-development,rel_b005_l20_e1e8,0.05,20.0,1e-08,post_shift_changed_region,action_correctness,Evaluation rows where exactly one branch greedy action equals the analytic optimal action; target=1 means tabular is correct and neural is incorrect. Ties are excluded.,mean_seed_selective_error_rate,0.9,0.9066147859922179,233,257,0.438203502998574,0.3045780810919309,0.5873090481786134,5,results/reviewer1_remaining/reliability_calibration/development/raw_parts/ReliabilityShift-boundary-030-calibration-development__rel_b005_l20_e1e8.csv.gz
ReliabilityShift-boundary-030-calibration-development,rel_b005_l20_e1e8,0.05,20.0,1e-08,post_shift_changed_region,action_correctness,Evaluation rows where exactly one branch greedy action equals the analytic optimal action; target=1 means tabular is correct and neural is incorrect. Ties are excluded.,mean_seed_selective_error_rate,0.8,0.8054474708171206,207,257,0.39577972624158403,0.26443768996960487,0.5438316742935321,5,results/reviewer1_remaining/reliability_calibration/development/raw_parts/ReliabilityShift-boundary-030-calibration-development__rel_b005_l20_e1e8.csv.gz
ReliabilityShift-boundary-030-calibration-development,rel_b005_l20_e1e8,0.05,20.0,1e-08,post_shift_changed_region,action_correctness,Evaluation rows where exactly one branch greedy action equals the analytic optimal action; target=1 means tabular is correct and neural is incorrect. Ties are excluded.,mean_seed_selective_error_rate,0.7,0.708171206225681,182,257,0.37272170922297077,0.20963439987830226,0.5358090185676392,5,results/reviewer1_remaining/reliability_calibration/development/raw_parts/ReliabilityShift-boundary-030-calibration-development__rel_b005_l20_e1e8.csv.gz
ReliabilityShift-boundary-030-calibration-development,rel_b005_l20_e1e8,0.05,20.0,1e-08,post_shift_changed_region,action_correctness,Evaluation rows where exactly one branch greedy action equals the analytic optimal action; target=1 means tabular is correct and neural is incorrect. Ties are excluded.,mean_seed_selective_error_rate,0.6,0.6070038910505836,156,257,0.34155742913000975,0.16598484848484846,0.5410725806451613,5,results/reviewer1_remaining/reliability_calibration/development/raw_parts/ReliabilityShift-boundary-030-calibration-development__rel_b005_l20_e1e8.csv.gz
ReliabilityShift-boundary-030-calibration-development,rel_b005_l20_e1e8,0.05,20.0,1e-08,post_shift_changed_region,action_correctness,Evaluation rows where exactly one branch greedy action equals the analytic optimal action; target=1 means tabular is correct and neural is incorrect. Ties are excluded.,mean_seed_selective_error_rate,0.5,0.5058365758754864,130,257,0.30029682960717446,0.09088669950738919,0.5693444486547935,5,results/reviewer1_remaining/reliability_calibration/development/raw_parts/ReliabilityShift-boundary-030-calibration-development__rel_b005_l20_e1e8.csv.gz
ReliabilityShift-boundary-030-calibration-development,rel_b005_l20_e1e8,0.05,20.0,1e-08,post_shift_changed_region,action_correctness,Evaluation rows where exactly one branch greedy action equals the analytic optimal action; target=1 means tabular is correct and neural is incorrect. Ties are excluded.,mean_seed_selective_error_rate,0.3999999999999999,0.4085603112840467,105,257,0.22483447924624392,0.03484848484848484,0.48900560224089623,5,results/reviewer1_remaining/reliability_calibration/development/raw_parts/ReliabilityShift-boundary-030-calibration-development__rel_b005_l20_e1e8.csv.gz
ReliabilityShift-boundary-030-calibration-development,rel_b005_l20_e1e8,0.05,20.0,1e-08,post_shift_changed_region,action_correctness,Evaluation rows where exactly one branch greedy action equals the analytic optimal action; target=1 means tabular is correct and neural is incorrect. Ties are excluded.,mean_seed_selective_error_rate,0.29999999999999993,0.311284046692607,80,257,0.15910633484162898,0.0125,0.39276018099547516,5,results/reviewer1_remaining/reliability_calibration/development/raw_parts/ReliabilityShift-boundary-030-calibration-development__rel_b005_l20_e1e8.csv.gz
ReliabilityShift-boundary-030-calibration-development,rel_b005_l20_e1e8,0.05,20.0,1e-08,post_shift_changed_region,action_correctness,Evaluation rows where exactly one branch greedy action equals the analytic optimal action; target=1 means tabular is correct and neural is incorrect. Ties are excluded.,mean_seed_selective_error_rate,0.19999999999999996,0.21011673151750973,54,257,0.08888888888888888,0.0,0.26666666666666666,5,results/reviewer1_remaining/reliability_calibration/development/raw_parts/ReliabilityShift-boundary-030-calibration-development__rel_b005_l20_e1e8.csv.gz
ReliabilityShift-boundary-030-calibration-development,rel_b005_l20_e1e8,0.05,20.0,1e-08,post_shift_changed_region,action_correctness,Evaluation rows where exactly one branch greedy action equals the analytic optimal action; target=1 means tabular is correct and neural is incorrect. Ties are excluded.,mean_seed_selective_error_rate,0.1,0.11284046692607004,29,257,0.039999999999999994,0.0,0.11999999999999997,5,results/reviewer1_remaining/reliability_calibration/development/raw_parts/ReliabilityShift-boundary-030-calibration-development__rel_b005_l20_e1e8.csv.gz
ReliabilityShift-boundary-030-calibration-development,rel_b005_l5_e1e4,0.05,5.0,0.0001,post_shift_changed_region,action_correctness,Evaluation rows where exactly one branch greedy action equals the analytic optimal action; target=1 means tabular is correct and neural is incorrect. Ties are excluded.,mean_seed_selective_error_rate,1.0,1.0,257,257,0.46099726144994035,0.34014950566674707,0.612338593974175,5,results/reviewer1_remaining/reliability_calibration/development/raw_parts/ReliabilityShift-boundary-030-calibration-development__rel_b005_l5_e1e4.csv.gz
ReliabilityShift-boundary-030-calibration-development,rel_b005_l5_e1e4,0.05,5.0,0.0001,post_shift_changed_region,action_correctness,Evaluation rows where exactly one branch greedy action equals the analytic optimal action; target=1 means tabular is correct and neural is incorrect. Ties are excluded.,mean_seed_selective_error_rate,0.9,0.9066147859922179,233,257,0.45045882214751015,0.3245604175030109,0.5763572267920093,5,results/reviewer1_remaining/reliability_calibration/development/raw_parts/ReliabilityShift-boundary-030-calibration-development__rel_b005_l5_e1e4.csv.gz
ReliabilityShift-boundary-030-calibration-development,rel_b005_l5_e1e4,0.05,5.0,0.0001,post_shift_changed_region,action_correctness,Evaluation rows where exactly one branch greedy action equals the analytic optimal action; target=1 means tabular is correct and neural is incorrect. Ties are excluded.,mean_seed_selective_error_rate,0.8,0.8054474708171206,207,257,0.4054196797839766,0.27802339504467166,0.5487097230740199,5,results/reviewer1_remaining/reliability_calibration/development/raw_parts/ReliabilityShift-boundary-030-calibration-development__rel_b005_l5_e1e4.csv.gz
ReliabilityShift-boundary-030-calibration-development,rel_b005_l5_e1e4,0.05,5.0,0.0001,post_shift_changed_region,action_correctness,Evaluation rows where exactly one branch greedy action equals the analytic optimal action; target=1 means tabular is correct and neural is incorrect. Ties are excluded.,mean_seed_selective_error_rate,0.7,0.708171206225681,182,257,0.40892338932708994,0.2615249395737201,0.5832632464255677,5,results/reviewer1_remaining/reliability_calibration/development/raw_parts/ReliabilityShift-boundary-030-calibration-development__rel_b005_l5_e1e4.csv.gz
ReliabilityShift-boundary-030-calibration-development,rel_b005_l5_e1e4,0.05,5.0,0.0001,post_shift_changed_region,action_correctness,Evaluation rows where exactly one branch greedy action equals the analytic optimal action; target=1 means tabular is correct and neural is incorrect. Ties are excluded.,mean_seed_selective_error_rate,0.6,0.6070038910505836,156,257,0.3734860005585812,0.2108982683982684,0.5775725806451613,5,results/reviewer1_remaining/reliability_calibration/development/raw_parts/ReliabilityShift-boundary-030-calibration-development__rel_b005_l5_e1e4.csv.gz
ReliabilityShift-boundary-030-calibration-development,rel_b005_l5_e1e4,0.05,5.0,0.0001,post_shift_changed_region,action_correctness,Evaluation rows where exactly one branch greedy action equals the analytic optimal action; target=1 means tabular is correct and neural is incorrect. Ties are excluded.,mean_seed_selective_error_rate,0.5,0.5058365758754864,130,257,0.3456549197928508,0.1508336491095112,0.5805049261083728,5,results/reviewer1_remaining/reliability_calibration/development/raw_parts/ReliabilityShift-boundary-030-calibration-development__rel_b005_l5_e1e4.csv.gz
ReliabilityShift-boundary-030-calibration-development,rel_b005_l5_e1e4,0.05,5.0,0.0001,post_shift_changed_region,action_correctness,Evaluation rows where exactly one branch greedy action equals the analytic optimal action; target=1 means tabular is correct and neural is incorrect. Ties are excluded.,mean_seed_selective_error_rate,0.3999999999999999,0.4085603112840467,105,257,0.2708301502419149,0.06060606060606062,0.5259103641456582,5,results/reviewer1_remaining/reliability_calibration/development/raw_parts/ReliabilityShift-boundary-030-calibration-development__rel_b005_l5_e1e4.csv.gz
ReliabilityShift-boundary-030-calibration-development,rel_b005_l5_e1e4,0.05,5.0,0.0001,post_shift_changed_region,action_correctness,Evaluation rows where exactly one branch greedy action equals the analytic optimal action; target=1 means tabular is correct and neural is incorrect. Ties are excluded.,mean_seed_selective_error_rate,0.29999999999999993,0.311284046692607,80,257,0.22160633484162898,0.02352941176470589,0.44423076923076926,5,results/reviewer1_remaining/reliability_calibration/development/raw_parts/ReliabilityShift-boundary-030-calibration-development__rel_b005_l5_e1e4.csv.gz
ReliabilityShift-boundary-030-calibration-development,rel_b005_l5_e1e4,0.05,5.0,0.0001,post_shift_changed_region,action_correctness,Evaluation rows where exactly one branch greedy action equals the analytic optimal action; target=1 means tabular is correct and neural is incorrect. Ties are excluded.,mean_seed_selective_error_rate,0.19999999999999996,0.21011673151750973,54,257,0.1616161616161616,0.018181818181818188,0.32121212121212117,5,results/reviewer1_remaining/reliability_calibration/development/raw_parts/ReliabilityShift-boundary-030-calibration-development__rel_b005_l5_e1e4.csv.gz
ReliabilityShift-boundary-030-calibration-development,rel_b005_l5_e1e4,0.05,5.0,0.0001,post_shift_changed_region,action_correctness,Evaluation rows where exactly one branch greedy action equals the analytic optimal action; target=1 means tabular is correct and neural is incorrect. Ties are excluded.,mean_seed_selective_error_rate,0.1,0.11284046692607004,29,257,0.039999999999999994,0.0,0.11999999999999997,5,results/reviewer1_remaining/reliability_calibration/development/raw_parts/ReliabilityShift-boundary-030-calibration-development__rel_b005_l5_e1e4.csv.gz
ReliabilityShift-boundary-030-calibration-development,rel_b005_l5_e1e8,0.05,5.0,1e-08,post_shift_changed_region,action_correctness,Evaluation rows where exactly one branch greedy action equals the analytic optimal action; target=1 means tabular is correct and neural is incorrect. Ties are excluded.,mean_seed_selective_error_rate,1.0,1.0,257,257,0.46099726144994035,0.34014950566674707,0.6069214381983391,5,results/reviewer1_remaining/reliability_calibration/development/raw_parts/ReliabilityShift-boundary-030-calibration-development__rel_b005_l5_e1e8.csv.gz
ReliabilityShift-boundary-030-calibration-development,rel_b005_l5_e1e8,0.05,5.0,1e-08,post_shift_changed_region,action_correctness,Evaluation rows where exactly one branch greedy action equals the analytic optimal action; target=1 means tabular is correct and neural is incorrect. Ties are excluded.,mean_seed_selective_error_rate,0.9,0.9066147859922179,233,257,0.45045882214751015,0.3245604175030109,0.5766310223266731,5,results/reviewer1_remaining/reliability_calibration/development/raw_parts/ReliabilityShift-boundary-030-calibration-development__rel_b005_l5_e1e8.csv.gz
ReliabilityShift-boundary-030-calibration-development,rel_b005_l5_e1e8,0.05,5.0,1e-08,post_shift_changed_region,action_correctness,Evaluation rows where exactly one branch greedy action equals the analytic optimal action; target=1 means tabular is correct and neural is incorrect. Ties are excluded.,mean_seed_selective_error_rate,0.8,0.8054474708171206,207,257,0.4054196797839766,0.2820852905959289,0.5527716186252771,5,results/reviewer1_remaining/reliability_calibration/development/raw_parts/ReliabilityShift-boundary-030-calibration-development__rel_b005_l5_e1e8.csv.gz
ReliabilityShift-boundary-030-calibration-development,rel_b005_l5_e1e8,0.05,5.0,1e-08,post_shift_changed_region,action_correctness,Evaluation rows where exactly one branch greedy action equals the analytic optimal action; target=1 means tabular is correct and neural is incorrect. Ties are excluded.,mean_seed_selective_error_rate,0.7,0.708171206225681,182,257,0.40892338932708994,0.2615249395737201,0.5831314072693383,5,results/reviewer1_remaining/reliability_calibration/development/raw_parts/ReliabilityShift-boundary-030-calibration-development__rel_b005_l5_e1e8.csv.gz
ReliabilityShift-boundary-030-calibration-development,rel_b005_l5_e1e8,0.05,5.0,1e-08,post_shift_changed_region,action_correctness,Evaluation rows where exactly one branch greedy action equals the analytic optimal action; target=1 means tabular is correct and neural is incorrect. Ties are excluded.,mean_seed_selective_error_rate,0.6,0.6070038910505836,156,257,0.3734860005585812,0.21384199134199133,0.574967741935484,5,results/reviewer1_remaining/reliability_calibration/development/raw_parts/ReliabilityShift-boundary-030-calibration-development__rel_b005_l5_e1e8.csv.gz
ReliabilityShift-boundary-030-calibration-development,rel_b005_l5_e1e8,0.05,5.0,1e-08,post_shift_changed_region,action_correctness,Evaluation rows where exactly one branch greedy action equals the analytic optimal action; target=1 means tabular is correct and neural is incorrect. Ties are excluded.,mean_seed_selective_error_rate,0.5,0.5058365758754864,130,257,0.3456549197928508,0.1508336491095112,0.5802197802197802,5,results/reviewer1_remaining/reliability_calibration/development/raw_parts/ReliabilityShift-boundary-030-calibration-development__rel_b005_l5_e1e8.csv.gz
ReliabilityShift-boundary-030-calibration-development,rel_b005_l5_e1e8,0.05,5.0,1e-08,post_shift_changed_region,action_correctness,Evaluation rows where exactly one branch greedy action equals the analytic optimal action; target=1 means tabular is correct and neural is incorrect. Ties are excluded.,mean_seed_selective_error_rate,0.3999999999999999,0.4085603112840467,105,257,0.2708301502419149,0.06060606060606062,0.5259103641456583,5,results/reviewer1_remaining/reliability_calibration/development/raw_parts/ReliabilityShift-boundary-030-calibration-development__rel_b005_l5_e1e8.csv.gz
ReliabilityShift-boundary-030-calibration-development,rel_b005_l5_e1e8,0.05,5.0,1e-08,post_shift_changed_region,action_correctness,Evaluation rows where exactly one branch greedy action equals the analytic optimal action; target=1 means tabular is correct and neural is incorrect. Ties are excluded.,mean_seed_selective_error_rate,0.29999999999999993,0.311284046692607,80,257,0.22160633484162898,0.02352941176470589,0.44423076923076926,5,results/reviewer1_remaining/reliability_calibration/development/raw_parts/ReliabilityShift-boundary-030-calibration-development__rel_b005_l5_e1e8.csv.gz
ReliabilityShift-boundary-030-calibration-development,rel_b005_l5_e1e8,0.05,5.0,1e-08,post_shift_changed_region,action_correctness,Evaluation rows where exactly one branch greedy action equals the analytic optimal action; target=1 means tabular is correct and neural is incorrect. Ties are excluded.,mean_seed_selective_error_rate,0.19999999999999996,0.21011673151750973,54,257,0.1616161616161616,0.018181818181818188,0.32121212121212117,5,results/reviewer1_remaining/reliability_calibration/development/raw_parts/ReliabilityShift-boundary-030-calibration-development__rel_b005_l5_e1e8.csv.gz
ReliabilityShift-boundary-030-calibration-development,rel_b005_l5_e1e8,0.05,5.0,1e-08,post_shift_changed_region,action_correctness,Evaluation rows where exactly one branch greedy action equals the analytic optimal action; target=1 means tabular is correct and neural is incorrect. Ties are excluded.,mean_seed_selective_error_rate,0.1,0.11284046692607004,29,257,0.039999999999999994,0.0,0.11999999999999997,5,results/reviewer1_remaining/reliability_calibration/development/raw_parts/ReliabilityShift-boundary-030-calibration-development__rel_b005_l5_e1e8.csv.gz
ReliabilityShift-boundary-030-calibration-development,rel_b010_l10_e1e4,0.1,10.0,0.0001,post_shift_changed_region,action_correctness,Evaluation rows where exactly one branch greedy action equals the analytic optimal action; target=1 means tabular is correct and neural is incorrect. Ties are excluded.,mean_seed_selective_error_rate,1.0,1.0,257,257,0.27071328809714995,0.2020159151193634,0.3602209221787955,5,results/reviewer1_remaining/reliability_calibration/development/raw_parts/ReliabilityShift-boundary-030-calibration-development__rel_b010_l10_e1e4.csv.gz
ReliabilityShift-boundary-030-calibration-development,rel_b010_l10_e1e4,0.1,10.0,0.0001,post_shift_changed_region,action_correctness,Evaluation rows where exactly one branch greedy action equals the analytic optimal action; target=1 means tabular is correct and neural is incorrect. Ties are excluded.,mean_seed_selective_error_rate,0.9,0.9066147859922179,233,257,0.24775009635156603,0.16693054997992773,0.3461698778351773,5,results/reviewer1_remaining/reliability_calibration/development/raw_parts/ReliabilityShift-boundary-030-calibration-development__rel_b010_l10_e1e4.csv.gz
ReliabilityShift-boundary-030-calibration-development,rel_b010_l10_e1e4,0.1,10.0,0.0001,post_shift_changed_region,action_correctness,Evaluation rows where exactly one branch greedy action equals the analytic optimal action; target=1 means tabular is correct and neural is incorrect. Ties are excluded.,mean_seed_selective_error_rate,0.8,0.8054474708171206,207,257,0.23122802642781887,0.12199042092659115,0.35741850261829505,5,results/reviewer1_remaining/reliability_calibration/development/raw_parts/ReliabilityShift-boundary-030-calibration-development__rel_b010_l10_e1e4.csv.gz
ReliabilityShift-boundary-030-calibration-development,rel_b010_l10_e1e4,0.1,10.0,0.0001,post_shift_changed_region,action_correctness,Evaluation rows where exactly one branch greedy action equals the analytic optimal action; target=1 means tabular is correct and neural is incorrect. Ties are excluded.,mean_seed_selective_error_rate,0.7,0.708171206225681,182,257,0.2407040378024398,0.11683315585754608,0.38544061302682,5,results/reviewer1_remaining/reliability_calibration/development/raw_parts/ReliabilityShift-boundary-030-calibration-development__rel_b010_l10_e1e4.csv.gz
ReliabilityShift-boundary-030-calibration-development,rel_b010_l10_e1e4,0.1,10.0,0.0001,post_shift_changed_region,action_correctness,Evaluation rows where exactly one branch greedy action equals the analytic optimal action; target=1 means tabular is correct and neural is incorrect. Ties are excluded.,mean_seed_selective_error_rate,0.6,0.6070038910505836,156,257,0.217670751291719,0.047478354978354974,0.4021209677419355,5,results/reviewer1_remaining/reliability_calibration/development/raw_parts/ReliabilityShift-boundary-030-calibration-development__rel_b010_l10_e1e4.csv.gz
ReliabilityShift-boundary-030-calibration-development,rel_b010_l10_e1e4,0.1,10.0,0.0001,post_shift_changed_region,action_correctness,Evaluation rows where exactly one branch greedy action equals the analytic optimal action; target=1 means tabular is correct and neural is incorrect. Ties are excluded.,mean_seed_selective_error_rate,0.5,0.5058365758754864,130,257,0.16153846153846155,0.01428571428571428,0.3186813186813187,5,results/reviewer1_remaining/reliability_calibration/development/raw_parts/ReliabilityShift-boundary-030-calibration-development__rel_b010_l10_e1e4.csv.gz
ReliabilityShift-boundary-030-calibration-development,rel_b010_l10_e1e4,0.1,10.0,0.0001,post_shift_changed_region,action_correctness,Evaluation rows where exactly one branch greedy action equals the analytic optimal action; target=1 means tabular is correct and neural is incorrect. Ties are excluded.,mean_seed_selective_error_rate,0.3999999999999999,0.4085603112840467,105,257,0.09915966386554623,0.0,0.2403361344537815,5,results/reviewer1_remaining/reliability_calibration/development/raw_parts/ReliabilityShift-boundary-030-calibration-development__rel_b010_l10_e1e4.csv.gz
ReliabilityShift-boundary-030-calibration-development,rel_b010_l10_e1e4,0.1,10.0,0.0001,post_shift_changed_region,action_correctness,Evaluation rows where exactly one branch greedy action equals the analytic optimal action; target=1 means tabular is correct and neural is incorrect. Ties are excluded.,mean_seed_selective_error_rate,0.29999999999999993,0.311284046692607,80,257,0.04615384615384614,0.0,0.13846153846153844,5,results/reviewer1_remaining/reliability_calibration/development/raw_parts/ReliabilityShift-boundary-030-calibration-development__rel_b010_l10_e1e4.csv.gz
ReliabilityShift-boundary-030-calibration-development,rel_b010_l10_e1e4,0.1,10.0,0.0001,post_shift_changed_region,action_correctness,Evaluation rows where exactly one branch greedy action equals the analytic optimal action; target=1 means tabular is correct and neural is incorrect. Ties are excluded.,mean_seed_selective_error_rate,0.19999999999999996,0.21011673151750973,54,257,0.04444444444444444,0.0,0.13333333333333333,5,results/reviewer1_remaining/reliability_calibration/development/raw_parts/ReliabilityShift-boundary-030-calibration-development__rel_b010_l10_e1e4.csv.gz
ReliabilityShift-boundary-030-calibration-development,rel_b010_l10_e1e4,0.1,10.0,0.0001,post_shift_changed_region,action_correctness,Evaluation rows where exactly one branch greedy action equals the analytic optimal action; target=1 means tabular is correct and neural is incorrect. Ties are excluded.,mean_seed_selective_error_rate,0.1,0.11284046692607004,29,257,0.0,0.0,0.0,5,results/reviewer1_remaining/reliability_calibration/development/raw_parts/ReliabilityShift-boundary-030-calibration-development__rel_b010_l10_e1e4.csv.gz
ReliabilityShift-boundary-030-calibration-development,rel_b010_l10_e1e8,0.1,10.0,1e-08,post_shift_changed_region,action_correctness,Evaluation rows where exactly one branch greedy action equals the analytic optimal action; target=1 means tabular is correct and neural is incorrect. Ties are excluded.,mean_seed_selective_error_rate,1.0,1.0,257,257,0.27071328809714995,0.2020159151193634,0.3557223264540338,5,results/reviewer1_remaining/reliability_calibration/development/raw_parts/ReliabilityShift-boundary-030-calibration-development__rel_b010_l10_e1e8.csv.gz
ReliabilityShift-boundary-030-calibration-development,rel_b010_l10_e1e8,0.1,10.0,1e-08,post_shift_changed_region,action_correctness,Evaluation rows where exactly one branch greedy action equals the analytic optimal action; target=1 means tabular is correct and neural is incorrect. Ties are excluded.,mean_seed_selective_error_rate,0.9,0.9066147859922179,233,257,0.24775009635156603,0.16693054997992773,0.3479811985898943,5,results/reviewer1_remaining/reliability_calibration/development/raw_parts/ReliabilityShift-boundary-030-calibration-development__rel_b010_l10_e1e8.csv.gz
ReliabilityShift-boundary-030-calibration-development,rel_b010_l10_e1e8,0.1,10.0,1e-08,post_shift_changed_region,action_correctness,Evaluation rows where exactly one branch greedy action equals the analytic optimal action; target=1 means tabular is correct and neural is incorrect. Ties are excluded.,mean_seed_selective_error_rate,0.8,0.8054474708171206,207,257,0.23122802642781887,0.12446002578981304,0.359951430683138,5,results/reviewer1_remaining/reliability_calibration/development/raw_parts/ReliabilityShift-boundary-030-calibration-development__rel_b010_l10_e1e8.csv.gz
ReliabilityShift-boundary-030-calibration-development,rel_b010_l10_e1e8,0.1,10.0,1e-08,post_shift_changed_region,action_correctness,Evaluation rows where exactly one branch greedy action equals the analytic optimal action; target=1 means tabular is correct and neural is incorrect. Ties are excluded.,mean_seed_selective_error_rate,0.7,0.708171206225681,182,257,0.2407040378024398,0.11683315585754608,0.3854612886646107,5,results/reviewer1_remaining/reliability_calibration/development/raw_parts/ReliabilityShift-boundary-030-calibration-development__rel_b010_l10_e1e8.csv.gz
ReliabilityShift-boundary-030-calibration-development,rel_b010_l10_e1e8,0.1,10.0,1e-08,post_shift_changed_region,action_correctness,Evaluation rows where exactly one branch greedy action equals the analytic optimal action; target=1 means tabular is correct and neural is incorrect. Ties are excluded.,mean_seed_selective_error_rate,0.6,0.6070038910505836,156,257,0.217670751291719,0.04746103896103896,0.4021209677419355,5,results/reviewer1_remaining/reliability_calibration/development/raw_parts/ReliabilityShift-boundary-030-calibration-development__rel_b010_l10_e1e8.csv.gz
ReliabilityShift-boundary-030-calibration-development,rel_b010_l10_e1e8,0.1,10.0,1e-08,post_shift_changed_region,action_correctness,Evaluation rows where exactly one branch greedy action equals the analytic optimal action; target=1 means tabular is correct and neural is incorrect. Ties are excluded.,mean_seed_selective_error_rate,0.5,0.5058365758754864,130,257,0.16153846153846155,0.01428571428571428,0.3186813186813187,5,results/reviewer1_remaining/reliability_calibration/development/raw_parts/ReliabilityShift-boundary-030-calibration-development__rel_b010_l10_e1e8.csv.gz
ReliabilityShift-boundary-030-calibration-development,rel_b010_l10_e1e8,0.1,10.0,1e-08,post_shift_changed_region,action_correctness,Evaluation rows where exactly one branch greedy action equals the analytic optimal action; target=1 means tabular is correct and neural is incorrect. Ties are excluded.,mean_seed_selective_error_rate,0.3999999999999999,0.4085603112840467,105,257,0.09915966386554623,0.0,0.2403361344537815,5,results/reviewer1_remaining/reliability_calibration/development/raw_parts/ReliabilityShift-boundary-030-calibration-development__rel_b010_l10_e1e8.csv.gz
ReliabilityShift-boundary-030-calibration-development,rel_b010_l10_e1e8,0.1,10.0,1e-08,post_shift_changed_region,action_correctness,Evaluation rows where exactly one branch greedy action equals the analytic optimal action; target=1 means tabular is correct and neural is incorrect. Ties are excluded.,mean_seed_selective_error_rate,0.29999999999999993,0.311284046692607,80,257,0.04615384615384614,0.0,0.13846153846153844,5,results/reviewer1_remaining/reliability_calibration/development/raw_parts/ReliabilityShift-boundary-030-calibration-development__rel_b010_l10_e1e8.csv.gz
ReliabilityShift-boundary-030-calibration-development,rel_b010_l10_e1e8,0.1,10.0,1e-08,post_shift_changed_region,action_correctness,Evaluation rows where exactly one branch greedy action equals the analytic optimal action; target=1 means tabular is correct and neural is incorrect. Ties are excluded.,mean_seed_selective_error_rate,0.19999999999999996,0.21011673151750973,54,257,0.04444444444444444,0.0,0.13333333333333333,5,results/reviewer1_remaining/reliability_calibration/development/raw_parts/ReliabilityShift-boundary-030-calibration-development__rel_b010_l10_e1e8.csv.gz
ReliabilityShift-boundary-030-calibration-development,rel_b010_l10_e1e8,0.1,10.0,1e-08,post_shift_changed_region,action_correctness,Evaluation rows where exactly one branch greedy action equals the analytic optimal action; target=1 means tabular is correct and neural is incorrect. Ties are excluded.,mean_seed_selective_error_rate,0.1,0.11284046692607004,29,257,0.0,0.0,0.0,5,results/reviewer1_remaining/reliability_calibration/development/raw_parts/ReliabilityShift-boundary-030-calibration-development__rel_b010_l10_e1e8.csv.gz
ReliabilityShift-boundary-030-calibration-development,rel_b010_l1_e1e4,0.1,1.0,0.0001,post_shift_changed_region,action_correctness,Evaluation rows where exactly one branch greedy action equals the analytic optimal action; target=1 means tabular is correct and neural is incorrect. Ties are excluded.,mean_seed_selective_error_rate,1.0,1.0,257,257,0.2609571905361744,0.20196551724137932,0.33296987087517926,5,results/reviewer1_remaining/reliability_calibration/development/raw_parts/ReliabilityShift-boundary-030-calibration-development__rel_b010_l1_e1e4.csv.gz
ReliabilityShift-boundary-030-calibration-development,rel_b010_l1_e1e4,0.1,1.0,0.0001,post_shift_changed_region,action_correctness,Evaluation rows where exactly one branch greedy action equals the analytic optimal action; target=1 means tabular is correct and neural is incorrect. Ties are excluded.,mean_seed_selective_error_rate,0.9,0.9066147859922179,233,257,0.26352368125722636,0.19703091128061018,0.34994346274083765,5,results/reviewer1_remaining/reliability_calibration/development/raw_parts/ReliabilityShift-boundary-030-calibration-development__rel_b010_l1_e1e4.csv.gz
ReliabilityShift-boundary-030-calibration-development,rel_b010_l1_e1e4,0.1,1.0,0.0001,post_shift_changed_region,action_correctness,Evaluation rows where exactly one branch greedy action equals the analytic optimal action; target=1 means tabular is correct and neural is incorrect. Ties are excluded.,mean_seed_selective_error_rate,0.8,0.8054474708171206,207,257,0.24450056948759596,0.14853550704614535,0.3659291409161674,5,results/reviewer1_remaining/reliability_calibration/development/raw_parts/ReliabilityShift-boundary-030-calibration-development__rel_b010_l1_e1e4.csv.gz
ReliabilityShift-boundary-030-calibration-development,rel_b010_l1_e1e4,0.1,1.0,0.0001,post_shift_changed_region,action_correctness,Evaluation rows where exactly one branch greedy action equals the analytic optimal action; target=1 means tabular is correct and neural is incorrect. Ties are excluded.,mean_seed_selective_error_rate,0.7,0.708171206225681,182,257,0.24610944320784522,0.11836113787333298,0.38626763853845436,5,results/reviewer1_remaining/reliability_calibration/development/raw_parts/ReliabilityShift-boundary-030-calibration-development__rel_b010_l1_e1e4.csv.gz
ReliabilityShift-boundary-030-calibration-development,rel_b010_l1_e1e4,0.1,1.0,0.0001,post_shift_changed_region,action_correctness,Evaluation rows where exactly one branch greedy action equals the analytic optimal action; target=1 means tabular is correct and neural is incorrect. Ties are excluded.,mean_seed_selective_error_rate,0.6,0.6070038910505836,156,257,0.217670751291719,0.047478354978354974,0.4072995391705069,5,results/reviewer1_remaining/reliability_calibration/development/raw_parts/ReliabilityShift-boundary-030-calibration-development__rel_b010_l1_e1e4.csv.gz
ReliabilityShift-boundary-030-calibration-development,rel_b010_l1_e1e4,0.1,1.0,0.0001,post_shift_changed_region,action_correctness,Evaluation rows where exactly one branch greedy action equals the analytic optimal action; target=1 means tabular is correct and neural is incorrect. Ties are excluded.,mean_seed_selective_error_rate,0.5,0.5058365758754864,130,257,0.16153846153846155,0.01428571428571428,0.3186813186813187,5,results/reviewer1_remaining/reliability_calibration/development/raw_parts/ReliabilityShift-boundary-030-calibration-development__rel_b010_l1_e1e4.csv.gz
ReliabilityShift-boundary-030-calibration-development,rel_b010_l1_e1e4,0.1,1.0,0.0001,post_shift_changed_region,action_correctness,Evaluation rows where exactly one branch greedy action equals the analytic optimal action; target=1 means tabular is correct and neural is incorrect. Ties are excluded.,mean_seed_selective_error_rate,0.3999999999999999,0.4085603112840467,105,257,0.09915966386554623,0.0,0.2403361344537815,5,results/reviewer1_remaining/reliability_calibration/development/raw_parts/ReliabilityShift-boundary-030-calibration-development__rel_b010_l1_e1e4.csv.gz
ReliabilityShift-boundary-030-calibration-development,rel_b010_l1_e1e4,0.1,1.0,0.0001,post_shift_changed_region,action_correctness,Evaluation rows where exactly one branch greedy action equals the analytic optimal action; target=1 means tabular is correct and neural is incorrect. Ties are excluded.,mean_seed_selective_error_rate,0.29999999999999993,0.311284046692607,80,257,0.04615384615384614,0.0,0.13846153846153844,5,results/reviewer1_remaining/reliability_calibration/development/raw_parts/ReliabilityShift-boundary-030-calibration-development__rel_b010_l1_e1e4.csv.gz
ReliabilityShift-boundary-030-calibration-development,rel_b010_l1_e1e4,0.1,1.0,0.0001,post_shift_changed_region,action_correctness,Evaluation rows where exactly one branch greedy action equals the analytic optimal action; target=1 means tabular is correct and neural is incorrect. Ties are excluded.,mean_seed_selective_error_rate,0.19999999999999996,0.21011673151750973,54,257,0.04444444444444444,0.0,0.13333333333333333,5,results/reviewer1_remaining/reliability_calibration/development/raw_parts/ReliabilityShift-boundary-030-calibration-development__rel_b010_l1_e1e4.csv.gz
ReliabilityShift-boundary-030-calibration-development,rel_b010_l1_e1e4,0.1,1.0,0.0001,post_shift_changed_region,action_correctness,Evaluation rows where exactly one branch greedy action equals the analytic optimal action; target=1 means tabular is correct and neural is incorrect. Ties are excluded.,mean_seed_selective_error_rate,0.1,0.11284046692607004,29,257,0.0,0.0,0.0,5,results/reviewer1_remaining/reliability_calibration/development/raw_parts/ReliabilityShift-boundary-030-calibration-development__rel_b010_l1_e1e4.csv.gz
ReliabilityShift-boundary-030-calibration-development,rel_b010_l1_e1e8,0.1,1.0,1e-08,post_shift_changed_region,action_correctness,Evaluation rows where exactly one branch greedy action equals the analytic optimal action; target=1 means tabular is correct and neural is incorrect. Ties are excluded.,mean_seed_selective_error_rate,1.0,1.0,257,257,0.2724956520746359,0.2126166328600406,0.33296987087517926,5,results/reviewer1_remaining/reliability_calibration/development/raw_parts/ReliabilityShift-boundary-030-calibration-development__rel_b010_l1_e1e8.csv.gz
ReliabilityShift-boundary-030-calibration-development,rel_b010_l1_e1e8,0.1,1.0,1e-08,post_shift_changed_region,action_correctness,Evaluation rows where exactly one branch greedy action equals the analytic optimal action; target=1 means tabular is correct and neural is incorrect. Ties are excluded.,mean_seed_selective_error_rate,0.9,0.9066147859922179,233,257,0.26352368125722636,0.19703091128061018,0.34745945945945944,5,results/reviewer1_remaining/reliability_calibration/development/raw_parts/ReliabilityShift-boundary-030-calibration-development__rel_b010_l1_e1e8.csv.gz
ReliabilityShift-boundary-030-calibration-development,rel_b010_l1_e1e8,0.1,1.0,1e-08,post_shift_changed_region,action_correctness,Evaluation rows where exactly one branch greedy action equals the analytic optimal action; target=1 means tabular is correct and neural is incorrect. Ties are excluded.,mean_seed_selective_error_rate,0.8,0.8054474708171206,207,257,0.24450056948759596,0.14853550704614535,0.3659291409161674,5,results/reviewer1_remaining/reliability_calibration/development/raw_parts/ReliabilityShift-boundary-030-calibration-development__rel_b010_l1_e1e8.csv.gz
ReliabilityShift-boundary-030-calibration-development,rel_b010_l1_e1e8,0.1,1.0,1e-08,post_shift_changed_region,action_correctness,Evaluation rows where exactly one branch greedy action equals the analytic optimal action; target=1 means tabular is correct and neural is incorrect. Ties are excluded.,mean_seed_selective_error_rate,0.7,0.708171206225681,182,257,0.24610944320784522,0.12601904906782954,0.38626763853845436,5,results/reviewer1_remaining/reliability_calibration/development/raw_parts/ReliabilityShift-boundary-030-calibration-development__rel_b010_l1_e1e8.csv.gz
ReliabilityShift-boundary-030-calibration-development,rel_b010_l1_e1e8,0.1,1.0,1e-08,post_shift_changed_region,action_correctness,Evaluation rows where exactly one branch greedy action equals the analytic optimal action; target=1 means tabular is correct and neural is incorrect. Ties are excluded.,mean_seed_selective_error_rate,0.6,0.6070038910505836,156,257,0.217670751291719,0.04815367965367964,0.4079921798631476,5,results/reviewer1_remaining/reliability_calibration/development/raw_parts/ReliabilityShift-boundary-030-calibration-development__rel_b010_l1_e1e8.csv.gz
ReliabilityShift-boundary-030-calibration-development,rel_b010_l1_e1e8,0.1,1.0,1e-08,post_shift_changed_region,action_correctness,Evaluation rows where exactly one branch greedy action equals the analytic optimal action; target=1 means tabular is correct and neural is incorrect. Ties are excluded.,mean_seed_selective_error_rate,0.5,0.5058365758754864,130,257,0.16153846153846155,0.01428571428571428,0.3186813186813187,5,results/reviewer1_remaining/reliability_calibration/development/raw_parts/ReliabilityShift-boundary-030-calibration-development__rel_b010_l1_e1e8.csv.gz
ReliabilityShift-boundary-030-calibration-development,rel_b010_l1_e1e8,0.1,1.0,1e-08,post_shift_changed_region,action_correctness,Evaluation rows where exactly one branch greedy action equals the analytic optimal action; target=1 means tabular is correct and neural is incorrect. Ties are excluded.,mean_seed_selective_error_rate,0.3999999999999999,0.4085603112840467,105,257,0.09915966386554623,0.0,0.24033613445378146,5,results/reviewer1_remaining/reliability_calibration/development/raw_parts/ReliabilityShift-boundary-030-calibration-development__rel_b010_l1_e1e8.csv.gz
ReliabilityShift-boundary-030-calibration-development,rel_b010_l1_e1e8,0.1,1.0,1e-08,post_shift_changed_region,action_correctness,Evaluation rows where exactly one branch greedy action equals the analytic optimal action; target=1 means tabular is correct and neural is incorrect. Ties are excluded.,mean_seed_selective_error_rate,0.29999999999999993,0.311284046692607,80,257,0.04615384615384614,0.0,0.13846153846153844,5,results/reviewer1_remaining/reliability_calibration/development/raw_parts/ReliabilityShift-boundary-030-calibration-development__rel_b010_l1_e1e8.csv.gz
ReliabilityShift-boundary-030-calibration-development,rel_b010_l1_e1e8,0.1,1.0,1e-08,post_shift_changed_region,action_correctness,Evaluation rows where exactly one branch greedy action equals the analytic optimal action; target=1 means tabular is correct and neural is incorrect. Ties are excluded.,mean_seed_selective_error_rate,0.19999999999999996,0.21011673151750973,54,257,0.04444444444444444,0.0,0.13333333333333333,5,results/reviewer1_remaining/reliability_calibration/development/raw_parts/ReliabilityShift-boundary-030-calibration-development__rel_b010_l1_e1e8.csv.gz
ReliabilityShift-boundary-030-calibration-development,rel_b010_l1_e1e8,0.1,1.0,1e-08,post_shift_changed_region,action_correctness,Evaluation rows where exactly one branch greedy action equals the analytic optimal action; target=1 means tabular is correct and neural is incorrect. Ties are excluded.,mean_seed_selective_error_rate,0.1,0.11284046692607004,29,257,0.0,0.0,0.0,5,results/reviewer1_remaining/reliability_calibration/development/raw_parts/ReliabilityShift-boundary-030-calibration-development__rel_b010_l1_e1e8.csv.gz
ReliabilityShift-boundary-030-calibration-development,rel_b010_l20_e1e6,0.1,20.0,1e-06,post_shift_changed_region,action_correctness,Evaluation rows where exactly one branch greedy action equals the analytic optimal action; target=1 means tabular is correct and neural is incorrect. Ties are excluded.,mean_seed_selective_error_rate,1.0,1.0,257,257,0.26302098040484223,0.19278514588859416,0.3601691980408647,5,results/reviewer1_remaining/reliability_calibration/development/raw_parts/ReliabilityShift-boundary-030-calibration-development__rel_b010_l20_e1e6.csv.gz
ReliabilityShift-boundary-030-calibration-development,rel_b010_l20_e1e6,0.1,20.0,1e-06,post_shift_changed_region,action_correctness,Evaluation rows where exactly one branch greedy action equals the analytic optimal action; target=1 means tabular is correct and neural is incorrect. Ties are excluded.,mean_seed_selective_error_rate,0.9,0.9066147859922179,233,257,0.24775009635156603,0.16693054997992773,0.3446059433231075,5,results/reviewer1_remaining/reliability_calibration/development/raw_parts/ReliabilityShift-boundary-030-calibration-development__rel_b010_l20_e1e6.csv.gz
ReliabilityShift-boundary-030-calibration-development,rel_b010_l20_e1e6,0.1,20.0,1e-06,post_shift_changed_region,action_correctness,Evaluation rows where exactly one branch greedy action equals the analytic optimal action; target=1 means tabular is correct and neural is incorrect. Ties are excluded.,mean_seed_selective_error_rate,0.8,0.8054474708171206,207,257,0.23122802642781887,0.12199042092659115,0.359951430683138,5,results/reviewer1_remaining/reliability_calibration/development/raw_parts/ReliabilityShift-boundary-030-calibration-development__rel_b010_l20_e1e6.csv.gz
ReliabilityShift-boundary-030-calibration-development,rel_b010_l20_e1e6,0.1,20.0,1e-06,post_shift_changed_region,action_correctness,Evaluation rows where exactly one branch greedy action equals the analytic optimal action; target=1 means tabular is correct and neural is incorrect. Ties are excluded.,mean_seed_selective_error_rate,0.7,0.708171206225681,182,257,0.21525908065016558,0.07245744806720415,0.37163349219699093,5,results/reviewer1_remaining/reliability_calibration/development/raw_parts/ReliabilityShift-boundary-030-calibration-development__rel_b010_l20_e1e6.csv.gz
ReliabilityShift-boundary-030-calibration-development,rel_b010_l20_e1e6,0.1,20.0,1e-06,post_shift_changed_region,action_correctness,Evaluation rows where exactly one branch greedy action equals the analytic optimal action; target=1 means tabular is correct and neural is incorrect. Ties are excluded.,mean_seed_selective_error_rate,0.6,0.6070038910505836,156,257,0.2112191383884932,0.047478354978354974,0.4008479262672811,5,results/reviewer1_remaining/reliability_calibration/development/raw_parts/ReliabilityShift-boundary-030-calibration-development__rel_b010_l20_e1e6.csv.gz
ReliabilityShift-boundary-030-calibration-development,rel_b010_l20_e1e6,0.1,20.0,1e-06,post_shift_changed_region,action_correctness,Evaluation rows where exactly one branch greedy action equals the analytic optimal action; target=1 means tabular is correct and neural is incorrect. Ties are excluded.,mean_seed_selective_error_rate,0.5,0.5058365758754864,130,257,0.14725274725274726,0.0,0.3186813186813187,5,results/reviewer1_remaining/reliability_calibration/development/raw_parts/ReliabilityShift-boundary-030-calibration-development__rel_b010_l20_e1e6.csv.gz
ReliabilityShift-boundary-030-calibration-development,rel_b010_l20_e1e6,0.1,20.0,1e-06,post_shift_changed_region,action_correctness,Evaluation rows where exactly one branch greedy action equals the analytic optimal action; target=1 means tabular is correct and neural is incorrect. Ties are excluded.,mean_seed_selective_error_rate,0.3999999999999999,0.4085603112840467,105,257,0.09915966386554623,0.0,0.21214285714285505,5,results/reviewer1_remaining/reliability_calibration/development/raw_parts/ReliabilityShift-boundary-030-calibration-development__rel_b010_l20_e1e6.csv.gz
ReliabilityShift-boundary-030-calibration-development,rel_b010_l20_e1e6,0.1,20.0,1e-06,post_shift_changed_region,action_correctness,Evaluation rows where exactly one branch greedy action equals the analytic optimal action; target=1 means tabular is correct and neural is incorrect. Ties are excluded.,mean_seed_selective_error_rate,0.29999999999999993,0.311284046692607,80,257,0.04615384615384614,0.0,0.13846153846153844,5,results/reviewer1_remaining/reliability_calibration/development/raw_parts/ReliabilityShift-boundary-030-calibration-development__rel_b010_l20_e1e6.csv.gz
ReliabilityShift-boundary-030-calibration-development,rel_b010_l20_e1e6,0.1,20.0,1e-06,post_shift_changed_region,action_correctness,Evaluation rows where exactly one branch greedy action equals the analytic optimal action; target=1 means tabular is correct and neural is incorrect. Ties are excluded.,mean_seed_selective_error_rate,0.19999999999999996,0.21011673151750973,54,257,0.04444444444444444,0.0,0.13333333333333333,5,results/reviewer1_remaining/reliability_calibration/development/raw_parts/ReliabilityShift-boundary-030-calibration-development__rel_b010_l20_e1e6.csv.gz
ReliabilityShift-boundary-030-calibration-development,rel_b010_l20_e1e6,0.1,20.0,1e-06,post_shift_changed_region,action_correctness,Evaluation rows where exactly one branch greedy action equals the analytic optimal action; target=1 means tabular is correct and neural is incorrect. Ties are excluded.,mean_seed_selective_error_rate,0.1,0.11284046692607004,29,257,0.0,0.0,0.0,5,results/reviewer1_remaining/reliability_calibration/development/raw_parts/ReliabilityShift-boundary-030-calibration-development__rel_b010_l20_e1e6.csv.gz
ReliabilityShift-boundary-030-calibration-development,rel_b010_l5_e1e6,0.1,5.0,1e-06,post_shift_changed_region,action_correctness,Evaluation rows where exactly one branch greedy action equals the analytic optimal action; target=1 means tabular is correct and neural is incorrect. Ties are excluded.,mean_seed_selective_error_rate,1.0,1.0,257,257,0.2609571905361744,0.2020159151193634,0.330900905357938,5,results/reviewer1_remaining/reliability_calibration/development/raw_parts/ReliabilityShift-boundary-030-calibration-development__rel_b010_l5_e1e6.csv.gz
ReliabilityShift-boundary-030-calibration-development,rel_b010_l5_e1e6,0.1,5.0,1e-06,post_shift_changed_region,action_correctness,Evaluation rows where exactly one branch greedy action equals the analytic optimal action; target=1 means tabular is correct and neural is incorrect. Ties are excluded.,mean_seed_selective_error_rate,0.9,0.9066147859922179,233,257,0.26352368125722636,0.19703091128061018,0.34994346274083765,5,results/reviewer1_remaining/reliability_calibration/development/raw_parts/ReliabilityShift-boundary-030-calibration-development__rel_b010_l5_e1e6.csv.gz
ReliabilityShift-boundary-030-calibration-development,rel_b010_l5_e1e6,0.1,5.0,1e-06,post_shift_changed_region,action_correctness,Evaluation rows where exactly one branch greedy action equals the analytic optimal action; target=1 means tabular is correct and neural is incorrect. Ties are excluded.,mean_seed_selective_error_rate,0.8,0.8054474708171206,207,257,0.24450056948759596,0.14974129593810445,0.36471333544504275,5,results/reviewer1_remaining/reliability_calibration/development/raw_parts/ReliabilityShift-boundary-030-calibration-development__rel_b010_l5_e1e6.csv.gz
ReliabilityShift-boundary-030-calibration-development,rel_b010_l5_e1e6,0.1,5.0,1e-06,post_shift_changed_region,action_correctness,Evaluation rows where exactly one branch greedy action equals the analytic optimal action; target=1 means tabular is correct and neural is incorrect. Ties are excluded.,mean_seed_selective_error_rate,0.7,0.708171206225681,182,257,0.24610944320784522,0.12223856126295149,0.38626763853845436,5,results/reviewer1_remaining/reliability_calibration/development/raw_parts/ReliabilityShift-boundary-030-calibration-development__rel_b010_l5_e1e6.csv.gz
ReliabilityShift-boundary-030-calibration-development,rel_b010_l5_e1e6,0.1,5.0,1e-06,post_shift_changed_region,action_correctness,Evaluation rows where exactly one branch greedy action equals the analytic optimal action; target=1 means tabular is correct and neural is incorrect. Ties are excluded.,mean_seed_selective_error_rate,0.6,0.6070038910505836,156,257,0.217670751291719,0.047478354978354974,0.4021209677419355,5,results/reviewer1_remaining/reliability_calibration/development/raw_parts/ReliabilityShift-boundary-030-calibration-development__rel_b010_l5_e1e6.csv.gz
ReliabilityShift-boundary-030-calibration-development,rel_b010_l5_e1e6,0.1,5.0,1e-06,post_shift_changed_region,action_correctness,Evaluation rows where exactly one branch greedy action equals the analytic optimal action; target=1 means tabular is correct and neural is incorrect. Ties are excluded.,mean_seed_selective_error_rate,0.5,0.5058365758754864,130,257,0.16153846153846155,0.01428571428571428,0.3186813186813187,5,results/reviewer1_remaining/reliability_calibration/development/raw_parts/ReliabilityShift-boundary-030-calibration-development__rel_b010_l5_e1e6.csv.gz
ReliabilityShift-boundary-030-calibration-development,rel_b010_l5_e1e6,0.1,5.0,1e-06,post_shift_changed_region,action_correctness,Evaluation rows where exactly one branch greedy action equals the analytic optimal action; target=1 means tabular is correct and neural is incorrect. Ties are excluded.,mean_seed_selective_error_rate,0.3999999999999999,0.4085603112840467,105,257,0.09915966386554623,0.0,0.24033613445378146,5,results/reviewer1_remaining/reliability_calibration/development/raw_parts/ReliabilityShift-boundary-030-calibration-development__rel_b010_l5_e1e6.csv.gz
ReliabilityShift-boundary-030-calibration-development,rel_b010_l5_e1e6,0.1,5.0,1e-06,post_shift_changed_region,action_correctness,Evaluation rows where exactly one branch greedy action equals the analytic optimal action; target=1 means tabular is correct and neural is incorrect. Ties are excluded.,mean_seed_selective_error_rate,0.29999999999999993,0.311284046692607,80,257,0.04615384615384614,0.0,0.13846153846153844,5,results/reviewer1_remaining/reliability_calibration/development/raw_parts/ReliabilityShift-boundary-030-calibration-development__rel_b010_l5_e1e6.csv.gz
ReliabilityShift-boundary-030-calibration-development,rel_b010_l5_e1e6,0.1,5.0,1e-06,post_shift_changed_region,action_correctness,Evaluation rows where exactly one branch greedy action equals the analytic optimal action; target=1 means tabular is correct and neural is incorrect. Ties are excluded.,mean_seed_selective_error_rate,0.19999999999999996,0.21011673151750973,54,257,0.04444444444444444,0.0,0.13333333333333333,5,results/reviewer1_remaining/reliability_calibration/development/raw_parts/ReliabilityShift-boundary-030-calibration-development__rel_b010_l5_e1e6.csv.gz
ReliabilityShift-boundary-030-calibration-development,rel_b010_l5_e1e6,0.1,5.0,1e-06,post_shift_changed_region,action_correctness,Evaluation rows where exactly one branch greedy action equals the analytic optimal action; target=1 means tabular is correct and neural is incorrect. Ties are excluded.,mean_seed_selective_error_rate,0.1,0.11284046692607004,29,257,0.0,0.0,0.0,5,results/reviewer1_remaining/reliability_calibration/development/raw_parts/ReliabilityShift-boundary-030-calibration-development__rel_b010_l5_e1e6.csv.gz
ReliabilityShift-boundary-030-calibration-development,rel_b020_l10_e1e6,0.2,10.0,1e-06,post_shift_changed_region,action_correctness,Evaluation rows where exactly one branch greedy action equals the analytic optimal action; target=1 means tabular is correct and neural is incorrect. Ties are excluded.,mean_seed_selective_error_rate,1.0,1.0,250,250,0.18792675181039106,0.13756879136189484,0.2692630755184557,5,results/reviewer1_remaining/reliability_calibration/development/raw_parts/ReliabilityShift-boundary-030-calibration-development__rel_b020_l10_e1e6.csv.gz
ReliabilityShift-boundary-030-calibration-development,rel_b020_l10_e1e6,0.2,10.0,1e-06,post_shift_changed_region,action_correctness,Evaluation rows where exactly one branch greedy action equals the analytic optimal action; target=1 means tabular is correct and neural is incorrect. Ties are excluded.,mean_seed_selective_error_rate,0.9,0.908,227,250,0.15596608737832054,0.08782280557834292,0.2467895164617787,5,results/reviewer1_remaining/reliability_calibration/development/raw_parts/ReliabilityShift-boundary-030-calibration-development__rel_b020_l10_e1e6.csv.gz
ReliabilityShift-boundary-030-calibration-development,rel_b020_l10_e1e6,0.2,10.0,1e-06,post_shift_changed_region,action_correctness,Evaluation rows where exactly one branch greedy action equals the analytic optimal action; target=1 means tabular is correct and neural is incorrect. Ties are excluded.,mean_seed_selective_error_rate,0.8,0.804,201,250,0.14550670168210383,0.06872670660942584,0.26059374230105936,5,results/reviewer1_remaining/reliability_calibration/development/raw_parts/ReliabilityShift-boundary-030-calibration-development__rel_b020_l10_e1e6.csv.gz
ReliabilityShift-boundary-030-calibration-development,rel_b020_l10_e1e6,0.2,10.0,1e-06,post_shift_changed_region,action_correctness,Evaluation rows where exactly one branch greedy action equals the analytic optimal action; target=1 means tabular is correct and neural is incorrect. Ties are excluded.,mean_seed_selective_error_rate,0.7,0.708,177,250,0.10241157368470237,0.020867208672086735,0.20164529015979812,5,results/reviewer1_remaining/reliability_calibration/development/raw_parts/ReliabilityShift-boundary-030-calibration-development__rel_b020_l10_e1e6.csv.gz
ReliabilityShift-boundary-030-calibration-development,rel_b020_l10_e1e6,0.2,10.0,1e-06,post_shift_changed_region,action_correctness,Evaluation rows where exactly one branch greedy action equals the analytic optimal action; target=1 means tabular is correct and neural is incorrect. Ties are excluded.,mean_seed_selective_error_rate,0.6,0.604,151,250,0.048,0.0,0.144,5,results/reviewer1_remaining/reliability_calibration/development/raw_parts/ReliabilityShift-boundary-030-calibration-development__rel_b020_l10_e1e6.csv.gz
ReliabilityShift-boundary-030-calibration-development,rel_b020_l10_e1e6,0.2,10.0,1e-06,post_shift_changed_region,action_correctness,Evaluation rows where exactly one branch greedy action equals the analytic optimal action; target=1 means tabular is correct and neural is incorrect. Ties are excluded.,mean_seed_selective_error_rate,0.5,0.508,127,250,0.02857142857142858,0.0,0.08571428571428574,5,results/reviewer1_remaining/reliability_calibration/development/raw_parts/ReliabilityShift-boundary-030-calibration-development__rel_b020_l10_e1e6.csv.gz
ReliabilityShift-boundary-030-calibration-development,rel_b020_l10_e1e6,0.2,10.0,1e-06,post_shift_changed_region,action_correctness,Evaluation rows where exactly one branch greedy action equals the analytic optimal action; target=1 means tabular is correct and neural is incorrect. Ties are excluded.,mean_seed_selective_error_rate,0.3999999999999999,0.408,102,250,0.011764705882352944,0.0,0.03529411764705883,5,results/reviewer1_remaining/reliability_calibration/development/raw_parts/ReliabilityShift-boundary-030-calibration-development__rel_b020_l10_e1e6.csv.gz
ReliabilityShift-boundary-030-calibration-development,rel_b020_l10_e1e6,0.2,10.0,1e-06,post_shift_changed_region,action_correctness,Evaluation rows where exactly one branch greedy action equals the analytic optimal action; target=1 means tabular is correct and neural is incorrect. Ties are excluded.,mean_seed_selective_error_rate,0.29999999999999993,0.312,78,250,0.015384615384615375,0.0,0.04615384615384612,5,results/reviewer1_remaining/reliability_calibration/development/raw_parts/ReliabilityShift-boundary-030-calibration-development__rel_b020_l10_e1e6.csv.gz
ReliabilityShift-boundary-030-calibration-development,rel_b020_l10_e1e6,0.2,10.0,1e-06,post_shift_changed_region,action_correctness,Evaluation rows where exactly one branch greedy action equals the analytic optimal action; target=1 means tabular is correct and neural is incorrect. Ties are excluded.,mean_seed_selective_error_rate,0.19999999999999996,0.208,52,250,0.022222222222222233,0.0,0.0666666666666667,5,results/reviewer1_remaining/reliability_calibration/development/raw_parts/ReliabilityShift-boundary-030-calibration-development__rel_b020_l10_e1e6.csv.gz
ReliabilityShift-boundary-030-calibration-development,rel_b020_l10_e1e6,0.2,10.0,1e-06,post_shift_changed_region,action_correctness,Evaluation rows where exactly one branch greedy action equals the analytic optimal action; target=1 means tabular is correct and neural is incorrect. Ties are excluded.,mean_seed_selective_error_rate,0.1,0.112,28,250,0.0,0.0,0.0,5,results/reviewer1_remaining/reliability_calibration/development/raw_parts/ReliabilityShift-boundary-030-calibration-development__rel_b020_l10_e1e6.csv.gz
ReliabilityShift-boundary-030-calibration-development,rel_b020_l1_e1e6,0.2,1.0,1e-06,post_shift_changed_region,action_correctness,Evaluation rows where exactly one branch greedy action equals the analytic optimal action; target=1 means tabular is correct and neural is incorrect. Ties are excluded.,mean_seed_selective_error_rate,1.0,1.0,250,250,0.18792675181039106,0.13679881984141623,0.2692630755184557,5,results/reviewer1_remaining/reliability_calibration/development/raw_parts/ReliabilityShift-boundary-030-calibration-development__rel_b020_l1_e1e6.csv.gz
ReliabilityShift-boundary-030-calibration-development,rel_b020_l1_e1e6,0.2,1.0,1e-06,post_shift_changed_region,action_correctness,Evaluation rows where exactly one branch greedy action equals the analytic optimal action; target=1 means tabular is correct and neural is incorrect. Ties are excluded.,mean_seed_selective_error_rate,0.9,0.908,227,250,0.16396608737832052,0.10382280557834289,0.24760886058631115,5,results/reviewer1_remaining/reliability_calibration/development/raw_parts/ReliabilityShift-boundary-030-calibration-development__rel_b020_l1_e1e6.csv.gz
ReliabilityShift-boundary-030-calibration-development,rel_b020_l1_e1e6,0.2,1.0,1e-06,post_shift_changed_region,action_correctness,Evaluation rows where exactly one branch greedy action equals the analytic optimal action; target=1 means tabular is correct and neural is incorrect. Ties are excluded.,mean_seed_selective_error_rate,0.8,0.804,201,250,0.14550670168210383,0.06968465139196842,0.255050505050505,5,results/reviewer1_remaining/reliability_calibration/development/raw_parts/ReliabilityShift-boundary-030-calibration-development__rel_b020_l1_e1e6.csv.gz
ReliabilityShift-boundary-030-calibration-development,rel_b020_l1_e1e6,0.2,1.0,1e-06,post_shift_changed_region,action_correctness,Evaluation rows where exactly one branch greedy action equals the analytic optimal action; target=1 means tabular is correct and neural is incorrect. Ties are excluded.,mean_seed_selective_error_rate,0.7,0.708,177,250,0.1093081254088403,0.020867208672086735,0.21788793103448273,5,results/reviewer1_remaining/reliability_calibration/development/raw_parts/ReliabilityShift-boundary-030-calibration-development__rel_b020_l1_e1e6.csv.gz
ReliabilityShift-boundary-030-calibration-development,rel_b020_l1_e1e6,0.2,1.0,1e-06,post_shift_changed_region,action_correctness,Evaluation rows where exactly one branch greedy action equals the analytic optimal action; target=1 means tabular is correct and neural is incorrect. Ties are excluded.,mean_seed_selective_error_rate,0.6,0.604,151,250,0.05600000000000001,0.0,0.168,5,results/reviewer1_remaining/reliability_calibration/development/raw_parts/ReliabilityShift-boundary-030-calibration-development__rel_b020_l1_e1e6.csv.gz
ReliabilityShift-boundary-030-calibration-development,rel_b020_l1_e1e6,0.2,1.0,1e-06,post_shift_changed_region,action_correctness,Evaluation rows where exactly one branch greedy action equals the analytic optimal action; target=1 means tabular is correct and neural is incorrect. Ties are excluded.,mean_seed_selective_error_rate,0.5,0.508,127,250,0.02857142857142858,0.0,0.08571428571428574,5,results/reviewer1_remaining/reliability_calibration/development/raw_parts/ReliabilityShift-boundary-030-calibration-development__rel_b020_l1_e1e6.csv.gz
ReliabilityShift-boundary-030-calibration-development,rel_b020_l1_e1e6,0.2,1.0,1e-06,post_shift_changed_region,action_correctness,Evaluation rows where exactly one branch greedy action equals the analytic optimal action; target=1 means tabular is correct and neural is incorrect. Ties are excluded.,mean_seed_selective_error_rate,0.3999999999999999,0.408,102,250,0.011764705882352944,0.0,0.03529411764705883,5,results/reviewer1_remaining/reliability_calibration/development/raw_parts/ReliabilityShift-boundary-030-calibration-development__rel_b020_l1_e1e6.csv.gz
ReliabilityShift-boundary-030-calibration-development,rel_b020_l1_e1e6,0.2,1.0,1e-06,post_shift_changed_region,action_correctness,Evaluation rows where exactly one branch greedy action equals the analytic optimal action; target=1 means tabular is correct and neural is incorrect. Ties are excluded.,mean_seed_selective_error_rate,0.29999999999999993,0.312,78,250,0.015384615384615375,0.0,0.04615384615384612,5,results/reviewer1_remaining/reliability_calibration/development/raw_parts/ReliabilityShift-boundary-030-calibration-development__rel_b020_l1_e1e6.csv.gz
ReliabilityShift-boundary-030-calibration-development,rel_b020_l1_e1e6,0.2,1.0,1e-06,post_shift_changed_region,action_correctness,Evaluation rows where exactly one branch greedy action equals the analytic optimal action; target=1 means tabular is correct and neural is incorrect. Ties are excluded.,mean_seed_selective_error_rate,0.19999999999999996,0.208,52,250,0.022222222222222233,0.0,0.0666666666666667,5,results/reviewer1_remaining/reliability_calibration/development/raw_parts/ReliabilityShift-boundary-030-calibration-development__rel_b020_l1_e1e6.csv.gz
ReliabilityShift-boundary-030-calibration-development,rel_b020_l1_e1e6,0.2,1.0,1e-06,post_shift_changed_region,action_correctness,Evaluation rows where exactly one branch greedy action equals the analytic optimal action; target=1 means tabular is correct and neural is incorrect. Ties are excluded.,mean_seed_selective_error_rate,0.1,0.112,28,250,0.0,0.0,0.0,5,results/reviewer1_remaining/reliability_calibration/development/raw_parts/ReliabilityShift-boundary-030-calibration-development__rel_b020_l1_e1e6.csv.gz
ReliabilityShift-boundary-030-calibration-development,rel_b020_l20_e1e4,0.2,20.0,0.0001,post_shift_changed_region,action_correctness,Evaluation rows where exactly one branch greedy action equals the analytic optimal action; target=1 means tabular is correct and neural is incorrect. Ties are excluded.,mean_seed_selective_error_rate,1.0,1.0,250,250,0.19768284937136668,0.13679881984141623,0.2943483616654349,5,results/reviewer1_remaining/reliability_calibration/development/raw_parts/ReliabilityShift-boundary-030-calibration-development__rel_b020_l20_e1e4.csv.gz
ReliabilityShift-boundary-030-calibration-development,rel_b020_l20_e1e4,0.2,20.0,0.0001,post_shift_changed_region,action_correctness,Evaluation rows where exactly one branch greedy action equals the analytic optimal action; target=1 means tabular is correct and neural is incorrect. Ties are excluded.,mean_seed_selective_error_rate,0.9,0.908,227,250,0.15596608737832054,0.08747169811320754,0.24676850763807287,5,results/reviewer1_remaining/reliability_calibration/development/raw_parts/ReliabilityShift-boundary-030-calibration-development__rel_b020_l20_e1e4.csv.gz
ReliabilityShift-boundary-030-calibration-development,rel_b020_l20_e1e4,0.2,20.0,0.0001,post_shift_changed_region,action_correctness,Evaluation rows where exactly one branch greedy action equals the analytic optimal action; target=1 means tabular is correct and neural is incorrect. Ties are excluded.,mean_seed_selective_error_rate,0.8,0.804,201,250,0.14550670168210383,0.06968465139196842,0.2607350096711799,5,results/reviewer1_remaining/reliability_calibration/development/raw_parts/ReliabilityShift-boundary-030-calibration-development__rel_b020_l20_e1e4.csv.gz
ReliabilityShift-boundary-030-calibration-development,rel_b020_l20_e1e4,0.2,20.0,0.0001,post_shift_changed_region,action_correctness,Evaluation rows where exactly one branch greedy action equals the analytic optimal action; target=1 means tabular is correct and neural is incorrect. Ties are excluded.,mean_seed_selective_error_rate,0.7,0.708,177,250,0.1093081254088403,0.020867208672086735,0.21745689655172412,5,results/reviewer1_remaining/reliability_calibration/development/raw_parts/ReliabilityShift-boundary-030-calibration-development__rel_b020_l20_e1e4.csv.gz
ReliabilityShift-boundary-030-calibration-development,rel_b020_l20_e1e4,0.2,20.0,0.0001,post_shift_changed_region,action_correctness,Evaluation rows where exactly one branch greedy action equals the analytic optimal action; target=1 means tabular is correct and neural is incorrect. Ties are excluded.,mean_seed_selective_error_rate,0.6,0.604,151,250,0.05600000000000001,0.0,0.168,5,results/reviewer1_remaining/reliability_calibration/development/raw_parts/ReliabilityShift-boundary-030-calibration-development__rel_b020_l20_e1e4.csv.gz
ReliabilityShift-boundary-030-calibration-development,rel_b020_l20_e1e4,0.2,20.0,0.0001,post_shift_changed_region,action_correctness,Evaluation rows where exactly one branch greedy action equals the analytic optimal action; target=1 means tabular is correct and neural is incorrect. Ties are excluded.,mean_seed_selective_error_rate,0.5,0.508,127,250,0.02857142857142858,0.0,0.08571428571428574,5,results/reviewer1_remaining/reliability_calibration/development/raw_parts/ReliabilityShift-boundary-030-calibration-development__rel_b020_l20_e1e4.csv.gz
ReliabilityShift-boundary-030-calibration-development,rel_b020_l20_e1e4,0.2,20.0,0.0001,post_shift_changed_region,action_correctness,Evaluation rows where exactly one branch greedy action equals the analytic optimal action; target=1 means tabular is correct and neural is incorrect. Ties are excluded.,mean_seed_selective_error_rate,0.3999999999999999,0.408,102,250,0.011764705882352944,0.0,0.03529411764705883,5,results/reviewer1_remaining/reliability_calibration/development/raw_parts/ReliabilityShift-boundary-030-calibration-development__rel_b020_l20_e1e4.csv.gz
ReliabilityShift-boundary-030-calibration-development,rel_b020_l20_e1e4,0.2,20.0,0.0001,post_shift_changed_region,action_correctness,Evaluation rows where exactly one branch greedy action equals the analytic optimal action; target=1 means tabular is correct and neural is incorrect. Ties are excluded.,mean_seed_selective_error_rate,0.29999999999999993,0.312,78,250,0.015384615384615375,0.0,0.04615384615384612,5,results/reviewer1_remaining/reliability_calibration/development/raw_parts/ReliabilityShift-boundary-030-calibration-development__rel_b020_l20_e1e4.csv.gz
ReliabilityShift-boundary-030-calibration-development,rel_b020_l20_e1e4,0.2,20.0,0.0001,post_shift_changed_region,action_correctness,Evaluation rows where exactly one branch greedy action equals the analytic optimal action; target=1 means tabular is correct and neural is incorrect. Ties are excluded.,mean_seed_selective_error_rate,0.19999999999999996,0.208,52,250,0.022222222222222233,0.0,0.0666666666666667,5,results/reviewer1_remaining/reliability_calibration/development/raw_parts/ReliabilityShift-boundary-030-calibration-development__rel_b020_l20_e1e4.csv.gz
ReliabilityShift-boundary-030-calibration-development,rel_b020_l20_e1e4,0.2,20.0,0.0001,post_shift_changed_region,action_correctness,Evaluation rows where exactly one branch greedy action equals the analytic optimal action; target=1 means tabular is correct and neural is incorrect. Ties are excluded.,mean_seed_selective_error_rate,0.1,0.112,28,250,0.0,0.0,0.0,5,results/reviewer1_remaining/reliability_calibration/development/raw_parts/ReliabilityShift-boundary-030-calibration-development__rel_b020_l20_e1e4.csv.gz
ReliabilityShift-boundary-030-calibration-development,rel_b020_l20_e1e8,0.2,20.0,1e-08,post_shift_changed_region,action_correctness,Evaluation rows where exactly one branch greedy action equals the analytic optimal action; target=1 means tabular is correct and neural is incorrect. Ties are excluded.,mean_seed_selective_error_rate,1.0,1.0,250,250,0.19768284937136668,0.13679881984141623,0.2943483616654349,5,results/reviewer1_remaining/reliability_calibration/development/raw_parts/ReliabilityShift-boundary-030-calibration-development__rel_b020_l20_e1e8.csv.gz
ReliabilityShift-boundary-030-calibration-development,rel_b020_l20_e1e8,0.2,20.0,1e-08,post_shift_changed_region,action_correctness,Evaluation rows where exactly one branch greedy action equals the analytic optimal action; target=1 means tabular is correct and neural is incorrect. Ties are excluded.,mean_seed_selective_error_rate,0.9,0.908,227,250,0.15596608737832054,0.08782280557834292,0.24676850763807287,5,results/reviewer1_remaining/reliability_calibration/development/raw_parts/ReliabilityShift-boundary-030-calibration-development__rel_b020_l20_e1e8.csv.gz
ReliabilityShift-boundary-030-calibration-development,rel_b020_l20_e1e8,0.2,20.0,1e-08,post_shift_changed_region,action_correctness,Evaluation rows where exactly one branch greedy action equals the analytic optimal action; target=1 means tabular is correct and neural is incorrect. Ties are excluded.,mean_seed_selective_error_rate,0.8,0.804,201,250,0.14550670168210383,0.06869922630560926,0.255050505050505,5,results/reviewer1_remaining/reliability_calibration/development/raw_parts/ReliabilityShift-boundary-030-calibration-development__rel_b020_l20_e1e8.csv.gz
ReliabilityShift-boundary-030-calibration-development,rel_b020_l20_e1e8,0.2,20.0,1e-08,post_shift_changed_region,action_correctness,Evaluation rows where exactly one branch greedy action equals the analytic optimal action; target=1 means tabular is correct and neural is incorrect. Ties are excluded.,mean_seed_selective_error_rate,0.7,0.708,177,250,0.1093081254088403,0.020867208672086735,0.21745689655172412,5,results/reviewer1_remaining/reliability_calibration/development/raw_parts/ReliabilityShift-boundary-030-calibration-development__rel_b020_l20_e1e8.csv.gz
ReliabilityShift-boundary-030-calibration-development,rel_b020_l20_e1e8,0.2,20.0,1e-08,post_shift_changed_region,action_correctness,Evaluation rows where exactly one branch greedy action equals the analytic optimal action; target=1 means tabular is correct and neural is incorrect. Ties are excluded.,mean_seed_selective_error_rate,0.6,0.604,151,250,0.05600000000000001,0.0,0.168,5,results/reviewer1_remaining/reliability_calibration/development/raw_parts/ReliabilityShift-boundary-030-calibration-development__rel_b020_l20_e1e8.csv.gz
ReliabilityShift-boundary-030-calibration-development,rel_b020_l20_e1e8,0.2,20.0,1e-08,post_shift_changed_region,action_correctness,Evaluation rows where exactly one branch greedy action equals the analytic optimal action; target=1 means tabular is correct and neural is incorrect. Ties are excluded.,mean_seed_selective_error_rate,0.5,0.508,127,250,0.02857142857142858,0.0,0.08571428571428574,5,results/reviewer1_remaining/reliability_calibration/development/raw_parts/ReliabilityShift-boundary-030-calibration-development__rel_b020_l20_e1e8.csv.gz
ReliabilityShift-boundary-030-calibration-development,rel_b020_l20_e1e8,0.2,20.0,1e-08,post_shift_changed_region,action_correctness,Evaluation rows where exactly one branch greedy action equals the analytic optimal action; target=1 means tabular is correct and neural is incorrect. Ties are excluded.,mean_seed_selective_error_rate,0.3999999999999999,0.408,102,250,0.011764705882352944,0.0,0.03529411764705883,5,results/reviewer1_remaining/reliability_calibration/development/raw_parts/ReliabilityShift-boundary-030-calibration-development__rel_b020_l20_e1e8.csv.gz
ReliabilityShift-boundary-030-calibration-development,rel_b020_l20_e1e8,0.2,20.0,1e-08,post_shift_changed_region,action_correctness,Evaluation rows where exactly one branch greedy action equals the analytic optimal action; target=1 means tabular is correct and neural is incorrect. Ties are excluded.,mean_seed_selective_error_rate,0.29999999999999993,0.312,78,250,0.015384615384615375,0.0,0.04615384615384612,5,results/reviewer1_remaining/reliability_calibration/development/raw_parts/ReliabilityShift-boundary-030-calibration-development__rel_b020_l20_e1e8.csv.gz
ReliabilityShift-boundary-030-calibration-development,rel_b020_l20_e1e8,0.2,20.0,1e-08,post_shift_changed_region,action_correctness,Evaluation rows where exactly one branch greedy action equals the analytic optimal action; target=1 means tabular is correct and neural is incorrect. Ties are excluded.,mean_seed_selective_error_rate,0.19999999999999996,0.208,52,250,0.022222222222222233,0.0,0.0666666666666667,5,results/reviewer1_remaining/reliability_calibration/development/raw_parts/ReliabilityShift-boundary-030-calibration-development__rel_b020_l20_e1e8.csv.gz
ReliabilityShift-boundary-030-calibration-development,rel_b020_l20_e1e8,0.2,20.0,1e-08,post_shift_changed_region,action_correctness,Evaluation rows where exactly one branch greedy action equals the analytic optimal action; target=1 means tabular is correct and neural is incorrect. Ties are excluded.,mean_seed_selective_error_rate,0.1,0.112,28,250,0.0,0.0,0.0,5,results/reviewer1_remaining/reliability_calibration/development/raw_parts/ReliabilityShift-boundary-030-calibration-development__rel_b020_l20_e1e8.csv.gz
ReliabilityShift-boundary-030-calibration-development,rel_b020_l5_e1e4,0.2,5.0,0.0001,post_shift_changed_region,action_correctness,Evaluation rows where exactly one branch greedy action equals the analytic optimal action; target=1 means tabular is correct and neural is incorrect. Ties are excluded.,mean_seed_selective_error_rate,1.0,1.0,250,250,0.18792675181039106,0.13679881984141623,0.26710027100271,5,results/reviewer1_remaining/reliability_calibration/development/raw_parts/ReliabilityShift-boundary-030-calibration-development__rel_b020_l5_e1e4.csv.gz
ReliabilityShift-boundary-030-calibration-development,rel_b020_l5_e1e4,0.2,5.0,0.0001,post_shift_changed_region,action_correctness,Evaluation rows where exactly one branch greedy action equals the analytic optimal action; target=1 means tabular is correct and neural is incorrect. Ties are excluded.,mean_seed_selective_error_rate,0.9,0.908,227,250,0.16396608737832052,0.10492657916324855,0.24676850763807287,5,results/reviewer1_remaining/reliability_calibration/development/raw_parts/ReliabilityShift-boundary-030-calibration-development__rel_b020_l5_e1e4.csv.gz
ReliabilityShift-boundary-030-calibration-development,rel_b020_l5_e1e4,0.2,5.0,0.0001,post_shift_changed_region,action_correctness,Evaluation rows where exactly one branch greedy action equals the analytic optimal action; target=1 means tabular is correct and neural is incorrect. Ties are excluded.,mean_seed_selective_error_rate,0.8,0.804,201,250,0.14550670168210383,0.06872670660942584,0.255050505050505,5,results/reviewer1_remaining/reliability_calibration/development/raw_parts/ReliabilityShift-boundary-030-calibration-development__rel_b020_l5_e1e4.csv.gz
ReliabilityShift-boundary-030-calibration-development,rel_b020_l5_e1e4,0.2,5.0,0.0001,post_shift_changed_region,action_correctness,Evaluation rows where exactly one branch greedy action equals the analytic optimal action; target=1 means tabular is correct and neural is incorrect. Ties are excluded.,mean_seed_selective_error_rate,0.7,0.708,177,250,0.10241157368470237,0.020867208672086735,0.20164529015979812,5,results/reviewer1_remaining/reliability_calibration/development/raw_parts/ReliabilityShift-boundary-030-calibration-development__rel_b020_l5_e1e4.csv.gz
ReliabilityShift-boundary-030-calibration-development,rel_b020_l5_e1e4,0.2,5.0,0.0001,post_shift_changed_region,action_correctness,Evaluation rows where exactly one branch greedy action equals the analytic optimal action; target=1 means tabular is correct and neural is incorrect. Ties are excluded.,mean_seed_selective_error_rate,0.6,0.604,151,250,0.048,0.0,0.144,5,results/reviewer1_remaining/reliability_calibration/development/raw_parts/ReliabilityShift-boundary-030-calibration-development__rel_b020_l5_e1e4.csv.gz
ReliabilityShift-boundary-030-calibration-development,rel_b020_l5_e1e4,0.2,5.0,0.0001,post_shift_changed_region,action_correctness,Evaluation rows where exactly one branch greedy action equals the analytic optimal action; target=1 means tabular is correct and neural is incorrect. Ties are excluded.,mean_seed_selective_error_rate,0.5,0.508,127,250,0.02857142857142858,0.0,0.08571428571428574,5,results/reviewer1_remaining/reliability_calibration/development/raw_parts/ReliabilityShift-boundary-030-calibration-development__rel_b020_l5_e1e4.csv.gz
ReliabilityShift-boundary-030-calibration-development,rel_b020_l5_e1e4,0.2,5.0,0.0001,post_shift_changed_region,action_correctness,Evaluation rows where exactly one branch greedy action equals the analytic optimal action; target=1 means tabular is correct and neural is incorrect. Ties are excluded.,mean_seed_selective_error_rate,0.3999999999999999,0.408,102,250,0.011764705882352944,0.0,0.03529411764705883,5,results/reviewer1_remaining/reliability_calibration/development/raw_parts/ReliabilityShift-boundary-030-calibration-development__rel_b020_l5_e1e4.csv.gz
ReliabilityShift-boundary-030-calibration-development,rel_b020_l5_e1e4,0.2,5.0,0.0001,post_shift_changed_region,action_correctness,Evaluation rows where exactly one branch greedy action equals the analytic optimal action; target=1 means tabular is correct and neural is incorrect. Ties are excluded.,mean_seed_selective_error_rate,0.29999999999999993,0.312,78,250,0.015384615384615375,0.0,0.04615384615384612,5,results/reviewer1_remaining/reliability_calibration/development/raw_parts/ReliabilityShift-boundary-030-calibration-development__rel_b020_l5_e1e4.csv.gz
ReliabilityShift-boundary-030-calibration-development,rel_b020_l5_e1e4,0.2,5.0,0.0001,post_shift_changed_region,action_correctness,Evaluation rows where exactly one branch greedy action equals the analytic optimal action; target=1 means tabular is correct and neural is incorrect. Ties are excluded.,mean_seed_selective_error_rate,0.19999999999999996,0.208,52,250,0.022222222222222233,0.0,0.0666666666666667,5,results/reviewer1_remaining/reliability_calibration/development/raw_parts/ReliabilityShift-boundary-030-calibration-development__rel_b020_l5_e1e4.csv.gz
ReliabilityShift-boundary-030-calibration-development,rel_b020_l5_e1e4,0.2,5.0,0.0001,post_shift_changed_region,action_correctness,Evaluation rows where exactly one branch greedy action equals the analytic optimal action; target=1 means tabular is correct and neural is incorrect. Ties are excluded.,mean_seed_selective_error_rate,0.1,0.112,28,250,0.0,0.0,0.0,5,results/reviewer1_remaining/reliability_calibration/development/raw_parts/ReliabilityShift-boundary-030-calibration-development__rel_b020_l5_e1e4.csv.gz
ReliabilityShift-boundary-030-calibration-development,rel_b020_l5_e1e8,0.2,5.0,1e-08,post_shift_changed_region,action_correctness,Evaluation rows where exactly one branch greedy action equals the analytic optimal action; target=1 means tabular is correct and neural is incorrect. Ties are excluded.,mean_seed_selective_error_rate,1.0,1.0,250,250,0.18792675181039106,0.13756879136189484,0.2643100974620294,5,results/reviewer1_remaining/reliability_calibration/development/raw_parts/ReliabilityShift-boundary-030-calibration-development__rel_b020_l5_e1e8.csv.gz
ReliabilityShift-boundary-030-calibration-development,rel_b020_l5_e1e8,0.2,5.0,1e-08,post_shift_changed_region,action_correctness,Evaluation rows where exactly one branch greedy action equals the analytic optimal action; target=1 means tabular is correct and neural is incorrect. Ties are excluded.,mean_seed_selective_error_rate,0.9,0.908,227,250,0.16396608737832052,0.10382280557834289,0.24068155111633374,5,results/reviewer1_remaining/reliability_calibration/development/raw_parts/ReliabilityShift-boundary-030-calibration-development__rel_b020_l5_e1e8.csv.gz
ReliabilityShift-boundary-030-calibration-development,rel_b020_l5_e1e8,0.2,5.0,1e-08,post_shift_changed_region,action_correctness,Evaluation rows where exactly one branch greedy action equals the analytic optimal action; target=1 means tabular is correct and neural is incorrect. Ties are excluded.,mean_seed_selective_error_rate,0.8,0.804,201,250,0.14550670168210383,0.06968465139196842,0.26059374230105936,5,results/reviewer1_remaining/reliability_calibration/development/raw_parts/ReliabilityShift-boundary-030-calibration-development__rel_b020_l5_e1e8.csv.gz
ReliabilityShift-boundary-030-calibration-development,rel_b020_l5_e1e8,0.2,5.0,1e-08,post_shift_changed_region,action_correctness,Evaluation rows where exactly one branch greedy action equals the analytic optimal action; target=1 means tabular is correct and neural is incorrect. Ties are excluded.,mean_seed_selective_error_rate,0.7,0.708,177,250,0.10241157368470237,0.02433604336043363,0.19676724137931034,5,results/reviewer1_remaining/reliability_calibration/development/raw_parts/ReliabilityShift-boundary-030-calibration-development__rel_b020_l5_e1e8.csv.gz
ReliabilityShift-boundary-030-calibration-development,rel_b020_l5_e1e8,0.2,5.0,1e-08,post_shift_changed_region,action_correctness,Evaluation rows where exactly one branch greedy action equals the analytic optimal action; target=1 means tabular is correct and neural is incorrect. Ties are excluded.,mean_seed_selective_error_rate,0.6,0.604,151,250,0.048,0.0,0.144,5,results/reviewer1_remaining/reliability_calibration/development/raw_parts/ReliabilityShift-boundary-030-calibration-development__rel_b020_l5_e1e8.csv.gz
ReliabilityShift-boundary-030-calibration-development,rel_b020_l5_e1e8,0.2,5.0,1e-08,post_shift_changed_region,action_correctness,Evaluation rows where exactly one branch greedy action equals the analytic optimal action; target=1 means tabular is correct and neural is incorrect. Ties are excluded.,mean_seed_selective_error_rate,0.5,0.508,127,250,0.02857142857142858,0.0,0.08571428571428574,5,results/reviewer1_remaining/reliability_calibration/development/raw_parts/ReliabilityShift-boundary-030-calibration-development__rel_b020_l5_e1e8.csv.gz
ReliabilityShift-boundary-030-calibration-development,rel_b020_l5_e1e8,0.2,5.0,1e-08,post_shift_changed_region,action_correctness,Evaluation rows where exactly one branch greedy action equals the analytic optimal action; target=1 means tabular is correct and neural is incorrect. Ties are excluded.,mean_seed_selective_error_rate,0.3999999999999999,0.408,102,250,0.011764705882352944,0.0,0.03529411764705883,5,results/reviewer1_remaining/reliability_calibration/development/raw_parts/ReliabilityShift-boundary-030-calibration-development__rel_b020_l5_e1e8.csv.gz
ReliabilityShift-boundary-030-calibration-development,rel_b020_l5_e1e8,0.2,5.0,1e-08,post_shift_changed_region,action_correctness,Evaluation rows where exactly one branch greedy action equals the analytic optimal action; target=1 means tabular is correct and neural is incorrect. Ties are excluded.,mean_seed_selective_error_rate,0.29999999999999993,0.312,78,250,0.015384615384615375,0.0,0.04615384615384612,5,results/reviewer1_remaining/reliability_calibration/development/raw_parts/ReliabilityShift-boundary-030-calibration-development__rel_b020_l5_e1e8.csv.gz
ReliabilityShift-boundary-030-calibration-development,rel_b020_l5_e1e8,0.2,5.0,1e-08,post_shift_changed_region,action_correctness,Evaluation rows where exactly one branch greedy action equals the analytic optimal action; target=1 means tabular is correct and neural is incorrect. Ties are excluded.,mean_seed_selective_error_rate,0.19999999999999996,0.208,52,250,0.022222222222222233,0.0,0.0666666666666667,5,results/reviewer1_remaining/reliability_calibration/development/raw_parts/ReliabilityShift-boundary-030-calibration-development__rel_b020_l5_e1e8.csv.gz
ReliabilityShift-boundary-030-calibration-development,rel_b020_l5_e1e8,0.2,5.0,1e-08,post_shift_changed_region,action_correctness,Evaluation rows where exactly one branch greedy action equals the analytic optimal action; target=1 means tabular is correct and neural is incorrect. Ties are excluded.,mean_seed_selective_error_rate,0.1,0.112,28,250,0.0,0.0,0.0,5,results/reviewer1_remaining/reliability_calibration/development/raw_parts/ReliabilityShift-boundary-030-calibration-development__rel_b020_l5_e1e8.csv.gz
ReliabilityShift-boundary-020-calibration-development,rel_b002_l10_e1e4,0.02,10.0,0.0001,post_shift_changed_region,value_error,Evaluation rows with analytic full-action Q*: target=1 means the tabular Q-vector RMSE is lower than the neural Q-vector RMSE. Numerical ties are excluded.,mean_seed_selective_error_rate,1.0,1.0,818,818,0.5582366306885491,0.5018425586098421,0.6282507459505533,5,results/reviewer1_remaining/reliability_calibration/development/raw_parts/ReliabilityShift-boundary-020-calibration-development__rel_b002_l10_e1e4.csv.gz
ReliabilityShift-boundary-020-calibration-development,rel_b002_l10_e1e4,0.02,10.0,0.0001,post_shift_changed_region,value_error,Evaluation rows with analytic full-action Q*: target=1 means the tabular Q-vector RMSE is lower than the neural Q-vector RMSE. Numerical ties are excluded.,mean_seed_selective_error_rate,0.9,0.9034229828850856,739,818,0.5401418170868713,0.4749520005550476,0.6228809526255062,5,results/reviewer1_remaining/reliability_calibration/development/raw_parts/ReliabilityShift-boundary-020-calibration-development__rel_b002_l10_e1e4.csv.gz
ReliabilityShift-boundary-020-calibration-development,rel_b002_l10_e1e4,0.02,10.0,0.0001,post_shift_changed_region,value_error,Evaluation rows with analytic full-action Q*: target=1 means the tabular Q-vector RMSE is lower than the neural Q-vector RMSE. Numerical ties are excluded.,mean_seed_selective_error_rate,0.8,0.80440097799511,658,818,0.5608568499007821,0.49338627500784416,0.631983805500241,5,results/reviewer1_remaining/reliability_calibration/development/raw_parts/ReliabilityShift-boundary-020-calibration-development__rel_b002_l10_e1e4.csv.gz
ReliabilityShift-boundary-020-calibration-development,rel_b002_l10_e1e4,0.02,10.0,0.0001,post_shift_changed_region,value_error,Evaluation rows with analytic full-action Q*: target=1 means the tabular Q-vector RMSE is lower than the neural Q-vector RMSE. Numerical ties are excluded.,mean_seed_selective_error_rate,0.7,0.7029339853300733,575,818,0.5574055881169425,0.48690819997249546,0.6196931524547804,5,results/reviewer1_remaining/reliability_calibration/development/raw_parts/ReliabilityShift-boundary-020-calibration-development__rel_b002_l10_e1e4.csv.gz
ReliabilityShift-boundary-020-calibration-development,rel_b002_l10_e1e4,0.02,10.0,0.0001,post_shift_changed_region,value_error,Evaluation rows with analytic full-action Q*: target=1 means the tabular Q-vector RMSE is lower than the neural Q-vector RMSE. Numerical ties are excluded.,mean_seed_selective_error_rate,0.6,0.6026894865525673,493,818,0.5539973788090367,0.4795493786006119,0.6408479122068848,5,results/reviewer1_remaining/reliability_calibration/development/raw_parts/ReliabilityShift-boundary-020-calibration-development__rel_b002_l10_e1e4.csv.gz
ReliabilityShift-boundary-020-calibration-development,rel_b002_l10_e1e4,0.02,10.0,0.0001,post_shift_changed_region,value_error,Evaluation rows with analytic full-action Q*: target=1 means the tabular Q-vector RMSE is lower than the neural Q-vector RMSE. Numerical ties are excluded.,mean_seed_selective_error_rate,0.5,0.5012224938875306,410,818,0.5551616281675527,0.48193253598032,0.641262534933421,5,results/reviewer1_remaining/reliability_calibration/development/raw_parts/ReliabilityShift-boundary-020-calibration-development__rel_b002_l10_e1e4.csv.gz
ReliabilityShift-boundary-020-calibration-development,rel_b002_l10_e1e4,0.02,10.0,0.0001,post_shift_changed_region,value_error,Evaluation rows with analytic full-action Q*: target=1 means the tabular Q-vector RMSE is lower than the neural Q-vector RMSE. Numerical ties are excluded.,mean_seed_selective_error_rate,0.3999999999999999,0.4034229828850856,330,818,0.527335856967024,0.44532863464152006,0.611391129032258,5,results/reviewer1_remaining/reliability_calibration/development/raw_parts/ReliabilityShift-boundary-020-calibration-development__rel_b002_l10_e1e4.csv.gz
ReliabilityShift-boundary-020-calibration-development,rel_b002_l10_e1e4,0.02,10.0,0.0001,post_shift_changed_region,value_error,Evaluation rows with analytic full-action Q*: target=1 means the tabular Q-vector RMSE is lower than the neural Q-vector RMSE. Numerical ties are excluded.,mean_seed_selective_error_rate,0.29999999999999993,0.30317848410757947,248,818,0.5193060295348482,0.4194513975803087,0.6077639751552795,5,results/reviewer1_remaining/reliability_calibration/development/raw_parts/ReliabilityShift-boundary-020-calibration-development__rel_b002_l10_e1e4.csv.gz
ReliabilityShift-boundary-020-calibration-development,rel_b002_l10_e1e4,0.02,10.0,0.0001,post_shift_changed_region,value_error,Evaluation rows with analytic full-action Q*: target=1 means the tabular Q-vector RMSE is lower than the neural Q-vector RMSE. Numerical ties are excluded.,mean_seed_selective_error_rate,0.19999999999999996,0.2017114914425428,165,818,0.5167825914149444,0.4268526591107237,0.6045659392789373,5,results/reviewer1_remaining/reliability_calibration/development/raw_parts/ReliabilityShift-boundary-020-calibration-development__rel_b002_l10_e1e4.csv.gz
ReliabilityShift-boundary-020-calibration-development,rel_b002_l10_e1e4,0.02,10.0,0.0001,post_shift_changed_region,value_error,Evaluation rows with analytic full-action Q*: target=1 means the tabular Q-vector RMSE is lower than the neural Q-vector RMSE. Numerical ties are excluded.,mean_seed_selective_error_rate,0.1,0.10268948655256724,84,818,0.49156346749226004,0.29485294117647054,0.7092105263157895,5,results/reviewer1_remaining/reliability_calibration/development/raw_parts/ReliabilityShift-boundary-020-calibration-development__rel_b002_l10_e1e4.csv.gz
ReliabilityShift-boundary-020-calibration-development,rel_b002_l10_e1e8,0.02,10.0,1e-08,post_shift_changed_region,value_error,Evaluation rows with analytic full-action Q*: target=1 means the tabular Q-vector RMSE is lower than the neural Q-vector RMSE. Numerical ties are excluded.,mean_seed_selective_error_rate,1.0,1.0,818,818,0.5582366306885491,0.5038783123231283,0.624147485080989,5,results/reviewer1_remaining/reliability_calibration/development/raw_parts/ReliabilityShift-boundary-020-calibration-development__rel_b002_l10_e1e8.csv.gz
ReliabilityShift-boundary-020-calibration-development,rel_b002_l10_e1e8,0.02,10.0,1e-08,post_shift_changed_region,value_error,Evaluation rows with analytic full-action Q*: target=1 means the tabular Q-vector RMSE is lower than the neural Q-vector RMSE. Numerical ties are excluded.,mean_seed_selective_error_rate,0.9,0.9034229828850856,739,818,0.5401418170868713,0.4749520005550476,0.6202274536219899,5,results/reviewer1_remaining/reliability_calibration/development/raw_parts/ReliabilityShift-boundary-020-calibration-development__rel_b002_l10_e1e8.csv.gz
ReliabilityShift-boundary-020-calibration-development,rel_b002_l10_e1e8,0.02,10.0,1e-08,post_shift_changed_region,value_error,Evaluation rows with analytic full-action Q*: target=1 means the tabular Q-vector RMSE is lower than the neural Q-vector RMSE. Numerical ties are excluded.,mean_seed_selective_error_rate,0.8,0.80440097799511,658,818,0.5608568499007821,0.4945722332621136,0.6318440032572027,5,results/reviewer1_remaining/reliability_calibration/development/raw_parts/ReliabilityShift-boundary-020-calibration-development__rel_b002_l10_e1e8.csv.gz
ReliabilityShift-boundary-020-calibration-development,rel_b002_l10_e1e8,0.02,10.0,1e-08,post_shift_changed_region,value_error,Evaluation rows with analytic full-action Q*: target=1 means the tabular Q-vector RMSE is lower than the neural Q-vector RMSE. Numerical ties are excluded.,mean_seed_selective_error_rate,0.7,0.7029339853300733,575,818,0.5574055881169425,0.48690819997249546,0.6201550387596899,5,results/reviewer1_remaining/reliability_calibration/development/raw_parts/ReliabilityShift-boundary-020-calibration-development__rel_b002_l10_e1e8.csv.gz
ReliabilityShift-boundary-020-calibration-development,rel_b002_l10_e1e8,0.02,10.0,1e-08,post_shift_changed_region,value_error,Evaluation rows with analytic full-action Q*: target=1 means the tabular Q-vector RMSE is lower than the neural Q-vector RMSE. Numerical ties are excluded.,mean_seed_selective_error_rate,0.6,0.6026894865525673,493,818,0.5539973788090367,0.4795493786006119,0.6408479122068848,5,results/reviewer1_remaining/reliability_calibration/development/raw_parts/ReliabilityShift-boundary-020-calibration-development__rel_b002_l10_e1e8.csv.gz
ReliabilityShift-boundary-020-calibration-development,rel_b002_l10_e1e8,0.02,10.0,1e-08,post_shift_changed_region,value_error,Evaluation rows with analytic full-action Q*: target=1 means the tabular Q-vector RMSE is lower than the neural Q-vector RMSE. Numerical ties are excluded.,mean_seed_selective_error_rate,0.5,0.5012224938875306,410,818,0.5551616281675527,0.48184408941442197,0.6429136081309995,5,results/reviewer1_remaining/reliability_calibration/development/raw_parts/ReliabilityShift-boundary-020-calibration-development__rel_b002_l10_e1e8.csv.gz
ReliabilityShift-boundary-020-calibration-development,rel_b002_l10_e1e8,0.02,10.0,1e-08,post_shift_changed_region,value_error,Evaluation rows with analytic full-action Q*: target=1 means the tabular Q-vector RMSE is lower than the neural Q-vector RMSE. Numerical ties are excluded.,mean_seed_selective_error_rate,0.3999999999999999,0.4034229828850856,330,818,0.527335856967024,0.4428546015180266,0.611391129032258,5,results/reviewer1_remaining/reliability_calibration/development/raw_parts/ReliabilityShift-boundary-020-calibration-development__rel_b002_l10_e1e8.csv.gz
ReliabilityShift-boundary-020-calibration-development,rel_b002_l10_e1e8,0.02,10.0,1e-08,post_shift_changed_region,value_error,Evaluation rows with analytic full-action Q*: target=1 means the tabular Q-vector RMSE is lower than the neural Q-vector RMSE. Numerical ties are excluded.,mean_seed_selective_error_rate,0.29999999999999993,0.30317848410757947,248,818,0.5193060295348482,0.4286339695452649,0.604503105590062,5,results/reviewer1_remaining/reliability_calibration/development/raw_parts/ReliabilityShift-boundary-020-calibration-development__rel_b002_l10_e1e8.csv.gz
ReliabilityShift-boundary-020-calibration-development,rel_b002_l10_e1e8,0.02,10.0,1e-08,post_shift_changed_region,value_error,Evaluation rows with analytic full-action Q*: target=1 means the tabular Q-vector RMSE is lower than the neural Q-vector RMSE. Numerical ties are excluded.,mean_seed_selective_error_rate,0.19999999999999996,0.2017114914425428,165,818,0.5167825914149444,0.42860659521001077,0.6045757554874609,5,results/reviewer1_remaining/reliability_calibration/development/raw_parts/ReliabilityShift-boundary-020-calibration-development__rel_b002_l10_e1e8.csv.gz
ReliabilityShift-boundary-020-calibration-development,rel_b002_l10_e1e8,0.02,10.0,1e-08,post_shift_changed_region,value_error,Evaluation rows with analytic full-action Q*: target=1 means the tabular Q-vector RMSE is lower than the neural Q-vector RMSE. Numerical ties are excluded.,mean_seed_selective_error_rate,0.1,0.10268948655256724,84,818,0.49156346749226004,0.2967105263157895,0.6842105263157895,5,results/reviewer1_remaining/reliability_calibration/development/raw_parts/ReliabilityShift-boundary-020-calibration-development__rel_b002_l10_e1e8.csv.gz
ReliabilityShift-boundary-020-calibration-development,rel_b002_l1_e1e4,0.02,1.0,0.0001,post_shift_changed_region,value_error,Evaluation rows with analytic full-action Q*: target=1 means the tabular Q-vector RMSE is lower than the neural Q-vector RMSE. Numerical ties are excluded.,mean_seed_selective_error_rate,1.0,1.0,818,818,0.5517431241950426,0.48885554562282907,0.6200054732466695,5,results/reviewer1_remaining/reliability_calibration/development/raw_parts/ReliabilityShift-boundary-020-calibration-development__rel_b002_l1_e1e4.csv.gz
ReliabilityShift-boundary-020-calibration-development,rel_b002_l1_e1e4,0.02,1.0,0.0001,post_shift_changed_region,value_error,Evaluation rows with analytic full-action Q*: target=1 means the tabular Q-vector RMSE is lower than the neural Q-vector RMSE. Numerical ties are excluded.,mean_seed_selective_error_rate,0.9,0.9034229828850856,739,818,0.5585705439452541,0.4979750958591416,0.6325998394579255,5,results/reviewer1_remaining/reliability_calibration/development/raw_parts/ReliabilityShift-boundary-020-calibration-development__rel_b002_l1_e1e4.csv.gz
ReliabilityShift-boundary-020-calibration-development,rel_b002_l1_e1e4,0.02,1.0,0.0001,post_shift_changed_region,value_error,Evaluation rows with analytic full-action Q*: target=1 means the tabular Q-vector RMSE is lower than the neural Q-vector RMSE. Numerical ties are excluded.,mean_seed_selective_error_rate,0.8,0.80440097799511,658,818,0.5714586756354352,0.5118872237744475,0.6392200225402427,5,results/reviewer1_remaining/reliability_calibration/development/raw_parts/ReliabilityShift-boundary-020-calibration-development__rel_b002_l1_e1e4.csv.gz
ReliabilityShift-boundary-020-calibration-development,rel_b002_l1_e1e4,0.02,1.0,0.0001,post_shift_changed_region,value_error,Evaluation rows with analytic full-action Q*: target=1 means the tabular Q-vector RMSE is lower than the neural Q-vector RMSE. Numerical ties are excluded.,mean_seed_selective_error_rate,0.7,0.7029339853300733,575,818,0.5788429919072874,0.508165728753964,0.654104104104104,5,results/reviewer1_remaining/reliability_calibration/development/raw_parts/ReliabilityShift-boundary-020-calibration-development__rel_b002_l1_e1e4.csv.gz
ReliabilityShift-boundary-020-calibration-development,rel_b002_l1_e1e4,0.02,1.0,0.0001,post_shift_changed_region,value_error,Evaluation rows with analytic full-action Q*: target=1 means the tabular Q-vector RMSE is lower than the neural Q-vector RMSE. Numerical ties are excluded.,mean_seed_selective_error_rate,0.6,0.6026894865525673,493,818,0.5742141244584156,0.5072052997769567,0.6516548346530624,5,results/reviewer1_remaining/reliability_calibration/development/raw_parts/ReliabilityShift-boundary-020-calibration-development__rel_b002_l1_e1e4.csv.gz
ReliabilityShift-boundary-020-calibration-development,rel_b002_l1_e1e4,0.02,1.0,0.0001,post_shift_changed_region,value_error,Evaluation rows with analytic full-action Q*: target=1 means the tabular Q-vector RMSE is lower than the neural Q-vector RMSE. Numerical ties are excluded.,mean_seed_selective_error_rate,0.5,0.5012224938875306,410,818,0.5674152568917696,0.506442061289418,0.6482306440362707,5,results/reviewer1_remaining/reliability_calibration/development/raw_parts/ReliabilityShift-boundary-020-calibration-development__rel_b002_l1_e1e4.csv.gz
ReliabilityShift-boundary-020-calibration-development,rel_b002_l1_e1e4,0.02,1.0,0.0001,post_shift_changed_region,value_error,Evaluation rows with analytic full-action Q*: target=1 means the tabular Q-vector RMSE is lower than the neural Q-vector RMSE. Numerical ties are excluded.,mean_seed_selective_error_rate,0.3999999999999999,0.4034229828850856,330,818,0.5326582452946305,0.4535875237191651,0.6117289668700959,5,results/reviewer1_remaining/reliability_calibration/development/raw_parts/ReliabilityShift-boundary-020-calibration-development__rel_b002_l1_e1e4.csv.gz
ReliabilityShift-boundary-020-calibration-development,rel_b002_l1_e1e4,0.02,1.0,0.0001,post_shift_changed_region,value_error,Evaluation rows with analytic full-action Q*: target=1 means the tabular Q-vector RMSE is lower than the neural Q-vector RMSE. Numerical ties are excluded.,mean_seed_selective_error_rate,0.29999999999999993,0.30317848410757947,248,818,0.5446853533272699,0.48124441265868045,0.6081262939958593,5,results/reviewer1_remaining/reliability_calibration/development/raw_parts/ReliabilityShift-boundary-020-calibration-development__rel_b002_l1_e1e4.csv.gz
ReliabilityShift-boundary-020-calibration-development,rel_b002_l1_e1e4,0.02,1.0,0.0001,post_shift_changed_region,value_error,Evaluation rows with analytic full-action Q*: target=1 means the tabular Q-vector RMSE is lower than the neural Q-vector RMSE. Numerical ties are excluded.,mean_seed_selective_error_rate,0.19999999999999996,0.2017114914425428,165,818,0.5589882814503307,0.4919329196369045,0.6278225806451613,5,results/reviewer1_remaining/reliability_calibration/development/raw_parts/ReliabilityShift-boundary-020-calibration-development__rel_b002_l1_e1e4.csv.gz
ReliabilityShift-boundary-020-calibration-development,rel_b002_l1_e1e4,0.02,1.0,0.0001,post_shift_changed_region,value_error,Evaluation rows with analytic full-action Q*: target=1 means the tabular Q-vector RMSE is lower than the neural Q-vector RMSE. Numerical ties are excluded.,mean_seed_selective_error_rate,0.1,0.10268948655256724,84,818,0.5821981424148607,0.3763157894736842,0.7683823529411764,5,results/reviewer1_remaining/reliability_calibration/development/raw_parts/ReliabilityShift-boundary-020-calibration-development__rel_b002_l1_e1e4.csv.gz
ReliabilityShift-boundary-020-calibration-development,rel_b002_l1_e1e8,0.02,1.0,1e-08,post_shift_changed_region,value_error,Evaluation rows with analytic full-action Q*: target=1 means the tabular Q-vector RMSE is lower than the neural Q-vector RMSE. Numerical ties are excluded.,mean_seed_selective_error_rate,1.0,1.0,818,818,0.5517431241950426,0.48885554562282907,0.6208084683148621,5,results/reviewer1_remaining/reliability_calibration/development/raw_parts/ReliabilityShift-boundary-020-calibration-development__rel_b002_l1_e1e8.csv.gz
ReliabilityShift-boundary-020-calibration-development,rel_b002_l1_e1e8,0.02,1.0,1e-08,post_shift_changed_region,value_error,Evaluation rows with analytic full-action Q*: target=1 means the tabular Q-vector RMSE is lower than the neural Q-vector RMSE. Numerical ties are excluded.,mean_seed_selective_error_rate,0.9,0.9034229828850856,739,818,0.5585705439452541,0.4996114338475744,0.6325998394579255,5,results/reviewer1_remaining/reliability_calibration/development/raw_parts/ReliabilityShift-boundary-020-calibration-development__rel_b002_l1_e1e8.csv.gz
ReliabilityShift-boundary-020-calibration-development,rel_b002_l1_e1e8,0.02,1.0,1e-08,post_shift_changed_region,value_error,Evaluation rows with analytic full-action Q*: target=1 means the tabular Q-vector RMSE is lower than the neural Q-vector RMSE. Numerical ties are excluded.,mean_seed_selective_error_rate,0.8,0.80440097799511,658,818,0.5714586756354352,0.5118872237744474,0.6392200225402428,5,results/reviewer1_remaining/reliability_calibration/development/raw_parts/ReliabilityShift-boundary-020-calibration-development__rel_b002_l1_e1e8.csv.gz
ReliabilityShift-boundary-020-calibration-development,rel_b002_l1_e1e8,0.02,1.0,1e-08,post_shift_changed_region,value_error,Evaluation rows with analytic full-action Q*: target=1 means the tabular Q-vector RMSE is lower than the neural Q-vector RMSE. Numerical ties are excluded.,mean_seed_selective_error_rate,0.7,0.7029339853300733,575,818,0.5788429919072874,0.5131297997235069,0.654104104104104,5,results/reviewer1_remaining/reliability_calibration/development/raw_parts/ReliabilityShift-boundary-020-calibration-development__rel_b002_l1_e1e8.csv.gz
ReliabilityShift-boundary-020-calibration-development,rel_b002_l1_e1e8,0.02,1.0,1e-08,post_shift_changed_region,value_error,Evaluation rows with analytic full-action Q*: target=1 means the tabular Q-vector RMSE is lower than the neural Q-vector RMSE. Numerical ties are excluded.,mean_seed_selective_error_rate,0.6,0.6026894865525673,493,818,0.5742141244584156,0.5053125373950801,0.6515453040698482,5,results/reviewer1_remaining/reliability_calibration/development/raw_parts/ReliabilityShift-boundary-020-calibration-development__rel_b002_l1_e1e8.csv.gz
ReliabilityShift-boundary-020-calibration-development,rel_b002_l1_e1e8,0.02,1.0,1e-08,post_shift_changed_region,value_error,Evaluation rows with analytic full-action Q*: target=1 means the tabular Q-vector RMSE is lower than the neural Q-vector RMSE. Numerical ties are excluded.,mean_seed_selective_error_rate,0.5,0.5012224938875306,410,818,0.5674152568917696,0.506442061289418,0.6481084133258047,5,results/reviewer1_remaining/reliability_calibration/development/raw_parts/ReliabilityShift-boundary-020-calibration-development__rel_b002_l1_e1e8.csv.gz
ReliabilityShift-boundary-020-calibration-development,rel_b002_l1_e1e8,0.02,1.0,1e-08,post_shift_changed_region,value_error,Evaluation rows with analytic full-action Q*: target=1 means the tabular Q-vector RMSE is lower than the neural Q-vector RMSE. Numerical ties are excluded.,mean_seed_selective_error_rate,0.3999999999999999,0.4034229828850856,330,818,0.5326582452946305,0.453587523719165,0.6129032258064516,5,results/reviewer1_remaining/reliability_calibration/development/raw_parts/ReliabilityShift-boundary-020-calibration-development__rel_b002_l1_e1e8.csv.gz
ReliabilityShift-boundary-020-calibration-development,rel_b002_l1_e1e8,0.02,1.0,1e-08,post_shift_changed_region,value_error,Evaluation rows with analytic full-action Q*: target=1 means the tabular Q-vector RMSE is lower than the neural Q-vector RMSE. Numerical ties are excluded.,mean_seed_selective_error_rate,0.29999999999999993,0.30317848410757947,248,818,0.5446853533272699,0.48124441265868045,0.6068322981366461,5,results/reviewer1_remaining/reliability_calibration/development/raw_parts/ReliabilityShift-boundary-020-calibration-development__rel_b002_l1_e1e8.csv.gz
ReliabilityShift-boundary-020-calibration-development,rel_b002_l1_e1e8,0.02,1.0,1e-08,post_shift_changed_region,value_error,Evaluation rows with analytic full-action Q*: target=1 means the tabular Q-vector RMSE is lower than the neural Q-vector RMSE. Numerical ties are excluded.,mean_seed_selective_error_rate,0.19999999999999996,0.2017114914425428,165,818,0.5589882814503307,0.4919329196369045,0.626043643263757,5,results/reviewer1_remaining/reliability_calibration/development/raw_parts/ReliabilityShift-boundary-020-calibration-development__rel_b002_l1_e1e8.csv.gz
ReliabilityShift-boundary-020-calibration-development,rel_b002_l1_e1e8,0.02,1.0,1e-08,post_shift_changed_region,value_error,Evaluation rows with analytic full-action Q*: target=1 means the tabular Q-vector RMSE is lower than the neural Q-vector RMSE. Numerical ties are excluded.,mean_seed_selective_error_rate,0.1,0.10268948655256724,84,818,0.5821981424148607,0.3763157894736842,0.7625,5,results/reviewer1_remaining/reliability_calibration/development/raw_parts/ReliabilityShift-boundary-020-calibration-development__rel_b002_l1_e1e8.csv.gz
ReliabilityShift-boundary-020-calibration-development,rel_b002_l20_e1e6,0.02,20.0,1e-06,post_shift_changed_region,value_error,Evaluation rows with analytic full-action Q*: target=1 means the tabular Q-vector RMSE is lower than the neural Q-vector RMSE. Numerical ties are excluded.,mean_seed_selective_error_rate,1.0,1.0,818,818,0.547283663617148,0.4946811100292113,0.6062872975277067,5,results/reviewer1_remaining/reliability_calibration/development/raw_parts/ReliabilityShift-boundary-020-calibration-development__rel_b002_l20_e1e6.csv.gz
ReliabilityShift-boundary-020-calibration-development,rel_b002_l20_e1e6,0.02,20.0,1e-06,post_shift_changed_region,value_error,Evaluation rows with analytic full-action Q*: target=1 means the tabular Q-vector RMSE is lower than the neural Q-vector RMSE. Numerical ties are excluded.,mean_seed_selective_error_rate,0.9,0.9034229828850856,739,818,0.5370385258314831,0.4650869514178867,0.618616850888069,5,results/reviewer1_remaining/reliability_calibration/development/raw_parts/ReliabilityShift-boundary-020-calibration-development__rel_b002_l20_e1e6.csv.gz
ReliabilityShift-boundary-020-calibration-development,rel_b002_l20_e1e6,0.02,20.0,1e-06,post_shift_changed_region,value_error,Evaluation rows with analytic full-action Q*: target=1 means the tabular Q-vector RMSE is lower than the neural Q-vector RMSE. Numerical ties are excluded.,mean_seed_selective_error_rate,0.8,0.80440097799511,658,818,0.5323720988989408,0.4612611872282568,0.6051874455100263,5,results/reviewer1_remaining/reliability_calibration/development/raw_parts/ReliabilityShift-boundary-020-calibration-development__rel_b002_l20_e1e6.csv.gz
ReliabilityShift-boundary-020-calibration-development,rel_b002_l20_e1e6,0.02,20.0,1e-06,post_shift_changed_region,value_error,Evaluation rows with analytic full-action Q*: target=1 means the tabular Q-vector RMSE is lower than the neural Q-vector RMSE. Numerical ties are excluded.,mean_seed_selective_error_rate,0.7,0.7029339853300733,575,818,0.5359062599828673,0.46628140745787794,0.6056146262541607,5,results/reviewer1_remaining/reliability_calibration/development/raw_parts/ReliabilityShift-boundary-020-calibration-development__rel_b002_l20_e1e6.csv.gz
ReliabilityShift-boundary-020-calibration-development,rel_b002_l20_e1e6,0.02,20.0,1e-06,post_shift_changed_region,value_error,Evaluation rows with analytic full-action Q*: target=1 means the tabular Q-vector RMSE is lower than the neural Q-vector RMSE. Numerical ties are excluded.,mean_seed_selective_error_rate,0.6,0.6026894865525673,493,818,0.5294563988084585,0.44548951228268124,0.6216040451760538,5,results/reviewer1_remaining/reliability_calibration/development/raw_parts/ReliabilityShift-boundary-020-calibration-development__rel_b002_l20_e1e6.csv.gz
ReliabilityShift-boundary-020-calibration-development,rel_b002_l20_e1e6,0.02,20.0,1e-06,post_shift_changed_region,value_error,Evaluation rows with analytic full-action Q*: target=1 means the tabular Q-vector RMSE is lower than the neural Q-vector RMSE. Numerical ties are excluded.,mean_seed_selective_error_rate,0.5,0.5012224938875306,410,818,0.5361597181024809,0.4526582278481013,0.6361992437941805,5,results/reviewer1_remaining/reliability_calibration/development/raw_parts/ReliabilityShift-boundary-020-calibration-development__rel_b002_l20_e1e6.csv.gz
ReliabilityShift-boundary-020-calibration-development,rel_b002_l20_e1e6,0.02,20.0,1e-06,post_shift_changed_region,value_error,Evaluation rows with analytic full-action Q*: target=1 means the tabular Q-vector RMSE is lower than the neural Q-vector RMSE. Numerical ties are excluded.,mean_seed_selective_error_rate,0.3999999999999999,0.4034229828850856,330,818,0.5102026065439252,0.40673367865018717,0.6136715344376634,5,results/reviewer1_remaining/reliability_calibration/development/raw_parts/ReliabilityShift-boundary-020-calibration-development__rel_b002_l20_e1e6.csv.gz
ReliabilityShift-boundary-020-calibration-development,rel_b002_l20_e1e6,0.02,20.0,1e-06,post_shift_changed_region,value_error,Evaluation rows with analytic full-action Q*: target=1 means the tabular Q-vector RMSE is lower than the neural Q-vector RMSE. Numerical ties are excluded.,mean_seed_selective_error_rate,0.29999999999999993,0.30317848410757947,248,818,0.4781086995390201,0.3567867572560939,0.6001705029838023,5,results/reviewer1_remaining/reliability_calibration/development/raw_parts/ReliabilityShift-boundary-020-calibration-development__rel_b002_l20_e1e6.csv.gz
ReliabilityShift-boundary-020-calibration-development,rel_b002_l20_e1e6,0.02,20.0,1e-06,post_shift_changed_region,value_error,Evaluation rows with analytic full-action Q*: target=1 means the tabular Q-vector RMSE is lower than the neural Q-vector RMSE. Numerical ties are excluded.,mean_seed_selective_error_rate,0.19999999999999996,0.2017114914425428,165,818,0.43026020565157186,0.2770398481973434,0.5683413251961639,5,results/reviewer1_remaining/reliability_calibration/development/raw_parts/ReliabilityShift-boundary-020-calibration-development__rel_b002_l20_e1e6.csv.gz
ReliabilityShift-boundary-020-calibration-development,rel_b002_l20_e1e6,0.02,20.0,1e-06,post_shift_changed_region,value_error,Evaluation rows with analytic full-action Q*: target=1 means the tabular Q-vector RMSE is lower than the neural Q-vector RMSE. Numerical ties are excluded.,mean_seed_selective_error_rate,0.1,0.10268948655256724,84,818,0.41656346749226003,0.24458688080495353,0.5698529411764706,5,results/reviewer1_remaining/reliability_calibration/development/raw_parts/ReliabilityShift-boundary-020-calibration-development__rel_b002_l20_e1e6.csv.gz
ReliabilityShift-boundary-020-calibration-development,rel_b002_l5_e1e6,0.02,5.0,1e-06,post_shift_changed_region,value_error,Evaluation rows with analytic full-action Q*: target=1 means the tabular Q-vector RMSE is lower than the neural Q-vector RMSE. Numerical ties are excluded.,mean_seed_selective_error_rate,1.0,1.0,818,818,0.5607187639399133,0.5044220161902786,0.6211889051993321,5,results/reviewer1_remaining/reliability_calibration/development/raw_parts/ReliabilityShift-boundary-020-calibration-development__rel_b002_l5_e1e6.csv.gz
ReliabilityShift-boundary-020-calibration-development,rel_b002_l5_e1e6,0.02,5.0,1e-06,post_shift_changed_region,value_error,Evaluation rows with analytic full-action Q*: target=1 means the tabular Q-vector RMSE is lower than the neural Q-vector RMSE. Numerical ties are excluded.,mean_seed_selective_error_rate,0.9,0.9034229828850856,739,818,0.5505664581989681,0.4843765629207864,0.6249476865845153,5,results/reviewer1_remaining/reliability_calibration/development/raw_parts/ReliabilityShift-boundary-020-calibration-development__rel_b002_l5_e1e6.csv.gz
ReliabilityShift-boundary-020-calibration-development,rel_b002_l5_e1e6,0.02,5.0,1e-06,post_shift_changed_region,value_error,Evaluation rows with analytic full-action Q*: target=1 means the tabular Q-vector RMSE is lower than the neural Q-vector RMSE. Numerical ties are excluded.,mean_seed_selective_error_rate,0.8,0.80440097799511,658,818,0.5666199659580158,0.5022098044196088,0.6376071193144364,5,results/reviewer1_remaining/reliability_calibration/development/raw_parts/ReliabilityShift-boundary-020-calibration-development__rel_b002_l5_e1e6.csv.gz
ReliabilityShift-boundary-020-calibration-development,rel_b002_l5_e1e6,0.02,5.0,1e-06,post_shift_changed_region,value_error,Evaluation rows with analytic full-action Q*: target=1 means the tabular Q-vector RMSE is lower than the neural Q-vector RMSE. Numerical ties are excluded.,mean_seed_selective_error_rate,0.7,0.7029339853300733,575,818,0.5664936677932574,0.5005316240610359,0.6419035314384152,5,results/reviewer1_remaining/reliability_calibration/development/raw_parts/ReliabilityShift-boundary-020-calibration-development__rel_b002_l5_e1e6.csv.gz
ReliabilityShift-boundary-020-calibration-development,rel_b002_l5_e1e6,0.02,5.0,1e-06,post_shift_changed_region,value_error,Evaluation rows with analytic full-action Q*: target=1 means the tabular Q-vector RMSE is lower than the neural Q-vector RMSE. Numerical ties are excluded.,mean_seed_selective_error_rate,0.6,0.6026894865525673,493,818,0.5602373393241351,0.483470947228063,0.6494749144952142,5,results/reviewer1_remaining/reliability_calibration/development/raw_parts/ReliabilityShift-boundary-020-calibration-development__rel_b002_l5_e1e6.csv.gz
ReliabilityShift-boundary-020-calibration-development,rel_b002_l5_e1e6,0.02,5.0,1e-06,post_shift_changed_region,value_error,Evaluation rows with analytic full-action Q*: target=1 means the tabular Q-vector RMSE is lower than the neural Q-vector RMSE. Numerical ties are excluded.,mean_seed_selective_error_rate,0.5,0.5012224938875306,410,818,0.5627093745388285,0.4940977181386389,0.6464573401282262,5,results/reviewer1_remaining/reliability_calibration/development/raw_parts/ReliabilityShift-boundary-020-calibration-development__rel_b002_l5_e1e6.csv.gz
ReliabilityShift-boundary-020-calibration-development,rel_b002_l5_e1e6,0.02,5.0,1e-06,post_shift_changed_region,value_error,Evaluation rows with analytic full-action Q*: target=1 means the tabular Q-vector RMSE is lower than the neural Q-vector RMSE. Numerical ties are excluded.,mean_seed_selective_error_rate,0.3999999999999999,0.4034229828850856,330,818,0.5327412623724295,0.44750355787476276,0.6179789668700959,5,results/reviewer1_remaining/reliability_calibration/development/raw_parts/ReliabilityShift-boundary-020-calibration-development__rel_b002_l5_e1e6.csv.gz
ReliabilityShift-boundary-020-calibration-development,rel_b002_l5_e1e6,0.02,5.0,1e-06,post_shift_changed_region,value_error,Evaluation rows with analytic full-action Q*: target=1 means the tabular Q-vector RMSE is lower than the neural Q-vector RMSE. Numerical ties are excluded.,mean_seed_selective_error_rate,0.29999999999999993,0.30317848410757947,248,818,0.5404939727972595,0.4648906371059061,0.6160973084886129,5,results/reviewer1_remaining/reliability_calibration/development/raw_parts/ReliabilityShift-boundary-020-calibration-development__rel_b002_l5_e1e6.csv.gz
ReliabilityShift-boundary-020-calibration-development,rel_b002_l5_e1e6,0.02,5.0,1e-06,post_shift_changed_region,value_error,Evaluation rows with analytic full-action Q*: target=1 means the tabular Q-vector RMSE is lower than the neural Q-vector RMSE. Numerical ties are excluded.,mean_seed_selective_error_rate,0.19999999999999996,0.2017114914425428,165,818,0.5398350556438791,0.45754141238012214,0.6215885910815938,5,results/reviewer1_remaining/reliability_calibration/development/raw_parts/ReliabilityShift-boundary-020-calibration-development__rel_b002_l5_e1e6.csv.gz
ReliabilityShift-boundary-020-calibration-development,rel_b002_l5_e1e6,0.02,5.0,1e-06,post_shift_changed_region,value_error,Evaluation rows with analytic full-action Q*: target=1 means the tabular Q-vector RMSE is lower than the neural Q-vector RMSE. Numerical ties are excluded.,mean_seed_selective_error_rate,0.1,0.10268948655256724,84,818,0.559171826625387,0.31838235294117645,0.7626470588235286,5,results/reviewer1_remaining/reliability_calibration/development/raw_parts/ReliabilityShift-boundary-020-calibration-development__rel_b002_l5_e1e6.csv.gz
ReliabilityShift-boundary-020-calibration-development,rel_b005_l10_e1e6,0.05,10.0,1e-06,post_shift_changed_region,value_error,Evaluation rows with analytic full-action Q*: target=1 means the tabular Q-vector RMSE is lower than the neural Q-vector RMSE. Numerical ties are excluded.,mean_seed_selective_error_rate,1.0,1.0,818,818,0.4585907300388682,0.42268066381778757,0.49755900158632527,5,results/reviewer1_remaining/reliability_calibration/development/raw_parts/ReliabilityShift-boundary-020-calibration-development__rel_b005_l10_e1e6.csv.gz
ReliabilityShift-boundary-020-calibration-development,rel_b005_l10_e1e6,0.05,10.0,1e-06,post_shift_changed_region,value_error,Evaluation rows with analytic full-action Q*: target=1 means the tabular Q-vector RMSE is lower than the neural Q-vector RMSE. Numerical ties are excluded.,mean_seed_selective_error_rate,0.9,0.9034229828850856,739,818,0.44434254877137747,0.3911738362676266,0.5117923052862059,5,results/reviewer1_remaining/reliability_calibration/development/raw_parts/ReliabilityShift-boundary-020-calibration-development__rel_b005_l10_e1e6.csv.gz
ReliabilityShift-boundary-020-calibration-development,rel_b005_l10_e1e6,0.05,10.0,1e-06,post_shift_changed_region,value_error,Evaluation rows with analytic full-action Q*: target=1 means the tabular Q-vector RMSE is lower than the neural Q-vector RMSE. Numerical ties are excluded.,mean_seed_selective_error_rate,0.8,0.80440097799511,658,818,0.43802611279657394,0.39132065322954174,0.5128252355655512,5,results/reviewer1_remaining/reliability_calibration/development/raw_parts/ReliabilityShift-boundary-020-calibration-development__rel_b005_l10_e1e6.csv.gz
ReliabilityShift-boundary-020-calibration-development,rel_b005_l10_e1e6,0.05,10.0,1e-06,post_shift_changed_region,value_error,Evaluation rows with analytic full-action Q*: target=1 means the tabular Q-vector RMSE is lower than the neural Q-vector RMSE. Numerical ties are excluded.,mean_seed_selective_error_rate,0.7,0.7029339853300733,575,818,0.4170649445615246,0.3612965907083554,0.4819121447028424,5,results/reviewer1_remaining/reliability_calibration/development/raw_parts/ReliabilityShift-boundary-020-calibration-development__rel_b005_l10_e1e6.csv.gz
ReliabilityShift-boundary-020-calibration-development,rel_b005_l10_e1e6,0.05,10.0,1e-06,post_shift_changed_region,value_error,Evaluation rows with analytic full-action Q*: target=1 means the tabular Q-vector RMSE is lower than the neural Q-vector RMSE. Numerical ties are excluded.,mean_seed_selective_error_rate,0.6,0.6026894865525673,493,818,0.3797300258586673,0.3365198575185592,0.4259038901601831,5,results/reviewer1_remaining/reliability_calibration/development/raw_parts/ReliabilityShift-boundary-020-calibration-development__rel_b005_l10_e1e6.csv.gz
ReliabilityShift-boundary-020-calibration-development,rel_b005_l10_e1e6,0.05,10.0,1e-06,post_shift_changed_region,value_error,Evaluation rows with analytic full-action Q*: target=1 means the tabular Q-vector RMSE is lower than the neural Q-vector RMSE. Numerical ties are excluded.,mean_seed_selective_error_rate,0.5,0.5012224938875306,410,818,0.3550714645191644,0.3060859600757299,0.41906953805687985,5,results/reviewer1_remaining/reliability_calibration/development/raw_parts/ReliabilityShift-boundary-020-calibration-development__rel_b005_l10_e1e6.csv.gz
ReliabilityShift-boundary-020-calibration-development,rel_b005_l10_e1e6,0.05,10.0,1e-06,post_shift_changed_region,value_error,Evaluation rows with analytic full-action Q*: target=1 means the tabular Q-vector RMSE is lower than the neural Q-vector RMSE. Numerical ties are excluded.,mean_seed_selective_error_rate,0.3999999999999999,0.4034229828850856,330,818,0.3404955061798041,0.27543976614185345,0.4149084568439408,5,results/reviewer1_remaining/reliability_calibration/development/raw_parts/ReliabilityShift-boundary-020-calibration-development__rel_b005_l10_e1e6.csv.gz
ReliabilityShift-boundary-020-calibration-development,rel_b005_l10_e1e6,0.05,10.0,1e-06,post_shift_changed_region,value_error,Evaluation rows with analytic full-action Q*: target=1 means the tabular Q-vector RMSE is lower than the neural Q-vector RMSE. Numerical ties are excluded.,mean_seed_selective_error_rate,0.29999999999999993,0.30317848410757947,248,818,0.3240147492854682,0.25625931223553255,0.3965838509316771,5,results/reviewer1_remaining/reliability_calibration/development/raw_parts/ReliabilityShift-boundary-020-calibration-development__rel_b005_l10_e1e6.csv.gz
ReliabilityShift-boundary-020-calibration-development,rel_b005_l10_e1e6,0.05,10.0,1e-06,post_shift_changed_region,value_error,Evaluation rows with analytic full-action Q*: target=1 means the tabular Q-vector RMSE is lower than the neural Q-vector RMSE. Numerical ties are excluded.,mean_seed_selective_error_rate,0.19999999999999996,0.2017114914425428,165,818,0.27855082311913437,0.1648956356736243,0.3947035745422842,5,results/reviewer1_remaining/reliability_calibration/development/raw_parts/ReliabilityShift-boundary-020-calibration-development__rel_b005_l10_e1e6.csv.gz
ReliabilityShift-boundary-020-calibration-development,rel_b005_l10_e1e6,0.05,10.0,1e-06,post_shift_changed_region,value_error,Evaluation rows with analytic full-action Q*: target=1 means the tabular Q-vector RMSE is lower than the neural Q-vector RMSE. Numerical ties are excluded.,mean_seed_selective_error_rate,0.1,0.10268948655256724,84,818,0.218343653250774,0.06315789473684212,0.38676470588235295,5,results/reviewer1_remaining/reliability_calibration/development/raw_parts/ReliabilityShift-boundary-020-calibration-development__rel_b005_l10_e1e6.csv.gz
ReliabilityShift-boundary-020-calibration-development,rel_b005_l1_e1e6,0.05,1.0,1e-06,post_shift_changed_region,value_error,Evaluation rows with analytic full-action Q*: target=1 means the tabular Q-vector RMSE is lower than the neural Q-vector RMSE. Numerical ties are excluded.,mean_seed_selective_error_rate,1.0,1.0,818,818,0.4655529352107921,0.4244026664669314,0.5097499649281837,5,results/reviewer1_remaining/reliability_calibration/development/raw_parts/ReliabilityShift-boundary-020-calibration-development__rel_b005_l1_e1e6.csv.gz
ReliabilityShift-boundary-020-calibration-development,rel_b005_l1_e1e6,0.05,1.0,1e-06,post_shift_changed_region,value_error,Evaluation rows with analytic full-action Q*: target=1 means the tabular Q-vector RMSE is lower than the neural Q-vector RMSE. Numerical ties are excluded.,mean_seed_selective_error_rate,0.9,0.9034229828850856,739,818,0.44970296631969175,0.40437739107084275,0.5122031452047168,5,results/reviewer1_remaining/reliability_calibration/development/raw_parts/ReliabilityShift-boundary-020-calibration-development__rel_b005_l1_e1e6.csv.gz
ReliabilityShift-boundary-020-calibration-development,rel_b005_l1_e1e6,0.05,1.0,1e-06,post_shift_changed_region,value_error,Evaluation rows with analytic full-action Q*: target=1 means the tabular Q-vector RMSE is lower than the neural Q-vector RMSE. Numerical ties are excluded.,mean_seed_selective_error_rate,0.8,0.80440097799511,658,818,0.44369800673177673,0.39253462624572305,0.514863801645863,5,results/reviewer1_remaining/reliability_calibration/development/raw_parts/ReliabilityShift-boundary-020-calibration-development__rel_b005_l1_e1e6.csv.gz
ReliabilityShift-boundary-020-calibration-development,rel_b005_l1_e1e6,0.05,1.0,1e-06,post_shift_changed_region,value_error,Evaluation rows with analytic full-action Q*: target=1 means the tabular Q-vector RMSE is lower than the neural Q-vector RMSE. Numerical ties are excluded.,mean_seed_selective_error_rate,0.7,0.7029339853300733,575,818,0.4188667463633264,0.36473237943826187,0.4819121447028424,5,results/reviewer1_remaining/reliability_calibration/development/raw_parts/ReliabilityShift-boundary-020-calibration-development__rel_b005_l1_e1e6.csv.gz
ReliabilityShift-boundary-020-calibration-development,rel_b005_l1_e1e6,0.05,1.0,1e-06,post_shift_changed_region,value_error,Evaluation rows with analytic full-action Q*: target=1 means the tabular Q-vector RMSE is lower than the neural Q-vector RMSE. Numerical ties are excluded.,mean_seed_selective_error_rate,0.6,0.6026894865525673,493,818,0.3895413428269846,0.3532421185791804,0.4339059007856962,5,results/reviewer1_remaining/reliability_calibration/development/raw_parts/ReliabilityShift-boundary-020-calibration-development__rel_b005_l1_e1e6.csv.gz
ReliabilityShift-boundary-020-calibration-development,rel_b005_l1_e1e6,0.05,1.0,1e-06,post_shift_changed_region,value_error,Evaluation rows with analytic full-action Q*: target=1 means the tabular Q-vector RMSE is lower than the neural Q-vector RMSE. Numerical ties are excluded.,mean_seed_selective_error_rate,0.5,0.5012224938875306,410,818,0.34263913140179775,0.29196831301690634,0.40095347690284405,5,results/reviewer1_remaining/reliability_calibration/development/raw_parts/ReliabilityShift-boundary-020-calibration-development__rel_b005_l1_e1e6.csv.gz
ReliabilityShift-boundary-020-calibration-development,rel_b005_l1_e1e6,0.05,1.0,1e-06,post_shift_changed_region,value_error,Evaluation rows with analytic full-action Q*: target=1 means the tabular Q-vector RMSE is lower than the neural Q-vector RMSE. Numerical ties are excluded.,mean_seed_selective_error_rate,0.3999999999999999,0.4034229828850856,330,818,0.36277373198625573,0.2903700189753321,0.4278116826503924,5,results/reviewer1_remaining/reliability_calibration/development/raw_parts/ReliabilityShift-boundary-020-calibration-development__rel_b005_l1_e1e6.csv.gz
ReliabilityShift-boundary-020-calibration-development,rel_b005_l1_e1e6,0.05,1.0,1e-06,post_shift_changed_region,value_error,Evaluation rows with analytic full-action Q*: target=1 means the tabular Q-vector RMSE is lower than the neural Q-vector RMSE. Numerical ties are excluded.,mean_seed_selective_error_rate,0.29999999999999993,0.30317848410757947,248,818,0.3525309198610064,0.30532063889385547,0.39901656314699796,5,results/reviewer1_remaining/reliability_calibration/development/raw_parts/ReliabilityShift-boundary-020-calibration-development__rel_b005_l1_e1e6.csv.gz
ReliabilityShift-boundary-020-calibration-development,rel_b005_l1_e1e6,0.05,1.0,1e-06,post_shift_changed_region,value_error,Evaluation rows with analytic full-action Q*: target=1 means the tabular Q-vector RMSE is lower than the neural Q-vector RMSE. Numerical ties are excluded.,mean_seed_selective_error_rate,0.19999999999999996,0.2017114914425428,165,818,0.310239627673214,0.22577568080414384,0.3947035745422842,5,results/reviewer1_remaining/reliability_calibration/development/raw_parts/ReliabilityShift-boundary-020-calibration-development__rel_b005_l1_e1e6.csv.gz
ReliabilityShift-boundary-020-calibration-development,rel_b005_l1_e1e6,0.05,1.0,1e-06,post_shift_changed_region,value_error,Evaluation rows with analytic full-action Q*: target=1 means the tabular Q-vector RMSE is lower than the neural Q-vector RMSE. Numerical ties are excluded.,mean_seed_selective_error_rate,0.1,0.10268948655256724,84,818,0.2904024767801857,0.12198142414860683,0.4588235294117647,5,results/reviewer1_remaining/reliability_calibration/development/raw_parts/ReliabilityShift-boundary-020-calibration-development__rel_b005_l1_e1e6.csv.gz
ReliabilityShift-boundary-020-calibration-development,rel_b005_l20_e1e4,0.05,20.0,0.0001,post_shift_changed_region,value_error,Evaluation rows with analytic full-action Q*: target=1 means the tabular Q-vector RMSE is lower than the neural Q-vector RMSE. Numerical ties are excluded.,mean_seed_selective_error_rate,1.0,1.0,818,818,0.4562238661335427,0.4133779264214047,0.49755900158632527,5,results/reviewer1_remaining/reliability_calibration/development/raw_parts/ReliabilityShift-boundary-020-calibration-development__rel_b005_l20_e1e4.csv.gz
ReliabilityShift-boundary-020-calibration-development,rel_b005_l20_e1e4,0.05,20.0,0.0001,post_shift_changed_region,value_error,Evaluation rows with analytic full-action Q*: target=1 means the tabular Q-vector RMSE is lower than the neural Q-vector RMSE. Numerical ties are excluded.,mean_seed_selective_error_rate,0.9,0.9034229828850856,739,818,0.4388614302539411,0.3861555642562021,0.5051011547101633,5,results/reviewer1_remaining/reliability_calibration/development/raw_parts/ReliabilityShift-boundary-020-calibration-development__rel_b005_l20_e1e4.csv.gz
ReliabilityShift-boundary-020-calibration-development,rel_b005_l20_e1e4,0.05,20.0,0.0001,post_shift_changed_region,value_error,Evaluation rows with analytic full-action Q*: target=1 means the tabular Q-vector RMSE is lower than the neural Q-vector RMSE. Numerical ties are excluded.,mean_seed_selective_error_rate,0.8,0.80440097799511,658,818,0.437238309211066,0.3854383002883653,0.5055333669393928,5,results/reviewer1_remaining/reliability_calibration/development/raw_parts/ReliabilityShift-boundary-020-calibration-development__rel_b005_l20_e1e4.csv.gz
ReliabilityShift-boundary-020-calibration-development,rel_b005_l20_e1e4,0.05,20.0,0.0001,post_shift_changed_region,value_error,Evaluation rows with analytic full-action Q*: target=1 means the tabular Q-vector RMSE is lower than the neural Q-vector RMSE. Numerical ties are excluded.,mean_seed_selective_error_rate,0.7,0.7029339853300733,575,818,0.4223492204340357,0.3682615388497742,0.48195883004364537,5,results/reviewer1_remaining/reliability_calibration/development/raw_parts/ReliabilityShift-boundary-020-calibration-development__rel_b005_l20_e1e4.csv.gz
ReliabilityShift-boundary-020-calibration-development,rel_b005_l20_e1e4,0.05,20.0,0.0001,post_shift_changed_region,value_error,Evaluation rows with analytic full-action Q*: target=1 means the tabular Q-vector RMSE is lower than the neural Q-vector RMSE. Numerical ties are excluded.,mean_seed_selective_error_rate,0.6,0.6026894865525673,493,818,0.36954659764867365,0.3161530010985719,0.42700344722248773,5,results/reviewer1_remaining/reliability_calibration/development/raw_parts/ReliabilityShift-boundary-020-calibration-development__rel_b005_l20_e1e4.csv.gz
ReliabilityShift-boundary-020-calibration-development,rel_b005_l20_e1e4,0.05,20.0,0.0001,post_shift_changed_region,value_error,Evaluation rows with analytic full-action Q*: target=1 means the tabular Q-vector RMSE is lower than the neural Q-vector RMSE. Numerical ties are excluded.,mean_seed_selective_error_rate,0.5,0.5012224938875306,410,818,0.33817835794947393,0.28702865265784105,0.412987012987013,5,results/reviewer1_remaining/reliability_calibration/development/raw_parts/ReliabilityShift-boundary-020-calibration-development__rel_b005_l20_e1e4.csv.gz
ReliabilityShift-boundary-020-calibration-development,rel_b005_l20_e1e4,0.05,20.0,0.0001,post_shift_changed_region,value_error,Evaluation rows with analytic full-action Q*: target=1 means the tabular Q-vector RMSE is lower than the neural Q-vector RMSE. Numerical ties are excluded.,mean_seed_selective_error_rate,0.3999999999999999,0.4034229828850856,330,818,0.3372696997281912,0.27587167931688805,0.4116879631647776,5,results/reviewer1_remaining/reliability_calibration/development/raw_parts/ReliabilityShift-boundary-020-calibration-development__rel_b005_l20_e1e4.csv.gz
ReliabilityShift-boundary-020-calibration-development,rel_b005_l20_e1e4,0.05,20.0,0.0001,post_shift_changed_region,value_error,Evaluation rows with analytic full-action Q*: target=1 means the tabular Q-vector RMSE is lower than the neural Q-vector RMSE. Numerical ties are excluded.,mean_seed_selective_error_rate,0.29999999999999993,0.30317848410757947,248,818,0.3240147492854682,0.25625931223553255,0.39177018633540384,5,results/reviewer1_remaining/reliability_calibration/development/raw_parts/ReliabilityShift-boundary-020-calibration-development__rel_b005_l20_e1e4.csv.gz
ReliabilityShift-boundary-020-calibration-development,rel_b005_l20_e1e4,0.05,20.0,0.0001,post_shift_changed_region,value_error,Evaluation rows with analytic full-action Q*: target=1 means the tabular Q-vector RMSE is lower than the neural Q-vector RMSE. Numerical ties are excluded.,mean_seed_selective_error_rate,0.19999999999999996,0.2017114914425428,165,818,0.24213517359864606,0.10683111954459204,0.37139276373147345,5,results/reviewer1_remaining/reliability_calibration/development/raw_parts/ReliabilityShift-boundary-020-calibration-development__rel_b005_l20_e1e4.csv.gz
ReliabilityShift-boundary-020-calibration-development,rel_b005_l20_e1e4,0.05,20.0,0.0001,post_shift_changed_region,value_error,Evaluation rows with analytic full-action Q*: target=1 means the tabular Q-vector RMSE is lower than the neural Q-vector RMSE. Numerical ties are excluded.,mean_seed_selective_error_rate,0.1,0.10268948655256724,84,818,0.20781733746130032,0.04458204334365325,0.38676470588235295,5,results/reviewer1_remaining/reliability_calibration/development/raw_parts/ReliabilityShift-boundary-020-calibration-development__rel_b005_l20_e1e4.csv.gz
ReliabilityShift-boundary-020-calibration-development,rel_b005_l20_e1e8,0.05,20.0,1e-08,post_shift_changed_region,value_error,Evaluation rows with analytic full-action Q*: target=1 means the tabular Q-vector RMSE is lower than the neural Q-vector RMSE. Numerical ties are excluded.,mean_seed_selective_error_rate,1.0,1.0,818,818,0.4562238661335427,0.4133779264214047,0.49755900158632527,5,results/reviewer1_remaining/reliability_calibration/development/raw_parts/ReliabilityShift-boundary-020-calibration-development__rel_b005_l20_e1e8.csv.gz
ReliabilityShift-boundary-020-calibration-development,rel_b005_l20_e1e8,0.05,20.0,1e-08,post_shift_changed_region,value_error,Evaluation rows with analytic full-action Q*: target=1 means the tabular Q-vector RMSE is lower than the neural Q-vector RMSE. Numerical ties are excluded.,mean_seed_selective_error_rate,0.9,0.9034229828850856,739,818,0.4388614302539411,0.3861555642562021,0.5051011547101633,5,results/reviewer1_remaining/reliability_calibration/development/raw_parts/ReliabilityShift-boundary-020-calibration-development__rel_b005_l20_e1e8.csv.gz
ReliabilityShift-boundary-020-calibration-development,rel_b005_l20_e1e8,0.05,20.0,1e-08,post_shift_changed_region,value_error,Evaluation rows with analytic full-action Q*: target=1 means the tabular Q-vector RMSE is lower than the neural Q-vector RMSE. Numerical ties are excluded.,mean_seed_selective_error_rate,0.8,0.80440097799511,658,818,0.437238309211066,0.3846581875993641,0.5055333669393928,5,results/reviewer1_remaining/reliability_calibration/development/raw_parts/ReliabilityShift-boundary-020-calibration-development__rel_b005_l20_e1e8.csv.gz
ReliabilityShift-boundary-020-calibration-development,rel_b005_l20_e1e8,0.05,20.0,1e-08,post_shift_changed_region,value_error,Evaluation rows with analytic full-action Q*: target=1 means the tabular Q-vector RMSE is lower than the neural Q-vector RMSE. Numerical ties are excluded.,mean_seed_selective_error_rate,0.7,0.7029339853300733,575,818,0.4223492204340357,0.3682615388497742,0.48195883004364537,5,results/reviewer1_remaining/reliability_calibration/development/raw_parts/ReliabilityShift-boundary-020-calibration-development__rel_b005_l20_e1e8.csv.gz
ReliabilityShift-boundary-020-calibration-development,rel_b005_l20_e1e8,0.05,20.0,1e-08,post_shift_changed_region,value_error,Evaluation rows with analytic full-action Q*: target=1 means the tabular Q-vector RMSE is lower than the neural Q-vector RMSE. Numerical ties are excluded.,mean_seed_selective_error_rate,0.6,0.6026894865525673,493,818,0.36954659764867365,0.31615300109857186,0.43255373185246954,5,results/reviewer1_remaining/reliability_calibration/development/raw_parts/ReliabilityShift-boundary-020-calibration-development__rel_b005_l20_e1e8.csv.gz
ReliabilityShift-boundary-020-calibration-development,rel_b005_l20_e1e8,0.05,20.0,1e-08,post_shift_changed_region,value_error,Evaluation rows with analytic full-action Q*: target=1 means the tabular Q-vector RMSE is lower than the neural Q-vector RMSE. Numerical ties are excluded.,mean_seed_selective_error_rate,0.5,0.5012224938875306,410,818,0.33817835794947393,0.28702865265784105,0.4098997990500544,5,results/reviewer1_remaining/reliability_calibration/development/raw_parts/ReliabilityShift-boundary-020-calibration-development__rel_b005_l20_e1e8.csv.gz
ReliabilityShift-boundary-020-calibration-development,rel_b005_l20_e1e8,0.05,20.0,1e-08,post_shift_changed_region,value_error,Evaluation rows with analytic full-action Q*: target=1 means the tabular Q-vector RMSE is lower than the neural Q-vector RMSE. Numerical ties are excluded.,mean_seed_selective_error_rate,0.3999999999999999,0.4034229828850856,330,818,0.3372696997281912,0.27221395969024054,0.4060156931124673,5,results/reviewer1_remaining/reliability_calibration/development/raw_parts/ReliabilityShift-boundary-020-calibration-development__rel_b005_l20_e1e8.csv.gz
ReliabilityShift-boundary-020-calibration-development,rel_b005_l20_e1e8,0.05,20.0,1e-08,post_shift_changed_region,value_error,Evaluation rows with analytic full-action Q*: target=1 means the tabular Q-vector RMSE is lower than the neural Q-vector RMSE. Numerical ties are excluded.,mean_seed_selective_error_rate,0.29999999999999993,0.30317848410757947,248,818,0.3240147492854682,0.25625931223553255,0.3917701863354037,5,results/reviewer1_remaining/reliability_calibration/development/raw_parts/ReliabilityShift-boundary-020-calibration-development__rel_b005_l20_e1e8.csv.gz
ReliabilityShift-boundary-020-calibration-development,rel_b005_l20_e1e8,0.05,20.0,1e-08,post_shift_changed_region,value_error,Evaluation rows with analytic full-action Q*: target=1 means the tabular Q-vector RMSE is lower than the neural Q-vector RMSE. Numerical ties are excluded.,mean_seed_selective_error_rate,0.19999999999999996,0.2017114914425428,165,818,0.24213517359864606,0.10810810810810811,0.3675621185701831,5,results/reviewer1_remaining/reliability_calibration/development/raw_parts/ReliabilityShift-boundary-020-calibration-development__rel_b005_l20_e1e8.csv.gz
ReliabilityShift-boundary-020-calibration-development,rel_b005_l20_e1e8,0.05,20.0,1e-08,post_shift_changed_region,value_error,Evaluation rows with analytic full-action Q*: target=1 means the tabular Q-vector RMSE is lower than the neural Q-vector RMSE. Numerical ties are excluded.,mean_seed_selective_error_rate,0.1,0.10268948655256724,84,818,0.20781733746130032,0.04458204334365325,0.38676470588235295,5,results/reviewer1_remaining/reliability_calibration/development/raw_parts/ReliabilityShift-boundary-020-calibration-development__rel_b005_l20_e1e8.csv.gz
ReliabilityShift-boundary-020-calibration-development,rel_b005_l5_e1e4,0.05,5.0,0.0001,post_shift_changed_region,value_error,Evaluation rows with analytic full-action Q*: target=1 means the tabular Q-vector RMSE is lower than the neural Q-vector RMSE. Numerical ties are excluded.,mean_seed_selective_error_rate,1.0,1.0,818,818,0.4629385561258247,0.4244026664669314,0.5019068276732818,5,results/reviewer1_remaining/reliability_calibration/development/raw_parts/ReliabilityShift-boundary-020-calibration-development__rel_b005_l5_e1e4.csv.gz
ReliabilityShift-boundary-020-calibration-development,rel_b005_l5_e1e4,0.05,5.0,0.0001,post_shift_changed_region,value_error,Evaluation rows with analytic full-action Q*: target=1 means the tabular Q-vector RMSE is lower than the neural Q-vector RMSE. Numerical ties are excluded.,mean_seed_selective_error_rate,0.9,0.9034229828850856,739,818,0.44826411739882843,0.4029385421499795,0.5117923052862059,5,results/reviewer1_remaining/reliability_calibration/development/raw_parts/ReliabilityShift-boundary-020-calibration-development__rel_b005_l5_e1e4.csv.gz
ReliabilityShift-boundary-020-calibration-development,rel_b005_l5_e1e4,0.05,5.0,0.0001,post_shift_changed_region,value_error,Evaluation rows with analytic full-action Q*: target=1 means the tabular Q-vector RMSE is lower than the neural Q-vector RMSE. Numerical ties are excluded.,mean_seed_selective_error_rate,0.8,0.80440097799511,658,818,0.44072881549927667,0.39132065322954174,0.5118494334549645,5,results/reviewer1_remaining/reliability_calibration/development/raw_parts/ReliabilityShift-boundary-020-calibration-development__rel_b005_l5_e1e4.csv.gz
ReliabilityShift-boundary-020-calibration-development,rel_b005_l5_e1e4,0.05,5.0,0.0001,post_shift_changed_region,value_error,Evaluation rows with analytic full-action Q*: target=1 means the tabular Q-vector RMSE is lower than the neural Q-vector RMSE. Numerical ties are excluded.,mean_seed_selective_error_rate,0.7,0.7029339853300733,575,818,0.4152631427597228,0.3595124536301007,0.4819121447028424,5,results/reviewer1_remaining/reliability_calibration/development/raw_parts/ReliabilityShift-boundary-020-calibration-development__rel_b005_l5_e1e4.csv.gz
ReliabilityShift-boundary-020-calibration-development,rel_b005_l5_e1e4,0.05,5.0,0.0001,post_shift_changed_region,value_error,Evaluation rows with analytic full-action Q*: target=1 means the tabular Q-vector RMSE is lower than the neural Q-vector RMSE. Numerical ties are excluded.,mean_seed_selective_error_rate,0.6,0.6026894865525673,493,818,0.38561977419953364,0.34621561969439735,0.4327913497021048,5,results/reviewer1_remaining/reliability_calibration/development/raw_parts/ReliabilityShift-boundary-020-calibration-development__rel_b005_l5_e1e4.csv.gz
ReliabilityShift-boundary-020-calibration-development,rel_b005_l5_e1e4,0.05,5.0,0.0001,post_shift_changed_region,value_error,Evaluation rows with analytic full-action Q*: target=1 means the tabular Q-vector RMSE is lower than the neural Q-vector RMSE. Numerical ties are excluded.,mean_seed_selective_error_rate,0.5,0.5012224938875306,410,818,0.3525398189495441,0.3044420343811713,0.4233419579869773,5,results/reviewer1_remaining/reliability_calibration/development/raw_parts/ReliabilityShift-boundary-020-calibration-development__rel_b005_l5_e1e4.csv.gz
ReliabilityShift-boundary-020-calibration-development,rel_b005_l5_e1e4,0.05,5.0,0.0001,post_shift_changed_region,value_error,Evaluation rows with analytic full-action Q*: target=1 means the tabular Q-vector RMSE is lower than the neural Q-vector RMSE. Numerical ties are excluded.,mean_seed_selective_error_rate,0.3999999999999999,0.4034229828850856,330,818,0.34372131263141703,0.2797744435612083,0.4097051411290322,5,results/reviewer1_remaining/reliability_calibration/development/raw_parts/ReliabilityShift-boundary-020-calibration-development__rel_b005_l5_e1e4.csv.gz
ReliabilityShift-boundary-020-calibration-development,rel_b005_l5_e1e4,0.05,5.0,0.0001,post_shift_changed_region,value_error,Evaluation rows with analytic full-action Q*: target=1 means the tabular Q-vector RMSE is lower than the neural Q-vector RMSE. Numerical ties are excluded.,mean_seed_selective_error_rate,0.29999999999999993,0.30317848410757947,248,818,0.3402760179002221,0.29177096370463074,0.3902173913043478,5,results/reviewer1_remaining/reliability_calibration/development/raw_parts/ReliabilityShift-boundary-020-calibration-development__rel_b005_l5_e1e4.csv.gz
ReliabilityShift-boundary-020-calibration-development,rel_b005_l5_e1e4,0.05,5.0,0.0001,post_shift_changed_region,value_error,Evaluation rows with analytic full-action Q*: target=1 means the tabular Q-vector RMSE is lower than the neural Q-vector RMSE. Numerical ties are excluded.,mean_seed_selective_error_rate,0.19999999999999996,0.2017114914425428,165,818,0.2844331760603108,0.17407815785424896,0.3947035745422842,5,results/reviewer1_remaining/reliability_calibration/development/raw_parts/ReliabilityShift-boundary-020-calibration-development__rel_b005_l5_e1e4.csv.gz
ReliabilityShift-boundary-020-calibration-development,rel_b005_l5_e1e4,0.05,5.0,0.0001,post_shift_changed_region,value_error,Evaluation rows with analytic full-action Q*: target=1 means the tabular Q-vector RMSE is lower than the neural Q-vector RMSE. Numerical ties are excluded.,mean_seed_selective_error_rate,0.1,0.10268948655256724,84,818,0.218343653250774,0.05510835913312695,0.38676470588235295,5,results/reviewer1_remaining/reliability_calibration/development/raw_parts/ReliabilityShift-boundary-020-calibration-development__rel_b005_l5_e1e4.csv.gz
ReliabilityShift-boundary-020-calibration-development,rel_b005_l5_e1e8,0.05,5.0,1e-08,post_shift_changed_region,value_error,Evaluation rows with analytic full-action Q*: target=1 means the tabular Q-vector RMSE is lower than the neural Q-vector RMSE. Numerical ties are excluded.,mean_seed_selective_error_rate,1.0,1.0,818,818,0.4629385561258247,0.4270284899047441,0.5019068276732817,5,results/reviewer1_remaining/reliability_calibration/development/raw_parts/ReliabilityShift-boundary-020-calibration-development__rel_b005_l5_e1e8.csv.gz
ReliabilityShift-boundary-020-calibration-development,rel_b005_l5_e1e8,0.05,5.0,1e-08,post_shift_changed_region,value_error,Evaluation rows with analytic full-action Q*: target=1 means the tabular Q-vector RMSE is lower than the neural Q-vector RMSE. Numerical ties are excluded.,mean_seed_selective_error_rate,0.9,0.9034229828850856,739,818,0.44826411739882843,0.4005236908142649,0.5117923052862059,5,results/reviewer1_remaining/reliability_calibration/development/raw_parts/ReliabilityShift-boundary-020-calibration-development__rel_b005_l5_e1e8.csv.gz
ReliabilityShift-boundary-020-calibration-development,rel_b005_l5_e1e8,0.05,5.0,1e-08,post_shift_changed_region,value_error,Evaluation rows with analytic full-action Q*: target=1 means the tabular Q-vector RMSE is lower than the neural Q-vector RMSE. Numerical ties are excluded.,mean_seed_selective_error_rate,0.8,0.80440097799511,658,818,0.44072881549927667,0.3925676463117632,0.5155279382682539,5,results/reviewer1_remaining/reliability_calibration/development/raw_parts/ReliabilityShift-boundary-020-calibration-development__rel_b005_l5_e1e8.csv.gz
ReliabilityShift-boundary-020-calibration-development,rel_b005_l5_e1e8,0.05,5.0,1e-08,post_shift_changed_region,value_error,Evaluation rows with analytic full-action Q*: target=1 means the tabular Q-vector RMSE is lower than the neural Q-vector RMSE. Numerical ties are excluded.,mean_seed_selective_error_rate,0.7,0.7029339853300733,575,818,0.4152631427597228,0.3611287758346582,0.48027815777473776,5,results/reviewer1_remaining/reliability_calibration/development/raw_parts/ReliabilityShift-boundary-020-calibration-development__rel_b005_l5_e1e8.csv.gz
ReliabilityShift-boundary-020-calibration-development,rel_b005_l5_e1e8,0.05,5.0,1e-08,post_shift_changed_region,value_error,Evaluation rows with analytic full-action Q*: target=1 means the tabular Q-vector RMSE is lower than the neural Q-vector RMSE. Numerical ties are excluded.,mean_seed_selective_error_rate,0.6,0.6026894865525673,493,818,0.38561977419953364,0.3453989813242785,0.4299843321582452,5,results/reviewer1_remaining/reliability_calibration/development/raw_parts/ReliabilityShift-boundary-020-calibration-development__rel_b005_l5_e1e8.csv.gz
ReliabilityShift-boundary-020-calibration-development,rel_b005_l5_e1e8,0.05,5.0,1e-08,post_shift_changed_region,value_error,Evaluation rows with analytic full-action Q*: target=1 means the tabular Q-vector RMSE is lower than the neural Q-vector RMSE. Numerical ties are excluded.,mean_seed_selective_error_rate,0.5,0.5012224938875306,410,818,0.3525398189495441,0.3044420343811713,0.4165214069817651,5,results/reviewer1_remaining/reliability_calibration/development/raw_parts/ReliabilityShift-boundary-020-calibration-development__rel_b005_l5_e1e8.csv.gz
ReliabilityShift-boundary-020-calibration-development,rel_b005_l5_e1e8,0.05,5.0,1e-08,post_shift_changed_region,value_error,Evaluation rows with analytic full-action Q*: target=1 means the tabular Q-vector RMSE is lower than the neural Q-vector RMSE. Numerical ties are excluded.,mean_seed_selective_error_rate,0.3999999999999999,0.4034229828850856,330,818,0.34372131263141703,0.2786655725934664,0.4107862903225807,5,results/reviewer1_remaining/reliability_calibration/development/raw_parts/ReliabilityShift-boundary-020-calibration-development__rel_b005_l5_e1e8.csv.gz
ReliabilityShift-boundary-020-calibration-development,rel_b005_l5_e1e8,0.05,5.0,1e-08,post_shift_changed_region,value_error,Evaluation rows with analytic full-action Q*: target=1 means the tabular Q-vector RMSE is lower than the neural Q-vector RMSE. Numerical ties are excluded.,mean_seed_selective_error_rate,0.29999999999999993,0.30317848410757947,248,818,0.3402760179002221,0.29177096370463074,0.38354037267080743,5,results/reviewer1_remaining/reliability_calibration/development/raw_parts/ReliabilityShift-boundary-020-calibration-development__rel_b005_l5_e1e8.csv.gz
ReliabilityShift-boundary-020-calibration-development,rel_b005_l5_e1e8,0.05,5.0,1e-08,post_shift_changed_region,value_error,Evaluation rows with analytic full-action Q*: target=1 means the tabular Q-vector RMSE is lower than the neural Q-vector RMSE. Numerical ties are excluded.,mean_seed_selective_error_rate,0.19999999999999996,0.2017114914425428,165,818,0.2844331760603108,0.17077798861480079,0.38529411764705884,5,results/reviewer1_remaining/reliability_calibration/development/raw_parts/ReliabilityShift-boundary-020-calibration-development__rel_b005_l5_e1e8.csv.gz
ReliabilityShift-boundary-020-calibration-development,rel_b005_l5_e1e8,0.05,5.0,1e-08,post_shift_changed_region,value_error,Evaluation rows with analytic full-action Q*: target=1 means the tabular Q-vector RMSE is lower than the neural Q-vector RMSE. Numerical ties are excluded.,mean_seed_selective_error_rate,0.1,0.10268948655256724,84,818,0.218343653250774,0.05510835913312695,0.38709558823529233,5,results/reviewer1_remaining/reliability_calibration/development/raw_parts/ReliabilityShift-boundary-020-calibration-development__rel_b005_l5_e1e8.csv.gz
ReliabilityShift-boundary-020-calibration-development,rel_b010_l10_e1e4,0.1,10.0,0.0001,post_shift_changed_region,value_error,Evaluation rows with analytic full-action Q*: target=1 means the tabular Q-vector RMSE is lower than the neural Q-vector RMSE. Numerical ties are excluded.,mean_seed_selective_error_rate,1.0,1.0,818,818,0.37568978732910624,0.349642267473858,0.4037146865201164,5,results/reviewer1_remaining/reliability_calibration/development/raw_parts/ReliabilityShift-boundary-020-calibration-development__rel_b010_l10_e1e4.csv.gz
ReliabilityShift-boundary-020-calibration-development,rel_b010_l10_e1e4,0.1,10.0,0.0001,post_shift_changed_region,value_error,Evaluation rows with analytic full-action Q*: target=1 means the tabular Q-vector RMSE is lower than the neural Q-vector RMSE. Numerical ties are excluded.,mean_seed_selective_error_rate,0.9,0.9034229828850856,739,818,0.3642542899527045,0.3395415136422331,0.3904080230926747,5,results/reviewer1_remaining/reliability_calibration/development/raw_parts/ReliabilityShift-boundary-020-calibration-development__rel_b010_l10_e1e4.csv.gz
ReliabilityShift-boundary-020-calibration-development,rel_b010_l10_e1e4,0.1,10.0,0.0001,post_shift_changed_region,value_error,Evaluation rows with analytic full-action Q*: target=1 means the tabular Q-vector RMSE is lower than the neural Q-vector RMSE. Numerical ties are excluded.,mean_seed_selective_error_rate,0.8,0.80440097799511,658,818,0.3376531898397078,0.3082236399766917,0.36718528591968197,5,results/reviewer1_remaining/reliability_calibration/development/raw_parts/ReliabilityShift-boundary-020-calibration-development__rel_b010_l10_e1e4.csv.gz
ReliabilityShift-boundary-020-calibration-development,rel_b010_l10_e1e4,0.1,10.0,0.0001,post_shift_changed_region,value_error,Evaluation rows with analytic full-action Q*: target=1 means the tabular Q-vector RMSE is lower than the neural Q-vector RMSE. Numerical ties are excluded.,mean_seed_selective_error_rate,0.7,0.7029339853300733,575,818,0.3131677211704571,0.2748281210661512,0.35395269218798625,5,results/reviewer1_remaining/reliability_calibration/development/raw_parts/ReliabilityShift-boundary-020-calibration-development__rel_b010_l10_e1e4.csv.gz
ReliabilityShift-boundary-020-calibration-development,rel_b010_l10_e1e4,0.1,10.0,0.0001,post_shift_changed_region,value_error,Evaluation rows with analytic full-action Q*: target=1 means the tabular Q-vector RMSE is lower than the neural Q-vector RMSE. Numerical ties are excluded.,mean_seed_selective_error_rate,0.6,0.6026894865525673,493,818,0.2815550716305387,0.25134409951747416,0.3150658202308014,5,results/reviewer1_remaining/reliability_calibration/development/raw_parts/ReliabilityShift-boundary-020-calibration-development__rel_b010_l10_e1e4.csv.gz
ReliabilityShift-boundary-020-calibration-development,rel_b010_l10_e1e4,0.1,10.0,0.0001,post_shift_changed_region,value_error,Evaluation rows with analytic full-action Q*: target=1 means the tabular Q-vector RMSE is lower than the neural Q-vector RMSE. Numerical ties are excluded.,mean_seed_selective_error_rate,0.5,0.5012224938875306,410,818,0.25841084520064095,0.2298821182297906,0.28861726508785335,5,results/reviewer1_remaining/reliability_calibration/development/raw_parts/ReliabilityShift-boundary-020-calibration-development__rel_b010_l10_e1e4.csv.gz
ReliabilityShift-boundary-020-calibration-development,rel_b010_l10_e1e4,0.1,10.0,0.0001,post_shift_changed_region,value_error,Evaluation rows with analytic full-action Q*: target=1 means the tabular Q-vector RMSE is lower than the neural Q-vector RMSE. Numerical ties are excluded.,mean_seed_selective_error_rate,0.3999999999999999,0.4034229828850856,330,818,0.2585560477460383,0.2329452792450895,0.2789314516129032,5,results/reviewer1_remaining/reliability_calibration/development/raw_parts/ReliabilityShift-boundary-020-calibration-development__rel_b010_l10_e1e4.csv.gz
ReliabilityShift-boundary-020-calibration-development,rel_b010_l10_e1e4,0.1,10.0,0.0001,post_shift_changed_region,value_error,Evaluation rows with analytic full-action Q*: target=1 means the tabular Q-vector RMSE is lower than the neural Q-vector RMSE. Numerical ties are excluded.,mean_seed_selective_error_rate,0.29999999999999993,0.30317848410757947,248,818,0.22305120012852503,0.1858021932177126,0.26638959931798806,5,results/reviewer1_remaining/reliability_calibration/development/raw_parts/ReliabilityShift-boundary-020-calibration-development__rel_b010_l10_e1e4.csv.gz
ReliabilityShift-boundary-020-calibration-development,rel_b010_l10_e1e4,0.1,10.0,0.0001,post_shift_changed_region,value_error,Evaluation rows with analytic full-action Q*: target=1 means the tabular Q-vector RMSE is lower than the neural Q-vector RMSE. Numerical ties are excluded.,mean_seed_selective_error_rate,0.19999999999999996,0.2017114914425428,165,818,0.13474088414790503,0.05366363339145597,0.21366223908918408,5,results/reviewer1_remaining/reliability_calibration/development/raw_parts/ReliabilityShift-boundary-020-calibration-development__rel_b010_l10_e1e4.csv.gz
ReliabilityShift-boundary-020-calibration-development,rel_b010_l10_e1e4,0.1,10.0,0.0001,post_shift_changed_region,value_error,Evaluation rows with analytic full-action Q*: target=1 means the tabular Q-vector RMSE is lower than the neural Q-vector RMSE. Numerical ties are excluded.,mean_seed_selective_error_rate,0.1,0.10268948655256724,84,818,0.061764705882352944,0.011764705882352944,0.125,5,results/reviewer1_remaining/reliability_calibration/development/raw_parts/ReliabilityShift-boundary-020-calibration-development__rel_b010_l10_e1e4.csv.gz
ReliabilityShift-boundary-020-calibration-development,rel_b010_l10_e1e8,0.1,10.0,1e-08,post_shift_changed_region,value_error,Evaluation rows with analytic full-action Q*: target=1 means the tabular Q-vector RMSE is lower than the neural Q-vector RMSE. Numerical ties are excluded.,mean_seed_selective_error_rate,1.0,1.0,818,818,0.37568978732910624,0.34628108016618236,0.40317826641847887,5,results/reviewer1_remaining/reliability_calibration/development/raw_parts/ReliabilityShift-boundary-020-calibration-development__rel_b010_l10_e1e8.csv.gz
ReliabilityShift-boundary-020-calibration-development,rel_b010_l10_e1e8,0.1,10.0,1e-08,post_shift_changed_region,value_error,Evaluation rows with analytic full-action Q*: target=1 means the tabular Q-vector RMSE is lower than the neural Q-vector RMSE. Numerical ties are excluded.,mean_seed_selective_error_rate,0.9,0.9034229828850856,739,818,0.3642542899527045,0.3395415136422331,0.3917109790428526,5,results/reviewer1_remaining/reliability_calibration/development/raw_parts/ReliabilityShift-boundary-020-calibration-development__rel_b010_l10_e1e8.csv.gz
ReliabilityShift-boundary-020-calibration-development,rel_b010_l10_e1e8,0.1,10.0,1e-08,post_shift_changed_region,value_error,Evaluation rows with analytic full-action Q*: target=1 means the tabular Q-vector RMSE is lower than the neural Q-vector RMSE. Numerical ties are excluded.,mean_seed_selective_error_rate,0.8,0.80440097799511,658,818,0.3376531898397078,0.3082236399766917,0.367082739702724,5,results/reviewer1_remaining/reliability_calibration/development/raw_parts/ReliabilityShift-boundary-020-calibration-development__rel_b010_l10_e1e8.csv.gz
ReliabilityShift-boundary-020-calibration-development,rel_b010_l10_e1e8,0.1,10.0,1e-08,post_shift_changed_region,value_error,Evaluation rows with analytic full-action Q*: target=1 means the tabular Q-vector RMSE is lower than the neural Q-vector RMSE. Numerical ties are excluded.,mean_seed_selective_error_rate,0.7,0.7029339853300733,575,818,0.3131677211704571,0.2769218798630563,0.35770770770770766,5,results/reviewer1_remaining/reliability_calibration/development/raw_parts/ReliabilityShift-boundary-020-calibration-development__rel_b010_l10_e1e8.csv.gz
ReliabilityShift-boundary-020-calibration-development,rel_b010_l10_e1e8,0.1,10.0,1e-08,post_shift_changed_region,value_error,Evaluation rows with analytic full-action Q*: target=1 means the tabular Q-vector RMSE is lower than the neural Q-vector RMSE. Numerical ties are excluded.,mean_seed_selective_error_rate,0.6,0.6026894865525673,493,818,0.2815550716305387,0.2513440995174741,0.3150658202308014,5,results/reviewer1_remaining/reliability_calibration/development/raw_parts/ReliabilityShift-boundary-020-calibration-development__rel_b010_l10_e1e8.csv.gz
ReliabilityShift-boundary-020-calibration-development,rel_b010_l10_e1e8,0.1,10.0,1e-08,post_shift_changed_region,value_error,Evaluation rows with analytic full-action Q*: target=1 means the tabular Q-vector RMSE is lower than the neural Q-vector RMSE. Numerical ties are excluded.,mean_seed_selective_error_rate,0.5,0.5012224938875306,410,818,0.25841084520064095,0.2255173215531272,0.28861726508785335,5,results/reviewer1_remaining/reliability_calibration/development/raw_parts/ReliabilityShift-boundary-020-calibration-development__rel_b010_l10_e1e8.csv.gz
ReliabilityShift-boundary-020-calibration-development,rel_b010_l10_e1e8,0.1,10.0,1e-08,post_shift_changed_region,value_error,Evaluation rows with analytic full-action Q*: target=1 means the tabular Q-vector RMSE is lower than the neural Q-vector RMSE. Numerical ties are excluded.,mean_seed_selective_error_rate,0.3999999999999999,0.4034229828850856,330,818,0.2585560477460383,0.23149312144212528,0.2803836094158675,5,results/reviewer1_remaining/reliability_calibration/development/raw_parts/ReliabilityShift-boundary-020-calibration-development__rel_b010_l10_e1e8.csv.gz
ReliabilityShift-boundary-020-calibration-development,rel_b010_l10_e1e8,0.1,10.0,1e-08,post_shift_changed_region,value_error,Evaluation rows with analytic full-action Q*: target=1 means the tabular Q-vector RMSE is lower than the neural Q-vector RMSE. Numerical ties are excluded.,mean_seed_selective_error_rate,0.29999999999999993,0.30317848410757947,248,818,0.22305120012852503,0.1858021932177126,0.26638959931798806,5,results/reviewer1_remaining/reliability_calibration/development/raw_parts/ReliabilityShift-boundary-020-calibration-development__rel_b010_l10_e1e8.csv.gz
ReliabilityShift-boundary-020-calibration-development,rel_b010_l10_e1e8,0.1,10.0,1e-08,post_shift_changed_region,value_error,Evaluation rows with analytic full-action Q*: target=1 means the tabular Q-vector RMSE is lower than the neural Q-vector RMSE. Numerical ties are excluded.,mean_seed_selective_error_rate,0.19999999999999996,0.2017114914425428,165,818,0.13474088414790503,0.05882352941176472,0.20763757115749523,5,results/reviewer1_remaining/reliability_calibration/development/raw_parts/ReliabilityShift-boundary-020-calibration-development__rel_b010_l10_e1e8.csv.gz
ReliabilityShift-boundary-020-calibration-development,rel_b010_l10_e1e8,0.1,10.0,1e-08,post_shift_changed_region,value_error,Evaluation rows with analytic full-action Q*: target=1 means the tabular Q-vector RMSE is lower than the neural Q-vector RMSE. Numerical ties are excluded.,mean_seed_selective_error_rate,0.1,0.10268948655256724,84,818,0.061764705882352944,0.011764705882352944,0.125,5,results/reviewer1_remaining/reliability_calibration/development/raw_parts/ReliabilityShift-boundary-020-calibration-development__rel_b010_l10_e1e8.csv.gz
ReliabilityShift-boundary-020-calibration-development,rel_b010_l1_e1e4,0.1,1.0,0.0001,post_shift_changed_region,value_error,Evaluation rows with analytic full-action Q*: target=1 means the tabular Q-vector RMSE is lower than the neural Q-vector RMSE. Numerical ties are excluded.,mean_seed_selective_error_rate,1.0,1.0,818,818,0.38154805949172627,0.3546250238042437,0.40785424808922255,5,results/reviewer1_remaining/reliability_calibration/development/raw_parts/ReliabilityShift-boundary-020-calibration-development__rel_b010_l1_e1e4.csv.gz
ReliabilityShift-boundary-020-calibration-development,rel_b010_l1_e1e4,0.1,1.0,0.0001,post_shift_changed_region,value_error,Evaluation rows with analytic full-action Q*: target=1 means the tabular Q-vector RMSE is lower than the neural Q-vector RMSE. Numerical ties are excluded.,mean_seed_selective_error_rate,0.9,0.9034229828850856,739,818,0.3682161061024174,0.3436946469547462,0.3943179367084707,5,results/reviewer1_remaining/reliability_calibration/development/raw_parts/ReliabilityShift-boundary-020-calibration-development__rel_b010_l1_e1e4.csv.gz
ReliabilityShift-boundary-020-calibration-development,rel_b010_l1_e1e4,0.1,1.0,0.0001,post_shift_changed_region,value_error,Evaluation rows with analytic full-action Q*: target=1 means the tabular Q-vector RMSE is lower than the neural Q-vector RMSE. Numerical ties are excluded.,mean_seed_selective_error_rate,0.8,0.80440097799511,658,818,0.3361826016044137,0.30509776798567906,0.367082739702724,5,results/reviewer1_remaining/reliability_calibration/development/raw_parts/ReliabilityShift-boundary-020-calibration-development__rel_b010_l1_e1e4.csv.gz
ReliabilityShift-boundary-020-calibration-development,rel_b010_l1_e1e4,0.1,1.0,0.0001,post_shift_changed_region,value_error,Evaluation rows with analytic full-action Q*: target=1 means the tabular Q-vector RMSE is lower than the neural Q-vector RMSE. Numerical ties are excluded.,mean_seed_selective_error_rate,0.7,0.7029339853300733,575,818,0.31231337845564927,0.2739224665353256,0.35095327886025557,5,results/reviewer1_remaining/reliability_calibration/development/raw_parts/ReliabilityShift-boundary-020-calibration-development__rel_b010_l1_e1e4.csv.gz
ReliabilityShift-boundary-020-calibration-development,rel_b010_l1_e1e4,0.1,1.0,0.0001,post_shift_changed_region,value_error,Evaluation rows with analytic full-action Q*: target=1 means the tabular Q-vector RMSE is lower than the neural Q-vector RMSE. Numerical ties are excluded.,mean_seed_selective_error_rate,0.6,0.6026894865525673,493,818,0.281341942900786,0.25570839260312944,0.30899815746775566,5,results/reviewer1_remaining/reliability_calibration/development/raw_parts/ReliabilityShift-boundary-020-calibration-development__rel_b010_l1_e1e4.csv.gz
ReliabilityShift-boundary-020-calibration-development,rel_b010_l1_e1e4,0.1,1.0,0.0001,post_shift_changed_region,value_error,Evaluation rows with analytic full-action Q*: target=1 means the tabular Q-vector RMSE is lower than the neural Q-vector RMSE. Numerical ties are excluded.,mean_seed_selective_error_rate,0.5,0.5012224938875306,410,818,0.26360565039544614,0.2298908996730228,0.29732040111786945,5,results/reviewer1_remaining/reliability_calibration/development/raw_parts/ReliabilityShift-boundary-020-calibration-development__rel_b010_l1_e1e4.csv.gz
ReliabilityShift-boundary-020-calibration-development,rel_b010_l1_e1e4,0.1,1.0,0.0001,post_shift_changed_region,value_error,Evaluation rows with analytic full-action Q*: target=1 means the tabular Q-vector RMSE is lower than the neural Q-vector RMSE. Numerical ties are excluded.,mean_seed_selective_error_rate,0.3999999999999999,0.4034229828850856,330,818,0.2650076606492641,0.23149312144212528,0.2997384481255449,5,results/reviewer1_remaining/reliability_calibration/development/raw_parts/ReliabilityShift-boundary-020-calibration-development__rel_b010_l1_e1e4.csv.gz
ReliabilityShift-boundary-020-calibration-development,rel_b010_l1_e1e4,0.1,1.0,0.0001,post_shift_changed_region,value_error,Evaluation rows with analytic full-action Q*: target=1 means the tabular Q-vector RMSE is lower than the neural Q-vector RMSE. Numerical ties are excluded.,mean_seed_selective_error_rate,0.29999999999999993,0.30317848410757947,248,818,0.23973872620278452,0.211654449013648,0.2703688649372789,5,results/reviewer1_remaining/reliability_calibration/development/raw_parts/ReliabilityShift-boundary-020-calibration-development__rel_b010_l1_e1e4.csv.gz
ReliabilityShift-boundary-020-calibration-development,rel_b010_l1_e1e4,0.1,1.0,0.0001,post_shift_changed_region,value_error,Evaluation rows with analytic full-action Q*: target=1 means the tabular Q-vector RMSE is lower than the neural Q-vector RMSE. Numerical ties are excluded.,mean_seed_selective_error_rate,0.19999999999999996,0.2017114914425428,165,818,0.13474088414790503,0.05882352941176472,0.20855492589363553,5,results/reviewer1_remaining/reliability_calibration/development/raw_parts/ReliabilityShift-boundary-020-calibration-development__rel_b010_l1_e1e4.csv.gz
ReliabilityShift-boundary-020-calibration-development,rel_b010_l1_e1e4,0.1,1.0,0.0001,post_shift_changed_region,value_error,Evaluation rows with analytic full-action Q*: target=1 means the tabular Q-vector RMSE is lower than the neural Q-vector RMSE. Numerical ties are excluded.,mean_seed_selective_error_rate,0.1,0.10268948655256724,84,818,0.061764705882352944,0.011764705882352944,0.125,5,results/reviewer1_remaining/reliability_calibration/development/raw_parts/ReliabilityShift-boundary-020-calibration-development__rel_b010_l1_e1e4.csv.gz
ReliabilityShift-boundary-020-calibration-development,rel_b010_l1_e1e8,0.1,1.0,1e-08,post_shift_changed_region,value_error,Evaluation rows with analytic full-action Q*: target=1 means the tabular Q-vector RMSE is lower than the neural Q-vector RMSE. Numerical ties are excluded.,mean_seed_selective_error_rate,1.0,1.0,818,818,0.38154805949172627,0.3546250238042437,0.40785107191756803,5,results/reviewer1_remaining/reliability_calibration/development/raw_parts/ReliabilityShift-boundary-020-calibration-development__rel_b010_l1_e1e8.csv.gz
ReliabilityShift-boundary-020-calibration-development,rel_b010_l1_e1e8,0.1,1.0,1e-08,post_shift_changed_region,value_error,Evaluation rows with analytic full-action Q*: target=1 means the tabular Q-vector RMSE is lower than the neural Q-vector RMSE. Numerical ties are excluded.,mean_seed_selective_error_rate,0.9,0.9034229828850856,739,818,0.3682161061024174,0.3439653871308548,0.3943179367084707,5,results/reviewer1_remaining/reliability_calibration/development/raw_parts/ReliabilityShift-boundary-020-calibration-development__rel_b010_l1_e1e8.csv.gz
ReliabilityShift-boundary-020-calibration-development,rel_b010_l1_e1e8,0.1,1.0,1e-08,post_shift_changed_region,value_error,Evaluation rows with analytic full-action Q*: target=1 means the tabular Q-vector RMSE is lower than the neural Q-vector RMSE. Numerical ties are excluded.,mean_seed_selective_error_rate,0.8,0.80440097799511,658,818,0.3361826016044137,0.305097767985679,0.3671852859196819,5,results/reviewer1_remaining/reliability_calibration/development/raw_parts/ReliabilityShift-boundary-020-calibration-development__rel_b010_l1_e1e8.csv.gz
ReliabilityShift-boundary-020-calibration-development,rel_b010_l1_e1e8,0.1,1.0,1e-08,post_shift_changed_region,value_error,Evaluation rows with analytic full-action Q*: target=1 means the tabular Q-vector RMSE is lower than the neural Q-vector RMSE. Numerical ties are excluded.,mean_seed_selective_error_rate,0.7,0.7029339853300733,575,818,0.31231337845564927,0.2751713898772722,0.36171403962101634,5,results/reviewer1_remaining/reliability_calibration/development/raw_parts/ReliabilityShift-boundary-020-calibration-development__rel_b010_l1_e1e8.csv.gz
ReliabilityShift-boundary-020-calibration-development,rel_b010_l1_e1e8,0.1,1.0,1e-08,post_shift_changed_region,value_error,Evaluation rows with analytic full-action Q*: target=1 means the tabular Q-vector RMSE is lower than the neural Q-vector RMSE. Numerical ties are excluded.,mean_seed_selective_error_rate,0.6,0.6026894865525673,493,818,0.281341942900786,0.25526566814492513,0.30902995397014027,5,results/reviewer1_remaining/reliability_calibration/development/raw_parts/ReliabilityShift-boundary-020-calibration-development__rel_b010_l1_e1e8.csv.gz
ReliabilityShift-boundary-020-calibration-development,rel_b010_l1_e1e8,0.1,1.0,1e-08,post_shift_changed_region,value_error,Evaluation rows with analytic full-action Q*: target=1 means the tabular Q-vector RMSE is lower than the neural Q-vector RMSE. Numerical ties are excluded.,mean_seed_selective_error_rate,0.5,0.5012224938875306,410,818,0.26360565039544614,0.22953964194373405,0.2990068754774637,5,results/reviewer1_remaining/reliability_calibration/development/raw_parts/ReliabilityShift-boundary-020-calibration-development__rel_b010_l1_e1e8.csv.gz
ReliabilityShift-boundary-020-calibration-development,rel_b010_l1_e1e8,0.1,1.0,1e-08,post_shift_changed_region,value_error,Evaluation rows with analytic full-action Q*: target=1 means the tabular Q-vector RMSE is lower than the neural Q-vector RMSE. Numerical ties are excluded.,mean_seed_selective_error_rate,0.3999999999999999,0.4034229828850856,330,818,0.2650076606492641,0.2314502787001898,0.2997384481255449,5,results/reviewer1_remaining/reliability_calibration/development/raw_parts/ReliabilityShift-boundary-020-calibration-development__rel_b010_l1_e1e8.csv.gz
ReliabilityShift-boundary-020-calibration-development,rel_b010_l1_e1e8,0.1,1.0,1e-08,post_shift_changed_region,value_error,Evaluation rows with analytic full-action Q*: target=1 means the tabular Q-vector RMSE is lower than the neural Q-vector RMSE. Numerical ties are excluded.,mean_seed_selective_error_rate,0.29999999999999993,0.30317848410757947,248,818,0.23973872620278452,0.211654449013648,0.2686170212765957,5,results/reviewer1_remaining/reliability_calibration/development/raw_parts/ReliabilityShift-boundary-020-calibration-development__rel_b010_l1_e1e8.csv.gz
ReliabilityShift-boundary-020-calibration-development,rel_b010_l1_e1e8,0.1,1.0,1e-08,post_shift_changed_region,value_error,Evaluation rows with analytic full-action Q*: target=1 means the tabular Q-vector RMSE is lower than the neural Q-vector RMSE. Numerical ties are excluded.,mean_seed_selective_error_rate,0.19999999999999996,0.2017114914425428,165,818,0.13474088414790503,0.06184419713831477,0.21366223908918408,5,results/reviewer1_remaining/reliability_calibration/development/raw_parts/ReliabilityShift-boundary-020-calibration-development__rel_b010_l1_e1e8.csv.gz
ReliabilityShift-boundary-020-calibration-development,rel_b010_l1_e1e8,0.1,1.0,1e-08,post_shift_changed_region,value_error,Evaluation rows with analytic full-action Q*: target=1 means the tabular Q-vector RMSE is lower than the neural Q-vector RMSE. Numerical ties are excluded.,mean_seed_selective_error_rate,0.1,0.10268948655256724,84,818,0.061764705882352944,0.011764705882352944,0.125,5,results/reviewer1_remaining/reliability_calibration/development/raw_parts/ReliabilityShift-boundary-020-calibration-development__rel_b010_l1_e1e8.csv.gz
ReliabilityShift-boundary-020-calibration-development,rel_b010_l20_e1e6,0.1,20.0,1e-06,post_shift_changed_region,value_error,Evaluation rows with analytic full-action Q*: target=1 means the tabular Q-vector RMSE is lower than the neural Q-vector RMSE. Numerical ties are excluded.,mean_seed_selective_error_rate,1.0,1.0,818,818,0.374980307726655,0.35251613041291713,0.40175678967239065,5,results/reviewer1_remaining/reliability_calibration/development/raw_parts/ReliabilityShift-boundary-020-calibration-development__rel_b010_l20_e1e6.csv.gz
ReliabilityShift-boundary-020-calibration-development,rel_b010_l20_e1e6,0.1,20.0,1e-06,post_shift_changed_region,value_error,Evaluation rows with analytic full-action Q*: target=1 means the tabular Q-vector RMSE is lower than the neural Q-vector RMSE. Numerical ties are excluded.,mean_seed_selective_error_rate,0.9,0.9034229828850856,739,818,0.36464926808784337,0.3356595448019969,0.39756764974156267,5,results/reviewer1_remaining/reliability_calibration/development/raw_parts/ReliabilityShift-boundary-020-calibration-development__rel_b010_l20_e1e6.csv.gz
ReliabilityShift-boundary-020-calibration-development,rel_b010_l20_e1e6,0.1,20.0,1e-06,post_shift_changed_region,value_error,Evaluation rows with analytic full-action Q*: target=1 means the tabular Q-vector RMSE is lower than the neural Q-vector RMSE. Numerical ties are excluded.,mean_seed_selective_error_rate,0.8,0.80440097799511,658,818,0.3333756839873988,0.30523202683925243,0.3629077800673729,5,results/reviewer1_remaining/reliability_calibration/development/raw_parts/ReliabilityShift-boundary-020-calibration-development__rel_b010_l20_e1e6.csv.gz
ReliabilityShift-boundary-020-calibration-development,rel_b010_l20_e1e6,0.1,20.0,1e-06,post_shift_changed_region,value_error,Evaluation rows with analytic full-action Q*: target=1 means the tabular Q-vector RMSE is lower than the neural Q-vector RMSE. Numerical ties are excluded.,mean_seed_selective_error_rate,0.7,0.7029339853300733,575,818,0.3113158693186053,0.2748281210661512,0.3521008403361344,5,results/reviewer1_remaining/reliability_calibration/development/raw_parts/ReliabilityShift-boundary-020-calibration-development__rel_b010_l20_e1e6.csv.gz
ReliabilityShift-boundary-020-calibration-development,rel_b010_l20_e1e6,0.1,20.0,1e-06,post_shift_changed_region,value_error,Evaluation rows with analytic full-action Q*: target=1 means the tabular Q-vector RMSE is lower than the neural Q-vector RMSE. Numerical ties are excluded.,mean_seed_selective_error_rate,0.6,0.6026894865525673,493,818,0.2697974740162504,0.23568683234317905,0.31332398316970544,5,results/reviewer1_remaining/reliability_calibration/development/raw_parts/ReliabilityShift-boundary-020-calibration-development__rel_b010_l20_e1e6.csv.gz
ReliabilityShift-boundary-020-calibration-development,rel_b010_l20_e1e6,0.1,20.0,1e-06,post_shift_changed_region,value_error,Evaluation rows with analytic full-action Q*: target=1 means the tabular Q-vector RMSE is lower than the neural Q-vector RMSE. Numerical ties are excluded.,mean_seed_selective_error_rate,0.5,0.5012224938875306,410,818,0.2628244283153798,0.23605490627731557,0.2912146676852559,5,results/reviewer1_remaining/reliability_calibration/development/raw_parts/ReliabilityShift-boundary-020-calibration-development__rel_b010_l20_e1e6.csv.gz
ReliabilityShift-boundary-020-calibration-development,rel_b010_l20_e1e6,0.1,20.0,1e-06,post_shift_changed_region,value_error,Evaluation rows with analytic full-action Q*: target=1 means the tabular Q-vector RMSE is lower than the neural Q-vector RMSE. Numerical ties are excluded.,mean_seed_selective_error_rate,0.3999999999999999,0.4034229828850856,330,818,0.22033261321093392,0.18662239089184057,0.2528035091543156,5,results/reviewer1_remaining/reliability_calibration/development/raw_parts/ReliabilityShift-boundary-020-calibration-development__rel_b010_l20_e1e6.csv.gz
ReliabilityShift-boundary-020-calibration-development,rel_b010_l20_e1e6,0.1,20.0,1e-06,post_shift_changed_region,value_error,Evaluation rows with analytic full-action Q*: target=1 means the tabular Q-vector RMSE is lower than the neural Q-vector RMSE. Numerical ties are excluded.,mean_seed_selective_error_rate,0.29999999999999993,0.30317848410757947,248,818,0.19459896817191263,0.12889772930448778,0.2603002070393375,5,results/reviewer1_remaining/reliability_calibration/development/raw_parts/ReliabilityShift-boundary-020-calibration-development__rel_b010_l20_e1e6.csv.gz
ReliabilityShift-boundary-020-calibration-development,rel_b010_l20_e1e6,0.1,20.0,1e-06,post_shift_changed_region,value_error,Evaluation rows with analytic full-action Q*: target=1 means the tabular Q-vector RMSE is lower than the neural Q-vector RMSE. Numerical ties are excluded.,mean_seed_selective_error_rate,0.19999999999999996,0.2017114914425428,165,818,0.13474088414790503,0.05371621621621621,0.20855492589363553,5,results/reviewer1_remaining/reliability_calibration/development/raw_parts/ReliabilityShift-boundary-020-calibration-development__rel_b010_l20_e1e6.csv.gz
ReliabilityShift-boundary-020-calibration-development,rel_b010_l20_e1e6,0.1,20.0,1e-06,post_shift_changed_region,value_error,Evaluation rows with analytic full-action Q*: target=1 means the tabular Q-vector RMSE is lower than the neural Q-vector RMSE. Numerical ties are excluded.,mean_seed_selective_error_rate,0.1,0.10268948655256724,84,818,0.05,0.0,0.125,5,results/reviewer1_remaining/reliability_calibration/development/raw_parts/ReliabilityShift-boundary-020-calibration-development__rel_b010_l20_e1e6.csv.gz
ReliabilityShift-boundary-020-calibration-development,rel_b010_l5_e1e6,0.1,5.0,1e-06,post_shift_changed_region,value_error,Evaluation rows with analytic full-action Q*: target=1 means the tabular Q-vector RMSE is lower than the neural Q-vector RMSE. Numerical ties are excluded.,mean_seed_selective_error_rate,1.0,1.0,818,818,0.37568978732910624,0.3482136169575313,0.4037146865201164,5,results/reviewer1_remaining/reliability_calibration/development/raw_parts/ReliabilityShift-boundary-020-calibration-development__rel_b010_l5_e1e6.csv.gz
ReliabilityShift-boundary-020-calibration-development,rel_b010_l5_e1e6,0.1,5.0,1e-06,post_shift_changed_region,value_error,Evaluation rows with analytic full-action Q*: target=1 means the tabular Q-vector RMSE is lower than the neural Q-vector RMSE. Numerical ties are excluded.,mean_seed_selective_error_rate,0.9,0.9034229828850856,739,818,0.37322916533234407,0.3488234998179983,0.39764226993901747,5,results/reviewer1_remaining/reliability_calibration/development/raw_parts/ReliabilityShift-boundary-020-calibration-development__rel_b010_l5_e1e6.csv.gz
ReliabilityShift-boundary-020-calibration-development,rel_b010_l5_e1e6,0.1,5.0,1e-06,post_shift_changed_region,value_error,Evaluation rows with analytic full-action Q*: target=1 means the tabular Q-vector RMSE is lower than the neural Q-vector RMSE. Numerical ties are excluded.,mean_seed_selective_error_rate,0.8,0.80440097799511,658,818,0.3361826016044137,0.3052824635061035,0.36963021243115657,5,results/reviewer1_remaining/reliability_calibration/development/raw_parts/ReliabilityShift-boundary-020-calibration-development__rel_b010_l5_e1e6.csv.gz
ReliabilityShift-boundary-020-calibration-development,rel_b010_l5_e1e6,0.1,5.0,1e-06,post_shift_changed_region,value_error,Evaluation rows with analytic full-action Q*: target=1 means the tabular Q-vector RMSE is lower than the neural Q-vector RMSE. Numerical ties are excluded.,mean_seed_selective_error_rate,0.7,0.7029339853300733,575,818,0.31231337845564927,0.2758756802532452,0.35095327886025557,5,results/reviewer1_remaining/reliability_calibration/development/raw_parts/ReliabilityShift-boundary-020-calibration-development__rel_b010_l5_e1e6.csv.gz
ReliabilityShift-boundary-020-calibration-development,rel_b010_l5_e1e6,0.1,5.0,1e-06,post_shift_changed_region,value_error,Evaluation rows with analytic full-action Q*: target=1 means the tabular Q-vector RMSE is lower than the neural Q-vector RMSE. Numerical ties are excluded.,mean_seed_selective_error_rate,0.6,0.6026894865525673,493,818,0.27923667974289124,0.25105514182913563,0.30741821765664684,5,results/reviewer1_remaining/reliability_calibration/development/raw_parts/ReliabilityShift-boundary-020-calibration-development__rel_b010_l5_e1e6.csv.gz
ReliabilityShift-boundary-020-calibration-development,rel_b010_l5_e1e6,0.1,5.0,1e-06,post_shift_changed_region,value_error,Evaluation rows with analytic full-action Q*: target=1 means the tabular Q-vector RMSE is lower than the neural Q-vector RMSE. Numerical ties are excluded.,mean_seed_selective_error_rate,0.5,0.5012224938875306,410,818,0.25841084520064095,0.2298908996730228,0.2883116883116883,5,results/reviewer1_remaining/reliability_calibration/development/raw_parts/ReliabilityShift-boundary-020-calibration-development__rel_b010_l5_e1e6.csv.gz
ReliabilityShift-boundary-020-calibration-development,rel_b010_l5_e1e6,0.1,5.0,1e-06,post_shift_changed_region,value_error,Evaluation rows with analytic full-action Q*: target=1 means the tabular Q-vector RMSE is lower than the neural Q-vector RMSE. Numerical ties are excluded.,mean_seed_selective_error_rate,0.3999999999999999,0.4034229828850856,330,818,0.2585560477460383,0.23149312144212528,0.2803836094158675,5,results/reviewer1_remaining/reliability_calibration/development/raw_parts/ReliabilityShift-boundary-020-calibration-development__rel_b010_l5_e1e6.csv.gz
ReliabilityShift-boundary-020-calibration-development,rel_b010_l5_e1e6,0.1,5.0,1e-06,post_shift_changed_region,value_error,Evaluation rows with analytic full-action Q*: target=1 means the tabular Q-vector RMSE is lower than the neural Q-vector RMSE. Numerical ties are excluded.,mean_seed_selective_error_rate,0.29999999999999993,0.30317848410757947,248,818,0.22305120012852503,0.1858021932177126,0.26645962732919254,5,results/reviewer1_remaining/reliability_calibration/development/raw_parts/ReliabilityShift-boundary-020-calibration-development__rel_b010_l5_e1e6.csv.gz
ReliabilityShift-boundary-020-calibration-development,rel_b010_l5_e1e6,0.1,5.0,1e-06,post_shift_changed_region,value_error,Evaluation rows with analytic full-action Q*: target=1 means the tabular Q-vector RMSE is lower than the neural Q-vector RMSE. Numerical ties are excluded.,mean_seed_selective_error_rate,0.19999999999999996,0.2017114914425428,165,818,0.13474088414790503,0.05371621621621621,0.20763757115749523,5,results/reviewer1_remaining/reliability_calibration/development/raw_parts/ReliabilityShift-boundary-020-calibration-development__rel_b010_l5_e1e6.csv.gz
ReliabilityShift-boundary-020-calibration-development,rel_b010_l5_e1e6,0.1,5.0,1e-06,post_shift_changed_region,value_error,Evaluation rows with analytic full-action Q*: target=1 means the tabular Q-vector RMSE is lower than the neural Q-vector RMSE. Numerical ties are excluded.,mean_seed_selective_error_rate,0.1,0.10268948655256724,84,818,0.061764705882352944,0.011764705882352944,0.125,5,results/reviewer1_remaining/reliability_calibration/development/raw_parts/ReliabilityShift-boundary-020-calibration-development__rel_b010_l5_e1e6.csv.gz
ReliabilityShift-boundary-020-calibration-development,rel_b020_l10_e1e6,0.2,10.0,1e-06,post_shift_changed_region,value_error,Evaluation rows with analytic full-action Q*: target=1 means the tabular Q-vector RMSE is lower than the neural Q-vector RMSE. Numerical ties are excluded.,mean_seed_selective_error_rate,1.0,1.0,818,818,0.3251051708892688,0.2989574954489649,0.35324417453978135,5,results/reviewer1_remaining/reliability_calibration/development/raw_parts/ReliabilityShift-boundary-020-calibration-development__rel_b020_l10_e1e6.csv.gz
ReliabilityShift-boundary-020-calibration-development,rel_b020_l10_e1e6,0.2,10.0,1e-06,post_shift_changed_region,value_error,Evaluation rows with analytic full-action Q*: target=1 means the tabular Q-vector RMSE is lower than the neural Q-vector RMSE. Numerical ties are excluded.,mean_seed_selective_error_rate,0.9,0.9034229828850856,739,818,0.2973675565224561,0.27813571576860024,0.32076378422953333,5,results/reviewer1_remaining/reliability_calibration/development/raw_parts/ReliabilityShift-boundary-020-calibration-development__rel_b020_l10_e1e6.csv.gz
ReliabilityShift-boundary-020-calibration-development,rel_b020_l10_e1e6,0.2,10.0,1e-06,post_shift_changed_region,value_error,Evaluation rows with analytic full-action Q*: target=1 means the tabular Q-vector RMSE is lower than the neural Q-vector RMSE. Numerical ties are excluded.,mean_seed_selective_error_rate,0.8,0.80440097799511,658,818,0.257650078056887,0.23722444074458898,0.2780757153691851,5,results/reviewer1_remaining/reliability_calibration/development/raw_parts/ReliabilityShift-boundary-020-calibration-development__rel_b020_l10_e1e6.csv.gz
ReliabilityShift-boundary-020-calibration-development,rel_b020_l10_e1e6,0.2,10.0,1e-06,post_shift_changed_region,value_error,Evaluation rows with analytic full-action Q*: target=1 means the tabular Q-vector RMSE is lower than the neural Q-vector RMSE. Numerical ties are excluded.,mean_seed_selective_error_rate,0.7,0.7029339853300733,575,818,0.22751509570935013,0.2113609407727055,0.24366925064599484,5,results/reviewer1_remaining/reliability_calibration/development/raw_parts/ReliabilityShift-boundary-020-calibration-development__rel_b020_l10_e1e6.csv.gz
ReliabilityShift-boundary-020-calibration-development,rel_b020_l10_e1e6,0.2,10.0,1e-06,post_shift_changed_region,value_error,Evaluation rows with analytic full-action Q*: target=1 means the tabular Q-vector RMSE is lower than the neural Q-vector RMSE. Numerical ties are excluded.,mean_seed_selective_error_rate,0.6,0.6026894865525673,493,818,0.20938553519281183,0.19204603580562662,0.23485911243311608,5,results/reviewer1_remaining/reliability_calibration/development/raw_parts/ReliabilityShift-boundary-020-calibration-development__rel_b020_l10_e1e6.csv.gz
ReliabilityShift-boundary-020-calibration-development,rel_b020_l10_e1e6,0.2,10.0,1e-06,post_shift_changed_region,value_error,Evaluation rows with analytic full-action Q*: target=1 means the tabular Q-vector RMSE is lower than the neural Q-vector RMSE. Numerical ties are excluded.,mean_seed_selective_error_rate,0.5,0.5012224938875306,410,818,0.18442001166304314,0.15844233205365,0.2300112930547713,5,results/reviewer1_remaining/reliability_calibration/development/raw_parts/ReliabilityShift-boundary-020-calibration-development__rel_b020_l10_e1e6.csv.gz
ReliabilityShift-boundary-020-calibration-development,rel_b020_l10_e1e6,0.2,10.0,1e-06,post_shift_changed_region,value_error,Evaluation rows with analytic full-action Q*: target=1 means the tabular Q-vector RMSE is lower than the neural Q-vector RMSE. Numerical ties are excluded.,mean_seed_selective_error_rate,0.3999999999999999,0.4034229828850856,330,818,0.1358510372326786,0.09769779860505665,0.1716318785578748,5,results/reviewer1_remaining/reliability_calibration/development/raw_parts/ReliabilityShift-boundary-020-calibration-development__rel_b020_l10_e1e6.csv.gz
ReliabilityShift-boundary-020-calibration-development,rel_b020_l10_e1e6,0.2,10.0,1e-06,post_shift_changed_region,value_error,Evaluation rows with analytic full-action Q*: target=1 means the tabular Q-vector RMSE is lower than the neural Q-vector RMSE. Numerical ties are excluded.,mean_seed_selective_error_rate,0.29999999999999993,0.30317848410757947,248,818,0.123496179230249,0.07811550151975685,0.165153452685422,5,results/reviewer1_remaining/reliability_calibration/development/raw_parts/ReliabilityShift-boundary-020-calibration-development__rel_b020_l10_e1e6.csv.gz
ReliabilityShift-boundary-020-calibration-development,rel_b020_l10_e1e6,0.2,10.0,1e-06,post_shift_changed_region,value_error,Evaluation rows with analytic full-action Q*: target=1 means the tabular Q-vector RMSE is lower than the neural Q-vector RMSE. Numerical ties are excluded.,mean_seed_selective_error_rate,0.19999999999999996,0.2017114914425428,165,818,0.07437144212523719,0.019153225806451603,0.13243595825426943,5,results/reviewer1_remaining/reliability_calibration/development/raw_parts/ReliabilityShift-boundary-020-calibration-development__rel_b020_l10_e1e6.csv.gz
ReliabilityShift-boundary-020-calibration-development,rel_b020_l10_e1e6,0.2,10.0,1e-06,post_shift_changed_region,value_error,Evaluation rows with analytic full-action Q*: target=1 means the tabular Q-vector RMSE is lower than the neural Q-vector RMSE. Numerical ties are excluded.,mean_seed_selective_error_rate,0.1,0.10268948655256724,84,818,0.02352941176470589,0.0,0.07058823529411766,5,results/reviewer1_remaining/reliability_calibration/development/raw_parts/ReliabilityShift-boundary-020-calibration-development__rel_b020_l10_e1e6.csv.gz
ReliabilityShift-boundary-020-calibration-development,rel_b020_l1_e1e6,0.2,1.0,1e-06,post_shift_changed_region,value_error,Evaluation rows with analytic full-action Q*: target=1 means the tabular Q-vector RMSE is lower than the neural Q-vector RMSE. Numerical ties are excluded.,mean_seed_selective_error_rate,1.0,1.0,818,818,0.32018968492675837,0.2891604764990735,0.35200732717836286,5,results/reviewer1_remaining/reliability_calibration/development/raw_parts/ReliabilityShift-boundary-020-calibration-development__rel_b020_l1_e1e6.csv.gz
ReliabilityShift-boundary-020-calibration-development,rel_b020_l1_e1e6,0.2,1.0,1e-06,post_shift_changed_region,value_error,Evaluation rows with analytic full-action Q*: target=1 means the tabular Q-vector RMSE is lower than the neural Q-vector RMSE. Numerical ties are excluded.,mean_seed_selective_error_rate,0.9,0.9034229828850856,739,818,0.2958273596741579,0.28301397004444484,0.31229297891609986,5,results/reviewer1_remaining/reliability_calibration/development/raw_parts/ReliabilityShift-boundary-020-calibration-development__rel_b020_l1_e1e6.csv.gz
ReliabilityShift-boundary-020-calibration-development,rel_b020_l1_e1e6,0.2,1.0,1e-06,post_shift_changed_region,value_error,Evaluation rows with analytic full-action Q*: target=1 means the tabular Q-vector RMSE is lower than the neural Q-vector RMSE. Numerical ties are excluded.,mean_seed_selective_error_rate,0.8,0.80440097799511,658,818,0.2575458631425748,0.2370160109159646,0.2780757153691851,5,results/reviewer1_remaining/reliability_calibration/development/raw_parts/ReliabilityShift-boundary-020-calibration-development__rel_b020_l1_e1e6.csv.gz
ReliabilityShift-boundary-020-calibration-development,rel_b020_l1_e1e6,0.2,1.0,1e-06,post_shift_changed_region,value_error,Evaluation rows with analytic full-action Q*: target=1 means the tabular Q-vector RMSE is lower than the neural Q-vector RMSE. Numerical ties are excluded.,mean_seed_selective_error_rate,0.7,0.7029339853300733,575,818,0.23121879941305384,0.2113609407727055,0.25216495565332775,5,results/reviewer1_remaining/reliability_calibration/development/raw_parts/ReliabilityShift-boundary-020-calibration-development__rel_b020_l1_e1e6.csv.gz
ReliabilityShift-boundary-020-calibration-development,rel_b020_l1_e1e6,0.2,1.0,1e-06,post_shift_changed_region,value_error,Evaluation rows with analytic full-action Q*: target=1 means the tabular Q-vector RMSE is lower than the neural Q-vector RMSE. Numerical ties are excluded.,mean_seed_selective_error_rate,0.6,0.6026894865525673,493,818,0.21579334996114924,0.20306124858874222,0.23377409367821836,5,results/reviewer1_remaining/reliability_calibration/development/raw_parts/ReliabilityShift-boundary-020-calibration-development__rel_b020_l1_e1e6.csv.gz
ReliabilityShift-boundary-020-calibration-development,rel_b020_l1_e1e6,0.2,1.0,1e-06,post_shift_changed_region,value_error,Evaluation rows with analytic full-action Q*: target=1 means the tabular Q-vector RMSE is lower than the neural Q-vector RMSE. Numerical ties are excluded.,mean_seed_selective_error_rate,0.5,0.5012224938875306,410,818,0.20637640937197413,0.17037134221277442,0.2507644254479697,5,results/reviewer1_remaining/reliability_calibration/development/raw_parts/ReliabilityShift-boundary-020-calibration-development__rel_b020_l1_e1e6.csv.gz
ReliabilityShift-boundary-020-calibration-development,rel_b020_l1_e1e6,0.2,1.0,1e-06,post_shift_changed_region,value_error,Evaluation rows with analytic full-action Q*: target=1 means the tabular Q-vector RMSE is lower than the neural Q-vector RMSE. Numerical ties are excluded.,mean_seed_selective_error_rate,0.3999999999999999,0.4034229828850856,330,818,0.16291925226934714,0.1196163905841325,0.1913899430740038,5,results/reviewer1_remaining/reliability_calibration/development/raw_parts/ReliabilityShift-boundary-020-calibration-development__rel_b020_l1_e1e6.csv.gz
ReliabilityShift-boundary-020-calibration-development,rel_b020_l1_e1e6,0.2,1.0,1e-06,post_shift_changed_region,value_error,Evaluation rows with analytic full-action Q*: target=1 means the tabular Q-vector RMSE is lower than the neural Q-vector RMSE. Numerical ties are excluded.,mean_seed_selective_error_rate,0.29999999999999993,0.30317848410757947,248,818,0.123496179230249,0.07799928482031111,0.16464194373401536,5,results/reviewer1_remaining/reliability_calibration/development/raw_parts/ReliabilityShift-boundary-020-calibration-development__rel_b020_l1_e1e6.csv.gz
ReliabilityShift-boundary-020-calibration-development,rel_b020_l1_e1e6,0.2,1.0,1e-06,post_shift_changed_region,value_error,Evaluation rows with analytic full-action Q*: target=1 means the tabular Q-vector RMSE is lower than the neural Q-vector RMSE. Numerical ties are excluded.,mean_seed_selective_error_rate,0.19999999999999996,0.2017114914425428,165,818,0.07437144212523719,0.0189516129032258,0.13243595825426943,5,results/reviewer1_remaining/reliability_calibration/development/raw_parts/ReliabilityShift-boundary-020-calibration-development__rel_b020_l1_e1e6.csv.gz
ReliabilityShift-boundary-020-calibration-development,rel_b020_l1_e1e6,0.2,1.0,1e-06,post_shift_changed_region,value_error,Evaluation rows with analytic full-action Q*: target=1 means the tabular Q-vector RMSE is lower than the neural Q-vector RMSE. Numerical ties are excluded.,mean_seed_selective_error_rate,0.1,0.10268948655256724,84,818,0.02352941176470589,0.0,0.07058823529411766,5,results/reviewer1_remaining/reliability_calibration/development/raw_parts/ReliabilityShift-boundary-020-calibration-development__rel_b020_l1_e1e6.csv.gz
ReliabilityShift-boundary-020-calibration-development,rel_b020_l20_e1e4,0.2,20.0,0.0001,post_shift_changed_region,value_error,Evaluation rows with analytic full-action Q*: target=1 means the tabular Q-vector RMSE is lower than the neural Q-vector RMSE. Numerical ties are excluded.,mean_seed_selective_error_rate,1.0,1.0,818,818,0.32833316194059503,0.30375447337472655,0.35652190946308593,5,results/reviewer1_remaining/reliability_calibration/development/raw_parts/ReliabilityShift-boundary-020-calibration-development__rel_b020_l20_e1e4.csv.gz
ReliabilityShift-boundary-020-calibration-development,rel_b020_l20_e1e4,0.2,20.0,0.0001,post_shift_changed_region,value_error,Evaluation rows with analytic full-action Q*: target=1 means the tabular Q-vector RMSE is lower than the neural Q-vector RMSE. Numerical ties are excluded.,mean_seed_selective_error_rate,0.9,0.9034229828850856,739,818,0.29606036697997246,0.27552133668363293,0.32076378422953333,5,results/reviewer1_remaining/reliability_calibration/development/raw_parts/ReliabilityShift-boundary-020-calibration-development__rel_b020_l20_e1e4.csv.gz
ReliabilityShift-boundary-020-calibration-development,rel_b020_l20_e1e4,0.2,20.0,0.0001,post_shift_changed_region,value_error,Evaluation rows with analytic full-action Q*: target=1 means the tabular Q-vector RMSE is lower than the neural Q-vector RMSE. Numerical ties are excluded.,mean_seed_selective_error_rate,0.8,0.80440097799511,658,818,0.26957635916577294,0.24518482272258657,0.28890792171828245,5,results/reviewer1_remaining/reliability_calibration/development/raw_parts/ReliabilityShift-boundary-020-calibration-development__rel_b020_l20_e1e4.csv.gz
ReliabilityShift-boundary-020-calibration-development,rel_b020_l20_e1e4,0.2,20.0,0.0001,post_shift_changed_region,value_error,Evaluation rows with analytic full-action Q*: target=1 means the tabular Q-vector RMSE is lower than the neural Q-vector RMSE. Numerical ties are excluded.,mean_seed_selective_error_rate,0.7,0.7029339853300733,575,818,0.22771645986420266,0.21796754737931207,0.23746537234909323,5,results/reviewer1_remaining/reliability_calibration/development/raw_parts/ReliabilityShift-boundary-020-calibration-development__rel_b020_l20_e1e4.csv.gz
ReliabilityShift-boundary-020-calibration-development,rel_b020_l20_e1e4,0.2,20.0,0.0001,post_shift_changed_region,value_error,Evaluation rows with analytic full-action Q*: target=1 means the tabular Q-vector RMSE is lower than the neural Q-vector RMSE. Numerical ties are excluded.,mean_seed_selective_error_rate,0.6,0.6026894865525673,493,818,0.20401090059616583,0.1832400175111173,0.23732635861668117,5,results/reviewer1_remaining/reliability_calibration/development/raw_parts/ReliabilityShift-boundary-020-calibration-development__rel_b020_l20_e1e4.csv.gz
ReliabilityShift-boundary-020-calibration-development,rel_b020_l20_e1e4,0.2,20.0,0.0001,post_shift_changed_region,value_error,Evaluation rows with analytic full-action Q*: target=1 means the tabular Q-vector RMSE is lower than the neural Q-vector RMSE. Numerical ties are excluded.,mean_seed_selective_error_rate,0.5,0.5012224938875306,410,818,0.16419547075346871,0.1417930394252062,0.18882130527700144,5,results/reviewer1_remaining/reliability_calibration/development/raw_parts/ReliabilityShift-boundary-020-calibration-development__rel_b020_l20_e1e4.csv.gz
ReliabilityShift-boundary-020-calibration-development,rel_b020_l20_e1e4,0.2,20.0,0.0001,post_shift_changed_region,value_error,Evaluation rows with analytic full-action Q*: target=1 means the tabular Q-vector RMSE is lower than the neural Q-vector RMSE. Numerical ties are excluded.,mean_seed_selective_error_rate,0.3999999999999999,0.4034229828850856,330,818,0.13262523078106567,0.09769779860505665,0.1610472011385199,5,results/reviewer1_remaining/reliability_calibration/development/raw_parts/ReliabilityShift-boundary-020-calibration-development__rel_b020_l20_e1e4.csv.gz
ReliabilityShift-boundary-020-calibration-development,rel_b020_l20_e1e4,0.2,20.0,0.0001,post_shift_changed_region,value_error,Evaluation rows with analytic full-action Q*: target=1 means the tabular Q-vector RMSE is lower than the neural Q-vector RMSE. Numerical ties are excluded.,mean_seed_selective_error_rate,0.29999999999999993,0.30317848410757947,248,818,0.09463854922172384,0.052228976697061794,0.13406431952984707,5,results/reviewer1_remaining/reliability_calibration/development/raw_parts/ReliabilityShift-boundary-020-calibration-development__rel_b020_l20_e1e4.csv.gz
ReliabilityShift-boundary-020-calibration-development,rel_b020_l20_e1e4,0.2,20.0,0.0001,post_shift_changed_region,value_error,Evaluation rows with analytic full-action Q*: target=1 means the tabular Q-vector RMSE is lower than the neural Q-vector RMSE. Numerical ties are excluded.,mean_seed_selective_error_rate,0.19999999999999996,0.2017114914425428,165,818,0.06791982922201138,0.0189516129032258,0.1202917457305503,5,results/reviewer1_remaining/reliability_calibration/development/raw_parts/ReliabilityShift-boundary-020-calibration-development__rel_b020_l20_e1e4.csv.gz
ReliabilityShift-boundary-020-calibration-development,rel_b020_l20_e1e4,0.2,20.0,0.0001,post_shift_changed_region,value_error,Evaluation rows with analytic full-action Q*: target=1 means the tabular Q-vector RMSE is lower than the neural Q-vector RMSE. Numerical ties are excluded.,mean_seed_selective_error_rate,0.1,0.10268948655256724,84,818,0.0,0.0,0.0,5,results/reviewer1_remaining/reliability_calibration/development/raw_parts/ReliabilityShift-boundary-020-calibration-development__rel_b020_l20_e1e4.csv.gz
ReliabilityShift-boundary-020-calibration-development,rel_b020_l20_e1e8,0.2,20.0,1e-08,post_shift_changed_region,value_error,Evaluation rows with analytic full-action Q*: target=1 means the tabular Q-vector RMSE is lower than the neural Q-vector RMSE. Numerical ties are excluded.,mean_seed_selective_error_rate,1.0,1.0,818,818,0.32833316194059503,0.30438169425511197,0.3542313895255072,5,results/reviewer1_remaining/reliability_calibration/development/raw_parts/ReliabilityShift-boundary-020-calibration-development__rel_b020_l20_e1e8.csv.gz
ReliabilityShift-boundary-020-calibration-development,rel_b020_l20_e1e8,0.2,20.0,1e-08,post_shift_changed_region,value_error,Evaluation rows with analytic full-action Q*: target=1 means the tabular Q-vector RMSE is lower than the neural Q-vector RMSE. Numerical ties are excluded.,mean_seed_selective_error_rate,0.9,0.9034229828850856,739,818,0.29606036697997246,0.27552133668363293,0.32076378422953333,5,results/reviewer1_remaining/reliability_calibration/development/raw_parts/ReliabilityShift-boundary-020-calibration-development__rel_b020_l20_e1e8.csv.gz
ReliabilityShift-boundary-020-calibration-development,rel_b020_l20_e1e8,0.2,20.0,1e-08,post_shift_changed_region,value_error,Evaluation rows with analytic full-action Q*: target=1 means the tabular Q-vector RMSE is lower than the neural Q-vector RMSE. Numerical ties are excluded.,mean_seed_selective_error_rate,0.8,0.80440097799511,658,818,0.26957635916577294,0.24708198239925888,0.28968004196170993,5,results/reviewer1_remaining/reliability_calibration/development/raw_parts/ReliabilityShift-boundary-020-calibration-development__rel_b020_l20_e1e8.csv.gz
ReliabilityShift-boundary-020-calibration-development,rel_b020_l20_e1e8,0.2,20.0,1e-08,post_shift_changed_region,value_error,Evaluation rows with analytic full-action Q*: target=1 means the tabular Q-vector RMSE is lower than the neural Q-vector RMSE. Numerical ties are excluded.,mean_seed_selective_error_rate,0.7,0.7029339853300733,575,818,0.22771645986420266,0.21736694677871152,0.23746537234909323,5,results/reviewer1_remaining/reliability_calibration/development/raw_parts/ReliabilityShift-boundary-020-calibration-development__rel_b020_l20_e1e8.csv.gz
ReliabilityShift-boundary-020-calibration-development,rel_b020_l20_e1e8,0.2,20.0,1e-08,post_shift_changed_region,value_error,Evaluation rows with analytic full-action Q*: target=1 means the tabular Q-vector RMSE is lower than the neural Q-vector RMSE. Numerical ties are excluded.,mean_seed_selective_error_rate,0.6,0.6026894865525673,493,818,0.20401090059616583,0.1832400175111173,0.2382468443197756,5,results/reviewer1_remaining/reliability_calibration/development/raw_parts/ReliabilityShift-boundary-020-calibration-development__rel_b020_l20_e1e8.csv.gz
ReliabilityShift-boundary-020-calibration-development,rel_b020_l20_e1e8,0.2,20.0,1e-08,post_shift_changed_region,value_error,Evaluation rows with analytic full-action Q*: target=1 means the tabular Q-vector RMSE is lower than the neural Q-vector RMSE. Numerical ties are excluded.,mean_seed_selective_error_rate,0.5,0.5012224938875306,410,818,0.16419547075346871,0.14290394638868206,0.18882130527700144,5,results/reviewer1_remaining/reliability_calibration/development/raw_parts/ReliabilityShift-boundary-020-calibration-development__rel_b020_l20_e1e8.csv.gz
ReliabilityShift-boundary-020-calibration-development,rel_b020_l20_e1e8,0.2,20.0,1e-08,post_shift_changed_region,value_error,Evaluation rows with analytic full-action Q*: target=1 means the tabular Q-vector RMSE is lower than the neural Q-vector RMSE. Numerical ties are excluded.,mean_seed_selective_error_rate,0.3999999999999999,0.4034229828850856,330,818,0.13262523078106567,0.09769779860505665,0.1610472011385199,5,results/reviewer1_remaining/reliability_calibration/development/raw_parts/ReliabilityShift-boundary-020-calibration-development__rel_b020_l20_e1e8.csv.gz
ReliabilityShift-boundary-020-calibration-development,rel_b020_l20_e1e8,0.2,20.0,1e-08,post_shift_changed_region,value_error,Evaluation rows with analytic full-action Q*: target=1 means the tabular Q-vector RMSE is lower than the neural Q-vector RMSE. Numerical ties are excluded.,mean_seed_selective_error_rate,0.29999999999999993,0.30317848410757947,248,818,0.09463854922172384,0.05341945288753798,0.13406431952984707,5,results/reviewer1_remaining/reliability_calibration/development/raw_parts/ReliabilityShift-boundary-020-calibration-development__rel_b020_l20_e1e8.csv.gz
ReliabilityShift-boundary-020-calibration-development,rel_b020_l20_e1e8,0.2,20.0,1e-08,post_shift_changed_region,value_error,Evaluation rows with analytic full-action Q*: target=1 means the tabular Q-vector RMSE is lower than the neural Q-vector RMSE. Numerical ties are excluded.,mean_seed_selective_error_rate,0.19999999999999996,0.2017114914425428,165,818,0.06791982922201138,0.0189516129032258,0.1202917457305503,5,results/reviewer1_remaining/reliability_calibration/development/raw_parts/ReliabilityShift-boundary-020-calibration-development__rel_b020_l20_e1e8.csv.gz
ReliabilityShift-boundary-020-calibration-development,rel_b020_l20_e1e8,0.2,20.0,1e-08,post_shift_changed_region,value_error,Evaluation rows with analytic full-action Q*: target=1 means the tabular Q-vector RMSE is lower than the neural Q-vector RMSE. Numerical ties are excluded.,mean_seed_selective_error_rate,0.1,0.10268948655256724,84,818,0.0,0.0,0.0,5,results/reviewer1_remaining/reliability_calibration/development/raw_parts/ReliabilityShift-boundary-020-calibration-development__rel_b020_l20_e1e8.csv.gz
ReliabilityShift-boundary-020-calibration-development,rel_b020_l5_e1e4,0.2,5.0,0.0001,post_shift_changed_region,value_error,Evaluation rows with analytic full-action Q*: target=1 means the tabular Q-vector RMSE is lower than the neural Q-vector RMSE. Numerical ties are excluded.,mean_seed_selective_error_rate,1.0,1.0,818,818,0.32012392789897604,0.294223767638314,0.34602408815963803,5,results/reviewer1_remaining/reliability_calibration/development/raw_parts/ReliabilityShift-boundary-020-calibration-development__rel_b020_l5_e1e4.csv.gz
ReliabilityShift-boundary-020-calibration-development,rel_b020_l5_e1e4,0.2,5.0,0.0001,post_shift_changed_region,value_error,Evaluation rows with analytic full-action Q*: target=1 means the tabular Q-vector RMSE is lower than the neural Q-vector RMSE. Numerical ties are excluded.,mean_seed_selective_error_rate,0.9,0.9034229828850856,739,818,0.2944287582755566,0.28093291856580305,0.31202788453335845,5,results/reviewer1_remaining/reliability_calibration/development/raw_parts/ReliabilityShift-boundary-020-calibration-development__rel_b020_l5_e1e4.csv.gz
ReliabilityShift-boundary-020-calibration-development,rel_b020_l5_e1e4,0.2,5.0,0.0001,post_shift_changed_region,value_error,Evaluation rows with analytic full-action Q*: target=1 means the tabular Q-vector RMSE is lower than the neural Q-vector RMSE. Numerical ties are excluded.,mean_seed_selective_error_rate,0.8,0.80440097799511,658,818,0.2575458631425748,0.23867187011003593,0.2776167591667198,5,results/reviewer1_remaining/reliability_calibration/development/raw_parts/ReliabilityShift-boundary-020-calibration-development__rel_b020_l5_e1e4.csv.gz
ReliabilityShift-boundary-020-calibration-development,rel_b020_l5_e1e4,0.2,5.0,0.0001,post_shift_changed_region,value_error,Evaluation rows with analytic full-action Q*: target=1 means the tabular Q-vector RMSE is lower than the neural Q-vector RMSE. Numerical ties are excluded.,mean_seed_selective_error_rate,0.7,0.7029339853300733,575,818,0.23121879941305384,0.2113609407727055,0.2527403209345754,5,results/reviewer1_remaining/reliability_calibration/development/raw_parts/ReliabilityShift-boundary-020-calibration-development__rel_b020_l5_e1e4.csv.gz
ReliabilityShift-boundary-020-calibration-development,rel_b020_l5_e1e4,0.2,5.0,0.0001,post_shift_changed_region,value_error,Evaluation rows with analytic full-action Q*: target=1 means the tabular Q-vector RMSE is lower than the neural Q-vector RMSE. Numerical ties are excluded.,mean_seed_selective_error_rate,0.6,0.6026894865525673,493,818,0.20723499755840322,0.19204603580562662,0.2292032070020685,5,results/reviewer1_remaining/reliability_calibration/development/raw_parts/ReliabilityShift-boundary-020-calibration-development__rel_b020_l5_e1e4.csv.gz
ReliabilityShift-boundary-020-calibration-development,rel_b020_l5_e1e4,0.2,5.0,0.0001,post_shift_changed_region,value_error,Evaluation rows with analytic full-action Q*: target=1 means the tabular Q-vector RMSE is lower than the neural Q-vector RMSE. Numerical ties are excluded.,mean_seed_selective_error_rate,0.5,0.5012224938875306,410,818,0.19461235096930649,0.16016009565881686,0.24252313583661306,5,results/reviewer1_remaining/reliability_calibration/development/raw_parts/ReliabilityShift-boundary-020-calibration-development__rel_b020_l5_e1e4.csv.gz
ReliabilityShift-boundary-020-calibration-development,rel_b020_l5_e1e4,0.2,5.0,0.0001,post_shift_changed_region,value_error,Evaluation rows with analytic full-action Q*: target=1 means the tabular Q-vector RMSE is lower than the neural Q-vector RMSE. Numerical ties are excluded.,mean_seed_selective_error_rate,0.3999999999999999,0.4034229828850856,330,818,0.14461991640596955,0.10931041335453098,0.17495256166982925,5,results/reviewer1_remaining/reliability_calibration/development/raw_parts/ReliabilityShift-boundary-020-calibration-development__rel_b020_l5_e1e4.csv.gz
ReliabilityShift-boundary-020-calibration-development,rel_b020_l5_e1e4,0.2,5.0,0.0001,post_shift_changed_region,value_error,Evaluation rows with analytic full-action Q*: target=1 means the tabular Q-vector RMSE is lower than the neural Q-vector RMSE. Numerical ties are excluded.,mean_seed_selective_error_rate,0.29999999999999993,0.30317848410757947,248,818,0.123496179230249,0.07748777586890446,0.165153452685422,5,results/reviewer1_remaining/reliability_calibration/development/raw_parts/ReliabilityShift-boundary-020-calibration-development__rel_b020_l5_e1e4.csv.gz
ReliabilityShift-boundary-020-calibration-development,rel_b020_l5_e1e4,0.2,5.0,0.0001,post_shift_changed_region,value_error,Evaluation rows with analytic full-action Q*: target=1 means the tabular Q-vector RMSE is lower than the neural Q-vector RMSE. Numerical ties are excluded.,mean_seed_selective_error_rate,0.19999999999999996,0.2017114914425428,165,818,0.07437144212523719,0.01875,0.13263757115749525,5,results/reviewer1_remaining/reliability_calibration/development/raw_parts/ReliabilityShift-boundary-020-calibration-development__rel_b020_l5_e1e4.csv.gz
ReliabilityShift-boundary-020-calibration-development,rel_b020_l5_e1e4,0.2,5.0,0.0001,post_shift_changed_region,value_error,Evaluation rows with analytic full-action Q*: target=1 means the tabular Q-vector RMSE is lower than the neural Q-vector RMSE. Numerical ties are excluded.,mean_seed_selective_error_rate,0.1,0.10268948655256724,84,818,0.02352941176470589,0.0,0.07058823529411766,5,results/reviewer1_remaining/reliability_calibration/development/raw_parts/ReliabilityShift-boundary-020-calibration-development__rel_b020_l5_e1e4.csv.gz
ReliabilityShift-boundary-020-calibration-development,rel_b020_l5_e1e8,0.2,5.0,1e-08,post_shift_changed_region,value_error,Evaluation rows with analytic full-action Q*: target=1 means the tabular Q-vector RMSE is lower than the neural Q-vector RMSE. Numerical ties are excluded.,mean_seed_selective_error_rate,1.0,1.0,818,818,0.32012392789897604,0.294223767638314,0.3476106096015598,5,results/reviewer1_remaining/reliability_calibration/development/raw_parts/ReliabilityShift-boundary-020-calibration-development__rel_b020_l5_e1e8.csv.gz
ReliabilityShift-boundary-020-calibration-development,rel_b020_l5_e1e8,0.2,5.0,1e-08,post_shift_changed_region,value_error,Evaluation rows with analytic full-action Q*: target=1 means the tabular Q-vector RMSE is lower than the neural Q-vector RMSE. Numerical ties are excluded.,mean_seed_selective_error_rate,0.9,0.9034229828850856,739,818,0.2944287582755566,0.28093291856580305,0.31202788453335845,5,results/reviewer1_remaining/reliability_calibration/development/raw_parts/ReliabilityShift-boundary-020-calibration-development__rel_b020_l5_e1e8.csv.gz
ReliabilityShift-boundary-020-calibration-development,rel_b020_l5_e1e8,0.2,5.0,1e-08,post_shift_changed_region,value_error,Evaluation rows with analytic full-action Q*: target=1 means the tabular Q-vector RMSE is lower than the neural Q-vector RMSE. Numerical ties are excluded.,mean_seed_selective_error_rate,0.8,0.80440097799511,658,818,0.2575458631425748,0.23867187011003593,0.2780757153691851,5,results/reviewer1_remaining/reliability_calibration/development/raw_parts/ReliabilityShift-boundary-020-calibration-development__rel_b020_l5_e1e8.csv.gz
ReliabilityShift-boundary-020-calibration-development,rel_b020_l5_e1e8,0.2,5.0,1e-08,post_shift_changed_region,value_error,Evaluation rows with analytic full-action Q*: target=1 means the tabular Q-vector RMSE is lower than the neural Q-vector RMSE. Numerical ties are excluded.,mean_seed_selective_error_rate,0.7,0.7029339853300733,575,818,0.23121879941305384,0.2113609407727055,0.25216495565332775,5,results/reviewer1_remaining/reliability_calibration/development/raw_parts/ReliabilityShift-boundary-020-calibration-development__rel_b020_l5_e1e8.csv.gz
ReliabilityShift-boundary-020-calibration-development,rel_b020_l5_e1e8,0.2,5.0,1e-08,post_shift_changed_region,value_error,Evaluation rows with analytic full-action Q*: target=1 means the tabular Q-vector RMSE is lower than the neural Q-vector RMSE. Numerical ties are excluded.,mean_seed_selective_error_rate,0.6,0.6026894865525673,493,818,0.20723499755840322,0.19204603580562662,0.2276663760534728,5,results/reviewer1_remaining/reliability_calibration/development/raw_parts/ReliabilityShift-boundary-020-calibration-development__rel_b020_l5_e1e8.csv.gz
ReliabilityShift-boundary-020-calibration-development,rel_b020_l5_e1e8,0.2,5.0,1e-08,post_shift_changed_region,value_error,Evaluation rows with analytic full-action Q*: target=1 means the tabular Q-vector RMSE is lower than the neural Q-vector RMSE. Numerical ties are excluded.,mean_seed_selective_error_rate,0.5,0.5012224938875306,410,818,0.19461235096930649,0.16016009565881686,0.24252313583661306,5,results/reviewer1_remaining/reliability_calibration/development/raw_parts/ReliabilityShift-boundary-020-calibration-development__rel_b020_l5_e1e8.csv.gz
ReliabilityShift-boundary-020-calibration-development,rel_b020_l5_e1e8,0.2,5.0,1e-08,post_shift_changed_region,value_error,Evaluation rows with analytic full-action Q*: target=1 means the tabular Q-vector RMSE is lower than the neural Q-vector RMSE. Numerical ties are excluded.,mean_seed_selective_error_rate,0.3999999999999999,0.4034229828850856,330,818,0.14461991640596955,0.10889443849684596,0.17457305502846304,5,results/reviewer1_remaining/reliability_calibration/development/raw_parts/ReliabilityShift-boundary-020-calibration-development__rel_b020_l5_e1e8.csv.gz
ReliabilityShift-boundary-020-calibration-development,rel_b020_l5_e1e8,0.2,5.0,1e-08,post_shift_changed_region,value_error,Evaluation rows with analytic full-action Q*: target=1 means the tabular Q-vector RMSE is lower than the neural Q-vector RMSE. Numerical ties are excluded.,mean_seed_selective_error_rate,0.29999999999999993,0.30317848410757947,248,818,0.123496179230249,0.07799928482031111,0.165153452685422,5,results/reviewer1_remaining/reliability_calibration/development/raw_parts/ReliabilityShift-boundary-020-calibration-development__rel_b020_l5_e1e8.csv.gz
ReliabilityShift-boundary-020-calibration-development,rel_b020_l5_e1e8,0.2,5.0,1e-08,post_shift_changed_region,value_error,Evaluation rows with analytic full-action Q*: target=1 means the tabular Q-vector RMSE is lower than the neural Q-vector RMSE. Numerical ties are excluded.,mean_seed_selective_error_rate,0.19999999999999996,0.2017114914425428,165,818,0.07437144212523719,0.0189516129032258,0.13243595825426943,5,results/reviewer1_remaining/reliability_calibration/development/raw_parts/ReliabilityShift-boundary-020-calibration-development__rel_b020_l5_e1e8.csv.gz
ReliabilityShift-boundary-020-calibration-development,rel_b020_l5_e1e8,0.2,5.0,1e-08,post_shift_changed_region,value_error,Evaluation rows with analytic full-action Q*: target=1 means the tabular Q-vector RMSE is lower than the neural Q-vector RMSE. Numerical ties are excluded.,mean_seed_selective_error_rate,0.1,0.10268948655256724,84,818,0.02352941176470589,0.0,0.07058823529411766,5,results/reviewer1_remaining/reliability_calibration/development/raw_parts/ReliabilityShift-boundary-020-calibration-development__rel_b020_l5_e1e8.csv.gz
ReliabilityShift-boundary-030-calibration-development,rel_b002_l10_e1e4,0.02,10.0,0.0001,post_shift_changed_region,value_error,Evaluation rows with analytic full-action Q*: target=1 means the tabular Q-vector RMSE is lower than the neural Q-vector RMSE. Numerical ties are excluded.,mean_seed_selective_error_rate,1.0,1.0,541,541,0.6229134485232718,0.5378682851571707,0.7079586118893728,5,results/reviewer1_remaining/reliability_calibration/development/raw_parts/ReliabilityShift-boundary-030-calibration-development__rel_b002_l10_e1e4.csv.gz
ReliabilityShift-boundary-030-calibration-development,rel_b002_l10_e1e4,0.02,10.0,0.0001,post_shift_changed_region,value_error,Evaluation rows with analytic full-action Q*: target=1 means the tabular Q-vector RMSE is lower than the neural Q-vector RMSE. Numerical ties are excluded.,mean_seed_selective_error_rate,0.9,0.9038817005545287,489,541,0.637435833532238,0.5230683816045156,0.7384005708069667,5,results/reviewer1_remaining/reliability_calibration/development/raw_parts/ReliabilityShift-boundary-030-calibration-development__rel_b002_l10_e1e4.csv.gz
ReliabilityShift-boundary-030-calibration-development,rel_b002_l10_e1e4,0.02,10.0,0.0001,post_shift_changed_region,value_error,Evaluation rows with analytic full-action Q*: target=1 means the tabular Q-vector RMSE is lower than the neural Q-vector RMSE. Numerical ties are excluded.,mean_seed_selective_error_rate,0.8,0.8059149722735675,436,541,0.6540363729837414,0.547719298245614,0.7513784461152883,5,results/reviewer1_remaining/reliability_calibration/development/raw_parts/ReliabilityShift-boundary-030-calibration-development__rel_b002_l10_e1e4.csv.gz
ReliabilityShift-boundary-030-calibration-development,rel_b002_l10_e1e4,0.02,10.0,0.0001,post_shift_changed_region,value_error,Evaluation rows with analytic full-action Q*: target=1 means the tabular Q-vector RMSE is lower than the neural Q-vector RMSE. Numerical ties are excluded.,mean_seed_selective_error_rate,0.7,0.7042513863216266,381,541,0.6666327078258016,0.567187380130418,0.7582669407392959,5,results/reviewer1_remaining/reliability_calibration/development/raw_parts/ReliabilityShift-boundary-030-calibration-development__rel_b002_l10_e1e4.csv.gz
ReliabilityShift-boundary-030-calibration-development,rel_b002_l10_e1e4,0.02,10.0,0.0001,post_shift_changed_region,value_error,Evaluation rows with analytic full-action Q*: target=1 means the tabular Q-vector RMSE is lower than the neural Q-vector RMSE. Numerical ties are excluded.,mean_seed_selective_error_rate,0.6,0.6044362292051756,327,541,0.6626496855228378,0.5505385252692626,0.7747608457764128,5,results/reviewer1_remaining/reliability_calibration/development/raw_parts/ReliabilityShift-boundary-030-calibration-development__rel_b002_l10_e1e4.csv.gz
ReliabilityShift-boundary-030-calibration-development,rel_b002_l10_e1e4,0.02,10.0,0.0001,post_shift_changed_region,value_error,Evaluation rows with analytic full-action Q*: target=1 means the tabular Q-vector RMSE is lower than the neural Q-vector RMSE. Numerical ties are excluded.,mean_seed_selective_error_rate,0.5,0.5009242144177449,271,541,0.6585673350064946,0.5255426702349093,0.7915919997780799,5,results/reviewer1_remaining/reliability_calibration/development/raw_parts/ReliabilityShift-boundary-030-calibration-development__rel_b002_l10_e1e4.csv.gz
ReliabilityShift-boundary-030-calibration-development,rel_b002_l10_e1e4,0.02,10.0,0.0001,post_shift_changed_region,value_error,Evaluation rows with analytic full-action Q*: target=1 means the tabular Q-vector RMSE is lower than the neural Q-vector RMSE. Numerical ties are excluded.,mean_seed_selective_error_rate,0.3999999999999999,0.4048059149722736,219,541,0.6568034215974718,0.5013272311212814,0.8214285714285715,5,results/reviewer1_remaining/reliability_calibration/development/raw_parts/ReliabilityShift-boundary-030-calibration-development__rel_b002_l10_e1e4.csv.gz
ReliabilityShift-boundary-030-calibration-development,rel_b002_l10_e1e4,0.02,10.0,0.0001,post_shift_changed_region,value_error,Evaluation rows with analytic full-action Q*: target=1 means the tabular Q-vector RMSE is lower than the neural Q-vector RMSE. Numerical ties are excluded.,mean_seed_selective_error_rate,0.29999999999999993,0.3049907578558225,165,541,0.7142706220419202,0.5509803921568628,0.8775608519269777,5,results/reviewer1_remaining/reliability_calibration/development/raw_parts/ReliabilityShift-boundary-030-calibration-development__rel_b002_l10_e1e4.csv.gz
ReliabilityShift-boundary-030-calibration-development,rel_b002_l10_e1e4,0.02,10.0,0.0001,post_shift_changed_region,value_error,Evaluation rows with analytic full-action Q*: target=1 means the tabular Q-vector RMSE is lower than the neural Q-vector RMSE. Numerical ties are excluded.,mean_seed_selective_error_rate,0.19999999999999996,0.2033271719038817,110,541,0.7141113653699467,0.5159420289855072,0.9122807017543859,5,results/reviewer1_remaining/reliability_calibration/development/raw_parts/ReliabilityShift-boundary-030-calibration-development__rel_b002_l10_e1e4.csv.gz
ReliabilityShift-boundary-030-calibration-development,rel_b002_l10_e1e4,0.02,10.0,0.0001,post_shift_changed_region,value_error,Evaluation rows with analytic full-action Q*: target=1 means the tabular Q-vector RMSE is lower than the neural Q-vector RMSE. Numerical ties are excluded.,mean_seed_selective_error_rate,0.1,0.10536044362292052,57,541,0.7333333333333334,0.4666666666666668,0.9666666666666666,5,results/reviewer1_remaining/reliability_calibration/development/raw_parts/ReliabilityShift-boundary-030-calibration-development__rel_b002_l10_e1e4.csv.gz
ReliabilityShift-boundary-030-calibration-development,rel_b002_l10_e1e8,0.02,10.0,1e-08,post_shift_changed_region,value_error,Evaluation rows with analytic full-action Q*: target=1 means the tabular Q-vector RMSE is lower than the neural Q-vector RMSE. Numerical ties are excluded.,mean_seed_selective_error_rate,1.0,1.0,541,541,0.6229134485232718,0.5378682851571707,0.7079586118893728,5,results/reviewer1_remaining/reliability_calibration/development/raw_parts/ReliabilityShift-boundary-030-calibration-development__rel_b002_l10_e1e8.csv.gz
ReliabilityShift-boundary-030-calibration-development,rel_b002_l10_e1e8,0.02,10.0,1e-08,post_shift_changed_region,value_error,Evaluation rows with analytic full-action Q*: target=1 means the tabular Q-vector RMSE is lower than the neural Q-vector RMSE. Numerical ties are excluded.,mean_seed_selective_error_rate,0.9,0.9038817005545287,489,541,0.637435833532238,0.5301988211336778,0.7357973167393821,5,results/reviewer1_remaining/reliability_calibration/development/raw_parts/ReliabilityShift-boundary-030-calibration-development__rel_b002_l10_e1e8.csv.gz
ReliabilityShift-boundary-030-calibration-development,rel_b002_l10_e1e8,0.02,10.0,1e-08,post_shift_changed_region,value_error,Evaluation rows with analytic full-action Q*: target=1 means the tabular Q-vector RMSE is lower than the neural Q-vector RMSE. Numerical ties are excluded.,mean_seed_selective_error_rate,0.8,0.8059149722735675,436,541,0.6566679519311098,0.5553479853479854,0.7543956043956044,5,results/reviewer1_remaining/reliability_calibration/development/raw_parts/ReliabilityShift-boundary-030-calibration-development__rel_b002_l10_e1e8.csv.gz
ReliabilityShift-boundary-030-calibration-development,rel_b002_l10_e1e8,0.02,10.0,1e-08,post_shift_changed_region,value_error,Evaluation rows with analytic full-action Q*: target=1 means the tabular Q-vector RMSE is lower than the neural Q-vector RMSE. Numerical ties are excluded.,mean_seed_selective_error_rate,0.7,0.7042513863216266,381,541,0.6666327078258016,0.567187380130418,0.7582669407392958,5,results/reviewer1_remaining/reliability_calibration/development/raw_parts/ReliabilityShift-boundary-030-calibration-development__rel_b002_l10_e1e8.csv.gz
ReliabilityShift-boundary-030-calibration-development,rel_b002_l10_e1e8,0.02,10.0,1e-08,post_shift_changed_region,value_error,Evaluation rows with analytic full-action Q*: target=1 means the tabular Q-vector RMSE is lower than the neural Q-vector RMSE. Numerical ties are excluded.,mean_seed_selective_error_rate,0.6,0.6044362292051756,327,541,0.6626496855228378,0.5505385252692626,0.7743550051599587,5,results/reviewer1_remaining/reliability_calibration/development/raw_parts/ReliabilityShift-boundary-030-calibration-development__rel_b002_l10_e1e8.csv.gz
ReliabilityShift-boundary-030-calibration-development,rel_b002_l10_e1e8,0.02,10.0,1e-08,post_shift_changed_region,value_error,Evaluation rows with analytic full-action Q*: target=1 means the tabular Q-vector RMSE is lower than the neural Q-vector RMSE. Numerical ties are excluded.,mean_seed_selective_error_rate,0.5,0.5009242144177449,271,541,0.6585673350064946,0.5255426702349093,0.7915919997780799,5,results/reviewer1_remaining/reliability_calibration/development/raw_parts/ReliabilityShift-boundary-030-calibration-development__rel_b002_l10_e1e8.csv.gz
ReliabilityShift-boundary-030-calibration-development,rel_b002_l10_e1e8,0.02,10.0,1e-08,post_shift_changed_region,value_error,Evaluation rows with analytic full-action Q*: target=1 means the tabular Q-vector RMSE is lower than the neural Q-vector RMSE. Numerical ties are excluded.,mean_seed_selective_error_rate,0.3999999999999999,0.4048059149722736,219,541,0.6568034215974718,0.5013272311212814,0.8112155388471178,5,results/reviewer1_remaining/reliability_calibration/development/raw_parts/ReliabilityShift-boundary-030-calibration-development__rel_b002_l10_e1e8.csv.gz
ReliabilityShift-boundary-030-calibration-development,rel_b002_l10_e1e8,0.02,10.0,1e-08,post_shift_changed_region,value_error,Evaluation rows with analytic full-action Q*: target=1 means the tabular Q-vector RMSE is lower than the neural Q-vector RMSE. Numerical ties are excluded.,mean_seed_selective_error_rate,0.29999999999999993,0.3049907578558225,165,541,0.7142706220419202,0.5519607843137255,0.8841235632183908,5,results/reviewer1_remaining/reliability_calibration/development/raw_parts/ReliabilityShift-boundary-030-calibration-development__rel_b002_l10_e1e8.csv.gz
ReliabilityShift-boundary-030-calibration-development,rel_b002_l10_e1e8,0.02,10.0,1e-08,post_shift_changed_region,value_error,Evaluation rows with analytic full-action Q*: target=1 means the tabular Q-vector RMSE is lower than the neural Q-vector RMSE. Numerical ties are excluded.,mean_seed_selective_error_rate,0.19999999999999996,0.2033271719038817,110,541,0.7141113653699467,0.5159420289855072,0.9112395118230358,5,results/reviewer1_remaining/reliability_calibration/development/raw_parts/ReliabilityShift-boundary-030-calibration-development__rel_b002_l10_e1e8.csv.gz
ReliabilityShift-boundary-030-calibration-development,rel_b002_l10_e1e8,0.02,10.0,1e-08,post_shift_changed_region,value_error,Evaluation rows with analytic full-action Q*: target=1 means the tabular Q-vector RMSE is lower than the neural Q-vector RMSE. Numerical ties are excluded.,mean_seed_selective_error_rate,0.1,0.10536044362292052,57,541,0.7333333333333334,0.4666666666666667,0.9666666666666668,5,results/reviewer1_remaining/reliability_calibration/development/raw_parts/ReliabilityShift-boundary-030-calibration-development__rel_b002_l10_e1e8.csv.gz
ReliabilityShift-boundary-030-calibration-development,rel_b002_l1_e1e4,0.02,1.0,0.0001,post_shift_changed_region,value_error,Evaluation rows with analytic full-action Q*: target=1 means the tabular Q-vector RMSE is lower than the neural Q-vector RMSE. Numerical ties are excluded.,mean_seed_selective_error_rate,1.0,1.0,541,541,0.6293733041019214,0.5165236312360207,0.7198230186690339,5,results/reviewer1_remaining/reliability_calibration/development/raw_parts/ReliabilityShift-boundary-030-calibration-development__rel_b002_l1_e1e4.csv.gz
ReliabilityShift-boundary-030-calibration-development,rel_b002_l1_e1e4,0.02,1.0,0.0001,post_shift_changed_region,value_error,Evaluation rows with analytic full-action Q*: target=1 means the tabular Q-vector RMSE is lower than the neural Q-vector RMSE. Numerical ties are excluded.,mean_seed_selective_error_rate,0.9,0.9038817005545287,489,541,0.6513700644975894,0.5454824305960008,0.7437909536453277,5,results/reviewer1_remaining/reliability_calibration/development/raw_parts/ReliabilityShift-boundary-030-calibration-development__rel_b002_l1_e1e4.csv.gz
ReliabilityShift-boundary-030-calibration-development,rel_b002_l1_e1e4,0.02,1.0,0.0001,post_shift_changed_region,value_error,Evaluation rows with analytic full-action Q*: target=1 means the tabular Q-vector RMSE is lower than the neural Q-vector RMSE. Numerical ties are excluded.,mean_seed_selective_error_rate,0.8,0.8059149722735675,436,541,0.6633763896921792,0.5620146520146521,0.7615384615384615,5,results/reviewer1_remaining/reliability_calibration/development/raw_parts/ReliabilityShift-boundary-030-calibration-development__rel_b002_l1_e1e4.csv.gz
ReliabilityShift-boundary-030-calibration-development,rel_b002_l1_e1e4,0.02,1.0,0.0001,post_shift_changed_region,value_error,Evaluation rows with analytic full-action Q*: target=1 means the tabular Q-vector RMSE is lower than the neural Q-vector RMSE. Numerical ties are excluded.,mean_seed_selective_error_rate,0.7,0.7042513863216266,381,541,0.672194656425725,0.5778126198695819,0.7643985040410706,5,results/reviewer1_remaining/reliability_calibration/development/raw_parts/ReliabilityShift-boundary-030-calibration-development__rel_b002_l1_e1e4.csv.gz
ReliabilityShift-boundary-030-calibration-development,rel_b002_l1_e1e4,0.02,1.0,0.0001,post_shift_changed_region,value_error,Evaluation rows with analytic full-action Q*: target=1 means the tabular Q-vector RMSE is lower than the neural Q-vector RMSE. Numerical ties are excluded.,mean_seed_selective_error_rate,0.6,0.6044362292051756,327,541,0.6682834883397392,0.556172328086164,0.7803946485933142,5,results/reviewer1_remaining/reliability_calibration/development/raw_parts/ReliabilityShift-boundary-030-calibration-development__rel_b002_l1_e1e4.csv.gz
ReliabilityShift-boundary-030-calibration-development,rel_b002_l1_e1e4,0.02,1.0,0.0001,post_shift_changed_region,value_error,Evaluation rows with analytic full-action Q*: target=1 means the tabular Q-vector RMSE is lower than the neural Q-vector RMSE. Numerical ties are excluded.,mean_seed_selective_error_rate,0.5,0.5009242144177449,271,541,0.6828345708928205,0.5639076504821375,0.8017614913035036,5,results/reviewer1_remaining/reliability_calibration/development/raw_parts/ReliabilityShift-boundary-030-calibration-development__rel_b002_l1_e1e4.csv.gz
ReliabilityShift-boundary-030-calibration-development,rel_b002_l1_e1e4,0.02,1.0,0.0001,post_shift_changed_region,value_error,Evaluation rows with analytic full-action Q*: target=1 means the tabular Q-vector RMSE is lower than the neural Q-vector RMSE. Numerical ties are excluded.,mean_seed_selective_error_rate,0.3999999999999999,0.4048059149722736,219,541,0.7072184991464168,0.5591425120772947,0.8552944862155389,5,results/reviewer1_remaining/reliability_calibration/development/raw_parts/ReliabilityShift-boundary-030-calibration-development__rel_b002_l1_e1e4.csv.gz
ReliabilityShift-boundary-030-calibration-development,rel_b002_l1_e1e4,0.02,1.0,0.0001,post_shift_changed_region,value_error,Evaluation rows with analytic full-action Q*: target=1 means the tabular Q-vector RMSE is lower than the neural Q-vector RMSE. Numerical ties are excluded.,mean_seed_selective_error_rate,0.29999999999999993,0.3049907578558225,165,541,0.7257085305386523,0.569281045751634,0.8896791187739463,5,results/reviewer1_remaining/reliability_calibration/development/raw_parts/ReliabilityShift-boundary-030-calibration-development__rel_b002_l1_e1e4.csv.gz
ReliabilityShift-boundary-030-calibration-development,rel_b002_l1_e1e4,0.02,1.0,0.0001,post_shift_changed_region,value_error,Evaluation rows with analytic full-action Q*: target=1 means the tabular Q-vector RMSE is lower than the neural Q-vector RMSE. Numerical ties are excluded.,mean_seed_selective_error_rate,0.19999999999999996,0.2033271719038817,110,541,0.7401983218916858,0.5681159420289855,0.9122807017543861,5,results/reviewer1_remaining/reliability_calibration/development/raw_parts/ReliabilityShift-boundary-030-calibration-development__rel_b002_l1_e1e4.csv.gz
ReliabilityShift-boundary-030-calibration-development,rel_b002_l1_e1e4,0.02,1.0,0.0001,post_shift_changed_region,value_error,Evaluation rows with analytic full-action Q*: target=1 means the tabular Q-vector RMSE is lower than the neural Q-vector RMSE. Numerical ties are excluded.,mean_seed_selective_error_rate,0.1,0.10536044362292052,57,541,0.7333333333333334,0.5000000000000001,0.9666666666666668,5,results/reviewer1_remaining/reliability_calibration/development/raw_parts/ReliabilityShift-boundary-030-calibration-development__rel_b002_l1_e1e4.csv.gz
ReliabilityShift-boundary-030-calibration-development,rel_b002_l1_e1e8,0.02,1.0,1e-08,post_shift_changed_region,value_error,Evaluation rows with analytic full-action Q*: target=1 means the tabular Q-vector RMSE is lower than the neural Q-vector RMSE. Numerical ties are excluded.,mean_seed_selective_error_rate,1.0,1.0,541,541,0.6293733041019214,0.5171782957204724,0.7191683541845821,5,results/reviewer1_remaining/reliability_calibration/development/raw_parts/ReliabilityShift-boundary-030-calibration-development__rel_b002_l1_e1e8.csv.gz
ReliabilityShift-boundary-030-calibration-development,rel_b002_l1_e1e8,0.02,1.0,1e-08,post_shift_changed_region,value_error,Evaluation rows with analytic full-action Q*: target=1 means the tabular Q-vector RMSE is lower than the neural Q-vector RMSE. Numerical ties are excluded.,mean_seed_selective_error_rate,0.9,0.9038817005545287,489,541,0.6513700644975894,0.5483667992967521,0.7506495268618483,5,results/reviewer1_remaining/reliability_calibration/development/raw_parts/ReliabilityShift-boundary-030-calibration-development__rel_b002_l1_e1e8.csv.gz
ReliabilityShift-boundary-030-calibration-development,rel_b002_l1_e1e8,0.02,1.0,1e-08,post_shift_changed_region,value_error,Evaluation rows with analytic full-action Q*: target=1 means the tabular Q-vector RMSE is lower than the neural Q-vector RMSE. Numerical ties are excluded.,mean_seed_selective_error_rate,0.8,0.8059149722735675,436,541,0.6633763896921792,0.5620146520146521,0.7615384615384615,5,results/reviewer1_remaining/reliability_calibration/development/raw_parts/ReliabilityShift-boundary-030-calibration-development__rel_b002_l1_e1e8.csv.gz
ReliabilityShift-boundary-030-calibration-development,rel_b002_l1_e1e8,0.02,1.0,1e-08,post_shift_changed_region,value_error,Evaluation rows with analytic full-action Q*: target=1 means the tabular Q-vector RMSE is lower than the neural Q-vector RMSE. Numerical ties are excluded.,mean_seed_selective_error_rate,0.7,0.7042513863216266,381,541,0.672194656425725,0.5778126198695819,0.764327546799902,5,results/reviewer1_remaining/reliability_calibration/development/raw_parts/ReliabilityShift-boundary-030-calibration-development__rel_b002_l1_e1e8.csv.gz
ReliabilityShift-boundary-030-calibration-development,rel_b002_l1_e1e8,0.02,1.0,1e-08,post_shift_changed_region,value_error,Evaluation rows with analytic full-action Q*: target=1 means the tabular Q-vector RMSE is lower than the neural Q-vector RMSE. Numerical ties are excluded.,mean_seed_selective_error_rate,0.6,0.6044362292051756,327,541,0.6682834883397392,0.556172328086164,0.7803946485933142,5,results/reviewer1_remaining/reliability_calibration/development/raw_parts/ReliabilityShift-boundary-030-calibration-development__rel_b002_l1_e1e8.csv.gz
ReliabilityShift-boundary-030-calibration-development,rel_b002_l1_e1e8,0.02,1.0,1e-08,post_shift_changed_region,value_error,Evaluation rows with analytic full-action Q*: target=1 means the tabular Q-vector RMSE is lower than the neural Q-vector RMSE. Numerical ties are excluded.,mean_seed_selective_error_rate,0.5,0.5009242144177449,271,541,0.6828345708928205,0.5639076504821375,0.8017614913035036,5,results/reviewer1_remaining/reliability_calibration/development/raw_parts/ReliabilityShift-boundary-030-calibration-development__rel_b002_l1_e1e8.csv.gz
ReliabilityShift-boundary-030-calibration-development,rel_b002_l1_e1e8,0.02,1.0,1e-08,post_shift_changed_region,value_error,Evaluation rows with analytic full-action Q*: target=1 means the tabular Q-vector RMSE is lower than the neural Q-vector RMSE. Numerical ties are excluded.,mean_seed_selective_error_rate,0.3999999999999999,0.4048059149722736,219,541,0.7072184991464168,0.5591425120772947,0.8641604010025062,5,results/reviewer1_remaining/reliability_calibration/development/raw_parts/ReliabilityShift-boundary-030-calibration-development__rel_b002_l1_e1e8.csv.gz
ReliabilityShift-boundary-030-calibration-development,rel_b002_l1_e1e8,0.02,1.0,1e-08,post_shift_changed_region,value_error,Evaluation rows with analytic full-action Q*: target=1 means the tabular Q-vector RMSE is lower than the neural Q-vector RMSE. Numerical ties are excluded.,mean_seed_selective_error_rate,0.29999999999999993,0.3049907578558225,165,541,0.7257085305386523,0.5738562091503268,0.8851039553752535,5,results/reviewer1_remaining/reliability_calibration/development/raw_parts/ReliabilityShift-boundary-030-calibration-development__rel_b002_l1_e1e8.csv.gz
ReliabilityShift-boundary-030-calibration-development,rel_b002_l1_e1e8,0.02,1.0,1e-08,post_shift_changed_region,value_error,Evaluation rows with analytic full-action Q*: target=1 means the tabular Q-vector RMSE is lower than the neural Q-vector RMSE. Numerical ties are excluded.,mean_seed_selective_error_rate,0.19999999999999996,0.2033271719038817,110,541,0.7401983218916858,0.5652173913043479,0.9199084668192221,5,results/reviewer1_remaining/reliability_calibration/development/raw_parts/ReliabilityShift-boundary-030-calibration-development__rel_b002_l1_e1e8.csv.gz
ReliabilityShift-boundary-030-calibration-development,rel_b002_l1_e1e8,0.02,1.0,1e-08,post_shift_changed_region,value_error,Evaluation rows with analytic full-action Q*: target=1 means the tabular Q-vector RMSE is lower than the neural Q-vector RMSE. Numerical ties are excluded.,mean_seed_selective_error_rate,0.1,0.10536044362292052,57,541,0.7333333333333334,0.5000000000000001,0.9666666666666668,5,results/reviewer1_remaining/reliability_calibration/development/raw_parts/ReliabilityShift-boundary-030-calibration-development__rel_b002_l1_e1e8.csv.gz
ReliabilityShift-boundary-030-calibration-development,rel_b002_l20_e1e6,0.02,20.0,1e-06,post_shift_changed_region,value_error,Evaluation rows with analytic full-action Q*: target=1 means the tabular Q-vector RMSE is lower than the neural Q-vector RMSE. Numerical ties are excluded.,mean_seed_selective_error_rate,1.0,1.0,541,541,0.6151025035841966,0.5226392251815981,0.6994479735915005,5,results/reviewer1_remaining/reliability_calibration/development/raw_parts/ReliabilityShift-boundary-030-calibration-development__rel_b002_l20_e1e6.csv.gz
ReliabilityShift-boundary-030-calibration-development,rel_b002_l20_e1e6,0.02,20.0,1e-06,post_shift_changed_region,value_error,Evaluation rows with analytic full-action Q*: target=1 means the tabular Q-vector RMSE is lower than the neural Q-vector RMSE. Numerical ties are excluded.,mean_seed_selective_error_rate,0.9,0.9038817005545287,489,541,0.6276677012793861,0.5249284686577509,0.7304069339010211,5,results/reviewer1_remaining/reliability_calibration/development/raw_parts/ReliabilityShift-boundary-030-calibration-development__rel_b002_l20_e1e6.csv.gz
ReliabilityShift-boundary-030-calibration-development,rel_b002_l20_e1e6,0.02,20.0,1e-06,post_shift_changed_region,value_error,Evaluation rows with analytic full-action Q*: target=1 means the tabular Q-vector RMSE is lower than the neural Q-vector RMSE. Numerical ties are excluded.,mean_seed_selective_error_rate,0.8,0.8059149722735675,436,541,0.6475792044213098,0.5447776171197225,0.753961827646038,5,results/reviewer1_remaining/reliability_calibration/development/raw_parts/ReliabilityShift-boundary-030-calibration-development__rel_b002_l20_e1e6.csv.gz
ReliabilityShift-boundary-030-calibration-development,rel_b002_l20_e1e6,0.02,20.0,1e-06,post_shift_changed_region,value_error,Evaluation rows with analytic full-action Q*: target=1 means the tabular Q-vector RMSE is lower than the neural Q-vector RMSE. Numerical ties are excluded.,mean_seed_selective_error_rate,0.7,0.7042513863216266,381,541,0.6666327078258016,0.567187380130418,0.7582683411103942,5,results/reviewer1_remaining/reliability_calibration/development/raw_parts/ReliabilityShift-boundary-030-calibration-development__rel_b002_l20_e1e6.csv.gz
ReliabilityShift-boundary-030-calibration-development,rel_b002_l20_e1e6,0.02,20.0,1e-06,post_shift_changed_region,value_error,Evaluation rows with analytic full-action Q*: target=1 means the tabular Q-vector RMSE is lower than the neural Q-vector RMSE. Numerical ties are excluded.,mean_seed_selective_error_rate,0.6,0.6044362292051756,327,541,0.6535927294070581,0.5387738193869097,0.7684116394272065,5,results/reviewer1_remaining/reliability_calibration/development/raw_parts/ReliabilityShift-boundary-030-calibration-development__rel_b002_l20_e1e6.csv.gz
ReliabilityShift-boundary-030-calibration-development,rel_b002_l20_e1e6,0.02,20.0,1e-06,post_shift_changed_region,value_error,Evaluation rows with analytic full-action Q*: target=1 means the tabular Q-vector RMSE is lower than the neural Q-vector RMSE. Numerical ties are excluded.,mean_seed_selective_error_rate,0.5,0.5009242144177449,271,541,0.6446448168466883,0.5044772949322459,0.782687282855256,5,results/reviewer1_remaining/reliability_calibration/development/raw_parts/ReliabilityShift-boundary-030-calibration-development__rel_b002_l20_e1e6.csv.gz
ReliabilityShift-boundary-030-calibration-development,rel_b002_l20_e1e6,0.02,20.0,1e-06,post_shift_changed_region,value_error,Evaluation rows with analytic full-action Q*: target=1 means the tabular Q-vector RMSE is lower than the neural Q-vector RMSE. Numerical ties are excluded.,mean_seed_selective_error_rate,0.3999999999999999,0.4048059149722736,219,541,0.6272744360902255,0.46416666666666667,0.8010025062656642,5,results/reviewer1_remaining/reliability_calibration/development/raw_parts/ReliabilityShift-boundary-030-calibration-development__rel_b002_l20_e1e6.csv.gz
ReliabilityShift-boundary-030-calibration-development,rel_b002_l20_e1e6,0.02,20.0,1e-06,post_shift_changed_region,value_error,Evaluation rows with analytic full-action Q*: target=1 means the tabular Q-vector RMSE is lower than the neural Q-vector RMSE. Numerical ties are excluded.,mean_seed_selective_error_rate,0.29999999999999993,0.3049907578558225,165,541,0.646481293666892,0.47581699346405226,0.8171455938697317,5,results/reviewer1_remaining/reliability_calibration/development/raw_parts/ReliabilityShift-boundary-030-calibration-development__rel_b002_l20_e1e6.csv.gz
ReliabilityShift-boundary-030-calibration-development,rel_b002_l20_e1e6,0.02,20.0,1e-06,post_shift_changed_region,value_error,Evaluation rows with analytic full-action Q*: target=1 means the tabular Q-vector RMSE is lower than the neural Q-vector RMSE. Numerical ties are excluded.,mean_seed_selective_error_rate,0.19999999999999996,0.2033271719038817,110,541,0.6887490465293669,0.47681159420289854,0.906140350877193,5,results/reviewer1_remaining/reliability_calibration/development/raw_parts/ReliabilityShift-boundary-030-calibration-development__rel_b002_l20_e1e6.csv.gz
ReliabilityShift-boundary-030-calibration-development,rel_b002_l20_e1e6,0.02,20.0,1e-06,post_shift_changed_region,value_error,Evaluation rows with analytic full-action Q*: target=1 means the tabular Q-vector RMSE is lower than the neural Q-vector RMSE. Numerical ties are excluded.,mean_seed_selective_error_rate,0.1,0.10536044362292052,57,541,0.6633333333333333,0.3500000000000001,0.9266666666666665,5,results/reviewer1_remaining/reliability_calibration/development/raw_parts/ReliabilityShift-boundary-030-calibration-development__rel_b002_l20_e1e6.csv.gz
ReliabilityShift-boundary-030-calibration-development,rel_b002_l5_e1e6,0.02,5.0,1e-06,post_shift_changed_region,value_error,Evaluation rows with analytic full-action Q*: target=1 means the tabular Q-vector RMSE is lower than the neural Q-vector RMSE. Numerical ties are excluded.,mean_seed_selective_error_rate,1.0,1.0,541,541,0.6279981942859836,0.5429530309198826,0.7130433576520847,5,results/reviewer1_remaining/reliability_calibration/development/raw_parts/ReliabilityShift-boundary-030-calibration-development__rel_b002_l5_e1e6.csv.gz
ReliabilityShift-boundary-030-calibration-development,rel_b002_l5_e1e6,0.02,5.0,1e-06,post_shift_changed_region,value_error,Evaluation rows with analytic full-action Q*: target=1 means the tabular Q-vector RMSE is lower than the neural Q-vector RMSE. Numerical ties are excluded.,mean_seed_selective_error_rate,0.9,0.9038817005545287,489,541,0.6452455864701485,0.5454824305960007,0.7402697296854713,5,results/reviewer1_remaining/reliability_calibration/development/raw_parts/ReliabilityShift-boundary-030-calibration-development__rel_b002_l5_e1e6.csv.gz
ReliabilityShift-boundary-030-calibration-development,rel_b002_l5_e1e6,0.02,5.0,1e-06,post_shift_changed_region,value_error,Evaluation rows with analytic full-action Q*: target=1 means the tabular Q-vector RMSE is lower than the neural Q-vector RMSE. Numerical ties are excluded.,mean_seed_selective_error_rate,0.8,0.8059149722735675,436,541,0.65687552213868,0.5549139515455305,0.7590977443609022,5,results/reviewer1_remaining/reliability_calibration/development/raw_parts/ReliabilityShift-boundary-030-calibration-development__rel_b002_l5_e1e6.csv.gz
ReliabilityShift-boundary-030-calibration-development,rel_b002_l5_e1e6,0.02,5.0,1e-06,post_shift_changed_region,value_error,Evaluation rows with analytic full-action Q*: target=1 means the tabular Q-vector RMSE is lower than the neural Q-vector RMSE. Numerical ties are excluded.,mean_seed_selective_error_rate,0.7,0.7042513863216266,381,541,0.672194656425725,0.5800617660515479,0.7643985040410706,5,results/reviewer1_remaining/reliability_calibration/development/raw_parts/ReliabilityShift-boundary-030-calibration-development__rel_b002_l5_e1e6.csv.gz
ReliabilityShift-boundary-030-calibration-development,rel_b002_l5_e1e6,0.02,5.0,1e-06,post_shift_changed_region,value_error,Evaluation rows with analytic full-action Q*: target=1 means the tabular Q-vector RMSE is lower than the neural Q-vector RMSE. Numerical ties are excluded.,mean_seed_selective_error_rate,0.6,0.6044362292051756,327,541,0.6712246648103274,0.5620546810273406,0.7773871297963219,5,results/reviewer1_remaining/reliability_calibration/development/raw_parts/ReliabilityShift-boundary-030-calibration-development__rel_b002_l5_e1e6.csv.gz
ReliabilityShift-boundary-030-calibration-development,rel_b002_l5_e1e6,0.02,5.0,1e-06,post_shift_changed_region,value_error,Evaluation rows with analytic full-action Q*: target=1 means the tabular Q-vector RMSE is lower than the neural Q-vector RMSE. Numerical ties are excluded.,mean_seed_selective_error_rate,0.5,0.5009242144177449,271,541,0.6726650793673967,0.5537381589567139,0.7932135986447297,5,results/reviewer1_remaining/reliability_calibration/development/raw_parts/ReliabilityShift-boundary-030-calibration-development__rel_b002_l5_e1e6.csv.gz
ReliabilityShift-boundary-030-calibration-development,rel_b002_l5_e1e6,0.02,5.0,1e-06,post_shift_changed_region,value_error,Evaluation rows with analytic full-action Q*: target=1 means the tabular Q-vector RMSE is lower than the neural Q-vector RMSE. Numerical ties are excluded.,mean_seed_selective_error_rate,0.3999999999999999,0.4048059149722736,219,541,0.6986073880353058,0.5460869565217392,0.8528931023210198,5,results/reviewer1_remaining/reliability_calibration/development/raw_parts/ReliabilityShift-boundary-030-calibration-development__rel_b002_l5_e1e6.csv.gz
ReliabilityShift-boundary-030-calibration-development,rel_b002_l5_e1e6,0.02,5.0,1e-06,post_shift_changed_region,value_error,Evaluation rows with analytic full-action Q*: target=1 means the tabular Q-vector RMSE is lower than the neural Q-vector RMSE. Numerical ties are excluded.,mean_seed_selective_error_rate,0.29999999999999993,0.3049907578558225,165,541,0.7201529749830966,0.5627450980392157,0.8808823529411764,5,results/reviewer1_remaining/reliability_calibration/development/raw_parts/ReliabilityShift-boundary-030-calibration-development__rel_b002_l5_e1e6.csv.gz
ReliabilityShift-boundary-030-calibration-development,rel_b002_l5_e1e6,0.02,5.0,1e-06,post_shift_changed_region,value_error,Evaluation rows with analytic full-action Q*: target=1 means the tabular Q-vector RMSE is lower than the neural Q-vector RMSE. Numerical ties are excluded.,mean_seed_selective_error_rate,0.19999999999999996,0.2033271719038817,110,541,0.7401983218916858,0.5652173913043479,0.9199084668192221,5,results/reviewer1_remaining/reliability_calibration/development/raw_parts/ReliabilityShift-boundary-030-calibration-development__rel_b002_l5_e1e6.csv.gz
ReliabilityShift-boundary-030-calibration-development,rel_b002_l5_e1e6,0.02,5.0,1e-06,post_shift_changed_region,value_error,Evaluation rows with analytic full-action Q*: target=1 means the tabular Q-vector RMSE is lower than the neural Q-vector RMSE. Numerical ties are excluded.,mean_seed_selective_error_rate,0.1,0.10536044362292052,57,541,0.7333333333333334,0.5,0.9666666666666668,5,results/reviewer1_remaining/reliability_calibration/development/raw_parts/ReliabilityShift-boundary-030-calibration-development__rel_b002_l5_e1e6.csv.gz
ReliabilityShift-boundary-030-calibration-development,rel_b005_l10_e1e6,0.05,10.0,1e-06,post_shift_changed_region,value_error,Evaluation rows with analytic full-action Q*: target=1 means the tabular Q-vector RMSE is lower than the neural Q-vector RMSE. Numerical ties are excluded.,mean_seed_selective_error_rate,1.0,1.0,541,541,0.5282178020512115,0.4481829479954573,0.6082526561069654,5,results/reviewer1_remaining/reliability_calibration/development/raw_parts/ReliabilityShift-boundary-030-calibration-development__rel_b005_l10_e1e6.csv.gz
ReliabilityShift-boundary-030-calibration-development,rel_b005_l10_e1e6,0.05,10.0,1e-06,post_shift_changed_region,value_error,Evaluation rows with analytic full-action Q*: target=1 means the tabular Q-vector RMSE is lower than the neural Q-vector RMSE. Numerical ties are excluded.,mean_seed_selective_error_rate,0.9,0.9038817005545287,489,541,0.5182986845583135,0.4337685995097586,0.6028287696068684,5,results/reviewer1_remaining/reliability_calibration/development/raw_parts/ReliabilityShift-boundary-030-calibration-development__rel_b005_l10_e1e6.csv.gz
ReliabilityShift-boundary-030-calibration-development,rel_b005_l10_e1e6,0.05,10.0,1e-06,post_shift_changed_region,value_error,Evaluation rows with analytic full-action Q*: target=1 means the tabular Q-vector RMSE is lower than the neural Q-vector RMSE. Numerical ties are excluded.,mean_seed_selective_error_rate,0.8,0.8059149722735675,436,541,0.5156641604010025,0.4352882205513785,0.5973182957393484,5,results/reviewer1_remaining/reliability_calibration/development/raw_parts/ReliabilityShift-boundary-030-calibration-development__rel_b005_l10_e1e6.csv.gz
ReliabilityShift-boundary-030-calibration-development,rel_b005_l10_e1e6,0.05,10.0,1e-06,post_shift_changed_region,value_error,Evaluation rows with analytic full-action Q*: target=1 means the tabular Q-vector RMSE is lower than the neural Q-vector RMSE. Numerical ties are excluded.,mean_seed_selective_error_rate,0.7,0.7042513863216266,381,541,0.4969250631480634,0.4108746377916731,0.5829754885044537,5,results/reviewer1_remaining/reliability_calibration/development/raw_parts/ReliabilityShift-boundary-030-calibration-development__rel_b005_l10_e1e6.csv.gz
ReliabilityShift-boundary-030-calibration-development,rel_b005_l10_e1e6,0.05,10.0,1e-06,post_shift_changed_region,value_error,Evaluation rows with analytic full-action Q*: target=1 means the tabular Q-vector RMSE is lower than the neural Q-vector RMSE. Numerical ties are excluded.,mean_seed_selective_error_rate,0.6,0.6044362292051756,327,541,0.4767751330826376,0.3870753935376968,0.5664748726275783,5,results/reviewer1_remaining/reliability_calibration/development/raw_parts/ReliabilityShift-boundary-030-calibration-development__rel_b005_l10_e1e6.csv.gz
ReliabilityShift-boundary-030-calibration-development,rel_b005_l10_e1e6,0.05,10.0,1e-06,post_shift_changed_region,value_error,Evaluation rows with analytic full-action Q*: target=1 means the tabular Q-vector RMSE is lower than the neural Q-vector RMSE. Numerical ties are excluded.,mean_seed_selective_error_rate,0.5,0.5009242144177449,271,541,0.4620390368136492,0.36557909604519767,0.5659457563712882,5,results/reviewer1_remaining/reliability_calibration/development/raw_parts/ReliabilityShift-boundary-030-calibration-development__rel_b005_l10_e1e6.csv.gz
ReliabilityShift-boundary-030-calibration-development,rel_b005_l10_e1e6,0.05,10.0,1e-06,post_shift_changed_region,value_error,Evaluation rows with analytic full-action Q*: target=1 means the tabular Q-vector RMSE is lower than the neural Q-vector RMSE. Numerical ties are excluded.,mean_seed_selective_error_rate,0.3999999999999999,0.4048059149722736,219,541,0.43420916421488515,0.3259057971014493,0.5551378446115288,5,results/reviewer1_remaining/reliability_calibration/development/raw_parts/ReliabilityShift-boundary-030-calibration-development__rel_b005_l10_e1e6.csv.gz
ReliabilityShift-boundary-030-calibration-development,rel_b005_l10_e1e6,0.05,10.0,1e-06,post_shift_changed_region,value_error,Evaluation rows with analytic full-action Q*: target=1 means the tabular Q-vector RMSE is lower than the neural Q-vector RMSE. Numerical ties are excluded.,mean_seed_selective_error_rate,0.29999999999999993,0.3049907578558225,165,541,0.4212784539102997,0.3045751633986928,0.5460249042145594,5,results/reviewer1_remaining/reliability_calibration/development/raw_parts/ReliabilityShift-boundary-030-calibration-development__rel_b005_l10_e1e6.csv.gz
ReliabilityShift-boundary-030-calibration-development,rel_b005_l10_e1e6,0.05,10.0,1e-06,post_shift_changed_region,value_error,Evaluation rows with analytic full-action Q*: target=1 means the tabular Q-vector RMSE is lower than the neural Q-vector RMSE. Numerical ties are excluded.,mean_seed_selective_error_rate,0.19999999999999996,0.2033271719038817,110,541,0.42847063310450045,0.28369565217391307,0.567963386727689,5,results/reviewer1_remaining/reliability_calibration/development/raw_parts/ReliabilityShift-boundary-030-calibration-development__rel_b005_l10_e1e6.csv.gz
ReliabilityShift-boundary-030-calibration-development,rel_b005_l10_e1e6,0.05,10.0,1e-06,post_shift_changed_region,value_error,Evaluation rows with analytic full-action Q*: target=1 means the tabular Q-vector RMSE is lower than the neural Q-vector RMSE. Numerical ties are excluded.,mean_seed_selective_error_rate,0.1,0.10536044362292052,57,541,0.3657575757575757,0.1424242424242424,0.5866666666666666,5,results/reviewer1_remaining/reliability_calibration/development/raw_parts/ReliabilityShift-boundary-030-calibration-development__rel_b005_l10_e1e6.csv.gz
ReliabilityShift-boundary-030-calibration-development,rel_b005_l1_e1e6,0.05,1.0,1e-06,post_shift_changed_region,value_error,Evaluation rows with analytic full-action Q*: target=1 means the tabular Q-vector RMSE is lower than the neural Q-vector RMSE. Numerical ties are excluded.,mean_seed_selective_error_rate,1.0,1.0,541,541,0.5282178020512115,0.4481829479954573,0.6036700047158035,5,results/reviewer1_remaining/reliability_calibration/development/raw_parts/ReliabilityShift-boundary-030-calibration-development__rel_b005_l1_e1e6.csv.gz
ReliabilityShift-boundary-030-calibration-development,rel_b005_l1_e1e6,0.05,1.0,1e-06,post_shift_changed_region,value_error,Evaluation rows with analytic full-action Q*: target=1 means the tabular Q-vector RMSE is lower than the neural Q-vector RMSE. Numerical ties are excluded.,mean_seed_selective_error_rate,0.9,0.9038817005545287,489,541,0.5206710394408606,0.43380742692191154,0.6075346519598096,5,results/reviewer1_remaining/reliability_calibration/development/raw_parts/ReliabilityShift-boundary-030-calibration-development__rel_b005_l1_e1e6.csv.gz
ReliabilityShift-boundary-030-calibration-development,rel_b005_l1_e1e6,0.05,1.0,1e-06,post_shift_changed_region,value_error,Evaluation rows with analytic full-action Q*: target=1 means the tabular Q-vector RMSE is lower than the neural Q-vector RMSE. Numerical ties are excluded.,mean_seed_selective_error_rate,0.8,0.8059149722735675,436,541,0.5128571428571429,0.41914786967418555,0.6065664160401003,5,results/reviewer1_remaining/reliability_calibration/development/raw_parts/ReliabilityShift-boundary-030-calibration-development__rel_b005_l1_e1e6.csv.gz
ReliabilityShift-boundary-030-calibration-development,rel_b005_l1_e1e6,0.05,1.0,1e-06,post_shift_changed_region,value_error,Evaluation rows with analytic full-action Q*: target=1 means the tabular Q-vector RMSE is lower than the neural Q-vector RMSE. Numerical ties are excluded.,mean_seed_selective_error_rate,0.7,0.7042513863216266,381,541,0.4994250631480634,0.4159493670886077,0.5829754885044537,5,results/reviewer1_remaining/reliability_calibration/development/raw_parts/ReliabilityShift-boundary-030-calibration-development__rel_b005_l1_e1e6.csv.gz
ReliabilityShift-boundary-030-calibration-development,rel_b005_l1_e1e6,0.05,1.0,1e-06,post_shift_changed_region,value_error,Evaluation rows with analytic full-action Q*: target=1 means the tabular Q-vector RMSE is lower than the neural Q-vector RMSE. Numerical ties are excluded.,mean_seed_selective_error_rate,0.6,0.6044362292051756,327,541,0.4887732656690055,0.40472245236122617,0.5728240789767847,5,results/reviewer1_remaining/reliability_calibration/development/raw_parts/ReliabilityShift-boundary-030-calibration-development__rel_b005_l1_e1e6.csv.gz
ReliabilityShift-boundary-030-calibration-development,rel_b005_l1_e1e6,0.05,1.0,1e-06,post_shift_changed_region,value_error,Evaluation rows with analytic full-action Q*: target=1 means the tabular Q-vector RMSE is lower than the neural Q-vector RMSE. Numerical ties are excluded.,mean_seed_selective_error_rate,0.5,0.5009242144177449,271,541,0.47054967511152157,0.3609362389023406,0.5867157665030006,5,results/reviewer1_remaining/reliability_calibration/development/raw_parts/ReliabilityShift-boundary-030-calibration-development__rel_b005_l1_e1e6.csv.gz
ReliabilityShift-boundary-030-calibration-development,rel_b005_l1_e1e6,0.05,1.0,1e-06,post_shift_changed_region,value_error,Evaluation rows with analytic full-action Q*: target=1 means the tabular Q-vector RMSE is lower than the neural Q-vector RMSE. Numerical ties are excluded.,mean_seed_selective_error_rate,0.3999999999999999,0.4048059149722736,219,541,0.4763279575750971,0.3563526570048309,0.6054469507101086,5,results/reviewer1_remaining/reliability_calibration/development/raw_parts/ReliabilityShift-boundary-030-calibration-development__rel_b005_l1_e1e6.csv.gz
ReliabilityShift-boundary-030-calibration-development,rel_b005_l1_e1e6,0.05,1.0,1e-06,post_shift_changed_region,value_error,Evaluation rows with analytic full-action Q*: target=1 means the tabular Q-vector RMSE is lower than the neural Q-vector RMSE. Numerical ties are excluded.,mean_seed_selective_error_rate,0.29999999999999993,0.3049907578558225,165,541,0.4212784539102997,0.3045751633986928,0.543737322515213,5,results/reviewer1_remaining/reliability_calibration/development/raw_parts/ReliabilityShift-boundary-030-calibration-development__rel_b005_l1_e1e6.csv.gz
ReliabilityShift-boundary-030-calibration-development,rel_b005_l1_e1e6,0.05,1.0,1e-06,post_shift_changed_region,value_error,Evaluation rows with analytic full-action Q*: target=1 means the tabular Q-vector RMSE is lower than the neural Q-vector RMSE. Numerical ties are excluded.,mean_seed_selective_error_rate,0.19999999999999996,0.2033271719038817,110,541,0.44586193745232644,0.3184782608695652,0.5767162471395879,5,results/reviewer1_remaining/reliability_calibration/development/raw_parts/ReliabilityShift-boundary-030-calibration-development__rel_b005_l1_e1e6.csv.gz
ReliabilityShift-boundary-030-calibration-development,rel_b005_l1_e1e6,0.05,1.0,1e-06,post_shift_changed_region,value_error,Evaluation rows with analytic full-action Q*: target=1 means the tabular Q-vector RMSE is lower than the neural Q-vector RMSE. Numerical ties are excluded.,mean_seed_selective_error_rate,0.1,0.10536044362292052,57,541,0.3824242424242424,0.1590909090909091,0.5815151515151514,5,results/reviewer1_remaining/reliability_calibration/development/raw_parts/ReliabilityShift-boundary-030-calibration-development__rel_b005_l1_e1e6.csv.gz
ReliabilityShift-boundary-030-calibration-development,rel_b005_l20_e1e4,0.05,20.0,0.0001,post_shift_changed_region,value_error,Evaluation rows with analytic full-action Q*: target=1 means the tabular Q-vector RMSE is lower than the neural Q-vector RMSE. Numerical ties are excluded.,mean_seed_selective_error_rate,1.0,1.0,541,541,0.5282178020512115,0.44872669759369177,0.6082526561069657,5,results/reviewer1_remaining/reliability_calibration/development/raw_parts/ReliabilityShift-boundary-030-calibration-development__rel_b005_l20_e1e4.csv.gz
ReliabilityShift-boundary-030-calibration-development,rel_b005_l20_e1e4,0.05,20.0,0.0001,post_shift_changed_region,value_error,Evaluation rows with analytic full-action Q*: target=1 means the tabular Q-vector RMSE is lower than the neural Q-vector RMSE. Numerical ties are excluded.,mean_seed_selective_error_rate,0.9,0.9038817005545287,489,541,0.5202788825781155,0.4377289955493625,0.6028287696068684,5,results/reviewer1_remaining/reliability_calibration/development/raw_parts/ReliabilityShift-boundary-030-calibration-development__rel_b005_l20_e1e4.csv.gz
ReliabilityShift-boundary-030-calibration-development,rel_b005_l20_e1e4,0.05,20.0,0.0001,post_shift_changed_region,value_error,Evaluation rows with analytic full-action Q*: target=1 means the tabular Q-vector RMSE is lower than the neural Q-vector RMSE. Numerical ties are excluded.,mean_seed_selective_error_rate,0.8,0.8059149722735675,436,541,0.5067996915365336,0.4175592828224407,0.5960401002506266,5,results/reviewer1_remaining/reliability_calibration/development/raw_parts/ReliabilityShift-boundary-030-calibration-development__rel_b005_l20_e1e4.csv.gz
ReliabilityShift-boundary-030-calibration-development,rel_b005_l20_e1e4,0.05,20.0,0.0001,post_shift_changed_region,value_error,Evaluation rows with analytic full-action Q*: target=1 means the tabular Q-vector RMSE is lower than the neural Q-vector RMSE. Numerical ties are excluded.,mean_seed_selective_error_rate,0.7,0.7042513863216266,381,541,0.49451542459384645,0.40846499923745616,0.5806177387007556,5,results/reviewer1_remaining/reliability_calibration/development/raw_parts/ReliabilityShift-boundary-030-calibration-development__rel_b005_l20_e1e4.csv.gz
ReliabilityShift-boundary-030-calibration-development,rel_b005_l20_e1e4,0.05,20.0,0.0001,post_shift_changed_region,value_error,Evaluation rows with analytic full-action Q*: target=1 means the tabular Q-vector RMSE is lower than the neural Q-vector RMSE. Numerical ties are excluded.,mean_seed_selective_error_rate,0.6,0.6044362292051756,327,541,0.4712656053278737,0.38371996685998344,0.5598620965559439,5,results/reviewer1_remaining/reliability_calibration/development/raw_parts/ReliabilityShift-boundary-030-calibration-development__rel_b005_l20_e1e4.csv.gz
ReliabilityShift-boundary-030-calibration-development,rel_b005_l20_e1e4,0.05,20.0,0.0001,post_shift_changed_region,value_error,Evaluation rows with analytic full-action Q*: target=1 means the tabular Q-vector RMSE is lower than the neural Q-vector RMSE. Numerical ties are excluded.,mean_seed_selective_error_rate,0.5,0.5009242144177449,271,541,0.4512058096780135,0.33587995412259464,0.5714136738121898,5,results/reviewer1_remaining/reliability_calibration/development/raw_parts/ReliabilityShift-boundary-030-calibration-development__rel_b005_l20_e1e4.csv.gz
ReliabilityShift-boundary-030-calibration-development,rel_b005_l20_e1e4,0.05,20.0,0.0001,post_shift_changed_region,value_error,Evaluation rows with analytic full-action Q*: target=1 means the tabular Q-vector RMSE is lower than the neural Q-vector RMSE. Numerical ties are excluded.,mean_seed_selective_error_rate,0.3999999999999999,0.4048059149722736,219,541,0.3971602920344339,0.29507246376811597,0.5192655551923286,5,results/reviewer1_remaining/reliability_calibration/development/raw_parts/ReliabilityShift-boundary-030-calibration-development__rel_b005_l20_e1e4.csv.gz
ReliabilityShift-boundary-030-calibration-development,rel_b005_l20_e1e4,0.05,20.0,0.0001,post_shift_changed_region,value_error,Evaluation rows with analytic full-action Q*: target=1 means the tabular Q-vector RMSE is lower than the neural Q-vector RMSE. Numerical ties are excluded.,mean_seed_selective_error_rate,0.29999999999999993,0.3049907578558225,165,541,0.4143819021861618,0.3045751633986928,0.5253352490421456,5,results/reviewer1_remaining/reliability_calibration/development/raw_parts/ReliabilityShift-boundary-030-calibration-development__rel_b005_l20_e1e4.csv.gz
ReliabilityShift-boundary-030-calibration-development,rel_b005_l20_e1e4,0.05,20.0,0.0001,post_shift_changed_region,value_error,Evaluation rows with analytic full-action Q*: target=1 means the tabular Q-vector RMSE is lower than the neural Q-vector RMSE. Numerical ties are excluded.,mean_seed_selective_error_rate,0.19999999999999996,0.2033271719038817,110,541,0.3657704042715485,0.15743707093821513,0.5521929824561405,5,results/reviewer1_remaining/reliability_calibration/development/raw_parts/ReliabilityShift-boundary-030-calibration-development__rel_b005_l20_e1e4.csv.gz
ReliabilityShift-boundary-030-calibration-development,rel_b005_l20_e1e4,0.05,20.0,0.0001,post_shift_changed_region,value_error,Evaluation rows with analytic full-action Q*: target=1 means the tabular Q-vector RMSE is lower than the neural Q-vector RMSE. Numerical ties are excluded.,mean_seed_selective_error_rate,0.1,0.10536044362292052,57,541,0.2590909090909091,0.06666666666666668,0.4515151515151515,5,results/reviewer1_remaining/reliability_calibration/development/raw_parts/ReliabilityShift-boundary-030-calibration-development__rel_b005_l20_e1e4.csv.gz
ReliabilityShift-boundary-030-calibration-development,rel_b005_l20_e1e8,0.05,20.0,1e-08,post_shift_changed_region,value_error,Evaluation rows with analytic full-action Q*: target=1 means the tabular Q-vector RMSE is lower than the neural Q-vector RMSE. Numerical ties are excluded.,mean_seed_selective_error_rate,1.0,1.0,541,541,0.5282178020512115,0.4481829479954573,0.6082526561069656,5,results/reviewer1_remaining/reliability_calibration/development/raw_parts/ReliabilityShift-boundary-030-calibration-development__rel_b005_l20_e1e8.csv.gz
ReliabilityShift-boundary-030-calibration-development,rel_b005_l20_e1e8,0.05,20.0,1e-08,post_shift_changed_region,value_error,Evaluation rows with analytic full-action Q*: target=1 means the tabular Q-vector RMSE is lower than the neural Q-vector RMSE. Numerical ties are excluded.,mean_seed_selective_error_rate,0.9,0.9038817005545287,489,541,0.5202788825781155,0.4377289955493625,0.6028287696068684,5,results/reviewer1_remaining/reliability_calibration/development/raw_parts/ReliabilityShift-boundary-030-calibration-development__rel_b005_l20_e1e8.csv.gz
ReliabilityShift-boundary-030-calibration-development,rel_b005_l20_e1e8,0.05,20.0,1e-08,post_shift_changed_region,value_error,Evaluation rows with analytic full-action Q*: target=1 means the tabular Q-vector RMSE is lower than the neural Q-vector RMSE. Numerical ties are excluded.,mean_seed_selective_error_rate,0.8,0.8059149722735675,436,541,0.5067996915365336,0.41755928282244065,0.5960401002506266,5,results/reviewer1_remaining/reliability_calibration/development/raw_parts/ReliabilityShift-boundary-030-calibration-development__rel_b005_l20_e1e8.csv.gz
ReliabilityShift-boundary-030-calibration-development,rel_b005_l20_e1e8,0.05,20.0,1e-08,post_shift_changed_region,value_error,Evaluation rows with analytic full-action Q*: target=1 means the tabular Q-vector RMSE is lower than the neural Q-vector RMSE. Numerical ties are excluded.,mean_seed_selective_error_rate,0.7,0.7042513863216266,381,541,0.49451542459384645,0.40846499923745616,0.5805658499502369,5,results/reviewer1_remaining/reliability_calibration/development/raw_parts/ReliabilityShift-boundary-030-calibration-development__rel_b005_l20_e1e8.csv.gz
ReliabilityShift-boundary-030-calibration-development,rel_b005_l20_e1e8,0.05,20.0,1e-08,post_shift_changed_region,value_error,Evaluation rows with analytic full-action Q*: target=1 means the tabular Q-vector RMSE is lower than the neural Q-vector RMSE. Numerical ties are excluded.,mean_seed_selective_error_rate,0.6,0.6044362292051756,327,541,0.4712656053278737,0.3837199668599834,0.5588112437957641,5,results/reviewer1_remaining/reliability_calibration/development/raw_parts/ReliabilityShift-boundary-030-calibration-development__rel_b005_l20_e1e8.csv.gz
ReliabilityShift-boundary-030-calibration-development,rel_b005_l20_e1e8,0.05,20.0,1e-08,post_shift_changed_region,value_error,Evaluation rows with analytic full-action Q*: target=1 means the tabular Q-vector RMSE is lower than the neural Q-vector RMSE. Numerical ties are excluded.,mean_seed_selective_error_rate,0.5,0.5009242144177449,271,541,0.4512058096780135,0.3358799541225947,0.5665316652334322,5,results/reviewer1_remaining/reliability_calibration/development/raw_parts/ReliabilityShift-boundary-030-calibration-development__rel_b005_l20_e1e8.csv.gz
ReliabilityShift-boundary-030-calibration-development,rel_b005_l20_e1e8,0.05,20.0,1e-08,post_shift_changed_region,value_error,Evaluation rows with analytic full-action Q*: target=1 means the tabular Q-vector RMSE is lower than the neural Q-vector RMSE. Numerical ties are excluded.,mean_seed_selective_error_rate,0.3999999999999999,0.4048059149722736,219,541,0.3971602920344339,0.29507246376811597,0.5192655551923286,5,results/reviewer1_remaining/reliability_calibration/development/raw_parts/ReliabilityShift-boundary-030-calibration-development__rel_b005_l20_e1e8.csv.gz
ReliabilityShift-boundary-030-calibration-development,rel_b005_l20_e1e8,0.05,20.0,1e-08,post_shift_changed_region,value_error,Evaluation rows with analytic full-action Q*: target=1 means the tabular Q-vector RMSE is lower than the neural Q-vector RMSE. Numerical ties are excluded.,mean_seed_selective_error_rate,0.29999999999999993,0.3049907578558225,165,541,0.4143819021861618,0.3045751633986928,0.5253352490421456,5,results/reviewer1_remaining/reliability_calibration/development/raw_parts/ReliabilityShift-boundary-030-calibration-development__rel_b005_l20_e1e8.csv.gz
ReliabilityShift-boundary-030-calibration-development,rel_b005_l20_e1e8,0.05,20.0,1e-08,post_shift_changed_region,value_error,Evaluation rows with analytic full-action Q*: target=1 means the tabular Q-vector RMSE is lower than the neural Q-vector RMSE. Numerical ties are excluded.,mean_seed_selective_error_rate,0.19999999999999996,0.2033271719038817,110,541,0.3657704042715485,0.15743707093821513,0.5574370709382152,5,results/reviewer1_remaining/reliability_calibration/development/raw_parts/ReliabilityShift-boundary-030-calibration-development__rel_b005_l20_e1e8.csv.gz
ReliabilityShift-boundary-030-calibration-development,rel_b005_l20_e1e8,0.05,20.0,1e-08,post_shift_changed_region,value_error,Evaluation rows with analytic full-action Q*: target=1 means the tabular Q-vector RMSE is lower than the neural Q-vector RMSE. Numerical ties are excluded.,mean_seed_selective_error_rate,0.1,0.10536044362292052,57,541,0.2590909090909091,0.06666666666666668,0.4515151515151515,5,results/reviewer1_remaining/reliability_calibration/development/raw_parts/ReliabilityShift-boundary-030-calibration-development__rel_b005_l20_e1e8.csv.gz
ReliabilityShift-boundary-030-calibration-development,rel_b005_l5_e1e4,0.05,5.0,0.0001,post_shift_changed_region,value_error,Evaluation rows with analytic full-action Q*: target=1 means the tabular Q-vector RMSE is lower than the neural Q-vector RMSE. Numerical ties are excluded.,mean_seed_selective_error_rate,1.0,1.0,541,541,0.5282178020512115,0.4481829479954573,0.6036700047158036,5,results/reviewer1_remaining/reliability_calibration/development/raw_parts/ReliabilityShift-boundary-030-calibration-development__rel_b005_l5_e1e4.csv.gz
ReliabilityShift-boundary-030-calibration-development,rel_b005_l5_e1e4,0.05,5.0,0.0001,post_shift_changed_region,value_error,Evaluation rows with analytic full-action Q*: target=1 means the tabular Q-vector RMSE is lower than the neural Q-vector RMSE. Numerical ties are excluded.,mean_seed_selective_error_rate,0.9,0.9038817005545287,489,541,0.51831809826439,0.43380742692191154,0.6028287696068684,5,results/reviewer1_remaining/reliability_calibration/development/raw_parts/ReliabilityShift-boundary-030-calibration-development__rel_b005_l5_e1e4.csv.gz
ReliabilityShift-boundary-030-calibration-development,rel_b005_l5_e1e4,0.05,5.0,0.0001,post_shift_changed_region,value_error,Evaluation rows with analytic full-action Q*: target=1 means the tabular Q-vector RMSE is lower than the neural Q-vector RMSE. Numerical ties are excluded.,mean_seed_selective_error_rate,0.8,0.8059149722735675,436,541,0.5153132832080201,0.42827067669172936,0.6023558897243109,5,results/reviewer1_remaining/reliability_calibration/development/raw_parts/ReliabilityShift-boundary-030-calibration-development__rel_b005_l5_e1e4.csv.gz
ReliabilityShift-boundary-030-calibration-development,rel_b005_l5_e1e4,0.05,5.0,0.0001,post_shift_changed_region,value_error,Evaluation rows with analytic full-action Q*: target=1 means the tabular Q-vector RMSE is lower than the neural Q-vector RMSE. Numerical ties are excluded.,mean_seed_selective_error_rate,0.7,0.7042513863216266,381,541,0.4994250631480634,0.41587463779167305,0.5829754885044537,5,results/reviewer1_remaining/reliability_calibration/development/raw_parts/ReliabilityShift-boundary-030-calibration-development__rel_b005_l5_e1e4.csv.gz
ReliabilityShift-boundary-030-calibration-development,rel_b005_l5_e1e4,0.05,5.0,0.0001,post_shift_changed_region,value_error,Evaluation rows with analytic full-action Q*: target=1 means the tabular Q-vector RMSE is lower than the neural Q-vector RMSE. Numerical ties are excluded.,mean_seed_selective_error_rate,0.6,0.6044362292051756,327,541,0.48583208919841725,0.3988400994200497,0.5728240789767847,5,results/reviewer1_remaining/reliability_calibration/development/raw_parts/ReliabilityShift-boundary-030-calibration-development__rel_b005_l5_e1e4.csv.gz
ReliabilityShift-boundary-030-calibration-development,rel_b005_l5_e1e4,0.05,5.0,0.0001,post_shift_changed_region,value_error,Evaluation rows with analytic full-action Q*: target=1 means the tabular Q-vector RMSE is lower than the neural Q-vector RMSE. Numerical ties are excluded.,mean_seed_selective_error_rate,0.5,0.5009242144177449,271,541,0.4620390368136492,0.3609362389023406,0.5738134206219312,5,results/reviewer1_remaining/reliability_calibration/development/raw_parts/ReliabilityShift-boundary-030-calibration-development__rel_b005_l5_e1e4.csv.gz
ReliabilityShift-boundary-030-calibration-development,rel_b005_l5_e1e4,0.05,5.0,0.0001,post_shift_changed_region,value_error,Evaluation rows with analytic full-action Q*: target=1 means the tabular Q-vector RMSE is lower than the neural Q-vector RMSE. Numerical ties are excluded.,mean_seed_selective_error_rate,0.3999999999999999,0.4048059149722736,219,541,0.4631878609567397,0.33007246376811594,0.5963032581453633,5,results/reviewer1_remaining/reliability_calibration/development/raw_parts/ReliabilityShift-boundary-030-calibration-development__rel_b005_l5_e1e4.csv.gz
ReliabilityShift-boundary-030-calibration-development,rel_b005_l5_e1e4,0.05,5.0,0.0001,post_shift_changed_region,value_error,Evaluation rows with analytic full-action Q*: target=1 means the tabular Q-vector RMSE is lower than the neural Q-vector RMSE. Numerical ties are excluded.,mean_seed_selective_error_rate,0.29999999999999993,0.3049907578558225,165,541,0.4212784539102997,0.3058496732026143,0.5460249042145594,5,results/reviewer1_remaining/reliability_calibration/development/raw_parts/ReliabilityShift-boundary-030-calibration-development__rel_b005_l5_e1e4.csv.gz
ReliabilityShift-boundary-030-calibration-development,rel_b005_l5_e1e4,0.05,5.0,0.0001,post_shift_changed_region,value_error,Evaluation rows with analytic full-action Q*: target=1 means the tabular Q-vector RMSE is lower than the neural Q-vector RMSE. Numerical ties are excluded.,mean_seed_selective_error_rate,0.19999999999999996,0.2033271719038817,110,541,0.44586193745232644,0.3184782608695652,0.576659038901602,5,results/reviewer1_remaining/reliability_calibration/development/raw_parts/ReliabilityShift-boundary-030-calibration-development__rel_b005_l5_e1e4.csv.gz
ReliabilityShift-boundary-030-calibration-development,rel_b005_l5_e1e4,0.05,5.0,0.0001,post_shift_changed_region,value_error,Evaluation rows with analytic full-action Q*: target=1 means the tabular Q-vector RMSE is lower than the neural Q-vector RMSE. Numerical ties are excluded.,mean_seed_selective_error_rate,0.1,0.10536044362292052,57,541,0.3657575757575757,0.1333333333333333,0.5868333333333324,5,results/reviewer1_remaining/reliability_calibration/development/raw_parts/ReliabilityShift-boundary-030-calibration-development__rel_b005_l5_e1e4.csv.gz
ReliabilityShift-boundary-030-calibration-development,rel_b005_l5_e1e8,0.05,5.0,1e-08,post_shift_changed_region,value_error,Evaluation rows with analytic full-action Q*: target=1 means the tabular Q-vector RMSE is lower than the neural Q-vector RMSE. Numerical ties are excluded.,mean_seed_selective_error_rate,1.0,1.0,541,541,0.5282178020512115,0.4481829479954573,0.6082526561069656,5,results/reviewer1_remaining/reliability_calibration/development/raw_parts/ReliabilityShift-boundary-030-calibration-development__rel_b005_l5_e1e8.csv.gz
ReliabilityShift-boundary-030-calibration-development,rel_b005_l5_e1e8,0.05,5.0,1e-08,post_shift_changed_region,value_error,Evaluation rows with analytic full-action Q*: target=1 means the tabular Q-vector RMSE is lower than the neural Q-vector RMSE. Numerical ties are excluded.,mean_seed_selective_error_rate,0.9,0.9038817005545287,489,541,0.51831809826439,0.4369330336002264,0.5976548021475436,5,results/reviewer1_remaining/reliability_calibration/development/raw_parts/ReliabilityShift-boundary-030-calibration-development__rel_b005_l5_e1e8.csv.gz
ReliabilityShift-boundary-030-calibration-development,rel_b005_l5_e1e8,0.05,5.0,1e-08,post_shift_changed_region,value_error,Evaluation rows with analytic full-action Q*: target=1 means the tabular Q-vector RMSE is lower than the neural Q-vector RMSE. Numerical ties are excluded.,mean_seed_selective_error_rate,0.8,0.8059149722735675,436,541,0.5153132832080201,0.42827067669172936,0.6023558897243108,5,results/reviewer1_remaining/reliability_calibration/development/raw_parts/ReliabilityShift-boundary-030-calibration-development__rel_b005_l5_e1e8.csv.gz
ReliabilityShift-boundary-030-calibration-development,rel_b005_l5_e1e8,0.05,5.0,1e-08,post_shift_changed_region,value_error,Evaluation rows with analytic full-action Q*: target=1 means the tabular Q-vector RMSE is lower than the neural Q-vector RMSE. Numerical ties are excluded.,mean_seed_selective_error_rate,0.7,0.7042513863216266,381,541,0.4994250631480634,0.4159474988561843,0.5829754885044537,5,results/reviewer1_remaining/reliability_calibration/development/raw_parts/ReliabilityShift-boundary-030-calibration-development__rel_b005_l5_e1e8.csv.gz
ReliabilityShift-boundary-030-calibration-development,rel_b005_l5_e1e8,0.05,5.0,1e-08,post_shift_changed_region,value_error,Evaluation rows with analytic full-action Q*: target=1 means the tabular Q-vector RMSE is lower than the neural Q-vector RMSE. Numerical ties are excluded.,mean_seed_selective_error_rate,0.6,0.6044362292051756,327,541,0.48583208919841725,0.3988400994200497,0.5714874039558991,5,results/reviewer1_remaining/reliability_calibration/development/raw_parts/ReliabilityShift-boundary-030-calibration-development__rel_b005_l5_e1e8.csv.gz
ReliabilityShift-boundary-030-calibration-development,rel_b005_l5_e1e8,0.05,5.0,1e-08,post_shift_changed_region,value_error,Evaluation rows with analytic full-action Q*: target=1 means the tabular Q-vector RMSE is lower than the neural Q-vector RMSE. Numerical ties are excluded.,mean_seed_selective_error_rate,0.5,0.5009242144177449,271,541,0.4620390368136492,0.35617433414043587,0.5739007092198576,5,results/reviewer1_remaining/reliability_calibration/development/raw_parts/ReliabilityShift-boundary-030-calibration-development__rel_b005_l5_e1e8.csv.gz
ReliabilityShift-boundary-030-calibration-development,rel_b005_l5_e1e8,0.05,5.0,1e-08,post_shift_changed_region,value_error,Evaluation rows with analytic full-action Q*: target=1 means the tabular Q-vector RMSE is lower than the neural Q-vector RMSE. Numerical ties are excluded.,mean_seed_selective_error_rate,0.3999999999999999,0.4048059149722736,219,541,0.4631878609567397,0.32427536231884063,0.6010025062656641,5,results/reviewer1_remaining/reliability_calibration/development/raw_parts/ReliabilityShift-boundary-030-calibration-development__rel_b005_l5_e1e8.csv.gz
ReliabilityShift-boundary-030-calibration-development,rel_b005_l5_e1e8,0.05,5.0,1e-08,post_shift_changed_region,value_error,Evaluation rows with analytic full-action Q*: target=1 means the tabular Q-vector RMSE is lower than the neural Q-vector RMSE. Numerical ties are excluded.,mean_seed_selective_error_rate,0.29999999999999993,0.3049907578558225,165,541,0.4212784539102997,0.3045751633986928,0.5437945120576964,5,results/reviewer1_remaining/reliability_calibration/development/raw_parts/ReliabilityShift-boundary-030-calibration-development__rel_b005_l5_e1e8.csv.gz
ReliabilityShift-boundary-030-calibration-development,rel_b005_l5_e1e8,0.05,5.0,1e-08,post_shift_changed_region,value_error,Evaluation rows with analytic full-action Q*: target=1 means the tabular Q-vector RMSE is lower than the neural Q-vector RMSE. Numerical ties are excluded.,mean_seed_selective_error_rate,0.19999999999999996,0.2033271719038817,110,541,0.44586193745232644,0.3184782608695652,0.5766590389016019,5,results/reviewer1_remaining/reliability_calibration/development/raw_parts/ReliabilityShift-boundary-030-calibration-development__rel_b005_l5_e1e8.csv.gz
ReliabilityShift-boundary-030-calibration-development,rel_b005_l5_e1e8,0.05,5.0,1e-08,post_shift_changed_region,value_error,Evaluation rows with analytic full-action Q*: target=1 means the tabular Q-vector RMSE is lower than the neural Q-vector RMSE. Numerical ties are excluded.,mean_seed_selective_error_rate,0.1,0.10536044362292052,57,541,0.3657575757575757,0.14999999999999997,0.5764924242424235,5,results/reviewer1_remaining/reliability_calibration/development/raw_parts/ReliabilityShift-boundary-030-calibration-development__rel_b005_l5_e1e8.csv.gz
ReliabilityShift-boundary-030-calibration-development,rel_b010_l10_e1e4,0.1,10.0,0.0001,post_shift_changed_region,value_error,Evaluation rows with analytic full-action Q*: target=1 means the tabular Q-vector RMSE is lower than the neural Q-vector RMSE. Numerical ties are excluded.,mean_seed_selective_error_rate,1.0,1.0,541,541,0.4283100897854336,0.37476081553065205,0.4914089770143244,5,results/reviewer1_remaining/reliability_calibration/development/raw_parts/ReliabilityShift-boundary-030-calibration-development__rel_b010_l10_e1e4.csv.gz
ReliabilityShift-boundary-030-calibration-development,rel_b010_l10_e1e4,0.1,10.0,0.0001,post_shift_changed_region,value_error,Evaluation rows with analytic full-action Q*: target=1 means the tabular Q-vector RMSE is lower than the neural Q-vector RMSE. Numerical ties are excluded.,mean_seed_selective_error_rate,0.9,0.9038817005545287,489,541,0.4245984657651897,0.36902171250659976,0.49357042838201226,5,results/reviewer1_remaining/reliability_calibration/development/raw_parts/ReliabilityShift-boundary-030-calibration-development__rel_b010_l10_e1e4.csv.gz
ReliabilityShift-boundary-030-calibration-development,rel_b010_l10_e1e4,0.1,10.0,0.0001,post_shift_changed_region,value_error,Evaluation rows with analytic full-action Q*: target=1 means the tabular Q-vector RMSE is lower than the neural Q-vector RMSE. Numerical ties are excluded.,mean_seed_selective_error_rate,0.8,0.8059149722735675,436,541,0.41475612107191057,0.3472959321380374,0.5018045112781955,5,results/reviewer1_remaining/reliability_calibration/development/raw_parts/ReliabilityShift-boundary-030-calibration-development__rel_b010_l10_e1e4.csv.gz
ReliabilityShift-boundary-030-calibration-development,rel_b010_l10_e1e4,0.1,10.0,0.0001,post_shift_changed_region,value_error,Evaluation rows with analytic full-action Q*: target=1 means the tabular Q-vector RMSE is lower than the neural Q-vector RMSE. Numerical ties are excluded.,mean_seed_selective_error_rate,0.7,0.7042513863216266,381,541,0.41406102886252194,0.32324004880280616,0.5048820089222378,5,results/reviewer1_remaining/reliability_calibration/development/raw_parts/ReliabilityShift-boundary-030-calibration-development__rel_b010_l10_e1e4.csv.gz
ReliabilityShift-boundary-030-calibration-development,rel_b010_l10_e1e4,0.1,10.0,0.0001,post_shift_changed_region,value_error,Evaluation rows with analytic full-action Q*: target=1 means the tabular Q-vector RMSE is lower than the neural Q-vector RMSE. Numerical ties are excluded.,mean_seed_selective_error_rate,0.6,0.6044362292051756,327,541,0.3788455535414067,0.2939519469759735,0.46373916010683985,5,results/reviewer1_remaining/reliability_calibration/development/raw_parts/ReliabilityShift-boundary-030-calibration-development__rel_b010_l10_e1e4.csv.gz
ReliabilityShift-boundary-030-calibration-development,rel_b010_l10_e1e4,0.1,10.0,0.0001,post_shift_changed_region,value_error,Evaluation rows with analytic full-action Q*: target=1 means the tabular Q-vector RMSE is lower than the neural Q-vector RMSE. Numerical ties are excluded.,mean_seed_selective_error_rate,0.5,0.5009242144177449,271,541,0.31062834031735276,0.2058977230309817,0.4094867898059388,5,results/reviewer1_remaining/reliability_calibration/development/raw_parts/ReliabilityShift-boundary-030-calibration-development__rel_b010_l10_e1e4.csv.gz
ReliabilityShift-boundary-030-calibration-development,rel_b010_l10_e1e4,0.1,10.0,0.0001,post_shift_changed_region,value_error,Evaluation rows with analytic full-action Q*: target=1 means the tabular Q-vector RMSE is lower than the neural Q-vector RMSE. Numerical ties are excluded.,mean_seed_selective_error_rate,0.3999999999999999,0.4048059149722736,219,541,0.2767657368057826,0.18689613526570048,0.3732664995822891,5,results/reviewer1_remaining/reliability_calibration/development/raw_parts/ReliabilityShift-boundary-030-calibration-development__rel_b010_l10_e1e4.csv.gz
ReliabilityShift-boundary-030-calibration-development,rel_b010_l10_e1e4,0.1,10.0,0.0001,post_shift_changed_region,value_error,Evaluation rows with analytic full-action Q*: target=1 means the tabular Q-vector RMSE is lower than the neural Q-vector RMSE. Numerical ties are excluded.,mean_seed_selective_error_rate,0.29999999999999993,0.3049907578558225,165,541,0.2779792089249493,0.20294117647058826,0.3582023326572008,5,results/reviewer1_remaining/reliability_calibration/development/raw_parts/ReliabilityShift-boundary-030-calibration-development__rel_b010_l10_e1e4.csv.gz
ReliabilityShift-boundary-030-calibration-development,rel_b010_l10_e1e4,0.1,10.0,0.0001,post_shift_changed_region,value_error,Evaluation rows with analytic full-action Q*: target=1 means the tabular Q-vector RMSE is lower than the neural Q-vector RMSE. Numerical ties are excluded.,mean_seed_selective_error_rate,0.19999999999999996,0.2033271719038817,110,541,0.20983164432821183,0.08214285714285714,0.3347744360902255,5,results/reviewer1_remaining/reliability_calibration/development/raw_parts/ReliabilityShift-boundary-030-calibration-development__rel_b010_l10_e1e4.csv.gz
ReliabilityShift-boundary-030-calibration-development,rel_b010_l10_e1e4,0.1,10.0,0.0001,post_shift_changed_region,value_error,Evaluation rows with analytic full-action Q*: target=1 means the tabular Q-vector RMSE is lower than the neural Q-vector RMSE. Numerical ties are excluded.,mean_seed_selective_error_rate,0.1,0.10536044362292052,57,541,0.09303030303030302,0.016666666666666673,0.16939393939393937,5,results/reviewer1_remaining/reliability_calibration/development/raw_parts/ReliabilityShift-boundary-030-calibration-development__rel_b010_l10_e1e4.csv.gz
ReliabilityShift-boundary-030-calibration-development,rel_b010_l10_e1e8,0.1,10.0,1e-08,post_shift_changed_region,value_error,Evaluation rows with analytic full-action Q*: target=1 means the tabular Q-vector RMSE is lower than the neural Q-vector RMSE. Numerical ties are excluded.,mean_seed_selective_error_rate,1.0,1.0,541,541,0.4283100897854336,0.3747608155306521,0.4909983633387888,5,results/reviewer1_remaining/reliability_calibration/development/raw_parts/ReliabilityShift-boundary-030-calibration-development__rel_b010_l10_e1e8.csv.gz
ReliabilityShift-boundary-030-calibration-development,rel_b010_l10_e1e8,0.1,10.0,1e-08,post_shift_changed_region,value_error,Evaluation rows with analytic full-action Q*: target=1 means the tabular Q-vector RMSE is lower than the neural Q-vector RMSE. Numerical ties are excluded.,mean_seed_selective_error_rate,0.9,0.9038817005545287,489,541,0.4245984657651897,0.3690217125065997,0.48935094101271454,5,results/reviewer1_remaining/reliability_calibration/development/raw_parts/ReliabilityShift-boundary-030-calibration-development__rel_b010_l10_e1e8.csv.gz
ReliabilityShift-boundary-030-calibration-development,rel_b010_l10_e1e8,0.1,10.0,1e-08,post_shift_changed_region,value_error,Evaluation rows with analytic full-action Q*: target=1 means the tabular Q-vector RMSE is lower than the neural Q-vector RMSE. Numerical ties are excluded.,mean_seed_selective_error_rate,0.8,0.8059149722735675,436,541,0.41475612107191057,0.34414883362251786,0.5018045112781955,5,results/reviewer1_remaining/reliability_calibration/development/raw_parts/ReliabilityShift-boundary-030-calibration-development__rel_b010_l10_e1e8.csv.gz
ReliabilityShift-boundary-030-calibration-development,rel_b010_l10_e1e8,0.1,10.0,1e-08,post_shift_changed_region,value_error,Evaluation rows with analytic full-action Q*: target=1 means the tabular Q-vector RMSE is lower than the neural Q-vector RMSE. Numerical ties are excluded.,mean_seed_selective_error_rate,0.7,0.7042513863216266,381,541,0.41406102886252194,0.31463414099435716,0.5048820089222378,5,results/reviewer1_remaining/reliability_calibration/development/raw_parts/ReliabilityShift-boundary-030-calibration-development__rel_b010_l10_e1e8.csv.gz
ReliabilityShift-boundary-030-calibration-development,rel_b010_l10_e1e8,0.1,10.0,1e-08,post_shift_changed_region,value_error,Evaluation rows with analytic full-action Q*: target=1 means the tabular Q-vector RMSE is lower than the neural Q-vector RMSE. Numerical ties are excluded.,mean_seed_selective_error_rate,0.6,0.6044362292051756,327,541,0.3788455535414067,0.2939519469759735,0.46373916010683985,5,results/reviewer1_remaining/reliability_calibration/development/raw_parts/ReliabilityShift-boundary-030-calibration-development__rel_b010_l10_e1e8.csv.gz
ReliabilityShift-boundary-030-calibration-development,rel_b010_l10_e1e8,0.1,10.0,1e-08,post_shift_changed_region,value_error,Evaluation rows with analytic full-action Q*: target=1 means the tabular Q-vector RMSE is lower than the neural Q-vector RMSE. Numerical ties are excluded.,mean_seed_selective_error_rate,0.5,0.5009242144177449,271,541,0.31062834031735276,0.1985132322331252,0.4094867898059388,5,results/reviewer1_remaining/reliability_calibration/development/raw_parts/ReliabilityShift-boundary-030-calibration-development__rel_b010_l10_e1e8.csv.gz
ReliabilityShift-boundary-030-calibration-development,rel_b010_l10_e1e8,0.1,10.0,1e-08,post_shift_changed_region,value_error,Evaluation rows with analytic full-action Q*: target=1 means the tabular Q-vector RMSE is lower than the neural Q-vector RMSE. Numerical ties are excluded.,mean_seed_selective_error_rate,0.3999999999999999,0.4048059149722736,219,541,0.2767657368057826,0.18689613526570048,0.3732664995822891,5,results/reviewer1_remaining/reliability_calibration/development/raw_parts/ReliabilityShift-boundary-030-calibration-development__rel_b010_l10_e1e8.csv.gz
ReliabilityShift-boundary-030-calibration-development,rel_b010_l10_e1e8,0.1,10.0,1e-08,post_shift_changed_region,value_error,Evaluation rows with analytic full-action Q*: target=1 means the tabular Q-vector RMSE is lower than the neural Q-vector RMSE. Numerical ties are excluded.,mean_seed_selective_error_rate,0.29999999999999993,0.3049907578558225,165,541,0.2779792089249493,0.20294117647058826,0.35301724137931034,5,results/reviewer1_remaining/reliability_calibration/development/raw_parts/ReliabilityShift-boundary-030-calibration-development__rel_b010_l10_e1e8.csv.gz
ReliabilityShift-boundary-030-calibration-development,rel_b010_l10_e1e8,0.1,10.0,1e-08,post_shift_changed_region,value_error,Evaluation rows with analytic full-action Q*: target=1 means the tabular Q-vector RMSE is lower than the neural Q-vector RMSE. Numerical ties are excluded.,mean_seed_selective_error_rate,0.19999999999999996,0.2033271719038817,110,541,0.20983164432821183,0.08214285714285714,0.3347744360902255,5,results/reviewer1_remaining/reliability_calibration/development/raw_parts/ReliabilityShift-boundary-030-calibration-development__rel_b010_l10_e1e8.csv.gz
ReliabilityShift-boundary-030-calibration-development,rel_b010_l10_e1e8,0.1,10.0,1e-08,post_shift_changed_region,value_error,Evaluation rows with analytic full-action Q*: target=1 means the tabular Q-vector RMSE is lower than the neural Q-vector RMSE. Numerical ties are excluded.,mean_seed_selective_error_rate,0.1,0.10536044362292052,57,541,0.09303030303030302,0.016666666666666673,0.16939393939393937,5,results/reviewer1_remaining/reliability_calibration/development/raw_parts/ReliabilityShift-boundary-030-calibration-development__rel_b010_l10_e1e8.csv.gz
ReliabilityShift-boundary-030-calibration-development,rel_b010_l1_e1e4,0.1,1.0,0.0001,post_shift_changed_region,value_error,Evaluation rows with analytic full-action Q*: target=1 means the tabular Q-vector RMSE is lower than the neural Q-vector RMSE. Numerical ties are excluded.,mean_seed_selective_error_rate,1.0,1.0,541,541,0.4240547706364974,0.374760815530652,0.47864301956751587,5,results/reviewer1_remaining/reliability_calibration/development/raw_parts/ReliabilityShift-boundary-030-calibration-development__rel_b010_l1_e1e4.csv.gz
ReliabilityShift-boundary-030-calibration-development,rel_b010_l1_e1e4,0.1,1.0,0.0001,post_shift_changed_region,value_error,Evaluation rows with analytic full-action Q*: target=1 means the tabular Q-vector RMSE is lower than the neural Q-vector RMSE. Numerical ties are excluded.,mean_seed_selective_error_rate,0.9,0.9038817005545287,489,541,0.4283367835221991,0.37649182991416236,0.49308925876972387,5,results/reviewer1_remaining/reliability_calibration/development/raw_parts/ReliabilityShift-boundary-030-calibration-development__rel_b010_l1_e1e4.csv.gz
ReliabilityShift-boundary-030-calibration-development,rel_b010_l1_e1e4,0.1,1.0,0.0001,post_shift_changed_region,value_error,Evaluation rows with analytic full-action Q*: target=1 means the tabular Q-vector RMSE is lower than the neural Q-vector RMSE. Numerical ties are excluded.,mean_seed_selective_error_rate,0.8,0.8059149722735675,436,541,0.4145710429920957,0.343419028340081,0.5056641604010025,5,results/reviewer1_remaining/reliability_calibration/development/raw_parts/ReliabilityShift-boundary-030-calibration-development__rel_b010_l1_e1e4.csv.gz
ReliabilityShift-boundary-030-calibration-development,rel_b010_l1_e1e4,0.1,1.0,0.0001,post_shift_changed_region,value_error,Evaluation rows with analytic full-action Q*: target=1 means the tabular Q-vector RMSE is lower than the neural Q-vector RMSE. Numerical ties are excluded.,mean_seed_selective_error_rate,0.7,0.7042513863216266,381,541,0.41628994452517254,0.32509060169932374,0.5098633289720509,5,results/reviewer1_remaining/reliability_calibration/development/raw_parts/ReliabilityShift-boundary-030-calibration-development__rel_b010_l1_e1e4.csv.gz
ReliabilityShift-boundary-030-calibration-development,rel_b010_l1_e1e4,0.1,1.0,0.0001,post_shift_changed_region,value_error,Evaluation rows with analytic full-action Q*: target=1 means the tabular Q-vector RMSE is lower than the neural Q-vector RMSE. Numerical ties are excluded.,mean_seed_selective_error_rate,0.6,0.6044362292051756,327,541,0.3761378037748334,0.2735294117647059,0.46674667890383237,5,results/reviewer1_remaining/reliability_calibration/development/raw_parts/ReliabilityShift-boundary-030-calibration-development__rel_b010_l1_e1e4.csv.gz
ReliabilityShift-boundary-030-calibration-development,rel_b010_l1_e1e4,0.1,1.0,0.0001,post_shift_changed_region,value_error,Evaluation rows with analytic full-action Q*: target=1 means the tabular Q-vector RMSE is lower than the neural Q-vector RMSE. Numerical ties are excluded.,mean_seed_selective_error_rate,0.5,0.5009242144177449,271,541,0.3104403703925408,0.22210823669342852,0.4090779217176621,5,results/reviewer1_remaining/reliability_calibration/development/raw_parts/ReliabilityShift-boundary-030-calibration-development__rel_b010_l1_e1e4.csv.gz
ReliabilityShift-boundary-030-calibration-development,rel_b010_l1_e1e4,0.1,1.0,0.0001,post_shift_changed_region,value_error,Evaluation rows with analytic full-action Q*: target=1 means the tabular Q-vector RMSE is lower than the neural Q-vector RMSE. Numerical ties are excluded.,mean_seed_selective_error_rate,0.3999999999999999,0.4048059149722736,219,541,0.2811135628927391,0.19420289855072465,0.3666353383458646,5,results/reviewer1_remaining/reliability_calibration/development/raw_parts/ReliabilityShift-boundary-030-calibration-development__rel_b010_l1_e1e4.csv.gz
ReliabilityShift-boundary-030-calibration-development,rel_b010_l1_e1e4,0.1,1.0,0.0001,post_shift_changed_region,value_error,Evaluation rows with analytic full-action Q*: target=1 means the tabular Q-vector RMSE is lower than the neural Q-vector RMSE. Numerical ties are excluded.,mean_seed_selective_error_rate,0.29999999999999993,0.3049907578558225,165,541,0.30849391480730226,0.2235294117647059,0.3934584178498986,5,results/reviewer1_remaining/reliability_calibration/development/raw_parts/ReliabilityShift-boundary-030-calibration-development__rel_b010_l1_e1e4.csv.gz
ReliabilityShift-boundary-030-calibration-development,rel_b010_l1_e1e4,0.1,1.0,0.0001,post_shift_changed_region,value_error,Evaluation rows with analytic full-action Q*: target=1 means the tabular Q-vector RMSE is lower than the neural Q-vector RMSE. Numerical ties are excluded.,mean_seed_selective_error_rate,0.19999999999999996,0.2033271719038817,110,541,0.21935545385202135,0.09166666666666667,0.3508771929824562,5,results/reviewer1_remaining/reliability_calibration/development/raw_parts/ReliabilityShift-boundary-030-calibration-development__rel_b010_l1_e1e4.csv.gz
ReliabilityShift-boundary-030-calibration-development,rel_b010_l1_e1e4,0.1,1.0,0.0001,post_shift_changed_region,value_error,Evaluation rows with analytic full-action Q*: target=1 means the tabular Q-vector RMSE is lower than the neural Q-vector RMSE. Numerical ties are excluded.,mean_seed_selective_error_rate,0.1,0.10536044362292052,57,541,0.11303030303030304,0.016666666666666673,0.2163636363636364,5,results/reviewer1_remaining/reliability_calibration/development/raw_parts/ReliabilityShift-boundary-030-calibration-development__rel_b010_l1_e1e4.csv.gz
ReliabilityShift-boundary-030-calibration-development,rel_b010_l1_e1e8,0.1,1.0,1e-08,post_shift_changed_region,value_error,Evaluation rows with analytic full-action Q*: target=1 means the tabular Q-vector RMSE is lower than the neural Q-vector RMSE. Numerical ties are excluded.,mean_seed_selective_error_rate,1.0,1.0,541,541,0.42941191349364016,0.3801179583877949,0.47870586859948566,5,results/reviewer1_remaining/reliability_calibration/development/raw_parts/ReliabilityShift-boundary-030-calibration-development__rel_b010_l1_e1e8.csv.gz
ReliabilityShift-boundary-030-calibration-development,rel_b010_l1_e1e8,0.1,1.0,1e-08,post_shift_changed_region,value_error,Evaluation rows with analytic full-action Q*: target=1 means the tabular Q-vector RMSE is lower than the neural Q-vector RMSE. Numerical ties are excluded.,mean_seed_selective_error_rate,0.9,0.9038817005545287,489,541,0.4322971795618031,0.38168180754304126,0.49308925876972387,5,results/reviewer1_remaining/reliability_calibration/development/raw_parts/ReliabilityShift-boundary-030-calibration-development__rel_b010_l1_e1e8.csv.gz
ReliabilityShift-boundary-030-calibration-development,rel_b010_l1_e1e8,0.1,1.0,1e-08,post_shift_changed_region,value_error,Evaluation rows with analytic full-action Q*: target=1 means the tabular Q-vector RMSE is lower than the neural Q-vector RMSE. Numerical ties are excluded.,mean_seed_selective_error_rate,0.8,0.8059149722735675,436,541,0.4145710429920957,0.34342780026990555,0.4941447368421038,5,results/reviewer1_remaining/reliability_calibration/development/raw_parts/ReliabilityShift-boundary-030-calibration-development__rel_b010_l1_e1e8.csv.gz
ReliabilityShift-boundary-030-calibration-development,rel_b010_l1_e1e8,0.1,1.0,1e-08,post_shift_changed_region,value_error,Evaluation rows with analytic full-action Q*: target=1 means the tabular Q-vector RMSE is lower than the neural Q-vector RMSE. Numerical ties are excluded.,mean_seed_selective_error_rate,0.7,0.7042513863216266,381,541,0.41628994452517254,0.3263253012048193,0.508490750048763,5,results/reviewer1_remaining/reliability_calibration/development/raw_parts/ReliabilityShift-boundary-030-calibration-development__rel_b010_l1_e1e8.csv.gz
ReliabilityShift-boundary-030-calibration-development,rel_b010_l1_e1e8,0.1,1.0,1e-08,post_shift_changed_region,value_error,Evaluation rows with analytic full-action Q*: target=1 means the tabular Q-vector RMSE is lower than the neural Q-vector RMSE. Numerical ties are excluded.,mean_seed_selective_error_rate,0.6,0.6044362292051756,327,541,0.3761378037748334,0.28218724109362053,0.46811391223155924,5,results/reviewer1_remaining/reliability_calibration/development/raw_parts/ReliabilityShift-boundary-030-calibration-development__rel_b010_l1_e1e8.csv.gz
ReliabilityShift-boundary-030-calibration-development,rel_b010_l1_e1e8,0.1,1.0,1e-08,post_shift_changed_region,value_error,Evaluation rows with analytic full-action Q*: target=1 means the tabular Q-vector RMSE is lower than the neural Q-vector RMSE. Numerical ties are excluded.,mean_seed_selective_error_rate,0.5,0.5009242144177449,271,541,0.3104403703925408,0.22465060957478444,0.4090779217176621,5,results/reviewer1_remaining/reliability_calibration/development/raw_parts/ReliabilityShift-boundary-030-calibration-development__rel_b010_l1_e1e8.csv.gz
ReliabilityShift-boundary-030-calibration-development,rel_b010_l1_e1e8,0.1,1.0,1e-08,post_shift_changed_region,value_error,Evaluation rows with analytic full-action Q*: target=1 means the tabular Q-vector RMSE is lower than the neural Q-vector RMSE. Numerical ties are excluded.,mean_seed_selective_error_rate,0.3999999999999999,0.4048059149722736,219,541,0.2811135628927391,0.19559178743961353,0.3732664995822891,5,results/reviewer1_remaining/reliability_calibration/development/raw_parts/ReliabilityShift-boundary-030-calibration-development__rel_b010_l1_e1e8.csv.gz
ReliabilityShift-boundary-030-calibration-development,rel_b010_l1_e1e8,0.1,1.0,1e-08,post_shift_changed_region,value_error,Evaluation rows with analytic full-action Q*: target=1 means the tabular Q-vector RMSE is lower than the neural Q-vector RMSE. Numerical ties are excluded.,mean_seed_selective_error_rate,0.29999999999999993,0.3049907578558225,165,541,0.30849391480730226,0.2239350912778905,0.3934584178498986,5,results/reviewer1_remaining/reliability_calibration/development/raw_parts/ReliabilityShift-boundary-030-calibration-development__rel_b010_l1_e1e8.csv.gz
ReliabilityShift-boundary-030-calibration-development,rel_b010_l1_e1e8,0.1,1.0,1e-08,post_shift_changed_region,value_error,Evaluation rows with analytic full-action Q*: target=1 means the tabular Q-vector RMSE is lower than the neural Q-vector RMSE. Numerical ties are excluded.,mean_seed_selective_error_rate,0.19999999999999996,0.2033271719038817,110,541,0.21935545385202135,0.08695652173913042,0.34523264683447746,5,results/reviewer1_remaining/reliability_calibration/development/raw_parts/ReliabilityShift-boundary-030-calibration-development__rel_b010_l1_e1e8.csv.gz
ReliabilityShift-boundary-030-calibration-development,rel_b010_l1_e1e8,0.1,1.0,1e-08,post_shift_changed_region,value_error,Evaluation rows with analytic full-action Q*: target=1 means the tabular Q-vector RMSE is lower than the neural Q-vector RMSE. Numerical ties are excluded.,mean_seed_selective_error_rate,0.1,0.10536044362292052,57,541,0.11303030303030304,0.016666666666666673,0.2163636363636364,5,results/reviewer1_remaining/reliability_calibration/development/raw_parts/ReliabilityShift-boundary-030-calibration-development__rel_b010_l1_e1e8.csv.gz
ReliabilityShift-boundary-030-calibration-development,rel_b010_l20_e1e6,0.1,20.0,1e-06,post_shift_changed_region,value_error,Evaluation rows with analytic full-action Q*: target=1 means the tabular Q-vector RMSE is lower than the neural Q-vector RMSE. Numerical ties are excluded.,mean_seed_selective_error_rate,1.0,1.0,541,541,0.4211672326425764,0.3611546208403865,0.49100862868067724,5,results/reviewer1_remaining/reliability_calibration/development/raw_parts/ReliabilityShift-boundary-030-calibration-development__rel_b010_l20_e1e6.csv.gz
ReliabilityShift-boundary-030-calibration-development,rel_b010_l20_e1e6,0.1,20.0,1e-06,post_shift_changed_region,value_error,Evaluation rows with analytic full-action Q*: target=1 means the tabular Q-vector RMSE is lower than the neural Q-vector RMSE. Numerical ties are excluded.,mean_seed_selective_error_rate,0.9,0.9038817005545287,489,541,0.42067689713773876,0.3624016387345167,0.48270337922403,5,results/reviewer1_remaining/reliability_calibration/development/raw_parts/ReliabilityShift-boundary-030-calibration-development__rel_b010_l20_e1e6.csv.gz
ReliabilityShift-boundary-030-calibration-development,rel_b010_l20_e1e6,0.1,20.0,1e-06,post_shift_changed_region,value_error,Evaluation rows with analytic full-action Q*: target=1 means the tabular Q-vector RMSE is lower than the neural Q-vector RMSE. Numerical ties are excluded.,mean_seed_selective_error_rate,0.8,0.8059149722735675,436,541,0.40422980528243685,0.3441488336225179,0.4702255639097744,5,results/reviewer1_remaining/reliability_calibration/development/raw_parts/ReliabilityShift-boundary-030-calibration-development__rel_b010_l20_e1e6.csv.gz
ReliabilityShift-boundary-030-calibration-development,rel_b010_l20_e1e6,0.1,20.0,1e-06,post_shift_changed_region,value_error,Evaluation rows with analytic full-action Q*: target=1 means the tabular Q-vector RMSE is lower than the neural Q-vector RMSE. Numerical ties are excluded.,mean_seed_selective_error_rate,0.7,0.7042513863216266,381,541,0.40625801169588416,0.3181767576635656,0.4985221083587151,5,results/reviewer1_remaining/reliability_calibration/development/raw_parts/ReliabilityShift-boundary-030-calibration-development__rel_b010_l20_e1e6.csv.gz
ReliabilityShift-boundary-030-calibration-development,rel_b010_l20_e1e6,0.1,20.0,1e-06,post_shift_changed_region,value_error,Evaluation rows with analytic full-action Q*: target=1 means the tabular Q-vector RMSE is lower than the neural Q-vector RMSE. Numerical ties are excluded.,mean_seed_selective_error_rate,0.6,0.6044362292051756,327,541,0.36978859742562703,0.2793662464985994,0.4576219961668878,5,results/reviewer1_remaining/reliability_calibration/development/raw_parts/ReliabilityShift-boundary-030-calibration-development__rel_b010_l20_e1e6.csv.gz
ReliabilityShift-boundary-030-calibration-development,rel_b010_l20_e1e6,0.1,20.0,1e-06,post_shift_changed_region,value_error,Evaluation rows with analytic full-action Q*: target=1 means the tabular Q-vector RMSE is lower than the neural Q-vector RMSE. Numerical ties are excluded.,mean_seed_selective_error_rate,0.5,0.5009242144177449,271,541,0.3070569117459242,0.20819846225733823,0.4090779217176621,5,results/reviewer1_remaining/reliability_calibration/development/raw_parts/ReliabilityShift-boundary-030-calibration-development__rel_b010_l20_e1e6.csv.gz
ReliabilityShift-boundary-030-calibration-development,rel_b010_l20_e1e6,0.1,20.0,1e-06,post_shift_changed_region,value_error,Evaluation rows with analytic full-action Q*: target=1 means the tabular Q-vector RMSE is lower than the neural Q-vector RMSE. Numerical ties are excluded.,mean_seed_selective_error_rate,0.3999999999999999,0.4048059149722736,219,541,0.2767657368057826,0.18828502415458936,0.3666353383458646,5,results/reviewer1_remaining/reliability_calibration/development/raw_parts/ReliabilityShift-boundary-030-calibration-development__rel_b010_l20_e1e6.csv.gz
ReliabilityShift-boundary-030-calibration-development,rel_b010_l20_e1e6,0.1,20.0,1e-06,post_shift_changed_region,value_error,Evaluation rows with analytic full-action Q*: target=1 means the tabular Q-vector RMSE is lower than the neural Q-vector RMSE. Numerical ties are excluded.,mean_seed_selective_error_rate,0.29999999999999993,0.3049907578558225,165,541,0.24889424160468784,0.15032679738562094,0.35231997971602436,5,results/reviewer1_remaining/reliability_calibration/development/raw_parts/ReliabilityShift-boundary-030-calibration-development__rel_b010_l20_e1e6.csv.gz
ReliabilityShift-boundary-030-calibration-development,rel_b010_l20_e1e6,0.1,20.0,1e-06,post_shift_changed_region,value_error,Evaluation rows with analytic full-action Q*: target=1 means the tabular Q-vector RMSE is lower than the neural Q-vector RMSE. Numerical ties are excluded.,mean_seed_selective_error_rate,0.19999999999999996,0.2033271719038817,110,541,0.1837446878064727,0.05714285714285714,0.3271657404380516,5,results/reviewer1_remaining/reliability_calibration/development/raw_parts/ReliabilityShift-boundary-030-calibration-development__rel_b010_l20_e1e6.csv.gz
ReliabilityShift-boundary-030-calibration-development,rel_b010_l20_e1e6,0.1,20.0,1e-06,post_shift_changed_region,value_error,Evaluation rows with analytic full-action Q*: target=1 means the tabular Q-vector RMSE is lower than the neural Q-vector RMSE. Numerical ties are excluded.,mean_seed_selective_error_rate,0.1,0.10536044362292052,57,541,0.07636363636363634,0.0,0.15636363636363632,5,results/reviewer1_remaining/reliability_calibration/development/raw_parts/ReliabilityShift-boundary-030-calibration-development__rel_b010_l20_e1e6.csv.gz
ReliabilityShift-boundary-030-calibration-development,rel_b010_l5_e1e6,0.1,5.0,1e-06,post_shift_changed_region,value_error,Evaluation rows with analytic full-action Q*: target=1 means the tabular Q-vector RMSE is lower than the neural Q-vector RMSE. Numerical ties are excluded.,mean_seed_selective_error_rate,1.0,1.0,541,541,0.4240547706364974,0.37544033512610075,0.47864301956751587,5,results/reviewer1_remaining/reliability_calibration/development/raw_parts/ReliabilityShift-boundary-030-calibration-development__rel_b010_l5_e1e6.csv.gz
ReliabilityShift-boundary-030-calibration-development,rel_b010_l5_e1e6,0.1,5.0,1e-06,post_shift_changed_region,value_error,Evaluation rows with analytic full-action Q*: target=1 means the tabular Q-vector RMSE is lower than the neural Q-vector RMSE. Numerical ties are excluded.,mean_seed_selective_error_rate,0.9,0.9038817005545287,489,541,0.4283367835221991,0.3769795176329068,0.49357042838201226,5,results/reviewer1_remaining/reliability_calibration/development/raw_parts/ReliabilityShift-boundary-030-calibration-development__rel_b010_l5_e1e6.csv.gz
ReliabilityShift-boundary-030-calibration-development,rel_b010_l5_e1e6,0.1,5.0,1e-06,post_shift_changed_region,value_error,Evaluation rows with analytic full-action Q*: target=1 means the tabular Q-vector RMSE is lower than the neural Q-vector RMSE. Numerical ties are excluded.,mean_seed_selective_error_rate,0.8,0.8059149722735675,436,541,0.41246577983420096,0.33956815114709854,0.5039097744360903,5,results/reviewer1_remaining/reliability_calibration/development/raw_parts/ReliabilityShift-boundary-030-calibration-development__rel_b010_l5_e1e6.csv.gz
ReliabilityShift-boundary-030-calibration-development,rel_b010_l5_e1e6,0.1,5.0,1e-06,post_shift_changed_region,value_error,Evaluation rows with analytic full-action Q*: target=1 means the tabular Q-vector RMSE is lower than the neural Q-vector RMSE. Numerical ties are excluded.,mean_seed_selective_error_rate,0.7,0.7042513863216266,381,541,0.40906102886252194,0.31324004880280615,0.5048820089222378,5,results/reviewer1_remaining/reliability_calibration/development/raw_parts/ReliabilityShift-boundary-030-calibration-development__rel_b010_l5_e1e6.csv.gz
ReliabilityShift-boundary-030-calibration-development,rel_b010_l5_e1e6,0.1,5.0,1e-06,post_shift_changed_region,value_error,Evaluation rows with analytic full-action Q*: target=1 means the tabular Q-vector RMSE is lower than the neural Q-vector RMSE. Numerical ties are excluded.,mean_seed_selective_error_rate,0.6,0.6044362292051756,327,541,0.3761378037748334,0.28218724109362053,0.4700883664560462,5,results/reviewer1_remaining/reliability_calibration/development/raw_parts/ReliabilityShift-boundary-030-calibration-development__rel_b010_l5_e1e6.csv.gz
ReliabilityShift-boundary-030-calibration-development,rel_b010_l5_e1e6,0.1,5.0,1e-06,post_shift_changed_region,value_error,Evaluation rows with analytic full-action Q*: target=1 means the tabular Q-vector RMSE is lower than the neural Q-vector RMSE. Numerical ties are excluded.,mean_seed_selective_error_rate,0.5,0.5009242144177449,271,541,0.3211546561068265,0.23282252240771423,0.4094867898059388,5,results/reviewer1_remaining/reliability_calibration/development/raw_parts/ReliabilityShift-boundary-030-calibration-development__rel_b010_l5_e1e6.csv.gz
ReliabilityShift-boundary-030-calibration-development,rel_b010_l5_e1e6,0.1,5.0,1e-06,post_shift_changed_region,value_error,Evaluation rows with analytic full-action Q*: target=1 means the tabular Q-vector RMSE is lower than the neural Q-vector RMSE. Numerical ties are excluded.,mean_seed_selective_error_rate,0.3999999999999999,0.4048059149722736,219,541,0.2811135628927391,0.19559178743961353,0.3732664995822891,5,results/reviewer1_remaining/reliability_calibration/development/raw_parts/ReliabilityShift-boundary-030-calibration-development__rel_b010_l5_e1e6.csv.gz
ReliabilityShift-boundary-030-calibration-development,rel_b010_l5_e1e6,0.1,5.0,1e-06,post_shift_changed_region,value_error,Evaluation rows with analytic full-action Q*: target=1 means the tabular Q-vector RMSE is lower than the neural Q-vector RMSE. Numerical ties are excluded.,mean_seed_selective_error_rate,0.29999999999999993,0.3049907578558225,165,541,0.28974391480730227,0.2235294117647059,0.35595841784989857,5,results/reviewer1_remaining/reliability_calibration/development/raw_parts/ReliabilityShift-boundary-030-calibration-development__rel_b010_l5_e1e6.csv.gz
ReliabilityShift-boundary-030-calibration-development,rel_b010_l5_e1e6,0.1,5.0,1e-06,post_shift_changed_region,value_error,Evaluation rows with analytic full-action Q*: target=1 means the tabular Q-vector RMSE is lower than the neural Q-vector RMSE. Numerical ties are excluded.,mean_seed_selective_error_rate,0.19999999999999996,0.2033271719038817,110,541,0.21935545385202135,0.0934782608695652,0.34523264683447746,5,results/reviewer1_remaining/reliability_calibration/development/raw_parts/ReliabilityShift-boundary-030-calibration-development__rel_b010_l5_e1e6.csv.gz
ReliabilityShift-boundary-030-calibration-development,rel_b010_l5_e1e6,0.1,5.0,1e-06,post_shift_changed_region,value_error,Evaluation rows with analytic full-action Q*: target=1 means the tabular Q-vector RMSE is lower than the neural Q-vector RMSE. Numerical ties are excluded.,mean_seed_selective_error_rate,0.1,0.10536044362292052,57,541,0.11303030303030304,0.016666666666666673,0.2163636363636364,5,results/reviewer1_remaining/reliability_calibration/development/raw_parts/ReliabilityShift-boundary-030-calibration-development__rel_b010_l5_e1e6.csv.gz
ReliabilityShift-boundary-030-calibration-development,rel_b020_l10_e1e6,0.2,10.0,1e-06,post_shift_changed_region,value_error,Evaluation rows with analytic full-action Q*: target=1 means the tabular Q-vector RMSE is lower than the neural Q-vector RMSE. Numerical ties are excluded.,mean_seed_selective_error_rate,1.0,1.0,541,541,0.37375364631347574,0.333554393708886,0.424103997336958,5,results/reviewer1_remaining/reliability_calibration/development/raw_parts/ReliabilityShift-boundary-030-calibration-development__rel_b020_l10_e1e6.csv.gz
ReliabilityShift-boundary-030-calibration-development,rel_b020_l10_e1e6,0.2,10.0,1e-06,post_shift_changed_region,value_error,Evaluation rows with analytic full-action Q*: target=1 means the tabular Q-vector RMSE is lower than the neural Q-vector RMSE. Numerical ties are excluded.,mean_seed_selective_error_rate,0.9,0.9038817005545287,489,541,0.36545148524888404,0.30071721850579786,0.4301857519919701,5,results/reviewer1_remaining/reliability_calibration/development/raw_parts/ReliabilityShift-boundary-030-calibration-development__rel_b020_l10_e1e6.csv.gz
ReliabilityShift-boundary-030-calibration-development,rel_b020_l10_e1e6,0.2,10.0,1e-06,post_shift_changed_region,value_error,Evaluation rows with analytic full-action Q*: target=1 means the tabular Q-vector RMSE is lower than the neural Q-vector RMSE. Numerical ties are excluded.,mean_seed_selective_error_rate,0.8,0.8059149722735675,436,541,0.34292847503373813,0.26405243878928086,0.42180451127819546,5,results/reviewer1_remaining/reliability_calibration/development/raw_parts/ReliabilityShift-boundary-030-calibration-development__rel_b020_l10_e1e6.csv.gz
ReliabilityShift-boundary-030-calibration-development,rel_b020_l10_e1e6,0.2,10.0,1e-06,post_shift_changed_region,value_error,Evaluation rows with analytic full-action Q*: target=1 means the tabular Q-vector RMSE is lower than the neural Q-vector RMSE. Numerical ties are excluded.,mean_seed_selective_error_rate,0.7,0.7042513863216266,381,541,0.3153174380767866,0.23973997254842155,0.39089490360515156,5,results/reviewer1_remaining/reliability_calibration/development/raw_parts/ReliabilityShift-boundary-030-calibration-development__rel_b020_l10_e1e6.csv.gz
ReliabilityShift-boundary-030-calibration-development,rel_b020_l10_e1e6,0.2,10.0,1e-06,post_shift_changed_region,value_error,Evaluation rows with analytic full-action Q*: target=1 means the tabular Q-vector RMSE is lower than the neural Q-vector RMSE. Numerical ties are excluded.,mean_seed_selective_error_rate,0.6,0.6044362292051756,327,541,0.28256574188855177,0.2200786417853527,0.3440660474716202,5,results/reviewer1_remaining/reliability_calibration/development/raw_parts/ReliabilityShift-boundary-030-calibration-development__rel_b020_l10_e1e6.csv.gz
ReliabilityShift-boundary-030-calibration-development,rel_b020_l10_e1e6,0.2,10.0,1e-06,post_shift_changed_region,value_error,Evaluation rows with analytic full-action Q*: target=1 means the tabular Q-vector RMSE is lower than the neural Q-vector RMSE. Numerical ties are excluded.,mean_seed_selective_error_rate,0.5,0.5009242144177449,271,541,0.25219651948256727,0.18916783484134064,0.3128127191956979,5,results/reviewer1_remaining/reliability_calibration/development/raw_parts/ReliabilityShift-boundary-030-calibration-development__rel_b020_l10_e1e6.csv.gz
ReliabilityShift-boundary-030-calibration-development,rel_b020_l10_e1e6,0.2,10.0,1e-06,post_shift_changed_region,value_error,Evaluation rows with analytic full-action Q*: target=1 means the tabular Q-vector RMSE is lower than the neural Q-vector RMSE. Numerical ties are excluded.,mean_seed_selective_error_rate,0.3999999999999999,0.4048059149722736,219,541,0.18222785223929389,0.1330745341614907,0.23230467473030383,5,results/reviewer1_remaining/reliability_calibration/development/raw_parts/ReliabilityShift-boundary-030-calibration-development__rel_b020_l10_e1e6.csv.gz
ReliabilityShift-boundary-030-calibration-development,rel_b020_l10_e1e6,0.2,10.0,1e-06,post_shift_changed_region,value_error,Evaluation rows with analytic full-action Q*: target=1 means the tabular Q-vector RMSE is lower than the neural Q-vector RMSE. Numerical ties are excluded.,mean_seed_selective_error_rate,0.29999999999999993,0.3049907578558225,165,541,0.10832488167680868,0.028431372549019618,0.18821839080459773,5,results/reviewer1_remaining/reliability_calibration/development/raw_parts/ReliabilityShift-boundary-030-calibration-development__rel_b020_l10_e1e6.csv.gz
ReliabilityShift-boundary-030-calibration-development,rel_b020_l10_e1e6,0.2,10.0,1e-06,post_shift_changed_region,value_error,Evaluation rows with analytic full-action Q*: target=1 means the tabular Q-vector RMSE is lower than the neural Q-vector RMSE. Numerical ties are excluded.,mean_seed_selective_error_rate,0.19999999999999996,0.2033271719038817,110,541,0.05162907268170427,0.0,0.13583959899749373,5,results/reviewer1_remaining/reliability_calibration/development/raw_parts/ReliabilityShift-boundary-030-calibration-development__rel_b020_l10_e1e6.csv.gz
ReliabilityShift-boundary-030-calibration-development,rel_b020_l10_e1e6,0.2,10.0,1e-06,post_shift_changed_region,value_error,Evaluation rows with analytic full-action Q*: target=1 means the tabular Q-vector RMSE is lower than the neural Q-vector RMSE. Numerical ties are excluded.,mean_seed_selective_error_rate,0.1,0.10536044362292052,57,541,0.0,0.0,0.0,5,results/reviewer1_remaining/reliability_calibration/development/raw_parts/ReliabilityShift-boundary-030-calibration-development__rel_b020_l10_e1e6.csv.gz
ReliabilityShift-boundary-030-calibration-development,rel_b020_l1_e1e6,0.2,1.0,1e-06,post_shift_changed_region,value_error,Evaluation rows with analytic full-action Q*: target=1 means the tabular Q-vector RMSE is lower than the neural Q-vector RMSE. Numerical ties are excluded.,mean_seed_selective_error_rate,1.0,1.0,541,541,0.37378525187605477,0.3312155820780389,0.424103997336958,5,results/reviewer1_remaining/reliability_calibration/development/raw_parts/ReliabilityShift-boundary-030-calibration-development__rel_b020_l1_e1e6.csv.gz
ReliabilityShift-boundary-030-calibration-development,rel_b020_l1_e1e6,0.2,1.0,1e-06,post_shift_changed_region,value_error,Evaluation rows with analytic full-action Q*: target=1 means the tabular Q-vector RMSE is lower than the neural Q-vector RMSE. Numerical ties are excluded.,mean_seed_selective_error_rate,0.9,0.9038817005545287,489,541,0.36545148524888404,0.3056283418336336,0.4322035722222872,5,results/reviewer1_remaining/reliability_calibration/development/raw_parts/ReliabilityShift-boundary-030-calibration-development__rel_b020_l1_e1e6.csv.gz
ReliabilityShift-boundary-030-calibration-development,rel_b020_l1_e1e6,0.2,1.0,1e-06,post_shift_changed_region,value_error,Evaluation rows with analytic full-action Q*: target=1 means the tabular Q-vector RMSE is lower than the neural Q-vector RMSE. Numerical ties are excluded.,mean_seed_selective_error_rate,0.8,0.8059149722735675,436,541,0.3539663260715892,0.28168369642053853,0.4248705096073516,5,results/reviewer1_remaining/reliability_calibration/development/raw_parts/ReliabilityShift-boundary-030-calibration-development__rel_b020_l1_e1e6.csv.gz
ReliabilityShift-boundary-030-calibration-development,rel_b020_l1_e1e6,0.2,1.0,1e-06,post_shift_changed_region,value_error,Evaluation rows with analytic full-action Q*: target=1 means the tabular Q-vector RMSE is lower than the neural Q-vector RMSE. Numerical ties are excluded.,mean_seed_selective_error_rate,0.7,0.7042513863216266,381,541,0.3203174380767866,0.24973997254842156,0.3885287765814903,5,results/reviewer1_remaining/reliability_calibration/development/raw_parts/ReliabilityShift-boundary-030-calibration-development__rel_b020_l1_e1e6.csv.gz
ReliabilityShift-boundary-030-calibration-development,rel_b020_l1_e1e6,0.2,1.0,1e-06,post_shift_changed_region,value_error,Evaluation rows with analytic full-action Q*: target=1 means the tabular Q-vector RMSE is lower than the neural Q-vector RMSE. Numerical ties are excluded.,mean_seed_selective_error_rate,0.6,0.6044362292051756,327,541,0.28868152153374316,0.22325324495995585,0.34922600619195043,5,results/reviewer1_remaining/reliability_calibration/development/raw_parts/ReliabilityShift-boundary-030-calibration-development__rel_b020_l1_e1e6.csv.gz
ReliabilityShift-boundary-030-calibration-development,rel_b020_l1_e1e6,0.2,1.0,1e-06,post_shift_changed_region,value_error,Evaluation rows with analytic full-action Q*: target=1 means the tabular Q-vector RMSE is lower than the neural Q-vector RMSE. Numerical ties are excluded.,mean_seed_selective_error_rate,0.5,0.5009242144177449,271,541,0.25144997226345567,0.1996941506308143,0.3043020808978256,5,results/reviewer1_remaining/reliability_calibration/development/raw_parts/ReliabilityShift-boundary-030-calibration-development__rel_b020_l1_e1e6.csv.gz
ReliabilityShift-boundary-030-calibration-development,rel_b020_l1_e1e6,0.2,1.0,1e-06,post_shift_changed_region,value_error,Evaluation rows with analytic full-action Q*: target=1 means the tabular Q-vector RMSE is lower than the neural Q-vector RMSE. Numerical ties are excluded.,mean_seed_selective_error_rate,0.3999999999999999,0.4048059149722736,219,541,0.1914342014456431,0.13792270531400969,0.24494569757727652,5,results/reviewer1_remaining/reliability_calibration/development/raw_parts/ReliabilityShift-boundary-030-calibration-development__rel_b020_l1_e1e6.csv.gz
ReliabilityShift-boundary-030-calibration-development,rel_b020_l1_e1e6,0.2,1.0,1e-06,post_shift_changed_region,value_error,Evaluation rows with analytic full-action Q*: target=1 means the tabular Q-vector RMSE is lower than the neural Q-vector RMSE. Numerical ties are excluded.,mean_seed_selective_error_rate,0.29999999999999993,0.3049907578558225,165,541,0.13875084516565248,0.06862745098039218,0.219683908045977,5,results/reviewer1_remaining/reliability_calibration/development/raw_parts/ReliabilityShift-boundary-030-calibration-development__rel_b020_l1_e1e6.csv.gz
ReliabilityShift-boundary-030-calibration-development,rel_b020_l1_e1e6,0.2,1.0,1e-06,post_shift_changed_region,value_error,Evaluation rows with analytic full-action Q*: target=1 means the tabular Q-vector RMSE is lower than the neural Q-vector RMSE. Numerical ties are excluded.,mean_seed_selective_error_rate,0.19999999999999996,0.2033271719038817,110,541,0.070851040645091,0.008695652173913038,0.16741854636591483,5,results/reviewer1_remaining/reliability_calibration/development/raw_parts/ReliabilityShift-boundary-030-calibration-development__rel_b020_l1_e1e6.csv.gz
ReliabilityShift-boundary-030-calibration-development,rel_b020_l1_e1e6,0.2,1.0,1e-06,post_shift_changed_region,value_error,Evaluation rows with analytic full-action Q*: target=1 means the tabular Q-vector RMSE is lower than the neural Q-vector RMSE. Numerical ties are excluded.,mean_seed_selective_error_rate,0.1,0.10536044362292052,57,541,0.018181818181818188,0.0,0.054545454545454564,5,results/reviewer1_remaining/reliability_calibration/development/raw_parts/ReliabilityShift-boundary-030-calibration-development__rel_b020_l1_e1e6.csv.gz
ReliabilityShift-boundary-030-calibration-development,rel_b020_l20_e1e4,0.2,20.0,0.0001,post_shift_changed_region,value_error,Evaluation rows with analytic full-action Q*: target=1 means the tabular Q-vector RMSE is lower than the neural Q-vector RMSE. Numerical ties are excluded.,mean_seed_selective_error_rate,1.0,1.0,541,541,0.3837781962316428,0.333554393708886,0.4460895487491233,5,results/reviewer1_remaining/reliability_calibration/development/raw_parts/ReliabilityShift-boundary-030-calibration-development__rel_b020_l20_e1e4.csv.gz
ReliabilityShift-boundary-030-calibration-development,rel_b020_l20_e1e4,0.2,20.0,0.0001,post_shift_changed_region,value_error,Evaluation rows with analytic full-action Q*: target=1 means the tabular Q-vector RMSE is lower than the neural Q-vector RMSE. Numerical ties are excluded.,mean_seed_selective_error_rate,0.9,0.9038817005545287,489,541,0.36358232637037935,0.3000208651981196,0.4303344133437824,5,results/reviewer1_remaining/reliability_calibration/development/raw_parts/ReliabilityShift-boundary-030-calibration-development__rel_b020_l20_e1e4.csv.gz
ReliabilityShift-boundary-030-calibration-development,rel_b020_l20_e1e4,0.2,20.0,0.0001,post_shift_changed_region,value_error,Evaluation rows with analytic full-action Q*: target=1 means the tabular Q-vector RMSE is lower than the neural Q-vector RMSE. Numerical ties are excluded.,mean_seed_selective_error_rate,0.8,0.8059149722735675,436,541,0.3363106484159116,0.2615133988818199,0.4195822890559732,5,results/reviewer1_remaining/reliability_calibration/development/raw_parts/ReliabilityShift-boundary-030-calibration-development__rel_b020_l20_e1e4.csv.gz
ReliabilityShift-boundary-030-calibration-development,rel_b020_l20_e1e4,0.2,20.0,0.0001,post_shift_changed_region,value_error,Evaluation rows with analytic full-action Q*: target=1 means the tabular Q-vector RMSE is lower than the neural Q-vector RMSE. Numerical ties are excluded.,mean_seed_selective_error_rate,0.7,0.7042513863216266,381,541,0.30775414693754605,0.22967668140918107,0.3834654854422498,5,results/reviewer1_remaining/reliability_calibration/development/raw_parts/ReliabilityShift-boundary-030-calibration-development__rel_b020_l20_e1e4.csv.gz
ReliabilityShift-boundary-030-calibration-development,rel_b020_l20_e1e4,0.2,20.0,0.0001,post_shift_changed_region,value_error,Evaluation rows with analytic full-action Q*: target=1 means the tabular Q-vector RMSE is lower than the neural Q-vector RMSE. Numerical ties are excluded.,mean_seed_selective_error_rate,0.6,0.6044362292051756,327,541,0.27962456541796354,0.21836945304437566,0.34486215538847115,5,results/reviewer1_remaining/reliability_calibration/development/raw_parts/ReliabilityShift-boundary-030-calibration-development__rel_b020_l20_e1e4.csv.gz
ReliabilityShift-boundary-030-calibration-development,rel_b020_l20_e1e4,0.2,20.0,0.0001,post_shift_changed_region,value_error,Evaluation rows with analytic full-action Q*: target=1 means the tabular Q-vector RMSE is lower than the neural Q-vector RMSE. Numerical ties are excluded.,mean_seed_selective_error_rate,0.5,0.5009242144177449,271,541,0.2486250909111387,0.19130559449471135,0.30815556603511884,5,results/reviewer1_remaining/reliability_calibration/development/raw_parts/ReliabilityShift-boundary-030-calibration-development__rel_b020_l20_e1e4.csv.gz
ReliabilityShift-boundary-030-calibration-development,rel_b020_l20_e1e4,0.2,20.0,0.0001,post_shift_changed_region,value_error,Evaluation rows with analytic full-action Q*: target=1 means the tabular Q-vector RMSE is lower than the neural Q-vector RMSE. Numerical ties are excluded.,mean_seed_selective_error_rate,0.3999999999999999,0.4048059149722736,219,541,0.1550228832951945,0.11050724637681161,0.21122807017543863,5,results/reviewer1_remaining/reliability_calibration/development/raw_parts/ReliabilityShift-boundary-030-calibration-development__rel_b020_l20_e1e4.csv.gz
ReliabilityShift-boundary-030-calibration-development,rel_b020_l20_e1e4,0.2,20.0,0.0001,post_shift_changed_region,value_error,Evaluation rows with analytic full-action Q*: target=1 means the tabular Q-vector RMSE is lower than the neural Q-vector RMSE. Numerical ties are excluded.,mean_seed_selective_error_rate,0.29999999999999993,0.3049907578558225,165,541,0.10832488167680868,0.028431372549019618,0.19827586206896552,5,results/reviewer1_remaining/reliability_calibration/development/raw_parts/ReliabilityShift-boundary-030-calibration-development__rel_b020_l20_e1e4.csv.gz
ReliabilityShift-boundary-030-calibration-development,rel_b020_l20_e1e4,0.2,20.0,0.0001,post_shift_changed_region,value_error,Evaluation rows with analytic full-action Q*: target=1 means the tabular Q-vector RMSE is lower than the neural Q-vector RMSE. Numerical ties are excluded.,mean_seed_selective_error_rate,0.19999999999999996,0.2033271719038817,110,541,0.020050125313283228,0.0,0.04110275689223062,5,results/reviewer1_remaining/reliability_calibration/development/raw_parts/ReliabilityShift-boundary-030-calibration-development__rel_b020_l20_e1e4.csv.gz
ReliabilityShift-boundary-030-calibration-development,rel_b020_l20_e1e4,0.2,20.0,0.0001,post_shift_changed_region,value_error,Evaluation rows with analytic full-action Q*: target=1 means the tabular Q-vector RMSE is lower than the neural Q-vector RMSE. Numerical ties are excluded.,mean_seed_selective_error_rate,0.1,0.10536044362292052,57,541,0.0,0.0,0.0,5,results/reviewer1_remaining/reliability_calibration/development/raw_parts/ReliabilityShift-boundary-030-calibration-development__rel_b020_l20_e1e4.csv.gz
ReliabilityShift-boundary-030-calibration-development,rel_b020_l20_e1e8,0.2,20.0,1e-08,post_shift_changed_region,value_error,Evaluation rows with analytic full-action Q*: target=1 means the tabular Q-vector RMSE is lower than the neural Q-vector RMSE. Numerical ties are excluded.,mean_seed_selective_error_rate,1.0,1.0,541,541,0.3837781962316428,0.333554393708886,0.4460895487491232,5,results/reviewer1_remaining/reliability_calibration/development/raw_parts/ReliabilityShift-boundary-030-calibration-development__rel_b020_l20_e1e8.csv.gz
ReliabilityShift-boundary-030-calibration-development,rel_b020_l20_e1e8,0.2,20.0,1e-08,post_shift_changed_region,value_error,Evaluation rows with analytic full-action Q*: target=1 means the tabular Q-vector RMSE is lower than the neural Q-vector RMSE. Numerical ties are excluded.,mean_seed_selective_error_rate,0.9,0.9038817005545287,489,541,0.36358232637037935,0.29994481608688633,0.43033441334378253,5,results/reviewer1_remaining/reliability_calibration/development/raw_parts/ReliabilityShift-boundary-030-calibration-development__rel_b020_l20_e1e8.csv.gz
ReliabilityShift-boundary-030-calibration-development,rel_b020_l20_e1e8,0.2,20.0,1e-08,post_shift_changed_region,value_error,Evaluation rows with analytic full-action Q*: target=1 means the tabular Q-vector RMSE is lower than the neural Q-vector RMSE. Numerical ties are excluded.,mean_seed_selective_error_rate,0.8,0.8059149722735675,436,541,0.3363106484159116,0.24757020757020753,0.418203842940685,5,results/reviewer1_remaining/reliability_calibration/development/raw_parts/ReliabilityShift-boundary-030-calibration-development__rel_b020_l20_e1e8.csv.gz
ReliabilityShift-boundary-030-calibration-development,rel_b020_l20_e1e8,0.2,20.0,1e-08,post_shift_changed_region,value_error,Evaluation rows with analytic full-action Q*: target=1 means the tabular Q-vector RMSE is lower than the neural Q-vector RMSE. Numerical ties are excluded.,mean_seed_selective_error_rate,0.7,0.7042513863216266,381,541,0.30775414693754605,0.22967668140918107,0.385831612465911,5,results/reviewer1_remaining/reliability_calibration/development/raw_parts/ReliabilityShift-boundary-030-calibration-development__rel_b020_l20_e1e8.csv.gz
ReliabilityShift-boundary-030-calibration-development,rel_b020_l20_e1e8,0.2,20.0,1e-08,post_shift_changed_region,value_error,Evaluation rows with analytic full-action Q*: target=1 means the tabular Q-vector RMSE is lower than the neural Q-vector RMSE. Numerical ties are excluded.,mean_seed_selective_error_rate,0.6,0.6044362292051756,327,541,0.27962456541796354,0.2223155929038282,0.33746130030959753,5,results/reviewer1_remaining/reliability_calibration/development/raw_parts/ReliabilityShift-boundary-030-calibration-development__rel_b020_l20_e1e8.csv.gz
ReliabilityShift-boundary-030-calibration-development,rel_b020_l20_e1e8,0.2,20.0,1e-08,post_shift_changed_region,value_error,Evaluation rows with analytic full-action Q*: target=1 means the tabular Q-vector RMSE is lower than the neural Q-vector RMSE. Numerical ties are excluded.,mean_seed_selective_error_rate,0.5,0.5009242144177449,271,541,0.2486250909111387,0.18587113154463736,0.30788084076039357,5,results/reviewer1_remaining/reliability_calibration/development/raw_parts/ReliabilityShift-boundary-030-calibration-development__rel_b020_l20_e1e8.csv.gz
ReliabilityShift-boundary-030-calibration-development,rel_b020_l20_e1e8,0.2,20.0,1e-08,post_shift_changed_region,value_error,Evaluation rows with analytic full-action Q*: target=1 means the tabular Q-vector RMSE is lower than the neural Q-vector RMSE. Numerical ties are excluded.,mean_seed_selective_error_rate,0.3999999999999999,0.4048059149722736,219,541,0.1550228832951945,0.11050724637681161,0.20956140350877198,5,results/reviewer1_remaining/reliability_calibration/development/raw_parts/ReliabilityShift-boundary-030-calibration-development__rel_b020_l20_e1e8.csv.gz
ReliabilityShift-boundary-030-calibration-development,rel_b020_l20_e1e8,0.2,20.0,1e-08,post_shift_changed_region,value_error,Evaluation rows with analytic full-action Q*: target=1 means the tabular Q-vector RMSE is lower than the neural Q-vector RMSE. Numerical ties are excluded.,mean_seed_selective_error_rate,0.29999999999999993,0.3049907578558225,165,541,0.10832488167680868,0.03333333333333335,0.18820993914807305,5,results/reviewer1_remaining/reliability_calibration/development/raw_parts/ReliabilityShift-boundary-030-calibration-development__rel_b020_l20_e1e8.csv.gz
ReliabilityShift-boundary-030-calibration-development,rel_b020_l20_e1e8,0.2,20.0,1e-08,post_shift_changed_region,value_error,Evaluation rows with analytic full-action Q*: target=1 means the tabular Q-vector RMSE is lower than the neural Q-vector RMSE. Numerical ties are excluded.,mean_seed_selective_error_rate,0.19999999999999996,0.2033271719038817,110,541,0.020050125313283228,0.0,0.04110275689223062,5,results/reviewer1_remaining/reliability_calibration/development/raw_parts/ReliabilityShift-boundary-030-calibration-development__rel_b020_l20_e1e8.csv.gz
ReliabilityShift-boundary-030-calibration-development,rel_b020_l20_e1e8,0.2,20.0,1e-08,post_shift_changed_region,value_error,Evaluation rows with analytic full-action Q*: target=1 means the tabular Q-vector RMSE is lower than the neural Q-vector RMSE. Numerical ties are excluded.,mean_seed_selective_error_rate,0.1,0.10536044362292052,57,541,0.0,0.0,0.0,5,results/reviewer1_remaining/reliability_calibration/development/raw_parts/ReliabilityShift-boundary-030-calibration-development__rel_b020_l20_e1e8.csv.gz
ReliabilityShift-boundary-030-calibration-development,rel_b020_l5_e1e4,0.2,5.0,0.0001,post_shift_changed_region,value_error,Evaluation rows with analytic full-action Q*: target=1 means the tabular Q-vector RMSE is lower than the neural Q-vector RMSE. Numerical ties are excluded.,mean_seed_selective_error_rate,1.0,1.0,541,541,0.3702138233046262,0.32764415350661036,0.424103997336958,5,results/reviewer1_remaining/reliability_calibration/development/raw_parts/ReliabilityShift-boundary-030-calibration-development__rel_b020_l5_e1e4.csv.gz
ReliabilityShift-boundary-030-calibration-development,rel_b020_l5_e1e4,0.2,5.0,0.0001,post_shift_changed_region,value_error,Evaluation rows with analytic full-action Q*: target=1 means the tabular Q-vector RMSE is lower than the neural Q-vector RMSE. Numerical ties are excluded.,mean_seed_selective_error_rate,0.9,0.9038817005545287,489,541,0.36545148524888404,0.30071721850579786,0.4319860221316249,5,results/reviewer1_remaining/reliability_calibration/development/raw_parts/ReliabilityShift-boundary-030-calibration-development__rel_b020_l5_e1e4.csv.gz
ReliabilityShift-boundary-030-calibration-development,rel_b020_l5_e1e4,0.2,5.0,0.0001,post_shift_changed_region,value_error,Evaluation rows with analytic full-action Q*: target=1 means the tabular Q-vector RMSE is lower than the neural Q-vector RMSE. Numerical ties are excluded.,mean_seed_selective_error_rate,0.8,0.8059149722735675,436,541,0.3473240794293425,0.27284364758048973,0.42180451127819546,5,results/reviewer1_remaining/reliability_calibration/development/raw_parts/ReliabilityShift-boundary-030-calibration-development__rel_b020_l5_e1e4.csv.gz
ReliabilityShift-boundary-030-calibration-development,rel_b020_l5_e1e4,0.2,5.0,0.0001,post_shift_changed_region,value_error,Evaluation rows with analytic full-action Q*: target=1 means the tabular Q-vector RMSE is lower than the neural Q-vector RMSE. Numerical ties are excluded.,mean_seed_selective_error_rate,0.7,0.7042513863216266,381,541,0.3203174380767866,0.24973997254842156,0.39089490360515156,5,results/reviewer1_remaining/reliability_calibration/development/raw_parts/ReliabilityShift-boundary-030-calibration-development__rel_b020_l5_e1e4.csv.gz
ReliabilityShift-boundary-030-calibration-development,rel_b020_l5_e1e4,0.2,5.0,0.0001,post_shift_changed_region,value_error,Evaluation rows with analytic full-action Q*: target=1 means the tabular Q-vector RMSE is lower than the neural Q-vector RMSE. Numerical ties are excluded.,mean_seed_selective_error_rate,0.6,0.6044362292051756,327,541,0.28550691835914,0.2226353546113281,0.34488498240907417,5,results/reviewer1_remaining/reliability_calibration/development/raw_parts/ReliabilityShift-boundary-030-calibration-development__rel_b020_l5_e1e4.csv.gz
ReliabilityShift-boundary-030-calibration-development,rel_b020_l5_e1e4,0.2,5.0,0.0001,post_shift_changed_region,value_error,Evaluation rows with analytic full-action Q*: target=1 means the tabular Q-vector RMSE is lower than the neural Q-vector RMSE. Numerical ties are excluded.,mean_seed_selective_error_rate,0.5,0.5009242144177449,271,541,0.25144997226345567,0.19859786362908574,0.30742814483016057,5,results/reviewer1_remaining/reliability_calibration/development/raw_parts/ReliabilityShift-boundary-030-calibration-development__rel_b020_l5_e1e4.csv.gz
ReliabilityShift-boundary-030-calibration-development,rel_b020_l5_e1e4,0.2,5.0,0.0001,post_shift_changed_region,value_error,Evaluation rows with analytic full-action Q*: target=1 means the tabular Q-vector RMSE is lower than the neural Q-vector RMSE. Numerical ties are excluded.,mean_seed_selective_error_rate,0.3999999999999999,0.4048059149722736,219,541,0.1781008681123098,0.12458937198067635,0.23226544622425632,5,results/reviewer1_remaining/reliability_calibration/development/raw_parts/ReliabilityShift-boundary-030-calibration-development__rel_b020_l5_e1e4.csv.gz
ReliabilityShift-boundary-030-calibration-development,rel_b020_l5_e1e4,0.2,5.0,0.0001,post_shift_changed_region,value_error,Evaluation rows with analytic full-action Q*: target=1 means the tabular Q-vector RMSE is lower than the neural Q-vector RMSE. Numerical ties are excluded.,mean_seed_selective_error_rate,0.29999999999999993,0.3049907578558225,165,541,0.132868492224476,0.06274509803921571,0.219683908045977,5,results/reviewer1_remaining/reliability_calibration/development/raw_parts/ReliabilityShift-boundary-030-calibration-development__rel_b020_l5_e1e4.csv.gz
ReliabilityShift-boundary-030-calibration-development,rel_b020_l5_e1e4,0.2,5.0,0.0001,post_shift_changed_region,value_error,Evaluation rows with analytic full-action Q*: target=1 means the tabular Q-vector RMSE is lower than the neural Q-vector RMSE. Numerical ties are excluded.,mean_seed_selective_error_rate,0.19999999999999996,0.2033271719038817,110,541,0.06032472485561731,0.008695652173913038,0.13583959899749373,5,results/reviewer1_remaining/reliability_calibration/development/raw_parts/ReliabilityShift-boundary-030-calibration-development__rel_b020_l5_e1e4.csv.gz
ReliabilityShift-boundary-030-calibration-development,rel_b020_l5_e1e4,0.2,5.0,0.0001,post_shift_changed_region,value_error,Evaluation rows with analytic full-action Q*: target=1 means the tabular Q-vector RMSE is lower than the neural Q-vector RMSE. Numerical ties are excluded.,mean_seed_selective_error_rate,0.1,0.10536044362292052,57,541,0.0,0.0,0.0,5,results/reviewer1_remaining/reliability_calibration/development/raw_parts/ReliabilityShift-boundary-030-calibration-development__rel_b020_l5_e1e4.csv.gz
ReliabilityShift-boundary-030-calibration-development,rel_b020_l5_e1e8,0.2,5.0,1e-08,post_shift_changed_region,value_error,Evaluation rows with analytic full-action Q*: target=1 means the tabular Q-vector RMSE is lower than the neural Q-vector RMSE. Numerical ties are excluded.,mean_seed_selective_error_rate,1.0,1.0,541,541,0.3702138233046262,0.32764415350661036,0.424103997336958,5,results/reviewer1_remaining/reliability_calibration/development/raw_parts/ReliabilityShift-boundary-030-calibration-development__rel_b020_l5_e1e8.csv.gz
ReliabilityShift-boundary-030-calibration-development,rel_b020_l5_e1e8,0.2,5.0,1e-08,post_shift_changed_region,value_error,Evaluation rows with analytic full-action Q*: target=1 means the tabular Q-vector RMSE is lower than the neural Q-vector RMSE. Numerical ties are excluded.,mean_seed_selective_error_rate,0.9,0.9038817005545287,489,541,0.36545148524888404,0.30071721850579786,0.4322035722222872,5,results/reviewer1_remaining/reliability_calibration/development/raw_parts/ReliabilityShift-boundary-030-calibration-development__rel_b020_l5_e1e8.csv.gz
ReliabilityShift-boundary-030-calibration-development,rel_b020_l5_e1e8,0.2,5.0,1e-08,post_shift_changed_region,value_error,Evaluation rows with analytic full-action Q*: target=1 means the tabular Q-vector RMSE is lower than the neural Q-vector RMSE. Numerical ties are excluded.,mean_seed_selective_error_rate,0.8,0.8059149722735675,436,541,0.3473240794293425,0.2792288413341045,0.4204260651629072,5,results/reviewer1_remaining/reliability_calibration/development/raw_parts/ReliabilityShift-boundary-030-calibration-development__rel_b020_l5_e1e8.csv.gz
ReliabilityShift-boundary-030-calibration-development,rel_b020_l5_e1e8,0.2,5.0,1e-08,post_shift_changed_region,value_error,Evaluation rows with analytic full-action Q*: target=1 means the tabular Q-vector RMSE is lower than the neural Q-vector RMSE. Numerical ties are excluded.,mean_seed_selective_error_rate,0.7,0.7042513863216266,381,541,0.3203174380767866,0.24973997254842156,0.39089490360515156,5,results/reviewer1_remaining/reliability_calibration/development/raw_parts/ReliabilityShift-boundary-030-calibration-development__rel_b020_l5_e1e8.csv.gz
ReliabilityShift-boundary-030-calibration-development,rel_b020_l5_e1e8,0.2,5.0,1e-08,post_shift_changed_region,value_error,Evaluation rows with analytic full-action Q*: target=1 means the tabular Q-vector RMSE is lower than the neural Q-vector RMSE. Numerical ties are excluded.,mean_seed_selective_error_rate,0.6,0.6044362292051756,327,541,0.28550691835914,0.2200786417853527,0.34486215538847115,5,results/reviewer1_remaining/reliability_calibration/development/raw_parts/ReliabilityShift-boundary-030-calibration-development__rel_b020_l5_e1e8.csv.gz
ReliabilityShift-boundary-030-calibration-development,rel_b020_l5_e1e8,0.2,5.0,1e-08,post_shift_changed_region,value_error,Evaluation rows with analytic full-action Q*: target=1 means the tabular Q-vector RMSE is lower than the neural Q-vector RMSE. Numerical ties are excluded.,mean_seed_selective_error_rate,0.5,0.5009242144177449,271,541,0.25144997226345567,0.1996941506308143,0.30742814483016057,5,results/reviewer1_remaining/reliability_calibration/development/raw_parts/ReliabilityShift-boundary-030-calibration-development__rel_b020_l5_e1e8.csv.gz
ReliabilityShift-boundary-030-calibration-development,rel_b020_l5_e1e8,0.2,5.0,1e-08,post_shift_changed_region,value_error,Evaluation rows with analytic full-action Q*: target=1 means the tabular Q-vector RMSE is lower than the neural Q-vector RMSE. Numerical ties are excluded.,mean_seed_selective_error_rate,0.3999999999999999,0.4048059149722736,219,541,0.1781008681123098,0.12743961352657007,0.23054124895572256,5,results/reviewer1_remaining/reliability_calibration/development/raw_parts/ReliabilityShift-boundary-030-calibration-development__rel_b020_l5_e1e8.csv.gz
ReliabilityShift-boundary-030-calibration-development,rel_b020_l5_e1e8,0.2,5.0,1e-08,post_shift_changed_region,value_error,Evaluation rows with analytic full-action Q*: target=1 means the tabular Q-vector RMSE is lower than the neural Q-vector RMSE. Numerical ties are excluded.,mean_seed_selective_error_rate,0.29999999999999993,0.3049907578558225,165,541,0.132868492224476,0.06274509803921571,0.219683908045977,5,results/reviewer1_remaining/reliability_calibration/development/raw_parts/ReliabilityShift-boundary-030-calibration-development__rel_b020_l5_e1e8.csv.gz
ReliabilityShift-boundary-030-calibration-development,rel_b020_l5_e1e8,0.2,5.0,1e-08,post_shift_changed_region,value_error,Evaluation rows with analytic full-action Q*: target=1 means the tabular Q-vector RMSE is lower than the neural Q-vector RMSE. Numerical ties are excluded.,mean_seed_selective_error_rate,0.19999999999999996,0.2033271719038817,110,541,0.06032472485561731,0.008695652173913038,0.13583959899749373,5,results/reviewer1_remaining/reliability_calibration/development/raw_parts/ReliabilityShift-boundary-030-calibration-development__rel_b020_l5_e1e8.csv.gz
ReliabilityShift-boundary-030-calibration-development,rel_b020_l5_e1e8,0.2,5.0,1e-08,post_shift_changed_region,value_error,Evaluation rows with analytic full-action Q*: target=1 means the tabular Q-vector RMSE is lower than the neural Q-vector RMSE. Numerical ties are excluded.,mean_seed_selective_error_rate,0.1,0.10536044362292052,57,541,0.0,0.0,0.0,5,results/reviewer1_remaining/reliability_calibration/development/raw_parts/ReliabilityShift-boundary-030-calibration-development__rel_b020_l5_e1e8.csv.gz
