environment,agent,metric,n_seeds,minimum,maximum,median,mad,skew,excess_kurtosis,catastrophic_low_outliers,catastrophic_high_outliers,heavy_tail_flag
CliffWalking-v1,development_selected_dqn,return_auc,30,-19062.5,-500.0,-500.0,0.0,-3.7627631033142124,15.753789180524898,0,0,True
CliffWalking-v1,development_selected_dqn,mean_return,30,-500.0,-500.0,-500.0,0.0,0.0,0.0,0,0,False
FourRooms-7-unseen-goals,development_selected_dqn,return_auc,30,-1.8696111111111122,-1.3321666666666678,-1.6732222222222233,0.054472222222222144,0.7811810567977233,1.4939839813517723,0,0,False
FourRooms-7-unseen-goals,development_selected_dqn,mean_return,30,-1.7536666666666678,-1.0936666666666675,-1.5420000000000011,0.13033333333333352,0.6254957484027109,0.06456877452359233,0,0,False
FourRooms-9-slip-unseen-goals,development_selected_dqn,return_auc,30,-2.474500000000001,-2.0140000000000002,-2.2264000000000004,0.06478333333333319,-0.23027848936016654,0.20954897883348345,0,0,False
FourRooms-9-slip-unseen-goals,development_selected_dqn,mean_return,30,-2.6266666666666674,-1.361,-2.0493333333333337,0.18883333333333308,0.4570358739185857,-0.15681431041081106,0,0,False
FrozenLake-v1,development_selected_dqn,return_auc,30,0.0375,0.3958333333333333,0.16041666666666665,0.0625,0.7803583520257883,0.03955791201830472,0,0,False
FrozenLake-v1,development_selected_dqn,mean_return,30,0.0,0.7333333333333333,0.21666666666666667,0.15,1.0726126693161233,1.102858119621061,0,0,False
